subject,relation,timestamp,winner,runner,correct,rank,neural_margin,neural_max,neural_softmax,support,log_support,recency,diversity,fragility_cost,counter_evidence_cost,certificate,evidence_alignment,belief_baseline,belief_stability
1426.0,115.0,28.0,328.0,150.0,0.0,32.0,2.1573538780212402,4.3658671379089355,0.6687633922015572,0.0,0.0,0.0,0.0,0.0,0.0,0.0,0.0,0.23659029853508687,0.1870087155032742
1426.0,6.0,325.0,235.0,5158.0,0.0,3.0,0.5003950595855713,2.8862669467926025,0.37336764824573293,0.0,0.0,0.0,0.0,0.0,0.0,0.0,0.0,0.11918737538591635,0.10197407365478113
1426.0,160.0,204.0,2671.0,4185.0,0.0,133.0,1.0628294944763184,5.458011627197266,0.48102263092324016,0.0,0.0,0.0,0.0,0.0,0.0,0.0,0.0,0.1357684982348075,0.1074349273386506
1426.0,38.0,175.0,5037.0,6122.0,0.0,1958.0,0.32422590255737305,2.74661922454834,0.4889008126129518,0.0,0.0,0.0,0.0,0.0,0.0,0.0,0.0,0.14988926829677668,0.12796579055364557
1426.0,8.0,19.0,3697.0,7038.0,0.0,25.0,0.9537525177001953,3.2047958374023438,0.4873804674242723,0.0,0.0,0.0,0.0,0.0,0.0,0.0,0.0,0.1561455631552451,0.13024176631878462
5395.0,56.0,90.0,3262.0,3922.0,0.0,10.0,4.493119716644287,10.216530799865723,0.9861351418558812,0.0,0.0,0.0,0.0,0.0,0.0,0.0,0.0,0.3741380957103559,0.25742589262424115
5395.0,56.0,135.0,1077.0,5395.0,1.0,1.0,5.850545883178711,21.612398147583008,0.9971293203255236,9.0,2.302585092994046,0.9803906099397734,0.5530588034494492,0.8240936269645066,0.631742808827668,0.6885762152069779,1.0,0.24425094730209398,0.44022930486370926
5395.0,56.0,315.0,1077.0,1161.0,1.0,1.0,1.8080310821533203,10.259727478027344,0.8340674061072161,18.0,2.9444389791664403,0.6597539553864471,0.4995684532232778,0.5004315467767222,0.28822715608119026,0.5,1.0,0.22320651652801346,0.44795294806155794
5395.0,142.0,50.0,711.0,7038.0,0.0,5.0,0.8572187423706055,13.516097068786621,0.6976172105735086,3.0,1.3862943611198906,0.9803906099397734,0.3464866269981337,0.6535133730018663,0.2520710857327487,0.5,1.0,0.12562961960282373,0.21578314431810497
5395.0,142.0,115.0,3155.0,711.0,0.0,2.0,7.681310176849365,13.006255149841309,0.9990463296324789,0.0,0.0,0.0,0.0,0.0,0.0,0.0,0.0,0.43676144468397443,0.27786735180344435
5395.0,142.0,155.0,1077.0,5527.0,0.0,4.0,8.096176147460938,16.193302154541016,0.9996266569135022,0.0,0.0,0.0,0.0,0.0,0.0,0.0,0.0,0.3947091984767432,0.22894077899027893
5395.0,142.0,361.0,711.0,5527.0,0.0,2.0,2.043085813522339,5.83508825302124,0.8311797475229278,15.0,2.772588722239781,0.597554769985219,0.13467019523667167,0.0,0.0,0.06733509761833584,0.0,0.28865491431743406,0.23951829089030888
5395.0,142.0,94.0,5527.0,1183.0,0.0,3.0,2.310695171356201,6.879290580749512,0.8335848842045902,0.0,0.0,0.0,0.0,0.0,0.0,0.0,0.0,0.28180083149052615,0.21081882441340985
5395.0,158.0,114.0,1077.0,567.0,0.0,22.0,1.1372671127319336,12.007210731506348,0.6775616125095842,0.0,0.0,0.0,0.0,0.0,0.0,0.0,0.0,0.13688694929465794,0.09191227299884389
5395.0,38.0,97.0,1503.0,5395.0,0.0,10.0,2.2356796264648438,8.678823471069336,0.7845161016826684,12.0,2.5649493574615367,0.9803906099397734,0.8106626023499346,0.7829539097744402,0.6359407482790038,0.7968082560621874,1.0,0.23250786984818655,0.5880595584072227
5395.0,38.0,99.0,62.0,4283.0,0.0,32.0,1.16387939453125,9.171892166137695,0.6639077885701365,0.0,0.0,0.0,0.0,0.0,0.0,0.0,0.0,0.15903520609052954,0.11433467066441301
5395.0,38.0,237.0,1503.0,2243.0,1.0,1.0,3.3296117782592773,11.870536804199219,0.9500829220312795,22.0,3.1354942159291497,0.8705505632961241,0.7613476917879485,0.523776492685626,0.35182722427741225,0.6425620922367872,1.0,0.29350379386693826,0.5691989887608383
5395.0,38.0,213.0,5395.0,4468.0,0.0,5.0,2.771088123321533,8.951953887939453,0.8687516177378027,0.0,0.0,0.0,0.0,0.0,0.0,0.0,0.0,0.28117955398476563,0.1995258242005966
5395.0,38.0,350.0,5474.0,1503.0,0.0,1.0,2.4624993801116943,6.067119598388672,0.808413667844403,4.0,1.6094379124341003,1.0,0.43041579422808285,0.0,0.0,0.21520789711404142,0.0,0.28559489732859294,0.23647798183729243
5395.0,38.0,281.0,1503.0,5474.0,1.0,1.0,2.2186012268066406,12.869077682495117,0.8970652178335707,24.0,3.2188758248682006,0.4711589369959404,0.629583649820099,0.5206679414220355,0.3244914645561684,0.5751257956210672,1.0,0.2264128600853162,0.4904487802918616
5395.0,38.0,229.0,5423.0,1503.0,0.0,5.0,0.12198638916015625,11.987686157226562,0.40018406481531954,0.0,0.0,0.0,0.0,0.0,0.0,0.0,0.0,0.06626030235324512,0.04624393936641935
5395.0,38.0,192.0,1503.0,1121.0,0.0,5.0,0.8820958137512207,6.291240215301514,0.6219094314089458,19.0,2.995732273553991,0.7284274237469965,0.7944102752490316,0.5428947648411643,0.3627705474164189,0.6686525200450979,1.0,0.1685176119475978,0.4722367057254842
5395.0,207.0,177.0,1077.0,6635.0,0.0,33.0,2.395270347595215,15.196815490722656,0.9144060552203405,1.0,0.6931471805599453,0.16493848884661177,0.0,0.0,0.0,0.0,0.0,0.20890654725066407,0.12644509023186715
5395.0,207.0,305.0,5395.0,6407.0,0.0,8.0,4.412603378295898,10.321982383728027,0.9816769289425311,0.0,0.0,0.0,0.0,0.0,0.0,0.0,0.0,0.3673116210577587,0.25195132475013954
5395.0,160.0,270.0,4407.0,1503.0,0.0,66.0,1.2511043548583984,9.543152809143066,0.6864127777926039,2.0,1.0986122886681098,0.10881882041201553,0.4752649511825976,0.0,0.0,0.2376324755912988,0.0,0.16434034747562434,0.16995001222469666
5395.0,160.0,66.0,776.0,711.0,0.0,910.0,3.403378486633301,12.657583236694336,0.9646990265429699,0.0,0.0,0.0,0.0,0.0,0.0,0.0,0.0,0.29106547054612714,0.1886845860480923
5395.0,115.0,339.0,1077.0,6890.0,1.0,1.0,2.664247512817383,13.49873161315918,0.9183822162575617,0.0,0.0,0.0,0.0,0.0,0.0,0.0,0.0,0.23818674345516722,0.1514314548997365
5395.0,115.0,313.0,3262.0,711.0,0.0,6.0,6.228262901306152,14.148097038269043,0.9962640350839044,1.0,0.6931471805599453,0.0025771638882283094,0.0,0.0,0.0,0.0,0.0,0.3681552735725502,0.23575411790526038
5395.0,42.0,90.0,5395.0,5474.0,0.0,18.0,5.667494773864746,7.757594585418701,0.9871627133971543,0.0,0.0,0.0,0.0,0.0,0.0,0.0,0.0,0.4563034212291655,0.33277046941148464
5395.0,53.0,289.0,5395.0,3871.0,0.0,7.0,7.972893714904785,17.34552764892578,0.9992749673670559,0.0,0.0,0.0,0.0,0.0,0.0,0.0,0.0,0.37086856297908904,0.2077372174335798
5395.0,222.0,152.0,1503.0,927.0,0.0,1071.0,0.14118528366088867,4.969432830810547,0.44463325575839663,1.0,0.6931471805599453,0.5100008047105996,0.0,0.0,0.0,0.0,0.0,0.11631404965262446,0.0841672290246105
5395.0,150.0,27.0,3262.0,5474.0,0.0,31.0,0.15018367767333984,8.612115859985352,0.31615059588607114,0.0,0.0,0.0,0.0,0.0,0.0,0.0,0.0,0.06914490544522112,0.05260675270553138
5395.0,47.0,244.0,711.0,5395.0,0.0,14.0,1.7853055000305176,8.315156936645508,0.7877798103674623,0.0,0.0,0.0,0.0,0.0,0.0,0.0,0.0,0.22777765890854695,0.16552686019022622
4702.0,53.0,304.0,956.0,6155.0,0.0,5.0,6.628846168518066,16.984785079956055,0.9981964405023078,49.0,3.912023005428146,0.7884782461155736,0.7204276796022973,0.5751720247760093,0.39581692948114705,0.6477998521891533,1.0,0.33476964432923223,0.5879890720481903
4702.0,53.0,12.0,1077.0,956.0,0.0,7.0,4.541704177856445,15.996651649475098,0.9744660442961506,0.0,0.0,0.0,0.0,0.0,0.0,0.0,0.0,0.2779774922616339,0.16329494692005161
4702.0,53.0,112.0,4187.0,956.0,0.0,23.0,2.3923158645629883,8.086959838867188,0.8666878006003499,1.0,0.6931471805599453,0.30475341355111885,0.0,0.0,0.0,0.0,0.0,0.2824829525662513,0.1959395290221873
4702.0,53.0,207.0,3222.0,2243.0,0.0,1.0,1.2876100540161133,7.817194938659668,0.6291721430012741,1.0,0.6931471805599453,1.0,0.0,0.0,0.0,0.0,0.0,0.16323965977069865,0.09133098817716225
4702.0,53.0,6.0,6017.0,127.0,0.0,2.0,4.32875394821167,12.195416450500488,0.9750103524673366,0.0,0.0,0.0,0.0,0.0,0.0,0.0,0.0,0.33030669669168183,0.21557010767836784
4702.0,53.0,50.0,956.0,3155.0,1.0,1.0,7.857084274291992,23.66041374206543,0.9996090690422654,4.0,1.6094379124341003,0.9803906099397734,0.5429006737087521,0.45709932629124794,1.1461727325443685e-05,0.5,1.0,0.2688386730281461,0.28693861199448284
4702.0,53.0,59.0,4187.0,956.0,0.0,3.0,1.523421287536621,10.773458480834961,0.78651649007522,1.0,0.6931471805599453,0.8705505632961241,0.0,0.0,0.0,0.0,0.0,0.1919596573623376,0.10423310514955066
4702.0,53.0,32.0,956.0,3155.0,0.0,59.5,8.116986274719238,14.429755210876465,0.9994422067446662,3.0,1.3862943611198906,0.9803906099397734,0.3181013659290306,0.0,0.0,0.1590506829645153,0.0,0.42616497143306903,0.26204220493474406
4702.0,53.0,25.0,4319.0,956.0,0.0,2.0,2.5147809982299805,13.327174186706543,0.9223275810295141,0.0,0.0,0.0,0.0,0.0,0.0,0.0,0.0,0.23849878845879027,0.1526342021017147
4702.0,53.0,111.0,956.0,2281.0,0.0,3.0,0.5755953788757324,7.704933166503906,0.47731917072697316,11.0,2.4849066497880004,0.8042490800314893,0.7212649291419853,0.2787350708580148,0.10498936805167615,0.5,1.0,0.11023356259982532,0.26546917118384195
4702.0,53.0,237.0,3341.0,2617.0,0.0,4.0,1.1573047637939453,13.584898948669434,0.6313368522305458,6.0,1.9459101490553132,0.4528618321319533,0.3733326878028258,0.0,0.0,0.1866663439014129,0.0,0.11261709398443756,0.09487814401262647
4702.0,53.0,55.0,2315.0,3155.0,0.0,5.0,4.281824111938477,16.099945068359375,0.9832443857562525,0.0,0.0,0.0,0.0,0.0,0.0,0.0,0.0,0.2736905429327763,0.16086821346030716
4702.0,155.0,159.0,929.0,3262.0,0.0,13.0,0.973750114440918,12.557132720947266,0.6668904506724068,0.0,0.0,0.0,0.0,0.0,0.0,0.0,0.0,0.1268587024745402,0.08433254565553729
4702.0,155.0,235.0,956.0,3155.0,0.0,4.0,2.047633171081543,9.53384017944336,0.8095907167913654,0.0,0.0,0.0,0.0,0.0,0.0,0.0,0.0,0.22774128359740442,0.16020264879320464
4702.0,155.0,11.0,3155.0,3159.0,0.0,7.0,7.728994369506836,19.362945556640625,0.9995247086174905,0.0,0.0,0.0,0.0,0.0,0.0,0.0,0.0,0.33027960916413523,0.1740298263663312
4702.0,155.0,218.0,3155.0,2154.0,0.0,5.0,2.8159937858581543,10.715225219726562,0.9047886071268298,9.0,2.302585092994046,0.6864101813026526,0.3853220389267046,0.0,0.0,0.1926610194633523,0.0,0.27420967382266626,0.2258578429431981
4702.0,155.0,311.0,956.0,5092.0,0.0,3.0,0.08209991455078125,6.351566791534424,0.3542984652956459,0.0,0.0,0.0,0.0,0.0,0.0,0.0,0.0,0.08678581345397529,0.06944151474881179
4702.0,115.0,62.0,359.0,3341.0,0.0,5.0,0.06664419174194336,7.156548976898193,0.25975644600643877,0.0,0.0,0.0,0.0,0.0,0.0,0.0,0.0,0.0665023214010952,0.05273155115121497
4702.0,127.0,310.0,711.0,3155.0,0.0,5.0,2.9512224197387695,11.247406005859375,0.8435353054187432,0.0,0.0,0.0,0.0,0.0,0.0,0.0,0.0,0.2420986293436024,0.1615380407761691
4702.0,127.0,143.0,3155.0,711.0,0.0,177.0,5.898502349853516,18.947175979614258,0.9972516543692242,5.0,1.791759469228055,0.23557946849797018,0.576704795725862,0.0,0.0,0.288352397862931,0.0,0.2829691341069134,0.23264578637766617
4702.0,127.0,65.0,3262.0,3155.0,0.0,3.0,2.587557792663574,12.523767471313477,0.9202089071925854,2.0,1.0986122886681098,0.9057236642639067,0.0,0.0,0.0,0.0,0.0,0.2501093672167927,0.1319211954458847
4702.0,127.0,306.0,956.0,3155.0,0.0,14.0,4.431255340576172,21.854923248291016,0.9873653083771455,33.0,3.5263605246161616,1.0,0.5848851618622224,0.41511483813777766,0.17891052454814846,0.5,1.0,0.20383633420937605,0.306839166386398
4702.0,169.0,343.0,3566.0,3341.0,0.0,189.0,0.1167745590209961,13.951848030090332,0.49736928913709166,0.0,0.0,0.0,0.0,0.0,0.0,0.0,0.0,0.0721358021684742,0.04766595087001952
4702.0,169.0,255.0,3155.0,3411.0,0.0,16.0,4.176717281341553,10.961187362670898,0.9749325594560726,0.0,0.0,0.0,0.0,0.0,0.0,0.0,0.0,0.3456565139283771,0.23325550997905697
4702.0,160.0,328.0,3155.0,3341.0,1.0,1.0,17.019222259521484,28.114646911621094,0.9999999498940378,135.0,4.912654885736052,0.9803906099397734,0.8719058986550672,0.9387457065469451,0.870578756075856,0.9053258026010061,1.0,0.47918043871818444,0.7379859067463245
4702.0,160.0,362.0,3155.0,3262.0,1.0,1.0,3.725198745727539,17.052188873291016,0.974165359012057,151.0,5.0238805208462765,0.9803906099397734,0.8376796668389039,0.9373008692699333,0.8671592350164512,0.8874902680544186,1.0,0.24194412665081724,0.6424339423590018
4702.0,160.0,260.0,3155.0,5736.0,1.0,1.0,17.282484531402588,24.401269912719727,0.999999958067108,112.0,4.727387818712341,0.9803906099397734,0.8224490894510623,0.8893730262083047,0.7941774782247543,0.8559110578296836,1.0,0.5550517899655433,0.7835554698112623
4702.0,160.0,188.0,3155.0,2290.0,1.0,1.0,4.070829391479492,19.23003578186035,0.9827564977972766,83.0,4.430816798843313,0.8705505632961241,0.8488088847039483,0.840877356190117,0.7149916337420523,0.8448431204470327,1.0,0.22578105351251146,0.5707097330670913
4702.0,160.0,86.0,5924.0,3341.0,0.0,7.0,0.4562654495239258,5.163524627685547,0.5662949138441994,0.0,0.0,0.0,0.0,0.0,0.0,0.0,0.0,0.15366934052858813,0.12338378260579994
4702.0,160.0,5.0,3155.0,4319.0,1.0,1.0,8.448275566101074,19.64139175415039,0.99977107892287,1.0,0.6931471805599453,0.9803906099397734,0.0,1.0,0.99999999999898,0.5,1.0,0.3476832457355243,0.5040914141302706
4702.0,160.0,200.0,3155.0,2460.0,1.0,1.0,10.346535682678223,16.518169403076172,0.9999315654020281,90.0,4.51085950651685,0.9803906099397734,0.7974055962256859,0.8877416271943132,0.7901228336594466,0.8425736117099996,1.0,0.463541230128504,0.7783256469012444
4702.0,160.0,215.0,3155.0,2083.0,1.0,1.0,14.271559715270996,23.91452980041504,0.9999993404179205,93.0,4.543294782270004,0.9803906099397734,0.8263625591270078,0.9037867966369909,0.8173816440346399,0.8650746778819993,1.0,0.4623865904209022,0.7355866230657536
4702.0,160.0,113.0,3341.0,3159.0,0.0,3.0,0.6434030532836914,9.679200172424316,0.5382107191623058,1.0,0.6931471805599453,0.20508383900190946,0.0,0.0,0.0,0.0,0.0,0.1115111455282206,0.07869392580696769
4702.0,160.0,363.0,3155.0,2290.0,1.0,1.0,11.89364242553711,29.62787437438965,0.9999921119917259,151.0,5.0238805208462765,0.9611657480580811,0.8376796668389039,0.9373008692699331,0.8671592350164502,0.8874902680544186,1.0,0.2919608348807592,0.5803569219700259
4702.0,160.0,171.0,3155.0,3159.0,1.0,1.0,4.547842025756836,11.058552742004395,0.9888002340174015,79.0,4.382026634673881,0.9803906099397734,0.8170003503332658,0.8074001371427569,0.6650712602666835,0.8122002437380114,1.0,0.3631670969625517,0.7331033403782218
4702.0,160.0,104.0,3155.0,711.0,1.0,1.0,2.5472412109375,22.628273010253906,0.9272401551360148,49.0,3.912023005428146,0.8879629756445782,0.8658095325487174,0.8088045696412308,0.6519701616842339,0.837307051094974,1.0,0.13966541461633267,0.39580089952351544
4702.0,103.0,77.0,956.0,4702.0,0.0,9.0,3.3057727813720703,18.360069274902344,0.942455091231636,4.0,1.6094379124341003,1.0,0.544441868712635,0.455558131287365,0.2941106832501434,0.5,1.0,0.20264380014778247,0.3167457742764294
4702.0,103.0,195.0,3341.0,956.0,1.0,1.0,2.779195785522461,19.37370491027832,0.9404596958843999,3.0,1.3862943611198906,0.9803906099397734,0.07549563532764658,0.0,0.0,0.03774781766382329,0.0,0.17957385083262545,0.08191833231494715
4702.0,103.0,322.0,956.0,4702.0,0.0,2.0,0.1941823959350586,14.134855270385742,0.5477612404559847,19.0,2.995732273553991,1.0,0.7351150847087391,0.5245755989575055,0.27454383490335943,0.6298453418331222,1.0,0.08049095839671982,0.20849739318118984
4702.0,103.0,95.0,956.0,3262.0,1.0,1.0,6.667272567749023,12.41658878326416,0.9982244830591657,5.0,1.791759469228055,0.9803906099397734,0.6710675819237283,0.6068897291515031,0.4348772308258907,0.6389786555376157,1.0,0.4132114829317062,0.6387274747713513
4702.0,156.0,192.0,3159.0,3155.0,0.0,11.0,11.27755069732666,22.60503578186035,0.9999822979624825,0.0,0.0,0.0,0.0,0.0,0.0,0.0,0.0,0.38680361561279925,0.18454142350237582
4702.0,156.0,68.0,3159.0,3341.0,0.0,30.0,2.097095489501953,19.704051971435547,0.8863726622502286,0.0,0.0,0.0,0.0,0.0,0.0,0.0,0.0,0.1460777856440069,0.0793781193842816
4702.0,158.0,286.0,3155.0,2290.0,1.0,1.0,9.874896049499512,20.661470413208008,0.9999442872859392,21.0,3.091042453358316,0.5100008047105996,0.6547519497720664,0.7016775468239996,0.48290857936276305,0.678214748298033,1.0,0.3752423949755417,0.6098216355191171
4702.0,158.0,218.0,3155.0,5046.0,1.0,1.0,4.770187854766846,11.926875114440918,0.9865247845868718,20.0,3.044522437723423,0.9803906099397734,0.7192746481379919,0.544373325990319,0.3049980566372474,0.6318239870641554,1.0,0.3543597955695358,0.5967330523209092
4702.0,105.0,100.0,1167.0,359.0,0.0,4.0,0.056200504302978516,4.870316982269287,0.28273200532181625,0.0,0.0,0.0,0.0,0.0,0.0,0.0,0.0,0.08149271384695146,0.06795368316175109
4702.0,162.0,167.0,956.0,2266.0,1.0,1.0,0.4664459228515625,5.466256141662598,0.5177283107640696,2.0,1.0986122886681098,0.6597539553864471,0.0,1.0,0.2657937387725029,0.5,1.0,0.13661753228565526,0.25470052074171085
4702.0,162.0,149.0,5421.0,920.0,0.0,11.0,0.3425626754760742,8.508380889892578,0.4070316968560994,0.0,0.0,0.0,0.0,0.0,0.0,0.0,0.0,0.08727312532063448,0.06572802599877917
4702.0,56.0,51.0,3155.0,3341.0,1.0,1.0,5.81382942199707,17.39461898803711,0.994716155268349,2.0,1.0986122886681098,0.9803906099397734,0.4262755948188447,0.5737244051811553,0.4022535387025186,0.5,1.0,0.3026019309891727,0.4263397570858927
4950.0,142.0,322.0,7038.0,3786.0,0.0,1.0,6.233279228210449,13.453690528869629,0.995992753043305,3.0,1.3862943611198906,1.0,0.6450293090897684,0.7029806230824563,0.4836685934331112,0.6740049660861124,1.0,0.3799309006444477,0.6044197811388388
4950.0,103.0,319.0,1077.0,7038.0,0.0,3.0,2.0302765369415283,5.838345050811768,0.7008663740882968,0.0,0.0,0.0,0.0,0.0,0.0,0.0,0.0,0.22830730400522903,0.17488997959334684
4950.0,98.0,78.0,1077.0,3922.0,1.0,1.0,1.9206748008728027,9.804961204528809,0.8178565848562677,0.0,0.0,0.0,0.0,0.0,0.0,0.0,0.0,0.2247868790944398,0.1574196231210255
4950.0,207.0,320.0,1077.0,5421.0,1.0,1.0,6.742476940155029,13.83318042755127,0.998684569657977,2.0,1.0986122886681098,0.9238395952400507,0.0,1.0,0.879025801046558,0.5,1.0,0.3912679904361866,0.5820870795910099
4950.0,53.0,151.0,4950.0,2906.0,0.0,4150.0,4.840410962700844,4.763014316558838,0.9675654464009619,0.0,0.0,0.0,0.0,0.0,0.0,0.0,0.0,0.47066406646788705,0.3676724652859789
3724.0,150.0,204.0,1179.0,3450.0,1.0,1.0,4.804797649383545,8.91882610321045,0.9913660467207367,3.0,1.3862943611198906,0.26530325583334324,0.4765862038520806,0.0,0.0,0.2382931019260403,0.0,0.40955343891815305,0.38029226183138226
3724.0,160.0,141.0,2525.0,5195.0,0.0,5.0,0.6185839176177979,3.4492061138153076,0.5552332009830347,0.0,0.0,0.0,0.0,0.0,0.0,0.0,0.0,0.1698480867136252,0.141323891224842
3724.0,47.0,107.0,1179.0,3724.0,0.0,2.0,5.700038433074951,9.849363327026367,0.9955320702311578,1.0,0.6931471805599453,1.0,0.0,1.0,0.7616413404535081,0.5,1.0,0.42504317253424234,0.606499423095271
1145.0,115.0,159.0,1928.0,1145.0,0.0,405.0,1.8370227813720703,17.43412208557129,0.8574601536055941,0.0,0.0,0.0,0.0,0.0,0.0,0.0,0.0,0.1536580078813073,0.08891089359069315
1145.0,115.0,317.0,4185.0,4261.0,0.0,4662.0,2.425426483154297,10.874124526977539,0.7881168808891148,1.0,0.6931471805599453,0.6216979445974911,0.0,0.0,0.0,0.0,0.0,0.21101689163145823,0.12247272284631908
1145.0,115.0,51.0,2996.0,226.0,0.0,7.0,2.8619918823242188,13.804671287536621,0.9270373544315671,0.0,0.0,0.0,0.0,0.0,0.0,0.0,0.0,0.2428338764117033,0.15292248196279207
1145.0,65.0,249.0,1928.0,1353.0,0.0,18.0,0.15202713012695312,4.676415920257568,0.3784558881105063,0.0,0.0,0.0,0.0,0.0,0.0,0.0,0.0,0.10297585593967595,0.08528003692982175
1145.0,6.0,175.0,4185.0,6665.0,0.0,3.0,2.413909912109375,15.83434009552002,0.91443708139489,3.0,1.3862943611198906,0.21763764082403103,0.47066933211817485,0.0,0.0,0.23533466605908743,0.0,0.20179888378218533,0.17240178019397964
1145.0,6.0,146.0,1971.0,4451.0,0.0,69.0,2.9942941665649414,16.769750595092773,0.9343428242318301,7.0,2.0794415416798357,0.4528618321319533,0.42058129086309204,0.0,0.0,0.21029064543154602,0.0,0.21142170169113508,0.16423178806652636
1145.0,6.0,227.0,1971.0,1353.0,0.0,20.0,3.9265270233154297,20.419692993164062,0.9805059306377445,13.0,2.6390573296152584,0.9611657480580811,0.6350100960255873,0.5874101235120202,0.26140760675351743,0.6112101097688037,1.0,0.20695984480495974,0.34363106657830206
1145.0,6.0,72.0,4019.0,1971.0,0.0,2.0,0.6342716217041016,17.48394775390625,0.6527955405204733,0.0,0.0,0.0,0.0,0.0,0.0,0.0,0.0,0.08583613224744845,0.0509378750801839
1145.0,6.0,167.0,4451.0,1145.0,0.0,18.0,1.4172286987304688,6.579815864562988,0.639497166888151,0.0,0.0,0.0,0.0,0.0,0.0,0.0,0.0,0.18207790338223662,0.13856547294703453
1145.0,6.0,19.0,2683.0,1353.0,0.0,9.0,3.6222009658813477,17.105932235717773,0.9713731840005709,1.0,0.6931471805599453,0.8042490800314893,0.0,0.0,0.0,0.0,0.0,0.23747110350243616,0.11020808625368045
1145.0,53.0,321.0,226.0,5137.0,0.0,4.0,0.9003391265869141,7.450662136077881,0.6370521862635238,0.0,0.0,0.0,0.0,0.0,0.0,0.0,0.0,0.16230808062243296,0.12221508325920055
1145.0,8.0,174.0,2683.0,1928.0,0.0,13.0,8.835021018981934,17.755260467529297,0.9997291721225133,0.0,0.0,0.0,0.0,0.0,0.0,0.0,0.0,0.39162153952858825,0.21681835507528044
1145.0,127.0,349.0,2683.0,13.0,1.0,1.0,2.2949752807617188,10.528703689575195,0.8918195763794173,11.0,2.4849066497880004,0.9611657480580811,0.5803597343132773,0.6423041232176362,0.30417077084534844,0.6113319287654567,1.0,0.2570121190371072,0.4790649116072723
1145.0,56.0,85.0,1434.0,2683.0,0.0,1002.0,5.615506172180176,19.59396743774414,0.9959644473914083,1.0,0.6931471805599453,0.21763764082403103,0.0,0.0,0.0,0.0,0.0,0.2654230865510065,0.13675581050335062
1145.0,56.0,0.0,1183.0,4548.0,0.0,2.0,2.501389503479004,9.628066062927246,0.7954429863590878,0.0,0.0,0.0,0.0,0.0,0.0,0.0,0.0,0.23135552197142595,0.16122648946484455
1145.0,56.0,310.0,2683.0,4019.0,0.0,17.0,5.578926086425781,20.63953399658203,0.9957470771637911,12.0,2.5649493574615367,0.7284274237469965,0.5213883376255661,0.0,0.0,0.26069416881278307,0.0,0.24990205640584298,0.1733548008594436
1145.0,56.0,57.0,1971.0,6665.0,0.0,9.0,2.289783477783203,17.16260528564453,0.8922048778596916,1.0,0.6931471805599453,0.4439814878222891,0.0,0.0,0.0,0.0,0.0,0.17630230201692282,0.09239917144534354
1145.0,56.0,100.0,2683.0,1353.0,0.0,8.0,1.2180023193359375,11.72229290008545,0.7699806017215206,6.0,1.9459101490553132,0.8534795977333005,0.6349190372481862,0.6586969911819706,0.44151554599635295,0.6468080142150784,1.0,0.16978430041249098,0.39630298544667664
1145.0,56.0,315.0,4185.0,4019.0,0.0,3.0,0.5255126953125,12.746498107910156,0.4117472541723734,6.0,1.9459101490553132,0.36421371187349827,0.46345016599474487,0.0,0.0,0.23172508299737243,0.0,0.0679811306223926,0.06700598335733204
1145.0,56.0,309.0,4185.0,1971.0,0.0,59.0,4.138002395629883,14.377116203308105,0.9612779633671565,6.0,1.9459101490553132,0.410167678003819,0.463450165994745,0.0,0.0,0.2317250829973725,0.0,0.2842197695557475,0.23632346518050232
1145.0,56.0,199.0,2683.0,1434.0,0.0,215.0,0.3077116012573242,9.585495948791504,0.45086299327315627,9.0,2.302585092994046,0.8042490800314893,0.49829578708114297,0.0,0.0,0.24914789354057149,0.0,0.08911648452053454,0.08538495941759881
1145.0,56.0,124.0,1353.0,4019.0,0.0,511.0,2.4639320373535156,11.353463172912598,0.8502698157492086,2.0,1.0986122886681098,0.2987773849926094,0.4359895100305369,0.0,0.0,0.21799475501526844,0.0,0.23173488769964126,0.20428277209008608
1145.0,156.0,151.0,1928.0,2683.0,0.0,7076.0,3.7472105026245117,18.145401000976562,0.9769442373741138,11.0,2.4849066497880004,0.5520447568369061,0.6693192173943359,0.3306807826056641,0.004568821765677343,0.5,1.0,0.22943160793434847,0.36084199798837857
1145.0,156.0,363.0,4019.0,1434.0,0.0,111.0,1.7494564056396484,16.922637939453125,0.8381595693483087,4.0,1.6094379124341003,0.4183716916964515,0.07231128223047834,0.0,0.0,0.03615564111523917,0.0,0.1509064039367036,0.09072376150563029
1145.0,156.0,134.0,1121.0,1971.0,0.0,823.0,0.7903518676757812,21.806413650512695,0.678229115666634,0.0,0.0,0.0,0.0,0.0,0.0,0.0,0.0,0.06938879116131601,0.036819802043834574
1145.0,156.0,283.0,1971.0,6903.0,0.0,5820.0,5.726591110229492,18.880226135253906,0.9937074736659278,25.0,3.258096538021482,0.9803906099397734,0.6802534097237612,0.7021580898886745,0.48942458218924434,0.6912057498062179,1.0,0.2775360676159241,0.5062758201715335
1145.0,156.0,25.0,1434.0,2683.0,0.0,2.0,3.3122825622558594,18.82982635498047,0.9647718198960181,0.0,0.0,0.0,0.0,0.0,0.0,0.0,0.0,0.20600011350021272,0.11314592633482738
1145.0,156.0,251.0,1971.0,4108.0,0.0,231.0,4.186415672302246,16.707626342773438,0.9840556839194283,19.0,2.995732273553991,0.8879629756445782,0.6505937866558118,0.5602629487764395,0.2954866879276243,0.6054283677161256,1.0,0.2629064214813883,0.4586683848259546
1145.0,156.0,230.0,1434.0,4108.0,0.0,9.0,7.076578140258789,19.988941192626953,0.9989464570972529,2.0,1.0986122886681098,0.2706097479346942,0.46539803861923645,0.0,0.0,0.23269901930961823,0.0,0.3011471432679241,0.21088820806023922
1145.0,156.0,247.0,1971.0,2996.0,0.0,259.0,12.72219467163086,25.418500900268555,0.9999959908454152,19.0,2.995732273553991,0.9611657480580811,0.6505937866558118,0.7550607498918089,0.44435868850495064,0.7028272682738104,1.0,0.3848282572905302,0.5247387748447517
1145.0,156.0,302.0,4019.0,1971.0,0.0,2.0,0.9724197387695312,10.545689582824707,0.5718573086118249,3.0,1.3862943611198906,0.09287464307105926,0.14909945712324324,0.0,0.0,0.07454972856162162,0.0,0.1178893287886928,0.09838721319133963
1145.0,156.0,295.0,1971.0,5114.0,0.0,22.0,6.524381637573242,17.49246597290039,0.9974208555573283,25.0,3.258096538021482,0.7730166686334901,0.6802534097237611,0.7021580898886745,0.4894245821892302,0.6912057498062179,1.0,0.3231271148597384,0.5812338783386403
1145.0,156.0,167.0,4185.0,1971.0,0.0,21.0,0.19402503967285156,10.341848373413086,0.37799352748726306,5.0,1.791759469228055,0.7578582832551991,0.17655738540479216,0.0,0.0,0.08827869270239608,0.0,0.07108218579447775,0.0516974609636251
1145.0,156.0,135.0,1971.0,1928.0,0.0,165.0,1.7347354888916016,21.534656524658203,0.8495827597202401,12.0,2.5649493574615367,0.6864101813026526,0.7842009253933906,0.0,0.0,0.3921004626966953,0.0,0.11548791133270021,0.10358965394780469
1145.0,224.0,89.0,13.0,4500.0,0.0,2.0,2.7752342224121094,12.435416221618652,0.9140027308989491,1.0,0.6931471805599453,0.20106227000787236,0.0,0.0,0.0,0.0,0.0,0.2532765286327195,0.1622200271093956
1145.0,224.0,130.0,3430.0,6044.0,0.0,584.0,2.1340274810791016,10.80200481414795,0.8905826739044636,1.0,0.6931471805599453,0.24029143701452027,0.0,0.0,0.0,0.0,0.0,0.24860180596863052,0.164969850008664
1145.0,224.0,67.0,1353.0,13.0,0.0,583.0,3.526604652404785,14.44699478149414,0.9689292754128651,1.0,0.6931471805599453,0.5630865404461788,0.0,0.0,0.0,0.0,0.0,0.27033782040820814,0.1465826554766367
1145.0,208.0,345.0,1434.0,1971.0,0.0,2.0,5.316733360290527,17.894649505615234,0.9948797226847991,0.0,0.0,0.0,0.0,0.0,0.0,0.0,0.0,0.28131413934081323,0.1562830661766454
1145.0,208.0,114.0,6903.0,2683.0,0.0,10.0,0.32519054412841797,9.722935676574707,0.48623357602363876,2.0,1.0986122886681098,0.8879629756445782,0.15148953791164232,0.8485104620883577,0.05238213513462791,0.5,1.0,0.09562329827868654,0.14855679480469075
1145.0,60.0,92.0,4108.0,6903.0,0.0,3.0,3.0652718544006348,9.089659690856934,0.8999043865217001,0.0,0.0,0.0,0.0,0.0,0.0,0.0,0.0,0.3028530104969024,0.21412405415682478
1145.0,168.0,97.0,4108.0,1434.0,0.0,6.0,0.16846084594726562,9.409680366516113,0.47793718105545513,0.0,0.0,0.0,0.0,0.0,0.0,0.0,0.0,0.0940351745344536,0.06923946029223135
1145.0,168.0,317.0,4185.0,2457.0,0.0,8.0,3.5608015060424805,13.41439151763916,0.9585126359949411,0.0,0.0,0.0,0.0,0.0,0.0,0.0,0.0,0.2811774855316477,0.17826338316454382
1145.0,168.0,235.0,1434.0,1353.0,0.0,2.0,2.0349178314208984,6.58961296081543,0.7370558280022933,0.0,0.0,0.0,0.0,0.0,0.0,0.0,0.0,0.23425223136959406,0.17643051851442296
1145.0,158.0,31.0,1145.0,13.0,0.0,2.0,0.9960298538208008,8.773794174194336,0.6557699591659643,0.0,0.0,0.0,0.0,0.0,0.0,0.0,0.0,0.1572404824852716,0.11450138561836139
1145.0,61.0,362.0,1971.0,226.0,0.0,37.0,0.44599151611328125,19.81956672668457,0.607293247847707,1.0,0.6931471805599453,0.0625,0.0,0.0,0.0,0.0,0.0,0.06478161601177647,0.037570190746345565
1145.0,191.0,347.0,1971.0,1434.0,0.0,235.0,0.3628530502319336,14.009016036987305,0.45630269605641394,0.0,0.0,0.0,0.0,0.0,0.0,0.0,0.0,0.06759980865307831,0.04449437618323205
1145.0,191.0,282.0,1434.0,328.0,0.0,131.0,5.75400447845459,16.248638153076172,0.9963392913178809,2.0,1.0986122886681098,0.9611657480580811,0.3377486972984389,0.6622513027015611,0.3228114303467259,0.5,1.0,0.3194827043530072,0.42390182515669095
1145.0,191.0,356.0,328.0,2545.0,0.0,22.0,7.586134910583496,15.587810516357422,0.9990937811809197,0.0,0.0,0.0,0.0,0.0,0.0,0.0,0.0,0.3884182424570702,0.2292981798296944
1145.0,191.0,341.0,1145.0,1971.0,0.0,18.0,0.7130804061889648,11.844460487365723,0.6633172429693898,0.0,0.0,0.0,0.0,0.0,0.0,0.0,0.0,0.1277187935839958,0.08684832832794731
1145.0,63.0,261.0,1145.0,6348.0,0.0,10.0,1.3797473907470703,5.592055797576904,0.5619625966899418,0.0,0.0,0.0,0.0,0.0,0.0,0.0,0.0,0.16483077722404885,0.12869758056698638
1145.0,105.0,316.0,1928.0,4185.0,0.0,33.0,3.304920196533203,22.318336486816406,0.9639849320222479,0.0,0.0,0.0,0.0,0.0,0.0,0.0,0.0,0.16733200133376722,0.08351653045718585
1145.0,190.0,165.0,1971.0,4185.0,0.0,2.0,0.47085142135620117,4.338943958282471,0.4723005498741739,0.0,0.0,0.0,0.0,0.0,0.0,0.0,0.0,0.13343474442109285,0.1097409601182858
1145.0,128.0,344.0,1145.0,1928.0,0.0,228.0,2.610987663269043,11.086069107055664,0.9044001268652031,0.0,0.0,0.0,0.0,0.0,0.0,0.0,0.0,0.26330341739071056,0.17800947620339644
1145.0,86.0,113.0,1434.0,4500.0,0.0,15.0,2.5815844535827637,7.778252601623535,0.8580524924966907,0.0,0.0,0.0,0.0,0.0,0.0,0.0,0.0,0.2880143782170183,0.21056808372011113
1145.0,176.0,207.0,2683.0,4185.0,0.0,9.0,1.887695074081421,4.118330001831055,0.6187578268114858,1.0,0.6931471805599453,0.11778973424898508,0.0,0.0,0.0,0.0,0.0,0.21240411713057714,0.1708155428963554
1145.0,123.0,68.0,1928.0,745.0,0.0,19.0,1.6454200744628906,12.138476371765137,0.8022543324064209,0.0,0.0,0.0,0.0,0.0,0.0,0.0,0.0,0.1851656792555785,0.12283751948840609
1145.0,170.0,244.0,1434.0,328.0,0.0,5.0,1.597567081451416,7.0697245597839355,0.7522176031413038,0.0,0.0,0.0,0.0,0.0,0.0,0.0,0.0,0.22412116906257004,0.16808955442974133
1145.0,205.0,340.0,1145.0,1353.0,0.0,3.0,2.7357382774353027,7.975651264190674,0.8114413464019964,0.0,0.0,0.0,0.0,0.0,0.0,0.0,0.0,0.26682137322221733,0.19317014050497244
1145.0,205.0,14.0,1928.0,4185.0,0.0,179.0,2.047133445739746,13.67259407043457,0.7665107968686162,0.0,0.0,0.0,0.0,0.0,0.0,0.0,0.0,0.16456951416496707,0.10427371213454997
1145.0,47.0,241.0,1434.0,4108.0,0.0,28.0,0.763786792755127,7.461581230163574,0.4426247600764144,2.0,1.0986122886681098,0.8705505632961241,0.48020614479804224,0.5197938552019578,0.15264769362835204,0.5,1.0,0.10631993470572122,0.21658345217963845
1145.0,185.0,310.0,1928.0,4185.0,0.0,14.0,1.446486473083496,10.669279098510742,0.7945954091581892,0.0,0.0,0.0,0.0,0.0,0.0,0.0,0.0,0.19454884010966061,0.13424827655210828
2442.0,156.0,119.0,1161.0,2694.0,0.0,4.0,3.9084949493408203,21.052186965942383,0.9798423875854109,7.0,2.0794415416798357,1.0,0.6706484093767838,0.6132297929001637,0.41033305834348927,0.6419391011384737,1.0,0.1989011413763927,0.35415903170667257
2442.0,156.0,167.0,4587.0,5182.0,0.0,3.0,3.8530001640319824,8.988980293273926,0.9273699820961577,0.0,0.0,0.0,0.0,0.0,0.0,0.0,0.0,0.3421386953059603,0.2416212814643195
2442.0,156.0,243.0,1161.0,6047.0,1.0,1.0,0.12828731536865234,13.30734634399414,0.39447892062268775,22.0,3.1354942159291497,0.8705505632961241,0.7009510721425651,0.8696505058953884,0.7494181845576277,0.7853007890189767,1.0,0.059858831225259666,0.2520839370635435
2442.0,156.0,160.0,1161.0,776.0,0.0,664.0,9.279850959777832,21.703630447387695,0.9998806513465212,11.0,2.4849066497880004,0.8879629756445782,0.79180294825727,0.754072309060243,0.512924872077526,0.7729376286587566,1.0,0.33942796840155603,0.5624667042675601
2442.0,123.0,116.0,1161.0,3600.0,1.0,1.0,1.7660951614379883,10.634979248046875,0.8284403124889338,2.0,1.0986122886681098,0.8879629756445782,0.23004510891934693,1.0,0.7899923824211669,0.6150225544596735,1.0,0.21526557762701265,0.4609524301780601
2442.0,98.0,271.0,2442.0,776.0,0.0,38.0,6.8730902671813965,13.597575187683105,0.9988323371150467,0.0,0.0,0.0,0.0,0.0,0.0,0.0,0.0,0.39965249247733037,0.2499512387226242
2442.0,38.0,237.0,3600.0,5091.0,0.0,3.0,0.8206226825714111,3.997011661529541,0.5275859349400918,0.0,0.0,0.0,0.0,0.0,0.0,0.0,0.0,0.15900284263288436,0.13035987936497767
2442.0,38.0,244.0,1446.0,3322.0,0.0,10.0,2.6284284591674805,8.3800630569458,0.9214492417949313,0.0,0.0,0.0,0.0,0.0,0.0,0.0,0.0,0.31227097027459105,0.22612127410344623
2442.0,171.0,243.0,4587.0,2694.0,0.0,5.0,2.3069534301757812,11.542220115661621,0.8343403904512272,0.0,0.0,0.0,0.0,0.0,0.0,0.0,0.0,0.218947035099995,0.14616210304888347
2442.0,172.0,134.0,2442.0,5182.0,0.0,46.0,0.3055291175842285,7.891932487487793,0.5658101846555293,0.0,0.0,0.0,0.0,0.0,0.0,0.0,0.0,0.12728474269066967,0.09628443599129037
2442.0,222.0,247.0,4587.0,6047.0,0.0,19.0,5.57002067565918,12.032045364379883,0.9890017536517192,0.0,0.0,0.0,0.0,0.0,0.0,0.0,0.0,0.3790841706017037,0.24766131479409403
2442.0,222.0,229.0,2442.0,1161.0,0.0,4.0,0.5093145370483398,15.759438514709473,0.6241771282353424,0.0,0.0,0.0,0.0,0.0,0.0,0.0,0.0,0.08894594274421556,0.05530020549360897
2442.0,160.0,145.0,776.0,2694.0,0.0,53.0,10.579206466674805,19.490015029907227,0.9999455838331004,2.0,1.0986122886681098,0.4528618321319533,0.4359895100305369,0.0,0.0,0.21799475501526844,0.0,0.41830010109207955,0.2719325451040786
2442.0,173.0,112.0,1161.0,3002.0,1.0,1.0,12.721508741378784,16.216106414794922,0.9999944727244394,2.0,1.0986122886681098,0.36421371187349827,0.431125927769216,1.0,0.9999999999984381,0.7155629638846079,1.0,0.5490971395027432,0.8048407264855658
2442.0,207.0,299.0,776.0,5182.0,1.0,1.0,3.3945302963256836,11.001626014709473,0.9481139809304362,3.0,1.3862943611198906,0.9238395952400507,0.34441385940863845,0.6555861405913616,0.2218474433938069,0.5,1.0,0.30757346439092764,0.4460493069313268
2442.0,215.0,327.0,776.0,1161.0,0.0,2.0,2.8406583070755005,4.676734447479248,0.8850443722320017,0.0,0.0,0.0,0.0,0.0,0.0,0.0,0.0,0.35883108001385705,0.281784462270956
2442.0,208.0,50.0,1161.0,2694.0,1.0,1.0,3.2770090103149414,13.720133781433105,0.934166973323753,0.0,0.0,0.0,0.0,0.0,0.0,0.0,0.0,0.25773107784289906,0.16204729763031014
2442.0,140.0,28.0,329.0,2277.0,0.0,5200.0,1.0731817781925201,0.25825032591819763,0.020002589784833533,0.0,0.0,0.0,0.0,0.0,0.0,0.0,0.0,0.07018126398987551,0.06515235064356782
2442.0,56.0,203.0,1161.0,776.0,0.0,7.0,5.198953628540039,16.60569953918457,0.9940524882495484,5.0,1.791759469228055,0.9803906099397734,0.6511166710376022,0.6185759576586726,0.36781602785182826,0.6348463143481373,1.0,0.29680608833746974,0.48223967968386977
2442.0,4.0,8.0,2694.0,1161.0,0.0,100.0,1.4489218592643738,0.889254093170166,0.21036365323369047,0.0,0.0,0.0,0.0,0.0,0.0,0.0,0.0,0.10715846007067115,0.09516583131012415
2442.0,169.0,28.0,1161.0,776.0,0.0,19.0,2.0078983306884766,16.085071563720703,0.8806238595117606,0.0,0.0,0.0,0.0,0.0,0.0,0.0,0.0,0.1780507753734364,0.10649825621532973
2442.0,42.0,273.0,1161.0,2442.0,1.0,1.0,8.014322280883789,11.998945236206055,0.9985417706826462,1.0,0.6931471805599453,0.20918584584822575,0.0,1.0,0.7400553990597851,0.5,1.0,0.46565855402409617,0.6797011693497034
2442.0,191.0,69.0,1161.0,4587.0,0.0,30.0,8.690057039260864,11.68880844116211,0.999344292326264,0.0,0.0,0.0,0.0,0.0,0.0,0.0,0.0,0.49454122189201577,0.3273829452578977
2442.0,54.0,296.0,4004.0,2442.0,0.0,12.0,3.2316691875457764,6.071151256561279,0.9047821339938723,0.0,0.0,0.0,0.0,0.0,0.0,0.0,0.0,0.35870990492358906,0.2724167033880187
2442.0,6.0,285.0,1161.0,3002.0,1.0,1.0,4.862895488739014,11.182065963745117,0.9904802002897007,9.0,2.302585092994046,0.7578582832551991,0.7261559350116835,0.9822790504863715,0.901350794078247,0.8542174927490276,1.0,0.3719307427497775,0.7565171280693505
2442.0,102.0,140.0,4233.0,2442.0,0.0,3.0,1.0520267486572266,5.018308162689209,0.5599990957187762,0.0,0.0,0.0,0.0,0.0,0.0,0.0,0.0,0.16380067095064071,0.130423453430907
7084.0,53.0,279.0,1077.0,6889.0,0.0,1904.0,0.023424148559570312,7.155400276184082,0.33280438757042613,0.0,0.0,0.0,0.0,0.0,0.0,0.0,0.0,0.07788425236306142,0.06138307203462388
1085.0,155.0,272.0,3262.0,231.0,1.0,1.0,6.854168355464935,7.826225757598877,0.9957289895452135,0.0,0.0,0.0,0.0,0.0,0.0,0.0,0.0,0.5002195262954121,0.36458925368358003
1085.0,47.0,173.0,3262.0,847.0,1.0,1.0,1.6794397830963135,5.603794574737549,0.6722632036234788,0.0,0.0,0.0,0.0,0.0,0.0,0.0,0.0,0.21127316513206634,0.16363800854852695
2581.0,56.0,329.0,4304.0,4565.0,0.0,148.0,1.8097286224365234,10.59964370727539,0.7491935291990978,0.0,0.0,0.0,0.0,0.0,0.0,0.0,0.0,0.18603737612740906,0.1277270453734784
2581.0,142.0,246.0,5783.0,6823.0,1.0,1.0,5.204932928085327,7.285296440124512,0.9836823003271018,0.0,0.0,0.0,0.0,0.0,0.0,0.0,0.0,0.4472061581840536,0.3300418977515075
2581.0,156.0,205.0,4304.0,2435.0,0.0,3937.0,0.3962339758872986,1.1848833560943604,0.2860226981436824,0.0,0.0,0.0,0.0,0.0,0.0,0.0,0.0,0.10894911520380923,0.09780656910611328
2581.0,207.0,219.0,3155.0,2442.0,0.0,3.0,0.2103271484375,12.373071670532227,0.533093235170347,0.0,0.0,0.0,0.0,0.0,0.0,0.0,0.0,0.08775910911243028,0.05994329230746221
2581.0,127.0,169.0,4304.0,2581.0,1.0,1.0,0.878547191619873,7.374610900878906,0.6921769613501351,0.0,0.0,0.0,0.0,0.0,0.0,0.0,0.0,0.18156697219704873,0.13685125366581977
1161.0,156.0,362.0,2442.0,4783.0,1.0,5.0,16.457759857177734,36.038734436035156,0.9999999268284703,150.0,5.017279836814924,0.9057236642639067,0.8891110613076878,0.3134436671359118,0.18199993840569417,0.6012773642217998,1.0,0.3245553017244494,0.38336323372366593
1161.0,156.0,293.0,2442.0,711.0,1.0,1.0,10.348830223083496,20.679912567138672,0.9999227657325512,118.0,4.77912349311153,0.9803906099397734,0.8756667443388658,0.7462692909446903,0.5939633474399189,0.8109680176417781,1.0,0.39004992718795556,0.6768817947904573
1161.0,156.0,353.0,2442.0,5182.0,0.0,47.0,5.773270606994629,20.224802017211914,0.9959843954790631,148.0,5.003946305945459,0.9611657480580811,0.8792207607853082,0.3414000359258842,0.20024256522644296,0.6103103983555962,1.0,0.2607137548826123,0.46892470872954706
1161.0,156.0,20.0,2442.0,5182.0,0.0,426.0,2.639911651611328,17.693096160888672,0.9017647435985018,7.0,2.0794415416798357,0.9803906099397734,0.3813913503549291,0.6186086496450709,0.2522279836142722,0.5,1.0,0.1809926710062238,0.2762445480854589
1161.0,156.0,223.0,2442.0,5182.0,0.0,89.0,1.2639274597167969,17.2166690826416,0.7245427471814264,84.0,4.442651256490317,0.9803906099397734,0.8580200131575341,0.5366835472011735,0.3498606269838753,0.6973517801793538,1.0,0.11024811954657021,0.30406674436329584
1161.0,156.0,138.0,5182.0,2442.0,0.0,14.0,0.2723503112792969,19.266860961914062,0.5675102282578453,10.0,2.3978952727983707,0.7284274237469965,0.6392772623862011,0.0,0.0,0.31963863119310054,0.0,0.06013858235081581,0.052876732252820746
1161.0,156.0,331.0,2442.0,5182.0,0.0,6.0,4.665691375732422,16.220121383666992,0.9861331242672347,140.0,4.948759890378168,1.0,0.8347913224410591,0.5473201130611787,0.32861641509004846,0.691055717751119,1.0,0.28377376758067047,0.5548381166103288
1161.0,156.0,264.0,4233.0,2442.0,0.0,8.0,3.905759811401367,14.749695777893066,0.9619764682082017,43.0,3.784189633918261,0.9423178739918808,0.8520347042699099,0.0,0.0,0.42601735213495495,0.0,0.2728292414444372,0.27536549387252446
1161.0,156.0,181.0,2442.0,558.0,0.0,37.0,6.929196357727051,22.568113327026367,0.9990130614364968,69.0,4.248495242049359,1.0,0.8191267810354033,0.5596909930066595,0.3818955643167395,0.6894088870210313,1.0,0.25954577693650394,0.46735129241944795
1161.0,156.0,233.0,2442.0,4233.0,1.0,248.0,11.4615478515625,20.583581924438477,0.9999888972893342,90.0,4.51085950651685,0.9803906099397734,0.835387570600636,0.6541963739817008,0.4258404995456825,0.7447919722911684,1.0,0.42811921324055635,0.6563554183733081
1161.0,156.0,82.0,4587.0,4233.0,0.0,3794.0,3.4342527389526367,13.880111694335938,0.9519490741243711,2.0,1.0986122886681098,0.8042490800314893,0.46047423385563957,0.0,0.0,0.23023711692781978,0.0,0.26790654920124857,0.19285633520149587
1161.0,156.0,103.0,2442.0,4233.0,1.0,1.0,1.7924041748046875,22.016372680664062,0.8569020446307432,37.0,3.6375861597263857,0.9423178739918808,0.8564408342531561,0.556247717290415,0.31067590942846635,0.7063442757717855,1.0,0.11452695594580373,0.2673933479766805
1161.0,156.0,198.0,2442.0,4783.0,1.0,1.0,4.08038330078125,16.78375244140625,0.9831962930513647,75.0,4.330733340286331,0.9803906099397734,0.86743326096416,0.47453972925213356,0.2734418694759017,0.6709864951081468,1.0,0.25868118964715486,0.5052234008348552
1161.0,156.0,209.0,2442.0,4587.0,0.0,25.0,16.011866569519043,25.137121200561523,0.9999998419527764,79.0,4.382026634673881,1.0,0.8161848082568055,0.49391830857799,0.32637219692884356,0.6550515584173977,1.0,0.4990104057660449,0.6328413729600361
1161.0,156.0,313.0,2442.0,4233.0,1.0,4.0,6.585481643676758,22.923664093017578,0.9985211115584853,127.0,4.852030263919617,0.9423178739918808,0.8780407005663453,0.6224760736979372,0.40793046287753004,0.7502583871321413,1.0,0.24569102706075474,0.487148154661282
1161.0,156.0,83.0,2442.0,3494.0,1.0,1.0,12.17531681060791,23.66611671447754,0.9999931529865081,31.0,3.4657359027997265,0.9803906099397734,0.8199040420288534,0.6533053254408414,0.4139256608029631,0.7366046837348474,1.0,0.3974306418812216,0.5811684178521149
1161.0,156.0,330.0,2442.0,1446.0,0.0,3.0,4.377391815185547,20.775772094726562,0.9870889902662889,139.0,4.941642422609304,0.9803906099397734,0.8284129518719388,0.4927344125956192,0.31161736037834925,0.660573682233779,1.0,0.21546233649268615,0.4328813093769631
1161.0,156.0,28.0,2442.0,4233.0,0.0,31.0,16.617148399353027,26.770835876464844,0.9999998799850394,10.0,2.3978952727983707,0.9611657480580811,0.5964900049192265,0.7512236177204036,0.33063493239935743,0.6738568113198151,1.0,0.48990148039606307,0.54921507204585
1161.0,156.0,57.0,2442.0,4233.0,1.0,1.0,3.9675045013427734,26.267078399658203,0.9814284570380962,20.0,3.044522437723423,0.9423178739918808,0.7638862016429262,0.5957331390562488,0.2880175484950665,0.6798096703495875,1.0,0.14692588676970167,0.26285435503314064
1161.0,156.0,208.0,2442.0,776.0,1.0,1.0,8.312870025634766,24.330970764160156,0.9997486988956482,78.0,4.3694478524670215,0.9423178739918808,0.8586407887217589,0.46759315012451025,0.3035339521517071,0.6631169694231346,1.0,0.27148330551098687,0.45625033224882977
1161.0,156.0,215.0,2442.0,5182.0,0.0,7.0,17.170191764831543,29.940587997436523,0.9999999586609131,80.0,4.394449154672439,1.0,0.8258805235489468,0.5410020097038997,0.3081660722098763,0.6834412666264232,1.0,0.4513772517681889,0.55284830399786
1161.0,156.0,180.0,2442.0,4233.0,0.0,352.0,3.855691909790039,20.728687286376953,0.9792055707563097,68.0,4.23410650459726,1.0,0.8354635580054556,0.5377460115900916,0.36093291208902684,0.6866047847977736,1.0,0.20126133959894707,0.4157831253232337
1161.0,156.0,246.0,3002.0,4233.0,0.0,9.0,2.1587133407592773,14.223536491394043,0.8630155288023007,3.0,1.3862943611198906,0.7141434062641757,0.2575063111732475,0.0,0.0,0.12875315558662376,0.0,0.19515132054390866,0.12817651144438824
1161.0,156.0,117.0,4233.0,4587.0,0.0,3.0,0.7596225738525391,11.657230377197266,0.5098841039862092,17.0,2.8903717578961645,0.7578582832551991,0.6446563886761527,0.0,0.0,0.32232819433807636,0.0,0.0935412538138169,0.09928415458154004
1161.0,16.0,138.0,2442.0,5182.0,1.0,1.0,3.3320045471191406,7.901370048522949,0.9407524567836025,0.0,0.0,0.0,0.0,0.0,0.0,0.0,0.0,0.3513224739556979,0.25630480054313953
1161.0,133.0,153.0,2442.0,2157.0,0.0,18.0,2.3800559043884277,6.185103416442871,0.7535186751371024,0.0,0.0,0.0,0.0,0.0,0.0,0.0,0.0,0.255624175035437,0.1934664108230753
1161.0,167.0,197.0,2442.0,5182.0,1.0,1.0,0.09274005889892578,12.421043395996094,0.5091327817291763,1.0,0.6931471805599453,0.2706097479346942,0.0,1.0,0.9999999999963047,0.5,1.0,0.08177927875522502,0.2608116881526033
1161.0,87.0,289.0,1161.0,2442.0,0.0,32.0,8.704614639282227,23.76601219177246,0.9997906612250734,0.0,0.0,0.0,0.0,0.0,0.0,0.0,0.0,0.29046155388642836,0.13313586093397178
1161.0,98.0,303.0,776.0,5182.0,0.0,67.0,1.347898006439209,6.6001200675964355,0.7721662470719721,0.0,0.0,0.0,0.0,0.0,0.0,0.0,0.0,0.23263368951250926,0.1771413970021673
1161.0,34.0,331.0,2442.0,776.0,1.0,1.0,0.9554824829101562,6.105803489685059,0.48568971254682675,3.0,1.3862943611198906,0.4711589369959404,0.13506308729299787,0.8649369127070021,0.7459398359522151,0.5,1.0,0.12998909204214074,0.36347769822005643
1161.0,203.0,96.0,6504.0,776.0,0.0,8.0,1.1478301286697388,2.2777328491210938,0.4885547482108548,0.0,0.0,0.0,0.0,0.0,0.0,0.0,0.0,0.16924240879020747,0.14349046122584322
1161.0,157.0,223.0,2694.0,1161.0,0.0,7.0,0.9449944496154785,8.76362133026123,0.6257702235527852,0.0,0.0,0.0,0.0,0.0,0.0,0.0,0.0,0.14712184436097067,0.10735143490488885
1161.0,170.0,236.0,4783.0,776.0,0.0,275.0,0.9698166847229004,8.359594345092773,0.6317064113010494,0.0,0.0,0.0,0.0,0.0,0.0,0.0,0.0,0.1531059276099126,0.1127165070367512
1161.0,56.0,299.0,5182.0,2442.0,0.0,16.0,4.421881675720215,16.39920997619629,0.9858842687904557,1.0,0.6931471805599453,0.5412194958693883,0.0,0.0,0.0,0.0,0.0,0.27441293025684416,0.14111958859926263
1161.0,56.0,111.0,2442.0,5182.0,0.0,29.5,7.94818115234375,24.874052047729492,0.999564111991702,8.0,2.1972245773362196,0.9803906099397734,0.7331521141351526,0.8371439585021113,0.5787215042273913,0.785148036318632,1.0,0.2542299390048446,0.44427586626658294
1161.0,56.0,355.0,1161.0,2442.0,0.0,2.0,0.37714385986328125,23.741191864013672,0.5931777561991105,0.0,0.0,0.0,0.0,0.0,0.0,0.0,0.0,0.047561946111459384,0.02444506605967641
1161.0,56.0,328.0,2442.0,1446.0,0.0,42.0,5.474603652954102,20.744873046875,0.9932049338255353,36.0,3.6109179126442243,0.9803906099397734,0.7238053821091236,0.7008892606581354,0.48753755725421016,0.7123473213836296,1.0,0.24471684870568183,0.46974968426232977
1161.0,56.0,145.0,2442.0,776.0,1.0,1.0,0.3875865936279297,17.57777214050293,0.5713264539970672,13.0,2.6390573296152584,0.9057236642639067,0.8341012032837186,0.6567948792400778,0.40284435412679664,0.7454480412618982,1.0,0.06900848846559966,0.2046368602190812
1161.0,56.0,12.0,2442.0,1161.0,0.0,73.0,10.304213523864746,23.87911605834961,0.9999661433669531,1.0,0.6931471805599453,0.8042490800314893,0.0,0.0,0.0,0.0,0.0,0.33522599517107426,0.12399227355140655
1161.0,56.0,177.0,2694.0,776.0,0.0,37.0,3.1948671340942383,12.451362609863281,0.9125402633208766,2.0,1.0986122886681098,0.9423178739918808,0.03399647397066674,0.0,0.0,0.01699823698533337,0.0,0.26324760642461875,0.14009177757875557
1161.0,56.0,238.0,2442.0,2694.0,1.0,1.0,2.1768007278442383,13.916732788085938,0.7963409748365361,29.0,3.4011973816621555,0.8534795977333005,0.7898001869360336,0.6518592250146243,0.39430452942770494,0.720829705975329,1.0,0.1746707455000505,0.4317590165285619
1161.0,25.0,145.0,2442.0,4407.0,1.0,1.0,5.132791996002197,8.396227836608887,0.981651878905284,0.0,0.0,0.0,0.0,0.0,0.0,0.0,0.0,0.4238375736139371,0.30434771528399895
1161.0,25.0,97.0,1446.0,5182.0,0.0,12.0,0.24140691757202148,3.0886354446411133,0.23383397206524914,0.0,0.0,0.0,0.0,0.0,0.0,0.0,0.0,0.08424405947283863,0.07316848703724571
1161.0,6.0,145.0,2442.0,4233.0,1.0,1.0,1.771998405456543,15.72527027130127,0.7905287874117414,9.0,2.302585092994046,0.7001394896518027,0.775736076580769,0.0,0.0,0.3878680382903845,0.0,0.1477262993585815,0.1463781877942806
1161.0,6.0,6.0,776.0,2442.0,0.0,2.0,1.5714130401611328,18.053415298461914,0.8268330426712344,0.0,0.0,0.0,0.0,0.0,0.0,0.0,0.0,0.13461704837833474,0.07697141624833459
1161.0,6.0,357.0,2442.0,776.0,0.0,10.0,2.4954757690429688,11.630297660827637,0.8674905232908878,39.0,3.6888794541139363,0.9611657480580811,0.8476496026449031,0.826917001667154,0.690894600654172,0.8372833021560285,1.0,0.23634501833618207,0.6150158121251942
1161.0,6.0,251.0,2442.0,5182.0,0.0,52.0,10.833796501159668,23.69890022277832,0.9999619614572067,25.0,3.258096538021482,0.8879629756445782,0.7649100473561334,0.8976888016989204,0.7773080583393508,0.8312994245275269,1.0,0.3543424813685208,0.6284910267518806
1161.0,6.0,141.0,2442.0,4233.0,1.0,1.0,3.269049644470215,16.940515518188477,0.9618266672198496,9.0,2.302585092994046,0.7578582832551991,0.775736076580769,0.4256302167569433,0.16358502178886578,0.6006831466688561,1.0,0.2269931295497625,0.40564596702088873
1161.0,6.0,170.0,2442.0,4233.0,0.0,113.0,14.80566120147705,27.806316375732422,0.9999992947033199,14.0,2.70805020110221,0.9611657480580811,0.7802935326410263,0.6736267399078277,0.49348779927865416,0.726960136274427,1.0,0.4108916239348648,0.5512614251750034
1161.0,6.0,334.0,1873.0,1913.0,0.0,23.0,1.3589162826538086,9.629923820495605,0.5907254294482325,1.0,0.6931471805599453,0.3364750481580891,0.0,0.0,0.0,0.0,0.0,0.13604277770514034,0.09048358381459493
1161.0,6.0,166.0,1954.0,4233.0,0.0,3.0,1.822378158569336,12.658522605895996,0.8275556935905553,1.0,0.6931471805599453,0.5858370854182298,0.0,0.0,0.0,0.0,0.0,0.1923995851476549,0.10888431781425023
1161.0,6.0,285.0,4587.0,776.0,0.0,22.0,2.080890655517578,19.46637535095215,0.8886524251694414,5.0,1.791759469228055,0.14938869249630476,0.6141385309321388,0.0,0.0,0.3070692654660694,0.0,0.14865472414031,0.13748277001930403
1161.0,6.0,342.0,2442.0,1161.0,0.0,1405.0,4.797979354858398,19.948156356811523,0.9915373623197435,38.0,3.6635616461296463,0.9803906099397734,0.8224062538086165,0.7982384121760957,0.6486749142646413,0.8103223329923561,1.0,0.23779450870125926,0.5317903304210823
1161.0,18.0,85.0,2442.0,4587.0,0.0,2.0,7.216288089752197,14.072956085205078,0.999155800739462,2.0,1.0986122886681098,0.5858370854182298,0.2631192606167937,1.0,0.9999999999987422,0.6315596303083968,1.0,0.4027188257723526,0.6918442617427989
1161.0,169.0,117.0,4747.0,5182.0,0.0,639.0,1.96687650680542,9.75562572479248,0.8541515753909784,0.0,0.0,0.0,0.0,0.0,0.0,0.0,0.0,0.24218978542915023,0.17000637364091223
1161.0,169.0,51.0,2442.0,4740.0,1.0,1.0,2.5764341354370117,14.80151081085205,0.9286232223086565,1.0,0.6931471805599453,0.8042490800314893,0.0,1.0,0.9999999999987567,0.5,1.0,0.22371280606250135,0.43849828426761833
1161.0,190.0,265.0,5182.0,671.0,0.0,4.0,0.1877002716064453,5.8758769035339355,0.29614098087220514,0.0,0.0,0.0,0.0,0.0,0.0,0.0,0.0,0.07980887196694578,0.06474896896768169
1161.0,115.0,322.0,5182.0,2442.0,0.0,130.0,1.3267087936401367,9.863687515258789,0.7859940817906348,0.0,0.0,0.0,0.0,0.0,0.0,0.0,0.0,0.19792456989828747,0.13953599576337225
1161.0,115.0,239.0,2442.0,1873.0,0.0,27.0,9.740299224853516,20.080656051635742,0.9999069238385248,0.0,0.0,0.0,0.0,0.0,0.0,0.0,0.0,0.3808292370459034,0.1963356599760035
1161.0,123.0,201.0,776.0,5182.0,0.0,12.0,0.2256631851196289,12.731056213378906,0.5441095913263467,0.0,0.0,0.0,0.0,0.0,0.0,0.0,0.0,0.08797560829851216,0.05951402523122272
1161.0,208.0,139.0,1446.0,1161.0,0.0,30.0,0.1587543487548828,10.58958625793457,0.36725629487020767,0.0,0.0,0.0,0.0,0.0,0.0,0.0,0.0,0.06794078752316454,0.04910874164113121
1161.0,31.0,155.0,3155.0,956.0,0.0,4.0,1.6508084535598755,2.7669637203216553,0.6496856469753022,0.0,0.0,0.0,0.0,0.0,0.0,0.0,0.0,0.23682534633327332,0.19558450830973367
1161.0,105.0,145.0,2442.0,776.0,0.0,23.0,3.3072433471679688,18.3123836517334,0.9645433720021027,0.0,0.0,0.0,0.0,0.0,0.0,0.0,0.0,0.21198908449132928,0.11810169520486753
1161.0,224.0,152.0,776.0,4721.0,0.0,26.0,3.3985719680786133,8.643935203552246,0.9471098438274599,2.0,1.0986122886681098,0.6864101813026526,0.40225353870268366,0.0,0.0,0.20112676935134183,0.0,0.3446427900190769,0.2788086635996378
1161.0,224.0,238.0,776.0,3494.0,0.0,79.0,3.6612277030944824,7.750799655914307,0.925080376906711,4.0,1.6094379124341003,0.7284274237469965,0.38406864334434176,0.0,0.0,0.19203432167217088,0.0,0.35535503812845376,0.2933371896582289
1161.0,27.0,142.0,2442.0,5182.0,1.0,1.0,3.1025004386901855,7.319665431976318,0.9198209027496415,6.0,1.9459101490553132,0.9803906099397734,0.6411252899368648,1.0,0.9999999999997462,0.8205626449684325,1.0,0.3424077078916823,0.7438970359347099
1161.0,127.0,266.0,2442.0,558.0,0.0,161.0,7.811476707458496,16.27391242980957,0.9992104186709901,3.0,1.3862943611198906,0.4528618321319533,0.4264289169961444,0.0,0.0,0.2132144584980722,0.0,0.3839324131262787,0.27643239621912663
6872.0,127.0,51.0,3155.0,362.0,0.0,1598.0,0.8279850482940674,3.781768321990967,0.41059802447745264,0.0,0.0,0.0,0.0,0.0,0.0,0.0,0.0,0.12664219291429235,0.10511542306934957
6872.0,53.0,334.0,6052.0,3155.0,0.0,3.0,3.2723474502563477,12.054909706115723,0.9241877482620862,0.0,0.0,0.0,0.0,0.0,0.0,0.0,0.0,0.2764951547513793,0.1814130856550662
780.0,229.0,4.0,1077.0,544.0,0.0,35.0,0.7928389608860016,-0.2708755433559418,0.21232382349209833,0.0,0.0,0.0,0.0,0.0,0.0,0.0,0.0,0.10715942434489949,0.09912058721084509
780.0,38.0,333.0,1145.0,2459.0,0.0,6656.0,12.069206267595291,11.846755981445312,0.9999712489592762,8.0,2.1972245773362196,1.0,0.6455506649247522,0.9008486033604126,0.6359351032351607,0.7731996341425824,1.0,0.6047036790170338,0.8100764776857726
3380.0,90.0,162.0,3990.0,3380.0,0.0,4.0,1.969437599182129,15.318392753601074,0.8118546904050218,2.0,1.0986122886681098,0.07618835338777971,0.39750105926563917,0.0,0.0,0.19875052963281958,0.0,0.16178457455714612,0.13824524083972795
3380.0,90.0,93.0,382.0,6410.0,1.0,1.0,2.208976984024048,6.006100177764893,0.6963327665272396,1.0,0.6931471805599453,0.9803906099397734,0.0,0.0,0.0,0.0,0.0,0.22849964403074635,0.13402602088903612
3380.0,90.0,259.0,2713.0,537.0,0.0,2.0,2.3457021713256836,12.580276489257812,0.8980054577091611,4.0,1.6094379124341003,0.26010082080545915,0.5173122050534165,0.0,0.0,0.25865610252670823,0.0,0.23355950604239137,0.220622991637179
3380.0,53.0,111.0,6017.0,2713.0,0.0,2.0,1.8087077140808105,9.37512493133545,0.6350949236216011,0.0,0.0,0.0,0.0,0.0,0.0,0.0,0.0,0.15944232389672552,0.11276520145378315
3380.0,53.0,169.0,1283.0,2678.0,0.0,2325.0,0.9789800643920898,11.627243041992188,0.7007618241235428,0.0,0.0,0.0,0.0,0.0,0.0,0.0,0.0,0.14437976183178886,0.09809991003398896
3380.0,53.0,119.0,733.0,5036.0,0.0,6.0,0.09987831115722656,9.297242164611816,0.41003384891226397,3.0,1.3862943611198906,0.3298769776932236,0.4238676483843312,0.0,0.0,0.2119338241921656,0.0,0.08090734587139672,0.08204872859134167
3380.0,127.0,300.0,3262.0,1283.0,0.0,160.0,2.5670299530029297,14.271808624267578,0.8953901360873047,1.0,0.6931471805599453,0.023218660767764833,0.0,0.0,0.0,0.0,0.0,0.21633391389121634,0.13978809818430338
3380.0,127.0,76.0,5421.0,6705.0,0.0,112.0,3.257457733154297,14.472612380981445,0.9488894732264066,2.0,1.0986122886681098,1.0,0.0,0.0,0.0,0.0,0.0,0.25361195581869106,0.12258112274475878
3380.0,127.0,73.0,3159.0,5421.0,0.0,2.0,0.9575929641723633,14.237207412719727,0.700914392730983,0.0,0.0,0.0,0.0,0.0,0.0,0.0,0.0,0.12229690596515921,0.07796707778315405
3380.0,61.0,168.0,1077.0,1699.0,0.0,59.0,2.836578845977783,7.568190097808838,0.8706686100798686,0.0,0.0,0.0,0.0,0.0,0.0,0.0,0.0,0.3047108494819005,0.22349187494435863
3380.0,156.0,288.0,2617.0,537.0,0.0,869.0,5.17632532119751,13.095462799072266,0.988965130933414,0.0,0.0,0.0,0.0,0.0,0.0,0.0,0.0,0.34893100385635206,0.22179412351186745
3380.0,160.0,339.0,5421.0,18.0,0.0,12.0,2.69276762008667,7.650509357452393,0.8885651491990383,0.0,0.0,0.0,0.0,0.0,0.0,0.0,0.0,0.3084780106751561,0.2265027012635307
3380.0,155.0,141.0,6017.0,3380.0,1.0,1.0,2.0397729873657227,7.321078777313232,0.7792785757908763,3.0,1.3862943611198906,0.9803906099397734,0.6471256879399878,0.6988289740926057,0.4147709057250153,0.6729773310162968,1.0,0.2432368471285716,0.5042767756719957
3380.0,207.0,170.0,2617.0,6123.0,0.0,6501.0,2.4385714530944824,9.226338386535645,0.9045204518021462,0.0,0.0,0.0,0.0,0.0,0.0,0.0,0.0,0.28551828956333863,0.20260302192307514
3380.0,103.0,324.0,3155.0,537.0,0.0,2.0,1.758397102355957,12.02719783782959,0.8468023919854009,0.0,0.0,0.0,0.0,0.0,0.0,0.0,0.0,0.20569697746717006,0.13680886322080882
3380.0,169.0,351.0,3155.0,1283.0,0.0,18.0,1.7387990951538086,14.271316528320312,0.807660427689268,0.0,0.0,0.0,0.0,0.0,0.0,0.0,0.0,0.1665201285877418,0.10454537427150913
3380.0,6.0,280.0,1115.0,711.0,0.0,20.0,5.843784809112549,11.89841365814209,0.9961747617024946,0.0,0.0,0.0,0.0,0.0,0.0,0.0,0.0,0.3942539158101861,0.25870787367844145
2323.0,169.0,134.0,1132.0,1294.0,0.0,7071.0,0.04793906211853027,-3.940523862838745,0.010501727636630358,0.0,0.0,0.0,0.0,0.0,0.0,0.0,0.0,0.08006701267644295,0.0836855777057469
1971.0,6.0,114.0,1971.0,1928.0,0.0,3.0,5.990571975708008,18.208166122436523,0.9934915252504942,0.0,0.0,0.0,0.0,0.0,0.0,0.0,0.0,0.2946529858114003,0.16151426626985566
1971.0,6.0,34.0,4185.0,1971.0,0.0,893.0,0.6834607124328613,7.511537551879883,0.5258168320091435,0.0,0.0,0.0,0.0,0.0,0.0,0.0,0.0,0.12532808280206223,0.09509768183697465
1971.0,61.0,280.0,1145.0,745.0,1.0,1.0,4.62318229675293,12.104853630065918,0.975193356190373,1.0,0.6931471805599453,0.06765243698367357,0.0,1.0,0.9999999999852185,0.5,1.0,0.3407409758463246,0.6469336222341502
1971.0,47.0,198.0,1145.0,1971.0,0.0,3.0,3.1869335174560547,14.469597816467285,0.9602426486696743,2.0,1.0986122886681098,0.03809417669388987,0.4506506745036247,0.0,0.0,0.22532533725181236,0.0,0.2570418980708974,0.22731421555371253
1971.0,53.0,163.0,4185.0,226.0,1.0,1.0,4.309048116207123,4.891584396362305,0.9676444462379022,0.0,0.0,0.0,0.0,0.0,0.0,0.0,0.0,0.4505529121409763,0.35174971345071304
1971.0,53.0,329.0,2683.0,226.0,1.0,1.0,3.005619525909424,5.88801908493042,0.9204713121331689,2.0,1.0986122886681098,0.14358729437462936,0.4950491105234984,0.0,0.0,0.2475245552617492,0.0,0.3634393055879276,0.3743828018482595
1971.0,208.0,133.0,1145.0,1971.0,1.0,1.0,0.6152620315551758,11.04330062866211,0.6474870810444238,1.0,0.6931471805599453,0.07926661300791155,0.0,1.0,0.9999999999873843,0.5,1.0,0.12845950080131,0.38459139991902697
1971.0,42.0,363.0,1971.0,2683.0,0.0,4.0,0.2471318244934082,6.184757709503174,0.4620865321593005,0.0,0.0,0.0,0.0,0.0,0.0,0.0,0.0,0.11310455500498842,0.08970552252062057
3484.0,53.0,103.0,4587.0,4313.0,1.0,1.0,3.172879934310913,5.8600616455078125,0.9315346244286814,0.0,0.0,0.0,0.0,0.0,0.0,0.0,0.0,0.3753876991527146,0.2874417217791216
3484.0,160.0,93.0,3484.0,5297.0,0.0,26.0,3.949793577194214,6.704201698303223,0.9521249461205947,0.0,0.0,0.0,0.0,0.0,0.0,0.0,0.0,0.39756253828755733,0.2976325016605712
3484.0,160.0,322.0,6785.0,1990.0,0.0,2063.0,1.0958322286605835,2.5037765502929688,0.6321671351068435,0.0,0.0,0.0,0.0,0.0,0.0,0.0,0.0,0.21953890296842662,0.1841922373481121
3484.0,160.0,169.0,1013.0,2460.0,0.0,4758.0,0.3556114435195923,2.2159481048583984,0.18304543484778243,0.0,0.0,0.0,0.0,0.0,0.0,0.0,0.0,0.08092904393213458,0.07186604019749862
3484.0,156.0,131.0,1161.0,1873.0,1.0,1.0,6.139271259307861,9.18162727355957,0.9966948184775609,0.0,0.0,0.0,0.0,0.0,0.0,0.0,0.0,0.4522519574526952,0.31869885757842265
3871.0,53.0,268.0,4060.0,7038.0,1.0,1.0,0.32328128814697266,5.480620861053467,0.5143558545070112,0.0,0.0,0.0,0.0,0.0,0.0,0.0,0.0,0.1332879930954694,0.10686670750733761
3871.0,53.0,303.0,1077.0,5395.0,0.0,3.0,1.0131568908691406,7.998843193054199,0.5656847429019322,1.0,0.6931471805599453,0.004312849662788328,0.0,0.0,0.0,0.0,0.0,0.13734092401231543,0.1067903876878633
3871.0,156.0,335.0,3564.0,5395.0,1.0,1.0,3.214935302734375,10.323406219482422,0.9456318048134065,0.0,0.0,0.0,0.0,0.0,0.0,0.0,0.0,0.31160003782445583,0.21440045129527063
3871.0,158.0,332.0,3149.0,3871.0,0.0,303.0,0.005787372589111328,5.087952613830566,0.43910971562789525,0.0,0.0,0.0,0.0,0.0,0.0,0.0,0.0,0.1122458161050137,0.09193449921199494
3871.0,169.0,287.0,5901.0,5385.0,0.0,7102.0,0.18567228317260742,5.5551838874816895,0.4688614647119121,0.0,0.0,0.0,0.0,0.0,0.0,0.0,0.0,0.11859322043806479,0.09550432045942578
3871.0,87.0,302.0,1077.0,3411.0,0.0,59.0,3.2538894414901733,4.753260612487793,0.7970243785905309,0.0,0.0,0.0,0.0,0.0,0.0,0.0,0.0,0.32252247312750154,0.25008059049059744
3871.0,170.0,135.0,6890.0,3564.0,0.0,2255.0,1.032287836074829,2.7795615196228027,0.4070350208234909,0.0,0.0,0.0,0.0,0.0,0.0,0.0,0.0,0.13712386801110182,0.11589812258631045
3871.0,160.0,318.0,5154.0,711.0,0.0,2.0,3.8811683654785156,23.637704849243164,0.9797848992060902,0.0,0.0,0.0,0.0,0.0,0.0,0.0,0.0,0.1702024957548343,0.08135057379746291
3871.0,160.0,317.0,3147.0,3871.0,0.0,31.0,4.151195764541626,7.957070350646973,0.9680487704347825,0.0,0.0,0.0,0.0,0.0,0.0,0.0,0.0,0.3915656334968755,0.2847931759127417
3213.0,155.0,238.0,6888.0,4089.0,1.0,1.0,2.027784824371338,7.129368305206299,0.8219632569540987,0.0,0.0,0.0,0.0,0.0,0.0,0.0,0.0,0.2650460806036355,0.19771455424790524
3213.0,155.0,119.0,6888.0,4304.0,1.0,1.0,2.443629264831543,6.450374126434326,0.880585435825854,0.0,0.0,0.0,0.0,0.0,0.0,0.0,0.0,0.3157722029955998,0.23901053023776145
3213.0,123.0,147.0,6888.0,359.0,0.0,3.0,1.0099148750305176,8.76816463470459,0.6803394122004941,0.0,0.0,0.0,0.0,0.0,0.0,0.0,0.0,0.16556121339662222,0.12048677788510355
4210.0,160.0,36.0,4293.0,1445.0,0.0,164.0,2.7151644229888916,3.731362819671631,0.9205703963228071,0.0,0.0,0.0,0.0,0.0,0.0,0.0,0.0,0.390939843759397,0.3147398714928687
669.0,160.0,218.0,2278.0,146.0,0.0,480.0,17.948233604431152,26.66742515563965,0.9999999747286281,3.0,1.3862943611198906,0.5743491774985175,0.34441385940863845,1.0,0.6586414068779012,0.6722069297043192,1.0,0.5366965986120953,0.634097448796902
669.0,98.0,323.0,6823.0,3159.0,0.0,5.0,3.0973072052001953,18.678115844726562,0.9519121003257339,0.0,0.0,0.0,0.0,0.0,0.0,0.0,0.0,0.19809005492580722,0.10941761599894434
669.0,223.0,337.0,6665.0,5736.0,0.0,1369.0,0.9630329608917236,3.9843006134033203,0.31635816462129857,0.0,0.0,0.0,0.0,0.0,0.0,0.0,0.0,0.10391498143671775,0.08625816518980038
669.0,53.0,310.0,7082.0,246.0,1.0,1.0,2.643406867980957,8.185565948486328,0.9190523930233581,1.0,0.6931471805599453,0.9803906099397734,0.0,1.0,0.385059307800314,0.5,1.0,0.3144938524642901,0.4419835243811234
669.0,180.0,81.0,669.0,6823.0,0.0,4.0,0.21363067626953125,13.754989624023438,0.5493982960322327,0.0,0.0,0.0,0.0,0.0,0.0,0.0,0.0,0.08304925337374565,0.054810873195174005
669.0,180.0,77.0,3411.0,6823.0,0.0,5.0,2.0567007064819336,7.072864055633545,0.7974636307255194,0.0,0.0,0.0,0.0,0.0,0.0,0.0,0.0,0.2552247930874952,0.1903593002626993
669.0,180.0,68.0,6823.0,669.0,0.0,4.0,3.0755667686462402,10.444729804992676,0.9066335966791103,0.0,0.0,0.0,0.0,0.0,0.0,0.0,0.0,0.28613195848065787,0.19566842767072062
669.0,56.0,63.0,6823.0,6785.0,1.0,1.0,10.983588218688965,20.705991744995117,0.9999783530827817,0.0,0.0,0.0,0.0,0.0,0.0,0.0,0.0,0.41022464390540253,0.20822647797631125
669.0,142.0,47.0,2278.0,6823.0,0.0,4.0,10.951889038085938,22.06700325012207,0.9999790273604547,0.0,0.0,0.0,0.0,0.0,0.0,0.0,0.0,0.38559805477886205,0.18704507574375298
669.0,127.0,76.0,2661.0,509.0,0.0,89.0,2.643254280090332,14.216869354248047,0.9149366499282813,0.0,0.0,0.0,0.0,0.0,0.0,0.0,0.0,0.2269212263201923,0.14158064139046267
669.0,207.0,108.0,1077.0,3159.0,0.0,3.0,4.00004768371582,11.623783111572266,0.9810498831585521,0.0,0.0,0.0,0.0,0.0,0.0,0.0,0.0,0.33285457624156073,0.22122707801760647
669.0,18.0,322.0,3159.0,151.0,0.0,23.0,2.44748592376709,11.147314071655273,0.9114430578591528,0.0,0.0,0.0,0.0,0.0,0.0,0.0,0.0,0.26145148735372287,0.17692383762490188
1954.0,156.0,272.0,1161.0,3002.0,1.0,1.0,4.5392889976501465,12.189125061035156,0.9854991195886034,11.0,2.4849066497880004,0.9803906099397734,0.6527304032232284,0.8246940925709615,0.6939818209777447,0.7387122478970949,1.0,0.34240279745814245,0.6560659204263823
1954.0,6.0,318.0,1161.0,5182.0,1.0,1.0,0.402071475982666,5.2240519523620605,0.5877609965612529,1.0,0.6931471805599453,0.03885612153734319,0.0,0.0,0.0,0.0,0.0,0.158945941860264,0.1316438588352021
1954.0,115.0,322.0,1161.0,3262.0,1.0,1.0,1.063692569732666,8.008134841918945,0.6672149812837543,4.0,1.6094379124341003,0.5,0.49986590577797996,0.9904608639080223,0.587086729968565,0.7451633848430012,1.0,0.16984188958551388,0.46944532716505705
1954.0,159.0,90.0,1161.0,2442.0,1.0,1.0,0.20980358123779297,6.914703369140625,0.27689736016871114,0.0,0.0,0.0,0.0,0.0,0.0,0.0,0.0,0.07152242951121617,0.05673294852570027
1954.0,202.0,274.0,5182.0,4029.0,0.0,3.0,1.5192224979400635,4.487820625305176,0.6785228658848131,0.0,0.0,0.0,0.0,0.0,0.0,0.0,0.0,0.22390493203890507,0.17834786376064493
3262.0,123.0,280.0,6410.0,1077.0,0.0,7.0,3.8890295028686523,15.47911548614502,0.9795558810793635,6.0,1.9459101490553132,0.9057236642639067,0.5189761331527918,0.4810238668472082,0.3017362472435604,0.5,1.0,0.270314832099247,0.42660209965894236
3262.0,123.0,65.0,711.0,6410.0,1.0,1.0,2.69696044921875,12.815634727478027,0.9270700006329686,0.0,0.0,0.0,0.0,0.0,0.0,0.0,0.0,0.2520260521085872,0.16317070662098807
3262.0,123.0,252.0,1077.0,6410.0,1.0,1.0,8.410120010375977,24.679410934448242,0.999773826727992,1.0,0.6931471805599453,0.02720470510300388,0.0,0.0,0.0,0.0,0.0,0.2691130881211325,0.12443226837855162
3262.0,123.0,293.0,5037.0,567.0,0.0,10.0,1.6481409072875977,13.62242317199707,0.7690109469757035,3.0,1.3862943611198906,0.7001394896518027,0.10325260219711441,0.0,0.0,0.051626301098557204,0.0,0.15857067944010542,0.09530291280863075
3262.0,123.0,253.0,1077.0,6410.0,0.0,428.0,5.456836700439453,26.608800888061523,0.9957496033578765,1.0,0.6931471805599453,0.026671237429165648,0.0,0.0,0.0,0.0,0.0,0.1754055190500345,0.07859404978021328
3262.0,115.0,259.0,6410.0,5037.0,1.0,1.0,3.7137022018432617,17.331369400024414,0.9682173568568351,5.0,1.791759469228055,0.9057236642639067,0.47533980063748615,0.0,0.0,0.23766990031874308,0.0,0.23538524831327817,0.15863705478822965
3262.0,115.0,220.0,1077.0,3155.0,1.0,1.0,5.5157623291015625,16.15324592590332,0.9933381343536275,1.0,0.6931471805599453,0.12500000000000003,0.0,0.0,0.0,0.0,0.0,0.3124508763955823,0.18303588858752026
3262.0,115.0,253.0,1077.0,6410.0,0.0,1.0,4.187231063842773,17.2906551361084,0.983466149145356,3.0,1.3862943611198906,1.0,0.3732889679813918,0.6267110320186082,0.03216972681416512,0.5,1.0,0.2545603148737394,0.30359450388668086
3262.0,115.0,312.0,1077.0,929.0,0.0,2.0,10.116952896118164,20.562515258789062,0.9999078745062143,10.0,2.3978952727983707,0.9803906099397734,0.5536139898030856,0.4463860101969143,0.19792704297692468,0.5,1.0,0.3846188463119181,0.46712158737654275
3262.0,53.0,62.0,3155.0,6635.0,0.0,5.0,8.054508209228516,16.768016815185547,0.9993801859936223,2.0,1.0986122886681098,1.0,0.0,1.0,0.009901778953000451,0.5,1.0,0.38334019743394376,0.3546762284644001
3262.0,53.0,316.0,6410.0,1077.0,1.0,1.0,0.028593063354492188,23.18051528930664,0.4909289165621994,30.0,3.4339872044851463,0.5858370854182298,0.7802064113169646,0.0,0.0,0.3901032056584823,0.0,0.037330411932645705,0.03864983022363878
3262.0,53.0,78.0,6410.0,3155.0,1.0,1.0,2.7274246215820312,14.983236312866211,0.9372647290451667,1.0,0.6931471805599453,0.9611657480580811,0.0,0.0,0.0,0.0,0.0,0.22862714372320314,0.10753327814810798
3262.0,53.0,207.0,6410.0,5037.0,1.0,1.0,4.422027587890625,12.687568664550781,0.9773609166596635,20.0,3.044522437723423,0.9057236642639067,0.6302832726442297,0.3697167273557703,0.006481355713021303,0.5,1.0,0.326478905533761,0.478504256264053
3262.0,53.0,100.0,6410.0,3155.0,0.0,10.0,0.7184171676635742,11.216120719909668,0.49526462522560016,7.0,2.0794415416798357,0.9238395952400507,0.5762376777707647,0.7612802716440156,0.28816787173455316,0.6687589747073901,1.0,0.09279246279873228,0.2269205852110283
3262.0,98.0,216.0,1077.0,6410.0,0.0,3.0,5.363550186157227,14.669645309448242,0.991367700352259,8.0,2.1972245773362196,0.4901953049698867,0.592069631998466,0.0,0.0,0.296034815999233,0.0,0.3303494148547754,0.28801485802704874
3262.0,98.0,258.0,1077.0,3262.0,0.0,3.0,8.484882354736328,20.81452178955078,0.9997620660374003,10.0,2.3978952727983707,0.8879629756445782,0.6318027226361415,0.0,0.0,0.31590136131807073,0.0,0.3297664048833245,0.22496737644547815
3262.0,98.0,66.0,1077.0,6410.0,1.0,1.0,8.537065505981445,16.91682243347168,0.9997928930624997,1.0,0.6931471805599453,0.4267397988666503,0.0,0.0,0.0,0.0,0.0,0.39653320909501727,0.20741244509992354
3262.0,98.0,314.0,1077.0,6410.0,1.0,1.0,2.6939468383789062,13.596779823303223,0.9331538927746145,11.0,2.4849066497880004,0.9238395952400507,0.4626925932754994,0.0,0.0,0.2313462966377497,0.0,0.24413601660690284,0.18761964263834066
3262.0,56.0,317.0,3262.0,6410.0,0.0,14.0,18.04422950744629,29.99458885192871,0.9999999816038941,0.0,0.0,0.0,0.0,0.0,0.0,0.0,0.0,0.4797993599555116,0.18738090742139327
3262.0,56.0,20.0,1077.0,5037.0,0.0,2.0,9.530967712402344,17.880840301513672,0.999881505142783,2.0,1.0986122886681098,1.0,0.0,1.0,0.999999999999495,0.5,1.0,0.41213815486735317,0.5803510420276871
3262.0,142.0,106.0,711.0,6293.0,1.0,1.0,19.266096115112305,31.724674224853516,0.9999999900207526,23.0,3.1780538303479458,0.9803906099397734,0.6931700978488473,0.8324675540184241,0.7011601725283577,0.7628188259336357,1.0,0.4897758959176453,0.6181963046553629
3262.0,142.0,315.0,711.0,6888.0,0.0,4.0,0.10418510437011719,16.425159454345703,0.5247912239158243,36.0,3.6109179126442243,0.17503487241295065,0.7128961507978251,0.0,0.0,0.35644807539891254,0.0,0.06482626032744003,0.0851191579885736
3262.0,142.0,135.0,711.0,5421.0,0.0,6.0,8.893521308898926,18.97760772705078,0.9997954218878253,35.0,3.58351893845611,0.8042490800314893,0.7832841287015009,0.809393297798948,0.6281496508956309,0.7963387132502244,1.0,0.37263563650383963,0.6657068531753157
3262.0,142.0,132.0,951.0,733.0,0.0,2.0,2.578152656555176,12.193087577819824,0.890890678376735,5.0,1.791759469228055,0.9803906099397734,0.4026732148944878,0.0,0.0,0.2013366074472439,0.0,0.24121952320426207,0.17344623073619803
3262.0,142.0,48.0,711.0,3262.0,1.0,1.0,7.327191352844238,19.893404006958008,0.9989625701410059,6.0,1.9459101490553132,0.9423178739918808,0.4402899472388865,0.5597100527611135,0.35131169015757435,0.5,1.0,0.30981106284974774,0.41985748238882975
3262.0,142.0,116.0,711.0,6410.0,1.0,1.0,13.398426055908203,20.498733520507812,0.9999982300169674,30.0,3.4339872044851463,0.9803906099397734,0.7748383876339431,0.8515248035227183,0.7169185714055089,0.8131815955783307,1.0,0.49462608505511524,0.7372410341673992
3262.0,127.0,326.0,1077.0,6410.0,0.0,1.0,1.1273460388183594,19.816577911376953,0.6116561731895881,25.0,3.258096538021482,1.0,0.7086390411367072,0.5257907257884733,0.22594006923187024,0.6172148834625902,1.0,0.0712986740106943,0.15738411924900875
3262.0,127.0,180.0,1077.0,6410.0,1.0,1.5,11.83242416381836,30.700300216674805,0.9999927196680647,10.0,2.3978952727983707,0.9803906099397734,0.39053208645065285,0.0,0.0,0.19526604322532642,0.0,0.2745228143782315,0.11327627748281771
3262.0,127.0,58.0,5037.0,6410.0,1.0,1.0,1.7360973358154297,14.422019958496094,0.7943235207865682,1.0,0.6931471805599453,0.9803906099397734,0.0,0.0,0.0,0.0,0.0,0.16058181762093876,0.07586074673764923
3262.0,127.0,74.0,5037.0,6410.0,0.0,1.0,0.44535064697265625,11.10692310333252,0.44044860569594735,4.0,1.6094379124341003,1.0,0.4520075098915213,0.5479924901084787,0.08544624047564377,0.5,1.0,0.08009163749651825,0.14685508224108623
3262.0,127.0,199.0,5037.0,6410.0,0.0,2.0,0.5491676330566406,15.996533393859863,0.6048803172463559,20.0,3.044522437723423,0.6729500963161781,0.5864593541576655,0.4135406458423345,0.21494626931094504,0.5,1.0,0.08433548009321098,0.19444455283017395
3262.0,127.0,209.0,1077.0,6635.0,0.0,20.0,2.0360260009765625,20.754854202270508,0.8787682960310063,10.0,2.3978952727983707,0.5520447568369061,0.39053208645065285,0.0,0.0,0.19526604322532642,0.0,0.13373211297744703,0.0932167846866364
3262.0,127.0,92.0,1077.0,3155.0,0.0,3.0,3.488865852355957,18.241214752197266,0.9603788355912302,6.0,1.9459101490553132,0.8879629756445782,0.7633278738419917,0.0,0.0,0.38166393692099587,0.0,0.2152940889547813,0.17649272851370282
3262.0,122.0,168.0,5037.0,3155.0,1.0,1.0,3.071093797683716,6.693740367889404,0.9380250946034695,6.0,1.9459101490553132,0.8705505632961241,0.5383245320493211,1.0,0.9999999999997758,0.7691622660246605,1.0,0.3617793167216064,0.7537956396277463
3262.0,160.0,277.0,5037.0,4401.0,0.0,2182.0,0.73335862159729,2.769171714782715,0.3266816359563194,9.0,2.302585092994046,0.8534795977333005,0.7108183063122744,0.8030641933974132,0.5667467415979272,0.7569412498548438,1.0,0.11178190474346268,0.40372719232488086
3262.0,160.0,184.0,5037.0,4011.0,1.0,1.0,8.0057852268219,10.755176544189453,0.9990980455887022,4.0,1.6094379124341003,0.9238395952400507,0.5703951884966635,0.4296048115033365,0.0353285331591747,0.5,1.0,0.48816438229886694,0.6006899937073186
3262.0,160.0,309.0,6635.0,2661.0,0.0,3.0,3.075373649597168,12.32265853881836,0.9431826928521281,1.0,0.6931471805599453,0.6597539553864471,0.0,0.0,0.0,0.0,0.0,0.27644608487628985,0.15440283467354327
3262.0,160.0,107.0,567.0,1179.0,0.0,724.0,5.788605213165283,10.14838695526123,0.9950931843943973,0.0,0.0,0.0,0.0,0.0,0.0,0.0,0.0,0.42242269915299424,0.2903769313964718
3262.0,207.0,168.0,5037.0,4805.0,1.0,1.0,2.280564308166504,12.50252914428711,0.841603135728798,5.0,1.791759469228055,0.8705505632961241,0.5203602078586127,0.9435476441045402,0.6210657815071794,0.7319539259815764,1.0,0.20958908177817628,0.47201564717995287
3262.0,208.0,135.0,6635.0,6410.0,0.0,28.0,0.048221588134765625,9.266681671142578,0.48156966400190143,0.0,0.0,0.0,0.0,0.0,0.0,0.0,0.0,0.09427816800954719,0.0698231828609542
3262.0,155.0,281.0,5037.0,1077.0,1.0,1.0,1.1943044662475586,14.989055633544922,0.7567155845499113,8.0,2.1972245773362196,0.8534795977333005,0.7527544288563119,0.48964280744215616,0.26753966520041933,0.621198618149234,1.0,0.1348398240415512,0.3016489993696389
3262.0,155.0,286.0,5037.0,5736.0,1.0,1.0,3.1510448455810547,8.367940902709961,0.9350951173880026,8.0,2.1972245773362196,0.7730166686334901,0.7527544288563118,0.48964280744215616,0.2675396652004142,0.6211986181492339,1.0,0.3351224035562506,0.6078204077488177
3262.0,155.0,266.0,1077.0,5037.0,1.0,1.0,1.5510387420654297,14.073168754577637,0.8215025537802504,8.0,2.1972245773362196,0.9803906099397734,0.276814065693089,0.723185934306911,0.06203054607689593,0.5,1.0,0.16964015549899653,0.24272113144794907
3262.0,155.0,264.0,1077.0,6410.0,0.0,4.0,0.45816707611083984,14.876151084899902,0.5001898331151494,7.0,2.0794415416798357,1.0,0.4360467209699863,0.0,0.0,0.21802336048499316,0.0,0.07120673960648212,0.05266749602232159
3262.0,203.0,9.0,1077.0,6410.0,1.0,1.0,2.202575206756592,5.954100608825684,0.8147686741897078,0.0,0.0,0.0,0.0,0.0,0.0,0.0,0.0,0.28322454206561126,0.21658149364042525
3262.0,169.0,173.0,711.0,5046.0,0.0,3860.0,8.950932502746582,18.376842498779297,0.9996996214313812,0.0,0.0,0.0,0.0,0.0,0.0,0.0,0.0,0.3846395076238491,0.20892242573838624
3262.0,169.0,8.0,1077.0,6635.0,0.0,4604.0,2.772313117980957,16.34035301208496,0.9376086855027012,0.0,0.0,0.0,0.0,0.0,0.0,0.0,0.0,0.2129167843755261,0.12562230543960337
3262.0,171.0,111.0,5037.0,6410.0,0.0,52.0,5.025893211364746,13.720946311950684,0.9922761777481016,0.0,0.0,0.0,0.0,0.0,0.0,0.0,0.0,0.3359523176274052,0.21019552126558005
3262.0,172.0,343.0,1077.0,5036.0,0.0,2201.0,0.5924191474914551,7.101748466491699,0.38243998129683027,1.0,0.6931471805599453,0.0013948113403597184,0.0,0.0,0.0,0.0,0.0,0.09355054909997786,0.07602428699730802
3262.0,172.0,238.0,3262.0,3159.0,0.0,2458.0,0.3638792037963867,5.483778953552246,0.2749444168307426,0.0,0.0,0.0,0.0,0.0,0.0,0.0,0.0,0.07989199577608838,0.06525806481181964
3262.0,103.0,87.0,6410.0,5037.0,0.0,2.0,7.444847106933594,16.060821533203125,0.9993707214587138,4.0,1.6094379124341003,0.7730166686334901,0.2225246039789398,0.0,0.0,0.1112623019894699,0.0,0.3759802675230782,0.22257367076270299
3262.0,103.0,314.0,6410.0,1077.0,1.0,1.0,1.4086389541625977,12.729541778564453,0.7997466018866798,15.0,2.772588722239781,0.9803906099397734,0.7312091275975419,0.0,0.0,0.36560456379877093,0.0,0.1732766582376034,0.16808206723596467
3262.0,103.0,78.0,6410.0,5037.0,1.0,1.0,2.0502071380615234,19.194377899169922,0.884458648482841,4.0,1.6094379124341003,0.9238395952400507,0.2225246039789397,0.0,0.0,0.11126230198946985,0.0,0.1493442644634572,0.07978733791726175
3262.0,103.0,182.0,6410.0,3262.0,1.0,1.0,0.4106903076171875,15.186175346374512,0.5381771747768628,6.0,1.9459101490553132,0.22199074391114454,0.4969117603067922,0.0,0.0,0.2484558801533961,0.0,0.07546451934765343,0.0749531634083075
3262.0,103.0,48.0,6410.0,1077.0,1.0,1.0,3.739060401916504,17.969133377075195,0.9735100721740539,0.0,0.0,0.0,0.0,0.0,0.0,0.0,0.0,0.23003049708232132,0.12886732020921993
3262.0,103.0,208.0,6410.0,5037.0,1.0,1.0,11.99536418914795,22.125368118286133,0.9999879298952181,8.0,2.1972245773362196,0.9057236642639067,0.6089048917938631,0.0,0.0,0.30445244589693155,0.0,0.4184889901450545,0.2639289467014674
3262.0,52.0,219.0,5037.0,3159.0,1.0,1.0,3.0306472778320312,14.216460227966309,0.911721970140616,0.0,0.0,0.0,0.0,0.0,0.0,0.0,0.0,0.23485111979984696,0.14580289907632524
3262.0,38.0,71.0,3922.0,1077.0,0.0,170.0,3.0240726470947266,13.033761024475098,0.9507148570674833,0.0,0.0,0.0,0.0,0.0,0.0,0.0,0.0,0.2684644349775905,0.17264540923077012
3262.0,191.0,75.0,1077.0,3262.0,0.0,3.0,2.990549087524414,20.43598747253418,0.9452041589292336,0.0,0.0,0.0,0.0,0.0,0.0,0.0,0.0,0.1742018084371078,0.09181831176235537
3262.0,181.0,152.0,3922.0,5463.0,0.0,709.0,2.6236824989318848,5.254610061645508,0.5949452170766906,0.0,0.0,0.0,0.0,0.0,0.0,0.0,0.0,0.20576740157410178,0.15816179944154923
3262.0,159.0,222.0,1077.0,6410.0,1.0,1.0,2.440645217895508,18.532873153686523,0.9103538392464429,4.0,1.6094379124341003,0.8879629756445782,0.10782804930546308,0.0,0.0,0.05391402465273154,0.0,0.1712663996656763,0.08600348272922914
1127.0,56.0,55.0,5943.0,2653.0,0.0,6182.0,1.9963735342025757,3.159868001937866,0.6459872637618523,0.0,0.0,0.0,0.0,0.0,0.0,0.0,0.0,0.23852196302004194,0.19418554167641838
5185.0,38.0,51.0,5395.0,873.0,0.0,7.0,1.7895770072937012,4.6056084632873535,0.65620660411131,0.0,0.0,0.0,0.0,0.0,0.0,0.0,0.0,0.219462457322762,0.17358274566796722
5185.0,38.0,315.0,1990.0,4283.0,0.0,2.0,1.181894600391388,1.6957613229751587,0.4510371068713608,1.0,0.6931471805599453,0.16823752407904452,0.0,0.0,0.0,0.0,0.0,0.16319171549101336,0.13914213633140016
5185.0,160.0,112.0,3686.0,1215.0,0.0,2.0,4.8443686962127686,7.005687236785889,0.9781436435332592,0.0,0.0,0.0,0.0,0.0,0.0,0.0,0.0,0.4368842380303175,0.324651428156107
171.0,158.0,228.0,4593.0,278.0,0.0,1071.0,0.19816069304943085,-0.128448948264122,0.028954380122916585,0.0,0.0,0.0,0.0,0.0,0.0,0.0,0.0,0.06582612323202727,0.06295969055587883
171.0,160.0,15.0,1122.0,3312.0,0.0,3093.0,1.8510791063308716,0.608120322227478,0.43019007295669803,0.0,0.0,0.0,0.0,0.0,0.0,0.0,0.0,0.18009765735836783,0.15661223937668955
171.0,160.0,111.0,1077.0,3133.0,0.0,2885.0,2.5497703552246094,6.018756866455078,0.9178754537733967,0.0,0.0,0.0,0.0,0.0,0.0,0.0,0.0,0.34573984172526406,0.264859884596206
3159.0,142.0,168.0,2290.0,5036.0,0.0,96.0,6.137850761413574,15.79381275177002,0.9978020084700402,0.0,0.0,0.0,0.0,0.0,0.0,0.0,0.0,0.3389893201746721,0.19935602312361955
3159.0,142.0,62.0,2290.0,2083.0,0.0,10.0,5.293158531188965,12.090654373168945,0.9868538931574803,0.0,0.0,0.0,0.0,0.0,0.0,0.0,0.0,0.3681206474797368,0.24024966228181308
3159.0,142.0,177.0,1077.0,5036.0,0.0,6.0,2.10341739654541,13.567615509033203,0.8784412233415105,1.0,0.6931471805599453,0.08580127266283155,0.0,0.0,0.0,0.0,0.0,0.20755955801613116,0.13461948110378322
3159.0,142.0,249.0,3155.0,3830.0,0.0,5.0,5.541796684265137,11.526924133300781,0.9900494866372809,1.0,0.6931471805599453,0.19325416715837251,0.0,0.0,0.0,0.0,0.0,0.3874225570549368,0.2529927079882297
3159.0,142.0,265.0,6293.0,4702.0,0.0,2.0,3.9945755004882812,13.281233787536621,0.9647765376561904,5.0,1.791759469228055,0.8534795977333005,0.20137573388462626,0.0,0.0,0.10068786694231313,0.0,0.298333066256643,0.18743127050768524
3159.0,142.0,236.0,4702.0,6293.0,0.0,2299.0,6.852064609527588,14.49284839630127,0.9985600889467707,7.0,2.0794415416798357,1.0,0.03437905371661609,0.9656209462833839,0.042148696326266694,0.5,1.0,0.38337985687869525,0.4038349480375764
3159.0,142.0,250.0,3341.0,4702.0,0.0,6216.0,5.118334770202637,13.768486976623535,0.9838496051901429,6.0,1.9459101490553132,0.2706097479346942,0.5061529880730744,0.0,0.0,0.2530764940365372,0.0,0.33344763707063835,0.2948815092129579
3159.0,142.0,338.0,3155.0,6823.0,0.0,8.0,3.5183143615722656,16.34233283996582,0.946104890724183,2.0,1.0986122886681098,0.6341329040632923,0.049697460152432704,0.0,0.0,0.024848730076216352,0.0,0.23393140354509423,0.12451356980577295
3159.0,142.0,342.0,3380.0,3990.0,0.0,4.0,2.5672550201416016,14.055777549743652,0.9031039327392577,0.0,0.0,0.0,0.0,0.0,0.0,0.0,0.0,0.2221981060044251,0.13921964381975288
3159.0,142.0,362.0,3155.0,3159.0,0.0,5.0,8.779073715209961,20.51296615600586,0.9998373516737894,3.0,1.3862943611198906,0.7141434062641757,0.3674548209027383,0.0,0.0,0.18372741045136914,0.0,0.34356354024270297,0.19665566381387292
3159.0,156.0,320.0,2617.0,3155.0,0.0,131.0,7.213311195373535,16.9739933013916,0.999208057041678,2.0,1.0986122886681098,0.20918584584822575,0.4359895100305369,0.0,0.0,0.21799475501526844,0.0,0.3533258494494835,0.26548150175580787
3159.0,156.0,160.0,3155.0,3758.0,0.0,2.0,6.803314208984375,16.933012008666992,0.9985205737832362,0.0,0.0,0.0,0.0,0.0,0.0,0.0,0.0,0.34106017370179703,0.19367005816612615
3159.0,156.0,307.0,3155.0,5046.0,0.0,2681.0,3.021664619445801,12.100211143493652,0.897253455232325,0.0,0.0,0.0,0.0,0.0,0.0,0.0,0.0,0.2565483792792987,0.16810666647601535
3159.0,169.0,292.0,2290.0,3155.0,0.0,11.0,0.7477092742919922,17.74297523498535,0.656709366196337,0.0,0.0,0.0,0.0,0.0,0.0,0.0,0.0,0.08630927654479552,0.05075695019910115
3159.0,160.0,168.0,4346.0,3155.0,0.0,1.0,1.5435314178466797,18.57799530029297,0.8168148759829875,3.0,1.3862943611198906,1.0,0.13730903733379496,0.0,0.0,0.06865451866689748,0.0,0.12712459311217508,0.0624347262696034
3159.0,160.0,187.0,3155.0,920.0,0.0,7.0,1.53635835647583,8.49929141998291,0.5902503998088489,2.0,1.0986122886681098,0.7001394896518027,0.09300500750789453,0.0,0.0,0.046502503753947266,0.0,0.14882406335147608,0.09909662573984623
3159.0,160.0,226.0,3155.0,5004.0,0.0,55.0,6.105196952819824,16.75186538696289,0.9947885473609617,2.0,1.0986122886681098,0.3234082913657485,0.09300500750789453,0.0,0.0,0.046502503753947266,0.0,0.3210746878703339,0.18970040253865628
3159.0,160.0,182.0,3159.0,5046.0,0.0,2.0,4.50991153717041,14.120859146118164,0.9853521766008684,0.0,0.0,0.0,0.0,0.0,0.0,0.0,0.0,0.3107142757928918,0.19261767515725253
3159.0,98.0,152.0,711.0,3159.0,0.0,5.0,0.31229400634765625,20.947723388671875,0.5714368202026698,0.0,0.0,0.0,0.0,0.0,0.0,0.0,0.0,0.054376722849238605,0.03001927223592909
3159.0,98.0,62.0,3159.0,3155.0,0.0,23.0,0.7621517181396484,12.333235740661621,0.6731297014792476,0.0,0.0,0.0,0.0,0.0,0.0,0.0,0.0,0.1271508758238622,0.08533200594883239
3159.0,98.0,364.0,3155.0,6785.0,1.0,1.0,8.227398872375488,19.016172409057617,0.9995991366752021,31.0,3.4657359027997265,0.9803906099397734,0.6844743891492961,0.8386707518904156,0.7141411348599361,0.7615725705198559,1.0,0.3510899869498113,0.6317907253253137
3159.0,98.0,206.0,3155.0,3341.0,1.0,1.0,7.663874626159668,15.974577903747559,0.9988100952255787,11.0,2.4849066497880004,0.4528618321319533,0.6589876607314645,0.6408203494167765,0.25030005615294015,0.6499040050741205,1.0,0.3841099113781616,0.6028179728594772
3159.0,171.0,98.0,2790.0,3155.0,0.0,583.0,0.5540280342102051,6.248754978179932,0.5231754142812366,0.0,0.0,0.0,0.0,0.0,0.0,0.0,0.0,0.13292314238608188,0.10415151740556348
3159.0,53.0,301.0,3159.0,5046.0,0.0,18.0,2.484346389770508,14.400304794311523,0.9160213287329851,0.0,0.0,0.0,0.0,0.0,0.0,0.0,0.0,0.2213306124699982,0.13771813604508407
3159.0,97.0,301.0,3159.0,3155.0,0.0,3.0,1.1005702018737793,7.8314008712768555,0.656870219317316,0.0,0.0,0.0,0.0,0.0,0.0,0.0,0.0,0.16883675639277976,0.12546717870359914
3159.0,97.0,226.0,3155.0,4346.0,0.0,2.0,1.906045913696289,11.382597923278809,0.8610023458746674,0.0,0.0,0.0,0.0,0.0,0.0,0.0,0.0,0.22266278477510545,0.15029215653482186
3159.0,222.0,127.0,4346.0,6603.0,0.0,1110.0,4.090997695922852,13.106949806213379,0.9685155465357158,7.0,2.0794415416798357,0.3298769776932236,0.7308229621460794,0.8895922794115114,0.6323437748720296,0.8102076207787954,1.0,0.3056395128255079,0.6691124966429433
3159.0,174.0,301.0,3155.0,711.0,0.0,23.0,1.7403068542480469,6.7642436027526855,0.7369961278255802,0.0,0.0,0.0,0.0,0.0,0.0,0.0,0.0,0.2249459655877897,0.1694988522678099
3159.0,207.0,329.0,3159.0,3990.0,0.0,12.0,6.227472305297852,17.342243194580078,0.9978563936190484,0.0,0.0,0.0,0.0,0.0,0.0,0.0,0.0,0.31698661405576706,0.17816908125914535
3159.0,207.0,297.0,3159.0,7038.0,0.0,5.0,2.044989585876465,14.758439064025879,0.8398205129813273,0.0,0.0,0.0,0.0,0.0,0.0,0.0,0.0,0.17845209771421192,0.11021298014041185
3159.0,207.0,270.0,711.0,2290.0,0.0,5.0,1.0470352172851562,11.957769393920898,0.6927245714822037,0.0,0.0,0.0,0.0,0.0,0.0,0.0,0.0,0.14021879361481537,0.09439831324906973
3159.0,56.0,163.0,4346.0,3159.0,0.0,5.0,1.7096920013427734,19.923128128051758,0.8461946489059765,0.0,0.0,0.0,0.0,0.0,0.0,0.0,0.0,0.12666752381258883,0.06885188871224683
3159.0,173.0,315.0,4534.0,509.0,0.0,79.0,0.03264284133911133,2.7042646408081055,0.26040912164565005,0.0,0.0,0.0,0.0,0.0,0.0,0.0,0.0,0.08928514765468341,0.07839472131946053
3159.0,16.0,56.0,3159.0,5046.0,0.0,2.0,3.9752063751220703,13.500265121459961,0.9787767840806489,0.0,0.0,0.0,0.0,0.0,0.0,0.0,0.0,0.3015369993934524,0.19062293168410535
3159.0,161.0,266.0,3155.0,2790.0,1.0,1.0,1.8989810943603516,4.987924575805664,0.5723978859938289,0.0,0.0,0.0,0.0,0.0,0.0,0.0,0.0,0.18487938679360755,0.1448816186582678
4188.0,160.0,154.0,5046.0,6785.0,0.0,114.0,1.2709375023841858,0.7002576589584351,0.4916148904495701,0.0,0.0,0.0,0.0,0.0,0.0,0.0,0.0,0.1895734852558585,0.16583304020290246
4188.0,160.0,19.0,2617.0,1128.0,0.0,3.0,2.6787543296813965,7.602306365966797,0.8966326292779535,0.0,0.0,0.0,0.0,0.0,0.0,0.0,0.0,0.31298303239986175,0.23027423883258047
4188.0,53.0,286.0,3758.0,6155.0,0.0,9.0,2.6884944438934326,3.878072500228882,0.8707673174526117,1.0,0.6931471805599453,0.02276335699209365,0.0,0.0,0.0,0.0,0.0,0.35948618033172064,0.29634129593174713
4188.0,171.0,128.0,5050.0,4408.0,0.0,255.0,0.10523384809494019,0.8395362496376038,0.07751048835966218,0.0,0.0,0.0,0.0,0.0,0.0,0.0,0.0,0.06797061829816031,0.06340151637108017
287.0,156.0,348.0,122.0,1954.0,0.0,1218.0,1.053308829665184,0.18392179906368256,0.4551274188607666,0.0,0.0,0.0,0.0,0.0,0.0,0.0,0.0,0.17759228717836842,0.15814337088660438
287.0,90.0,76.0,4004.0,1122.0,1.0,1.0,7.089310340583324,7.17579460144043,0.9964455284224026,0.0,0.0,0.0,0.0,0.0,0.0,0.0,0.0,0.5203600249458097,0.3854721076853344
3592.0,160.0,167.0,2683.0,4185.0,0.0,5.0,1.7198915481567383,5.676325798034668,0.6762760990990164,0.0,0.0,0.0,0.0,0.0,0.0,0.0,0.0,0.21292548450546117,0.16452901866314998
3592.0,169.0,82.0,3592.0,328.0,0.0,5.0,8.200151681900024,10.688348770141602,0.9990008283957975,0.0,0.0,0.0,0.0,0.0,0.0,0.0,0.0,0.49588284681243744,0.33679149920228424
3592.0,150.0,281.0,1145.0,3430.0,1.0,1.0,1.825183629989624,4.632639408111572,0.6436916552629234,0.0,0.0,0.0,0.0,0.0,0.0,0.0,0.0,0.2148220537343876,0.1697235723040741
2340.0,160.0,348.0,1176.0,925.0,0.0,3.0,1.762770652770996,11.434317588806152,0.8479699896026645,0.0,0.0,0.0,0.0,0.0,0.0,0.0,0.0,0.213369446070879,0.14403369508231717
2340.0,156.0,361.0,4415.0,5565.0,0.0,4.0,0.41808271408081055,2.1192824840545654,0.28245130370258364,0.0,0.0,0.0,0.0,0.0,0.0,0.0,0.0,0.10203458537156035,0.08972217873996852
2340.0,103.0,303.0,2908.0,5565.0,1.0,1.0,2.101223945617676,6.257259368896484,0.7236737858802359,0.0,0.0,0.0,0.0,0.0,0.0,0.0,0.0,0.23439233180565677,0.17768161447258715
5092.0,142.0,50.0,956.0,3341.0,0.0,3152.0,0.8668558597564697,4.496158123016357,0.5421643113042353,0.0,0.0,0.0,0.0,0.0,0.0,0.0,0.0,0.15970504774497385,0.12925693485843023
5092.0,142.0,109.0,2457.0,6355.0,0.0,2.0,2.1204919815063477,6.910669803619385,0.8340732416028607,0.0,0.0,0.0,0.0,0.0,0.0,0.0,0.0,0.27640653589837116,0.20713180843141366
5092.0,142.0,314.0,4702.0,3155.0,1.0,1.0,1.6548089981079102,15.477973937988281,0.788995253953007,2.0,1.0986122886681098,0.14938869249630476,0.0,0.0,0.0,0.0,0.0,0.1475204677657872,0.09214669111876529
5092.0,162.0,343.0,6823.0,1077.0,0.0,26.0,0.11429405212402344,6.589857578277588,0.3996774583927793,1.0,0.6931471805599453,1.0,0.0,0.0,0.0,0.0,1.0,0.0947403518342411,0.10976123135707466
5092.0,98.0,333.0,3155.0,5092.0,1.0,1.0,0.7488417625427246,7.939303874969482,0.6605158399173914,7.0,2.0794415416798357,0.19325416715837251,0.05000670849681543,0.9882984034790738,0.9651455811528132,0.5191525559879446,1.0,0.16240040811252487,0.48509963766056435
5092.0,53.0,314.0,3155.0,711.0,0.0,2.0,3.6857128143310547,12.888843536376953,0.9752069697861776,8.0,2.1972245773362196,0.26530325583334324,0.49765181000788195,0.0,0.0,0.24882590500394097,0.0,0.30080531531593313,0.27941224032632883
2315.0,56.0,91.0,3262.0,6410.0,0.0,32.0,2.831014633178711,7.967453956604004,0.8809998069359312,0.0,0.0,0.0,0.0,0.0,0.0,0.0,0.0,0.303702504426349,0.22083226903139636
2315.0,127.0,51.0,3341.0,3262.0,0.0,2.0,2.001392364501953,12.570174217224121,0.8639251783771205,1.0,0.6931471805599453,0.6216979445974911,0.0,1.0,0.08888373742519218,0.5,1.0,0.21144139509258994,0.27376280653763463
2315.0,127.0,16.0,1077.0,6890.0,0.0,61.0,1.5551667213439941,7.5536346435546875,0.7232280932429668,1.0,0.6931471805599453,1.0,0.0,1.0,0.9999999999989999,0.5,1.0,0.2054736780993644,0.45007044029381815
2315.0,169.0,34.0,5037.0,1077.0,0.0,199.0,7.145334243774414,12.056144714355469,0.9961496944118422,0.0,0.0,0.0,0.0,0.0,0.0,0.0,0.0,0.43414111950684403,0.28329076949638776
2315.0,160.0,75.0,5037.0,920.0,0.0,5.0,10.488561630249023,15.997770309448242,0.9999346364771283,0.0,0.0,0.0,0.0,0.0,0.0,0.0,0.0,0.47771234553930825,0.2812664006826214
2315.0,160.0,112.0,3262.0,6890.0,1.0,1.0,1.1323952674865723,7.8354620933532715,0.6448534153184438,15.0,2.772588722239781,0.9611657480580811,0.8247977064728643,0.8876328132306435,0.791008652748929,0.8562152598517538,1.0,0.16536482629165317,0.5485701171845055
2315.0,160.0,162.0,3262.0,1077.0,1.0,1.0,10.729315519332886,12.535568237304688,0.9999318508031512,25.0,3.258096538021482,0.8879629756445782,0.7528141969053821,0.9229814152769318,0.8533577581986665,0.8378978060911569,1.0,0.5483450093296259,0.838257140747982
2315.0,160.0,82.0,711.0,3341.0,0.0,3.0,1.4719734191894531,14.361541748046875,0.8007081290115177,0.0,0.0,0.0,0.0,0.0,0.0,0.0,0.0,0.15844384621063648,0.0996840780058596
2315.0,160.0,265.0,6890.0,3341.0,0.0,2.0,1.9487800598144531,20.723997116088867,0.8250023748155484,3.0,1.3862943611198906,0.35707170313208786,0.10820614204725276,0.0,0.0,0.05410307102362638,0.0,0.11842078596267232,0.0665173723975227
2315.0,160.0,315.0,2266.0,6890.0,0.0,7.0,0.4601116180419922,17.391345977783203,0.6066998970652542,1.0,0.6931471805599453,0.2987773849926094,0.0,0.0,0.0,0.0,0.0,0.07631628182914368,0.043226942258666516
2315.0,160.0,76.0,3262.0,2243.0,0.0,745.0,0.2599334716796875,9.368119239807129,0.5502411325649655,11.0,2.4849066497880004,1.0,0.7086475981825295,0.9500912975134349,0.8184836782508788,0.8293694478479823,1.0,0.11147787918350467,0.41237038578932095
2315.0,160.0,198.0,920.0,2278.0,0.0,9.0,2.3366198539733887,8.663153648376465,0.8437593098969441,1.0,0.6931471805599453,0.043758718103237663,0.0,0.0,0.0,0.0,0.0,0.26179278412240503,0.19317860892373726
2315.0,90.0,69.0,6293.0,5385.0,1.0,1.0,3.384683132171631,10.359731674194336,0.9534584917727726,0.0,0.0,0.0,0.0,0.0,0.0,0.0,0.0,0.32006559271482066,0.2199222430047187
2315.0,53.0,21.0,711.0,3341.0,0.0,4.0,4.20219087600708,10.066790580749512,0.9626313056381264,0.0,0.0,0.0,0.0,0.0,0.0,0.0,0.0,0.35442784650554693,0.2442415258040891
2315.0,53.0,99.0,711.0,1183.0,0.0,3.0,3.616497039794922,12.910905838012695,0.9554165600756809,0.0,0.0,0.0,0.0,0.0,0.0,0.0,0.0,0.28861753819276953,0.18527529878545257
2315.0,61.0,266.0,3262.0,5037.0,0.0,2.0,1.3907661437988281,12.548399925231934,0.7342557885266281,0.0,0.0,0.0,0.0,0.0,0.0,0.0,0.0,0.153204151182363,0.10096337021464667
6890.0,169.0,76.0,3262.0,4545.0,0.0,3111.0,4.659928321838379,12.726235389709473,0.9819976235223041,0.0,0.0,0.0,0.0,0.0,0.0,0.0,0.0,0.3354546196568787,0.215665881577635
6890.0,169.0,290.0,1077.0,925.0,0.0,205.0,5.292184829711914,16.629283905029297,0.9901952450455841,3.0,1.3862943611198906,0.5412194958693883,0.20480337666625792,0.0,0.0,0.10240168833312896,0.0,0.2971407936207167,0.18192158086070584
6890.0,52.0,160.0,6890.0,3262.0,0.0,3.0,4.413152694702148,14.334717750549316,0.98535124297847,0.0,0.0,0.0,0.0,0.0,0.0,0.0,0.0,0.3046294167176215,0.1878646972799278
6890.0,142.0,323.0,2661.0,146.0,0.0,6.0,0.40280723571777344,11.356173515319824,0.4789404256626688,0.0,0.0,0.0,0.0,0.0,0.0,0.0,0.0,0.0853211751417551,0.05967392528589018
6890.0,142.0,95.0,1077.0,7038.0,0.0,14.0,3.1080169677734375,11.65462875366211,0.9155293974181746,1.0,0.6931471805599453,0.4805828740290406,0.0,0.0,0.0,0.0,0.0,0.2736831211867473,0.1638068493633679
6890.0,142.0,135.0,6890.0,1077.0,0.0,2.0,1.9404678344726562,10.042240142822266,0.8417584390824947,0.0,0.0,0.0,0.0,0.0,0.0,0.0,0.0,0.23238478731469264,0.16192832564637288
6890.0,142.0,281.0,3319.0,4993.0,1.0,1.0,1.5046319961547852,8.653640747070312,0.6797615715733026,2.0,1.0986122886681098,0.9423178739918808,0.0,0.0,0.0,0.0,0.0,0.17600768895074187,0.10079871451869668
6890.0,142.0,212.0,925.0,3635.0,0.0,4.0,1.5849981307983398,12.551962852478027,0.8286328507912383,0.0,0.0,0.0,0.0,0.0,0.0,0.0,0.0,0.18903743033772089,0.12432632018928488
6890.0,160.0,146.0,6635.0,2242.0,0.0,40.0,13.192544937133789,17.645586013793945,0.9999965901522667,0.0,0.0,0.0,0.0,0.0,0.0,0.0,0.0,0.5392250162844748,0.3088190812869984
6890.0,160.0,131.0,1077.0,2083.0,1.0,1.0,10.235187530517578,30.975473403930664,0.999960854146048,2.0,1.0986122886681098,0.9423178739918808,0.0,1.0,0.7239848724224169,0.5,1.0,0.23010098397271272,0.25448642983477504
6890.0,123.0,290.0,1077.0,925.0,0.0,62.0,4.521126747131348,14.554544448852539,0.9773897223211293,2.0,1.0986122886681098,0.34320509065132626,0.12774921448497145,0.0,0.0,0.06387460724248573,0.0,0.30030425971535124,0.19318679231142924
6890.0,123.0,295.0,1077.0,6635.0,0.0,75.0,8.76494312286377,20.13623809814453,0.999765983290095,3.0,1.3862943611198906,0.9803906099397734,0.26659535574014825,0.7334046442598517,0.016299920299447337,0.5,1.0,0.3492670912458379,0.34376753072461474
6890.0,123.0,132.0,4805.0,3635.0,0.0,17.0,4.509543418884277,12.732909202575684,0.9754658738043902,1.0,0.6931471805599453,0.9803906099397734,0.0,1.0,0.2968696882882459,0.5,1.0,0.32735542748793317,0.3970626659067457
6890.0,207.0,291.0,6890.0,1077.0,0.0,13.0,5.875128746032715,17.1491756439209,0.9971478589650433,0.0,0.0,0.0,0.0,0.0,0.0,0.0,0.0,0.30937950386391166,0.17512478082959493
6890.0,127.0,313.0,1077.0,3155.0,0.0,26.0,5.203815460205078,17.36574935913086,0.9942802076411565,2.0,1.0986122886681098,0.0663258139583358,0.4555581312873649,0.0,0.0,0.22777906564368244,0.0,0.2856975314971512,0.22909397034879514
6890.0,202.0,106.0,1389.0,4847.0,0.0,435.0,0.5832903385162354,3.3475210666656494,0.24734377949878508,0.0,0.0,0.0,0.0,0.0,0.0,0.0,0.0,0.08899254175993955,0.07610578608889428
6890.0,222.0,163.0,2290.0,6890.0,0.0,5.0,1.5089635848999023,12.47500991821289,0.7408743696694895,0.0,0.0,0.0,0.0,0.0,0.0,0.0,0.0,0.15809824119716231,0.10415826255570368
6890.0,222.0,132.0,4993.0,5154.0,0.0,43.0,2.5064172744750977,9.17287540435791,0.9181533159868601,0.0,0.0,0.0,0.0,0.0,0.0,0.0,0.0,0.2949717079003104,0.20968969148337727
6890.0,115.0,177.0,1077.0,6410.0,0.0,4.0,15.260807991027832,23.580570220947266,0.9999994071973896,2.0,1.0986122886681098,0.836743383392903,0.10170129889593527,0.0,0.0,0.05085064944796763,0.0,0.501796576942654,0.2155113015427539
6890.0,115.0,106.0,1077.0,5037.0,0.0,110.0,3.2196922302246094,20.571489334106445,0.9615154563594598,1.0,0.6931471805599453,0.3865083343167451,0.0,1.0,0.9999999999974127,0.5,1.0,0.18307338099770698,0.37680803580555605
6890.0,115.0,197.0,1077.0,3262.0,0.0,11.0,6.828563690185547,24.042160034179688,0.998917990681147,2.0,1.0986122886681098,0.5630865404461788,0.10170129889593515,0.0,0.0,0.05085064944796758,0.0,0.237057180601256,0.10496005855260729
6890.0,98.0,169.0,1077.0,6635.0,1.0,1.0,3.7201051712036133,15.29931354522705,0.9716650696909173,2.0,1.0986122886681098,0.5,0.3511631518546885,0.0,0.0,0.17558157592734425,0.0,0.26466506560849207,0.18671700166002891
6890.0,98.0,135.0,6635.0,1077.0,0.0,11.0,0.30530261993408203,13.995844841003418,0.575621080669819,0.0,0.0,0.0,0.0,0.0,0.0,0.0,0.0,0.08758564844733073,0.057256137519582063
6890.0,98.0,358.0,1077.0,3262.0,0.0,11.0,0.6196975708007812,14.927616119384766,0.6115214224909831,6.0,1.9459101490553132,0.3108489722987456,0.4269979966821903,0.0,0.0,0.21349899834109515,0.0,0.09263117920031845,0.08393190133988886
6890.0,103.0,225.0,2315.0,1077.0,0.0,5.0,0.804689884185791,7.995499134063721,0.4763387615397678,0.0,0.0,0.0,0.0,0.0,0.0,0.0,0.0,0.1109787598588768,0.08329307987002244
6890.0,46.0,178.0,6890.0,3922.0,0.0,90.0,3.8520665168762207,8.171492576599121,0.9547394031733576,0.0,0.0,0.0,0.0,0.0,0.0,0.0,0.0,0.3708033843446143,0.26823307384028944
6890.0,134.0,55.0,3262.0,1077.0,0.0,2.0,1.0372529029846191,6.038997173309326,0.6815566852958278,0.0,0.0,0.0,0.0,0.0,0.0,0.0,0.0,0.19572886429612182,0.15175566130228332
956.0,127.0,69.0,3155.0,4702.0,1.0,1.0,8.019696235656738,18.806720733642578,0.999603092119599,13.0,2.6390573296152584,0.9423178739918808,0.6781878917758888,0.5213051497736773,0.2986538840509874,0.599746520774783,1.0,0.348154812738279,0.5126877786536866
956.0,127.0,73.0,3155.0,3341.0,0.0,3.0,4.829633712768555,17.981346130371094,0.9809315418699395,14.0,2.70805020110221,0.9423178739918808,0.7124584316115715,0.6150261579443393,0.3490321561189757,0.6637422947779554,1.0,0.260437793070512,0.4609421790353707
956.0,127.0,237.0,3155.0,4702.0,0.0,2.0,0.6188392639160156,14.290336608886719,0.6498506331072182,14.0,2.70805020110221,0.03661481783863936,0.7124584316115714,0.0,0.0,0.3562292158057857,0.0,0.10493596642861593,0.13606998344258195
956.0,127.0,282.0,4702.0,3155.0,0.0,2.0,9.664237976074219,21.548484802246094,0.9999113106800838,20.0,3.044522437723423,1.0,0.6781465745190454,0.7349204052819223,0.5202858474135146,0.7065334899004838,1.0,0.3537561379103,0.553731962607394
956.0,127.0,12.0,4702.0,3155.0,0.0,2.0,2.8509340286254883,17.70409393310547,0.9369694267708877,0.0,0.0,0.0,0.0,0.0,0.0,0.0,0.0,0.19828085936755338,0.11266691622541368
956.0,127.0,145.0,4702.0,2457.0,1.0,1.0,3.000067710876465,10.059124946594238,0.8681045099818849,7.0,2.0794415416798357,0.9238395952400507,0.5262011673238075,0.0,0.0,0.26310058366190375,0.0,0.2710355642866413,0.22812925977373147
956.0,127.0,14.0,3155.0,6293.0,1.0,1.0,15.738545417785645,25.84471893310547,0.9999998162590804,2.0,1.0986122886681098,0.9803906099397734,0.0,1.0,0.34219252720941185,0.5,1.0,0.47698141675273276,0.41522116174532686
956.0,156.0,132.0,4702.0,3341.0,0.0,5106.0,2.610708236694336,12.812553405761719,0.8968928012825794,0.0,0.0,0.0,0.0,0.0,0.0,0.0,0.0,0.23649577128029267,0.15287804740939873
956.0,53.0,261.0,4702.0,5092.0,1.0,1.0,2.540196418762207,13.41143798828125,0.9263721948762677,38.0,3.6635616461296463,0.9423178739918808,0.8101384640084973,0.8564256680059089,0.6712325609364107,0.8332820660072031,1.0,0.23978730340378324,0.5985183975173279
956.0,53.0,125.0,4702.0,920.0,0.0,3.0,1.0356388092041016,11.304137229919434,0.7208423017922116,13.0,2.6390573296152584,0.6095068271022377,0.7385507191579674,0.6203152125646044,0.3720355477340097,0.6794329658612859,1.0,0.15447285124354898,0.41228972139680886
956.0,53.0,332.0,4702.0,3155.0,1.0,1.0,4.101682662963867,14.843616485595703,0.983717068954019,55.0,4.02535169073515,0.9057236642639067,0.8043438881230092,0.3627835258799769,0.2184620526709823,0.5835637070014931,1.0,0.28736008698470483,0.5223940490108068
956.0,53.0,256.0,3155.0,4702.0,0.0,2.0,2.608529567718506,8.951136589050293,0.9204444140228127,7.0,2.0794415416798357,0.17160254532566316,0.5813205078836197,0.0,0.0,0.29066025394180983,0.0,0.30238231347259525,0.328457236470027
956.0,53.0,207.0,4702.0,3155.0,1.0,1.0,2.4420998096466064,4.921208381652832,0.7896958672921761,34.0,3.5553480614894135,0.8879629756445782,0.7031535125322743,0.8248763222597428,0.6250758970540494,0.7640149173960086,1.0,0.29280997768113054,0.6829040699446995
956.0,53.0,183.0,3155.0,4702.0,0.0,2.0,1.4603452682495117,7.489253997802734,0.6162120114050262,7.0,2.0794415416798357,0.7284274237469965,0.5813205078836197,0.0,0.0,0.29066025394180983,0.0,0.1654186133983851,0.1691072252520923
956.0,155.0,77.0,4702.0,1077.0,0.0,3.0,4.302279472351074,11.671820640563965,0.973675312549714,0.0,0.0,0.0,0.0,0.0,0.0,0.0,0.0,0.3372244150265342,0.22314714076112688
956.0,207.0,287.0,6293.0,4702.0,0.0,2.0,1.2090253829956055,7.614737510681152,0.623854873878295,0.0,0.0,0.0,0.0,0.0,0.0,0.0,0.0,0.16204394737889874,0.12087973712824694
956.0,115.0,117.0,4702.0,3155.0,0.0,10.0,2.2378129959106445,12.846062660217285,0.903454953875225,2.0,1.0986122886681098,0.26530325583334324,0.40225353870268366,0.0,0.0,0.20112676935134183,0.0,0.2298748621374444,0.19433964264515574
956.0,158.0,20.0,4702.0,3155.0,0.0,98.0,2.012868881225586,10.715134620666504,0.8762742606991317,0.0,0.0,0.0,0.0,0.0,0.0,0.0,0.0,0.24036998647586363,0.16488335280072816
956.0,142.0,244.0,2154.0,3155.0,0.0,6.0,1.013383388519287,7.943595886230469,0.6986289488673536,0.0,0.0,0.0,0.0,0.0,0.0,0.0,0.0,0.1804675247290877,0.13388229222575193
4417.0,163.0,299.0,2648.0,443.0,0.0,1361.0,0.8010929822921753,2.3636512756347656,0.36042249840246593,0.0,0.0,0.0,0.0,0.0,0.0,0.0,0.0,0.12424290607040571,0.10692513422956552
4417.0,163.0,340.0,920.0,1167.0,0.0,1648.0,0.13008612394332886,0.758918285369873,0.10641251168400145,0.0,0.0,0.0,0.0,0.0,0.0,0.0,0.0,0.07313841173311719,0.06806160365559673
4417.0,131.0,104.0,2445.0,6890.0,0.0,644.0,1.3287582397460938,3.4956109523773193,0.31721335201704176,0.0,0.0,0.0,0.0,0.0,0.0,0.0,0.0,0.11228846427161604,0.09344785918627573
4417.0,222.0,56.0,4417.0,4393.0,0.0,4.0,2.558333396911621,3.7441351413726807,0.8384325503832352,0.0,0.0,0.0,0.0,0.0,0.0,0.0,0.0,0.33997415682468524,0.27242878429335293
1281.0,56.0,208.0,4939.0,1281.0,0.0,3.0,4.277728319168091,8.110466957092285,0.9632016481002726,0.0,0.0,0.0,0.0,0.0,0.0,0.0,0.0,0.3902138083049351,0.2823357147808786
1281.0,56.0,182.0,2083.0,1140.0,0.0,4.0,1.1812949180603027,5.729250431060791,0.5828721354896631,0.0,0.0,0.0,0.0,0.0,0.0,0.0,0.0,0.16671427691950555,0.13016040170256857
1281.0,6.0,252.0,1140.0,680.0,0.0,6.0,5.013072967529297,12.576738357543945,0.9903279034793973,0.0,0.0,0.0,0.0,0.0,0.0,0.0,0.0,0.35320619963070365,0.22793370335007074
1281.0,160.0,350.0,3378.0,4939.0,0.0,453.0,0.16196393966674805,2.5038743019104004,0.3959202440121726,0.0,0.0,0.0,0.0,0.0,0.0,0.0,0.0,0.12304798453979175,0.10678054328972979
1281.0,156.0,337.0,1456.0,5447.0,0.0,308.0,0.2542908191680908,3.3894779682159424,0.4679946193219998,0.0,0.0,0.0,0.0,0.0,0.0,0.0,0.0,0.1368336885781943,0.11552518055588559
2460.0,159.0,5.0,4304.0,6284.0,0.0,18.0,1.1754217147827148,5.066911697387695,0.5329398075094557,0.0,0.0,0.0,0.0,0.0,0.0,0.0,0.0,0.15679724135581932,0.12455508924345716
2460.0,6.0,141.0,3155.0,3411.0,0.0,6218.0,12.21845817565918,21.565292358398438,0.9999862633112112,0.0,0.0,0.0,0.0,0.0,0.0,0.0,0.0,0.4357882445704645,0.21663499127601984
2460.0,107.0,172.0,1181.0,3341.0,0.0,298.0,0.6832325458526611,3.814899444580078,0.36790344362574146,0.0,0.0,0.0,0.0,0.0,0.0,0.0,0.0,0.11346513701354462,0.09473529056419387
2460.0,191.0,119.0,6785.0,3262.0,0.0,9.0,1.1125516891479492,9.026248931884766,0.7135952551755648,0.0,0.0,0.0,0.0,0.0,0.0,0.0,0.0,0.17623111850211587,0.12718083465094326
2460.0,163.0,360.0,711.0,2278.0,0.0,104.0,3.2755613327026367,11.692066192626953,0.9438342314624895,0.0,0.0,0.0,0.0,0.0,0.0,0.0,0.0,0.2915493872008321,0.19353820418835088
2460.0,160.0,73.0,244.0,3677.0,0.0,6669.0,2.7028684616088867,12.046660423278809,0.9188354823195287,0.0,0.0,0.0,0.0,0.0,0.0,0.0,0.0,0.25899332417191334,0.17090135901656792
2460.0,160.0,250.0,6890.0,263.0,0.0,3966.0,15.151309967041016,23.886058807373047,0.9999996974497785,0.0,0.0,0.0,0.0,0.0,0.0,0.0,0.0,0.4925671558368697,0.2327566277076865
2460.0,127.0,30.0,362.0,3155.0,0.0,110.0,0.5102548599243164,9.322428703308105,0.6129694985090278,0.0,0.0,0.0,0.0,0.0,0.0,0.0,0.0,0.1315374465909216,0.09558740219578922
1154.0,123.0,59.0,3922.0,2460.0,1.0,1.0,4.441420555114746,9.787347793579102,0.9761722617994694,1.0,0.6931471805599453,0.9803906099397734,0.0,1.0,0.99999999999898,0.5,1.0,0.3741557450803787,0.6168430060898673
1154.0,42.0,303.0,3922.0,1077.0,0.0,247.0,3.916250228881836,7.997485637664795,0.9155725512307871,2.0,1.0986122886681098,1.0,0.05773663471356694,1.0,0.9999999999990576,0.5288683173567834,1.0,0.35391546540961755,0.6282234052265016
1154.0,6.0,119.0,1077.0,6635.0,0.0,29.0,3.7208175659179688,15.067930221557617,0.9758384730355392,0.0,0.0,0.0,0.0,0.0,0.0,0.0,0.0,0.2699340739405207,0.16383263269222376
776.0,222.0,272.0,1161.0,2442.0,1.0,1.0,11.351091384887695,21.76317596435547,0.999987322996064,86.0,4.465908118654584,0.9238395952400507,0.8558517161794592,0.704940127198546,0.5054752884571743,0.7803959216890026,1.0,0.4037497262317101,0.6542370376649603
776.0,222.0,259.0,1161.0,2442.0,0.0,11.0,2.50125789642334,16.652973175048828,0.9164245681864894,83.0,4.430816798843313,0.8534795977333005,0.8962976260508353,0.6195169023988591,0.40490476736053554,0.7579072642248472,1.0,0.19501346511380963,0.4843958328109762
776.0,222.0,229.0,1161.0,776.0,0.0,22.0,2.100348472595215,10.875176429748535,0.888728712936592,81.0,4.406719247264253,1.0,0.8807889828452801,0.7462405670130912,0.5422153615463066,0.8135147749291856,1.0,0.24593684131530125,0.6141583065048118
776.0,222.0,348.0,1161.0,776.0,1.0,1.0,9.887619018554688,28.489137649536133,0.999943261309468,110.0,4.709530201312334,0.9423178739918808,0.821294869789502,0.7909654838650337,0.6443352657358904,0.8061301768272678,1.0,0.2544966161945244,0.49004042128957087
776.0,222.0,152.0,1161.0,2442.0,1.0,1.0,14.138920664787292,15.322340965270996,0.9999977294452176,50.0,3.9318256327243257,0.9803906099397734,0.6918699948534215,0.5043574960980983,0.3271181495493156,0.5981137454757599,1.0,0.6114406657455241,0.7606794542923372
776.0,222.0,56.0,1161.0,776.0,0.0,4.0,0.9158515930175781,20.181623458862305,0.7140473919435103,14.0,2.70805020110221,1.0,0.6450291445376553,0.8634981848012886,0.7034712202776612,0.7542636646694719,1.0,0.08508254527998842,0.24904789961205434
776.0,222.0,105.0,1161.0,927.0,0.0,5.0,1.5657711029052734,16.377586364746094,0.8075461371105953,32.0,3.4965075614664802,0.9611657480580811,0.81148606578472,0.6498386870443358,0.4378005264061095,0.7306623764145279,1.0,0.14348399649651403,0.37122969076749307
776.0,222.0,316.0,1161.0,1873.0,1.0,1.0,0.9868364334106445,15.057217597961426,0.7241141529764996,96.0,4.574710978503383,0.9423178739918808,0.7777457725676342,0.6931033586148401,0.5272348730879272,0.7354245655912371,1.0,0.12234943493231074,0.37637449110226023
776.0,222.0,0.0,776.0,927.0,0.0,3.0,5.928820610046387,14.805218696594238,0.9943665486840828,0.0,0.0,0.0,0.0,0.0,0.0,0.0,0.0,0.34688286349759007,0.20983623820766864
776.0,222.0,291.0,1161.0,1873.0,1.0,1.0,5.372111797332764,10.289566040039062,0.993486897210151,88.0,4.48863636973214,0.8879629756445782,0.8192056989293612,0.6385961237440897,0.4589180361112408,0.7289009113367255,1.0,0.40534631799986337,0.7327655994215351
776.0,222.0,34.0,776.0,1161.0,0.0,2.0,2.148317337036133,12.682190895080566,0.8915119274741412,0.0,0.0,0.0,0.0,0.0,0.0,0.0,0.0,0.22477878519348515,0.14659762706947355
776.0,222.0,329.0,5395.0,776.0,0.0,9.0,0.7594280242919922,6.088512420654297,0.6345416081818102,0.0,0.0,0.0,0.0,0.0,0.0,0.0,0.0,0.17255315689683712,0.1344649010623992
776.0,222.0,226.0,1161.0,776.0,0.0,29.0,6.921590805053711,15.34084415435791,0.9982797352611285,80.0,4.394449154672439,0.9803906099397734,0.8738470602393149,0.7342634549275868,0.5219296995147225,0.8040552575834509,1.0,0.37100806247899937,0.686354107010808
776.0,222.0,168.0,1161.0,927.0,1.0,1.0,5.778139591217041,10.574079513549805,0.9953741653300668,58.0,4.07753744390572,0.9803906099397734,0.7909764324539452,0.663775151193888,0.48815483071513927,0.7273757918239165,1.0,0.4147428772244079,0.7256636574143341
776.0,167.0,319.0,776.0,4587.0,0.0,43.0,2.577521562576294,5.934544086456299,0.7083492656631429,0.0,0.0,0.0,0.0,0.0,0.0,0.0,0.0,0.24363739280138105,0.184690935589784
776.0,215.0,113.0,2442.0,776.0,0.0,13.0,1.039224624633789,10.76352310180664,0.7359159852146478,0.0,0.0,0.0,0.0,0.0,0.0,0.0,0.0,0.16465435619668412,0.11408557075772952
776.0,0.0,352.0,1161.0,2442.0,1.0,1.0,12.556662559509277,19.399442672729492,0.9999958797202934,66.0,4.204692619390966,0.9803906099397734,0.8081383515433112,0.9204312919237607,0.8486424010604515,0.8642848217335359,1.0,0.48607262211710933,0.7793995127339414
776.0,0.0,126.0,2442.0,1161.0,0.0,2.0,0.43536949157714844,8.812217712402344,0.5388980708094079,0.0,0.0,0.0,0.0,0.0,0.0,0.0,0.0,0.11515832446523369,0.0851469311959343
776.0,0.0,146.0,1161.0,6785.0,1.0,1.0,4.750702857971191,11.69023609161377,0.9891168775499605,23.0,3.1780538303479458,0.9803906099397734,0.7277907796758781,0.963892838119221,0.7879925788426229,0.8458418088975496,1.0,0.35911986256680034,0.7213560114589157
776.0,0.0,121.0,2442.0,1161.0,0.0,2.0,1.2634639739990234,11.568990707397461,0.6911268971529974,0.0,0.0,0.0,0.0,0.0,0.0,0.0,0.0,0.14680085923818265,0.09936839898452575
776.0,0.0,226.0,1161.0,2442.0,1.0,1.0,7.703093528747559,18.991838455200195,0.9995462561108892,46.0,3.8501476017100584,0.9803906099397734,0.8604630480395244,0.952459403201843,0.8645647163994867,0.9064612256206837,1.0,0.3354797813011289,0.6937099953279451
776.0,0.0,216.0,1161.0,2442.0,1.0,1.0,11.281926155090332,17.809066772460938,0.9999871567052686,45.0,3.828641396489095,0.8705505632961241,0.8485734899233667,0.9484086003100854,0.8538678375317003,0.8984910451167261,1.0,0.4717920022693744,0.7915310364429697
776.0,0.0,149.0,1161.0,1121.0,1.0,1.0,14.478198051452637,25.165937423706055,0.9999994512544976,25.0,3.258096538021482,0.9803906099397734,0.7590066202777852,0.9680334598384838,0.8099950088307896,0.8635200400581344,1.0,0.4468519243427197,0.6860683885417872
776.0,229.0,243.0,927.0,1161.0,0.0,5.0,2.187774181365967,5.646028518676758,0.7583210821468025,1.0,0.6931471805599453,0.12500000000000003,0.0,0.0,0.0,0.0,0.0,0.26033362462565757,0.20099335144939648
776.0,229.0,333.0,1161.0,776.0,1.0,1.0,2.5640649795532227,16.040170669555664,0.9284224657185244,24.0,3.2188758248682006,0.9057236642639067,0.5056386625708815,0.8860578870259307,0.692167719910227,0.695848274798406,1.0,0.20817018697782794,0.4768328588553609
776.0,229.0,204.0,1161.0,2442.0,1.0,1.0,7.791868209838867,15.435564041137695,0.999313401201704,17.0,2.8903717578961645,0.9423178739918808,0.8015268580932384,0.9457788958244134,0.8676418248060159,0.8736528769588259,1.0,0.39780980507728797,0.7430638365048542
776.0,156.0,278.0,2442.0,1161.0,0.0,2.0,8.865784645080566,21.87029457092285,0.9998540075787397,3.0,1.3862943611198906,0.15542448614937274,0.4751271491586082,0.8923570607615708,0.8056360304814463,0.6837421049600896,1.0,0.3243270810110727,0.5990737544243903
776.0,156.0,189.0,1161.0,2442.0,0.0,2.0,1.339034080505371,11.661466598510742,0.67814054884384,1.0,0.6931471805599453,0.18574928614211858,0.0,0.0,0.0,0.0,0.0,0.14335672345612602,0.09526399570118275
776.0,56.0,45.0,776.0,6410.0,0.0,3341.0,3.58560848236084,12.266751289367676,0.9446351427678659,0.0,0.0,0.0,0.0,0.0,0.0,0.0,0.0,0.2920129016751059,0.1904471150513777
776.0,160.0,314.0,2442.0,4463.0,0.0,5818.0,27.879295587539673,31.135059356689453,0.9999999999973934,3.0,1.3862943611198906,1.0,0.16907468519614322,0.8309253148038568,0.30085000504309384,0.5,1.0,0.7624744948313801,0.6306934686458795
776.0,202.0,148.0,1161.0,776.0,1.0,1.0,3.0695323944091797,12.60855484008789,0.9520127409778342,0.0,0.0,0.0,0.0,0.0,0.0,0.0,0.0,0.27640387806868605,0.179686640292862
537.0,53.0,196.0,359.0,3341.0,0.0,5.0,0.3266448974609375,8.566200256347656,0.4482772175384795,0.0,0.0,0.0,0.0,0.0,0.0,0.0,0.0,0.09497509516032746,0.07122861010658943
537.0,53.0,59.0,2266.0,3380.0,0.0,2.0,0.1035456657409668,6.9569878578186035,0.446770136236545,0.0,0.0,0.0,0.0,0.0,0.0,0.0,0.0,0.10232624822129993,0.08007798034406469
537.0,53.0,301.0,537.0,5036.0,0.0,6.0,14.445784568786621,25.94742774963379,0.9999994374519294,0.0,0.0,0.0,0.0,0.0,0.0,0.0,0.0,0.43183746893644737,0.18757743119599568
537.0,53.0,71.0,3155.0,711.0,0.0,4.0,3.222146987915039,19.326927185058594,0.9616108107098259,0.0,0.0,0.0,0.0,0.0,0.0,0.0,0.0,0.19702416852394256,0.1068409494710334
537.0,53.0,54.0,5682.0,537.0,0.0,5.0,6.829963684082031,16.057830810546875,0.9985870992923828,1.0,0.6931471805599453,0.8879629756445782,0.0,0.0,0.0,0.0,0.0,0.3563023112375048,0.1661679032935652
537.0,160.0,118.0,2713.0,5187.0,0.0,31.0,0.22188949584960938,4.143415927886963,0.33182105015586133,0.0,0.0,0.0,0.0,0.0,0.0,0.0,0.0,0.09718286139947092,0.08166789699445474
537.0,160.0,219.0,2713.0,4364.0,1.0,1.0,9.502596855163574,19.128236770629883,0.9998756148620166,0.0,0.0,0.0,0.0,0.0,0.0,0.0,0.0,0.38952938836153184,0.20689149796215142
537.0,160.0,166.0,6017.0,920.0,0.0,180.0,5.483990669250488,9.882387161254883,0.9932854323946394,0.0,0.0,0.0,0.0,0.0,0.0,0.0,0.0,0.41602367451099115,0.2880495745324681
537.0,160.0,273.0,2277.0,4408.0,0.0,16.0,2.125828742980957,12.08085823059082,0.8514309821035456,1.0,0.6931471805599453,0.07322963567727875,0.0,0.0,0.0,0.0,0.0,0.21515697949283577,0.14521438145967092
537.0,127.0,302.0,3380.0,3159.0,1.0,1.0,0.38915586471557617,6.925568103790283,0.4934573578432754,0.0,0.0,0.0,0.0,0.0,0.0,0.0,0.0,0.11729959854245697,0.09097561788414439
537.0,6.0,184.0,3341.0,4302.0,0.0,336.0,3.616042137145996,5.594278812408447,0.9195558320371946,0.0,0.0,0.0,0.0,0.0,0.0,0.0,0.0,0.38725202644375095,0.29691960948319857
537.0,6.0,124.0,6293.0,537.0,0.0,34.0,0.8333349227905273,8.79914665222168,0.6953495724398548,0.0,0.0,0.0,0.0,0.0,0.0,0.0,0.0,0.16695450205230097,0.1217770961102194
537.0,156.0,315.0,3341.0,509.0,0.0,670.0,4.012141227722168,9.575105667114258,0.9699479451829868,0.0,0.0,0.0,0.0,0.0,0.0,0.0,0.0,0.36075227124507137,0.252315164754042
5036.0,207.0,277.0,545.0,3290.0,1.0,1.0,0.22547149658203125,4.261913299560547,0.37770956454397064,0.0,0.0,0.0,0.0,0.0,0.0,0.0,0.0,0.1065526523382795,0.08892655401650394
5036.0,160.0,253.0,4408.0,2266.0,1.0,1.0,15.021088600158691,26.755735397338867,0.9999993501852559,17.0,2.8903717578961645,0.8879629756445782,0.5638433327669222,0.8624775175401664,0.7347387678664015,0.7131604251535444,1.0,0.4365696257775298,0.6090150062513251
5036.0,160.0,126.0,4408.0,5036.0,0.0,62.0,0.1363067626953125,19.17877960205078,0.5310108916209249,3.0,1.3862943611198906,0.597554769985219,0.37171639935265566,0.6282836006473443,0.2792494759643695,0.5,1.0,0.05473068968619037,0.10830662511758014
5036.0,155.0,266.0,6017.0,1526.0,0.0,2.0,4.471916675567627,12.418998718261719,0.9838226219767728,4.0,1.6094379124341003,0.08085207284143715,0.5442853851475109,0.0,0.0,0.27214269257375545,0.0,0.3357268988028073,0.3239010206673426
5036.0,53.0,323.0,2290.0,711.0,0.0,5.0,7.613509178161621,14.831445693969727,0.998892179882288,0.0,0.0,0.0,0.0,0.0,0.0,0.0,0.0,0.4022756160520067,0.24279836043601113
5036.0,131.0,154.0,1283.0,711.0,0.0,4917.0,0.465670108795166,6.06259822845459,0.35369750682277246,0.0,0.0,0.0,0.0,0.0,0.0,0.0,0.0,0.09260825347636172,0.07392898809165498
5036.0,131.0,152.0,146.0,545.0,0.0,172.0,2.156534194946289,13.456130027770996,0.8890876886294492,3.0,1.3862943611198906,1.0,0.4674664940033809,0.9204455158286919,0.4410135410830189,0.6939560049160365,1.0,0.214368240576595,0.40286048775898303
5036.0,222.0,3.0,5584.0,146.0,0.0,1357.0,4.747239112854004,15.094914436340332,0.9910446772505609,0.0,0.0,0.0,0.0,0.0,0.0,0.0,0.0,0.30544592591097386,0.18422872160032247
5036.0,98.0,311.0,146.0,4408.0,1.0,1.0,0.3997478485107422,6.95969295501709,0.46105048715771835,0.0,0.0,0.0,0.0,0.0,0.0,0.0,0.0,0.10935173712967147,0.08491338966446459
5036.0,6.0,316.0,929.0,5036.0,0.0,10.0,1.6917762756347656,8.780109405517578,0.7382203576775708,0.0,0.0,0.0,0.0,0.0,0.0,0.0,0.0,0.1999468947798494,0.1437391158800322
5036.0,127.0,57.0,5036.0,1147.0,0.0,41.0,0.588383674621582,9.33706283569336,0.5635007898993705,0.0,0.0,0.0,0.0,0.0,0.0,0.0,0.0,0.11950478251652007,0.08687333303486686
5036.0,162.0,245.0,711.0,1115.0,1.0,1.0,2.7815675735473633,10.98493766784668,0.9185133053311805,1.0,0.6931471805599453,0.043758718103237663,0.0,0.0,0.0,0.0,0.0,0.2759824947339255,0.19239890079385727
5036.0,158.0,180.0,3341.0,3262.0,0.0,4021.0,0.714324951171875,13.442834854125977,0.6687186459911421,0.0,0.0,0.0,0.0,0.0,0.0,0.0,0.0,0.11672510905529566,0.0763252399997948
5036.0,97.0,160.0,5036.0,2648.0,0.0,1628.0,4.0293073654174805,8.430296897888184,0.9555307739730194,0.0,0.0,0.0,0.0,0.0,0.0,0.0,0.0,0.3724691775349276,0.26745629175808133
5036.0,169.0,287.0,6284.0,2100.0,0.0,290.0,0.25351619720458984,14.972278594970703,0.5627281035330557,0.0,0.0,0.0,0.0,0.0,0.0,0.0,0.0,0.07927518936732339,0.05071372091781075
4827.0,160.0,2.0,6479.0,4004.0,0.0,336.0,4.012820363044739,1.7988654375076294,0.8821540339835688,0.0,0.0,0.0,0.0,0.0,0.0,0.0,0.0,0.44507749043283285,0.36796950590689426
2847.0,160.0,228.0,6321.0,6661.0,0.0,615.0,0.306083582341671,-0.0570354238152504,0.2406129863022234,0.0,0.0,0.0,0.0,0.0,0.0,0.0,0.0,0.10591004030527311,0.09835914719765484
2671.0,160.0,33.0,711.0,2671.0,0.0,27.0,4.3025712966918945,16.360931396484375,0.9771562392458344,0.0,0.0,0.0,0.0,0.0,0.0,0.0,0.0,0.2676188052423852,0.15599404152131077
2671.0,103.0,176.0,2671.0,3341.0,0.0,5.0,1.984626293182373,8.952685356140137,0.8155591998959594,0.0,0.0,0.0,0.0,0.0,0.0,0.0,0.0,0.23628199698445118,0.16877690334021053
2671.0,103.0,286.0,2671.0,3341.0,0.0,2.0,0.9439997673034668,7.197990894317627,0.4307964472538888,0.0,0.0,0.0,0.0,0.0,0.0,0.0,0.0,0.10774849396806412,0.0823834354914315
2671.0,127.0,178.0,2083.0,2278.0,0.0,24.0,2.106198310852051,7.355535984039307,0.8304123060224873,2.0,1.0986122886681098,1.0,0.48020614479804224,0.5197938552019578,0.3248533754718441,0.5,1.0,0.26789718098483006,0.4629781178041504
2671.0,53.0,236.0,4564.0,1077.0,0.0,1051.0,4.853489875793457,8.153335571289062,0.9824923939673509,1.0,0.6931471805599453,0.028303864508247085,0.0,0.0,0.0,0.0,0.0,0.4194111332564784,0.31207744302459917
2671.0,53.0,329.0,3341.0,3285.0,0.0,2.0,0.02256155014038086,6.3003249168396,0.26167254010363244,4.0,1.6094379124341003,0.23557946849797018,0.21410729746864643,0.0,0.0,0.10705364873432321,0.0,0.0703675722415985,0.06941034315124356
2671.0,142.0,357.0,7109.0,2460.0,1.0,1.0,1.9007394313812256,4.880343914031982,0.7691957923036179,0.0,0.0,0.0,0.0,0.0,0.0,0.0,0.0,0.26866509140406164,0.21104569816776603
2671.0,155.0,356.0,1077.0,4564.0,1.0,1.0,3.190338611602783,9.188830375671387,0.9192321580189539,2.0,1.0986122886681098,0.9238395952400507,0.470328596005128,0.529671403994872,0.015152826302078213,0.5,1.0,0.3148702835933867,0.4362584622347354
265.0,6.0,257.0,5264.0,4473.0,0.0,202.0,3.11413311958313,4.443188667297363,0.8532688091918559,0.0,0.0,0.0,0.0,0.0,0.0,0.0,0.0,0.35362906348238327,0.27768500802089846
265.0,156.0,102.0,1183.0,5474.0,1.0,1.0,4.401593923568726,7.598315238952637,0.984547578521185,3.0,1.3862943611198906,0.9803906099397734,0.06395290579222446,1.0,0.9999999999995178,0.5319764528961122,1.0,0.4155291883999028,0.6910337010369674
3873.0,155.0,61.0,146.0,2700.0,0.0,2.0,0.639866828918457,6.4948601722717285,0.5852705029309685,0.0,0.0,0.0,0.0,0.0,0.0,0.0,0.0,0.15033893276190624,0.1165532779724466
3873.0,155.0,45.0,1077.0,3341.0,1.0,1.0,2.9033961296081543,8.52487564086914,0.9259096517313442,0.0,0.0,0.0,0.0,0.0,0.0,0.0,0.0,0.32036736410652716,0.2306599322550929
5419.0,123.0,265.0,6479.0,2999.0,0.0,620.0,1.6796874403953552,2.552628517150879,0.21043575195829767,0.0,0.0,0.0,0.0,0.0,0.0,0.0,0.0,0.09893181124180121,0.08421363980263506
5419.0,222.0,161.0,4265.0,867.0,0.0,507.0,0.31654787063598633,-4.252945423126221,0.028300023525394645,0.0,0.0,0.0,0.0,0.0,0.0,0.0,0.0,0.08789469012979735,0.09160345073651072
6410.0,162.0,150.0,3262.0,1077.0,1.0,1.0,0.2950897216796875,11.095020294189453,0.5262291310984686,2.0,1.0986122886681098,0.27602237841845306,0.0,1.0,0.9999999999981707,0.5,1.0,0.0950169243398501,0.30443835240327444
6410.0,123.0,322.0,3262.0,1077.0,0.0,4.0,2.73822021484375,19.107481002807617,0.9390300168310223,4.0,1.6094379124341003,0.5202016416109183,0.46479687617272347,0.0,0.0,0.23239843808636174,0.0,0.18109468760712386,0.13118977647943714
6410.0,123.0,36.0,3262.0,5037.0,0.0,8.0,1.414602279663086,16.963598251342773,0.7003484068168044,1.0,0.6931471805599453,0.5858370854182298,0.0,0.0,0.0,0.0,0.0,0.10833960769959759,0.05486529463161856
6410.0,123.0,279.0,5037.0,3262.0,1.0,1.0,1.3535051345825195,14.096500396728516,0.7865427014839114,1.0,0.6931471805599453,0.10881882041201553,0.0,0.0,0.0,0.0,0.0,0.15435897440075605,0.09898160429446821
6410.0,123.0,275.0,5037.0,1077.0,1.0,1.0,1.8687429428100586,14.587701797485352,0.7772222357725814,1.0,0.6931471805599453,0.11778973424898508,0.0,0.0,0.0,0.0,0.0,0.15588457462271516,0.09755066303980273
6410.0,61.0,36.0,3262.0,5037.0,0.0,2.0,2.5170249938964844,12.89136791229248,0.8421639030697221,0.0,0.0,0.0,0.0,0.0,0.0,0.0,0.0,0.21044686285273345,0.13541704472409105
6410.0,61.0,149.0,3262.0,6410.0,0.0,3.0,3.189533233642578,18.783061981201172,0.9602105014094029,4.0,1.6094379124341003,0.410167678003819,0.6191136683186433,0.0,0.0,0.30955683415932167,0.0,0.20206984666117753,0.16874303079930478
6410.0,61.0,180.0,5037.0,1077.0,1.0,1.0,0.9041652679443359,12.74779987335205,0.5939560960877571,8.0,2.1972245773362196,0.35006974482590136,0.6501759140374215,0.3498240859625786,0.1283662063163066,0.5,1.0,0.10640726319406493,0.2537204444208381
6410.0,61.0,257.0,3262.0,5037.0,0.0,2.0,0.4750690460205078,17.485553741455078,0.6165422038599162,4.0,1.6094379124341003,0.04831354178959312,0.6191136683186433,0.0,0.0,0.30955683415932167,0.0,0.07766056744505878,0.08253264062550163
6410.0,142.0,185.0,3341.0,1077.0,0.0,2.0,0.9505414962768555,10.262922286987305,0.7050252050544434,9.0,2.302585092994046,0.4528618321319533,0.5178331417458835,0.0,0.0,0.25891657087294173,0.0,0.15786780099963593,0.16163130577697657
6410.0,142.0,178.0,7038.0,711.0,0.0,14.0,3.033907413482666,9.910916328430176,0.9220281064386411,11.0,2.4849066497880004,1.0,0.7180119101981639,0.28198808980183604,0.12577572173271404,0.5,1.0,0.3006642637193621,0.49695482793601103
6410.0,142.0,276.0,1077.0,6410.0,0.0,3.0,3.3909358978271484,14.955223083496094,0.9667852471330388,10.0,2.3978952727983707,0.2987773849926094,0.5170137280649508,0.0,0.0,0.2585068640324754,0.0,0.25860876286065676,0.23555970161358522
6410.0,142.0,28.0,1077.0,3341.0,0.0,2.0,0.031889915466308594,11.808159828186035,0.39436450253244076,0.0,0.0,0.0,0.0,0.0,0.0,0.0,0.0,0.06544787335916104,0.0459941728048441
6410.0,142.0,183.0,7038.0,5037.0,1.0,1.5,9.076176643371582,18.01117515563965,0.9998037867693604,13.0,2.6390573296152584,0.9611657480580811,0.5538743332003384,0.4461256667996616,0.16138100441716546,0.5,1.0,0.3950234718952566,0.4983964395782675
6410.0,142.0,273.0,5037.0,7038.0,0.0,4.0,0.6066641807556152,7.650498390197754,0.4525336317967337,7.0,2.0794415416798357,0.7578582832551991,0.5824464939904248,0.0,0.0,0.2912232469952124,0.0,0.1052751445136124,0.11106143153129083
6410.0,142.0,40.0,5037.0,3341.0,0.0,13.0,3.459527015686035,18.696311950683594,0.9585020612150653,0.0,0.0,0.0,0.0,0.0,0.0,0.0,0.0,0.2083763081822551,0.11459526057399982
6410.0,142.0,343.0,1077.0,3262.0,0.0,5.0,4.874597549438477,16.827972412109375,0.9922724643061782,10.0,2.3978952727983707,0.07926661300791155,0.5170137280649507,0.0,0.0,0.25850686403247536,0.0,0.28357686101482094,0.2574737077632765
6410.0,142.0,94.0,7038.0,3341.0,0.0,4.0,2.171767234802246,11.04994010925293,0.8779967257410597,0.0,0.0,0.0,0.0,0.0,0.0,0.0,0.0,0.24062474336025383,0.16336155369970753
6410.0,56.0,21.0,3262.0,5037.0,1.0,1.0,4.794927597045898,21.321308135986328,0.9917932331463335,0.0,0.0,0.0,0.0,0.0,0.0,0.0,0.0,0.2202831301932538,0.11133884558537942
6410.0,56.0,28.0,3262.0,5037.0,0.0,1.0,4.873258590698242,25.096702575683594,0.9923181648940886,2.0,1.0986122886681098,1.0,0.4752649511825976,0.5247350488174024,0.079441059381486,0.5,1.0,0.17865473002126106,0.19763101011750847
6410.0,53.0,88.0,3262.0,6410.0,1.0,1.0,7.163197040557861,15.150007247924805,0.9991463661452937,6.0,1.9459101490553132,0.9611657480580811,0.6263398813947215,1.0,0.6798719141531862,0.8131699406973607,1.0,0.38241149886086373,0.6560870494401342
6410.0,53.0,118.0,3262.0,1077.0,0.0,1.0,0.6863918304443359,5.579705715179443,0.6048889172891856,11.0,2.4849066497880004,1.0,0.7673263010648137,0.6730473891681537,0.36740579873831924,0.7201868451164837,1.0,0.16629329502347495,0.4427757547961344
6410.0,53.0,60.0,6410.0,5037.0,0.0,6.0,0.6021556854248047,18.0605411529541,0.6334505224015158,0.0,0.0,0.0,0.0,0.0,0.0,0.0,0.0,0.07883596686966952,0.04620473474526451
6410.0,53.0,121.0,6410.0,4805.0,0.0,6.0,2.953676223754883,16.64868927001953,0.9470149054863195,0.0,0.0,0.0,0.0,0.0,0.0,0.0,0.0,0.2171131216213175,0.12686573402423912
6410.0,98.0,196.0,1077.0,6410.0,0.0,3.0,1.5295615196228027,9.179194450378418,0.7587758573832398,12.0,2.5649493574615367,0.836743383392903,0.6751865749812898,0.4841291097677648,0.2963177808038843,0.5796578423745273,1.0,0.1997399915264294,0.4379153230358716
6410.0,98.0,190.0,1077.0,5037.0,0.0,299.0,4.905799865722656,20.00387954711914,0.9925373879889785,12.0,2.5649493574615367,0.9423178739918808,0.6751865749812896,0.48412910976776496,0.29631778080388854,0.5796578423745273,1.0,0.24015015979067053,0.3936179088306772
6410.0,191.0,103.0,6410.0,3922.0,0.0,4.0,4.028651237487793,9.282910346984863,0.9368223258504336,0.0,0.0,0.0,0.0,0.0,0.0,0.0,0.0,0.34784320000385305,0.24385338842740864
6410.0,191.0,43.0,6410.0,3262.0,0.0,4.0,1.0536251068115234,22.605947494506836,0.7174980180171503,0.0,0.0,0.0,0.0,0.0,0.0,0.0,0.0,0.07420758363059388,0.03829261765793271
6410.0,127.0,40.0,3262.0,6410.0,0.0,10.0,4.901775360107422,22.6929988861084,0.9921979687697653,0.0,0.0,0.0,0.0,0.0,0.0,0.0,0.0,0.20621356045485997,0.10010530978677507
6410.0,127.0,47.0,3155.0,3262.0,0.0,8.0,4.72166633605957,22.429655075073242,0.9828827125446853,2.0,1.0986122886681098,0.9803906099397734,0.32459032348608285,0.0,0.0,0.16229516174304143,0.0,0.20171118242136324,0.09806167584331821
6410.0,127.0,198.0,5037.0,3262.0,0.0,2.0,1.303152084350586,24.056730270385742,0.7863125292745887,7.0,2.0794415416798357,0.9611657480580811,0.3217227574262084,0.0,0.0,0.1608613787131042,0.0,0.08096810736357524,0.04270636322229223
6410.0,127.0,10.0,6410.0,3262.0,0.0,25.0,4.950586318969727,16.176395416259766,0.992801461745541,0.0,0.0,0.0,0.0,0.0,0.0,0.0,0.0,0.29565662204178483,0.17283392420511587
6410.0,127.0,362.0,3262.0,5037.0,1.0,1.0,2.2656726837158203,23.458139419555664,0.9057960247731193,31.0,3.4657359027997265,0.9803906099397734,0.7159567184258362,0.28404328157416386,0.07835742417123065,0.5,1.0,0.1226155965697407,0.19922641682176306
6410.0,127.0,288.0,3262.0,6410.0,0.0,7.0,0.15272140502929688,18.4494571685791,0.5347251476128921,25.0,3.258096538021482,1.0,0.8005907083216455,0.6753856005778812,0.358406124359844,0.7379881544497633,1.0,0.05813601258316946,0.167903154841926
6410.0,127.0,192.0,3341.0,3262.0,0.0,2.0,2.681303024291992,17.185945510864258,0.890168675594419,1.0,0.6931471805599453,0.05229646146205644,0.0,0.0,0.0,0.0,0.0,0.18313265832130704,0.10849453949195642
6410.0,156.0,241.0,5037.0,1171.0,0.0,4.0,8.208566427230835,12.208100318908691,0.9997009138880436,22.0,3.1354942159291497,0.7284274237469965,0.550834438072588,0.449165561927412,0.14347014554194723,0.5,1.0,0.4691219482087033,0.6364824738494951
6410.0,156.0,41.0,1171.0,5037.0,0.0,4.0,3.859673500061035,9.96982479095459,0.9599247175416602,0.0,0.0,0.0,0.0,0.0,0.0,0.0,0.0,0.3440172976704951,0.23809161737055404
6410.0,156.0,257.0,1077.0,5037.0,0.0,2.0,2.664691925048828,11.16793441772461,0.9131050670049828,8.0,2.1972245773362196,0.646816582731497,0.6208355415126703,0.0,0.0,0.31041777075633514,0.0,0.2676536509567548,0.25534512672986726
6410.0,156.0,76.0,3262.0,6410.0,1.0,1.0,4.480145454406738,19.567073822021484,0.9887817817053597,2.0,1.0986122886681098,0.4711589369959404,0.4262755948188447,0.0,0.0,0.21313779740942235,0.0,0.23382614018768413,0.15620931541813488
6410.0,38.0,341.0,4474.0,5485.0,0.0,118.0,0.6806783676147461,7.042628765106201,0.645455613170564,3.0,1.3862943611198906,0.597554769985219,0.5020266154615896,0.0,0.0,0.2510133077307948,0.0,0.1650582730446711,0.16301589193455612
6410.0,196.0,181.0,5037.0,7038.0,1.0,1.0,1.8222565650939941,8.240044593811035,0.6740541786384667,1.0,0.6931471805599453,0.4439814878222891,0.0,1.0,0.9999999999977477,0.5,1.0,0.18474870548223776,0.46369432751743955
6410.0,160.0,119.0,5037.0,1077.0,1.0,1.0,7.6619720458984375,24.01527214050293,0.9990718880811744,14.0,2.70805020110221,0.9611657480580811,0.7290555261513858,0.8250176645405999,0.6325410403750552,0.7770365953459928,1.0,0.25847939767859923,0.4781908948044565
6410.0,160.0,170.0,6410.0,1171.0,0.0,8.0,4.965618133544922,16.64495086669922,0.9930574792210584,0.0,0.0,0.0,0.0,0.0,0.0,0.0,0.0,0.28918614795756725,0.16682038920927778
6410.0,160.0,114.0,5037.0,3262.0,0.0,23.0,2.90545654296875,21.6566162109375,0.9474454453120823,13.0,2.6390573296152584,0.9611657480580811,0.7535215725865381,0.7960165021256289,0.5842977578696096,0.7747690373560835,1.0,0.16102657310215007,0.37227930891774347
6410.0,171.0,61.0,3262.0,1077.0,0.0,7.0,2.117007255554199,13.491442680358887,0.8280315241544739,0.0,0.0,0.0,0.0,0.0,0.0,0.0,0.0,0.1894154042689378,0.12064976435789186
6410.0,115.0,35.0,5037.0,3262.0,0.0,9.0,0.7367916107177734,11.34892749786377,0.6760866170048477,1.0,0.6931471805599453,0.5520447568369061,0.0,0.0,0.0,0.0,0.0,0.13570493123064428,0.08133256784516091
6410.0,115.0,61.0,3262.0,1077.0,0.0,215.0,0.6985626220703125,18.023712158203125,0.6674331883216497,0.0,0.0,0.0,0.0,0.0,0.0,0.0,0.0,0.08622026841875415,0.05038095040818508
6410.0,115.0,44.0,1077.0,3262.0,0.0,4.0,3.4974842071533203,19.653545379638672,0.9642328519035198,2.0,1.0986122886681098,0.6216979445974911,0.0,0.0,0.0,0.0,0.0,0.20019107782501536,0.09404871808315517
6410.0,115.0,263.0,1077.0,6410.0,1.0,1.0,5.534542083740234,16.32880401611328,0.9930386087916456,19.0,2.995732273553991,0.9611657480580811,0.6955610081865139,0.5720665519009245,0.23899059379067444,0.6338137800437191,1.0,0.3101156754706353,0.499771316245991
6410.0,31.0,315.0,6890.0,6410.0,0.0,3.0,1.1670923233032227,4.655628204345703,0.5736695897879543,0.0,0.0,0.0,0.0,0.0,0.0,0.0,0.0,0.17429867228362414,0.13953443407121308
6410.0,6.0,96.0,3262.0,5037.0,0.0,2.0,14.173810958862305,22.355297088623047,0.999998736080835,0.0,0.0,0.0,0.0,0.0,0.0,0.0,0.0,0.487234759059457,0.24027529377596954
6410.0,6.0,135.0,776.0,711.0,0.0,3.0,1.5373597145080566,6.2163543701171875,0.6489271199780083,0.0,0.0,0.0,0.0,0.0,0.0,0.0,0.0,0.1920018151342826,0.14701657930276651
6410.0,139.0,185.0,1145.0,6823.0,0.0,35.0,1.319594383239746,4.130927085876465,0.6252220194676213,0.0,0.0,0.0,0.0,0.0,0.0,0.0,0.0,0.20219397046099266,0.1630525765243272
6410.0,155.0,240.0,5037.0,3159.0,1.0,1.0,8.254899501800537,13.147571563720703,0.9993634786502195,1.0,0.6931471805599453,0.9803906099397734,0.0,1.0,0.2167226023213891,0.5,1.0,0.4535758142442547,0.48206750442012775
6410.0,155.0,182.0,6410.0,3262.0,0.0,4.0,2.472517967224121,9.86023998260498,0.8596188778752315,0.0,0.0,0.0,0.0,0.0,0.0,0.0,0.0,0.25602199339929277,0.17814804294539022
6410.0,145.0,322.0,1077.0,6410.0,0.0,5.0,0.034140586853027344,11.922357559204102,0.5033675380093338,0.0,0.0,0.0,0.0,0.0,0.0,0.0,0.0,0.08285867498126447,0.05755695704163221
6410.0,102.0,341.0,5037.0,3262.0,0.0,3.0,0.3488588333129883,10.575780868530273,0.45002053270135983,0.0,0.0,0.0,0.0,0.0,0.0,0.0,0.0,0.08373634624613523,0.059861663663459595
6410.0,207.0,320.0,1077.0,3262.0,1.0,1.0,6.788468360900879,14.049826622009277,0.9982578248743831,10.0,2.3978952727983707,0.8879629756445782,0.5073492086407465,0.7069214046749636,0.5234390933360337,0.6071353066578551,1.0,0.3887712615223371,0.615161111752137
6410.0,207.0,362.0,5037.0,1077.0,0.0,8.0,1.154128074645996,11.293195724487305,0.7356442644333911,4.0,1.6094379124341003,0.005362579541426977,0.5025720228632641,0.0,0.0,0.25128601143163204,0.0,0.1614520661733362,0.17453091126265832
6410.0,52.0,347.0,3262.0,5037.0,0.0,41.0,0.2832345962524414,10.434123992919922,0.5507440064905129,2.0,1.0986122886681098,0.20918584584822575,0.02451661301770358,0.0,0.0,0.01225830650885179,0.0,0.10446710785939813,0.0762956146323108
6410.0,116.0,146.0,1077.0,3262.0,0.0,48.0,1.270751953125,10.709378242492676,0.779662532101737,1.0,0.6931471805599453,0.18574928614211858,0.0,0.0,0.0,0.0,0.0,0.1849198809302937,0.12597772583286163
3361.0,169.0,208.0,804.0,4293.0,0.0,536.0,1.4573564529418945,4.170956134796143,0.6267027292688223,0.0,0.0,0.0,0.0,0.0,0.0,0.0,0.0,0.20532443795477945,0.16501445821943658
3361.0,160.0,268.0,1161.0,4286.0,0.0,2266.0,8.794496476650238,7.864115238189697,0.9995546076674539,0.0,0.0,0.0,0.0,0.0,0.0,0.0,0.0,0.5670159942165911,0.41526070811716675
3987.0,160.0,218.0,3155.0,2460.0,1.0,1.0,5.584409713745117,12.051509857177734,0.9961182225543097,46.0,3.8501476017100584,0.7578582832551991,0.7830557004082843,0.9297448605312985,0.849467192584565,0.8564002804697914,1.0,0.3832554157952663,0.7765492004947364
3987.0,160.0,48.0,3155.0,3159.0,1.0,1.0,5.971489906311035,11.192309379577637,0.9917493863341477,13.0,2.6390573296152584,0.8042490800314893,0.6260746133654034,0.8990056593399108,0.7008598393800961,0.7625401363526572,1.0,0.4081197940684129,0.7281178597328924
3987.0,160.0,283.0,3155.0,146.0,1.0,1.0,8.813589096069336,17.000385284423828,0.9998502944222273,61.0,4.127134385045092,0.9803906099397734,0.826288586203292,0.9878792938248778,0.9723045560935242,0.9070839400140849,1.0,0.40408893891124226,0.7725093742546707
3987.0,160.0,101.0,3155.0,6661.0,1.0,1.0,3.5645885467529297,7.682222843170166,0.9601389560232951,28.0,3.367295829986474,0.9423178739918808,0.7767308761926786,0.9050369283339595,0.7751365715812678,0.840883902263319,1.0,0.3730377291142145,0.7660863416644069
3987.0,160.0,125.0,3155.0,3159.0,0.0,6.0,7.231104850769043,16.664796829223633,0.9990571747005171,32.0,3.4965075614664802,1.0,0.8150342339862533,0.934689936639779,0.8397251588130176,0.8748620853130161,1.0,0.3589268814323551,0.7092360049002516
3987.0,160.0,210.0,2290.0,1077.0,0.0,27.0,2.991183280944824,13.5548677444458,0.9495304257907672,1.0,0.6931471805599453,0.1971195615288934,0.0,0.0,0.0,0.0,0.0,0.25971420435452097,0.16194991402190168
3987.0,160.0,50.0,3155.0,3159.0,1.0,1.0,12.420681953430176,17.558326721191406,0.9999957301608193,14.0,2.70805020110221,0.9803906099397734,0.6716055476859248,0.9113032108186297,0.7324111428825901,0.7914543792522772,1.0,0.5147911843992089,0.7493782841780038
3987.0,160.0,231.0,3155.0,4187.0,1.0,1.0,13.696648597717285,19.638151168823242,0.9999973618181686,46.0,3.8501476017100584,0.5858370854182298,0.7830557004082843,0.9297448605312982,0.8494671925845316,0.8564002804697912,1.0,0.520270065608508,0.8117825079588643
3987.0,160.0,296.0,4224.0,1139.0,0.0,4.0,0.9546966552734375,7.803310394287109,0.5390566706484257,0.0,0.0,0.0,0.0,0.0,0.0,0.0,0.0,0.1306227658790051,0.09781610271106862
3987.0,159.0,24.0,3159.0,3155.0,0.0,2.0,2.3453078269958496,8.352975845336914,0.8537117287204269,0.0,0.0,0.0,0.0,0.0,0.0,0.0,0.0,0.27109786087159726,0.19596424887674876
3987.0,158.0,230.0,3155.0,6785.0,0.0,9.0,2.811044216156006,8.481459617614746,0.8641523222819965,2.0,1.0986122886681098,0.8879629756445782,0.4950491105234984,0.5049508894765016,0.2931771384567245,0.5,1.0,0.2869515179057139,0.47957332312512824
3987.0,156.0,90.0,3155.0,2154.0,0.0,1816.0,2.3604440689086914,8.82565689086914,0.7883108404416951,2.0,1.0986122886681098,0.2550004023552998,0.48515121371725567,0.0,0.0,0.24257560685862783,0.0,0.23526398539541654,0.2292564691723399
3987.0,156.0,12.0,3155.0,3987.0,0.0,23.0,2.23175048828125,12.725301742553711,0.8395287678222281,0.0,0.0,0.0,0.0,0.0,0.0,0.0,0.0,0.20503292168511073,0.13301311359479337
3987.0,157.0,249.0,3155.0,1077.0,1.0,1.0,2.0201306343078613,8.587562561035156,0.816097346558148,3.0,1.3862943611198906,0.6216979445974911,0.45897771970335965,0.0,0.0,0.22948885985167983,0.0,0.24220251357697312,0.21453463715956964
3987.0,169.0,205.0,146.0,1077.0,0.0,11.0,2.279600143432617,10.459107398986816,0.8288973300481146,0.0,0.0,0.0,0.0,0.0,0.0,0.0,0.0,0.22966339020016646,0.1575429395103976
6126.0,156.0,292.0,4587.0,122.0,0.0,399.0,0.3003692626953125,3.6034281253814697,0.4024706234366959,0.0,0.0,0.0,0.0,0.0,0.0,0.0,0.0,0.11826267974655874,0.09978601728076748
6794.0,169.0,250.0,1148.0,150.0,0.0,5.0,1.3775238990783691,7.2231831550598145,0.6015693708982028,0.0,0.0,0.0,0.0,0.0,0.0,0.0,0.0,0.16169523968469737,0.12141541824077062
2461.0,38.0,263.0,1185.0,3341.0,0.0,102.0,10.72617495059967,12.50613021850586,0.9999364129269204,1.0,0.6931471805599453,0.021450318165707895,0.0,0.0,0.0,0.0,0.0,0.5487703607341494,0.36937681455788346
2461.0,156.0,99.0,1185.0,3341.0,0.0,340.0,6.187675476074219,14.95499038696289,0.9977808244772522,3.0,1.3862943611198906,0.46191979762002533,0.607979466570356,0.392020533429644,0.09168244412397944,0.5,1.0,0.35425492411184856,0.5083068617354661
2461.0,61.0,65.0,3341.0,6823.0,0.0,4539.0,0.3291640281677246,6.199455261230469,0.42495365183101536,0.0,0.0,0.0,0.0,0.0,0.0,0.0,0.0,0.10537659110636408,0.08362886555235938
2461.0,160.0,329.0,1185.0,2461.0,0.0,27.0,2.2764780521392822,6.149259567260742,0.8620300986269711,0.0,0.0,0.0,0.0,0.0,0.0,0.0,0.0,0.30602277833606084,0.23338508969057434
1077.0,156.0,53.0,6410.0,6635.0,0.0,60.0,0.34606266021728516,12.345521926879883,0.5801018843377871,1.0,0.6931471805599453,0.4805828740290406,0.0,0.0,0.0,0.0,0.0,0.0990619323046262,0.059907477895735355
1077.0,156.0,141.0,6890.0,6410.0,0.0,580.0,5.32853889465332,24.196950912475586,0.9948564393563922,7.0,2.0794415416798357,0.9238395952400507,0.25632357454962673,0.0,0.0,0.12816178727481337,0.0,0.19898041602050245,0.09456848369465652
1077.0,156.0,72.0,6635.0,5463.0,0.0,5.0,1.937570571899414,12.355966567993164,0.7666433913288697,0.0,0.0,0.0,0.0,0.0,0.0,0.0,0.0,0.1759852998886009,0.11547036444885003
1077.0,156.0,348.0,6410.0,2445.0,0.0,10.0,7.593393325805664,22.3387393951416,0.9991960669182395,5.0,1.791759469228055,0.2871745887492588,0.35562708160885537,0.0,0.0,0.17781354080442768,0.0,0.28060068524971776,0.17736773827131475
1077.0,156.0,238.0,6890.0,4805.0,0.0,4.0,3.343669891357422,19.572181701660156,0.9406020294125125,10.0,2.3978952727983707,0.34320509065132626,0.5770875969695716,0.0,0.0,0.2885437984847858,0.0,0.18893483601549968,0.16111940878306175
1077.0,156.0,356.0,5037.0,3262.0,0.0,1778.0,6.632702827453613,16.83566665649414,0.9985261786782393,5.0,1.791759469228055,1.0,0.08434082056194236,0.0,0.0,0.04217041028097118,0.0,0.3374722722041614,0.1682277946841936
1077.0,142.0,82.0,3262.0,2290.0,0.0,1678.0,1.9447755813598633,13.065584182739258,0.7827432679304566,2.0,1.0986122886681098,0.6864101813026526,0.4900991917739813,0.0,0.0,0.24504959588699066,0.0,0.17430858582016662,0.13831806723976106
1077.0,142.0,286.0,711.0,7038.0,1.0,1677.5,1.4094791412353516,16.997234344482422,0.7555842441806933,16.0,2.833213344056216,0.9611657480580811,0.6080989309445874,0.3919010690554125,0.1771877300405864,0.5,1.0,0.12154851980762575,0.22719331967510725
1077.0,142.0,313.0,7038.0,711.0,0.0,1.0,2.49942684173584,14.460363388061523,0.9234012788421126,23.0,3.1780538303479458,1.0,0.5721481081360169,0.0,0.0,0.28607405406800845,0.0,0.22400884803624652,0.18591989779339338
1077.0,142.0,320.0,711.0,7038.0,0.0,6.0,10.060028076171875,25.59422492980957,0.9999568406072289,32.0,3.4965075614664802,1.0,0.6461940789950088,0.3538059210049912,0.028966636742659254,0.5,1.0,0.301145905135692,0.34597766183745726
1077.0,142.0,97.0,6890.0,711.0,0.0,6.0,0.21574020385742188,16.446836471557617,0.5488753322600307,0.0,0.0,0.0,0.0,0.0,0.0,0.0,0.0,0.06930103749817319,0.04285544231888386
1077.0,142.0,153.0,3341.0,6635.0,0.0,11.0,1.0531587600708008,13.067429542541504,0.5497113003661871,6.0,1.9459101490553132,0.12750020117764987,0.4729274566439974,0.0,0.0,0.2364637283219987,0.0,0.09642585329656243,0.09971188981138407
1077.0,142.0,310.0,7038.0,711.0,0.0,2.0,9.986285209655762,25.02649688720703,0.9999530208659955,22.0,3.1354942159291497,0.3714985722842371,0.7382181283513096,0.0,0.0,0.3691090641756548,0.0,0.30773609222145915,0.24112452789126232
1077.0,142.0,45.0,3341.0,711.0,1.0,1.0,2.9883995056152344,17.076793670654297,0.9505846525963589,4.0,1.6094379124341003,0.9803906099397734,0.447605657285874,0.0,0.0,0.223802828642937,0.0,0.21412010189008876,0.13874923943840156
1077.0,142.0,188.0,3341.0,711.0,0.0,4.0,2.2513017654418945,13.675104141235352,0.8163435587681537,9.0,2.302585092994046,1.0,0.3105196175255446,0.0,0.0,0.1552598087627723,0.0,0.18586341130108683,0.12420943895662136
1077.0,142.0,33.0,1077.0,3341.0,0.0,2.0,2.2458248138427734,18.441421508789062,0.9018416043253049,0.0,0.0,0.0,0.0,0.0,0.0,0.0,0.0,0.1656316731383994,0.09288263001951855
1077.0,142.0,251.0,711.0,1115.0,1.0,1.0,2.4585514068603516,14.848834037780762,0.9205171425191926,13.0,2.6390573296152584,0.9803906099397734,0.11066976099090442,0.0,0.0,0.05533488049545221,0.0,0.21703055013882355,0.1255481427798352
1077.0,142.0,324.0,4545.0,2290.0,0.0,6.0,1.9752521514892578,13.815179824829102,0.8615809041624444,10.0,2.3978952727983707,0.7884782461155736,0.6548345574160532,0.0,0.0,0.3274172787080266,0.0,0.19535603190422693,0.1789893690074792
1077.0,142.0,86.0,6890.0,7038.0,0.0,2.0,3.3301334381103516,13.209441184997559,0.9482132343786109,0.0,0.0,0.0,0.0,0.0,0.0,0.0,0.0,0.2729325950683875,0.17412902537329042
1077.0,142.0,63.0,5395.0,3262.0,0.0,6.0,2.8448476791381836,12.286707878112793,0.9285525786779776,0.0,0.0,0.0,0.0,0.0,0.0,0.0,0.0,0.2638649404973492,0.1729354527118571
1077.0,142.0,315.0,711.0,2661.0,0.0,2561.0,3.1737842559814453,14.770155906677246,0.9164785617351474,29.0,3.4011973816621555,0.9803906099397734,0.5571089043740519,0.4428910956259481,0.03560199876497825,0.5,1.0,0.2331890374425478,0.359526229866645
1077.0,142.0,190.0,3341.0,1985.0,0.0,2.0,0.8745517730712891,12.375992774963379,0.579897166874609,10.0,2.3978952727983707,1.0,0.49385544362557277,0.0,0.0,0.24692772181278638,0.0,0.10536941121132395,0.08680371185175853
1077.0,142.0,339.0,7038.0,1077.0,0.0,8.0,2.85544490814209,12.413941383361816,0.9371795074431176,27.0,3.332204510175204,0.7730166686334901,0.634097908928593,0.0,0.0,0.3170489544642965,0.0,0.26639950825032643,0.2562632784153451
1077.0,142.0,128.0,4702.0,1115.0,0.0,3.0,0.9263792037963867,11.134841918945312,0.6092720211113005,0.0,0.0,0.0,0.0,0.0,0.0,0.0,0.0,0.12224986354840499,0.0843650607952838
1077.0,142.0,130.0,244.0,6052.0,0.0,7.0,1.722299575805664,11.986952781677246,0.8213017444927552,0.0,0.0,0.0,0.0,0.0,0.0,0.0,0.0,0.195529415602131,0.130120895440753
1077.0,142.0,48.0,7038.0,711.0,0.0,11.0,6.619258880615234,20.75922203063965,0.9973190563221479,1.0,0.6931471805599453,0.820335356007638,0.0,0.0,0.0,0.0,0.0,0.2762063094218011,0.11266606006890273
1077.0,142.0,47.0,3341.0,3811.0,1.0,1.0,8.66158676147461,17.349315643310547,0.999355992430094,5.0,1.791759469228055,0.9803906099397734,0.34616360234900834,0.6538363976509917,0.11322746721094074,0.5,1.0,0.3928233498716796,0.4432753311204749
1077.0,142.0,238.0,3241.0,1115.0,0.0,3.0,0.057236671447753906,9.22646427154541,0.328647301134362,1.0,0.6931471805599453,1.0,0.0,0.0,0.0,0.0,0.0,0.06743147126982603,0.03747851572856154
1077.0,142.0,159.0,6890.0,5037.0,0.0,5.0,6.043545722961426,19.262603759765625,0.9958351388006983,0.0,0.0,0.0,0.0,0.0,0.0,0.0,0.0,0.2816239945566546,0.1497022704592885
1077.0,142.0,233.0,7038.0,2661.0,0.0,418.0,15.00684928894043,26.315624237060547,0.9999994843417076,20.0,3.044522437723423,0.5520447568369061,0.7631637938880051,0.0,0.0,0.3815818969440026,0.0,0.44394708499871427,0.3136280763623499
1077.0,142.0,161.0,2290.0,711.0,0.0,8.0,4.025346755981445,15.21926498413086,0.9769573373207225,1.0,0.6931471805599453,0.13801118920922653,0.0,0.0,0.0,0.0,0.0,0.2764689967148466,0.1668203972139685
1077.0,142.0,175.0,3262.0,3547.0,0.0,2.0,4.210436820983887,14.324122428894043,0.9592352373404219,4.0,1.6094379124341003,0.2706097479346942,0.598195474013102,0.0,0.0,0.299097737006551,0.0,0.28599456743464696,0.26371923295546174
1077.0,142.0,148.0,7038.0,3262.0,0.0,2.0,3.239365577697754,18.017717361450195,0.9293752921119843,16.0,2.833213344056216,0.836743383392903,0.5594377562464709,0.8384483039410182,0.4602688851362205,0.6989430300937445,1.0,0.20011725616065235,0.40607703139478923
1077.0,142.0,72.0,7038.0,6052.0,0.0,2.0,1.9358558654785156,24.561004638671875,0.8719123931817598,3.0,1.3862943611198906,0.7578582832551991,0.2554747536078996,0.0,0.0,0.1277373768039498,0.0,0.10211231209843281,0.05078121733875226
1077.0,53.0,53.0,711.0,6407.0,0.0,7.0,1.7254400253295898,13.828843116760254,0.8072782518207361,0.0,0.0,0.0,0.0,0.0,0.0,0.0,0.0,0.1706274785580883,0.10835488957317721
1077.0,53.0,118.0,3262.0,567.0,1.0,1.0,1.8251399993896484,17.342697143554688,0.790512261470378,4.0,1.6094379124341003,0.9803906099397734,0.4912698243393664,0.5087301756606336,0.12164546397856678,0.5,1.0,0.13441214301049792,0.2056055708416574
1077.0,53.0,239.0,2290.0,3922.0,0.0,2.0,10.10179328918457,22.46595001220703,0.9999487181864487,10.0,2.3978952727983707,0.4183716916964515,0.5780015468318742,0.0,0.0,0.2890007734159371,0.0,0.35211786788446986,0.25087160206030334
1077.0,53.0,180.0,6410.0,3262.0,1.0,1.0,2.825429916381836,28.551538467407227,0.9440346325931245,7.0,2.0794415416798357,0.9057236642639067,0.708284445192825,0.0,0.0,0.3541422225964125,0.0,0.10258576223674973,0.06429894546929882
1077.0,53.0,360.0,2661.0,711.0,0.0,4.0,1.1398296356201172,9.500960350036621,0.7390668883663157,1.0,0.6931471805599453,0.39423912305778674,0.0,0.0,0.0,0.0,0.0,0.18073179573116954,0.11881430084206317
1077.0,53.0,77.0,1077.0,4702.0,0.0,3.0,4.042468070983887,11.218116760253906,0.9732179082170369,0.0,0.0,0.0,0.0,0.0,0.0,0.0,0.0,0.33646891998933864,0.22567338541755885
1077.0,53.0,101.0,6410.0,146.0,1.0,1.0,5.419983863830566,10.925414085388184,0.9948261237960035,2.0,1.0986122886681098,0.8705505632961241,0.1876258512022082,0.0,0.0,0.0938129256011041,0.0,0.3966193015350787,0.2517500854745781
1077.0,53.0,319.0,3155.0,6410.0,0.0,2.0,4.042315483093262,18.790639877319336,0.9827226947859832,7.0,2.0794415416798357,0.7730166686334901,0.4606590473236041,0.0,0.0,0.23032952366180204,0.0,0.23069080598711078,0.15680024972452206
1077.0,53.0,117.0,711.0,3262.0,0.0,2.0,0.9829063415527344,18.554454803466797,0.7276154178520968,0.0,0.0,0.0,0.0,0.0,0.0,0.0,0.0,0.09835380147880372,0.05623757712029587
1077.0,53.0,153.0,3155.0,6407.0,0.0,2.0,1.1804637908935547,13.537371635437012,0.7572125831277838,4.0,1.6094379124341003,0.3234082913657485,0.44486239832190844,0.0,0.0,0.22243119916095422,0.0,0.14749265176391937,0.13224713551513398
1077.0,53.0,286.0,2278.0,6410.0,0.0,3.0,7.844535827636719,17.115251541137695,0.9995216251890696,3.0,1.3862943611198906,0.05549768597778612,0.5450467938014425,0.0,0.0,0.27252339690072125,0.0,0.3708479222645987,0.31118056160360347
1077.0,53.0,244.0,6410.0,6890.0,0.0,33.0,12.510869979858398,23.95639991760254,0.9999959830987672,10.0,2.3978952727983707,0.9803906099397734,0.6126137466566357,0.0,0.0,0.30630687332831785,0.0,0.4032782604839281,0.2395885620164505
1077.0,53.0,167.0,3262.0,1077.0,0.0,6.0,17.470030784606934,27.28199005126953,0.9999999468417474,5.0,1.791759469228055,0.7284274237469965,0.6291404530048725,0.0,0.0,0.31457022650243627,0.0,0.5094750841536052,0.2931367642694611
1077.0,155.0,184.0,6410.0,6635.0,1.0,1.0,1.857889175415039,20.442359924316406,0.8167538100109365,3.0,1.3862943611198906,0.9611657480580811,0.5952377150840487,0.0,0.0,0.29761885754202433,0.0,0.11719707813250302,0.07874461248462565
1077.0,155.0,310.0,6410.0,3155.0,0.0,5.0,3.3998289108276367,14.944770812988281,0.966905217522464,4.0,1.6094379124341003,0.15237670677555948,0.5624020858458925,0.0,0.0,0.28120104292294623,0.0,0.25904003135777115,0.24191921747600356
1077.0,155.0,128.0,6410.0,6635.0,0.0,3.0,3.5048837661743164,10.411261558532715,0.925457432996363,0.0,0.0,0.0,0.0,0.0,0.0,0.0,0.0,0.3082271640270017,0.2105452438544934
1077.0,155.0,201.0,3155.0,5037.0,0.0,2.0,5.227198600769043,13.853632926940918,0.9880645820544821,0.0,0.0,0.0,0.0,0.0,0.0,0.0,0.0,0.33761911295554886,0.21008760009633118
1077.0,155.0,187.0,3922.0,6410.0,0.0,2.0,3.162947654724121,15.159866333007812,0.9550543636896061,5.0,1.791759469228055,0.1407716351115447,0.32825133197972856,0.0,0.0,0.16412566598986428,0.0,0.24469330122551738,0.1991294793128035
1077.0,155.0,185.0,6410.0,3922.0,1.0,1.0,2.4739837646484375,11.326251983642578,0.8699533306331488,3.0,1.3862943611198906,0.9423178739918808,0.5952377150840488,0.0,0.0,0.2976188575420244,0.0,0.24089428361547924,0.19888093545386906
1077.0,38.0,210.0,1121.0,1154.0,0.0,331.0,7.38355827331543,15.373865127563477,0.9989046405872443,4.0,1.6094379124341003,0.34320509065132626,0.46307890805214036,0.5369210919478596,0.010952850480520296,0.5,1.0,0.3854873323235469,0.506097912911756
1077.0,38.0,319.0,7003.0,2661.0,1.0,1.0,2.965818405151367,10.253554344177246,0.9322805368782983,10.0,2.3978952727983707,0.9423178739918808,0.5705595788029938,0.6912899519397626,0.4814352894826923,0.6309247653713782,1.0,0.29871085179635665,0.5658605263567695
1077.0,87.0,350.0,3262.0,6410.0,0.0,8.0,1.2398643493652344,12.170004844665527,0.7258449096249985,0.0,0.0,0.0,0.0,0.0,0.0,0.0,0.0,0.15148998355051715,0.10105042597971829
1077.0,160.0,334.0,3262.0,6785.0,0.0,337.0,2.1281089782714844,21.822046279907227,0.8914166735040893,10.0,2.3978952727983707,0.7730166686334901,0.47024532128986407,0.5297546787101359,0.15034402583245768,0.5,1.0,0.1298043307809593,0.20223496396135168
1077.0,160.0,154.0,5037.0,4377.0,0.0,17.0,8.840792655944824,21.405654907226562,0.9998491113955617,1.0,0.6931471805599453,0.12500000000000003,0.0,0.0,0.0,0.0,0.0,0.3309904331998542,0.16422169116274474
1077.0,160.0,211.0,5154.0,1154.0,0.0,1587.0,0.6334247589111328,15.12341594696045,0.6465399432650281,2.0,1.0986122886681098,0.4439814878222891,0.05064115055789953,0.0,0.0,0.025320575278949764,0.0,0.09886830980100836,0.05996923214242717
1077.0,160.0,357.0,3262.0,5037.0,0.0,8.0,7.736891746520996,19.01496124267578,0.9991461025831713,11.0,2.4849066497880004,0.9803906099397734,0.6052636610530955,0.39473633894690446,0.16126039555611238,0.5,1.0,0.3359104735126209,0.44156426266381615
1077.0,115.0,245.0,6410.0,3262.0,1.0,1.0,1.766937255859375,16.032400131225586,0.8524904917199134,12.0,2.5649493574615367,0.6095068271022377,0.6068360704660889,0.3931639295339111,0.1524108851198782,0.5,1.0,0.16435649133774088,0.3126907228799153
1077.0,115.0,145.0,6410.0,3262.0,1.0,1.0,3.969236373901367,23.845617294311523,0.9810400824389348,7.0,2.0794415416798357,0.8705505632961241,0.34790511679995706,0.0,0.0,0.17395255839997853,0.0,0.1701854230191784,0.09053827242521961
1077.0,115.0,315.0,3262.0,6410.0,1.0,1.0,5.739336013793945,21.44509506225586,0.9967033026771485,13.0,2.6390573296152584,0.9803906099397734,0.4413218577752478,0.5586781422247522,0.0016076310831181515,0.5,1.0,0.24352255246956672,0.2856823127431772
1077.0,115.0,352.0,6410.0,3262.0,0.0,11.0,1.3297853469848633,16.244810104370117,0.785994412645564,23.0,3.1780538303479458,0.5520447568369061,0.7583523986859771,0.0,0.0,0.3791761993429886,0.0,0.13460133603433747,0.14603368853898002
1077.0,115.0,115.0,6410.0,3262.0,0.0,2.0,0.6754264831542969,11.641393661499023,0.6511556718843188,5.0,1.791759469228055,0.7578582832551991,0.5362350104875613,0.4637649895124388,0.27328614738623663,0.5,1.0,0.12554081977190998,0.2710030943798269
1077.0,115.0,282.0,1077.0,5037.0,0.0,5.0,1.931509017944336,15.89302921295166,0.8615811271060383,0.0,0.0,0.0,0.0,0.0,0.0,0.0,0.0,0.1719429281132367,0.1033995693025982
1077.0,115.0,200.0,3262.0,5037.0,0.0,3.0,3.1870832443237305,14.770691871643066,0.9548902286572214,0.0,0.0,0.0,0.0,0.0,0.0,0.0,0.0,0.25047592146566267,0.1536446971620979
1077.0,207.0,257.0,1077.0,6410.0,0.0,12.0,0.7593011856079102,16.5100154876709,0.6776603394989532,0.0,0.0,0.0,0.0,0.0,0.0,0.0,0.0,0.09812423493214013,0.05942088085081653
1077.0,207.0,317.0,6410.0,1077.0,0.0,25.0,0.021099090576171875,11.140932083129883,0.48551191876276323,11.0,2.4849066497880004,0.9611657480580811,0.6425618462627772,0.35743815373722276,0.08527107504398043,0.5,1.0,0.0837586650203777,0.18087117784815046
1077.0,207.0,316.0,6410.0,3262.0,0.0,5.0,6.237720489501953,16.967815399169922,0.9965615831717329,11.0,2.4849066497880004,0.9803906099397734,0.6425618462627771,0.3574381537372228,0.08527107504398052,0.5,1.0,0.32250535321790824,0.43794595047900753
1077.0,207.0,143.0,6890.0,3262.0,0.0,4.0,3.668607234954834,10.188069343566895,0.9725582005048756,2.0,1.0986122886681098,0.820335356007638,0.29910134924787046,0.0,0.0,0.14955067462393523,0.0,0.3414962354609563,0.24118782114527532
1077.0,207.0,138.0,2290.0,6410.0,0.0,8.0,0.0859375,18.818090438842773,0.502887492487316,8.0,2.1972245773362196,0.7884782461155736,0.661950795057282,0.7380154435462838,0.5026336830346572,0.6999831193017829,1.0,0.0522768866505091,0.15560872567555434
1077.0,35.0,356.0,3262.0,6410.0,0.0,12.0,2.6326193809509277,8.595173835754395,0.9151377864098357,0.0,0.0,0.0,0.0,0.0,0.0,0.0,0.0,0.30581921810326335,0.22014961855995865
1077.0,123.0,356.0,3262.0,1077.0,0.0,21.0,2.7167577743530273,12.938732147216797,0.8768730719203941,8.0,2.1972245773362196,0.6864101813026526,0.5607271106463139,0.0,0.0,0.28036355532315693,0.0,0.22881323946306392,0.2008845289688471
1077.0,123.0,57.0,1077.0,3155.0,0.0,597.0,0.8495426177978516,17.67742919921875,0.5209548442507455,0.0,0.0,0.0,0.0,0.0,0.0,0.0,0.0,0.06487892451790436,0.038449036752976555
1077.0,123.0,64.0,1077.0,4805.0,0.0,17.0,5.322393417358398,18.58037567138672,0.9856582497678622,0.0,0.0,0.0,0.0,0.0,0.0,0.0,0.0,0.2671655333727704,0.14528296381183592
1077.0,123.0,92.0,3922.0,5037.0,0.0,12.0,0.5857601165771484,11.4979248046875,0.5589367613611964,2.0,1.0986122886681098,1.0,0.41661823838916034,0.0,0.0,0.20830911919458017,0.0,0.1029452360270894,0.07527853662120199
1077.0,123.0,245.0,6407.0,6890.0,0.0,1052.0,3.3715343475341797,20.598947525024414,0.9572331777145645,1.0,0.6931471805599453,0.10459292292411289,0.0,0.0,0.0,0.0,0.0,0.1843063641848075,0.09744640620459084
1077.0,123.0,41.0,4805.0,6635.0,0.0,357.0,7.534858703613281,18.15531349182129,0.9986709081195292,0.0,0.0,0.0,0.0,0.0,0.0,0.0,0.0,0.3434862549261505,0.1877796321055693
1077.0,123.0,357.0,4805.0,1077.0,0.0,7.0,0.1413431167602539,14.960310935974121,0.4697215038174223,5.0,1.791759469228055,0.8705505632961241,0.33275342109618566,0.0,0.0,0.16637671054809283,0.0,0.06352779698444981,0.0447644910421298
1077.0,123.0,182.0,3262.0,2290.0,0.0,123.0,3.305543899536133,19.45722770690918,0.9252023795075032,1.0,0.6931471805599453,0.27602237841845306,0.0,0.0,0.0,0.0,0.0,0.18378889037985152,0.09457003828348406
1077.0,123.0,292.0,1077.0,146.0,0.0,9.0,0.9306659698486328,17.881040573120117,0.6632931270850291,0.0,0.0,0.0,0.0,0.0,0.0,0.0,0.0,0.08875349917424682,0.05179516815026651
1077.0,123.0,306.0,3262.0,146.0,0.0,2.0,2.9433279037475586,16.4038143157959,0.9303731869779486,3.0,1.3862943611198906,0.7141434062641757,0.4002264065098563,0.0,0.0,0.20011320325492815,0.0,0.21309990888932415,0.14548716903081227
1077.0,123.0,243.0,2290.0,146.0,0.0,10.0,2.343094825744629,18.18527603149414,0.8645170422260752,7.0,2.0794415416798357,0.12750020117764987,0.6289064485660658,0.0,0.0,0.3144532242830329,0.0,0.1577387719693213,0.15463497936660747
1077.0,56.0,159.0,3262.0,1077.0,0.0,5.0,4.627536773681641,24.476184844970703,0.9880568682014991,15.0,2.772588722239781,0.9238395952400507,0.8046526790731635,0.19534732092683652,0.030827836200426555,0.5,1.0,0.17886522438714253,0.2560030922363459
1077.0,56.0,14.0,3262.0,1077.0,1.0,1.0,4.868021011352539,15.35619831085205,0.9868684307608686,1.0,0.6931471805599453,0.8705505632961241,0.0,1.0,0.9999999999988514,0.5,1.0,0.3027690090380909,0.5133292490362983
1077.0,56.0,47.0,6785.0,3262.0,0.0,27.0,4.835188388824463,11.933416366577148,0.9873371417054536,0.0,0.0,0.0,0.0,0.0,0.0,0.0,0.0,0.35671341261414485,0.23427921782214775
1077.0,56.0,356.0,3262.0,6410.0,1.0,1.0,2.3972415924072266,16.94589614868164,0.9082316419731494,26.0,3.295836866004329,0.5858370854182298,0.6733311551281087,0.0,0.0,0.33666557756405435,0.0,0.18652222330435395,0.18009405533286885
1077.0,169.0,59.0,3922.0,5037.0,0.0,51.0,4.458159446716309,18.356603622436523,0.9798552919325789,0.0,0.0,0.0,0.0,0.0,0.0,0.0,0.0,0.2453295644086805,0.13510506173790873
1077.0,169.0,184.0,6635.0,6407.0,0.0,128.0,3.831745147705078,25.03218650817871,0.976165438266051,2.0,1.0986122886681098,0.5743491774985175,0.0,1.0,0.019801616452028412,0.5,1.0,0.15439314540076635,0.15047382844982707
1077.0,169.0,268.0,711.0,2290.0,0.0,5.0,1.1137237548828125,14.016913414001465,0.6675021068187721,0.0,0.0,0.0,0.0,0.0,0.0,0.0,0.0,0.1177087731052374,0.07528454774624788
1077.0,169.0,14.0,3922.0,6360.0,0.0,77.0,2.6909914016723633,14.274584770202637,0.9345444905895217,0.0,0.0,0.0,0.0,0.0,0.0,0.0,0.0,0.235726103271717,0.14701985816293467
1077.0,169.0,128.0,6410.0,2290.0,0.0,36.0,7.190791130065918,18.141380310058594,0.9986548509322064,2.0,1.0986122886681098,0.18574928614211858,0.431125927769216,0.0,0.0,0.215562963884608,0.0,0.3332894513248601,0.24442922430151734
1077.0,169.0,303.0,6890.0,3922.0,0.0,138.0,3.388073444366455,11.12806510925293,0.8863401076110132,1.0,0.6931471805599453,0.26530325583334324,0.0,0.0,0.0,0.0,0.0,0.27480794930112695,0.17695286748912017
1077.0,103.0,243.0,6017.0,3155.0,0.0,7.0,0.2174062728881836,10.980441093444824,0.430485889742877,0.0,0.0,0.0,0.0,0.0,0.0,0.0,0.0,0.07679087961575007,0.054623401465145
1077.0,103.0,153.0,3155.0,2290.0,1.0,1.0,5.459821701049805,21.625144958496094,0.9912256452289059,1.0,0.6931471805599453,0.12500000000000003,0.0,0.0,0.0,0.0,0.0,0.23192246563819624,0.11603968347289281
1077.0,46.0,142.0,3922.0,5037.0,0.0,35.0,6.078503608703613,11.395559310913086,0.9950232071107153,0.0,0.0,0.0,0.0,0.0,0.0,0.0,0.0,0.40996711736847197,0.27249757121850177
1077.0,46.0,231.0,6410.0,3262.0,0.0,77.0,0.720757007598877,6.801267623901367,0.5891295136583645,0.0,0.0,0.0,0.0,0.0,0.0,0.0,0.0,0.1500902791848752,0.11533346705182747
1077.0,158.0,188.0,6410.0,5037.0,0.0,4.0,3.1050119400024414,17.55794906616211,0.9325834980412516,1.0,0.6931471805599453,0.12750020117764987,0.0,0.0,0.0,0.0,0.0,0.20380018150485027,0.11632450941283218
1077.0,158.0,23.0,6410.0,1077.0,0.0,6.0,4.569080352783203,20.859037399291992,0.9816862099852368,0.0,0.0,0.0,0.0,0.0,0.0,0.0,0.0,0.21662587142570983,0.11105225202988646
1077.0,61.0,305.0,6890.0,3262.0,0.0,7.0,7.261677265167236,13.05458927154541,0.9976660098008707,2.0,1.0986122886681098,0.05660772901649418,0.0,0.0,0.0,0.0,0.0,0.4211934785659952,0.2794774143271056
1077.0,127.0,311.0,5395.0,3262.0,0.0,2.0,0.1076822280883789,15.98161792755127,0.5105437233712053,0.0,0.0,0.0,0.0,0.0,0.0,0.0,0.0,0.06472045038283214,0.04069534825412094
1077.0,127.0,289.0,6890.0,3262.0,0.0,196.0,4.597054481506348,17.889223098754883,0.9829978928265358,2.0,1.0986122886681098,0.09105342796837457,0.4950491105234984,0.0,0.0,0.2475245552617492,0.0,0.25664292989881476,0.20908026747217617
1077.0,127.0,34.0,3922.0,3262.0,0.0,193.0,8.140660285949707,23.288280487060547,0.9997023738781018,0.0,0.0,0.0,0.0,0.0,0.0,0.0,0.0,0.28190800101943486,0.13141620050620717
1077.0,127.0,178.0,7038.0,1077.0,1.0,1.0,3.499195098876953,13.955428123474121,0.9615253837576195,1.0,0.6931471805599453,0.2871745887492588,0.0,0.0,0.0,0.0,0.0,0.2731165567586818,0.16336805854673264
1077.0,127.0,247.0,3262.0,6410.0,0.0,75.0,8.323760986328125,18.82659339904785,0.999542046205306,4.0,1.6094379124341003,1.0,0.4581746450521018,0.0,0.0,0.2290873225260509,0.0,0.35717746852606835,0.2127997018280545
1077.0,127.0,253.0,3262.0,6890.0,0.0,7.0,1.3144645690917969,17.191699981689453,0.7612366048550616,6.0,1.9459101490553132,1.0,0.4528138897178877,0.0,0.0,0.22640694485894386,0.0,0.12013503325066408,0.08139625785162351
1077.0,127.0,33.0,1077.0,6890.0,0.0,23.0,0.6449966430664062,16.374406814575195,0.517780675264331,0.0,0.0,0.0,0.0,0.0,0.0,0.0,0.0,0.06855366870526017,0.04214292675750278
1077.0,190.0,333.0,1077.0,5037.0,0.0,91.0,5.962015390396118,8.750107765197754,0.9907519654367339,0.0,0.0,0.0,0.0,0.0,0.0,0.0,0.0,0.4505075514765299,0.3206152298236125
1077.0,98.0,82.0,3262.0,567.0,0.0,28.0,5.009432792663574,14.034022331237793,0.9886623687684967,1.0,0.6931471805599453,0.7284274237469965,0.0,0.0,0.0,0.0,0.0,0.3284985721628307,0.17096818413285053
1077.0,98.0,110.0,3155.0,6410.0,0.0,3.0,1.0587501525878906,15.038619041442871,0.7385908886759682,1.0,0.6931471805599453,0.3234082913657485,0.0,0.0,0.0,0.0,0.0,0.12737001767897374,0.0746308823451851
1077.0,98.0,340.0,1077.0,6559.0,0.0,83.0,11.492118835449219,21.674341201782227,0.9999810767352889,0.0,0.0,0.0,0.0,0.0,0.0,0.0,0.0,0.4098992221998685,0.20201146685193916
1077.0,98.0,107.0,5037.0,4805.0,0.0,13.0,2.8155269622802734,18.57754898071289,0.860463434139823,1.0,0.6931471805599453,0.9423178739918808,0.0,0.0,0.0,0.0,0.0,0.16118416505871566,0.0679874740406586
1077.0,98.0,127.0,1077.0,4805.0,0.0,3712.0,3.423943519592285,18.347246170043945,0.9630443525949716,0.0,0.0,0.0,0.0,0.0,0.0,0.0,0.0,0.21360424937980357,0.11870565007420104
1077.0,98.0,120.0,6410.0,2290.0,0.0,50.0,5.472161293029785,15.222475051879883,0.9919210987271118,5.0,1.791759469228055,0.5,0.5709899356724049,0.0,0.0,0.28549496783620243,0.0,0.32506077005072254,0.26968365107226444
1077.0,98.0,363.0,3262.0,5037.0,0.0,4.0,1.3423881530761719,9.555744171142578,0.7481373363667829,16.0,2.833213344056216,0.5630865404461788,0.528823663405418,0.471176336594582,0.19476965519193568,0.5,1.0,0.18753283745214802,0.3956978090361486
1077.0,17.0,152.0,3262.0,6890.0,0.0,43.0,0.4203920364379883,6.934273719787598,0.32870071172291876,0.0,0.0,0.0,0.0,0.0,0.0,0.0,0.0,0.08228817987321581,0.06459652664210702
1077.0,17.0,99.0,4702.0,711.0,0.0,9.0,0.7113981246948242,9.321820259094238,0.5521616110138777,0.0,0.0,0.0,0.0,0.0,0.0,0.0,0.0,0.11849962621683219,0.08600067198174793
1077.0,159.0,1.0,6890.0,3262.0,0.0,12.0,1.006821632385254,12.158842086791992,0.7009955073083176,0.0,0.0,0.0,0.0,0.0,0.0,0.0,0.0,0.1402110244727379,0.09398801605116981
1077.0,159.0,162.0,6890.0,3262.0,0.0,6.0,0.08577632904052734,9.807917594909668,0.41543249211618427,0.0,0.0,0.0,0.0,0.0,0.0,0.0,0.0,0.0790043985908451,0.058023051450848406
1077.0,159.0,169.0,1077.0,3262.0,0.0,33.0,0.6301059722900391,18.51116943359375,0.5296945282410872,0.0,0.0,0.0,0.0,0.0,0.0,0.0,0.0,0.060818065987676626,0.0354769751123335
1077.0,6.0,149.0,3262.0,1077.0,0.0,3.0,0.4301624298095703,27.324859619140625,0.6058354127939091,6.0,1.9459101490553132,0.9611657480580811,0.4021437071828573,0.0,0.0,0.20107185359142865,0.0,0.038465434675846503,0.02046065573425266
1077.0,6.0,238.0,3262.0,6890.0,0.0,28.0,0.3811454772949219,16.456262588500977,0.5860829262673002,11.0,2.4849066497880004,0.6597539553864471,0.6919524340145858,0.0,0.0,0.3459762170072929,0.0,0.07683548715889313,0.07675178313569173
1077.0,185.0,15.0,3262.0,3535.0,0.0,75.0,4.7996697425842285,9.674542427062988,0.9825636273345398,0.0,0.0,0.0,0.0,0.0,0.0,0.0,0.0,0.3911629027364708,0.2723530674557141
1077.0,208.0,280.0,3262.0,1077.0,1.0,1.0,7.907663345336914,18.598514556884766,0.9996169314768102,1.0,0.6931471805599453,0.013602352551501933,0.0,0.0,0.0,0.0,0.0,0.34814571183973875,0.1949229658584751
1077.0,134.0,200.0,3155.0,6410.0,0.0,2.0,1.2756776809692383,10.230432510375977,0.7590149259767816,0.0,0.0,0.0,0.0,0.0,0.0,0.0,0.0,0.18275750390366693,0.12776122436850915
1077.0,139.0,131.0,1077.0,6410.0,0.0,20.0,11.150755882263184,19.441579818725586,0.9999782242299813,0.0,0.0,0.0,0.0,0.0,0.0,0.0,0.0,0.438095122481071,0.2320660044496636
1077.0,191.0,133.0,1077.0,5037.0,0.0,10.0,1.5479698181152344,19.32672119140625,0.8219071825253185,0.0,0.0,0.0,0.0,0.0,0.0,0.0,0.0,0.12260815472070617,0.06787545702933825
1077.0,157.0,189.0,3262.0,7038.0,0.0,2828.0,2.051492691040039,14.765469551086426,0.8859109070726229,0.0,0.0,0.0,0.0,0.0,0.0,0.0,0.0,0.1953772372679572,0.12088870175381038
1077.0,227.0,344.0,3262.0,3341.0,0.0,94.0,2.7381744384765625,12.023046493530273,0.9032124215706593,0.0,0.0,0.0,0.0,0.0,0.0,0.0,0.0,0.25305789165130593,0.1667794098790363
1077.0,58.0,168.0,3922.0,6410.0,0.0,7.0,1.8650543689727783,4.575131893157959,0.4979719294243301,0.0,0.0,0.0,0.0,0.0,0.0,0.0,0.0,0.16278238598640477,0.12918349917117156
1077.0,24.0,73.0,7038.0,3922.0,0.0,2.0,0.3079996109008789,11.906370162963867,0.5570390231615788,0.0,0.0,0.0,0.0,0.0,0.0,0.0,0.0,0.09651020619416034,0.06641584728819383
1077.0,171.0,364.0,1077.0,146.0,0.0,6927.0,1.6161127090454102,12.022256851196289,0.729889721073384,0.0,0.0,0.0,0.0,0.0,0.0,0.0,0.0,0.16088599265828313,0.10698420148256081
1077.0,162.0,324.0,3155.0,7038.0,0.0,19.0,6.168605804443359,16.410234451293945,0.9969679815756308,0.0,0.0,0.0,0.0,0.0,0.0,0.0,0.0,0.32953699038613604,0.19032195421098638
6967.0,169.0,62.0,4319.0,2100.0,0.0,1232.0,0.8729328513145447,1.5674679279327393,0.498402005307037,0.0,0.0,0.0,0.0,0.0,0.0,0.0,0.0,0.17464999715669116,0.1511283085770332
6967.0,6.0,296.0,3155.0,3341.0,1.0,1.0,5.205334424972534,7.457766532897949,0.9925563794415321,0.0,0.0,0.0,0.0,0.0,0.0,0.0,0.0,0.44941994163454924,0.33085044388895296
6967.0,160.0,40.0,3155.0,3933.0,1.0,1.0,3.19269198179245,3.9956865310668945,0.9148565223225921,3.0,1.3862943611198906,0.9238395952400507,0.32675415021192744,1.0,0.999999999999632,0.6633770751059638,1.0,0.3985032306904362,0.7504508978553425
146.0,142.0,197.0,3341.0,5762.0,0.0,2.0,7.199024200439453,17.450958251953125,0.9985640141489932,5.0,1.791759469228055,1.0,0.21373495062067205,0.0,0.0,0.10686747531033602,0.0,0.34468929798669895,0.18409782416085377
146.0,142.0,309.0,5036.0,5762.0,0.0,2.0,0.05426025390625,12.585331916809082,0.512145747948926,2.0,1.0986122886681098,1.0,0.005027847559022525,0.0,0.0,0.0025139237795112623,0.0,0.08104367564386039,0.04239858673799283
146.0,142.0,353.0,5762.0,3131.0,0.0,1.0,1.3496685028076172,9.961944580078125,0.7884819436378561,6.0,1.9459101490553132,1.0,0.23022381519946944,0.7697761848005306,0.14717673577011128,0.5,1.0,0.198239937168501,0.30569926792666535
146.0,142.0,144.0,3155.0,3341.0,0.0,5.0,1.9252753257751465,9.188350677490234,0.8536401703076724,0.0,0.0,0.0,0.0,0.0,0.0,0.0,0.0,0.24852412466245138,0.1769856078334058
146.0,142.0,244.0,920.0,5219.0,1.0,1.0,1.6139106750488281,9.82339859008789,0.6998165463402042,15.0,2.772588722239781,0.6597539553864471,0.5707994959842208,0.42920050401577925,5.3514068071974804e-05,0.5,1.0,0.17289864877715003,0.3285636742375584
146.0,142.0,225.0,3341.0,1077.0,1.0,1.0,13.36662483215332,29.017606735229492,0.9999981963669061,10.0,2.3978952727983707,0.9611657480580811,0.4881284794852826,0.0,0.0,0.2440642397426413,0.0,0.3446736091669036,0.161932308432678
146.0,142.0,215.0,1077.0,920.0,0.0,8.0,3.840116500854492,24.68454360961914,0.9788074787439498,0.0,0.0,0.0,0.0,0.0,0.0,0.0,0.0,0.15870622866166414,0.0737159372176988
146.0,142.0,146.0,3341.0,1077.0,0.0,6.0,0.8448638916015625,10.81374740600586,0.5536942169545372,0.0,0.0,0.0,0.0,0.0,0.0,0.0,0.0,0.10978014062561288,0.07666918032210947
146.0,142.0,152.0,146.0,6785.0,0.0,14.0,0.9554033279418945,14.297757148742676,0.5838879663768592,0.0,0.0,0.0,0.0,0.0,0.0,0.0,0.0,0.09470270589292351,0.0605593449285449
146.0,127.0,333.0,1077.0,545.0,0.0,51.0,3.2891626358032227,15.478930473327637,0.9639529818204681,2.0,1.0986122886681098,0.5,0.46539803861923645,0.0,0.0,0.23269901930961823,0.0,0.24755199608971631,0.18884466257126742
146.0,123.0,273.0,3341.0,1077.0,0.0,5768.0,1.4641857147216797,16.839853286743164,0.8023958266572861,0.0,0.0,0.0,0.0,0.0,0.0,0.0,0.0,0.1363125379569661,0.08054426471303447
146.0,123.0,84.0,1077.0,711.0,0.0,9.0,2.5937633514404297,19.991788864135742,0.9303219275596534,0.0,0.0,0.0,0.0,0.0,0.0,0.0,0.0,0.1661056045572039,0.08903858699324116
146.0,98.0,294.0,3155.0,1077.0,0.0,2.0,2.0380849838256836,14.224204063415527,0.8845733462837589,3.0,1.3862943611198906,0.4183716916964515,0.20286317264660447,0.7971368273533955,0.04389419434753212,0.5,1.0,0.20080172413533784,0.29468709413454197
146.0,207.0,30.0,146.0,1077.0,0.0,9.0,12.995363235473633,22.819852828979492,0.9999970109162106,0.0,0.0,0.0,0.0,0.0,0.0,0.0,0.0,0.43929212036452264,0.21047116813816985
146.0,169.0,229.0,545.0,45.0,0.0,408.0,0.7808094024658203,11.310739517211914,0.6786030110057695,5.0,1.791759469228055,0.43527528164806206,0.42227178712270275,0.0,0.0,0.21113589356135137,0.0,0.13744774241639088,0.12615622110991215
146.0,169.0,79.0,711.0,45.0,0.0,24.0,4.251195907592773,14.079355239868164,0.9767233833982446,1.0,0.6931471805599453,0.36421371187349827,0.0,0.0,0.0,0.0,0.0,0.2995277576453812,0.17389324649084448
146.0,160.0,215.0,4484.0,146.0,0.0,284.0,11.512737274169922,20.785741806030273,0.9999727912334466,4.0,1.6094379124341003,0.5412194958693883,0.2798778210767361,0.0,0.0,0.13993891053836804,0.0,0.4262219170525091,0.24365982480121715
146.0,133.0,43.0,146.0,2648.0,0.0,12.0,1.5443315505981445,10.174034118652344,0.8079896019856511,0.0,0.0,0.0,0.0,0.0,0.0,0.0,0.0,0.20761498546189147,0.14484301729802784
146.0,53.0,100.0,3341.0,3155.0,0.0,448.0,0.7074718475341797,8.919744491577148,0.511933413169452,0.0,0.0,0.0,0.0,0.0,0.0,0.0,0.0,0.11154355270638322,0.08191416517092158
146.0,53.0,309.0,5762.0,3155.0,1.0,1.0,1.0653657913208008,8.305740356445312,0.5206147561089582,1.0,0.6931471805599453,0.03589682359365735,0.0,0.0,0.0,0.0,0.0,0.12332505550656837,0.09436447507494078
146.0,38.0,252.0,1668.0,3005.0,0.0,2.0,0.8967137336730957,6.3632493019104,0.6533315721514568,0.0,0.0,0.0,0.0,0.0,0.0,0.0,0.0,0.1789184136797881,0.13811805588588844
146.0,18.0,6.0,1077.0,5036.0,0.0,11.0,0.14786243438720703,8.530473709106445,0.3981348743151422,0.0,0.0,0.0,0.0,0.0,0.0,0.0,0.0,0.08342049720325011,0.06312577967056383
2290.0,53.0,195.0,1077.0,5421.0,0.0,6.0,19.95368194580078,35.20184326171875,0.9999999975975562,10.0,2.3978952727983707,1.0,0.4769980277244358,0.7373523156384514,0.527632325950394,0.6071751716814435,1.0,0.45024618027958996,0.45141718660961383
2290.0,53.0,15.0,929.0,3155.0,0.0,6.0,6.033993721008301,18.370603561401367,0.9967230476825168,0.0,0.0,0.0,0.0,0.0,0.0,0.0,0.0,0.2950474608973463,0.1610323602748637
2290.0,53.0,188.0,1077.0,3155.0,1.0,1.0,15.164331436157227,24.50347328186035,0.9999997365234811,8.0,2.1972245773362196,0.9057236642639067,0.55062635293176,0.44937364706824,0.21340571971229563,0.5,1.0,0.4818400386134356,0.514258192346748
2290.0,53.0,34.0,1077.0,4702.0,0.0,3.0,6.782809257507324,15.725594520568848,0.9985283691382584,2.0,1.0986122886681098,0.646816582731497,0.4555581312873649,0.0,0.0,0.22777906564368244,0.0,0.36033427374284965,0.25165931681937026
2290.0,53.0,258.0,929.0,2266.0,1.0,1.0,26.781397819519043,38.00199890136719,0.9999999999969567,5.0,1.791759469228055,0.9803906099397734,0.31170355417537154,0.6882964458246285,0.29628392049978414,0.5,1.0,0.6273144638294396,0.4701903081345073
2290.0,53.0,124.0,929.0,3262.0,0.0,3.0,1.3292503356933594,19.254348754882812,0.7715075557524205,2.0,1.0986122886681098,0.6216979445974911,0.41661823838916046,0.0,0.0,0.20830911919458023,0.0,0.10776913977976767,0.07238689040531542
2290.0,207.0,61.0,3155.0,1077.0,0.0,7.0,4.9481201171875,21.617835998535156,0.9929499070521105,2.0,1.0986122886681098,1.0,0.27876380166673265,0.7212361983332674,0.35516188837910784,0.5,1.0,0.22063219480727264,0.28155364623783313
2290.0,207.0,187.0,1077.0,2290.0,1.0,1.0,8.241147994995117,24.426389694213867,0.9997357156634998,6.0,1.9459101490553132,0.9238395952400507,0.6029028478171996,0.6591349470805924,0.43153967272429766,0.6310188974488959,1.0,0.2682055373426205,0.3956930857490049
2290.0,207.0,349.0,1077.0,3341.0,0.0,12.0,10.234675407409668,18.738082885742188,0.9999316339301713,10.0,2.3978952727983707,0.6729500963161781,0.5483917713530013,0.7059027437528641,0.459043727010592,0.6271472575529327,1.0,0.42020485975227145,0.6105989189197971
2290.0,127.0,132.0,3155.0,1077.0,0.0,300.0,17.110370635986328,35.66059112548828,0.9999999622013082,4.0,1.6094379124341003,0.14938869249630476,0.48011311937520007,0.0,0.0,0.24005655968760004,0.0,0.35039452097240675,0.16162105568536322
2290.0,127.0,154.0,3341.0,3155.0,0.0,14.0,2.5989322662353516,11.759803771972656,0.915417433226233,0.0,0.0,0.0,0.0,0.0,0.0,0.0,0.0,0.25870156771657515,0.17211714034504788
2290.0,127.0,260.0,3155.0,6410.0,0.0,3499.0,14.792091369628906,25.378097534179688,0.9999995793294931,9.0,2.302585092994046,0.7578582832551991,0.22895663993705806,0.7710433600629419,0.2859879775440248,0.5,1.0,0.4535544602401764,0.46560254510856436
2290.0,123.0,209.0,1077.0,6410.0,0.0,13.0,5.792915344238281,18.83975601196289,0.9967913860916888,6.0,1.9459101490553132,0.25,0.5919747744317685,0.0,0.0,0.29598738721588425,0.0,0.2814281186637318,0.23564949014612394
2290.0,123.0,91.0,1077.0,711.0,0.0,20.0,7.875300884246826,14.172503471374512,0.9987329602358465,4.0,1.6094379124341003,0.8879629756445782,0.6226895822162912,0.8186710750204073,0.4687912766294008,0.7206803286183492,1.0,0.42231525505849854,0.6430684622158309
2290.0,98.0,37.0,1077.0,3155.0,0.0,11.5,0.38948535919189453,14.772884368896484,0.559250490192314,0.0,0.0,0.0,0.0,0.0,0.0,0.0,0.0,0.08107745149292905,0.05196981236045384
2290.0,98.0,257.0,1077.0,3155.0,0.0,1.0,8.571260452270508,18.1616268157959,0.9997897732650165,4.0,1.6094379124341003,1.0,0.2246490069618997,0.7753509930381003,0.13909006475004676,0.5,1.0,0.3762641715848666,0.4045126434924184
2290.0,115.0,15.0,3155.0,7038.0,0.0,4.0,2.493607521057129,15.678112030029297,0.8385552877902679,0.0,0.0,0.0,0.0,0.0,0.0,0.0,0.0,0.17713985583002612,0.1060885923533412
2290.0,142.0,286.0,920.0,1183.0,0.0,8.0,0.3627052307128906,15.778303146362305,0.5878579381846674,3.0,1.3862943611198906,0.5520447568369061,0.050808265930535335,0.0,0.0,0.025404132965267667,0.0,0.08052206235114127,0.04765570730875309
2290.0,142.0,274.0,6293.0,4702.0,0.0,5.0,6.009345054626465,17.3760929107666,0.99730705175137,8.0,2.1972245773362196,0.7141434062641757,0.056049581798674364,0.0,0.0,0.028024790899337182,0.0,0.3098287250042256,0.16680545369359442
2290.0,142.0,159.0,3341.0,920.0,0.0,10.0,1.158243179321289,12.255148887634277,0.5496117931575172,6.0,1.9459101490553132,0.25,0.2989861337194708,0.0,0.0,0.1494930668597354,0.0,0.10295541186570265,0.0910482062606778
2290.0,142.0,49.0,4702.0,2300.0,0.0,5.0,0.9748554229736328,12.66028118133545,0.6266579220462583,0.0,0.0,0.0,0.0,0.0,0.0,0.0,0.0,0.11575224641727545,0.07685540531303167
2290.0,142.0,48.0,3341.0,711.0,0.0,6.0,1.1082944869995117,15.879226684570312,0.7505348144913868,1.0,0.6931471805599453,0.4805828740290406,0.0,0.0,0.0,0.0,0.0,0.12457578925304154,0.06765919794442457
2290.0,142.0,116.0,2100.0,1077.0,0.0,3.0,0.03930854797363281,10.09823226928711,0.432153664254337,1.0,0.6931471805599453,0.15237670677555948,0.0,0.0,0.0,0.0,0.0,0.07995481921761796,0.05806714175936589
2290.0,142.0,332.0,2290.0,3155.0,0.0,19.0,13.314411163330078,22.837270736694336,0.9999954868135398,0.0,0.0,0.0,0.0,0.0,0.0,0.0,0.0,0.44963027674430883,0.21593319718299833
2290.0,142.0,307.0,3285.0,920.0,0.0,7.0,5.161459922790527,13.76889419555664,0.9841892120642253,1.0,0.6931471805599453,0.0025771638882283094,0.0,0.0,0.0,0.0,0.0,0.33492048000263663,0.21727017366161472
2290.0,142.0,81.0,3341.0,711.0,0.0,3.0,1.972546100616455,8.910195350646973,0.7562398751990199,3.0,1.3862943611198906,0.6341329040632923,0.5686082650660376,0.0,0.0,0.2843041325330188,0.0,0.21170736994907077,0.200525278502169
2290.0,142.0,202.0,3341.0,3262.0,0.0,3.0,4.770403861999512,17.194393157958984,0.9904946226131418,7.0,2.0794415416798357,0.5520447568369061,0.4477953001263313,0.0,0.0,0.22389765006316564,0.0,0.2745445005506237,0.20366831860071705
2290.0,103.0,264.0,1077.0,3155.0,0.0,2.0,2.726639747619629,17.258760452270508,0.9302519365022768,8.0,2.1972245773362196,0.27602237841845306,0.7080141236526273,0.0,0.0,0.35400706182631364,0.0,0.1981616204227447,0.19785924383867964
2290.0,103.0,323.0,3155.0,146.0,1.0,1.0,7.3722028732299805,20.503292083740234,0.9988689468973867,10.0,2.3978952727983707,0.9611657480580811,0.5220986747617213,0.7289926297495564,0.52657137900145,0.6255456522556389,1.0,0.30168292476266984,0.4771120280581571
2290.0,222.0,24.0,5661.0,5158.0,0.0,70.0,0.20070552825927734,5.124038219451904,0.3210444769050449,0.0,0.0,0.0,0.0,0.0,0.0,0.0,0.0,0.08876966676138091,0.07306926437825385
2290.0,222.0,273.0,3995.0,3155.0,0.0,13.0,1.774862289428711,7.345909118652344,0.7491658497448099,0.0,0.0,0.0,0.0,0.0,0.0,0.0,0.0,0.22353432911754814,0.16609489016828877
2290.0,156.0,26.0,3155.0,929.0,0.0,5952.0,8.986496925354004,20.801830291748047,0.9997522134398824,0.0,0.0,0.0,0.0,0.0,0.0,0.0,0.0,0.34512717654729463,0.17370121627411048
2290.0,156.0,329.0,6410.0,4723.0,0.0,16.0,0.6982574462890625,12.808551788330078,0.5430241401266401,0.0,0.0,0.0,0.0,0.0,0.0,0.0,0.0,0.09254591953057575,0.0618408620670382
2290.0,38.0,170.0,4257.0,1044.0,0.0,2.0,2.261117458343506,7.198619842529297,0.8611437623008644,12.0,2.5649493574615367,1.0,0.6304942012011637,0.8908431608913052,0.758380852175925,0.7606686810462344,1.0,0.2892637680719888,0.6566556683082403
2290.0,38.0,34.0,4257.0,4594.0,1.0,1.0,7.214641094207764,14.30576229095459,0.9977796264948883,0.0,0.0,0.0,0.0,0.0,0.0,0.0,0.0,0.3978234231293729,0.243718513865758
2290.0,155.0,110.0,3159.0,5423.0,0.0,3.0,7.909627914428711,16.298587799072266,0.9994519990283875,0.0,0.0,0.0,0.0,0.0,0.0,0.0,0.0,0.38679028236170493,0.22360294634308836
2290.0,155.0,37.0,3155.0,7038.0,1.0,1.0,3.9811081886291504,10.03525447845459,0.9616234679035346,4.0,1.6094379124341003,0.9803906099397734,0.4851512137172558,1.0,0.9999999999997348,0.7425756068586279,1.0,0.347585807548747,0.6986638337912466
2290.0,169.0,118.0,1077.0,5421.0,0.0,181.0,5.041058540344238,17.823631286621094,0.9935673572014041,0.0,0.0,0.0,0.0,0.0,0.0,0.0,0.0,0.2742342702614302,0.1529167684062782
2290.0,169.0,296.0,2290.0,1846.0,0.0,5647.0,5.3319902420043945,16.556901931762695,0.994496172711512,0.0,0.0,0.0,0.0,0.0,0.0,0.0,0.0,0.3015421246419247,0.17403005468610422
2290.0,169.0,264.0,5421.0,3155.0,0.0,5751.0,5.84251594543457,18.918621063232422,0.9962961662349045,0.0,0.0,0.0,0.0,0.0,0.0,0.0,0.0,0.2813883183069365,0.1512877431445715
2290.0,138.0,352.0,5004.0,3341.0,0.0,7108.0,0.11979007720947266,2.4811134338378906,0.1352245410410968,0.0,0.0,0.0,0.0,0.0,0.0,0.0,0.0,0.06938989456927715,0.06194961165202212
2290.0,61.0,360.0,3155.0,4565.0,0.0,6321.0,6.337408065795898,16.87967300415039,0.9982049558811844,0.0,0.0,0.0,0.0,0.0,0.0,0.0,0.0,0.32773152477582634,0.1866482485826087
2290.0,167.0,40.0,929.0,3262.0,0.0,1051.0,2.5963311791419983,3.289400100708008,0.8001137574964727,0.0,0.0,0.0,0.0,0.0,0.0,0.0,0.0,0.32790343142708006,0.2647137768472615
2290.0,97.0,261.0,4346.0,3155.0,0.0,3.0,0.4125823974609375,5.602038383483887,0.4302477267010286,1.0,0.6931471805599453,1.0,0.0,1.0,0.009901778952998064,0.5,1.0,0.11189028026304153,0.15840052951407285
2290.0,202.0,153.0,4723.0,6411.0,0.0,4353.0,2.441208839416504,8.339762687683105,0.7943633833683974,0.0,0.0,0.0,0.0,0.0,0.0,0.0,0.0,0.2463561348730418,0.17730441833876726
2290.0,56.0,1.0,3155.0,711.0,0.0,4.0,8.927586555480957,17.780616760253906,0.9997678936602177,0.0,0.0,0.0,0.0,0.0,0.0,0.0,0.0,0.3941911083263373,0.21811044269671725
2290.0,162.0,50.0,1077.0,929.0,0.0,12.0,5.894713401794434,15.218889236450195,0.9965061629289428,1.0,0.6931471805599453,0.4711589369959404,0.0,1.0,0.9999999999978776,0.5,1.0,0.34025152953357396,0.585313125171305
2290.0,174.0,232.0,1077.0,846.0,0.0,160.0,1.6289153099060059,3.97442626953125,0.4169815701605249,0.0,0.0,0.0,0.0,0.0,0.0,0.0,0.0,0.13928281245431529,0.11307939610618645
2290.0,159.0,330.0,2290.0,3159.0,0.0,3158.0,11.466582298278809,26.490890502929688,0.9999893652967496,0.0,0.0,0.0,0.0,0.0,0.0,0.0,0.0,0.32816031909717264,0.13734304266557448
4172.0,56.0,275.0,1121.0,3686.0,1.0,1.0,10.88332986831665,15.399170875549316,0.99993801043787,1.0,0.6931471805599453,0.34320509065132626,0.0,1.0,0.9999999999970863,0.5,1.0,0.5018769925315001,0.7144783615911731
4172.0,56.0,289.0,4172.0,6994.0,0.0,3.0,2.979623794555664,10.283077239990234,0.912901677049237,0.0,0.0,0.0,0.0,0.0,0.0,0.0,0.0,0.2889662480691845,0.19873820525989586
4172.0,160.0,184.0,1121.0,1659.0,0.0,29.0,0.5677676200866699,7.166506767272949,0.5727779957570944,0.0,0.0,0.0,0.0,0.0,0.0,0.0,0.0,0.13938350015621187,0.10661116548960578
4172.0,169.0,36.0,3686.0,6973.0,0.0,5.0,4.5860419273376465,9.395556449890137,0.98051295289684,0.0,0.0,0.0,0.0,0.0,0.0,0.0,0.0,0.38792262307040687,0.2721813592287055
179.0,160.0,77.0,3922.0,6566.0,0.0,27.0,0.7320575714111328,-1.5300495624542236,0.20559509524866845,0.0,0.0,0.0,0.0,0.0,0.0,0.0,0.0,0.11371318584668126,0.10829437223160839
179.0,160.0,281.0,6962.0,1643.0,0.0,64.0,2.0052959322929382,1.375667929649353,0.67544891572797,0.0,0.0,0.0,0.0,0.0,0.0,0.0,0.0,0.2769917342284017,0.23424440735310229
3495.0,53.0,90.0,3155.0,6559.0,1.0,1.0,3.730867385864258,18.542688369750977,0.9752692906697016,1.0,0.6931471805599453,0.5520447568369061,0.0,0.0,0.0,0.0,0.0,0.22330116553820772,0.1078040406863672
3495.0,98.0,49.0,3495.0,2290.0,0.0,8.0,2.948309898376465,17.646547317504883,0.933003296642995,0.0,0.0,0.0,0.0,0.0,0.0,0.0,0.0,0.19951967859579364,0.11336502884377525
3495.0,142.0,342.0,3155.0,3173.0,0.0,3.0,0.24138116836547852,7.014859199523926,0.47013031429962837,0.0,0.0,0.0,0.0,0.0,0.0,0.0,0.0,0.109008744043894,0.08478245944925417
3495.0,142.0,348.0,3155.0,2300.0,0.0,3.0,15.110956192016602,28.800193786621094,0.9999996518711785,0.0,0.0,0.0,0.0,0.0,0.0,0.0,0.0,0.40348686782541443,0.1587543062398018
3495.0,143.0,297.0,4950.0,2385.0,0.0,982.0,0.2115134596824646,0.9939874410629272,0.08023189902181264,0.0,0.0,0.0,0.0,0.0,0.0,0.0,0.0,0.06859055922658136,0.0635673753722029
3495.0,139.0,159.0,920.0,6284.0,0.0,762.0,1.8673477172851562,6.710424900054932,0.5943172595077355,0.0,0.0,0.0,0.0,0.0,0.0,0.0,0.0,0.17367586831514614,0.1308006303618327
3495.0,123.0,305.0,3155.0,3495.0,1.0,1.0,0.1906423568725586,12.251850128173828,0.5435766067905279,0.0,0.0,0.0,0.0,0.0,0.0,0.0,0.0,0.09030362851921328,0.061845180377085335
6047.0,156.0,222.0,1161.0,2442.0,0.0,52.0,0.9419450759887695,15.359475135803223,0.7194501471838021,5.0,1.791759469228055,1.0,0.5810104720328626,0.41898952796713745,0.09738966882657206,0.5,1.0,0.11820309493263492,0.20137841244460075
6047.0,156.0,341.0,1161.0,671.0,1.0,1.0,9.49350881576538,11.164329528808594,0.9996921642389679,7.0,2.0794415416798357,0.2871745887492588,0.607099530753191,0.0,0.0,0.3035497653765955,0.0,0.5313587941080558,0.49263215566616647
6047.0,156.0,310.0,1161.0,2442.0,0.0,73.0,6.391086578369141,9.419644355773926,0.9958009249433113,7.0,2.0794415416798357,0.5306065116666864,0.607099530753191,0.0,0.0,0.3035497653765955,0.0,0.45588601250960326,0.42720873980698826
6047.0,53.0,285.0,4004.0,382.0,1.0,1.0,6.535275220870972,9.737602233886719,0.9983293393548149,0.0,0.0,0.0,0.0,0.0,0.0,0.0,0.0,0.456523004725242,0.3171761276065478
6047.0,160.0,334.0,2442.0,2694.0,0.0,7.0,0.22768878936767578,7.887873649597168,0.4420936204818649,1.0,0.6931471805599453,0.015625000000000007,0.0,0.0,0.0,0.0,0.0,0.09678069308086315,0.07713188265137631
3586.0,61.0,189.0,3450.0,1130.0,0.0,3.0,1.34711492061615,0.7026391625404358,0.3822160558510387,0.0,0.0,0.0,0.0,0.0,0.0,0.0,0.0,0.15364913340549352,0.13522281887449564
1437.0,38.0,260.0,7117.0,5445.0,0.0,156.0,0.23577356338500977,-7.302114009857178,0.02783479854358158,0.0,0.0,0.0,0.0,0.0,0.0,0.0,0.0,0.10612885519222962,0.11794201401658866
733.0,6.0,168.0,3155.0,2624.0,0.0,2.0,5.752317428588867,19.904682159423828,0.9968225917919732,3.0,1.3862943611198906,0.35707170313208786,0.2990341134331975,0.0,0.0,0.14951705671659876,0.0,0.26504695269909123,0.16702306063582278
733.0,6.0,191.0,733.0,7042.0,0.0,9.0,9.073936462402344,19.165264129638672,0.9998716687172284,0.0,0.0,0.0,0.0,0.0,0.0,0.0,0.0,0.3752084906591498,0.19887934171363642
733.0,6.0,247.0,733.0,711.0,0.0,5.0,1.3152036666870117,6.887070178985596,0.6876134190194667,0.0,0.0,0.0,0.0,0.0,0.0,0.0,0.0,0.19428082729609442,0.14697590091833607
733.0,155.0,134.0,3155.0,4319.0,0.0,3.0,0.04759693145751953,9.075556755065918,0.48785268442290364,0.0,0.0,0.0,0.0,0.0,0.0,0.0,0.0,0.09677432133127357,0.07196193851108704
733.0,155.0,57.0,3155.0,2290.0,0.0,5.0,4.659860610961914,11.77233600616455,0.9902768975394542,0.0,0.0,0.0,0.0,0.0,0.0,0.0,0.0,0.35557625430246814,0.23486665715257585
733.0,160.0,151.0,2624.0,3211.0,1.0,1.0,2.109896183013916,9.152307510375977,0.8848965471720307,0.0,0.0,0.0,0.0,0.0,0.0,0.0,0.0,0.26823142442453074,0.19111558069441498
733.0,160.0,194.0,711.0,3341.0,0.0,4.0,1.9280929565429688,20.43074607849121,0.8556319594050399,2.0,1.0986122886681098,0.4528618321319533,0.1391956345200277,0.0,0.0,0.06959781726001385,0.0,0.12839413428197122,0.07064535962263123
733.0,160.0,135.0,2624.0,711.0,0.0,4.0,7.944843292236328,24.77891731262207,0.9996389957566209,0.0,0.0,0.0,0.0,0.0,0.0,0.0,0.0,0.25548646779056794,0.11381673033828235
733.0,160.0,78.0,2624.0,3341.0,0.0,17.0,5.122796058654785,19.904817581176758,0.9935641717761479,0.0,0.0,0.0,0.0,0.0,0.0,0.0,0.0,0.2473357476944191,0.12984215447492062
733.0,160.0,139.0,3155.0,2624.0,0.0,450.0,2.9401397705078125,23.501251220703125,0.9494607277393436,12.0,2.5649493574615367,0.9611657480580811,0.45758370894023415,0.7412083763855707,0.5601297545213573,0.5993960426629024,1.0,0.14496994483298314,0.27384588850092273
733.0,160.0,113.0,3155.0,711.0,0.0,3.0,9.060739517211914,26.09161949157715,0.9997683947366571,10.0,2.3978952727983707,0.4267397988666503,0.7641841253258516,0.7402161017977271,0.5087141411639204,0.7522001135617893,1.0,0.26631198372977183,0.48501329203093596
733.0,160.0,335.0,3341.0,3159.0,0.0,36.0,0.4125690460205078,17.204214096069336,0.44052470682193623,4.0,1.6094379124341003,0.836743383392903,0.09364898059481097,0.0,0.0,0.046824490297405486,0.0,0.052811164642816835,0.028968436015659207
733.0,160.0,170.0,3155.0,733.0,0.0,55.0,2.5707006454467773,14.6902437210083,0.9193059244476596,13.0,2.6390573296152584,0.5520447568369061,0.5825008492188213,0.0,0.0,0.29125042460941064,0.0,0.22108925135106797,0.20296432359367275
733.0,160.0,131.0,3155.0,711.0,0.0,75.0,3.1946849822998047,21.002206802368164,0.9605663318259137,10.0,2.3978952727983707,0.2987773849926094,0.7641841253258516,0.7402161017977271,0.5087141411638576,0.7522001135617893,1.0,0.17762633397109356,0.43923167294196025
733.0,53.0,167.0,3341.0,3155.0,1.0,1.0,0.6224756240844727,9.289985656738281,0.6468560911674254,14.0,2.70805020110221,0.7578582832551991,0.7192273473704351,0.2807726526295649,0.15202851591102282,0.5,1.0,0.14328626542961737,0.3303881529594274
733.0,53.0,204.0,711.0,3341.0,0.0,2.0,4.731794357299805,19.833614349365234,0.991216834313222,18.0,2.9444389791664403,0.9238395952400507,0.48593710445608573,0.0,0.0,0.24296855222804287,0.0,0.2375357626936582,0.15991681280168077
733.0,53.0,318.0,3211.0,711.0,0.0,4.0,1.1302051544189453,10.581195831298828,0.7431094050536199,0.0,0.0,0.0,0.0,0.0,0.0,0.0,0.0,0.1706307711746927,0.11855900863049833
733.0,53.0,7.0,3341.0,920.0,0.0,2.0,6.273750305175781,15.820220947265625,0.9980286469366386,3.0,1.3862943611198906,0.9423178739918808,0.0,1.0,0.21118613588096377,0.5,1.0,0.3428107557818098,0.38161514763709026
733.0,53.0,78.0,711.0,3341.0,0.0,2.0,3.637357711791992,19.086706161499023,0.9743527358711657,15.0,2.772588722239781,0.9803906099397734,0.6038529601026412,0.834599894400044,0.6777074521074894,0.7192264272513427,1.0,0.21403587015011424,0.45813334139949596
733.0,53.0,54.0,711.0,359.0,0.0,2.0,1.5841307640075684,6.092533111572266,0.8157016081839524,2.0,1.0986122886681098,0.9057236642639067,0.39750105926563917,0.0,0.0,0.19875052963281958,0.0,0.2650447816115456,0.2170435094592788
733.0,53.0,206.0,711.0,3341.0,0.0,26.0,1.9649009704589844,6.1948161125183105,0.7866853750118461,18.0,2.9444389791664403,0.8879629756445782,0.48593710445608573,0.0,0.0,0.24296855222804287,0.0,0.26004160889899736,0.24958591542331787
733.0,162.0,325.0,3341.0,711.0,1.0,1.0,3.8768882751464844,11.615316390991211,0.9708779026950622,1.0,0.6931471805599453,0.09105342796837457,0.0,0.0,0.0,0.0,0.0,0.32391211903784345,0.2182506635522735
733.0,56.0,174.0,3159.0,733.0,0.0,3.0,7.170157432556152,19.3278751373291,0.9992180540187575,0.0,0.0,0.0,0.0,0.0,0.0,0.0,0.0,0.3141742704879611,0.16594645250218035
733.0,56.0,140.0,3341.0,3155.0,0.0,119.0,1.95941162109375,13.809667587280273,0.852307956004678,1.0,0.6931471805599453,0.12014571850726015,0.0,0.0,0.0,0.0,0.0,0.19159758728872098,0.12226466199700968
733.0,208.0,211.0,2624.0,733.0,0.0,4.0,4.4811482429504395,10.92031478881836,0.9812114178151949,3.0,1.3862943611198906,1.0,0.46282554867949754,1.0,0.7851065444356475,0.7314127743397487,1.0,0.35917672869079603,0.6509578839333449
733.0,103.0,203.0,3341.0,711.0,1.0,1.0,2.3705921173095703,9.852869987487793,0.8908963927711603,6.0,1.9459101490553132,0.10668494971666255,0.47698329678834606,0.0,0.0,0.23849164839417303,0.0,0.26803221601936367,0.2755162529661072
733.0,103.0,273.0,711.0,3341.0,1.0,1.0,4.708619117736816,19.67882537841797,0.9910582176830629,6.0,1.9459101490553132,0.02720470510300388,0.6092708244484439,0.0,0.0,0.30463541222422197,0.0,0.2389314595664414,0.21577575301113266
733.0,127.0,165.0,3155.0,1181.0,0.0,88.0,8.870989799499512,17.729476928710938,0.9997556383261179,0.0,0.0,0.0,0.0,0.0,0.0,0.0,0.0,0.39324128614136306,0.21790495181708544
733.0,127.0,317.0,3155.0,733.0,0.0,11.0,1.5652484893798828,8.175960540771484,0.7502021850580325,0.0,0.0,0.0,0.0,0.0,0.0,0.0,0.0,0.20897361830241853,0.15275493283483987
733.0,90.0,78.0,3341.0,711.0,1.0,1.0,2.91611385345459,17.254444122314453,0.9484436783092789,1.0,0.6931471805599453,0.9803906099397734,0.0,0.0,0.0,0.0,0.0,0.2094804216945264,0.09153516193911965
733.0,169.0,216.0,5943.0,3341.0,0.0,88.0,2.0985965728759766,12.823373794555664,0.7934356674748307,3.0,1.3862943611198906,0.35006974482590136,0.3245473357712867,1.0,0.5924853621217155,0.6622736678856433,1.0,0.18372702158224216,0.4288533793393192
733.0,156.0,182.0,711.0,3341.0,0.0,103.0,3.046785354614258,22.050823211669922,0.9542208829198612,0.0,0.0,0.0,0.0,0.0,0.0,0.0,0.0,0.16196015941712663,0.08168062498164043
733.0,159.0,139.0,733.0,3155.0,0.0,2.0,0.5413522720336914,14.976861000061035,0.6305240807196393,0.0,0.0,0.0,0.0,0.0,0.0,0.0,0.0,0.09532425531497185,0.060349607872223224
733.0,61.0,195.0,733.0,711.0,0.0,39.0,3.9718942642211914,12.231243133544922,0.9789598716668275,0.0,0.0,0.0,0.0,0.0,0.0,0.0,0.0,0.32123043803808826,0.2100812116691509
733.0,61.0,274.0,711.0,956.0,1.0,1.0,2.604991912841797,11.931878089904785,0.9086373300635265,2.0,1.0986122886681098,0.9803906099397734,0.05257963775294727,0.0,0.0,0.026289818876473636,0.0,0.25337287002331993,0.13759124264528988
733.0,123.0,40.0,711.0,3341.0,0.0,14.0,2.386749267578125,14.500663757324219,0.915338210654563,0.0,0.0,0.0,0.0,0.0,0.0,0.0,0.0,0.21754411753549002,0.1351699211325156
6052.0,160.0,362.0,4569.0,2624.0,0.0,3076.0,0.6225161552429199,4.58459997177124,0.5113010408227896,0.0,0.0,0.0,0.0,0.0,0.0,0.0,0.0,0.14501712386358928,0.11792747493957503
6052.0,103.0,357.0,6052.0,5036.0,0.0,3.0,1.9276390075683594,10.983553886413574,0.8654977707452569,0.0,0.0,0.0,0.0,0.0,0.0,0.0,0.0,0.23013044454560042,0.15688303415732296
6052.0,142.0,363.0,146.0,2269.0,0.0,2.0,3.973054885864258,8.110536575317383,0.9358988733870562,0.0,0.0,0.0,0.0,0.0,0.0,0.0,0.0,0.3650762047750268,0.2635677873170336
6052.0,53.0,282.0,329.0,6805.0,0.0,2.0,1.6532649993896484,7.130779266357422,0.7073322251945102,0.0,0.0,0.0,0.0,0.0,0.0,0.0,0.0,0.20638514630566857,0.15435231000900604
6052.0,155.0,244.0,929.0,6410.0,0.0,7.0,0.9224767684936523,11.309310913085938,0.5356814964657423,0.0,0.0,0.0,0.0,0.0,0.0,0.0,0.0,0.10323593237404693,0.07119763658294262
1115.0,162.0,64.0,3159.0,711.0,0.0,3.0,0.6032886505126953,9.855416297912598,0.5599396996677991,0.0,0.0,0.0,0.0,0.0,0.0,0.0,0.0,0.1149424786860832,0.08252564151711575
1115.0,160.0,96.0,2617.0,2278.0,0.0,12.0,3.19785213470459,13.06920337677002,0.9380092348036895,0.0,0.0,0.0,0.0,0.0,0.0,0.0,0.0,0.2665664538824623,0.17071795097434211
1115.0,160.0,285.0,5036.0,6890.0,0.0,4365.0,5.224241256713867,14.288281440734863,0.9900897542858081,2.0,1.0986122886681098,0.06900559460461328,0.3602401568152761,0.0,0.0,0.18012007840763805,0.0,0.33161059598636167,0.2677036432459455
1115.0,127.0,28.0,3155.0,3262.0,0.0,33.0,4.8451738357543945,13.97392463684082,0.9845816982182652,0.0,0.0,0.0,0.0,0.0,0.0,0.0,0.0,0.3224198252688586,0.2002393265174107
1115.0,127.0,9.0,2315.0,2525.0,0.0,69.0,3.0901870727539062,10.558633804321289,0.8736617727191094,0.0,0.0,0.0,0.0,0.0,0.0,0.0,0.0,0.2689487169300822,0.1827715257768188
1115.0,127.0,85.0,1077.0,6017.0,0.0,17.0,14.29655933380127,21.64234161376953,0.9999988088805859,3.0,1.3862943611198906,1.0,0.5824137062199715,0.7403874594648722,0.41084885539262617,0.6614005828424219,1.0,0.5042847661654283,0.6002609972235143
1115.0,155.0,152.0,1077.0,146.0,0.0,2.0,2.8886613845825195,14.145858764648438,0.9417917371991771,8.0,2.1972245773362196,0.46191979762002533,0.6353152967363438,0.36468470326365626,0.1612223047960542,0.5,1.0,0.24550183992881294,0.4421935762303294
1115.0,155.0,100.0,3262.0,929.0,0.0,52.0,7.593337535858154,14.862089157104492,0.99940009670096,4.0,1.6094379124341003,0.9803906099397734,0.49710237024404413,0.0,0.0,0.24855118512202207,0.0,0.4013810257994956,0.27531180390968996
1115.0,53.0,196.0,1077.0,4319.0,0.0,79.0,11.224654197692871,22.498838424682617,0.9999856491774286,0.0,0.0,0.0,0.0,0.0,0.0,0.0,0.0,0.38693283981400617,0.18521914994950076
1115.0,53.0,342.0,2617.0,3159.0,0.0,1.0,3.8719406127929688,23.916404724121094,0.965319031814158,1.0,0.6931471805599453,1.0,0.0,1.0,0.01980161645202719,0.5,1.0,0.1624005660911155,0.13821557139454121
1115.0,90.0,68.0,146.0,6823.0,0.0,5.0,0.3692307472229004,7.210412502288818,0.3109913385865869,0.0,0.0,0.0,0.0,0.0,0.0,0.0,0.0,0.0771840695624739,0.060375791058587806
1115.0,156.0,96.0,3262.0,2266.0,0.0,14.0,8.623200416564941,17.965749740600586,0.9996163571476386,0.0,0.0,0.0,0.0,0.0,0.0,0.0,0.0,0.38115467187742963,0.20958368266854596
1115.0,31.0,152.0,5395.0,146.0,0.0,516.0,1.0292210578918457,6.141119956970215,0.637481984885213,0.0,0.0,0.0,0.0,0.0,0.0,0.0,0.0,0.17830307041811644,0.1380638059819038
1115.0,169.0,96.0,3262.0,146.0,1.0,1.0,0.5439200401306152,8.273980140686035,0.5356819376279437,1.0,0.6931471805599453,0.9611657480580811,0.0,0.0,0.0,0.0,0.0,0.11991793219954189,0.06793991259898759
4587.0,115.0,362.0,1161.0,2694.0,1.0,1.0,1.2949323654174805,11.370129585266113,0.7827786514786806,16.0,2.833213344056216,0.5100008047105996,0.4219075272318975,0.5780924727681025,0.04740718348900602,0.5,1.0,0.17939933991809875,0.33201044760446985
4587.0,115.0,142.0,1161.0,2442.0,0.0,3.0,5.138911247253418,14.791341781616211,0.9924860885424315,9.0,2.302585092994046,0.8705505632961241,0.6809672597701089,1.0,0.9999999999996335,0.8404836298850544,1.0,0.3223283677888379,0.6972263043984412
4587.0,160.0,250.0,2442.0,776.0,0.0,90.0,12.78510856628418,21.14943504333496,0.9999965982772164,58.0,4.07753744390572,1.0,0.8269954132577725,0.8341714081648762,0.705023170927672,0.8305834107113244,1.0,0.4621898077464063,0.7257617364161687
4587.0,160.0,363.0,2442.0,5091.0,1.0,1.0,3.409331798553467,9.507237434387207,0.9344446342410813,95.0,4.564348191467836,0.9803906099397734,0.8434173047179698,0.9390567452820759,0.8819860166536642,0.8912370250000229,1.0,0.324265987194393,0.7628344472425074
4587.0,160.0,154.0,2442.0,1873.0,0.0,1012.0,0.6744766235351562,17.568042755126953,0.6625016528607439,36.0,3.6109179126442243,1.0,0.8211689488753334,0.9390648978315802,0.8703032588104311,0.8801169233534568,1.0,0.0876370028785503,0.34978694954273265
4587.0,160.0,75.0,1873.0,4114.0,0.0,12.0,4.8679680824279785,8.901739120483398,0.9815630981446634,1.0,0.6931471805599453,0.8042490800314893,0.0,0.0,0.0,0.0,0.0,0.4062101083438559,0.24112300894677052
4587.0,160.0,345.0,2442.0,1013.0,0.0,5.0,6.154160022735596,11.976120948791504,0.9958449335276335,89.0,4.499809670330265,0.9423178739918808,0.8528656614494448,0.9381141636235175,0.8711231643438329,0.8954899125364811,1.0,0.4027731979382365,0.797852948320473
4587.0,160.0,287.0,2442.0,776.0,1.0,1.0,11.410539627075195,17.804065704345703,0.9999742377755836,70.0,4.2626798770413155,0.9803906099397734,0.7429621026223571,0.9285218991695144,0.8606088244821546,0.8357420008959358,1.0,0.4762098839041579,0.7780449542115802
4587.0,160.0,162.0,2442.0,1161.0,0.0,27.0,4.801751136779785,14.422628402709961,0.9890780671791721,37.0,3.6375861597263857,0.9423178739918808,0.8343630626366687,0.9435606756342185,0.879294740447682,0.8889618691354436,1.0,0.31643702756394265,0.7124531551367351
4587.0,160.0,238.0,2442.0,776.0,0.0,50.0,20.268010139465332,29.877853393554688,0.9999999981807051,55.0,4.02535169073515,1.0,0.8661673396540163,0.8149402272883205,0.667331999924455,0.8405537834711684,1.0,0.5568188272082897,0.7174791889483205
4587.0,160.0,356.0,2442.0,776.0,0.0,174.0,25.00682258605957,38.70381164550781,0.9999999999855784,94.0,4.553876891600541,1.0,0.833160424183726,0.9467687714216462,0.892102779449718,0.8899645978026861,1.0,0.5572429864329804,0.6971298840420395
4587.0,56.0,271.0,2442.0,1161.0,0.0,22.0,2.469546318054199,13.628811836242676,0.8456747490902848,0.0,0.0,0.0,0.0,0.0,0.0,0.0,0.0,0.20204173194484742,0.1276820280982814
4587.0,56.0,147.0,776.0,96.0,0.0,4.0,5.4395880699157715,11.55889892578125,0.9932982543564047,0.0,0.0,0.0,0.0,0.0,0.0,0.0,0.0,0.38545332536376076,0.25538632713189924
4587.0,56.0,316.0,1161.0,5182.0,1.0,1.0,7.713247299194336,16.608388900756836,0.9991497451535231,2.0,1.0986122886681098,0.008625699325576656,0.32894702012216626,0.0,0.0,0.16447351006108313,0.0,0.3750688072975187,0.27995698763995813
4587.0,18.0,85.0,1161.0,1873.0,1.0,1.0,8.896046161651611,13.214651107788086,0.9996421731984441,0.0,0.0,0.0,0.0,0.0,0.0,0.0,0.0,0.4740895996868304,0.3008353940485244
4587.0,156.0,37.0,1161.0,2694.0,1.0,1.0,7.202585220336914,16.7467041015625,0.9990295206878076,0.0,0.0,0.0,0.0,0.0,0.0,0.0,0.0,0.35666304046012864,0.20350853098830576
4587.0,156.0,230.0,1161.0,2442.0,1.0,1.0,2.3564682006835938,10.077844619750977,0.905276114117774,17.0,2.8903717578961645,0.9238395952400507,0.7730975649216388,0.8416177510058888,0.6757368837368993,0.8073576579637638,1.0,0.2712722566948082,0.6388105093066875
4587.0,156.0,111.0,2442.0,1446.0,0.0,12.0,9.612412929534912,17.10125732421875,0.9998714757816975,2.0,1.0986122886681098,0.5306065116666864,0.2555120532523478,0.0,0.0,0.1277560266261739,0.0,0.42856538977161934,0.2614557159889674
4587.0,156.0,264.0,1161.0,4587.0,1.0,1.0,1.0662593841552734,12.08393383026123,0.6759310142084791,23.0,3.1780538303479458,0.9423178739918808,0.7540839056010128,0.9089627431766778,0.7829434899736212,0.8315233243888454,1.0,0.13464779697566473,0.4569618333331957
4587.0,156.0,275.0,1161.0,2442.0,1.0,1.0,7.151865005493164,16.61460304260254,0.998826184958003,24.0,3.2188758248682006,0.9611657480580811,0.7892980752747596,0.8800541763237807,0.7580331622971647,0.8346761257992701,1.0,0.3571717509564951,0.6848173572953312
4587.0,173.0,307.0,1161.0,4587.0,0.0,70.0,6.3728508949279785,12.049358367919922,0.9961893563450384,0.0,0.0,0.0,0.0,0.0,0.0,0.0,0.0,0.4088241454124943,0.26691274753499006
4587.0,169.0,223.0,2442.0,2694.0,0.0,5.0,0.10915851593017578,11.871087074279785,0.33801186102082603,4.0,1.6094379124341003,0.4901953049698867,0.12281512608754919,0.0,0.0,0.06140756304377459,0.0,0.057937401843558535,0.04246743106329981
4587.0,53.0,57.0,4587.0,2442.0,0.0,3.0,9.220324993133545,15.687664985656738,0.9998507681061187,0.0,0.0,0.0,0.0,0.0,0.0,0.0,0.0,0.44067389052935524,0.2602297911987922
4587.0,25.0,363.0,2442.0,776.0,0.0,148.0,0.5336246490478516,6.206394195556641,0.5330545009070848,0.0,0.0,0.0,0.0,0.0,0.0,0.0,0.0,0.13572692084486238,0.10643734144812665
1553.0,18.0,222.0,6245.0,1377.0,0.0,40.0,0.051364898681640625,4.845089912414551,0.4222684345864981,0.0,0.0,0.0,0.0,0.0,0.0,0.0,0.0,0.1105791027156961,0.09109917582254534
1553.0,169.0,206.0,3641.0,2404.0,0.0,1618.0,1.2037887573242188,7.536938190460205,0.710851886647518,1.0,0.6931471805599453,0.2309598988100127,0.0,1.0,0.9999999999956702,0.5,1.0,0.1933251193871593,0.5042095992620724
1553.0,160.0,286.0,2404.0,4936.0,1.0,1.0,0.6915102005004883,9.788663864135742,0.5629455442175921,4.0,1.6094379124341003,0.10053113500393618,0.5991118001287139,0.0,0.0,0.29955590006435695,0.0,0.11740699062946298,0.14116056365909502
5177.0,160.0,119.0,5177.0,6485.0,0.0,6.0,0.7595462799072266,4.722405433654785,0.522253711942927,0.0,0.0,0.0,0.0,0.0,0.0,0.0,0.0,0.14940334441009429,0.12069563994021663
5177.0,160.0,86.0,4397.0,4304.0,0.0,3.0,3.13350772857666,13.607647895812988,0.9567192479579715,1.0,0.6931471805599453,1.0,0.0,1.0,0.04287404840609526,0.5,1.0,0.26605886834098275,0.2845727805646725
5177.0,160.0,212.0,6485.0,1496.0,0.0,13.0,1.7554891109466553,4.736586570739746,0.7477310655574103,0.0,0.0,0.0,0.0,0.0,0.0,0.0,0.0,0.2568592389682837,0.20276116886886003
5177.0,160.0,282.0,4459.0,4397.0,0.0,1.0,0.24126911163330078,6.898809909820557,0.420825267062526,1.0,0.6931471805599453,1.0,0.0,0.0,0.0,0.0,0.0,0.09873814288086712,0.0576361989673833
5177.0,38.0,112.0,4304.0,62.0,0.0,2572.0,3.4413355588912964,4.216391086578369,0.9185617219164214,0.0,0.0,0.0,0.0,0.0,0.0,0.0,0.0,0.4048880022111211,0.3205779970226768
5177.0,38.0,157.0,2919.0,1496.0,0.0,2.0,2.4680051803588867,8.377730369567871,0.901519338757755,0.0,0.0,0.0,0.0,0.0,0.0,0.0,0.0,0.2975343659620699,0.21542642597958278
5177.0,38.0,145.0,1496.0,4304.0,0.0,112.0,1.7457324266433716,3.076122522354126,0.6629225864845989,3.0,1.3862943611198906,0.26010082080545915,0.5477188670966774,0.0,0.0,0.2738594335483387,0.0,0.24088807084424207,0.28070262627415316
5177.0,53.0,12.0,2790.0,6054.0,0.0,6720.0,1.8687061071395874,3.0684127807617188,0.6778116837463858,0.0,0.0,0.0,0.0,0.0,0.0,0.0,0.0,0.25072373280380283,0.20491924167955297
1464.0,53.0,265.0,2442.0,5423.0,0.0,2.0,0.5818368047475815,-0.24038006365299225,0.44026680320170697,0.0,0.0,0.0,0.0,0.0,0.0,0.0,0.0,0.16776105542336642,0.15241618183935954
1464.0,224.0,135.0,1121.0,5423.0,1.0,1.0,1.503490924835205,5.847212791442871,0.7364374538370135,1.0,0.6931471805599453,0.2871745887492588,0.0,0.0,0.0,0.0,0.0,0.23075619570487643,0.17055009994606626
1464.0,56.0,256.0,1464.0,3686.0,0.0,11.0,0.8722338676452637,8.459750175476074,0.6915782298292885,0.0,0.0,0.0,0.0,0.0,0.0,0.0,0.0,0.16985942231988654,0.12481552434444641
1464.0,205.0,198.0,1121.0,6994.0,1.0,1.0,3.974745988845825,6.98824405670166,0.9483636432305188,2.0,1.0986122886681098,0.08580127266283155,0.4604742338556397,1.0,0.9999999999937119,0.7302371169278199,1.0,0.39129191381532163,0.7975087078467459
1464.0,87.0,56.0,1121.0,1464.0,1.0,1.0,0.31235599517822266,4.4785990715026855,0.37727608837691695,0.0,0.0,0.0,0.0,0.0,0.0,0.0,0.0,0.1060790124487867,0.0879268997075717
3811.0,155.0,49.0,7038.0,1077.0,0.0,2.0,1.0813913345336914,9.360437393188477,0.7457309117907155,0.0,0.0,0.0,0.0,0.0,0.0,0.0,0.0,0.1834617816083343,0.1314054307561113
2078.0,53.0,313.0,4319.0,956.0,0.0,1433.0,0.40113961696624756,-1.3153412342071533,0.21231442739454184,0.0,0.0,0.0,0.0,0.0,0.0,0.0,0.0,0.10934442818404452,0.10441470099580874
2078.0,160.0,263.0,3155.0,3341.0,0.0,422.0,3.784594163298607,3.987830877304077,0.8425256330982757,7.0,2.0794415416798357,0.646816582731497,0.4098966108237686,0.5901033891762314,0.2577798485392099,0.5,1.0,0.3762728756641499,0.6181252782110044
2078.0,158.0,185.0,3155.0,7038.0,1.0,1.0,1.3241586685180664,6.496615886688232,0.6757721938239653,1.0,0.6931471805599453,0.5100008047105996,0.0,1.0,0.9999999999980392,0.5,1.0,0.19442895208278127,0.4869274359804663
2545.0,53.0,258.0,1145.0,4451.0,0.0,166.0,15.126391410827637,17.283472061157227,0.9999991932772847,0.0,0.0,0.0,0.0,0.0,0.0,0.0,0.0,0.6094265878617209,0.3627426194787458
2545.0,156.0,274.0,1145.0,2906.0,1.0,1.0,6.401038885116577,7.70844841003418,0.9953375705076092,12.0,2.5649493574615367,0.9423178739918808,0.596808004520021,0.9932211305205991,0.9803261946104109,0.7950145675203101,1.0,0.4868026338940532,0.8261444901713395
2545.0,169.0,235.0,1145.0,2290.0,0.0,3.0,13.818599700927734,18.108322143554688,0.9999985652053346,0.0,0.0,0.0,0.0,0.0,0.0,0.0,0.0,0.5519048988006732,0.3137252365965326
4606.0,160.0,356.0,1176.0,4415.0,0.0,28.0,9.714778423309326,14.122096061706543,0.9998478283794858,0.0,0.0,0.0,0.0,0.0,0.0,0.0,0.0,0.4854436123336794,0.3011411623412536
2646.0,160.0,316.0,4484.0,2668.0,0.0,4061.0,1.6465569734573364,-1.5804327726364136,0.40497617341688125,2.0,1.0986122886681098,0.03187505029441248,0.41661823838916034,0.0,0.0,0.20830911919458017,0.0,0.19067222821962845,0.24278941894184586
7038.0,155.0,134.0,7038.0,1077.0,0.0,2.0,0.18564128875732422,7.912659168243408,0.3762242610197814,0.0,0.0,0.0,0.0,0.0,0.0,0.0,0.0,0.0831944623154013,0.06392969010015173
7038.0,155.0,50.0,1077.0,6410.0,0.0,6.0,7.4798383712768555,18.204648971557617,0.9991272475492868,1.0,0.6931471805599453,0.7884782461155736,0.0,0.0,0.0,0.0,0.0,0.3412547860191256,0.15301170912441597
7038.0,155.0,320.0,1077.0,711.0,0.0,7.0,9.21944808959961,27.072866439819336,0.9999008155344835,26.0,3.295836866004329,0.9423178739918808,0.5431092053833941,0.0,0.0,0.27155460269169707,0.0,0.2567980200114993,0.14383449799196155
7038.0,155.0,253.0,1077.0,6410.0,0.0,5.0,10.041665077209473,20.433982849121094,0.9999071983252192,21.0,3.091042453358316,0.3714985722842371,0.7935864329483222,0.0,0.0,0.3967932164741611,0.0,0.3844117067075883,0.34109853111544014
7038.0,155.0,257.0,2290.0,2445.0,0.0,2.0,4.846807956695557,11.318558692932129,0.9757306851746513,9.0,2.302585092994046,1.0,0.29150988438927206,0.0,0.0,0.14575494219463603,0.0,0.36088164548079416,0.2490846117894579
7038.0,155.0,256.0,6410.0,1077.0,0.0,6.5,9.503116607666016,24.302305221557617,0.999925178895922,30.0,3.4339872044851463,0.820335356007638,0.8310936010185772,0.7115051802761871,0.48221894851804675,0.7712993906473822,1.0,0.3049815132136611,0.5294665658286126
7038.0,155.0,346.0,1077.0,711.0,1.0,1.0,5.838449478149414,13.690251350402832,0.9968055526113125,29.0,3.4011973816621555,0.7001394896518027,0.5308195898685004,0.46918041013149964,0.12401487570332627,0.5,1.0,0.3639199485562695,0.5394442640216965
7038.0,155.0,86.0,2290.0,1077.0,1.0,1.0,2.497147560119629,17.749771118164062,0.9072953461414017,3.0,1.3862943611198906,0.9803906099397734,0.5997099935311219,0.0,0.0,0.29985499676556093,0.0,0.17950349903876583,0.12661413923178189
7038.0,155.0,246.0,1077.0,2445.0,0.0,4.0,0.25940895080566406,9.972923278808594,0.39803367911101967,21.0,3.091042453358316,0.4267397988666503,0.7935864329483222,0.0,0.0,0.3967932164741611,0.0,0.07682092162683112,0.10992296546081912
7038.0,142.0,316.0,711.0,3380.0,1.0,1.0,1.8443145751953125,9.714573860168457,0.8619566029740632,1.0,0.6931471805599453,0.9423178739918808,0.0,1.0,0.01980161645202658,0.5,1.0,0.2431469891294522,0.2887241188183779
7038.0,160.0,315.0,1077.0,711.0,1.0,1.0,16.645044326782227,35.028038024902344,0.9999998901228851,103.0,4.6443908991413725,0.9803906099397734,0.7985324757478999,0.8605773368445653,0.7142973533576952,0.8295549062962326,1.0,0.3465082588562494,0.524587604718051
7038.0,160.0,214.0,1077.0,6557.0,1.0,1.0,15.204930305480957,23.273475646972656,0.9999994181099627,67.0,4.219507705176107,0.8042490800314893,0.7932072512510793,0.9495375831653452,0.8891959600417265,0.8713724172082122,1.0,0.5054658673209869,0.7808517360248589
7038.0,160.0,239.0,1077.0,567.0,1.0,1.0,0.6958703994750977,10.983540534973145,0.611483819459415,73.0,4.30406509320417,0.9803906099397734,0.8523595898342742,0.9056768122228709,0.8115393187563454,0.8790182010285725,1.0,0.12066194241635396,0.4806370208573155
7038.0,160.0,339.0,1077.0,2290.0,1.0,1.0,10.759943008422852,22.6124210357666,0.9999691347968973,113.0,4.736198448394496,0.8879629756445782,0.8417986399517468,0.914931481052013,0.8153983637125248,0.8783650605018799,1.0,0.3702101427278647,0.6968994992022536
7038.0,160.0,120.0,1077.0,711.0,1.0,1.0,11.604424476623535,22.20638656616211,0.9999784358404636,26.0,3.295836866004329,0.9238395952400507,0.7833585452923187,0.9255421052822623,0.8260481691916843,0.8544503252872906,1.0,0.40426556929279667,0.6910920895471184
7038.0,160.0,351.0,3922.0,1077.0,0.0,2.0,0.9985494613647461,12.769704818725586,0.4982325854260109,2.0,1.0986122886681098,0.030637206560617913,0.49504911052349865,0.0,0.0,0.24752455526174932,0.0,0.08726829220961431,0.09082889221254815
7038.0,160.0,322.0,1077.0,711.0,0.0,22.0,24.72345542907715,41.22999572753906,0.9999999999815532,108.0,4.6913478822291435,1.0,0.8210713302420165,0.8922040961087625,0.7717087233104255,0.8566377131753895,1.0,0.5021952709504482,0.6091969675609142
7038.0,160.0,323.0,1077.0,711.0,1.0,1.0,9.435993194580078,39.02376937866211,0.9999202068534476,108.0,4.6913478822291435,0.9803906099397734,0.8210713302420165,0.8922040961087624,0.771708723310425,0.8566377131753895,1.0,0.13027134897001008,0.2732486030735056
7038.0,160.0,149.0,1077.0,3871.0,1.0,1.0,19.88169288635254,37.814395904541016,0.9999999976649372,34.0,3.5553480614894135,0.8705505632961241,0.8203891357745524,0.8945341829949707,0.7961382197532385,0.8574616593847615,1.0,0.4016608721730574,0.5586929012492794
7038.0,160.0,191.0,1523.0,1077.0,0.0,2.0,1.29913330078125,13.445971488952637,0.7851623758193235,0.0,0.0,0.0,0.0,0.0,0.0,0.0,0.0,0.1591729104995113,0.10276314428497473
7038.0,160.0,82.0,1077.0,6293.0,1.0,1.0,4.30377197265625,14.150132179260254,0.9812671014405615,14.0,2.70805020110221,0.9803906099397734,0.7029005017611634,0.8002619955651212,0.6615340360271272,0.7515812486631424,1.0,0.3022482030647679,0.6100722109389558
7038.0,169.0,267.0,1077.0,2290.0,0.0,3.0,0.8162469863891602,13.482331275939941,0.6883694773272359,0.0,0.0,0.0,0.0,0.0,0.0,0.0,0.0,0.12286830726556319,0.08005158947345313
7038.0,169.0,313.0,2290.0,1077.0,0.0,127.0,3.7422428131103516,14.901435852050781,0.9727556743699045,0.0,0.0,0.0,0.0,0.0,0.0,0.0,0.0,0.2714190186181142,0.16537909708578563
7038.0,18.0,157.0,4070.0,5037.0,0.0,6.0,0.6016144752502441,4.193243026733398,0.46113196338817514,0.0,0.0,0.0,0.0,0.0,0.0,0.0,0.0,0.13358697849835804,0.1100005731063034
7038.0,18.0,336.0,1077.0,7038.0,1.0,1.0,5.162538051605225,10.69237995147705,0.9848873627457486,11.0,2.4849066497880004,0.21763764082403103,0.5867679635435297,0.4132320364564704,0.11950535315796142,0.5,1.0,0.38664057265966983,0.6187785656328207
7038.0,127.0,80.0,711.0,929.0,0.0,15.0,0.041419029235839844,13.547139167785645,0.5062800165209224,3.0,1.3862943611198906,1.0,0.31592556740105693,0.0,0.0,0.15796278370052846,0.0,0.07489970091382554,0.04999588190986926
7038.0,127.0,76.0,2290.0,6410.0,0.0,7.5,2.212932586669922,14.710561752319336,0.9003464796441873,4.0,1.6094379124341003,1.0,0.33279156261045095,0.667208437389549,0.30566952999283303,0.5,1.0,0.20507765495719713,0.3204835905220613
7038.0,127.0,200.0,1077.0,3926.0,0.0,507.0,4.217195510864258,16.50640106201172,0.9753752543125518,8.0,2.1972245773362196,0.8705505632961241,0.42210652011994143,0.0,0.0,0.21105326005997072,0.0,0.26248289486305315,0.17939638976276504
7038.0,127.0,194.0,1077.0,7038.0,0.0,11.0,1.8567733764648438,19.986549377441406,0.8641541269988199,8.0,2.1972245773362196,0.9803906099397734,0.42210652011994143,0.0,0.0,0.21105326005997072,0.0,0.1332894718277296,0.08323389947772036
7038.0,127.0,315.0,4950.0,1077.0,0.0,4.0,0.8265361785888672,18.39961814880371,0.675176446122281,2.0,1.0986122886681098,1.0,0.4752649511825976,0.0,0.0,0.2376324755912988,0.0,0.0869118083552546,0.05568007274795461
7038.0,127.0,82.0,711.0,6890.0,0.0,2.0,1.160212516784668,15.421704292297363,0.742850185582048,4.0,1.6094379124341003,1.0,0.23180338276087253,0.7681966172391275,0.03748044483059904,0.5,1.0,0.1269534369520277,0.16979773017925234
7038.0,127.0,239.0,1077.0,711.0,0.0,2.0,0.3641338348388672,16.45314598083496,0.5598623986388878,10.0,2.3978952727983707,0.7884782461155736,0.567256756731148,0.43274324326885205,0.06385038928854105,0.5,1.0,0.07233277952242705,0.13922543258730255
7038.0,123.0,195.0,711.0,1077.0,0.0,2.0,7.407549858093262,18.930774688720703,0.999177112052145,0.0,0.0,0.0,0.0,0.0,0.0,0.0,0.0,0.32740840624324985,0.17490685636562936
7038.0,134.0,343.0,1077.0,7038.0,0.0,59.0,0.20207691192626953,8.55237865447998,0.47520642719680484,0.0,0.0,0.0,0.0,0.0,0.0,0.0,0.0,0.09927549296850162,0.07454007290513047
7038.0,158.0,313.0,6410.0,2290.0,0.0,11.0,0.8680629730224609,13.097397804260254,0.5275037897374031,1.0,0.6931471805599453,0.0777122430746864,0.0,0.0,0.0,0.0,0.0,0.0896195365959653,0.06059782373328972
7038.0,207.0,342.0,711.0,6888.0,1.0,1.0,7.3746747970581055,10.11126708984375,0.9981956955118354,6.0,1.9459101490553132,0.8042490800314893,0.3902570718045981,1.0,0.7814321019195939,0.6951285359022991,1.0,0.47795552035671524,0.7501330735809875
7038.0,90.0,69.0,711.0,1077.0,1.0,1.0,6.139296531677246,14.62678337097168,0.9977038369779968,0.0,0.0,0.0,0.0,0.0,0.0,0.0,0.0,0.3581613759695839,0.21777458139756575
7038.0,156.0,173.0,2704.0,3262.0,0.0,4.0,0.6618022918701172,10.304898262023926,0.6260255373667438,0.0,0.0,0.0,0.0,0.0,0.0,0.0,0.0,0.12936198937342472,0.09150260506226887
7038.0,156.0,241.0,2445.0,6559.0,0.0,41.0,1.9175119400024414,4.4771833419799805,0.6390443927048848,0.0,0.0,0.0,0.0,0.0,0.0,0.0,0.0,0.21694468467037023,0.17174114200044743
7038.0,156.0,325.0,6410.0,1077.0,0.0,6065.0,4.488623142242432,9.639300346374512,0.9598507698465697,0.0,0.0,0.0,0.0,0.0,0.0,0.0,0.0,0.3689655073161054,0.2565047479159417
7038.0,53.0,51.0,711.0,3380.0,1.0,1.0,4.745258331298828,22.800294876098633,0.9913817075998095,0.0,0.0,0.0,0.0,0.0,0.0,0.0,0.0,0.20120210607371522,0.0975304606492642
7038.0,53.0,44.0,7038.0,711.0,0.0,4.0,10.019963264465332,22.055580139160156,0.9999523416919598,0.0,0.0,0.0,0.0,0.0,0.0,0.0,0.0,0.35638523826338636,0.1724607279965031
7038.0,53.0,262.0,711.0,2300.0,0.0,283.0,10.351274490356445,21.481157302856445,0.9999628467209934,7.0,2.0794415416798357,0.26530325583334324,0.5069553269407477,0.0,0.0,0.25347766347037387,0.0,0.37644080528421764,0.26903523958610276
7038.0,53.0,326.0,6293.0,1077.0,0.0,2.0,2.7193403244018555,12.611869812011719,0.9373986211859875,1.0,0.6931471805599453,0.008128150650170597,0.0,0.0,0.0,0.0,0.0,0.26015360588843434,0.17638274717660682
7038.0,53.0,205.0,711.0,2290.0,0.0,5.0,11.875292778015137,19.898496627807617,0.9999845232182266,7.0,2.0794415416798357,0.820335356007638,0.5069553269407479,0.0,0.0,0.2534776634703739,0.0,0.45412864190608615,0.29161765912357396
7038.0,53.0,254.0,2083.0,6917.0,0.0,3.0,2.9209203720092773,11.158397674560547,0.9042919407091327,0.0,0.0,0.0,0.0,0.0,0.0,0.0,0.0,0.270425860183646,0.18185862975163905
7038.0,53.0,358.0,6293.0,6332.0,0.0,6.0,0.5991363525390625,11.290486335754395,0.5824849287451577,1.0,0.6931471805599453,0.004312849662788328,0.0,0.0,0.0,0.0,0.0,0.10994018738634687,0.07977818260245853
7038.0,53.0,197.0,5450.0,2104.0,0.0,3.0,0.6760196685791016,10.600672721862793,0.6271732666873767,0.0,0.0,0.0,0.0,0.0,0.0,0.0,0.0,0.12748990007268177,0.08951195243295364
7038.0,103.0,325.0,711.0,6293.0,0.0,6.0,8.899560451507568,15.351325988769531,0.9997051657616597,5.0,1.791759469228055,0.8705505632961241,0.24320113006459132,0.7567988699354087,0.30730508555418473,0.5,1.0,0.43590555576242507,0.5342838914790524
7038.0,103.0,84.0,4702.0,711.0,0.0,6.0,2.9664907455444336,11.508907318115234,0.8622080032170774,0.0,0.0,0.0,0.0,0.0,0.0,0.0,0.0,0.24729670375226687,0.16412036448354
7038.0,103.0,280.0,6410.0,5154.0,0.0,14.0,1.3196821212768555,9.292317390441895,0.7821977482412313,0.0,0.0,0.0,0.0,0.0,0.0,0.0,0.0,0.20293526643151658,0.14506809611703117
7038.0,115.0,198.0,711.0,1523.0,0.0,2.0,7.90944766998291,14.311576843261719,0.9995753461459154,3.0,1.3862943611198906,0.9423178739918808,0.2038683351095668,0.9150647333633213,0.7738743775446951,0.559466534236444,1.0,0.42148062726408997,0.6191060334113563
7038.0,115.0,230.0,711.0,359.0,0.0,4.0,7.994072914123535,17.522232055664062,0.9996481156474462,3.0,1.3862943611198906,0.5,0.2038683351095667,0.7961316648904333,0.05452859271904953,0.5,1.0,0.3687640436460196,0.4235172315496857
7038.0,56.0,240.0,359.0,929.0,0.0,3340.0,4.763119220733643,12.118492126464844,0.9787520808352117,0.0,0.0,0.0,0.0,0.0,0.0,0.0,0.0,0.3467203555619621,0.22631841305464587
7038.0,197.0,178.0,7038.0,3262.0,0.0,11.0,2.0486860275268555,9.819245338439941,0.8139429291077338,0.0,0.0,0.0,0.0,0.0,0.0,0.0,0.0,0.2259815358612061,0.15788369577647365
323.0,162.0,89.0,5305.0,2457.0,0.0,6.0,0.6317826509475708,1.509988784790039,0.2725323164938629,0.0,0.0,0.0,0.0,0.0,0.0,0.0,0.0,0.10662227525554334,0.09463853046751801
5450.0,202.0,40.0,1146.0,4262.0,0.0,1062.0,0.5501241683959961,2.9056484699249268,0.3972773729942892,0.0,0.0,0.0,0.0,0.0,0.0,0.0,0.0,0.12595408859694254,0.10737982527399996
5450.0,38.0,232.0,1146.0,4262.0,1.0,1.0,2.74973201751709,10.955341339111328,0.939022793836627,40.0,3.713572066704308,0.9057236642639067,0.8058731900258094,0.5798854098565362,0.39832833264359274,0.6928792999411728,1.0,0.28552459844461897,0.5984444771794523
5450.0,38.0,262.0,1146.0,4262.0,1.0,1.0,5.050197601318359,22.36244773864746,0.9936327296410209,47.0,3.871201010907891,0.9611657480580811,0.827447624943898,0.6281229976489493,0.42207791742189693,0.7277853112964237,1.0,0.2140897433927855,0.4300780182761275
5450.0,38.0,222.0,1146.0,4262.0,1.0,1.0,10.223527908325195,23.996644973754883,0.9999636684204831,38.0,3.6635616461296463,0.9057236642639067,0.788905602497565,0.72574757378491,0.5647085180872697,0.7573265881412374,1.0,0.33091143740441903,0.5624155939209667
5450.0,38.0,106.0,1146.0,2683.0,1.0,1.0,12.522381782531738,19.329341888427734,0.999992211126292,15.0,2.772588722239781,0.9611657480580811,0.6808590009145365,0.8023056394475023,0.6139322448078135,0.7415823201810194,1.0,0.48618040216491354,0.6959962274251978
5450.0,38.0,199.0,1146.0,4262.0,1.0,2385.5,3.9819021224975586,17.211992263793945,0.9816884119894573,33.0,3.5263605246161616,0.9611657480580811,0.8840167556094214,0.5339531986202009,0.35800951838004197,0.7089849771148111,1.0,0.24959271028762967,0.5035780264091411
5450.0,38.0,362.0,1146.0,4262.0,0.0,2.0,10.648208618164062,21.297847747802734,0.9999752935845733,64.0,4.174387269895637,0.9803906099397734,0.8394534222098929,0.5691507858966302,0.38727164051500024,0.7043021040532615,1.0,0.38906689126428445,0.602856459498809
5450.0,38.0,238.0,1146.0,4262.0,1.0,1.0,2.745327949523926,13.7424898147583,0.9388101327204113,42.0,3.7612001156935624,0.9803906099397734,0.8086406605550356,0.6109983775429462,0.3898591732147824,0.7098195190489909,1.0,0.2459910751659201,0.5272511816783888
5450.0,38.0,186.0,1146.0,4262.0,1.0,1.0,2.571749687194824,18.034460067749023,0.9286218077943869,31.0,3.4657359027997265,0.836743383392903,0.8505779968266352,0.6168066136024599,0.35038311336229205,0.7336923052145475,1.0,0.18560096332696677,0.42277712089333075
5450.0,38.0,286.0,4262.0,1146.0,1.0,1.0,2.073741912841797,16.47422218322754,0.8882131911054464,19.0,2.995732273553991,0.9803906099397734,0.8100711424685639,0.0,0.0,0.40503557123428197,0.0,0.1779068028293046,0.16746058269942024
5450.0,150.0,155.0,1146.0,828.0,1.0,1.0,10.571527004241943,17.48959732055664,0.9999715238213679,7.0,2.0794415416798357,0.9611657480580811,0.6192095261537335,0.3807904738462665,0.2282974784595765,0.5,1.0,0.45365654226284413,0.565027472617666
5450.0,150.0,258.0,1146.0,1154.0,0.0,3.0,7.247264862060547,16.668411254882812,0.9992641410932781,16.0,2.833213344056216,0.8534795977333005,0.6217956295487718,0.7587662135482205,0.551361604911372,0.6902809215484962,1.0,0.3594843405857945,0.6096224019535266
5450.0,158.0,347.0,1146.0,1173.0,1.0,1.0,6.881556510925293,13.57416820526123,0.9985802985396026,0.0,0.0,0.0,0.0,0.0,0.0,0.0,0.0,0.4001881189584002,0.2504347682181975
5450.0,115.0,9.0,1146.0,558.0,1.0,1.0,9.197808742523193,11.93447494506836,0.9997800828918454,0.0,0.0,0.0,0.0,0.0,0.0,0.0,0.0,0.507518673498629,0.334457628477412
711.0,156.0,113.0,7038.0,3922.0,0.0,24.0,3.8932008743286133,12.06881332397461,0.930796627872911,0.0,0.0,0.0,0.0,0.0,0.0,0.0,0.0,0.29670122777741464,0.1936394678300204
711.0,156.0,23.0,6785.0,3155.0,0.0,62.0,2.4587106704711914,17.029052734375,0.9154597708460656,0.0,0.0,0.0,0.0,0.0,0.0,0.0,0.0,0.18953091026783017,0.11007031422176224
711.0,156.0,206.0,733.0,711.0,0.0,340.0,2.182292938232422,13.814510345458984,0.7657395051878837,3.0,1.3862943611198906,0.06007285925363007,0.34441385940863845,0.0,0.0,0.17220692970431922,0.0,0.16541554020940405,0.14374157887182604
711.0,156.0,267.0,5036.0,7038.0,0.0,40.0,0.635467529296875,11.211355209350586,0.4892790545695509,4.0,1.6094379124341003,0.646816582731497,0.11403969067864661,0.0,0.0,0.057019845339323305,0.0,0.09068510185735319,0.06194133176110031
711.0,207.0,26.0,3262.0,5395.0,0.0,75.0,1.0833964347839355,5.927156925201416,0.5102462364534993,0.0,0.0,0.0,0.0,0.0,0.0,0.0,0.0,0.14043800438347298,0.10971503587956943
711.0,207.0,278.0,733.0,18.0,0.0,25.0,0.7433080673217773,6.563748836517334,0.42068013602619214,0.0,0.0,0.0,0.0,0.0,0.0,0.0,0.0,0.10721200756634844,0.08361943844294138
711.0,127.0,307.0,5395.0,3922.0,0.0,14.0,0.34018707275390625,20.350868225097656,0.58312418865314,19.0,2.995732273553991,0.02720470510300388,0.6877808360153476,0.0,0.0,0.3438904180076738,0.0,0.05837250072329895,0.06879561824667874
711.0,127.0,194.0,3159.0,5395.0,0.0,6.0,4.598173141479492,21.134862899780273,0.9765394394897418,0.0,0.0,0.0,0.0,0.0,0.0,0.0,0.0,0.2118390204740685,0.10764861406465101
711.0,127.0,303.0,4805.0,1283.0,1.0,1.0,3.773665428161621,15.626219749450684,0.9436090013780205,8.0,2.1972245773362196,0.9803906099397734,0.5589296136717162,0.0,0.0,0.2794648068358581,0.0,0.24863793222028238,0.18507006360968714
711.0,127.0,70.0,733.0,2266.0,0.0,10.0,5.877622604370117,21.529966354370117,0.9904529829025915,5.0,1.791759469228055,0.836743383392903,0.15142653910755888,0.0,0.0,0.07571326955377944,0.0,0.24306071261542886,0.11593943201534271
711.0,127.0,306.0,3155.0,3922.0,0.0,13.0,1.0615711212158203,23.45979118347168,0.7429012613504083,2.0,1.0986122886681098,0.06375010058882494,0.0,0.0,0.0,0.0,0.0,0.07423987117528617,0.039598672798230296
711.0,127.0,45.0,1077.0,3155.0,0.0,29.0,2.7892684936523438,19.532926559448242,0.9409651546598446,1.0,0.6931471805599453,0.9611657480580811,0.0,0.0,0.0,0.0,0.0,0.17825943915444648,0.07332757004215201
711.0,127.0,113.0,3922.0,6410.0,0.0,2.0,0.9804611206054688,19.293079376220703,0.7239162458758152,14.0,2.70805020110221,1.0,0.665636085651145,0.0,0.0,0.3328180428255725,0.0,0.09293033511923997,0.07503214267219083
711.0,127.0,308.0,3262.0,4805.0,0.0,6.0,0.30245399475097656,17.011751174926758,0.5407308662298715,28.0,3.367295829986474,0.4901953049698867,0.3883936394591736,0.0,0.0,0.1941968197295868,0.0,0.06621896837135373,0.058615312620045566
711.0,127.0,23.0,3155.0,5527.0,0.0,34.0,4.128446578979492,19.29964828491211,0.9748091433011454,0.0,0.0,0.0,0.0,0.0,0.0,0.0,0.0,0.2229272306774125,0.11987196367052633
711.0,127.0,309.0,5395.0,3922.0,0.0,4.0,3.585002899169922,19.02298355102539,0.9670302327822369,19.0,2.995732273553991,0.02614823073102822,0.6877808360153475,0.0,0.0,0.3438904180076737,0.0,0.21067245680469437,0.22110350805457013
711.0,127.0,72.0,3159.0,3262.0,0.0,26.0,1.8591890335083008,15.660852432250977,0.7164918874591889,0.0,0.0,0.0,0.0,0.0,0.0,0.0,0.0,0.1284769897219599,0.07766468763240525
711.0,127.0,153.0,3159.0,1283.0,0.0,16.0,0.9180707931518555,14.198617935180664,0.6419618799859487,0.0,0.0,0.0,0.0,0.0,0.0,0.0,0.0,0.10760352607008496,0.06884904685551602
711.0,53.0,198.0,359.0,1283.0,0.0,4.0,2.9586381912231445,13.89034652709961,0.9312390939267187,18.0,2.9444389791664403,1.0,0.6064691426263118,0.6333906016183481,0.3150933713841502,0.61992987212233,1.0,0.24597109882739737,0.4512134193787344
711.0,53.0,113.0,7038.0,1955.0,0.0,2.0,2.2219953536987305,15.885258674621582,0.8241170425310802,7.0,2.0794415416798357,0.7578582832551991,0.6743978365340153,0.0,0.0,0.33719891826700765,0.0,0.16488024849786756,0.14479752463586743
711.0,53.0,70.0,7038.0,733.0,0.0,3.0,0.8058185577392578,17.677143096923828,0.6911842733859795,3.0,1.3862943611198906,0.9803906099397734,0.5336084061926103,0.0,0.0,0.26680420309630515,0.0,0.09416039836002091,0.06594927645426639
711.0,53.0,183.0,733.0,3155.0,0.0,58.0,7.666090965270996,19.270681381225586,0.9995061293334301,14.0,2.70805020110221,0.12254882624247168,0.7294429957214288,0.0,0.0,0.3647214978607144,0.0,0.32986616914744604,0.31142899183237727
711.0,53.0,195.0,7038.0,3159.0,1.0,1.5,6.137904167175293,13.630661010742188,0.9961757149142376,9.0,2.302585092994046,0.5520447568369061,0.6779027304802852,0.0,0.0,0.3389513652401426,0.0,0.37399696566212104,0.34183290195713345
711.0,53.0,292.0,7038.0,5527.0,0.0,6605.0,3.716510772705078,17.23748207092285,0.9757146774311538,12.0,2.5649493574615367,0.9238395952400507,0.4424998199535404,0.0,0.0,0.2212499099767702,0.0,0.23995863066312154,0.16539024798625457
711.0,53.0,184.0,7038.0,2300.0,0.0,10.0,9.821939468383789,27.17375373840332,0.9999006080144937,9.0,2.302585092994046,0.6864101813026526,0.6779027304802852,0.0,0.0,0.3389513652401426,0.0,0.27120347601893774,0.16841226370931797
711.0,53.0,154.0,5527.0,2300.0,0.0,5.5,2.298776626586914,10.763052940368652,0.7921527972561605,4.0,1.6094379124341003,0.26010082080545915,0.37622348238467573,0.0,0.0,0.18811174119233787,0.0,0.2111239562963032,0.18995550465501052
711.0,53.0,60.0,733.0,3155.0,0.0,5.0,1.5314083099365234,13.940664291381836,0.7670031780782882,5.0,1.791759469228055,1.0,0.5186362847083925,0.4813637152916075,0.18551151142118275,0.5,1.0,0.15283177984523091,0.262775467257066
711.0,53.0,205.0,7038.0,733.0,0.0,4.0,3.9308948516845703,13.66879653930664,0.9764181459534441,10.0,2.3978952727983707,0.8534795977333005,0.6222635848153881,0.0,0.0,0.31113179240769406,0.0,0.29653249154985045,0.251651869237912
711.0,53.0,218.0,150.0,2300.0,1.0,64.5,0.007237911224365234,4.839822292327881,0.32414140341245495,0.0,0.0,0.0,0.0,0.0,0.0,0.0,0.0,0.0889219931296063,0.07398674209356931
711.0,53.0,294.0,45.0,6705.0,1.0,2.0,4.496600151062012,15.330963134765625,0.9843386737783646,8.0,2.1972245773362196,0.5520447568369061,0.5577208740809737,0.0,0.0,0.27886043704048685,0.0,0.29139229161703784,0.244445019348976
711.0,53.0,156.0,2300.0,7038.0,0.0,2.0,0.9450368881225586,15.053633689880371,0.6262254158775502,7.0,2.0794415416798357,0.9803906099397734,0.6248509046216484,0.0,0.0,0.3124254523108242,0.0,0.09871096556480465,0.08281750445640958
711.0,53.0,220.0,7038.0,2300.0,0.0,5.0,0.8977913856506348,8.536850929260254,0.5714453497448709,10.0,2.3978952727983707,0.6341329040632923,0.6222635848153882,0.0,0.0,0.3111317924076941,0.0,0.13259344634221548,0.14654300995507158
711.0,155.0,73.0,1077.0,3262.0,0.0,9.0,2.0035295486450195,17.914045333862305,0.8366959246549245,3.0,1.3862943611198906,0.9803906099397734,0.5437610545707205,0.0,0.0,0.2718805272853603,0.0,0.14573391106549938,0.09917214872222155
711.0,155.0,113.0,3262.0,3922.0,0.0,3.0,3.2231292724609375,21.31414031982422,0.9615672648878347,28.0,3.367295829986474,1.0,0.7333841688990161,0.513842766299535,0.28404089885380596,0.6236134675992755,1.0,0.17525412284738667,0.3261041255241298
711.0,155.0,44.0,3922.0,1077.0,0.0,2.0,0.1614208221435547,19.76032066345215,0.5398558374337642,2.0,1.0986122886681098,1.0,0.0,0.0,0.0,0.0,0.0,0.05383776122811301,0.0233401654473828
711.0,155.0,121.0,1077.0,6410.0,0.0,3.0,0.5403780937194824,8.431735038757324,0.44116974000993703,8.0,2.1972245773362196,0.9057236642639067,0.7540169927565908,0.0,0.0,0.3770084963782954,0.0,0.09683978231549059,0.11002509301587211
711.0,155.0,309.0,1077.0,3262.0,0.0,9.0,0.08071136474609375,19.148345947265625,0.5176244212544431,24.0,3.2188758248682006,0.9803906099397734,0.7341732710224858,0.6840476967514711,0.3790180077582726,0.7091104838869784,1.0,0.05281924824737373,0.14869753176023998
711.0,155.0,128.0,3262.0,3922.0,0.0,16.0,0.26075267791748047,8.781004905700684,0.46829458202143237,35.0,3.58351893845611,0.9238395952400507,0.7911408800380555,0.4012027879505932,0.14716789797272528,0.5961718339943244,1.0,0.09703832001019422,0.2659240969136511
711.0,155.0,131.0,3262.0,3922.0,0.0,7.0,2.8917360305786133,18.562414169311523,0.940360478198945,35.0,3.58351893845611,0.8705505632961241,0.7911408800380555,0.40120278795059333,0.14716789797272495,0.5961718339943244,1.0,0.19069106838944927,0.3590323187096597
711.0,155.0,104.0,4304.0,6410.0,0.0,2.0,0.559234619140625,12.352803230285645,0.42085180036611475,5.0,1.791759469228055,0.35006974482590136,0.3649187185687156,0.0,0.0,0.1824593592843578,0.0,0.07154978449897721,0.06539005799514432
711.0,155.0,316.0,3262.0,4805.0,0.0,5.0,11.312614440917969,24.74887466430664,0.9999821690328189,36.0,3.6109179126442243,0.17160254532566316,0.7203615096160312,0.0,0.0,0.3601807548080156,0.0,0.3517775418841532,0.2923520168608926
711.0,155.0,43.0,1077.0,6410.0,0.0,2.0,2.2064075469970703,18.131439208984375,0.8422006764476065,1.0,0.6931471805599453,0.6597539553864471,0.0,0.0,0.0,0.0,0.0,0.14886821185055882,0.07052214537335712
711.0,155.0,109.0,6410.0,3922.0,0.0,2.0,6.4612579345703125,18.491546630859375,0.9980395847110342,13.0,2.6390573296152584,0.9423178739918808,0.7316241425119832,0.0,0.0,0.3658120712559916,0.0,0.3060160122780052,0.23962665682237294
711.0,155.0,313.0,7038.0,3262.0,0.0,2.0,2.122272491455078,21.704835891723633,0.8753331950345103,3.0,1.3862943611198906,1.0,0.31356793023332574,0.0,0.0,0.15678396511666287,0.0,0.1263363364865392,0.06492985344689588
711.0,155.0,70.0,3262.0,7038.0,1.0,1.0,3.8913345336914062,25.2005672454834,0.9798302208363681,10.0,2.3978952727983707,0.9238395952400507,0.6424437756458465,0.6415474473828157,0.23573460100636187,0.641995611514331,1.0,0.15500734636548527,0.24621930341490897
711.0,162.0,248.0,7038.0,5421.0,0.0,44.0,4.519550323486328,8.09696102142334,0.9522395104267269,2.0,1.0986122886681098,0.03809417669388987,0.39276783432594087,0.0,0.0,0.19638391716297043,0.0,0.3919422266814092,0.36893859959065434
711.0,162.0,85.0,3922.0,3262.0,0.0,6.0,0.41172313690185547,8.809300422668457,0.4240544922399351,0.0,0.0,0.0,0.0,0.0,0.0,0.0,0.0,0.08957694532500382,0.06679294530233182
711.0,162.0,71.0,7038.0,1077.0,0.0,8.0,0.29544830322265625,12.815312385559082,0.4746079635138756,1.0,0.6931471805599453,0.820335356007638,0.0,0.0,0.0,0.0,0.0,0.075666195882996,0.04042356804804411
711.0,164.0,318.0,1077.0,3159.0,0.0,2.0,1.6650917530059814,4.432129859924316,0.5653062677639681,0.0,0.0,0.0,0.0,0.0,0.0,0.0,0.0,0.18360606721070744,0.1463779450340631
711.0,61.0,313.0,7038.0,711.0,0.0,23.0,0.0664510726928711,10.675558090209961,0.3768206468788244,0.0,0.0,0.0,0.0,0.0,0.0,0.0,0.0,0.0682162935953603,0.049274881523222396
711.0,61.0,113.0,1077.0,3262.0,0.0,11.0,5.452876091003418,11.943238258361816,0.9924072350430094,0.0,0.0,0.0,0.0,0.0,0.0,0.0,0.0,0.3788010768761993,0.24834251255306572
711.0,216.0,218.0,929.0,846.0,0.0,610.0,0.13663899898529053,1.1484473943710327,0.03356974004900513,0.0,0.0,0.0,0.0,0.0,0.0,0.0,0.0,0.06052380329973903,0.05632762538704619
711.0,160.0,113.0,5395.0,3262.0,0.0,2.0,4.252100944519043,17.095186233520508,0.9636625751810532,0.0,0.0,0.0,0.0,0.0,0.0,0.0,0.0,0.24988364522523435,0.14250539515422156
711.0,160.0,266.0,3155.0,3159.0,0.0,2.0,11.24632740020752,26.93128776550293,0.9999823250208587,19.0,2.995732273553991,0.9057236642639067,0.5636622506920361,0.0,0.0,0.28183112534601806,0.0,0.31470873271499367,0.17589813864074696
711.0,160.0,223.0,3159.0,359.0,1.0,1.0,0.4061241149902344,10.012933731079102,0.5424389490630803,9.0,2.302585092994046,0.9423178739918808,0.6864223753284289,0.3135776246715711,0.18274797619226885,0.5,1.0,0.10702933167372085,0.24485212555544306
711.0,160.0,83.0,3155.0,3159.0,0.0,15.0,4.628808975219727,23.410036087036133,0.9876283003627033,12.0,2.5649493574615367,0.9803906099397734,0.5594706757578065,0.6413496359001224,0.4611201649801915,0.6004101558289645,1.0,0.1903512366413095,0.32520750683220995
711.0,160.0,69.0,5036.0,711.0,0.0,3.0,0.156982421875,18.115001678466797,0.5336455293090682,0.0,0.0,0.0,0.0,0.0,0.0,0.0,0.0,0.05936293205436717,0.03534425627669233
711.0,160.0,126.0,4408.0,3155.0,0.0,37.0,0.8662528991699219,18.3095760345459,0.5623292872384462,6.0,1.9459101490553132,0.6729500963161781,0.6537469420178288,0.0,0.0,0.3268734710089144,0.0,0.06837237422304668,0.06047909227302022
711.0,160.0,181.0,929.0,3341.0,0.0,1215.0,1.5372610092163086,16.288114547729492,0.7574550287569503,0.0,0.0,0.0,0.0,0.0,0.0,0.0,0.0,0.12957461627113773,0.07754242521186269
711.0,160.0,363.0,3155.0,1077.0,0.0,16.0,4.419750213623047,24.61800193786621,0.9872692413024758,22.0,3.1354942159291497,0.9803906099397734,0.5212040617456294,0.0,0.0,0.2606020308728147,0.0,0.17302870205945803,0.10560187719009849
711.0,160.0,111.0,3155.0,566.0,0.0,977.0,0.09147071838378906,10.271455764770508,0.39148180785373804,12.0,2.5649493574615367,0.5630865404461788,0.5594706757578065,0.44052932424219354,0.029695896793518476,0.5,1.0,0.07266523003430274,0.17066053647860188
711.0,160.0,85.0,3566.0,1077.0,0.0,6691.0,1.3724699020385742,16.434219360351562,0.790011247995034,0.0,0.0,0.0,0.0,0.0,0.0,0.0,0.0,0.13480382430455962,0.08061145693347764
711.0,160.0,212.0,3155.0,1077.0,0.0,26.0,20.24652099609375,37.51680374145508,0.999999998098942,18.0,2.9444389791664403,0.7578582832551991,0.5640224322822427,0.0,0.0,0.28201121614112135,0.0,0.4188052582944363,0.1763460059890672
711.0,18.0,65.0,1077.0,4304.0,0.0,8.0,1.354166030883789,8.857029914855957,0.6011531242192588,0.0,0.0,0.0,0.0,0.0,0.0,0.0,0.0,0.14577694318171866,0.10536949808685256
711.0,123.0,350.0,7038.0,733.0,0.0,13.0,3.321934700012207,15.285468101501465,0.9575482628178293,1.0,0.6931471805599453,0.5,0.0,0.0,0.0,0.0,0.0,0.24811200945824696,0.1339355646054411
711.0,123.0,285.0,3155.0,3262.0,0.0,60.0,9.480548858642578,25.81221580505371,0.9998770622638773,1.0,0.6931471805599453,0.10053113500393618,0.0,0.0,0.0,0.0,0.0,0.281675213574269,0.12225094386039682
711.0,65.0,268.0,733.0,5037.0,0.0,10.0,3.2153501510620117,7.550648212432861,0.8391072457409982,0.0,0.0,0.0,0.0,0.0,0.0,0.0,0.0,0.2997404640395326,0.21845870012718333
711.0,131.0,268.0,3159.0,711.0,0.0,5.0,1.0152044296264648,10.24643611907959,0.7095092399921525,12.0,2.5649493574615367,0.8534795977333005,0.7889047142189552,0.21109528578104472,0.010452290083111765,0.5,1.0,0.16064478513086175,0.32276112678345037
711.0,131.0,257.0,711.0,1077.0,0.0,15.0,6.718421936035156,15.971254348754883,0.9977330127829274,0.0,0.0,0.0,0.0,0.0,0.0,0.0,0.0,0.3538130318948005,0.2066609469252089
711.0,103.0,9.0,3159.0,45.0,0.0,8.0,5.926366329193115,13.688331604003906,0.996230225781668,1.0,0.6931471805599453,0.9611657480580811,0.0,1.0,0.9999999999989596,0.5,1.0,0.3663862584647324,0.5780096449842685
711.0,103.0,291.0,3155.0,733.0,0.0,3.0,2.033421516418457,16.21671485900879,0.8409349558562603,3.0,1.3862943611198906,0.023218660767764833,0.45872883217964155,0.0,0.0,0.22936441608982078,0.0,0.16364916936421747,0.14785075044982318
711.0,103.0,134.0,3159.0,711.0,0.0,7.0,3.668214797973633,15.822193145751953,0.9735679138116633,1.0,0.6931471805599453,0.08085207284143715,0.0,0.0,0.0,0.0,0.0,0.2568994990921708,0.15562671317464455
711.0,169.0,319.0,7038.0,711.0,0.0,146.0,0.9028739929199219,25.782453536987305,0.6113532118679641,2.0,1.0986122886681098,0.9238395952400507,0.013419811543709637,0.0,0.0,0.006709905771854818,0.0,0.046093281084991604,0.01746853063622279
711.0,169.0,235.0,7038.0,733.0,0.0,20.0,0.3350400924682617,10.453327178955078,0.44795807004158883,1.0,0.6931471805599453,0.0663258139583358,0.0,0.0,0.0,0.0,0.0,0.08389202032927018,0.06172968020751594
711.0,169.0,222.0,545.0,146.0,0.0,2300.0,1.146061897277832,16.242069244384766,0.6950625796708465,2.0,1.0986122886681098,0.7284274237469965,0.0,0.0,0.0,0.0,1.0,0.10864844058407194,0.10839761623786512
711.0,169.0,7.0,4304.0,5036.0,0.0,22.0,3.8002452850341797,20.601320266723633,0.9629587671358375,0.0,0.0,0.0,0.0,0.0,0.0,0.0,0.0,0.1953125301519637,0.10153133964197875
711.0,169.0,265.0,3262.0,4304.0,0.0,5.0,0.3669872283935547,15.241844177246094,0.4590676338989873,3.0,1.3862943611198906,0.06375010058882494,0.3807353594236367,0.0,0.0,0.19036767971181834,0.0,0.0626091715392785,0.05827922610920068
711.0,169.0,315.0,7038.0,5036.0,0.0,6.0,4.062164306640625,21.255685806274414,0.9830443206078033,2.0,1.0986122886681098,1.0,0.013419811543709637,0.0,0.0,0.006709905771854818,0.0,0.20110255225301177,0.07998394413125803
711.0,90.0,135.0,711.0,733.0,0.0,15.0,10.177563667297363,22.804624557495117,0.9999367539040407,0.0,0.0,0.0,0.0,0.0,0.0,0.0,0.0,0.3488617205480351,0.1647762276368354
711.0,90.0,300.0,733.0,18.0,0.0,3842.0,4.291762828826904,9.454903602600098,0.9710433835575397,10.0,2.3978952727983707,0.22199074391114454,0.6708273826836126,0.3291726173163873,0.12348426237005451,0.5,1.0,0.37216180570527685,0.62829109050485
711.0,90.0,202.0,733.0,146.0,0.0,117.0,2.2532644271850586,14.523392677307129,0.8672807217363323,7.0,2.0794415416798357,0.9803906099397734,0.46692629916150763,0.5330737008384924,0.1627785484277814,0.5,1.0,0.1953637712824287,0.3088167487544463
711.0,163.0,169.0,711.0,3159.0,0.0,2.0,0.46572303771972656,8.969890594482422,0.5465880775425657,0.0,0.0,0.0,0.0,0.0,0.0,0.0,0.0,0.11630639806114125,0.08558416544316494
711.0,163.0,258.0,711.0,3155.0,0.0,4.0,1.2094593048095703,11.642075538635254,0.7479490864763352,0.0,0.0,0.0,0.0,0.0,0.0,0.0,0.0,0.16306589280367428,0.11024718604128489
711.0,208.0,118.0,1077.0,3155.0,1.0,1.0,5.743029594421387,18.050939559936523,0.995918189482011,0.0,0.0,0.0,0.0,0.0,0.0,0.0,0.0,0.29128950219854155,0.16070214232432858
711.0,129.0,219.0,711.0,3341.0,0.0,7.0,1.5274949073791504,8.597074508666992,0.7025426721565126,0.0,0.0,0.0,0.0,0.0,0.0,0.0,0.0,0.18519276071178836,0.13405461897007112
711.0,115.0,354.0,3155.0,6785.0,0.0,20.0,2.2541604042053223,8.388662338256836,0.7936971537350701,0.0,0.0,0.0,0.0,0.0,0.0,0.0,0.0,0.24074922106736313,0.17350616409861155
711.0,115.0,153.0,711.0,3159.0,0.0,6.0,2.490321159362793,15.445807456970215,0.8964181238756512,0.0,0.0,0.0,0.0,0.0,0.0,0.0,0.0,0.20100133003267615,0.1215049682861286
711.0,56.0,144.0,711.0,1077.0,0.0,2.0,6.571657180786133,19.577924728393555,0.9977999439163259,0.0,0.0,0.0,0.0,0.0,0.0,0.0,0.0,0.29253306827138104,0.15368316494338724
711.0,56.0,257.0,1077.0,4304.0,0.0,63.0,8.586023330688477,19.057205200195312,0.9994396251637435,4.0,1.6094379124341003,0.26010082080545915,0.17141364496002565,0.0,0.0,0.08570682248001282,0.0,0.36143984974128207,0.21930580062830263
711.0,145.0,244.0,3922.0,711.0,0.0,526.0,4.5088348388671875,15.93181324005127,0.982139831340303,0.0,0.0,0.0,0.0,0.0,0.0,0.0,0.0,0.2817544771465901,0.16605684045499694
711.0,191.0,313.0,6410.0,3262.0,0.0,6.0,0.5385189056396484,15.50517463684082,0.5339951719876115,0.0,0.0,0.0,0.0,0.0,0.0,0.0,0.0,0.07436340725144344,0.04674881493401405
711.0,142.0,180.0,150.0,2660.0,0.0,2.0,0.6063990592956543,8.250332832336426,0.49791584716948595,0.0,0.0,0.0,0.0,0.0,0.0,0.0,0.0,0.11164484797418515,0.08354179330601814
711.0,120.0,146.0,3155.0,6785.0,0.0,3.0,4.1211442947387695,8.848342895507812,0.961880570034963,0.0,0.0,0.0,0.0,0.0,0.0,0.0,0.0,0.37187370654226576,0.2643789411158142
711.0,6.0,214.0,711.0,1077.0,0.0,24.0,3.015918731689453,22.226764678955078,0.9531723331956145,0.0,0.0,0.0,0.0,0.0,0.0,0.0,0.0,0.15933924883916106,0.0800064792961527
711.0,110.0,315.0,711.0,3262.0,0.0,8.0,2.401418685913086,11.137458801269531,0.7719085871355938,0.0,0.0,0.0,0.0,0.0,0.0,0.0,0.0,0.2009813222739871,0.13497164558804486
711.0,105.0,78.0,711.0,146.0,0.0,3539.0,0.45128726959228516,9.968623161315918,0.44669272884297834,0.0,0.0,0.0,0.0,0.0,0.0,0.0,0.0,0.08763617619322546,0.06342165203088812
4362.0,224.0,197.0,146.0,1115.0,1.0,1.0,8.49761438369751,11.44041633605957,0.9992273476430547,5.0,1.791759469228055,0.7429971445684742,0.4030402210816846,0.5969597789183154,0.36849465064108744,0.5,1.0,0.4924622377930012,0.6605495244923765
4362.0,224.0,19.0,146.0,1874.0,0.0,2690.0,4.582674026489258,10.202980995178223,0.985603170330196,0.0,0.0,0.0,0.0,0.0,0.0,0.0,0.0,0.3769068751154605,0.25928445587121884
4362.0,6.0,92.0,3922.0,1183.0,0.0,1321.0,3.610121250152588,10.54262638092041,0.9582561894901563,0.0,0.0,0.0,0.0,0.0,0.0,0.0,0.0,0.3263651023779507,0.22294961009969083
3535.0,156.0,113.0,2290.0,711.0,0.0,42.0,0.09855413436889648,6.865657806396484,0.45839269979149827,0.0,0.0,0.0,0.0,0.0,0.0,0.0,0.0,0.10548642273320118,0.08266098584973024
3535.0,155.0,179.0,6410.0,1171.0,1.0,1.0,1.5027637481689453,7.855780124664307,0.7396488607490023,1.0,0.6931471805599453,0.836743383392903,0.0,0.0,0.0,0.0,0.0,0.20721086822681845,0.12261700213188424
3535.0,53.0,289.0,5037.0,3535.0,1.0,1.0,2.3164167404174805,10.55062198638916,0.8908200172758777,0.0,0.0,0.0,0.0,0.0,0.0,0.0,0.0,0.25680280316250836,0.1763847343600394
3535.0,6.0,91.0,6410.0,1077.0,1.0,1.0,0.7588520050048828,12.27222728729248,0.6801148921649192,2.0,1.0986122886681098,0.17853585156604396,0.0,1.0,0.9999999999971441,0.5,1.0,0.12947752478851776,0.37646121245931774
5925.0,160.0,177.0,1167.0,6955.0,0.0,5370.0,0.4594411849975586,-1.0887700319290161,0.21389500445784973,0.0,0.0,0.0,0.0,0.0,0.0,0.0,0.0,0.10888636905366236,0.10331192311537331
3933.0,53.0,289.0,545.0,45.0,0.0,1.0,4.964189529418945,15.074982643127441,0.9925974258686682,2.0,1.0986122886681098,1.0,0.41661823838916034,0.0,0.0,0.20830911919458017,1.0,0.3128172837233262,0.3397079496737674
6696.0,160.0,162.0,146.0,5036.0,0.0,3.0,0.6412973403930664,4.9865827560424805,0.5018108876135055,0.0,0.0,0.0,0.0,0.0,0.0,0.0,0.0,0.1389952880082973,0.11202867437748332
6696.0,53.0,195.0,3341.0,2798.0,0.0,96.0,6.585767507553101,9.277929306030273,0.997494549247379,0.0,0.0,0.0,0.0,0.0,0.0,0.0,0.0,0.4659890198234965,0.3275571837663601
3493.0,156.0,289.0,329.0,1140.0,0.0,4205.0,0.6303513050079346,-2.3253562450408936,0.10652290018470711,0.0,0.0,0.0,0.0,0.0,0.0,0.0,0.0,0.09549994427543118,0.09383392061643456
1384.0,160.0,306.0,1873.0,3262.0,0.0,234.0,2.483546257019043,5.4926934242248535,0.8141941242301906,0.0,0.0,0.0,0.0,0.0,0.0,0.0,0.0,0.2976496661468705,0.2292256338338859
1384.0,169.0,307.0,2694.0,1384.0,0.0,57.0,1.7061152458190918,7.245998382568359,0.800102730626563,0.0,0.0,0.0,0.0,0.0,0.0,0.0,0.0,0.245175246016532,0.18304031778981858
5226.0,127.0,195.0,2460.0,2844.0,0.0,2.0,1.069460153579712,4.839298725128174,0.5557086290274988,0.0,0.0,0.0,0.0,0.0,0.0,0.0,0.0,0.16448371796489297,0.13147927660685743
5226.0,38.0,230.0,1128.0,2844.0,0.0,1444.0,0.6039631068706512,-0.3097393214702606,0.3916124905264753,2.0,1.0986122886681098,0.04123462221165295,0.2867965922707759,0.0,0.0,0.14339829613538796,0.0,0.15305965753584094,0.18057092118225573
3211.0,222.0,252.0,2624.0,3211.0,0.0,5.0,4.23187255859375,11.586216926574707,0.9720140811850435,10.0,2.3978952727983707,0.6864101813026526,0.6786943895618591,0.0,0.0,0.33934719478092956,0.0,0.335589317970325,0.3186089020289049
3211.0,222.0,215.0,2624.0,3155.0,1.0,1.0,1.328908920288086,15.926517486572266,0.6830233844396959,8.0,2.1972245773362196,0.9057236642639067,0.5850286772891509,0.4149713227108492,0.07329607087528443,0.5,1.0,0.11045862638943453,0.19353869557971748
3211.0,222.0,343.0,1060.0,2624.0,0.0,8.0,0.7246246337890625,6.3481340408325195,0.48092592670870565,30.0,3.4339872044851463,1.0,0.7294674950879891,0.872247365220214,0.734099064930449,0.8008574301541016,1.0,0.12332750558836388,0.4561563713782481
3211.0,222.0,221.0,2624.0,3341.0,0.0,4516.0,0.5392045974731445,8.632601737976074,0.44138098985163204,8.0,2.1972245773362196,0.8042490800314893,0.5850286772891508,0.41497132271084924,0.07329607087528366,0.5,1.0,0.09560562811485689,0.21007351515102535
3211.0,222.0,169.0,1145.0,711.0,0.0,23.0,0.20262432098388672,8.30268383026123,0.4551700274921398,0.0,0.0,0.0,0.0,0.0,0.0,0.0,0.0,0.09661377116067159,0.07307251425509033
3211.0,160.0,21.0,3211.0,4393.0,0.0,622.0,4.103552341461182,11.80203628540039,0.9758023331387112,0.0,0.0,0.0,0.0,0.0,0.0,0.0,0.0,0.3302935175267874,0.2181663124250961
3211.0,160.0,357.0,3155.0,2624.0,0.0,2.0,9.06733512878418,16.56206512451172,0.9997571000570485,1.0,0.6931471805599453,0.0029603839189656215,0.0,0.0,0.0,0.0,0.0,0.4200321586230888,0.25072290934798225
3211.0,160.0,19.0,3155.0,5177.0,0.0,8.0,0.6870980262756348,8.31495475769043,0.6203385575332419,0.0,0.0,0.0,0.0,0.0,0.0,0.0,0.0,0.14519082665353888,0.10763537971750613
3211.0,38.0,134.0,6504.0,2624.0,0.0,9.0,0.3035464286804199,2.5834946632385254,0.3575889006423082,0.0,0.0,0.0,0.0,0.0,0.0,0.0,0.0,0.11477557104866173,0.09944597797378178
3211.0,38.0,232.0,2624.0,1050.0,1.0,1.0,1.2952499389648438,7.348008155822754,0.6536290329393473,10.0,2.3978952727983707,0.8705505632961241,0.8005037063919442,0.6496246228268567,0.3752213696947186,0.7250641646094005,1.0,0.17647903994201702,0.46179524436599584
3211.0,229.0,349.0,2624.0,1060.0,0.0,30.0,6.231766700744629,11.245800971984863,0.9976771450659488,1.0,0.6931471805599453,0.04290063633141579,0.0,0.0,0.0,0.0,0.0,0.4191793504136693,0.2871094974414646
3211.0,229.0,152.0,2624.0,457.0,0.0,2.0,0.9033031463623047,7.083143711090088,0.699261555838317,0.0,0.0,0.0,0.0,0.0,0.0,0.0,0.0,0.1878184987891511,0.1424518028650722
3211.0,229.0,84.0,3211.0,2624.0,0.0,7.0,1.2994117736816406,17.73202896118164,0.7855926837594721,0.0,0.0,0.0,0.0,0.0,0.0,0.0,0.0,0.12200087375597027,0.07068904459337258
3211.0,97.0,196.0,2624.0,733.0,1.0,1.0,3.773416519165039,9.552950859069824,0.9651574054663089,1.0,0.6931471805599453,0.9803906099397734,0.0,1.0,0.99999999999898,0.5,1.0,0.3510753929583044,0.5991576796647994
3211.0,6.0,230.0,2624.0,3211.0,1.0,1.0,2.2108755111694336,14.288936614990234,0.9006204787748258,2.0,1.0986122886681098,0.7284274237469965,0.0,1.0,0.9999999999992999,0.5,1.0,0.21016198472354852,0.4395260181772781
3290.0,127.0,278.0,5036.0,920.0,0.0,951.0,1.0821599960327148,9.118884086608887,0.6848147865141124,1.0,0.6931471805599453,1.0,0.0,0.0,0.0,0.0,0.0,0.16489369848803398,0.08964521165163548
3290.0,160.0,301.0,5421.0,6872.0,0.0,3.0,8.659096717834473,18.36611557006836,0.9996627670448037,0.0,0.0,0.0,0.0,0.0,0.0,0.0,0.0,0.3755052905496349,0.20394738651344904
3290.0,162.0,278.0,5036.0,2290.0,1.0,1.0,1.2855253219604492,8.390325546264648,0.6204155421382195,0.0,0.0,0.0,0.0,0.0,0.0,0.0,0.0,0.15483227079954898,0.11325100902546817
503.0,191.0,245.0,1629.0,4368.0,0.0,3.0,0.27414703369140625,9.378006935119629,0.5257751789327789,0.0,0.0,0.0,0.0,0.0,0.0,0.0,0.0,0.10588505761160666,0.0775868299596754
503.0,224.0,171.0,1188.0,5498.0,1.0,1.0,4.038632392883301,10.523040771484375,0.9806545621884941,7.0,2.0794415416798357,0.9803906099397734,0.3716116226353836,0.6283883773646164,0.2188008641042865,0.5,1.0,0.3517517646052229,0.5041890467780162
503.0,224.0,27.0,1188.0,5498.0,1.0,1.0,4.213062763214111,8.694083213806152,0.9715923791268061,2.0,1.0986122886681098,0.9803906099397734,0.455558131287365,1.0,0.9999999999994447,0.7277790656436824,1.0,0.3829158316197679,0.7219869100228195
503.0,224.0,169.0,1188.0,5498.0,1.0,1.0,0.6065926551818848,8.424836158752441,0.6419614100420751,6.0,1.9459101490553132,0.25,0.5855444050736607,1.0,0.9999999999983422,0.7927722025368303,1.0,0.1493679699560111,0.570483389452796
503.0,224.0,139.0,1188.0,5498.0,1.0,1.0,9.72443762049079,9.745343208312988,0.999760761435391,6.0,1.9459101490553132,0.4528618321319533,0.5855444050736607,1.0,0.9999999999990847,0.7927722025368303,1.0,0.5645667591676538,0.8667783133764505
503.0,115.0,290.0,1188.0,1321.0,0.0,2.0,2.4881176948547363,8.079548835754395,0.9115442171136295,2.0,1.0986122886681098,0.0069372107472232694,0.4752649511825975,0.0,0.0,0.23763247559129874,0.0,0.3077617213056932,0.31746791401136243
503.0,56.0,285.0,6293.0,1145.0,0.0,5.0,3.223029613494873,9.946089744567871,0.9380008702805704,0.0,0.0,0.0,0.0,0.0,0.0,0.0,0.0,0.3137541883779507,0.2177344926899149
503.0,167.0,264.0,1188.0,5498.0,1.0,1.0,4.0994648933410645,10.005452156066895,0.9680109652233412,1.0,0.6931471805599453,0.01093967952580942,0.0,0.0,0.0,0.0,0.0,0.3552324769165476,0.2544349705462206
3384.0,6.0,206.0,2290.0,956.0,0.0,3061.0,0.63143190741539,0.8525691032409668,0.2279441810398733,0.0,0.0,0.0,0.0,0.0,0.0,0.0,0.0,0.10105035842468017,0.09141542294436586
3384.0,160.0,219.0,2460.0,6699.0,0.0,567.0,0.5022027492523193,-1.2625956535339355,0.19088271545002602,0.0,0.0,0.0,0.0,0.0,0.0,0.0,0.0,0.10533993469004402,0.10047983616476744
3384.0,156.0,278.0,3159.0,4481.0,0.0,14.0,1.1494898796081543,-0.6321357488632202,0.1765174010890138,0.0,0.0,0.0,0.0,0.0,0.0,0.0,0.0,0.10602572107443181,0.0983786745952039
1446.0,38.0,345.0,1161.0,1446.0,0.0,14.0,6.634098052978516,11.476377487182617,0.9982040501870449,23.0,3.1780538303479458,1.0,0.4751814443462513,0.9519065063553311,0.8802664096642283,0.7135439753507913,1.0,0.428696572998171,0.7418938150747411
1446.0,38.0,198.0,1446.0,96.0,0.0,17.0,1.8254239559173584,4.050888538360596,0.7647635904663203,0.0,0.0,0.0,0.0,0.0,0.0,0.0,0.0,0.2764342498403713,0.22142732324990125
1446.0,160.0,78.0,2442.0,1446.0,0.0,6.0,1.4858465194702148,5.570785999298096,0.6126277670804423,2.0,1.0986122886681098,0.8879629756445782,0.3466642194595826,0.0,0.0,0.1733321097297913,0.0,0.18471122810884752,0.149346591800406
1446.0,160.0,292.0,2694.0,3600.0,0.0,15.0,1.3684625625610352,9.425397872924805,0.5879680179337625,0.0,0.0,0.0,0.0,0.0,0.0,0.0,0.0,0.13715772271520565,0.09781840592120061
1446.0,160.0,50.0,1873.0,4233.0,0.0,14.0,2.3427605628967285,7.080111980438232,0.8131515910937177,0.0,0.0,0.0,0.0,0.0,0.0,0.0,0.0,0.2699284537409905,0.20067069682708516
1446.0,160.0,322.0,1446.0,1954.0,0.0,6.0,3.8403148651123047,10.045412063598633,0.9774519435468388,0.0,0.0,0.0,0.0,0.0,0.0,0.0,0.0,0.3517629799434344,0.2436551616665284
1446.0,61.0,69.0,1161.0,4587.0,1.0,1.0,15.039079189300537,20.12694549560547,0.9999992321589999,3.0,1.3862943611198906,0.646816582731497,0.5336111755027428,0.9999999999999999,0.6156933251724919,0.7668055877513713,1.0,0.5565666742514556,0.7224460986958403
1446.0,56.0,226.0,1161.0,776.0,1.0,1.0,1.405052661895752,6.730709075927734,0.5326409818210501,2.0,1.0986122886681098,0.7001394896518027,0.02699963437389441,0.9730003656261056,0.3798355083430074,0.5,1.0,0.14524643034112902,0.27722164913771435
1446.0,87.0,96.0,1161.0,1873.0,0.0,18.0,0.46382808685302734,5.404356002807617,0.3615332184109819,0.0,0.0,0.0,0.0,0.0,0.0,0.0,0.0,0.09833086957535825,0.07963841831808352
13.0,105.0,349.0,328.0,1130.0,0.0,186.0,0.9918212890625,8.060990333557129,0.6604212431069324,0.0,0.0,0.0,0.0,0.0,0.0,0.0,0.0,0.16566574942442389,0.12268571172378406
13.0,56.0,127.0,1145.0,2683.0,0.0,4.0,1.6579670906066895,8.355704307556152,0.8351705478816452,2.0,1.0986122886681098,0.6216979445974911,0.38805466953545387,0.6119453304645461,0.027702818063817827,0.5,1.0,0.24474057991711315,0.3868895889402466
13.0,56.0,203.0,2545.0,4185.0,0.0,8.0,5.101635217666626,6.331260681152344,0.978049617651125,0.0,0.0,0.0,0.0,0.0,0.0,0.0,0.0,0.4574941944977597,0.3451269364127541
13.0,6.0,229.0,1971.0,1145.0,0.0,13.0,3.5302963256835938,9.28311824798584,0.9701694389917019,1.0,0.6931471805599453,0.10254191950095473,0.0,1.0,0.9999999999902478,0.5,1.0,0.3507888291203693,0.6757405449181508
13.0,6.0,109.0,1145.0,5496.0,1.0,1.0,4.9058496952056885,7.257085800170898,0.970358333927521,0.0,0.0,0.0,0.0,0.0,0.0,0.0,0.0,0.4298496796492863,0.31699938493845214
4185.0,156.0,170.0,4185.0,1145.0,0.0,81.0,1.6363201141357422,13.17888355255127,0.8324944853018562,0.0,0.0,0.0,0.0,0.0,0.0,0.0,0.0,0.18461011829231472,0.11943085234903011
4185.0,53.0,277.0,4185.0,1971.0,0.0,4.0,1.8292160034179688,9.958046913146973,0.8096957710635465,0.0,0.0,0.0,0.0,0.0,0.0,0.0,0.0,0.21736344970034688,0.15180367418333116
4185.0,169.0,294.0,1145.0,1434.0,0.0,7.0,7.752257347106934,13.932282447814941,0.9991272352515038,1.0,0.6931471805599453,0.043758718103237663,0.0,1.0,0.9999999999771474,0.5,1.0,0.4227314449716575,0.6962315958431783
4185.0,160.0,224.0,4019.0,2683.0,0.0,197.0,5.264185428619385,8.817678451538086,0.9917970827336424,0.0,0.0,0.0,0.0,0.0,0.0,0.0,0.0,0.42669684567064886,0.3036619697176686
4185.0,160.0,274.0,1971.0,4019.0,0.0,65.0,0.22780799865722656,7.258270263671875,0.5435897384135188,4.0,1.6094379124341003,0.4528618321319533,0.05539921197441244,0.0,0.0,0.02769960598720622,0.0,0.12527946954391211,0.09642747170508748
4185.0,160.0,146.0,2695.0,4185.0,0.0,25.0,0.7629508972167969,6.248354434967041,0.6234979005609115,0.0,0.0,0.0,0.0,0.0,0.0,0.0,0.0,0.16723576610674168,0.1298815460425885
4185.0,56.0,196.0,2545.0,1971.0,0.0,29.0,0.24910545349121094,10.955570220947266,0.3446618776340229,0.0,0.0,0.0,0.0,0.0,0.0,0.0,0.0,0.06371598453161369,0.045654259039982124
6105.0,53.0,83.0,3341.0,2246.0,0.0,2.0,1.5485992431640625,7.828120708465576,0.756555335909137,0.0,0.0,0.0,0.0,0.0,0.0,0.0,0.0,0.21536517099744648,0.15879231845371858
6105.0,53.0,293.0,4569.0,3341.0,0.0,353.0,3.7221617698669434,8.193758010864258,0.9398945293323782,0.0,0.0,0.0,0.0,0.0,0.0,0.0,0.0,0.3580777860727775,0.2585854747331967
6105.0,155.0,16.0,3159.0,2661.0,0.0,2.0,1.8594789505004883,8.719134330749512,0.8595829897921059,0.0,0.0,0.0,0.0,0.0,0.0,0.0,0.0,0.25595394262522114,0.18458651588973352
4415.0,222.0,343.0,6635.0,1176.0,0.0,2.0,3.4967446327209473,8.359896659851074,0.9649188257241422,11.0,2.4849066497880004,0.6341329040632923,0.500007090530848,0.8826311810141145,0.6211812484314262,0.6913191357724813,1.0,0.36217803440056967,0.6904859302824001
4415.0,160.0,147.0,6635.0,4415.0,0.0,688.0,2.3018507957458496,7.588212490081787,0.8532824505975826,0.0,0.0,0.0,0.0,0.0,0.0,0.0,0.0,0.2807785607566843,0.20682943166121612
4415.0,160.0,142.0,5678.0,925.0,1.0,1.0,4.786297798156738,10.646659851074219,0.9886190146021269,1.0,0.6931471805599453,0.9803906099397734,0.0,0.0,0.0,0.0,1.0,0.37753554383653803,0.3457633329231369
4415.0,156.0,139.0,4043.0,6635.0,0.0,3.0,1.0017943382263184,7.380404472351074,0.5863452651186796,0.0,0.0,0.0,0.0,0.0,0.0,0.0,0.0,0.14873803892197904,0.11214889935422519
4415.0,156.0,28.0,6636.0,2278.0,0.0,5.0,0.6239938735961914,6.365257263183594,0.5543807200914622,0.0,0.0,0.0,0.0,0.0,0.0,0.0,0.0,0.14195580557463522,0.11058133040777655
4415.0,228.0,7.0,6635.0,5678.0,1.0,1.0,2.373816967010498,5.7381792068481445,0.8958043035280819,1.0,0.6931471805599453,0.9803906099397734,0.0,1.0,0.99999999999898,0.5,1.0,0.3330379377911888,0.6129406832763542
4415.0,38.0,146.0,4415.0,102.0,0.0,5.0,1.4133548736572266,9.601136207580566,0.7166924158028652,0.0,0.0,0.0,0.0,0.0,0.0,0.0,0.0,0.17717842808706824,0.1254448345623358
4415.0,146.0,139.0,6635.0,1176.0,0.0,6.0,0.6281800270080566,6.980640411376953,0.3348245396947232,0.0,0.0,0.0,0.0,0.0,0.0,0.0,0.0,0.08532012141381183,0.066541191277361
4415.0,148.0,270.0,6635.0,5370.0,1.0,1.0,2.1380943059921265,3.6747353076934814,0.6577919869806595,0.0,0.0,0.0,0.0,0.0,0.0,0.0,0.0,0.24040333114791435,0.1930439123547459
4415.0,208.0,143.0,4415.0,6635.0,0.0,3.0,0.7896995544433594,14.535043716430664,0.679848576319925,0.0,0.0,0.0,0.0,0.0,0.0,0.0,0.0,0.11245779316946197,0.07145301244988082
453.0,224.0,277.0,4393.0,6407.0,1.0,1.0,12.702360391616821,15.036375999450684,0.9999962007761228,8.0,2.1972245773362196,0.820335356007638,0.665196987295646,0.9980364747300979,0.978243412200579,0.8316167310128719,1.0,0.5695088288078209,0.83440328215943
453.0,38.0,218.0,4293.0,2242.0,0.0,41.0,0.1709669828414917,1.807252287864685,0.4403699626963212,0.0,0.0,0.0,0.0,0.0,0.0,0.0,0.0,0.14122867578191564,0.12394100216009832
2457.0,207.0,126.0,497.0,5736.0,1.0,1.0,1.963545322418213,6.648936748504639,0.6735036602202857,3.0,1.3862943611198906,0.9611657480580811,0.0,1.0,0.9999999999996463,0.5,1.0,0.2056198776714928,0.47076403403801687
2457.0,222.0,114.0,497.0,2790.0,1.0,1.0,7.044211387634277,15.325807571411133,0.9983156760143541,0.0,0.0,0.0,0.0,0.0,0.0,0.0,0.0,0.3751604576767609,0.22320068229325227
2457.0,127.0,33.0,5527.0,2290.0,0.0,5.0,0.9141073226928711,10.800520896911621,0.705907537037845,0.0,0.0,0.0,0.0,0.0,0.0,0.0,0.0,0.152400109586723,0.10577185283417158
2457.0,127.0,363.0,3566.0,1077.0,0.0,289.0,2.9361963272094727,7.746846675872803,0.9274527460999766,0.0,0.0,0.0,0.0,0.0,0.0,0.0,0.0,0.33456619466243204,0.24543728878367185
2457.0,123.0,127.0,2790.0,244.0,0.0,42.0,0.07660961151123047,3.459447145462036,0.19346084811575306,0.0,0.0,0.0,0.0,0.0,0.0,0.0,0.0,0.07361504854135419,0.06394071848409329
2457.0,6.0,146.0,497.0,3211.0,1.0,1.0,6.411382675170898,15.86168098449707,0.9977752749488764,9.0,2.302585092994046,0.5100008047105996,0.4364494675342607,0.8991866674957505,0.69076167768293,0.6678180675150056,1.0,0.3461971209856816,0.6260700832544123
2457.0,160.0,143.0,3155.0,4724.0,0.0,13.0,0.9155445098876953,6.37591552734375,0.6125184340325648,1.0,0.6931471805599453,0.410167678003819,0.0,1.0,0.12998928707713517,0.5,1.0,0.16514886470785642,0.2777367259007284
2457.0,169.0,342.0,3155.0,2790.0,0.0,60.0,12.023362159729004,23.91402244567871,0.9999915114064697,0.0,0.0,0.0,0.0,0.0,0.0,0.0,0.0,0.3882490477087602,0.17782856712270662
6856.0,160.0,6.0,2686.0,3309.0,0.0,10.0,0.5882344245910645,1.9761486053466797,0.461318978881008,0.0,0.0,0.0,0.0,0.0,0.0,0.0,0.0,0.1531044897473562,0.1324434843843098
6856.0,160.0,176.0,6856.0,2686.0,0.0,2.0,0.8565188646316528,2.6748299598693848,0.5387610879533571,0.0,0.0,0.0,0.0,0.0,0.0,0.0,0.0,0.17680235877815373,0.14905514911853016
2560.0,61.0,8.0,5678.0,6635.0,0.0,31.0,0.6129276752471924,4.242680072784424,0.49930694649487795,0.0,0.0,0.0,0.0,0.0,0.0,0.0,0.0,0.1443435423244587,0.11839696369280327
2560.0,53.0,257.0,2340.0,385.0,1.0,1.0,1.8453850746154785,9.471267700195312,0.862872801354599,0.0,0.0,0.0,0.0,0.0,0.0,0.0,0.0,0.2468402616554373,0.17485167256640044
2560.0,158.0,254.0,4847.0,6635.0,0.0,2.0,0.2629396915435791,3.1623191833496094,0.3462935272121047,0.0,0.0,0.0,0.0,0.0,0.0,0.0,0.0,0.10740993296722612,0.09205744020372784
2560.0,156.0,54.0,1176.0,3014.0,1.0,1.0,9.851559281349182,11.360579490661621,0.999925951565091,0.0,0.0,0.0,0.0,0.0,0.0,0.0,0.0,0.5400053358689335,0.36292727005920083
4918.0,38.0,2.0,2202.0,2207.0,1.0,1.0,7.25529932975769,9.974742889404297,0.9992490266537943,0.0,0.0,0.0,0.0,0.0,0.0,0.0,0.0,0.4770279959627056,0.32956866578758376
4918.0,38.0,187.0,2202.0,3155.0,1.0,1.0,0.6650700569152832,6.120895862579346,0.6110571001476054,13.0,2.6390573296152584,0.7141434062641757,0.536745557387386,0.9903101564777965,0.9775090321690503,0.7635278569325913,1.0,0.16255638122137014,0.5645771145285297
4918.0,38.0,30.0,2202.0,2207.0,1.0,1.0,5.653627932071686,6.376845836639404,0.995411485577146,0.0,0.0,0.0,0.0,0.0,0.0,0.0,0.0,0.4856863505869665,0.36672326953984635
4918.0,38.0,144.0,2202.0,5226.0,1.0,1.0,11.236514329910278,10.377366065979004,0.9999712264491805,5.0,1.791759469228055,0.3108489722987456,0.675980482856272,0.8843017991654524,0.760873519091855,0.7801411410108622,1.0,0.6032203674283023,0.8647475968596378
3769.0,160.0,126.0,5187.0,3149.0,0.0,92.0,1.886925458908081,4.65870475769043,0.7408336732190428,0.0,0.0,0.0,0.0,0.0,0.0,0.0,0.0,0.2581572502560129,0.20371969098480308
3155.0,142.0,3.0,2065.0,4594.0,0.0,2.0,0.4720768928527832,8.021245002746582,0.4169613720314891,1.0,0.6931471805599453,1.0,0.0,0.0,0.0,0.0,1.0,0.09357964541358724,0.10408678945641654
3155.0,142.0,105.0,3159.0,1077.0,0.0,6006.0,13.425568580627441,25.612001419067383,0.9999979439932011,1.0,0.6931471805599453,0.35006974482590136,0.0,0.0,0.0,0.0,0.0,0.40419599516647325,0.16522441639024577
3155.0,142.0,171.0,3155.0,2278.0,0.0,8.0,12.82295036315918,17.848838806152344,0.9999889472870329,0.0,0.0,0.0,0.0,0.0,0.0,0.0,0.0,0.5231136260801562,0.29634253508021013
3155.0,142.0,263.0,4702.0,956.0,0.0,6.0,2.7305469512939453,15.337810516357422,0.9357383831692943,11.0,2.4849066497880004,0.6729500963161781,0.6083938968316953,0.0,0.0,0.30419694841584766,0.0,0.22356597159124117,0.19629432947140904
3155.0,142.0,80.0,3159.0,3341.0,0.0,3.0,6.283007621765137,18.665298461914062,0.9975839312126001,1.0,0.6931471805599453,0.5743491774985175,0.0,0.0,0.0,0.0,0.0,0.2980526971665723,0.1407791215753609
3155.0,142.0,240.0,4702.0,956.0,1.0,1.0,3.770266532897949,16.968547821044922,0.9774063726655786,10.0,2.3978952727983707,0.9423178739918808,0.42844311479656216,0.0,0.0,0.21422155739828108,0.0,0.24562339794547736,0.1660148174804464
3155.0,142.0,163.0,3159.0,3155.0,0.0,6.0,8.278762817382812,18.572593688964844,0.9995357717711375,3.0,1.3862943611198906,0.9057236642639067,0.43892810452438424,0.0,0.0,0.21946405226219212,0.0,0.36000417088287373,0.21641128335615142
3155.0,142.0,293.0,3159.0,829.0,1.0,1.0,7.991466522216797,17.54929542541504,0.999551744132338,4.0,1.6094379124341003,0.10053113500393618,0.5502365076661999,0.0,0.0,0.27511825383309996,0.0,0.3681720792189192,0.30662780688676117
3155.0,142.0,49.0,838.0,4702.0,1.0,1.0,1.7967338562011719,19.35424041748047,0.8189356682251874,0.0,0.0,0.0,0.0,0.0,0.0,0.0,0.0,0.12526609326989463,0.06897952643507944
3155.0,142.0,60.0,956.0,4702.0,0.0,10.0,0.06978225708007812,9.060397148132324,0.32199249183062684,3.0,1.3862943611198906,0.410167678003819,0.3534114307715839,0.0,0.0,0.17670571538579194,0.0,0.06728595208733909,0.06399017124908431
3155.0,142.0,239.0,3159.0,454.0,0.0,3.0,6.143699645996094,16.938796997070312,0.9967434292707641,4.0,1.6094379124341003,0.2929185427091149,0.5502365076661999,0.0,0.0,0.27511825383309996,0.0,0.3202866956732492,0.26259619914116133
3155.0,142.0,31.0,2290.0,4723.0,0.0,68.0,0.34264087677001953,12.463333129882812,0.5745918579916519,0.0,0.0,0.0,0.0,0.0,0.0,0.0,0.0,0.09709215468168855,0.06581088455796137
3155.0,142.0,306.0,885.0,2262.0,0.0,1.0,1.179396629333496,9.700190544128418,0.6817884442925795,1.0,0.6931471805599453,1.0,0.0,0.0,0.0,0.0,0.0,0.15996500039440706,0.08548553209599019
3155.0,142.0,67.0,3272.0,733.0,0.0,4.0,3.7685375213623047,14.506091117858887,0.9386879085281086,1.0,0.6931471805599453,1.0,0.0,0.0,0.0,0.0,0.0,0.26166217716564444,0.12241153474629202
3155.0,142.0,267.0,3159.0,1077.0,0.0,6.0,0.8416271209716797,17.0889892578125,0.695812178552156,4.0,1.6094379124341003,0.16823752407904452,0.5502365076661999,0.0,0.0,0.27511825383309996,0.0,0.09927650053728158,0.09513552207757761
3155.0,142.0,150.0,5046.0,5421.0,0.0,4.0,3.1560888290405273,14.265558242797852,0.9566885382517644,7.0,2.0794415416798357,0.8705505632961241,0.6263142666265971,0.3736857333734029,0.07716249788306685,0.5,1.0,0.2574312298627179,0.396790604183703
3155.0,142.0,73.0,956.0,3147.0,1.0,3.0,1.669926643371582,17.01630401611328,0.8001810218693811,11.0,2.4849066497880004,0.9803906099397734,0.5601547393469557,0.43984526065304436,0.2524772523024635,0.5,1.0,0.13745916888919815,0.2510397314074605
3155.0,142.0,212.0,3159.0,1077.0,0.0,6.0,0.19202423095703125,21.55666732788086,0.545168865502658,4.0,1.6094379124341003,0.5,0.5502365076661999,0.0,0.0,0.27511825383309996,0.0,0.048358380120227654,0.03868757913493076
3155.0,142.0,45.0,920.0,3341.0,0.0,6.0,3.9990100860595703,17.407482147216797,0.9691843039646566,0.0,0.0,0.0,0.0,0.0,0.0,0.0,0.0,0.2418148675643583,0.13715008218427996
3155.0,142.0,351.0,6017.0,733.0,0.0,5.0,4.347138404846191,14.810952186584473,0.9743861000147652,3.0,1.3862943611198906,0.15542448614937274,0.026994483427186022,0.0,0.0,0.013497241713593011,0.0,0.29004338842297633,0.18647500418665994
3155.0,54.0,49.0,3159.0,5037.0,0.0,6.0,6.6231584548950195,14.141364097595215,0.9977916605730346,0.0,0.0,0.0,0.0,0.0,0.0,0.0,0.0,0.38164298980780154,0.23503402150040728
3155.0,98.0,362.0,3159.0,3155.0,1.0,1.0,10.834973335266113,25.7734375,0.9999668090943434,31.0,3.4657359027997265,0.8534795977333005,0.6871533752985022,0.4821733175281169,0.26620993584227065,0.5846633464133095,1.0,0.32081597821748,0.438078134942503
3155.0,98.0,322.0,1077.0,3262.0,0.0,4.0,7.971132278442383,25.168983459472656,0.9995428217495929,7.0,2.0794415416798357,0.9611657480580811,0.08535057777478361,0.0,0.0,0.042675288887391805,0.0,0.25077586977157756,0.09853535412252269
3155.0,98.0,191.0,2290.0,1077.0,0.0,11.0,3.5981884002685547,16.457223892211914,0.9436237818692398,2.0,1.0986122886681098,0.05229646146205644,0.4752649511825976,0.0,0.0,0.2376324755912988,0.0,0.23330526974077384,0.19907190855543874
3155.0,98.0,40.0,3155.0,5736.0,0.0,6.0,1.2013893127441406,19.118772506713867,0.7679130722982658,0.0,0.0,0.0,0.0,0.0,0.0,0.0,0.0,0.1062276791355586,0.05955258711753277
3155.0,98.0,107.0,3155.0,2290.0,0.0,5.0,1.573378562927246,12.441006660461426,0.7712806969178821,0.0,0.0,0.0,0.0,0.0,0.0,0.0,0.0,0.16966412213808973,0.11177421078188998
3155.0,98.0,23.0,3159.0,509.0,0.0,260.0,5.076942443847656,15.171720504760742,0.9919716956490533,5.0,1.791759469228055,0.9423178739918808,0.5614335120421259,0.8239524556653236,0.4634771666811902,0.6926929838537248,1.0,0.3142664485584588,0.5291481401985794
3155.0,98.0,336.0,3155.0,3159.0,0.0,13.0,1.4938030242919922,20.231151580810547,0.7890122558653615,0.0,0.0,0.0,0.0,0.0,0.0,0.0,0.0,0.10716573667315225,0.05804385039594205
3155.0,98.0,330.0,3159.0,2290.0,0.0,8.0,5.306941032409668,18.88134765625,0.9945888888572458,24.0,3.2188758248682006,0.7429971445684742,0.6499437376947128,0.35005626230528725,0.02743825288159462,0.5,1.0,0.26670382530105863,0.39126900765207606
3155.0,98.0,188.0,711.0,3341.0,0.0,6.0,2.7099246978759766,15.835522651672363,0.9367619426317297,0.0,0.0,0.0,0.0,0.0,0.0,0.0,0.0,0.2173188604178702,0.13004920381554558
3155.0,98.0,141.0,1077.0,2624.0,1.0,1.0,0.7722587585449219,14.627690315246582,0.6449478258454344,2.0,1.0986122886681098,0.9803906099397734,0.15148953791164232,0.0,0.0,0.07574476895582116,0.0,0.10348952523360422,0.05700821715191547
3155.0,98.0,131.0,3155.0,2290.0,0.0,17.0,3.846999168395996,19.774354934692383,0.9743758735883943,0.0,0.0,0.0,0.0,0.0,0.0,0.0,0.0,0.21046052619374409,0.11202080751930724
3155.0,98.0,283.0,2290.0,1077.0,0.0,38.0,1.1496009826660156,18.71866798400879,0.744927420901136,4.0,1.6094379124341003,0.9423178739918808,0.4366072252111761,0.0,0.0,0.21830361260558806,0.0,0.10309605515346167,0.06650418300832407
3155.0,98.0,124.0,6504.0,711.0,0.0,5.0,0.20300674438476562,12.5348539352417,0.5389926863795177,3.0,1.3862943611198906,0.22643091606597668,0.34441385940863845,0.0,0.0,0.17220692970431922,0.0,0.08788030790564832,0.0794813069878862
3155.0,123.0,179.0,146.0,3159.0,0.0,2.0,2.270249366760254,17.646699905395508,0.9010971382939748,0.0,0.0,0.0,0.0,0.0,0.0,0.0,0.0,0.17395325214542712,0.09957722153270604
3155.0,123.0,130.0,6293.0,3159.0,0.0,55.0,1.3546905517578125,10.839618682861328,0.6128298013215113,0.0,0.0,0.0,0.0,0.0,0.0,0.0,0.0,0.13199413093877163,0.09094243061396391
3155.0,123.0,224.0,146.0,3159.0,0.0,2.0,2.282809257507324,15.81951904296875,0.9001230519581609,1.0,0.6931471805599453,0.4439814878222891,0.0,0.0,0.0,0.0,0.0,0.19368650717754252,0.10537110120721518
3155.0,123.0,320.0,1077.0,3159.0,1.0,1.0,1.2153339385986328,25.797758102416992,0.770918369707251,9.0,2.302585092994046,0.7429971445684742,0.536276100070055,0.0,0.0,0.2681380500350275,0.0,0.06886367283668426,0.045382703421499936
3155.0,123.0,207.0,3159.0,711.0,1.0,1.0,2.656473159790039,15.399962425231934,0.9327836907415257,9.0,2.302585092994046,0.8042490800314893,0.6560163779845107,0.5970317856840935,0.3569400120268959,0.6265240818343021,1.0,0.2198331213328349,0.43162612760676494
3155.0,103.0,270.0,3159.0,6559.0,1.0,1.0,1.8344659805297852,13.10782241821289,0.8411321445755896,1.0,0.6931471805599453,0.13005041040272958,0.0,0.0,0.0,0.0,0.0,0.19268253012370207,0.12495239834998371
3155.0,103.0,328.0,3159.0,2212.0,0.0,3.0,0.6108274459838867,10.96611499786377,0.3997191404837663,1.0,0.6931471805599453,0.04123462221165295,0.0,0.0,0.0,0.0,0.0,0.07539142869866458,0.055150579505984496
3155.0,103.0,39.0,3262.0,2445.0,0.0,64.0,0.2768278121948242,11.663707733154297,0.46384132802380956,0.0,0.0,0.0,0.0,0.0,0.0,0.0,0.0,0.07959739608718995,0.05548699656544181
3155.0,103.0,30.0,956.0,2290.0,0.0,7.0,0.6442928314208984,12.307069778442383,0.5087254386127612,0.0,0.0,0.0,0.0,0.0,0.0,0.0,0.0,0.08813888971743634,0.0598099945732666
3155.0,103.0,53.0,3155.0,2290.0,0.0,12.0,2.109394073486328,15.399166107177734,0.8578312973570603,0.0,0.0,0.0,0.0,0.0,0.0,0.0,0.0,0.17929213635150748,0.10888785256802562
3155.0,103.0,125.0,3155.0,3159.0,0.0,3.0,0.6136598587036133,14.140501976013184,0.47884341221040744,0.0,0.0,0.0,0.0,0.0,0.0,0.0,0.0,0.07273253588255361,0.04736060010323994
3155.0,103.0,144.0,5036.0,3159.0,0.0,102.0,0.5483579635620117,15.75639533996582,0.5505780265138414,0.0,0.0,0.0,0.0,0.0,0.0,0.0,0.0,0.07596920440458692,0.047404087583842854
3155.0,103.0,149.0,3155.0,956.0,0.0,4.0,5.355649948120117,22.18514633178711,0.9952226145530375,0.0,0.0,0.0,0.0,0.0,0.0,0.0,0.0,0.22400408647601266,0.10988804317125285
3155.0,103.0,101.0,2266.0,151.0,0.0,4.0,0.9078512191772461,6.766352653503418,0.6405276439144114,0.0,0.0,0.0,0.0,0.0,0.0,0.0,0.0,0.17048098532567726,0.13039957611843989
3155.0,169.0,17.0,3159.0,711.0,0.0,38.0,22.14946937561035,34.20604705810547,0.9999999997559204,0.0,0.0,0.0,0.0,0.0,0.0,0.0,0.0,0.5422212732777046,0.1931362679260681
3155.0,169.0,215.0,3155.0,1077.0,0.0,49.0,12.527027130126953,31.232498168945312,0.9999921233213926,0.0,0.0,0.0,0.0,0.0,0.0,0.0,0.0,0.2856888469968335,0.10177864668217214
3155.0,169.0,249.0,3155.0,711.0,0.0,758.0,0.5768709182739258,13.844589233398438,0.5192746580727301,0.0,0.0,0.0,0.0,0.0,0.0,0.0,0.0,0.08079592330272814,0.0528801418406008
3155.0,169.0,47.0,3155.0,3341.0,0.0,234.0,29.744293212890625,53.76085662841797,0.9999999999998783,0.0,0.0,0.0,0.0,0.0,0.0,0.0,0.0,0.4453212807610483,0.07679924495911598
3155.0,169.0,222.0,3159.0,4702.0,0.0,1274.0,2.773670196533203,19.145906448364258,0.8729052416480435,13.0,2.6390573296152584,0.9423178739918808,0.7200731366696254,0.790078806406126,0.602051112084864,0.7550759715378756,1.0,0.15892206626562197,0.38417760972596343
3155.0,156.0,70.0,3159.0,1077.0,0.0,75.0,3.9837284088134766,20.618757247924805,0.9807162114360843,0.0,0.0,0.0,0.0,0.0,0.0,0.0,0.0,0.2059488015950381,0.10697262510497614
3155.0,156.0,364.0,3159.0,2290.0,0.0,204.0,0.015448570251464844,13.267622947692871,0.48203108033936026,0.0,0.0,0.0,0.0,0.0,0.0,0.0,0.0,0.07206072336977555,0.04857496826500538
3155.0,160.0,68.0,3159.0,5046.0,0.0,10.0,6.400175094604492,18.480602264404297,0.9980385095077889,0.0,0.0,0.0,0.0,0.0,0.0,0.0,0.0,0.30443218677304457,0.16536728204866083
3155.0,160.0,147.0,6785.0,3159.0,0.0,61.0,5.518678665161133,23.424306869506836,0.9958390990908687,0.0,0.0,0.0,0.0,0.0,0.0,0.0,0.0,0.21270995545558088,0.10050660274021568
3155.0,160.0,322.0,6785.0,4723.0,0.0,6424.0,1.6996431350708008,13.591225624084473,0.7891516451429164,0.0,0.0,0.0,0.0,0.0,0.0,0.0,0.0,0.16642911833049076,0.10633104950304807
3155.0,160.0,324.0,3495.0,3341.0,0.0,21.0,3.0603275299072266,23.367464065551758,0.9548163911905284,0.0,0.0,0.0,0.0,0.0,0.0,0.0,0.0,0.14985101391109276,0.07290119060336529
3155.0,127.0,311.0,3159.0,146.0,0.0,62.0,3.07657527923584,15.037686347961426,0.9526574937387684,1.0,0.6931471805599453,0.02944743356224628,0.0,0.0,0.0,0.0,0.0,0.24310595474799926,0.153407168816725
3155.0,127.0,336.0,1077.0,3155.0,0.0,19.0,1.1972770690917969,21.445049285888672,0.6689532653367314,6.0,1.9459101490553132,0.410167678003819,0.22752044988180642,0.0,0.0,0.11376022494090321,0.0,0.0732850783895685,0.04636437610585605
3155.0,127.0,71.0,4723.0,956.0,0.0,4.0,2.7387495040893555,17.507184982299805,0.9384524033144586,0.0,0.0,0.0,0.0,0.0,0.0,0.0,0.0,0.1987042886652498,0.1136880053596086
3155.0,127.0,349.0,2290.0,2100.0,1.0,1.0,0.1811046600341797,17.57755470275879,0.3493354734721019,7.0,2.0794415416798357,0.5858370854182298,0.4179949955685477,0.0,0.0,0.20899749778427384,0.0,0.040511034734711106,0.032816863860742736
3155.0,127.0,246.0,6559.0,5092.0,0.0,85.0,11.806151390075684,26.666051864624023,0.9999918651401071,1.0,0.6931471805599453,0.8042490800314893,0.0,0.0,0.0,0.0,0.0,0.335529048439009,0.11297464640202937
3155.0,38.0,21.0,46.0,4805.0,0.0,353.0,0.8475551605224609,13.603928565979004,0.6970018696515956,0.0,0.0,0.0,0.0,0.0,0.0,0.0,0.0,0.1246281822417195,0.08088714268761568
3155.0,159.0,167.0,3155.0,6785.0,0.0,128.0,4.220849990844727,17.22426986694336,0.9851127831735577,0.0,0.0,0.0,0.0,0.0,0.0,0.0,0.0,0.2570959865096579,0.1465763263290305
3155.0,55.0,148.0,3155.0,2617.0,0.0,4.0,11.033868789672852,18.32143211364746,0.9999715919404252,0.0,0.0,0.0,0.0,0.0,0.0,0.0,0.0,0.4542234054436064,0.24936211698645025
3155.0,55.0,49.0,3155.0,2290.0,0.0,8.0,8.752496719360352,19.254060745239258,0.9998194018569625,0.0,0.0,0.0,0.0,0.0,0.0,0.0,0.0,0.36355913316817756,0.19210013652033264
3155.0,56.0,186.0,3155.0,3159.0,0.0,2.0,3.6613664627075195,13.33270263671875,0.9531654994923547,0.0,0.0,0.0,0.0,0.0,0.0,0.0,0.0,0.2825186721818639,0.17921549005117787
3155.0,53.0,342.0,3159.0,1077.0,1.0,1.0,0.5043125152587891,19.050907135009766,0.5895690327048617,5.0,1.791759469228055,0.4267397988666503,0.0049019724486043526,0.0,0.0,0.0024509862243021763,0.0,0.0660548303457444,0.037280162068673656
3155.0,53.0,189.0,1115.0,6293.0,0.0,46.0,2.778606414794922,12.156270027160645,0.8300175251008065,0.0,0.0,0.0,0.0,0.0,0.0,0.0,0.0,0.2204721740701159,0.14393355048746803
3155.0,53.0,109.0,3155.0,956.0,0.0,6.0,4.548525810241699,15.48386001586914,0.9881231052345565,0.0,0.0,0.0,0.0,0.0,0.0,0.0,0.0,0.2924402703299994,0.1746343860384807
3155.0,53.0,144.0,5036.0,3155.0,0.0,9.0,0.5964746475219727,15.388161659240723,0.6152445893825763,0.0,0.0,0.0,0.0,0.0,0.0,0.0,0.0,0.09034467112718034,0.056601548498503976
3155.0,53.0,254.0,929.0,1077.0,0.0,2.0,16.609388828277588,24.271249771118164,0.9999999230426598,0.0,0.0,0.0,0.0,0.0,0.0,0.0,0.0,0.5348219213336808,0.25478897038309756
3155.0,53.0,112.0,3159.0,2083.0,0.0,4.0,11.523760795593262,23.27219581604004,0.9999815624322893,1.0,0.6931471805599453,0.7578582832551991,0.0,0.0,0.0,0.0,0.0,0.38324853766624956,0.1481485940486762
3155.0,53.0,59.0,5556.0,2457.0,0.0,4.0,2.689708709716797,16.891468048095703,0.936053834200712,0.0,0.0,0.0,0.0,0.0,0.0,0.0,0.0,0.20387546856517932,0.11863979262632336
3155.0,53.0,166.0,3155.0,3411.0,0.0,7.0,8.452638626098633,21.343358993530273,0.999782333450431,0.0,0.0,0.0,0.0,0.0,0.0,0.0,0.0,0.3204208474523814,0.15860170567600662
3155.0,53.0,84.0,146.0,3159.0,0.0,10.0,6.676177978515625,24.294065475463867,0.9987344537294954,1.0,0.6931471805599453,1.0,0.0,0.0,0.0,0.0,0.0,0.23002611538468185,0.07881381706694553
3155.0,53.0,223.0,3495.0,5092.0,0.0,3.0,6.667150497436523,24.998600006103516,0.998435985216529,5.0,1.791759469228055,0.2929185427091149,0.500474823341105,0.0,0.0,0.2502374116705525,0.0,0.2207829536086222,0.14531786908336405
3155.0,53.0,153.0,1077.0,6410.0,0.0,9.0,6.573080062866211,16.667224884033203,0.9974197369224088,3.0,1.3862943611198906,0.3234082913657485,0.44830959196523135,0.0,0.0,0.22415479598261567,0.0,0.3378004734059114,0.25516055225291656
3155.0,53.0,2.0,956.0,2695.0,0.0,4.0,0.34608983993530273,7.919600963592529,0.5538890682175516,0.0,0.0,0.0,0.0,0.0,0.0,0.0,0.0,0.12450682191522965,0.094103205983269
3155.0,53.0,67.0,3159.0,3262.0,0.0,8.0,13.359428405761719,20.56756019592285,0.99999684186696,0.0,0.0,0.0,0.0,0.0,0.0,0.0,0.0,0.4920618741055552,0.25589154449343066
3155.0,130.0,141.0,4319.0,6785.0,0.0,199.0,0.9362125396728516,10.399834632873535,0.6398534802309978,0.0,0.0,0.0,0.0,0.0,0.0,0.0,0.0,0.1366892251514197,0.09589289360359689
3155.0,130.0,167.0,2266.0,3159.0,0.0,2.0,1.8443546295166016,9.531516075134277,0.7064776358234747,0.0,0.0,0.0,0.0,0.0,0.0,0.0,0.0,0.18289076875499408,0.12874513165639495
3155.0,174.0,292.0,6504.0,5092.0,0.0,106.0,0.0056667327880859375,6.7872161865234375,0.43383012971434004,1.0,0.6931471805599453,0.5100008047105996,0.0,0.0,0.0,0.0,0.0,0.09941309526805601,0.06913436897461153
3155.0,174.0,274.0,3159.0,3566.0,0.0,10.0,1.4705700874328613,7.526042938232422,0.7303364259570564,9.0,2.302585092994046,0.9423178739918808,0.5448712746495268,0.6632089751453697,0.3659037337054918,0.6040401248974483,1.0,0.20673164042915138,0.4431789669494089
3155.0,207.0,155.0,3155.0,711.0,0.0,7.0,3.1272315979003906,12.240726470947266,0.9225993565453171,0.0,0.0,0.0,0.0,0.0,0.0,0.0,0.0,0.2691747457080314,0.17598912871857064
3155.0,207.0,56.0,3495.0,3155.0,0.0,12.0,3.092806816101074,11.4797945022583,0.9155703517608702,0.0,0.0,0.0,0.0,0.0,0.0,0.0,0.0,0.2758151583585429,0.18383842443722287
3155.0,207.0,184.0,3159.0,3155.0,0.0,10.0,1.2020187377929688,24.698400497436523,0.7688635284426288,11.0,2.4849066497880004,0.6864101813026526,0.694034994537891,0.7304250950925407,0.4044371309279784,0.7122300448152159,1.0,0.07368340767372468,0.17742132803915617
3155.0,207.0,259.0,733.0,956.0,0.0,26.0,0.021529674530029297,7.609776973724365,0.40652169919258185,0.0,0.0,0.0,0.0,0.0,0.0,0.0,0.0,0.08891374925168297,0.06889236072620604
3155.0,167.0,212.0,2290.0,3159.0,0.0,2.0,9.800869941711426,19.261587142944336,0.9999367894832135,0.0,0.0,0.0,0.0,0.0,0.0,0.0,0.0,0.3968827146008865,0.21008931903730588
3155.0,155.0,353.0,3159.0,3262.0,0.0,2.0,4.759934902191162,10.713977813720703,0.9910079677502781,2.0,1.0986122886681098,0.8534795977333005,0.02805989843826162,0.0,0.0,0.01402994921913081,0.0,0.376905588937283,0.21843523277367807
3155.0,131.0,176.0,4702.0,6293.0,0.0,410.0,4.462367534637451,10.947773933410645,0.9865594707127856,0.0,0.0,0.0,0.0,0.0,0.0,0.0,0.0,0.3611030681949055,0.24384315780756027
3155.0,172.0,246.0,956.0,246.0,0.0,1476.0,4.258162498474121,12.971022605895996,0.9823534370351944,0.0,0.0,0.0,0.0,0.0,0.0,0.0,0.0,0.3197763213793333,0.20475469506131183
3155.0,162.0,193.0,2290.0,956.0,0.0,8.0,1.8889379501342773,9.075380325317383,0.7268679902195793,1.0,0.6931471805599453,0.6095068271022377,0.0,0.0,0.0,0.0,0.0,0.1964390177671399,0.12036096377409622
3155.0,158.0,327.0,1077.0,3159.0,0.0,10.0,1.2201910018920898,11.19845199584961,0.6189316451128544,1.0,0.6931471805599453,1.0,0.0,1.0,0.27942929906231395,0.5,1.0,0.12865529589995192,0.18928674020170788
3155.0,128.0,120.0,4723.0,929.0,0.0,49.0,3.7859859466552734,11.25160026550293,0.9511944420760646,0.0,0.0,0.0,0.0,0.0,0.0,0.0,0.0,0.3166439958641881,0.2118910233762113
3155.0,190.0,260.0,509.0,3162.0,0.0,72.0,0.144866943359375,4.043499946594238,0.1448633342276512,0.0,0.0,0.0,0.0,0.0,0.0,0.0,0.0,0.0640082231834644,0.055070795288203515
3155.0,115.0,273.0,3159.0,2278.0,1.0,1.0,8.142667770385742,22.51346206665039,0.9996911065814593,3.0,1.3862943611198906,0.018673586562038092,0.3997690786078514,0.0,0.0,0.1998845393039257,0.0,0.29345175208160246,0.20002650782843248
3155.0,115.0,287.0,3159.0,2290.0,0.0,26.0,6.560127258300781,20.34395980834961,0.9970964201047504,3.0,1.3862943611198906,0.01415193225412354,0.39976907860785127,0.0,0.0,0.19988453930392563,0.0,0.28053170042637665,0.20546289905479592
3155.0,173.0,182.0,2100.0,5736.0,0.0,3.0,0.9655437469482422,9.55811595916748,0.5361646465261405,0.0,0.0,0.0,0.0,0.0,0.0,0.0,0.0,0.11629348218978801,0.08354757235970875
3155.0,163.0,174.0,3155.0,1077.0,0.0,3.0,10.926291465759277,22.979732513427734,0.9999816777520579,0.0,0.0,0.0,0.0,0.0,0.0,0.0,0.0,0.3692613452848782,0.17372790159430168
7067.0,160.0,93.0,2277.0,2266.0,0.0,10.0,0.9705309867858887,6.1710638999938965,0.5900643020465914,1.0,0.6931471805599453,0.5306065116666864,0.0,0.0,0.0,0.0,0.0,0.1608055780837414,0.1099880023324677
7067.0,160.0,321.0,2713.0,46.0,0.0,563.0,0.22754836082458496,2.7679834365844727,0.26270280234323745,0.0,0.0,0.0,0.0,0.0,0.0,0.0,0.0,0.09152713170392257,0.07985298912788931
244.0,160.0,168.0,1445.0,1147.0,0.0,13.0,4.3608927726745605,8.992118835449219,0.980769295456346,0.0,0.0,0.0,0.0,0.0,0.0,0.0,0.0,0.3877766027368004,0.27517105529778707
244.0,222.0,75.0,1148.0,4265.0,0.0,4.0,8.245588302612305,14.926525115966797,0.9994508821342992,0.0,0.0,0.0,0.0,0.0,0.0,0.0,0.0,0.42163332685282123,0.2539961430434016
244.0,222.0,146.0,1183.0,1148.0,0.0,13.0,0.7385101318359375,14.334328651428223,0.6762189767790493,0.0,0.0,0.0,0.0,0.0,0.0,0.0,0.0,0.11234450578749576,0.07181816136421121
244.0,222.0,360.0,150.0,1751.0,1.0,1.0,0.8621788024902344,8.67789363861084,0.5449456384082184,6.0,1.9459101490553132,0.9611657480580811,0.17731628884062778,0.0,0.0,0.08865814442031389,0.0,0.12378132397474967,0.08610972138503947
244.0,222.0,201.0,6795.0,4473.0,0.0,3.0,0.16251182556152344,7.245683670043945,0.5291145837577261,0.0,0.0,0.0,0.0,0.0,0.0,0.0,0.0,0.12066441521607926,0.09313914641566022
244.0,12.0,234.0,5455.0,244.0,0.0,1066.0,3.009284019470215,8.20802116394043,0.9310535748008605,0.0,0.0,0.0,0.0,0.0,0.0,0.0,0.0,0.3312727999488973,0.24026365751945036
244.0,12.0,147.0,244.0,5455.0,0.0,13.0,4.378691911697388,7.256999969482422,0.96831161872846,0.0,0.0,0.0,0.0,0.0,0.0,0.0,0.0,0.4112834846138458,0.30390070092245103
244.0,215.0,288.0,6635.0,4304.0,0.0,274.0,1.9979324340820312,4.143046855926514,0.6839524863508244,0.0,0.0,0.0,0.0,0.0,0.0,0.0,0.0,0.2422674951149698,0.19295790419800257
3233.0,160.0,217.0,2427.0,1148.0,0.0,12.0,5.0614235401153564,9.042277336120605,0.9916861433559723,3.0,1.3862943611198906,0.4528618321319533,0.33584759989774904,1.0,0.9466878634598124,0.6679237999488745,1.0,0.41598391271881563,0.755046977681949
3233.0,123.0,271.0,1148.0,6979.0,1.0,1.0,0.27542591094970703,6.836516857147217,0.4731631733178622,0.0,0.0,0.0,0.0,0.0,0.0,0.0,0.0,0.11144312295343131,0.0869487903614471
3233.0,115.0,177.0,1148.0,2427.0,1.0,1.0,5.813575267791748,10.049447059631348,0.9959568067255662,0.0,0.0,0.0,0.0,0.0,0.0,0.0,0.0,0.42550469333066676,0.2932925657739828
1550.0,53.0,271.0,3338.0,965.0,0.0,1.0,1.0580711364746094,9.155648231506348,0.728953542812544,1.0,0.6931471805599453,1.0,0.0,1.0,0.3333333333331111,0.5,1.0,0.1791935861355219,0.27295075387276724
1550.0,110.0,225.0,2336.0,6284.0,0.0,5.0,0.49130570888519287,1.1396441459655762,0.07561419963256681,0.0,0.0,0.0,0.0,0.0,0.0,0.0,0.0,0.06962993983610972,0.06390207975770203
4482.0,222.0,363.0,1188.0,5498.0,1.0,1.0,4.6603193283081055,8.996200561523438,0.9847019012368772,4.0,1.6094379124341003,0.2706097479346942,0.011938864516662706,0.9880611354833373,0.8769932042119709,0.5,1.0,0.3996305413269796,0.6945898863257907
4482.0,53.0,119.0,2562.0,5498.0,0.0,1.0,0.9818301200866699,6.820550918579102,0.7254361621500225,1.0,0.6931471805599453,1.0,0.0,1.0,0.4100676231118788,0.5,1.0,0.20236950610800028,0.3307188292553128
4482.0,61.0,136.0,1188.0,2562.0,1.0,1.0,0.2691475749015808,1.0028748512268066,0.239389537556427,0.0,0.0,0.0,0.0,0.0,0.0,0.0,0.0,0.09815522609581637,0.08917229263921113
4482.0,156.0,278.0,1188.0,4482.0,1.0,1.0,5.135303497314453,7.191141128540039,0.9809431098507126,0.0,0.0,0.0,0.0,0.0,0.0,0.0,0.0,0.4449334897682866,0.3290103165657058
6635.0,207.0,331.0,4415.0,3411.0,0.0,3.0,0.32720088958740234,10.52966022491455,0.4451207308338555,1.0,0.6931471805599453,0.07926661300791155,0.0,0.0,0.0,0.0,0.0,0.08286615760841087,0.06062034335519816
6635.0,207.0,296.0,3262.0,1077.0,0.0,2.0,0.48148202896118164,6.903763294219971,0.5052995718386768,0.0,0.0,0.0,0.0,0.0,0.0,0.0,0.0,0.12178239522671062,0.09423939398172466
6635.0,38.0,246.0,6635.0,1176.0,0.0,53.0,2.936753273010254,12.740289688110352,0.9216170644381616,0.0,0.0,0.0,0.0,0.0,0.0,0.0,0.0,0.25671746916095806,0.16600004769192833
6635.0,38.0,125.0,4293.0,1150.0,0.0,6.0,3.769497871398926,9.131987571716309,0.9492401618789299,0.0,0.0,0.0,0.0,0.0,0.0,0.0,0.0,0.3491624429949397,0.24659173690634312
6635.0,38.0,96.0,1176.0,4904.0,1.0,1.0,16.41622829437256,27.89217758178711,0.9999999232007241,7.0,2.0794415416798357,0.820335356007638,0.7171748136331204,0.6381450888901791,0.45522107512830756,0.6776599512616497,1.0,0.4628820186138667,0.5699074126661969
6635.0,38.0,36.0,1176.0,4716.0,0.0,6.0,18.46110200881958,24.47530174255371,0.9999999803902287,2.0,1.0986122886681098,0.5520447568369061,0.0,1.0,0.04455445727202025,0.5,1.0,0.5926892268144361,0.4940162513734963
6635.0,38.0,173.0,1176.0,3657.0,0.0,19.0,10.931216716766357,16.57592010498047,0.9999734072190166,22.0,3.1354942159291497,1.0,0.7805865675475144,0.8202297937911034,0.6709872573783432,0.8004081806693089,1.0,0.4822261715335805,0.744722523205517
6635.0,38.0,215.0,1176.0,4904.0,1.0,1.0,1.2253999710083008,10.905574798583984,0.7611945884453867,41.0,3.7376696182833684,0.9803906099397734,0.7906174394376178,0.9597357997956849,0.8999716520960268,0.8751766196166513,1.0,0.1753464870920939,0.579915276631963
6635.0,169.0,197.0,1077.0,2278.0,0.0,18.0,7.29119873046875,22.1521053314209,0.9992508802632201,1.0,0.6931471805599453,0.03809417669388987,0.0,0.0,0.0,0.0,0.0,0.2751402791620047,0.13771216977673117
6635.0,169.0,314.0,1176.0,146.0,0.0,24.0,3.3371124267578125,13.695717811584473,0.9604648930046341,1.0,0.6931471805599453,0.024639945191111665,0.0,0.0,0.0,0.0,0.0,0.27199300664128,0.17766416869241958
6635.0,127.0,289.0,3262.0,925.0,0.0,2.0,1.6651296615600586,14.87523078918457,0.8397695154245368,0.0,0.0,0.0,0.0,0.0,0.0,0.0,0.0,0.16983380543496845,0.10521093619545784
6635.0,115.0,355.0,1077.0,3262.0,0.0,5.0,1.5101394653320312,10.993820190429688,0.7717774360789079,4.0,1.6094379124341003,0.9423178739918808,0.21845507647570905,0.0,0.0,0.10922753823785453,0.0,0.18383305560585386,0.12090921838209646
6635.0,115.0,177.0,6635.0,3262.0,0.0,4.0,2.7626218795776367,16.743410110473633,0.9320136150873496,0.0,0.0,0.0,0.0,0.0,0.0,0.0,0.0,0.20564082171834086,0.11998848439233041
6635.0,142.0,264.0,5565.0,5196.0,0.0,8.0,7.306070804595947,10.6190824508667,0.9981517737392883,2.0,1.0986122886681098,0.9057236642639067,0.4752649511825976,0.5247350488174024,0.13103912758185612,0.5,1.0,0.4664553451955142,0.5838812442532922
6635.0,142.0,196.0,6045.0,1176.0,1.0,1.0,1.3016772270202637,7.728856563568115,0.5939946582446648,0.0,0.0,0.0,0.0,0.0,0.0,0.0,0.0,0.15306206447586457,0.11376872581371292
6635.0,142.0,135.0,4847.0,2241.0,0.0,2.0,3.1494741439819336,10.402644157409668,0.9248900894045151,0.0,0.0,0.0,0.0,0.0,0.0,0.0,0.0,0.2979214645852621,0.20420158524849752
6635.0,156.0,147.0,1176.0,3262.0,0.0,60.0,0.694249153137207,10.354812622070312,0.5447456213312736,4.0,1.6094379124341003,0.6864101813026526,0.10516465145076381,0.8948353485492362,0.6314225656250214,0.5,1.0,0.10893277140806247,0.2607160078932667
6635.0,18.0,10.0,6635.0,4805.0,0.0,9.0,11.635601997375488,21.745052337646484,0.9999806791298703,0.0,0.0,0.0,0.0,0.0,0.0,0.0,0.0,0.4133573931818821,0.20340558451036336
6635.0,208.0,162.0,6635.0,1176.0,0.0,2.0,13.835569381713867,21.59190559387207,0.9999988366229512,0.0,0.0,0.0,0.0,0.0,0.0,0.0,0.0,0.4896177005940308,0.24705321888854231
6635.0,53.0,313.0,3922.0,4805.0,0.0,5.0,1.4285483360290527,9.42600154876709,0.7268669670796392,2.0,1.0986122886681098,0.2929185427091149,0.17018221667611666,0.0,0.0,0.08509110833805833,0.0,0.18297318144190347,0.14372018685042756
6635.0,53.0,355.0,6332.0,2340.0,0.0,13.0,2.2943997383117676,9.110008239746094,0.8970416267619141,0.0,0.0,0.0,0.0,0.0,0.0,0.0,0.0,0.2796210076479846,0.1991851266764142
6635.0,155.0,357.0,6635.0,925.0,0.0,2.0,7.610609531402588,13.716607093811035,0.9988651156316103,0.0,0.0,0.0,0.0,0.0,0.0,0.0,0.0,0.42171459546677476,0.2628791504003008
6635.0,160.0,163.0,5678.0,925.0,0.0,9.0,0.2233104705810547,8.314385414123535,0.4083422052890845,1.0,0.6931471805599453,0.07618835338777971,0.0,0.0,0.0,0.0,0.0,0.08735914967692905,0.06773901205285582
6635.0,126.0,43.0,6635.0,3137.0,0.0,27.0,2.454394817352295,8.448619842529297,0.8027207913460268,0.0,0.0,0.0,0.0,0.0,0.0,0.0,0.0,0.24897208228320433,0.17875955407642538
1445.0,38.0,218.0,1160.0,4277.0,1.0,1.0,13.847310185432434,12.662566184997559,0.9999979922368475,9.0,2.302585092994046,0.410167678003819,0.4241096363519221,0.9838678027685462,0.8936245545619114,0.7039887195602341,1.0,0.6471433637198818,0.8638326179688189
1445.0,38.0,155.0,1160.0,1167.0,1.0,1.0,6.958187580108643,4.995940685272217,0.9985446494754391,7.0,2.0794415416798357,0.4439814878222891,0.5696303283416786,0.9619622006936254,0.7660741060090163,0.7657962645176519,1.0,0.5564161869663634,0.8598398172082969
1445.0,38.0,33.0,1160.0,5196.0,1.0,1.0,2.3925323486328125,5.099517345428467,0.9030666084485772,1.0,0.6931471805599453,0.8705505632961241,0.0,1.0,0.9999999999988514,0.5,1.0,0.3479164741743506,0.6409495219753221
5454.0,38.0,106.0,497.0,3463.0,0.0,2339.0,1.8228198289871216,2.8778772354125977,0.6491711490542975,0.0,0.0,0.0,0.0,0.0,0.0,0.0,0.0,0.23936255776098234,0.19663654955970283
5454.0,169.0,305.0,3211.0,5187.0,0.0,884.0,0.45730239152908325,1.0008944272994995,0.24701599782424247,0.0,0.0,0.0,0.0,0.0,0.0,0.0,0.0,0.1021157985966086,0.0922795781103366
151.0,90.0,53.0,4418.0,150.0,0.0,5.0,1.6401586532592773,9.684144020080566,0.8000890076325475,0.0,0.0,0.0,0.0,0.0,0.0,0.0,0.0,0.2124907243651253,0.1497742308733616
151.0,90.0,324.0,2604.0,146.0,1.0,1.0,0.4099578857421875,4.682999134063721,0.2950157315777842,0.0,0.0,0.0,0.0,0.0,0.0,0.0,0.0,0.08856785509573359,0.073453114368181
151.0,155.0,90.0,150.0,6293.0,0.0,3.0,3.925236701965332,8.958943367004395,0.9534601134776547,0.0,0.0,0.0,0.0,0.0,0.0,0.0,0.0,0.35916947748655115,0.25463729572534066
151.0,160.0,132.0,497.0,2460.0,0.0,3724.0,0.01816844940185547,6.375977516174316,0.36037854762258326,0.0,0.0,0.0,0.0,0.0,0.0,0.0,0.0,0.0871224089989982,0.06973864729679119
151.0,185.0,21.0,1121.0,776.0,0.0,5183.0,5.612360000610352,12.304855346679688,0.9951826049123579,0.0,0.0,0.0,0.0,0.0,0.0,0.0,0.0,0.3792882615028656,0.2462559893292778
6925.0,53.0,63.0,3341.0,4702.0,1.0,1.0,3.6466269493103027,9.950201988220215,0.9533893978154838,2.0,1.0986122886681098,0.5412194958693883,0.0,1.0,0.1619700924974473,0.5,1.0,0.3343505353859717,0.4447944769953698
6925.0,53.0,30.0,1760.0,1128.0,1.0,1.0,3.9224114418029785,7.269073963165283,0.9786346956064207,0.0,0.0,0.0,0.0,0.0,0.0,0.0,0.0,0.40218929641219936,0.298280499911649
6925.0,156.0,22.0,2713.0,537.0,0.0,4.0,1.8279023170471191,5.551091194152832,0.7110979102049897,0.0,0.0,0.0,0.0,0.0,0.0,0.0,0.0,0.2315099060599078,0.17911136093846552
6925.0,156.0,87.0,885.0,2686.0,0.0,4.0,0.7319773435592651,1.5823465585708618,0.3347320524526342,0.0,0.0,0.0,0.0,0.0,0.0,0.0,0.0,0.12265401996923632,0.10779942539896319
6925.0,127.0,48.0,359.0,537.0,0.0,2.0,7.399430274963379,10.616180419921875,0.9970588967848615,1.0,0.6931471805599453,0.9611657480580811,0.0,0.0,0.0,0.0,0.0,0.4689944609118,0.25706098212721756
284.0,53.0,145.0,2266.0,1755.0,0.0,2939.0,4.250343084335327,7.500286102294922,0.9557177042018399,0.0,0.0,0.0,0.0,0.0,0.0,0.0,0.0,0.39556618006419425,0.2902016598584447
284.0,53.0,233.0,6332.0,2266.0,0.0,3.0,1.1691880226135254,8.665467262268066,0.7357567740874645,0.0,0.0,0.0,0.0,0.0,0.0,0.0,0.0,0.1892459833623242,0.13761285304783705
284.0,53.0,27.0,1077.0,2527.0,1.0,1.0,5.790921688079834,13.011786460876465,0.9969312886361605,0.0,0.0,0.0,0.0,0.0,0.0,0.0,0.0,0.37392975682839974,0.23808175885451538
284.0,169.0,57.0,3341.0,927.0,0.0,2957.0,0.06732869148254395,1.2186707258224487,0.306270386131175,0.0,0.0,0.0,0.0,0.0,0.0,0.0,0.0,0.10913118744484329,0.09845996780748124
284.0,160.0,350.0,1152.0,3290.0,0.0,307.0,8.369044780731201,10.939905166625977,0.9994271851961584,0.0,0.0,0.0,0.0,0.0,0.0,0.0,0.0,0.4972952569453464,0.3356776938223973
5661.0,86.0,77.0,5441.0,18.0,1.0,1.0,11.018749713897705,13.534708023071289,0.9999799271524483,14.0,2.70805020110221,0.9611657480580811,0.7474947848501635,1.0,0.8412981939345545,0.8737473924250818,1.0,0.5401382065882345,0.8198104825507012
5661.0,86.0,16.0,5441.0,1145.0,1.0,1.0,11.827391386032104,15.310301780700684,0.9999873034515485,3.0,1.3862943611198906,0.7730166686334901,0.0,1.0,0.40308941983511487,0.5,1.0,0.5353654270066012,0.5979586682680916
5661.0,86.0,64.0,5441.0,18.0,1.0,1.0,5.054199934005737,7.602649211883545,0.9925362277185804,11.0,2.4849066497880004,0.9423178739918808,0.6140311246761341,1.0,0.7629010656729192,0.807015562338067,1.0,0.44176900310514894,0.7749824932836706
5661.0,86.0,149.0,5441.0,18.0,1.0,1.0,8.059152603149414,10.142439842224121,0.9996577709077059,24.0,3.2188758248682006,0.8705505632961241,0.7380230462151272,0.8636551235336705,0.68812133706964,0.8008390848743988,1.0,0.5013932169995088,0.8053911196823217
5661.0,86.0,348.0,5441.0,18.0,1.0,1.0,7.138017654418945,17.34132957458496,0.9992059425442523,46.0,3.8501476017100584,0.9423178739918808,0.7296556736776558,0.9941567994750162,0.9877251164913115,0.861906236576336,1.0,0.34496840722225197,0.7184327697507583
5661.0,170.0,185.0,5441.0,6410.0,1.0,1.0,9.252294659614563,10.624616622924805,0.9997959098185083,29.0,3.4011973816621555,0.9803906099397734,0.6097370053111957,0.9732322640223253,0.9438956755861039,0.7914846346667606,1.0,0.5330296321767414,0.8345092657203
5661.0,170.0,26.0,5441.0,6410.0,1.0,1.0,2.9261252880096436,5.991092681884766,0.9215295356010109,8.0,2.1972245773362196,0.9803906099397734,0.6843869817964523,0.9999999999999999,0.9999999999998375,0.842193490898226,1.0,0.35982415177877414,0.774346110972629
5661.0,170.0,223.0,5441.0,2300.0,1.0,1.0,3.7690682411193848,7.958950996398926,0.9725308214455437,30.0,3.4339872044851463,0.9238395952400507,0.7172946152844355,0.9807996471198582,0.9594349693370849,0.8490471312021468,1.0,0.3818422620020603,0.79424086873135
5661.0,170.0,20.0,5441.0,5158.0,1.0,1.0,11.839673519134521,16.273571014404297,0.9999838033513628,6.0,1.9459101490553132,0.9238395952400507,0.5480800786047539,1.0,0.9999999999997891,0.774040039302377,1.0,0.5183948952423777,0.7810687087978792
359.0,115.0,129.0,567.0,711.0,0.0,5.0,0.46620941162109375,10.992820739746094,0.6103435404203688,0.0,0.0,0.0,0.0,0.0,0.0,0.0,0.0,0.11705216779967721,0.08182419438983003
359.0,115.0,220.0,711.0,2300.0,1.0,1.0,2.423832893371582,10.75635051727295,0.8407733520763657,4.0,1.6094379124341003,0.10459292292411289,0.5423054718397793,0.0,0.0,0.27115273591988964,0.0,0.2344027003295581,0.2439441999070292
359.0,115.0,233.0,711.0,359.0,1.0,1.0,3.0866661071777344,14.584447860717773,0.9534227986173466,4.0,1.6094379124341003,0.08085207284143715,0.5423054718397791,0.0,0.0,0.27115273591988953,0.0,0.24979526203143398,0.23823413946358046
359.0,156.0,282.0,1139.0,3262.0,0.0,167.0,9.498686790466309,18.938899993896484,0.9999230613469396,2.0,1.0986122886681098,0.8705505632961241,0.36941820241499035,0.6305817975850097,0.125888194675663,0.5,1.0,0.3926950313796138,0.4317265270433025
359.0,155.0,124.0,711.0,3159.0,1.0,1.0,3.5163888931274414,9.327710151672363,0.8948256098814007,0.0,0.0,0.0,0.0,0.0,0.0,0.0,0.0,0.30954886968848644,0.2165067073883362
359.0,155.0,121.0,711.0,7038.0,1.0,1.0,3.396575927734375,11.659516334533691,0.926798299093315,0.0,0.0,0.0,0.0,0.0,0.0,0.0,0.0,0.2869583763496891,0.1900466513741405
359.0,103.0,173.0,2713.0,5036.0,0.0,5.0,2.559992790222168,11.278019905090332,0.8242562846135743,0.0,0.0,0.0,0.0,0.0,0.0,0.0,0.0,0.22395363255355827,0.1498919485370937
359.0,103.0,183.0,1139.0,711.0,0.0,4.0,3.8814687728881836,14.34061050415039,0.9773115596104521,0.0,0.0,0.0,0.0,0.0,0.0,0.0,0.0,0.2855630757517882,0.17656635667445067
359.0,127.0,185.0,5036.0,3155.0,0.0,12.0,1.8893465995788574,9.17402172088623,0.7370131037890627,0.0,0.0,0.0,0.0,0.0,0.0,0.0,0.0,0.1991936566715828,0.14138680773057508
359.0,53.0,57.0,359.0,711.0,0.0,1355.0,1.4952869415283203,13.826400756835938,0.790904977731567,0.0,0.0,0.0,0.0,0.0,0.0,0.0,0.0,0.1608955954649389,0.10254687074006814
359.0,53.0,265.0,711.0,6293.0,0.0,81.0,1.7280988693237305,12.987434387207031,0.8239215017862362,19.0,2.995732273553991,0.26530325583334324,0.6708806788389197,0.0,0.0,0.33544033941945983,0.0,0.18545631851371183,0.21302696229469345
359.0,53.0,347.0,359.0,2300.0,0.0,3.0,12.704440116882324,22.108386993408203,0.999996871047637,0.0,0.0,0.0,0.0,0.0,0.0,0.0,0.0,0.44229306932215745,0.21666613646884278
359.0,53.0,289.0,711.0,2300.0,0.0,2.0,0.6883993148803711,13.987826347351074,0.6628980498340796,19.0,2.995732273553991,0.16493848884661177,0.6708806788389198,0.0,0.0,0.3354403394194599,0.0,0.1109769342024001,0.13676070897573323
359.0,56.0,37.0,711.0,1139.0,0.0,132.0,1.5686054229736328,8.654454231262207,0.7004303007530207,0.0,0.0,0.0,0.0,0.0,0.0,0.0,0.0,0.1846372213335407,0.13337457995083724
359.0,160.0,49.0,537.0,733.0,0.0,22.0,0.12995624542236328,9.890387535095215,0.4908502085093499,0.0,0.0,0.0,0.0,0.0,0.0,0.0,0.0,0.09328032571741975,0.0679066888781208
359.0,160.0,130.0,711.0,1077.0,0.0,22.0,3.368922233581543,12.474370002746582,0.954331269874917,1.0,0.6931471805599453,0.836743383392903,0.0,0.0,0.0,0.0,0.0,0.28769786008017123,0.15148702113679574
359.0,110.0,292.0,359.0,2300.0,0.0,197.0,1.0844202041625977,8.987977027893066,0.5491462733056787,0.0,0.0,0.0,0.0,0.0,0.0,0.0,0.0,0.12571606163037352,0.09126127316190959
359.0,90.0,227.0,711.0,3155.0,0.0,7.0,0.5155391693115234,7.221658229827881,0.5104568809435269,15.0,2.772588722239781,0.8705505632961241,0.6904536353622072,0.5535690841013061,0.2200731231244741,0.6220113597317567,1.0,0.12114394184148246,0.3164437318809861
359.0,61.0,194.0,711.0,3341.0,0.0,2284.0,0.32613134384155273,7.8399434089660645,0.5581303681240712,0.0,0.0,0.0,0.0,0.0,0.0,0.0,0.0,0.12596255408616383,0.09539833905849496
455.0,224.0,272.0,5177.0,1496.0,0.0,15.0,4.368244171142578,5.399755001068115,0.9702982773627855,0.0,0.0,0.0,0.0,0.0,0.0,0.0,0.0,0.4450160282471454,0.3435236235946777
4783.0,222.0,33.0,1161.0,1873.0,1.0,1.0,2.1922287940979004,5.269195079803467,0.7910852419510671,0.0,0.0,0.0,0.0,0.0,0.0,0.0,0.0,0.28142510480065347,0.2184113544406024
4783.0,222.0,180.0,1161.0,4587.0,1.0,1.0,12.018894672393799,17.579729080200195,0.9999849448162104,2.0,1.0986122886681098,0.5306065116666864,0.38805466953545376,0.6119453304645462,0.17443908878249564,0.5,1.0,0.5008211655824162,0.5754893153683298
4783.0,156.0,117.0,2694.0,1161.0,0.0,9.0,1.2435531616210938,6.296739101409912,0.6799931437636335,0.0,0.0,0.0,0.0,0.0,0.0,0.0,0.0,0.19659055023858493,0.15097457555932128
4783.0,56.0,204.0,1161.0,5182.0,1.0,1.0,4.313729286193848,12.05384349822998,0.9629832167470271,0.0,0.0,0.0,0.0,0.0,0.0,0.0,0.0,0.325730286703551,0.21298912561412398
1013.0,6.0,229.0,2442.0,1873.0,1.0,1.0,6.563693523406982,12.97671890258789,0.9963222095966887,1.0,0.6931471805599453,0.9057236642639067,0.0,1.0,0.7698325504668294,0.5,1.0,0.3989494736789435,0.5669502355189082
1013.0,53.0,247.0,4383.0,1161.0,0.0,33.0,1.8214011192321777,8.972881317138672,0.8489199920448592,0.0,0.0,0.0,0.0,0.0,0.0,0.0,0.0,0.24669500849061163,0.1768075741810366
1013.0,160.0,47.0,2442.0,2694.0,0.0,754.0,6.614628314971924,12.300528526306152,0.9965594107366683,2.0,1.0986122886681098,0.6597539553864471,0.37869166929822606,0.6213083307017739,0.09900903282568477,0.5,1.0,0.41255036573366527,0.52566095918671
1013.0,227.0,146.0,122.0,4233.0,0.0,3.0,0.33837413787841797,4.402775287628174,0.18968067413740167,0.0,0.0,0.0,0.0,0.0,0.0,0.0,0.0,0.07080083785307337,0.05983286177791196
1013.0,156.0,107.0,1873.0,3345.0,0.0,1554.0,10.167340278625488,14.427006721496582,0.9998925650081383,0.0,0.0,0.0,0.0,0.0,0.0,0.0,0.0,0.49524460991426617,0.3052554037231705
150.0,53.0,306.0,2100.0,2798.0,0.0,3.0,2.015958786010742,10.271259307861328,0.8380837397223236,0.0,0.0,0.0,0.0,0.0,0.0,0.0,0.0,0.2296794052879496,0.15894438820434625
150.0,162.0,33.0,150.0,6785.0,0.0,26.0,1.6705198287963867,10.280803680419922,0.8225813330231899,0.0,0.0,0.0,0.0,0.0,0.0,0.0,0.0,0.21502945586548697,0.14941066375831255
150.0,155.0,132.0,6785.0,6504.0,0.0,2.0,5.901861190795898,12.119149208068848,0.993518105892085,0.0,0.0,0.0,0.0,0.0,0.0,0.0,0.0,0.3907892743069586,0.25471598288362013
150.0,155.0,33.0,2083.0,6504.0,1.0,1.0,5.744721412658691,17.711801528930664,0.9965285260581161,5.0,1.791759469228055,0.9803906099397734,0.36546381676896755,0.8299138564894225,0.4885667464503684,0.597688836629195,1.0,0.2967384863615813,0.45071888906266555
150.0,156.0,304.0,244.0,6411.0,0.0,5154.0,2.515842914581299,8.051775932312012,0.901404129769381,1.0,0.6931471805599453,0.3170664520316462,0.0,0.0,0.0,0.0,0.0,0.3037976294658309,0.21064551812065563
150.0,160.0,86.0,6504.0,6785.0,0.0,7108.0,14.71401309967041,22.934524536132812,0.9999995851024519,0.0,0.0,0.0,0.0,0.0,0.0,0.0,0.0,0.49500802032225283,0.24073568618484553
246.0,160.0,4.0,3155.0,4702.0,1.0,1.0,8.379619359970093,11.091035842895508,0.9996281241742987,1.0,0.6931471805599453,0.9803906099397734,0.0,1.0,0.99999999999898,0.5,1.0,0.49503851508833385,0.6957462268096902
246.0,160.0,176.0,3155.0,956.0,1.0,1.0,7.116594314575195,12.77408504486084,0.9983507654314516,18.0,2.9444389791664403,0.9803906099397734,0.7872813822119757,0.8461667192067526,0.7223405105928885,0.8167240507093642,1.0,0.4217646082758304,0.7447738709593
246.0,160.0,313.0,711.0,5046.0,0.0,22.5,0.5264859199523926,7.283121109008789,0.5033722763445546,0.0,0.0,0.0,0.0,0.0,0.0,0.0,0.0,0.11902640244120401,0.09122320842576165
246.0,160.0,117.0,3155.0,5924.0,1.0,1.0,2.7400755882263184,8.5372896194458,0.9134311554034626,13.0,2.6390573296152584,0.9057236642639067,0.8013612128333787,0.7357060511567052,0.55771036000015,0.768533631995042,1.0,0.3089288556997309,0.6597012235430684
246.0,160.0,292.0,3155.0,6785.0,0.0,418.0,5.963169097900391,14.041153907775879,0.9958538500692109,25.0,3.258096538021482,0.7578582832551991,0.5492855192486199,0.8883091976621461,0.7883559645824881,0.7187973584553831,1.0,0.3614154944502376,0.6887891728710364
246.0,160.0,161.0,3155.0,4319.0,1.0,1.0,16.281493186950684,21.76421356201172,0.9999998158680948,16.0,2.833213344056216,0.8042490800314893,0.7859551812592124,0.7460367097356725,0.5796010974848884,0.7659959454974424,1.0,0.5687328434052973,0.7512598402939589
246.0,145.0,319.0,1077.0,2290.0,0.0,5.0,2.4483089447021484,6.812804698944092,0.8056350292778901,0.0,0.0,0.0,0.0,0.0,0.0,0.0,0.0,0.2729959771577639,0.20387678634204442
246.0,191.0,31.0,6785.0,711.0,0.0,355.0,1.2311244010925293,5.543415069580078,0.6025154237360705,0.0,0.0,0.0,0.0,0.0,0.0,0.0,0.0,0.17630683714976017,0.1380157942780171
246.0,53.0,49.0,4723.0,6785.0,1.0,1.0,1.9588236808776855,7.069658279418945,0.8160988947029042,0.0,0.0,0.0,0.0,0.0,0.0,0.0,0.0,0.2613361327811531,0.19534908815832314
714.0,160.0,69.0,1389.0,2278.0,0.0,13.0,1.0274004936218262,2.676299810409546,0.5349220366901986,0.0,0.0,0.0,0.0,0.0,0.0,0.0,0.0,0.1788119498447291,0.1502628839856299
714.0,53.0,8.0,323.0,2299.0,1.0,1.0,6.479754567146301,7.706809997558594,0.9956059866857909,0.0,0.0,0.0,0.0,0.0,0.0,0.0,0.0,0.48965299397201545,0.3578926412278081
4302.0,53.0,335.0,6293.0,4302.0,1.0,1.0,0.3017458915710449,4.590047359466553,0.35379311637204036,0.0,0.0,0.0,0.0,0.0,0.0,0.0,0.0,0.09997339092574012,0.08284812076081093
4302.0,53.0,351.0,4702.0,5036.0,1.0,1.0,2.243035316467285,11.345817565917969,0.9032764834965539,1.0,0.6931471805599453,0.39423912305778674,0.0,0.0,0.0,0.0,0.0,0.24971573807723452,0.1558269819453692
4302.0,90.0,309.0,3987.0,5441.0,0.0,13.0,0.2442658543586731,1.2023218870162964,0.24272971800525633,0.0,0.0,0.0,0.0,0.0,0.0,0.0,0.0,0.09729509110243893,0.08802665052158555
4302.0,127.0,349.0,3155.0,2266.0,1.0,1.0,6.788593292236328,10.607309341430664,0.9971454395026474,2.0,1.0986122886681098,0.9803906099397734,0.0,1.0,0.4143604772834113,0.5,1.0,0.4487020653915169,0.5529815331321785
4302.0,142.0,22.0,3380.0,2278.0,0.0,2.0,0.028267383575439453,4.960861682891846,0.4619558210666784,0.0,0.0,0.0,0.0,0.0,0.0,0.0,0.0,0.1191279957575566,0.0976279115506046
1297.0,224.0,194.0,1077.0,6407.0,0.0,3.0,3.5881272554397583,4.811783790588379,0.9344862419168639,0.0,0.0,0.0,0.0,0.0,0.0,0.0,0.0,0.40853475407632617,0.31946055667700507
5423.0,150.0,326.0,1121.0,1464.0,1.0,1.0,13.991156578063965,20.518247604370117,0.9999989696933745,79.0,4.382026634673881,0.8879629756445782,0.784468349791847,0.815763547818321,0.6728172935632759,0.800115948805084,1.0,0.5143036137781543,0.7611526734146464
5423.0,150.0,341.0,1121.0,5423.0,1.0,1.0,17.83759880065918,24.08114242553711,0.9999999741657206,79.0,4.382026634673881,0.6597539553864471,0.784468349791847,0.721385127476294,0.5467071512693581,0.7529267386340706,1.0,0.5791613437561249,0.7654494597364895
5423.0,150.0,7.0,1121.0,1464.0,0.0,3.0,16.756388664245605,31.192476272583008,0.9999999471359365,3.0,1.3862943611198906,0.9803906099397734,0.0,1.0,0.4880407277054917,0.5,1.0,0.41539979679557865,0.3553412399154773
5423.0,150.0,225.0,1121.0,6994.0,1.0,1.0,10.056244850158691,24.17539405822754,0.9999570434924558,54.0,4.007333185232471,0.9803906099397734,0.7854638051087645,0.8141883152848535,0.686500497037869,0.799826060196809,1.0,0.32308303358086804,0.5835893326715359
5423.0,150.0,125.0,1121.0,1464.0,1.0,1.0,15.599296569824219,24.083589553833008,0.9999998092486466,28.0,3.367295829986474,0.9803906099397734,0.8470050938781384,0.6466371864541302,0.47671703040547675,0.7468211401661342,1.0,0.5041334480465914,0.673468944317487
5423.0,150.0,143.0,1121.0,1464.0,1.0,1.0,19.27404546737671,26.762474060058594,0.999999995587405,32.0,3.4965075614664802,0.9611657480580811,0.7965758472647896,0.6275773266151624,0.4422621357793577,0.712076586939976,1.0,0.5791829446554232,0.6904228806871144
5423.0,150.0,168.0,1121.0,1464.0,1.0,1.0,10.1186842918396,16.51105308532715,0.9999552993395232,40.0,3.713572066704308,0.9611657480580811,0.6999246206941544,0.669659466693453,0.4975505180474251,0.6847920436938038,1.0,0.4560319513144989,0.6887997679110682
5423.0,51.0,210.0,1121.0,1464.0,1.0,1.0,4.313844203948975,10.505550384521484,0.9768906617153978,4.0,1.6094379124341003,0.7884782461155736,0.28973340889608623,0.7102665911039138,0.05218477026197673,0.5,1.0,0.35848578075033166,0.4696140994415942
5423.0,51.0,281.0,1121.0,1464.0,0.0,2.0,9.644213676452637,19.071455001831055,0.9999309062215829,10.0,2.3978952727983707,1.0,0.5366525405351412,0.8147331842796531,0.6320309205408404,0.6756928624073972,1.0,0.39510577133965774,0.5988978524232001
5423.0,51.0,161.0,6994.0,1121.0,0.0,4.0,0.9084491729736328,9.250333786010742,0.6895165058427464,0.0,0.0,0.0,0.0,0.0,0.0,0.0,0.0,0.1619308541274015,0.1166996287359328
5423.0,51.0,170.0,1121.0,1464.0,1.0,1.0,10.797900199890137,15.479843139648438,0.9999740089134651,3.0,1.3862943611198906,0.4901953049698867,0.3098111137700317,0.6901888862299683,0.11556168271442084,0.5,1.0,0.49755106622577705,0.5770740056525235
5423.0,229.0,88.0,1121.0,1464.0,1.0,1.0,3.506432294845581,7.038330078125,0.9537679318061422,4.0,1.6094379124341003,0.4183716916964515,0.21806458515367033,1.0,0.7998347706382607,0.6090322925768352,1.0,0.37852695341608483,0.7041363832498971
5423.0,229.0,312.0,6994.0,1121.0,0.0,2.0,7.0982935428619385,9.40723705291748,0.9990063244428556,0.0,0.0,0.0,0.0,0.0,0.0,0.0,0.0,0.4818381889565986,0.337778191922747
5423.0,229.0,317.0,1121.0,1183.0,1.0,1.0,4.242217063903809,15.807453155517578,0.9779076458229407,11.0,2.4849066497880004,0.6216979445974911,0.5836122003649536,0.41638779963504635,0.22168863863961547,0.5,1.0,0.2742795938858001,0.4551602479637961
5423.0,38.0,135.0,1121.0,1150.0,0.0,3.0,10.484245300292969,18.775943756103516,0.9999667048616371,49.0,3.912023005428146,0.9423178739918808,0.8234449737650472,0.896413626307165,0.7821720990755141,0.8599293000361061,1.0,0.42779652554914216,0.7389877589172602
5423.0,38.0,95.0,1121.0,6994.0,0.0,1.0,13.616151809692383,25.152442932128906,0.9999985542933201,31.0,3.4657359027997265,0.9238395952400507,0.7443267771333497,0.8669688036954906,0.7345872770476881,0.8056477904144201,1.0,0.41849056614249536,0.6516239846078722
5423.0,38.0,324.0,1121.0,6994.0,1.0,1.0,15.77033805847168,30.77646255493164,0.9999998584099289,110.0,4.709530201312334,0.9057236642639067,0.8578886656838097,0.6185614376636387,0.4146606869659694,0.7382250516737242,1.0,0.39057792937206187,0.5441136303099281
5423.0,38.0,173.0,1121.0,6994.0,1.0,1.0,8.259296417236328,20.929460525512695,0.9997390811944595,60.0,4.110873864173311,0.9238395952400507,0.8781363242155928,0.8787616856091084,0.7743314578235181,0.8784490049123506,1.0,0.3212315821182961,0.6573525381598586
5423.0,38.0,225.0,1121.0,6994.0,1.0,1.0,5.761591911315918,20.919008255004883,0.9968601524376745,74.0,4.31748811353631,0.9803906099397734,0.7447328884694826,0.803396696016531,0.6637613147503901,0.7740647922430068,1.0,0.25124388492780103,0.5369952943780032
5423.0,38.0,329.0,1121.0,1464.0,0.0,1.0,16.68777847290039,28.416479110717773,0.9999999431767742,113.0,4.736198448394496,1.0,0.8791094167550152,0.6861879180762535,0.4793107799217357,0.7826486674156343,1.0,0.4625727550266444,0.6359716440770982
5423.0,38.0,149.0,1121.0,1464.0,1.0,1.0,13.740015983581543,23.9343204498291,0.999998576480071,52.0,3.970291913552122,0.8705505632961241,0.8508465914328989,0.9124903943723971,0.812815232287038,0.8816684929026479,1.0,0.4442235847059921,0.7271335986819513
5423.0,38.0,9.0,1121.0,6994.0,1.0,1.0,18.77810573577881,29.417396545410156,0.9999999903318679,8.0,2.1972245773362196,0.9803906099397734,0.2682324753634142,1.0,0.773629037084496,0.6341162376817071,1.0,0.5150356818870278,0.5805382565917586
5423.0,38.0,337.0,1121.0,1464.0,0.0,3.0,11.646105766296387,23.95527458190918,0.9999904359654296,117.0,4.770684624465665,0.9803906099397734,0.8240217765103843,0.7371217752192357,0.5529888054983992,0.7805717758648101,1.0,0.3755047358824065,0.6186447818965051
5423.0,38.0,42.0,1121.0,6994.0,0.0,1.0,11.744617462158203,30.3858699798584,0.999992035998056,15.0,2.772588722239781,1.0,0.7051304755681813,0.8625959404427674,0.7116221102302217,0.7838632080054744,1.0,0.2766971011299067,0.448048200573193
5423.0,38.0,259.0,1121.0,1464.0,1.0,1.0,8.175731658935547,13.69680404663086,0.9995335426165427,82.0,4.418840607796598,0.9803906099397734,0.8554144785816445,0.8368274885554162,0.7184586797196715,0.8461209835685304,1.0,0.441200925109853,0.7789311566516058
5423.0,38.0,197.0,1121.0,1464.0,0.0,3.0,5.814488410949707,10.052300453186035,0.9918367251820451,65.0,4.189654742026425,0.8705505632961241,0.8751906437226861,0.7692166291763913,0.5785353150370165,0.8222036364495386,1.0,0.42305939639007706,0.7754640718959507
5423.0,38.0,355.0,1121.0,6994.0,1.0,1.0,4.129482269287109,22.781776428222656,0.9841618511480821,123.0,4.820281565605037,0.9611657480580811,0.8090205005855918,0.7275795723026727,0.5306241672171769,0.7683000364441323,1.0,0.1857134390930369,0.4329674641162434
5423.0,38.0,217.0,1121.0,6994.0,1.0,1.0,7.795694351196289,28.098691940307617,0.9995886657453837,71.0,4.276666119016055,0.9611657480580811,0.687399982216945,0.8537635972007042,0.7105955475108592,0.7705817897088245,1.0,0.20912809777732744,0.42408723766760126
5423.0,38.0,301.0,1121.0,6994.0,0.0,205.0,7.256707191467285,15.156079292297363,0.9990245612248508,102.0,4.634728988229636,0.9803906099397734,0.8519317285327581,0.6834271117077771,0.5032851949639838,0.7676794201202677,1.0,0.3852281199372794,0.6922383990776998
5423.0,222.0,21.0,3686.0,6994.0,0.0,44.0,4.9495720863342285,9.138284683227539,0.988617305332525,0.0,0.0,0.0,0.0,0.0,0.0,0.0,0.0,0.4088432052925366,0.2887267825184915
5423.0,222.0,225.0,1121.0,6994.0,1.0,1.0,3.5323781967163086,15.993696212768555,0.9713741501822204,14.0,2.70805020110221,0.7141434062641757,0.7888735883736305,0.7899883377530258,0.6410560706090399,0.7894309630633282,1.0,0.25007471197843567,0.577991380821703
5423.0,222.0,149.0,1121.0,6994.0,1.0,1.0,15.160846710205078,27.770830154418945,0.999999739508142,9.0,2.302585092994046,0.7730166686334901,0.59215992195111,0.8187925620332762,0.6235976729100735,0.7054762419921932,1.0,0.42319060010704057,0.5685165218335629
5423.0,151.0,344.0,1121.0,6994.0,1.0,1.0,1.116645336151123,6.884019374847412,0.7417396547725404,3.0,1.3862943611198906,0.20918584584822575,0.4454737836599205,0.9203770809359275,0.567669420137694,0.682925432297924,1.0,0.21104574501949894,0.5429439467517492
5423.0,156.0,51.0,1121.0,1464.0,1.0,1.0,4.850349426269531,10.00436019897461,0.9880584553215437,10.0,2.3978952727983707,0.9238395952400507,0.7120915333094965,1.0,0.9999999999998426,0.8560457666547483,1.0,0.3902617155699639,0.7798440546016563
5423.0,156.0,330.0,1121.0,6994.0,1.0,1.0,1.3566579818725586,13.27999210357666,0.7928605302000375,66.0,4.204692619390966,0.7730166686334901,0.7608264537804621,0.9628968281983574,0.9247879958945693,0.8618616409894098,1.0,0.16437193400672015,0.5718245568697479
5423.0,156.0,27.0,1464.0,1121.0,0.0,2.0,1.3292503356933594,12.363470077514648,0.7898718507785816,0.0,0.0,0.0,0.0,0.0,0.0,0.0,0.0,0.17213007973061403,0.11411648413891803
5423.0,156.0,155.0,1121.0,1464.0,1.0,1.0,8.949445724487305,17.119413375854492,0.9998443694353767,33.0,3.5263605246161616,0.9611657480580811,0.7854761195247923,1.0,0.9999999999999104,0.8927380597623962,1.0,0.40643563942480915,0.7651727716722626
5423.0,156.0,174.0,1121.0,3686.0,1.0,1.0,5.853989601135254,12.438599586486816,0.9962950925864561,36.0,3.6109179126442243,0.9423178739918808,0.8221689215999701,1.0,0.9999999999999029,0.9110844607999851,1.0,0.38534932360476776,0.791296962317775
5423.0,127.0,4.0,1121.0,3686.0,1.0,1.0,4.138790130615234,9.49972915649414,0.9787055309428553,0.0,0.0,0.0,0.0,0.0,0.0,0.0,0.0,0.3708858387359729,0.26006281850251783
5423.0,127.0,268.0,1121.0,6994.0,0.0,4.0,2.4009196758270264,5.44335412979126,0.8974988765949056,13.0,2.6390573296152584,0.9423178739918808,0.6156097774183954,0.9858777681032501,0.9669156460573791,0.8007437727608228,1.0,0.3395310207565398,0.756217665333785
5423.0,127.0,321.0,1121.0,2798.0,1.0,1.0,3.0140628814697266,13.45991039276123,0.9503726586893212,16.0,2.833213344056216,0.9238395952400507,0.7167942755884542,0.7369216374099656,0.5786941756254449,0.7268579564992099,1.0,0.2620274934494994,0.5646769517832234
5423.0,202.0,140.0,1121.0,6994.0,1.0,1.0,5.871570587158203,16.305376052856445,0.9968384417621783,6.0,1.9459101490553132,0.5306065116666864,0.6520491765779826,0.6599775993449671,0.4002104541996815,0.6560133879614749,1.0,0.3223135279341444,0.5622867930558542
5423.0,202.0,84.0,1121.0,6994.0,1.0,1.0,0.6751003265380859,11.061922073364258,0.6545238027942564,5.0,1.791759469228055,0.9057236642639067,0.49423784059501663,1.0,0.999999999999718,0.7471189202975084,1.0,0.13113606779485604,0.4353740910421898
5423.0,6.0,190.0,1121.0,6994.0,1.0,1.0,1.014481544494629,16.187152862548828,0.7338901006575962,27.0,3.332204510175204,0.820335356007638,0.8494630136224192,0.5289080437165535,0.2895832787350999,0.6891855286694863,1.0,0.11661558626578258,0.30563540454502
5423.0,6.0,132.0,1121.0,6994.0,1.0,1.0,9.186369895935059,21.7242488861084,0.9998730770933474,20.0,3.044522437723423,0.8042490800314893,0.78483990051628,0.8329476213597256,0.7014363351929133,0.8088937609380028,1.0,0.33626262447075667,0.6197164211540142
5423.0,6.0,226.0,1121.0,3686.0,1.0,1.0,3.965740203857422,15.77982234954834,0.981096697570465,34.0,3.5553480614894135,0.9803906099397734,0.8120608214365931,0.8424198488992468,0.6888010664828046,0.82724033516792,1.0,0.26880145516406967,0.60864935114766
5423.0,6.0,14.0,1121.0,6994.0,1.0,1.0,2.0072364807128906,11.474145889282227,0.8776861544175354,3.0,1.3862943611198906,0.9611657480580811,0.2967738630303448,0.7032261369696552,0.46091248161438375,0.5,1.0,0.2309487860365688,0.40053721230977324
5423.0,160.0,184.0,4172.0,1121.0,0.0,6430.0,1.9963293075561523,4.062983512878418,0.8729077017766926,0.0,0.0,0.0,0.0,0.0,0.0,0.0,0.0,0.33639396590729687,0.2699273759589494
5423.0,160.0,69.0,1121.0,1145.0,0.0,34.0,7.933035850524902,16.10388946533203,0.9996276395294406,0.0,0.0,0.0,0.0,0.0,0.0,0.0,0.0,0.39099282848048955,0.22736579298959214
5423.0,24.0,307.0,1121.0,3686.0,1.0,1.0,6.247523784637451,13.930924415588379,0.997178882026118,4.0,1.6094379124341003,0.6729500963161781,0.09914808521561691,1.0,0.9999999999986614,0.5495740426078084,1.0,0.37294394761611716,0.6419349327887108
5423.0,102.0,20.0,5423.0,6994.0,0.0,4.0,0.19951725006103516,4.193199157714844,0.4251068519816443,0.0,0.0,0.0,0.0,0.0,0.0,0.0,0.0,0.11807625599845312,0.0983622617374047
5423.0,205.0,329.0,1121.0,6994.0,1.0,1.0,1.1966090202331543,5.689497947692871,0.7551403191298104,3.0,1.3862943611198906,0.410167678003819,0.24481650031112023,0.7551834996888798,0.53503825738585,0.5,1.0,0.2334283925506569,0.5051443827045667
5423.0,107.0,5.0,776.0,2906.0,0.0,10.0,2.444996953010559,4.0456223487854,0.8464461590974366,0.0,0.0,0.0,0.0,0.0,0.0,0.0,0.0,0.3359824109324682,0.26792327230701596
5423.0,46.0,342.0,1121.0,6994.0,0.0,4.0,3.158123016357422,9.139609336853027,0.9213833010289811,2.0,1.0986122886681098,0.836743383392903,0.1816631959098426,1.0,0.9999999999990219,0.5908315979549212,1.0,0.3158183595973553,0.6247499663020114
5423.0,61.0,155.0,1121.0,1464.0,1.0,1.0,2.715045928955078,12.326847076416016,0.9337227688647645,4.0,1.6094379124341003,0.836743383392903,0.16068874558257418,1.0,0.9999999999994736,0.5803443727912871,1.0,0.2623144907902307,0.5512168832025257
5423.0,159.0,113.0,1121.0,1464.0,0.0,2.0,9.30702829360962,15.361599922180176,0.999892928596308,0.0,0.0,0.0,0.0,0.0,0.0,0.0,0.0,0.44942416992246653,0.2681233947360927
4979.0,156.0,274.0,4294.0,3191.0,0.0,2695.0,1.2175689935684204,-1.706023097038269,0.258451626172433,0.0,0.0,0.0,0.0,0.0,0.0,0.0,0.0,0.13615283248178114,0.12791714890398756
2103.0,127.0,256.0,2100.0,920.0,0.0,4.0,0.7322673797607422,7.940324783325195,0.6184104569206126,1.0,0.6931471805599453,0.008974205898414338,0.0,0.0,0.0,0.0,0.0,0.14877437851695002,0.11602217603914107
2103.0,127.0,303.0,382.0,7038.0,0.0,14.0,0.7052230834960938,6.283865451812744,0.42340572272521987,1.0,0.6931471805599453,0.009336793281019053,0.0,0.0,0.0,0.0,0.0,0.10930501004031629,0.08970317993068366
2103.0,53.0,279.0,2103.0,4565.0,0.0,4.0,13.259825229644775,17.27100372314453,0.9999942602660412,0.0,0.0,0.0,0.0,0.0,0.0,0.0,0.0,0.5482078878563296,0.31808705790897357
2103.0,53.0,24.0,7038.0,1161.0,0.0,3.0,6.554513931274414,14.952260971069336,0.9975477459661577,0.0,0.0,0.0,0.0,0.0,0.0,0.0,0.0,0.3655964209126761,0.22000464377022272
2103.0,155.0,74.0,3155.0,920.0,1.0,1.0,5.14430046081543,13.291019439697266,0.9940563239563119,2.0,1.0986122886681098,0.9803906099397734,0.41181296823779734,0.5881870317622027,0.15030889695750446,0.5,1.0,0.3475193266050773,0.4483100578556929
2103.0,56.0,256.0,4302.0,680.0,0.0,19.0,0.5945572853088379,3.8773269653320312,0.44188312925365947,0.0,0.0,0.0,0.0,0.0,0.0,0.0,0.0,0.13078072511977082,0.10862187833312979
2103.0,6.0,249.0,2103.0,4302.0,0.0,1084.0,3.960885167121887,5.664071083068848,0.9702748016680837,0.0,0.0,0.0,0.0,0.0,0.0,0.0,0.0,0.4267566601151305,0.3281215139132061
3171.0,53.0,234.0,4030.0,6313.0,1.0,1.0,1.8854663372039795,5.7921576499938965,0.8618850059473964,1.0,0.6931471805599453,0.07618835338777971,0.0,0.0,0.0,0.0,0.0,0.3002429564838954,0.23615977690023465
3171.0,156.0,345.0,5219.0,2974.0,0.0,2.0,3.4670566618442535,3.0796375274658203,0.8467596250808423,0.0,0.0,0.0,0.0,0.0,0.0,0.0,0.0,0.3840537549662108,0.30952435512650633
3171.0,155.0,300.0,1077.0,2695.0,1.0,1.0,3.6702983379364014,5.878871440887451,0.9577288986934259,0.0,0.0,0.0,0.0,0.0,0.0,0.0,0.0,0.4060870833491277,0.3106934592031482
4261.0,224.0,311.0,4364.0,1509.0,0.0,48.0,0.0965120792388916,3.2444262504577637,0.3560653026072502,0.0,0.0,0.0,0.0,0.0,0.0,0.0,0.0,0.10694110261960797,0.09176023002010142
4261.0,208.0,304.0,1434.0,2545.0,0.0,8.0,4.1808671951293945,10.968276023864746,0.9539953979721925,0.0,0.0,0.0,0.0,0.0,0.0,0.0,0.0,0.3343470828688719,0.2248324835155645
1148.0,6.0,313.0,2427.0,5455.0,0.0,1.0,2.266824722290039,21.663331985473633,0.906057139018082,25.0,3.258096538021482,1.0,0.6524792479996513,0.5491744338825205,0.26327601170917764,0.600826840941086,1.0,0.1373866098570362,0.2547256303785782
1148.0,6.0,104.0,5455.0,2427.0,0.0,14.0,3.597576141357422,15.444478034973145,0.9725874349778656,6.0,1.9459101490553132,0.5743491774985175,0.6573414522510965,0.0,0.0,0.32867072612554826,0.0,0.25985662102841406,0.2303192672849779
1148.0,6.0,167.0,1148.0,2427.0,0.0,2.0,11.17174482345581,18.673307418823242,0.9999817518175704,0.0,0.0,0.0,0.0,0.0,0.0,0.0,0.0,0.4525358943057371,0.24584768735229132
1148.0,6.0,204.0,5455.0,2427.0,0.0,19.0,11.02612018585205,18.681913375854492,0.9999782034340197,18.0,2.9444389791664403,0.8879629756445782,0.7914671787003553,0.709557934367415,0.5420752508738715,0.7505125565338852,1.0,0.4475066621707722,0.6851861937780858
1148.0,6.0,251.0,2427.0,6795.0,0.0,5.0,4.7894134521484375,16.863773345947266,0.9844048836587543,17.0,2.8903717578961645,0.9057236642639067,0.7031451178929017,0.0,0.0,0.35157255894645084,0.0,0.276907397559634,0.23132722609627732
1148.0,56.0,41.0,2427.0,5455.0,0.0,1.0,4.372258186340332,13.425952911376953,0.9871058271596089,2.0,1.0986122886681098,1.0,0.37404337003779076,0.6259566299622092,0.34782250723134717,0.5,1.0,0.3184599345573662,0.45616141205427174
1148.0,56.0,349.0,2427.0,3706.0,1.0,1.0,2.450667381286621,12.033958435058594,0.9020747864057815,7.0,2.0794415416798357,0.5100008047105996,0.6529385305771408,0.6873172751169302,0.4578892103496443,0.6701279028470355,1.0,0.2451272469708327,0.5379814812726869
1148.0,56.0,308.0,6795.0,2427.0,0.0,2.0,1.7087163925170898,16.726526260375977,0.7959000568397777,2.0,1.0986122886681098,0.06375010058882494,0.08498197269000096,0.0,0.0,0.04249098634500048,0.0,0.13935619525149967,0.09246815691564636
1148.0,56.0,27.0,5455.0,6794.0,0.0,3.0,9.94922161102295,23.39846420288086,0.9998736045500902,0.0,0.0,0.0,0.0,0.0,0.0,0.0,0.0,0.3322419008855189,0.15386568844779855
1148.0,208.0,102.0,5455.0,6795.0,0.0,3.0,4.186839580535889,8.841283798217773,0.9737285439117237,0.0,0.0,0.0,0.0,0.0,0.0,0.0,0.0,0.3807784978525492,0.2711602544294082
1148.0,208.0,128.0,1148.0,6795.0,0.0,6.0,2.344493865966797,11.418757438659668,0.8637986982526135,0.0,0.0,0.0,0.0,0.0,0.0,0.0,0.0,0.23382866622444884,0.15677954088254512
1148.0,191.0,133.0,1148.0,6795.0,0.0,40.0,1.0230083465576172,11.299753189086914,0.7245694680986657,0.0,0.0,0.0,0.0,0.0,0.0,0.0,0.0,0.15546687584658245,0.10636069791658855
1148.0,156.0,75.0,2427.0,5455.0,0.0,11.0,6.997368335723877,14.579425811767578,0.9988274800901821,11.0,2.4849066497880004,0.8042490800314893,0.629221902685327,0.8221949229276203,0.6660281804618203,0.7257084128064737,1.0,0.3866999160370841,0.6749812804817104
1148.0,156.0,212.0,2427.0,5455.0,0.0,2.0,4.573488235473633,13.855620384216309,0.9869257900311255,25.0,3.258096538021482,0.9423178739918808,0.5814249110401539,0.8121081534238024,0.6058763071559692,0.6967665322319782,1.0,0.3175200214311261,0.6047100762288549
1148.0,156.0,266.0,1148.0,2427.0,0.0,9.0,2.369978904724121,13.22368049621582,0.9044404644779601,0.0,0.0,0.0,0.0,0.0,0.0,0.0,0.0,0.2286212684622392,0.1467559677257267
1148.0,156.0,187.0,6795.0,2547.0,1.0,45.5,0.41978931427001953,14.906806945800781,0.5982453405915603,8.0,2.1972245773362196,0.8705505632961241,0.4733301403205771,0.0,0.0,0.23666507016028854,0.0,0.08790927114008776,0.06995926871151512
1148.0,156.0,273.0,2427.0,6979.0,1.0,1.0,2.9362564086914062,20.809383392333984,0.9491289566910562,35.0,3.58351893845611,0.9803906099397734,0.7784750507228935,0.9126001170191709,0.7880020818608205,0.8455375838710322,1.0,0.17064655221693026,0.4635472464486029
1148.0,115.0,230.0,5455.0,6795.0,0.0,8.0,7.043781280517578,17.86834716796875,0.9982539028250985,1.0,0.6931471805599453,0.14938869249630476,0.0,0.0,0.0,0.0,0.0,0.3330505752613219,0.18333581088730452
1148.0,224.0,307.0,5455.0,6407.0,0.0,10.0,12.529557704925537,18.728002548217773,0.99999067950514,14.0,2.70805020110221,0.9611657480580811,0.4996645503650049,0.9291135850428737,0.8114071744631252,0.7143890677039393,1.0,0.4973022974654124,0.7175888125505246
1148.0,224.0,306.0,5455.0,2547.0,1.0,1.0,3.197575569152832,7.19959020614624,0.8616194336902131,14.0,2.70805020110221,0.9803906099397734,0.4996645503650049,0.9291135850428736,0.8114071744631309,0.7143890677039393,1.0,0.3162029774314887,0.6712783339998085
1148.0,61.0,278.0,2427.0,2547.0,0.0,13.0,7.554684638977051,18.049776077270508,0.9989671263435069,13.0,2.6390573296152584,0.7730166686334901,0.4481282305258598,0.0,0.0,0.2240641152629299,0.0,0.3459789233773376,0.23748775950538334
1148.0,61.0,341.0,1148.0,6795.0,0.0,7.0,9.183712005615234,25.349061965942383,0.9998913826230972,0.0,0.0,0.0,0.0,0.0,0.0,0.0,0.0,0.28034836082475184,0.12202325779454701
1148.0,121.0,278.0,6795.0,5455.0,0.0,16.0,5.4465742111206055,7.01253080368042,0.9779832273942727,1.0,0.6931471805599453,1.0,0.0,1.0,0.9999999999989999,0.5,1.0,0.45678797131373144,0.6998449860102132
1148.0,123.0,83.0,5455.0,1148.0,0.0,93.0,0.7326030731201172,17.642166137695312,0.6711572528294316,2.0,1.0986122886681098,0.2871745887492588,0.0,1.0,0.9999999999981556,0.5,1.0,0.08952195990746341,0.25322450826493376
1148.0,189.0,203.0,3706.0,6644.0,0.0,137.0,0.4062826633453369,3.0212509632110596,0.3249962029183595,0.0,0.0,0.0,0.0,0.0,0.0,0.0,0.0,0.10534481842486892,0.0904483747476428
1148.0,49.0,21.0,5455.0,1148.0,0.0,214.0,1.3077626824378967,0.5731719136238098,0.4404474390845456,0.0,0.0,0.0,0.0,0.0,0.0,0.0,0.0,0.173374663899926,0.15247124228427025
1148.0,229.0,155.0,6795.0,1148.0,0.0,3.0,0.23965120315551758,5.9458818435668945,0.352557647756985,0.0,0.0,0.0,0.0,0.0,0.0,0.0,0.0,0.09054071555008224,0.0728637320424408
1148.0,176.0,260.0,2427.0,4501.0,0.0,9.0,7.509639263153076,12.480034828186035,0.9977839732654703,0.0,0.0,0.0,0.0,0.0,0.0,0.0,0.0,0.43967745552012366,0.28374163593968027
1148.0,42.0,320.0,6795.0,5455.0,0.0,13.0,0.1908245086669922,8.707653045654297,0.3107951621125688,0.0,0.0,0.0,0.0,0.0,0.0,0.0,0.0,0.06822848335531087,0.05176949987896245
1148.0,127.0,19.0,2427.0,6411.0,0.0,5.0,1.2139697074890137,6.965270519256592,0.5196859112999584,0.0,0.0,0.0,0.0,0.0,0.0,0.0,0.0,0.13629451955261984,0.10362211125656945
920.0,162.0,286.0,6293.0,4702.0,0.0,10.0,8.847914695739746,17.937734603881836,0.9997990604618813,8.0,2.1972245773362196,0.07618835338777971,0.6048676683670269,0.0,0.0,0.30243383418351344,0.0,0.38893284791003246,0.34011661451118613
920.0,162.0,159.0,3155.0,6293.0,0.0,2.0,1.1743106842041016,12.457197189331055,0.6094251287425366,0.0,0.0,0.0,0.0,0.0,0.0,0.0,0.0,0.11576712098786912,0.07698096413673922
920.0,156.0,195.0,6293.0,733.0,0.0,229.0,10.54171371459961,19.515399932861328,0.9999540388475427,0.0,0.0,0.0,0.0,0.0,0.0,0.0,0.0,0.4166254019890376,0.21940244771850625
920.0,127.0,134.0,6293.0,5037.0,0.0,43.0,11.302742004394531,23.334280014038086,0.999975088565959,8.0,2.1972245773362196,0.4805828740290406,0.7702573664612906,0.0,0.0,0.3851286832306453,0.0,0.3751525961268842,0.2837054016507182
920.0,127.0,266.0,6293.0,1077.0,1.0,1.0,5.902950286865234,22.103404998779297,0.9969648511790168,10.0,2.3978952727983707,0.9803906099397734,0.21757192367128564,0.7824280763287144,0.110948668791956,0.5,1.0,0.2389632738242242,0.265008047386708
920.0,127.0,335.0,733.0,6293.0,0.0,2.0,3.141075611114502,10.221341133117676,0.899411718932929,3.0,1.3862943611198906,0.6864101813026526,0.09799237207726919,0.0,0.0,0.04899618603863459,0.0,0.2876925495817738,0.1871735432533906
920.0,127.0,288.0,1077.0,4702.0,0.0,12.0,10.369599342346191,22.65791130065918,0.9999645529534203,2.0,1.0986122886681098,0.12500000000000003,0.0566686136044704,0.0,0.0,0.0283343068022352,0.0,0.3572328994724106,0.1815960955014282
920.0,127.0,40.0,6293.0,146.0,0.0,9.0,2.6126461029052734,13.806611061096191,0.9209788018685263,2.0,1.0986122886681098,0.5858370854182298,0.46539803861923645,0.0,0.0,0.23269901930961823,0.0,0.234036790797369,0.1825909223367846
920.0,155.0,222.0,146.0,2290.0,1.0,1.0,3.446165084838867,17.537630081176758,0.9684939741667379,11.0,2.4849066497880004,0.9803906099397734,0.6328365553362282,0.8078592561161964,0.557691781485253,0.7203479057262123,1.0,0.22642902927661168,0.45960890487014827
920.0,155.0,47.0,6410.0,1077.0,0.0,2.0,7.0793352127075195,21.292903900146484,0.9991484299734759,3.0,1.3862943611198906,0.9611657480580811,0.0,1.0,0.18573898654979226,0.5,1.0,0.2818335826466201,0.2795245004447929
920.0,155.0,89.0,6293.0,2290.0,0.0,2.0,7.436138153076172,16.260005950927734,0.9993701634880616,0.0,0.0,0.0,0.0,0.0,0.0,0.0,0.0,0.3723275564449208,0.2154994064909553
920.0,155.0,44.0,5036.0,1077.0,0.0,2.0,1.3335227966308594,14.223527908325195,0.7355532192890633,0.0,0.0,0.0,0.0,0.0,0.0,0.0,0.0,0.1375754339564658,0.08705693789793646
920.0,155.0,315.0,6293.0,1077.0,0.0,9.0,1.2692060470581055,11.57586669921875,0.7625868689286774,0.0,0.0,0.0,0.0,0.0,0.0,0.0,0.0,0.16974311338034703,0.11483457341298105
920.0,155.0,197.0,2290.0,1077.0,0.0,3.0,2.0369253158569336,13.240715026855469,0.8060901180660172,2.0,1.0986122886681098,0.054409410206007765,0.4900991917739813,0.0,0.0,0.24504959588699066,0.0,0.18252129298949007,0.1747940557961138
920.0,53.0,1.0,733.0,3159.0,1.0,1.0,1.1445798873901367,14.733729362487793,0.7534097136132618,0.0,0.0,0.0,0.0,0.0,0.0,0.0,0.0,0.13528330227669164,0.08480869751178068
920.0,53.0,176.0,2266.0,4702.0,0.0,426.0,4.633484363555908,12.014491081237793,0.9869437002915329,2.0,1.0986122886681098,0.22643091606597668,0.36481689431254416,0.0,0.0,0.18240844715627208,0.0,0.34893002491266745,0.28639116352738886
920.0,53.0,173.0,3159.0,18.0,0.0,673.0,0.24656105041503906,11.838319778442383,0.5594285800344165,0.0,0.0,0.0,0.0,0.0,0.0,0.0,0.0,0.09671775109844409,0.06674768785900845
920.0,53.0,222.0,545.0,6293.0,1.0,2.5,2.626084327697754,11.873699188232422,0.8723139357084287,2.0,1.0986122886681098,0.7001394896518027,0.43598951003053676,0.0,0.0,0.21799475501526838,0.0,0.23845581643929079,0.18406979011253724
920.0,53.0,156.0,6293.0,2266.0,1.0,1.0,8.994460582733154,16.256418228149414,0.9998276286825277,16.0,2.833213344056216,0.9803906099397734,0.7625002278977292,0.8446320076570633,0.6222671790394133,0.8035661177773963,1.0,0.4230668363882303,0.6953740670451404
920.0,53.0,268.0,733.0,2266.0,0.0,3.0,0.28761959075927734,8.604596138000488,0.3719287359929388,6.0,1.9459101490553132,0.20508383900190946,0.1355144550698295,0.0,0.0,0.06775722753491475,0.0,0.07970429796552095,0.0712879217301239
920.0,53.0,290.0,6293.0,956.0,0.0,2.0,2.1470913887023926,7.41873025894165,0.7820703758590057,19.0,2.995732273553991,0.9238395952400507,0.3812873636762437,0.0,0.0,0.19064368183812186,0.0,0.24585406703520377,0.21330440602887565
920.0,53.0,315.0,6293.0,567.0,0.0,5.0,6.7136077880859375,16.32309341430664,0.9980029974575841,21.0,3.091042453358316,0.9803906099397734,0.3212697941909891,0.0,0.0,0.16063489709549456,0.0,0.34801122072083307,0.22420070608213333
920.0,53.0,265.0,733.0,146.0,0.0,5.0,1.632537841796875,12.939229011535645,0.8309923780257032,6.0,1.9459101490553132,0.21763764082403103,0.13551445506982962,0.0,0.0,0.06775722753491481,0.0,0.18660832857131396,0.14167695493900306
920.0,98.0,169.0,1077.0,45.0,0.0,61.0,5.077249050140381,11.825581550598145,0.9882959545379125,0.0,0.0,0.0,0.0,0.0,0.0,0.0,0.0,0.36660398227413854,0.24125060258392003
920.0,61.0,252.0,2671.0,146.0,0.0,12.0,0.23634672164916992,6.975104331970215,0.5519190393774642,0.0,0.0,0.0,0.0,0.0,0.0,0.0,0.0,0.1299238111559927,0.10061886568345121
920.0,90.0,324.0,733.0,6293.0,0.0,2.0,1.850459098815918,15.001084327697754,0.8632178758004536,7.0,2.0794415416798357,0.9423178739918808,0.5214323189520875,0.0,0.0,0.26071615947604376,0.0,0.18029359719896196,0.1373939949382917
920.0,90.0,111.0,6293.0,6122.0,1.0,1.0,2.7838401794433594,10.709609031677246,0.9150797936922958,14.0,2.70805020110221,0.9423178739918808,0.7396049009833879,0.9179494270225118,0.7711056766311536,0.8287771640029499,1.0,0.278380064773734,0.6525261728100237
920.0,160.0,134.0,6504.0,6293.0,0.0,104.0,0.26422882080078125,9.021990776062012,0.45267884425012805,0.0,0.0,0.0,0.0,0.0,0.0,0.0,0.0,0.09235796045931007,0.06860525911470605
920.0,160.0,32.0,3159.0,3155.0,0.0,174.0,1.160491943359375,8.600542068481445,0.6982440648341162,0.0,0.0,0.0,0.0,0.0,0.0,0.0,0.0,0.17627633842443027,0.12841664717467977
920.0,160.0,339.0,3159.0,2457.0,0.0,3063.0,7.270245552062988,17.963836669921875,0.999205725857367,4.0,1.6094379124341003,0.43527528164806206,0.5502951617928641,0.0,0.0,0.27514758089643204,0.0,0.33885040680870376,0.25803324812741735
920.0,103.0,21.0,6293.0,733.0,0.0,5.0,10.994858741760254,20.21369743347168,0.9999790659089968,1.0,0.6931471805599453,0.836743383392903,0.0,0.0,0.0,0.0,0.0,0.41924567246522637,0.17623690146968773
920.0,115.0,311.0,6293.0,956.0,0.0,26.0,5.1059393882751465,12.025202751159668,0.9903354477695543,7.0,2.0794415416798357,0.7429971445684742,0.6519788455857494,0.9247196102557382,0.8484516616757247,0.7883492279207438,1.0,0.3652910030163586,0.7205040707341931
920.0,208.0,16.0,6293.0,2266.0,0.0,1955.0,1.6627449989318848,8.586417198181152,0.7696543112680269,0.0,0.0,0.0,0.0,0.0,0.0,0.0,0.0,0.2140327606952851,0.15474247256023874
920.0,142.0,126.0,2266.0,4030.0,0.0,3861.0,5.649184703826904,12.025896072387695,0.9946837593379346,0.0,0.0,0.0,0.0,0.0,0.0,0.0,0.0,0.3849481783175828,0.2517767169967884
920.0,56.0,142.0,5037.0,3262.0,0.0,1412.0,2.818902015686035,11.787430763244629,0.9195660388330518,0.0,0.0,0.0,0.0,0.0,0.0,0.0,0.0,0.26600408433454154,0.17648697132944394
45.0,115.0,201.0,545.0,1923.0,1.0,1.0,0.0037927627563476562,9.741814613342285,0.48347051276165653,6.0,1.9459101490553132,0.9238395952400507,0.5023542823501952,0.8507910440644852,0.6764155062264793,0.6765726632073402,1.0,0.09126325016389807,0.28930835815970957
45.0,115.0,220.0,545.0,711.0,1.0,1.0,1.9274940490722656,7.087774753570557,0.850930778038419,10.0,2.3978952727983707,0.9803906099397734,0.7305258092963676,0.9263555962594335,0.8260356921002397,0.8284407027779006,1.0,0.2767475372249561,0.6781153371235944
45.0,115.0,194.0,545.0,45.0,1.0,1.0,6.250975608825684,14.487214088439941,0.9980549868178802,3.0,1.3862943611198906,0.9803906099397734,0.3138211374231912,0.6861788625768088,0.4853470950978858,0.5,1.0,0.36417156660979133,0.5153655930372806
45.0,6.0,168.0,1923.0,146.0,1.0,1.0,3.835453987121582,17.05423355102539,0.9788037586472321,0.0,0.0,0.0,0.0,0.0,0.0,0.0,0.0,0.2467325973433427,0.14171835660108728
45.0,6.0,150.0,1923.0,545.0,0.0,3.0,2.8757495880126953,11.039864540100098,0.89842673640694,0.0,0.0,0.0,0.0,0.0,0.0,0.0,0.0,0.2681318786679356,0.1808492337870455
45.0,6.0,257.0,146.0,545.0,0.0,2.0,0.2428731918334961,12.211037635803223,0.41406715023692364,1.0,0.6931471805599453,0.9057236642639067,0.0,0.0,0.0,0.0,0.0,0.06837135687914178,0.03614553361425437
45.0,6.0,188.0,545.0,1923.0,0.0,1.0,2.6254310607910156,14.739200592041016,0.9277936064617349,4.0,1.6094379124341003,1.0,0.4191104017892189,0.0,0.0,0.20955520089460944,0.0,0.22530349564926197,0.1514310807927634
45.0,160.0,176.0,146.0,545.0,0.0,4.0,12.87222957611084,21.200647354125977,0.9999957219023325,5.0,1.791759469228055,0.9057236642639067,0.3897052630414808,0.0,0.0,0.1948526315207404,0.0,0.4641961467964214,0.2582379566420684
45.0,160.0,190.0,1923.0,146.0,0.0,3.0,0.4855937957763672,16.2377872467041,0.6166840083273745,5.0,1.791759469228055,0.8042490800314893,0.511333387795493,0.0,0.0,0.2556666938977465,0.0,0.08451950711370367,0.06660109373228365
45.0,53.0,183.0,3341.0,711.0,0.0,3.0,9.635873794555664,21.29804039001465,0.9999288321495151,0.0,0.0,0.0,0.0,0.0,0.0,0.0,0.0,0.35704098958857877,0.17696597831239813
45.0,53.0,222.0,3341.0,920.0,0.0,2.0,2.189213752746582,12.336904525756836,0.874948916147283,6.0,1.9459101490553132,0.9611657480580811,0.5997099935311219,0.0,0.0,0.29985499676556093,0.0,0.2231479825792617,0.18680011559556203
45.0,53.0,189.0,545.0,3341.0,0.0,4.0,5.768667697906494,13.404353141784668,0.9935191079973573,2.0,1.0986122886681098,0.7578582832551991,0.2407368675608994,0.7592631324391006,0.04854632495868671,0.5,1.0,0.36469452325476714,0.43407481524426594
45.0,53.0,295.0,545.0,711.0,1.0,1.0,9.720662117004395,20.536617279052734,0.9999369765616257,14.0,2.70805020110221,0.646816582731497,0.702891954725906,0.297108045274094,0.046832158458411585,0.5,1.0,0.37247286890779785,0.4830120127522242
45.0,61.0,189.0,146.0,1923.0,0.0,2.0,2.512939453125,11.85154914855957,0.8820167776960824,0.0,0.0,0.0,0.0,0.0,0.0,0.0,0.0,0.24021921555737036,0.15916754871727548
45.0,141.0,252.0,545.0,146.0,1.0,1.0,1.3594155311584473,8.113627433776855,0.6200191635705203,0.0,0.0,0.0,0.0,0.0,0.0,0.0,0.0,0.15867422703776862,0.11666067295305493
45.0,142.0,174.0,545.0,5762.0,1.0,1.0,1.0329523086547852,7.308663845062256,0.5921417164295805,0.0,0.0,0.0,0.0,0.0,0.0,0.0,0.0,0.15172182230376263,0.1144953038482084
45.0,156.0,173.0,1923.0,545.0,1.0,1.0,4.5373430252075195,13.36701488494873,0.974883916770359,6.0,1.9459101490553132,0.9238395952400507,0.4886900740672868,0.7451554599227816,0.44703698321240287,0.6169227669950342,1.0,0.3178388256802098,0.5297060859315915
45.0,127.0,259.0,545.0,6823.0,1.0,1.0,5.49289608001709,12.830821990966797,0.99171628812874,2.0,1.0986122886681098,0.820335356007638,0.2517630603143801,1.0,0.9999999999990878,0.6258815301571901,1.0,0.36466980289692463,0.6526336645198103
2683.0,156.0,329.0,1145.0,1971.0,0.0,2.0,5.473950386047363,17.9353084564209,0.992570344603558,24.0,3.2188758248682006,0.7730166686334901,0.6842195185081469,0.832975167739599,0.658108563899161,0.758597343123873,1.0,0.28389857996540946,0.5839181837208797
2683.0,156.0,86.0,1145.0,1928.0,1.0,1.0,15.571718215942383,26.533506393432617,0.9999997538082406,4.0,1.6094379124341003,0.5,0.6936816402669493,0.8205473449238967,0.4562333475609505,0.757114492595423,1.0,0.4589523942565639,0.604553469834946
2683.0,156.0,168.0,1145.0,1971.0,0.0,2.0,11.04076099395752,20.685375213623047,0.9999802282591366,12.0,2.5649493574615367,0.7884782461155736,0.7767517185949777,0.9088985877309241,0.7154529541353769,0.8428251531629509,1.0,0.41245883471957123,0.6855464408398229
2683.0,156.0,214.0,4019.0,1971.0,0.0,406.0,1.5409793853759766,9.71436882019043,0.7836315613141164,0.0,0.0,0.0,0.0,0.0,0.0,0.0,0.0,0.20339166594821909,0.14341365181058496
2683.0,156.0,336.0,1145.0,1928.0,1.0,1.0,10.624433517456055,24.18912124633789,0.9999672364081899,25.0,3.258096538021482,0.9423178739918808,0.7446906369715582,0.7951593073772154,0.589756873272937,0.7699249721743868,1.0,0.3398889704221642,0.5578762149256096
2683.0,160.0,256.0,1145.0,4185.0,0.0,16.0,1.1609182357788086,11.471541404724121,0.691165122263161,0.0,0.0,0.0,0.0,0.0,0.0,0.0,0.0,0.14596153188316308,0.09922633963768517
2683.0,160.0,43.0,1145.0,4051.0,0.0,111.0,11.278382301330566,20.2075252532959,0.9999708322692061,0.0,0.0,0.0,0.0,0.0,0.0,0.0,0.0,0.4287112453153051,0.22160775672506622
2683.0,160.0,118.0,1971.0,4185.0,0.0,58.0,6.414250373840332,19.998638153076172,0.9981967993243479,6.0,1.9459101490553132,0.646816582731497,0.6878371442318888,0.5682410831870056,0.3802558511769772,0.6280391137094472,1.0,0.28213482066728696,0.47698304244186857
2683.0,6.0,149.0,2683.0,1077.0,0.0,4.0,5.740734577178955,13.451446533203125,0.9964770691282119,0.0,0.0,0.0,0.0,0.0,0.0,0.0,0.0,0.36468095931909045,0.2293960434356727
2683.0,56.0,142.0,1145.0,1971.0,0.0,166.0,7.7421875,17.750202178955078,0.9994805167936527,4.0,1.6094379124341003,0.597554769985219,0.5785345480024525,0.7284724453944843,0.5085233610393532,0.6535034966984684,1.0,0.35698232028043014,0.5789460104450173
2683.0,56.0,261.0,1145.0,2683.0,0.0,13.0,16.653029918670654,23.794294357299805,0.9999998567166307,5.0,1.791759469228055,0.6341329040632923,0.17478381023567036,0.0,0.0,0.08739190511783518,0.0,0.5448649402795902,0.2735188505584722
2683.0,56.0,344.0,2683.0,4185.0,0.0,18.0,7.049236297607422,14.864873886108398,0.9977270653661162,0.0,0.0,0.0,0.0,0.0,0.0,0.0,0.0,0.3828403077183739,0.2308025397082232
2683.0,127.0,328.0,1145.0,2683.0,1.0,1.0,14.874813079833984,25.82257652282715,0.9999996525886415,11.0,2.4849066497880004,0.7429971445684742,0.6015943115833676,0.9384099589817708,0.6566559185828902,0.7700021352825692,1.0,0.4483563428993505,0.6269399554421147
2683.0,127.0,244.0,2683.0,1145.0,0.0,155.0,0.6271162033081055,16.223125457763672,0.6516943872624332,0.0,0.0,0.0,0.0,0.0,0.0,0.0,0.0,0.09296895971544068,0.05692319065353471
2683.0,61.0,351.0,1145.0,1971.0,1.0,1.0,1.2490644454956055,12.749279022216797,0.761298001267544,6.0,1.9459101490553132,0.8705505632961241,0.5521869507631245,0.8219038223761845,0.5644501209623974,0.6870453865696545,1.0,0.15733011099240915,0.38535853355083277
2683.0,53.0,67.0,4108.0,4004.0,1.0,1.0,0.5401673316955566,5.931480407714844,0.46972726252192804,0.0,0.0,0.0,0.0,0.0,0.0,0.0,0.0,0.12099424761562252,0.095848702614217
2683.0,53.0,6.0,2683.0,4019.0,0.0,2.0,1.1552858352661133,9.59681510925293,0.7266443348509376,0.0,0.0,0.0,0.0,0.0,0.0,0.0,0.0,0.17563862237764036,0.12492873710986507
2683.0,155.0,240.0,669.0,3262.0,0.0,2.0,4.122217178344727,8.383573532104492,0.9694367991272242,0.0,0.0,0.0,0.0,0.0,0.0,0.0,0.0,0.38409880428981924,0.27655875103937616
2683.0,47.0,304.0,2683.0,1434.0,0.0,3.0,2.0094549655914307,5.947871685028076,0.7967794133492325,0.0,0.0,0.0,0.0,0.0,0.0,0.0,0.0,0.2694276861837099,0.20642470881677805
2683.0,63.0,261.0,2683.0,5496.0,0.0,6.0,3.809605598449707,8.943448066711426,0.9541951682709819,0.0,0.0,0.0,0.0,0.0,0.0,0.0,0.0,0.35624234945743327,0.2528843037650042
2683.0,8.0,267.0,1145.0,1928.0,1.0,1.0,1.2695960998535156,6.562708854675293,0.5503414402548693,0.0,0.0,0.0,0.0,0.0,0.0,0.0,0.0,0.14983677285778593,0.11470031630313586
1003.0,160.0,343.0,1115.0,1003.0,0.0,4912.5,0.07895484566688538,-0.3903074562549591,0.4428940828640165,0.0,0.0,0.0,0.0,0.0,0.0,0.0,0.0,0.1607870110078225,0.14811971566612375
4503.0,163.0,144.0,4304.0,6823.0,1.0,1.0,1.0441364645957947,1.6348379850387573,0.09218633264245325,0.0,0.0,0.0,0.0,0.0,0.0,0.0,0.0,0.07491279545558181,0.06692727225805267
6795.0,160.0,177.0,2427.0,3155.0,1.0,1.0,0.6910796165466309,8.400789260864258,0.6381411158369226,18.0,2.9444389791664403,0.8042490800314893,0.6514104715614304,0.8653552848630716,0.7106805909263074,0.758382878212251,1.0,0.14987159923182966,0.48224602852693854
6795.0,160.0,161.0,2427.0,5305.0,1.0,1.0,2.1093382835388184,8.31768798828125,0.8184387318346625,17.0,2.8903717578961645,0.9611657480580811,0.5939482650359749,0.8812320755416396,0.7778933012013817,0.7375901702888072,1.0,0.2491031498912569,0.6109337463238835
6795.0,160.0,160.0,4501.0,1436.0,0.0,29.0,0.5972599983215332,5.676090240478516,0.5557634091094933,1.0,0.6931471805599453,0.4901953049698867,0.0,0.0,0.0,0.0,0.0,0.14810660761392727,0.10465684502176255
6795.0,160.0,173.0,1436.0,867.0,0.0,81.0,0.5378828048706055,8.404895782470703,0.42079503553794473,0.0,0.0,0.0,0.0,0.0,0.0,0.0,0.0,0.09276510511229222,0.06964384301442429
6795.0,160.0,137.0,6568.0,2427.0,0.0,2.0,0.15000629425048828,6.559702396392822,0.4264545141842997,0.0,0.0,0.0,0.0,0.0,0.0,0.0,0.0,0.10105573131257603,0.0798537161005572
6795.0,105.0,194.0,1148.0,6795.0,0.0,3.0,4.15338659286499,11.85811710357666,0.9811037144731934,3.0,1.3862943611198906,0.597554769985219,0.6328968693863158,0.6866849677571975,0.46294742160522157,0.6597909185717566,1.0,0.3337203359836204,0.6070991499839025
6795.0,155.0,288.0,6644.0,2083.0,1.0,1.0,7.349525451660156,13.019383430480957,0.9982786955642207,4.0,1.6094379124341003,0.8879629756445782,0.23900257733394248,1.0,0.7805108845165286,0.6195012886669713,1.0,0.42507505977958665,0.6539460392163488
6795.0,2.0,280.0,6979.0,6795.0,1.0,1.0,0.21770620346069336,6.386206150054932,0.5245289231554572,1.0,0.6931471805599453,0.9803906099397734,0.0,1.0,0.99999999999898,0.5,1.0,0.1270256547327589,0.3372698757691069
6795.0,61.0,121.0,5455.0,244.0,0.0,7.0,3.2481002807617188,10.361472129821777,0.9148078390353815,0.0,0.0,0.0,0.0,0.0,0.0,0.0,0.0,0.29625524875037107,0.2028502632783553
6795.0,156.0,239.0,1148.0,6794.0,0.0,12.0,6.72370719909668,13.789960861206055,0.9974113864408408,12.0,2.5649493574615367,0.820335356007638,0.5326124341762013,0.7409371812032308,0.5246516010153951,0.6367748076897161,1.0,0.3906782895232952,0.634525264075352
6795.0,156.0,335.0,1148.0,6979.0,1.0,1.0,12.646157264709473,20.931358337402344,0.999993353474513,20.0,3.044522437723423,0.5630865404461788,0.7083523889385224,0.9290592087893448,0.8628324552124788,0.8187057988639336,1.0,0.461442676001361,0.7545874709377904
6795.0,18.0,244.0,1148.0,6644.0,1.0,1.0,2.7049455642700195,10.818029403686523,0.8645919474247918,4.0,1.6094379124341003,0.18946457081379975,0.5255534712740134,0.0,0.0,0.2627767356370067,0.0,0.2511136384035722,0.25013755381910413
6795.0,6.0,219.0,1148.0,1436.0,0.0,20.0,8.255419254302979,13.05060863494873,0.9996189613440112,1.0,0.6931471805599453,0.35707170313208786,0.0,0.0,0.0,0.0,1.0,0.45548630222149245,0.4396503042658932
6795.0,103.0,310.0,1148.0,6407.0,0.0,7.0,3.8732805252075195,9.34837818145752,0.9431583634049628,0.0,0.0,0.0,0.0,0.0,0.0,0.0,0.0,0.3454699324566528,0.24227630915135923
6795.0,208.0,167.0,1148.0,6795.0,1.0,1.0,2.4648780822753906,10.72925853729248,0.9085578771547576,1.0,0.6931471805599453,0.8705505632961241,0.0,1.0,0.9999999999988514,0.5,1.0,0.26643756205330366,0.5151995435746837
6795.0,115.0,193.0,1148.0,6795.0,0.0,5.0,1.5758790969848633,9.233429908752441,0.767157865165115,2.0,1.0986122886681098,0.5306065116666864,0.28276291816654664,0.7172370818334534,0.4797427836389113,0.5,1.0,0.2033661038919036,0.4154532454816088
1156.0,86.0,61.0,151.0,3933.0,0.0,2013.0,6.504425048828125,8.63931655883789,0.9939507597983565,1.0,0.6931471805599453,1.0,0.0,1.0,0.9999999999989999,0.5,1.0,0.47263801602719036,0.6985813138448091
1156.0,176.0,124.0,1233.0,2596.0,0.0,3.0,0.07118408381938934,-0.14349837601184845,0.03444129263075039,0.0,0.0,0.0,0.0,0.0,0.0,0.0,0.0,0.06565067803938027,0.06297483928869259
4407.0,222.0,71.0,5395.0,5315.0,1.0,1.0,6.695908546447754,11.776328086853027,0.9965238230419569,1.0,0.6931471805599453,0.4711589369959404,0.0,0.0,0.0,0.0,0.0,0.42443864310360613,0.2554489932673282
4407.0,222.0,31.0,62.0,4283.0,0.0,9.0,5.308961868286133,10.147032737731934,0.9882549337311509,0.0,0.0,0.0,0.0,0.0,0.0,0.0,0.0,0.4027395599700175,0.27679935984553455
4407.0,222.0,338.0,4407.0,5185.0,0.0,5.0,10.83430528640747,16.08161163330078,0.9999400353006564,0.0,0.0,0.0,0.0,0.0,0.0,0.0,0.0,0.4878719255915531,0.28718322616134445
4407.0,163.0,275.0,5395.0,1215.0,1.0,1.0,4.069789886474609,6.5622100830078125,0.9763288871723991,7.0,2.0794415416798357,0.8534795977333005,0.3914597513491872,1.0,0.9999999999992869,0.6957298756745935,1.0,0.41804429012766625,0.7720179321928722
4407.0,97.0,304.0,5474.0,1215.0,0.0,40.0,2.2790732383728027,5.375467300415039,0.7044331667073573,0.0,0.0,0.0,0.0,0.0,0.0,0.0,0.0,0.24192564609424305,0.18659781346395476
4407.0,160.0,93.0,4407.0,5185.0,0.0,34.0,1.3347902297973633,8.02146053314209,0.6733970713901292,0.0,0.0,0.0,0.0,0.0,0.0,0.0,0.0,0.17709358511856155,0.13042169841055748
4407.0,215.0,316.0,5185.0,6208.0,0.0,33.0,0.48909974098205566,2.5405421257019043,0.3500777880143997,0.0,0.0,0.0,0.0,0.0,0.0,0.0,0.0,0.11580553944004071,0.10007381606669266
4407.0,55.0,26.0,5474.0,4721.0,1.0,1.0,0.7315309047698975,4.1189374923706055,0.38291981597796554,0.0,0.0,0.0,0.0,0.0,0.0,0.0,0.0,0.1155642625603343,0.09560730527402511
4407.0,12.0,115.0,5474.0,4356.0,0.0,4.0,0.904393196105957,5.899781227111816,0.5341159573212388,0.0,0.0,0.0,0.0,0.0,0.0,0.0,0.0,0.144753152436138,0.11343531873811677
4407.0,226.0,206.0,5474.0,1215.0,0.0,6.0,0.3877830505371094,2.4697632789611816,0.11033784347035673,0.0,0.0,0.0,0.0,0.0,0.0,0.0,0.0,0.06792487446927203,0.06042261597474147
5447.0,223.0,341.0,1140.0,5447.0,1.0,1.0,1.3920633792877197,4.7659454345703125,0.6842026459008481,5.0,1.791759469228055,0.9611657480580811,0.05076964401727657,1.0,0.9999999999990123,0.5253848220086383,1.0,0.21982355004783227,0.5245668496824256
5447.0,150.0,107.0,1140.0,244.0,1.0,1.0,7.665008068084717,10.07526969909668,0.999097985832869,2.0,1.0986122886681098,0.18210685593674916,0.49504911052349854,1.0,0.9999999999972272,0.7475245552617493,1.0,0.4889513877593449,0.8291715820020946
5447.0,102.0,172.0,1140.0,278.0,0.0,38.0,3.639531135559082,4.9062418937683105,0.8541111201074508,0.0,0.0,0.0,0.0,0.0,0.0,0.0,0.0,0.3627183996858181,0.28049375239956054
5447.0,38.0,60.0,1140.0,4587.0,1.0,1.0,15.040893316268921,17.181440353393555,0.9999990290755786,9.0,2.302585092994046,0.8879629756445782,0.6739137693540569,0.8569482211165599,0.7268157897653245,0.7654309952353084,1.0,0.6084328492493022,0.802404916720296
18.0,160.0,11.0,1139.0,3341.0,0.0,46.0,3.3104138374328613,10.932793617248535,0.9386376705546458,0.0,0.0,0.0,0.0,0.0,0.0,0.0,0.0,0.301384963972877,0.20382682474953148
18.0,185.0,143.0,4564.0,2671.0,0.0,2.0,2.758978843688965,7.746856689453125,0.8960890116085111,0.0,0.0,0.0,0.0,0.0,0.0,0.0,0.0,0.31278342287865757,0.2291310188455058
18.0,169.0,69.0,6504.0,1077.0,0.0,14.0,1.4748830795288086,10.18130111694336,0.5558700932757343,0.0,0.0,0.0,0.0,0.0,0.0,0.0,0.0,0.12381597156826996,0.08663622801524536
18.0,169.0,158.0,2671.0,2290.0,0.0,71.0,1.088852882385254,9.553112030029297,0.5370638361756959,2.0,1.0986122886681098,0.18210685593674916,0.2592975260482151,0.0,0.0,0.12964876302410755,0.0,0.11828127865244456,0.10441206737496253
18.0,53.0,176.0,711.0,6504.0,0.0,1033.0,9.023344039916992,11.990622520446777,0.9997964465214431,3.0,1.3862943611198906,0.9423178739918808,0.28074911933625923,0.0,0.0,0.14037455966812962,0.0,0.5006159368238049,0.3271858981855237
18.0,53.0,159.0,711.0,2290.0,0.0,6.0,6.69849967956543,19.572860717773438,0.9984346456795757,0.0,0.0,0.0,0.0,0.0,0.0,0.0,0.0,0.29649012363434607,0.15571444543802837
18.0,115.0,292.0,711.0,2290.0,0.0,4.0,1.5090417861938477,8.669957160949707,0.7947669665053431,0.0,0.0,0.0,0.0,0.0,0.0,0.0,0.0,0.21975342551993812,0.15903451424535203
18.0,115.0,291.0,1077.0,6890.0,0.0,7.0,0.8933477401733398,9.447094917297363,0.5199166503142233,0.0,0.0,0.0,0.0,0.0,0.0,0.0,0.0,0.11215829754311898,0.08098393870914801
18.0,155.0,332.0,711.0,2661.0,0.0,4.0,5.624622344970703,13.361858367919922,0.9962510998463062,0.0,0.0,0.0,0.0,0.0,0.0,0.0,0.0,0.36242336201353353,0.22861995756332965
18.0,155.0,69.0,6823.0,3155.0,1.0,1.0,0.40383195877075195,6.609000205993652,0.40218340347295994,0.0,0.0,0.0,0.0,0.0,0.0,0.0,0.0,0.09856393623605479,0.07749707827476661
18.0,103.0,354.0,711.0,1077.0,0.0,1614.0,5.204107761383057,11.444787979125977,0.9937401541413525,1.0,0.6931471805599453,0.19325416715837251,0.0,0.0,0.0,0.0,0.0,0.3801348746689721,0.24923103930975596
18.0,103.0,251.0,18.0,711.0,0.0,9.0,16.4575834274292,28.95120620727539,0.9999999113689447,0.0,0.0,0.0,0.0,0.0,0.0,0.0,0.0,0.44526407055734896,0.17690047472672232
18.0,103.0,255.0,6890.0,18.0,0.0,5.0,0.10555458068847656,8.492860794067383,0.3760774473071319,0.0,0.0,0.0,0.0,0.0,0.0,0.0,0.0,0.07922667147757877,0.06017876427370022
18.0,207.0,356.0,7038.0,4564.0,1.0,1.0,1.1626195907592773,6.112823963165283,0.7010767309462198,0.0,0.0,0.0,0.0,0.0,0.0,0.0,0.0,0.20512486479799272,0.15839030984618307
18.0,123.0,41.0,18.0,1077.0,0.0,449.0,0.6729679107666016,14.343313217163086,0.6332444718039336,0.0,0.0,0.0,0.0,0.0,0.0,0.0,0.0,0.10155400002424712,0.06510580902978046
18.0,127.0,357.0,1077.0,4822.0,1.0,1.0,5.818807601928711,14.719362258911133,0.9959421427775592,6.0,1.9459101490553132,0.9803906099397734,0.4492620557677188,0.837136178805836,0.38612813356902237,0.6431991172867775,1.0,0.34578227056926414,0.5219642189303006
454.0,39.0,223.0,5470.0,4457.0,0.0,11.0,2.631845235824585,6.033021926879883,0.8696981035403513,0.0,0.0,0.0,0.0,0.0,0.0,0.0,0.0,0.3221646134349225,0.24551962697177626
454.0,224.0,297.0,3764.0,1221.0,0.0,27.0,10.139803886413574,14.043693542480469,0.9999242001489272,3.0,1.3862943611198906,0.04831354178959312,0.5948309067220802,0.0,0.0,0.2974154533610401,0.0,0.5012704508590912,0.44783302351879867
454.0,224.0,120.0,3764.0,1180.0,1.0,1.0,5.139215469360352,9.281124114990234,0.9851722441999892,1.0,0.6931471805599453,0.9611657480580811,0.0,1.0,0.033156414461574565,0.5,1.0,0.4105355382943232,0.4446383302267258
6123.0,155.0,301.0,4304.0,3871.0,1.0,1.0,1.188748836517334,6.570128440856934,0.7607767222727424,0.0,0.0,0.0,0.0,0.0,0.0,0.0,0.0,0.22438569440726333,0.17138184811458157
6123.0,155.0,302.0,4304.0,3380.0,1.0,1.0,3.4445371627807617,11.16888427734375,0.9624645318307862,0.0,0.0,0.0,0.0,0.0,0.0,0.0,0.0,0.3138335715231687,0.21136274960136292
6123.0,53.0,206.0,711.0,3380.0,0.0,1.0,0.16181659698486328,8.105144500732422,0.5387075161843953,2.0,1.0986122886681098,1.0,0.0,1.0,0.3377486972983249,0.5,1.0,0.11656644432901771,0.2021835827889187
6123.0,53.0,203.0,2581.0,2460.0,1.0,1.0,1.549593448638916,6.6939849853515625,0.718443743194231,0.0,0.0,0.0,0.0,0.0,0.0,0.0,0.0,0.21374893233932596,0.16178786190276984
5197.0,6.0,47.0,3788.0,1185.0,0.0,46.0,0.016120433807373047,7.781704425811768,0.5028874473999989,2.0,1.0986122886681098,1.0,0.0,1.0,0.999999999999495,0.5,1.0,0.1083267015215944,0.29799689457073625
5197.0,150.0,287.0,5197.0,1457.0,0.0,4.0,2.401071548461914,7.636314392089844,0.9080247426150093,0.0,0.0,0.0,0.0,0.0,0.0,0.0,0.0,0.3102898108972805,0.2289968918050916
5197.0,61.0,218.0,382.0,3788.0,0.0,87.0,1.6385140419006348,3.7352848052978516,0.6818698922807845,0.0,0.0,0.0,0.0,0.0,0.0,0.0,0.0,0.2378725002684407,0.1922960843548496
3341.0,127.0,78.0,146.0,6293.0,0.0,2.0,0.7283897399902344,12.140777587890625,0.519156944173507,0.0,0.0,0.0,0.0,0.0,0.0,0.0,0.0,0.09211923393317623,0.06260165404151125
3341.0,127.0,285.0,6052.0,567.0,0.0,1838.0,2.501668930053711,14.774889945983887,0.8904752698854801,1.0,0.6931471805599453,0.11321545803298837,0.0,0.0,0.0,0.0,0.0,0.20681020977369052,0.12827554902902735
3341.0,127.0,118.0,2290.0,1077.0,0.0,39.0,0.5962448120117188,15.300063133239746,0.5719932706129158,7.0,2.0794415416798357,0.5412194958693883,0.7000571482147261,0.0,0.0,0.35002857410736304,0.0,0.08261740276108727,0.08584210437027578
3341.0,127.0,220.0,146.0,929.0,0.0,4.0,3.792543411254883,15.307212829589844,0.9673098836975822,6.0,1.9459101490553132,0.9611657480580811,0.5843396962878318,0.41566030371216817,0.03745050767304969,0.5,1.0,0.2644175167915008,0.3705571128195734
3341.0,127.0,288.0,4702.0,3341.0,0.0,12.0,3.171567916870117,20.316238403320312,0.95897024465718,7.0,2.0794415416798357,0.9611657480580811,0.4219920303410535,0.0,0.0,0.21099601517052674,0.0,0.18394841839118334,0.111401802268674
3341.0,127.0,193.0,146.0,6293.0,0.0,4.0,1.5730400085449219,13.662025451660156,0.6416735739780204,4.0,1.6094379124341003,0.9611657480580811,0.242623168955995,0.757376831044005,0.26316515328845663,0.5,1.0,0.12038896230938934,0.2002633435295582
3341.0,127.0,306.0,6407.0,2290.0,0.0,3.0,2.2835330963134766,18.47296142578125,0.8493345059791212,0.0,0.0,0.0,0.0,0.0,0.0,0.0,0.0,0.14923499759989506,0.08340493387251219
3341.0,127.0,33.0,6293.0,3341.0,0.0,118.0,1.1117897033691406,14.582257270812988,0.663037737659366,7.0,2.0794415416798357,0.6729500963161781,0.45730659014780595,1.0,0.38298133649938254,0.728653295073903,1.0,0.11242003170610473,0.26954611985039933
3341.0,127.0,346.0,733.0,146.0,1.0,1.5,4.247264862060547,15.26439094543457,0.9704626103178533,10.0,2.3978952727983707,0.9803906099397734,0.2682337251428717,0.0,0.0,0.13411686257143585,0.0,0.2786922443788494,0.17327999693060236
3341.0,127.0,307.0,956.0,4702.0,0.0,27.0,0.6154060363769531,15.446089744567871,0.4914769568690687,14.0,2.70805020110221,1.0,0.48151218442514854,0.5184878155748515,0.2082944448016228,0.5,1.0,0.06854253520411359,0.13783215634546642
3341.0,127.0,173.0,5046.0,6293.0,1.0,1.0,3.584817886352539,11.852811813354492,0.9003119067455739,0.0,0.0,0.0,0.0,0.0,0.0,0.0,0.0,0.2763644824596933,0.18122581580881367
3341.0,127.0,224.0,733.0,4702.0,0.0,6652.0,6.382383346557617,16.906587600708008,0.9973021687440458,6.0,1.9459101490553132,0.06375010058882494,0.43888092811520174,0.0,0.0,0.21944046405760087,0.0,0.3281628028311437,0.2716592160042543
3341.0,127.0,221.0,4319.0,733.0,0.0,37.0,3.174663543701172,15.38365364074707,0.9405372226115091,2.0,1.0986122886681098,0.36421371187349827,0.0,0.0,0.0,0.0,0.0,0.23564318105717155,0.13580181561593627
3341.0,53.0,149.0,6293.0,733.0,0.0,3.0,12.521028518676758,23.974109649658203,0.9999959366109001,36.0,3.6109179126442243,1.0,0.8777266104015256,0.6392955396008353,0.46467308330580664,0.7585110750011804,1.0,0.40330020756488455,0.6054733632422417
3341.0,53.0,98.0,6293.0,2266.0,1.0,1.0,10.40372371673584,22.754480361938477,0.9999584515629507,30.0,3.4339872044851463,0.9803906099397734,0.8377342967812876,0.7897369616472489,0.5320950170430336,0.8137356292142683,1.0,0.35668375968323895,0.5916336424132307
3341.0,53.0,266.0,2266.0,4702.0,0.0,4.0,4.552116394042969,19.455223083496094,0.9814207886044608,4.0,1.6094379124341003,0.11099537195557226,0.42168691563566707,0.0,0.0,0.21084345781783354,0.0,0.23384248857450238,0.1795942349716813
3341.0,53.0,189.0,4702.0,733.0,0.0,2.0,3.091379165649414,18.40972900390625,0.9537256287043641,3.0,1.3862943611198906,0.06502520520136479,0.41420166695941407,0.0,0.0,0.20710083347970704,0.0,0.20176879224586358,0.16185340295584671
3341.0,53.0,64.0,6293.0,733.0,0.0,2.0,8.093395233154297,18.37198829650879,0.9994359417999933,19.0,2.995732273553991,1.0,0.7405203021617572,0.7900310907618169,0.5660822695449159,0.7652756964617871,1.0,0.3575244044340067,0.6107909227395589
3341.0,53.0,193.0,5584.0,6293.0,1.0,3.0,1.8057327270507812,11.726685523986816,0.802920771287988,2.0,1.0986122886681098,0.9611657480580811,0.0,0.0,0.0,0.0,0.0,0.19331048016022773,0.10175416734588862
3341.0,53.0,275.0,6293.0,733.0,1.0,1.0,11.113529205322266,24.07560157775879,0.9999847452275572,44.0,3.8066624897703196,0.820335356007638,0.7030411427281626,0.0,0.0,0.3515205713640813,0.0,0.35677199508408214,0.2538602374140978
3341.0,53.0,77.0,6293.0,4313.0,0.0,4.0,10.20812463760376,16.883323669433594,0.9999332046292483,23.0,3.1780538303479458,0.9803906099397734,0.7562816397421988,0.8569484687808603,0.6824128517686876,0.8066150542615296,1.0,0.4523352568556805,0.7254707910110179
3341.0,53.0,124.0,6411.0,3375.0,0.0,3.0,9.281169891357422,17.862720489501953,0.9998097382980295,1.0,0.6931471805599453,1.0,0.0,0.0,0.0,0.0,0.0,0.40425489948255955,0.17350162497482682
3341.0,53.0,74.0,733.0,6293.0,0.0,2.0,0.18340587615966797,14.564589500427246,0.5454144049553473,6.0,1.9459101490553132,0.3108489722987456,0.38800810530229524,0.0,0.0,0.19400405265114762,0.0,0.07770695161961269,0.0701482516663809
3341.0,53.0,134.0,1077.0,3341.0,0.0,41.0,4.905488014221191,16.84862518310547,0.9923636324786781,4.0,1.6094379124341003,0.18574928614211858,0.4909800456767366,0.0,0.0,0.2454900228383683,0.0,0.28416657900117975,0.23565098487082822
3341.0,53.0,267.0,2315.0,4702.0,0.0,5.0,7.986184120178223,16.779136657714844,0.9995672006064418,4.0,1.6094379124341003,0.40212454001574466,0.008985576938323803,0.0,0.0,0.004492788469161901,0.0,0.3810753214194341,0.21372987603374097
3341.0,53.0,65.0,6293.0,733.0,1.0,1.0,9.54433536529541,21.524234771728516,0.9999282875147584,19.0,2.995732273553991,0.9803906099397734,0.7405203021617572,0.790031090761817,0.566082269544915,0.7652756964617871,1.0,0.35046781704549307,0.5775872846705793
3341.0,53.0,127.0,6293.0,3341.0,1.0,1.0,1.4793262481689453,13.971726417541504,0.8041103657410477,35.0,3.58351893845611,0.9057236642639067,0.8749164937589393,0.7399080566993588,0.510004051337138,0.807412275229149,1.0,0.16349651217928135,0.462271422671564
3341.0,53.0,87.0,6293.0,5556.0,1.0,1.0,14.105684280395508,20.63942527770996,0.9999976256466477,26.0,3.295836866004329,0.9238395952400507,0.7778747076358807,0.7861821195098131,0.6090330882595454,0.7820284135728469,1.0,0.5159790989269878,0.7306689110526189
3341.0,53.0,312.0,6293.0,3411.0,0.0,2.0,3.4318199157714844,17.513986587524414,0.9633793719115651,50.0,3.9318256327243257,1.0,0.6616108353417949,0.3383891646582052,0.02405632474994923,0.5,1.0,0.22423802085732916,0.34977484925581076
3341.0,53.0,99.0,6293.0,733.0,0.0,1.0,3.3191614151000977,12.926234245300293,0.9615765835097496,31.0,3.4657359027997265,1.0,0.8493611929346628,0.733149590074476,0.5582161758987391,0.7912553915045695,1.0,0.28321402511295857,0.6176836431850308
3341.0,160.0,192.0,6293.0,146.0,0.0,226.0,0.8410110473632812,13.521591186523438,0.6860359674336736,8.0,2.1972245773362196,0.25,0.7702895274055367,0.0,0.0,0.38514476370276834,0.0,0.12231790769450417,0.1497194910796961
3341.0,160.0,9.0,3155.0,5037.0,0.0,6.0,9.75749158859253,16.030487060546875,0.9998950569027585,3.0,1.3862943611198906,0.9423178739918808,0.0,1.0,0.46976059710905077,0.5,1.0,0.45251483565269857,0.5255634310667505
3341.0,160.0,291.0,3159.0,2083.0,1.0,1.0,9.057368278503418,19.31972885131836,0.9997861800542073,5.0,1.791759469228055,0.4711589369959404,0.5467769242624576,0.0,0.0,0.2733884621312288,0.0,0.37201901032934814,0.2698354672937378
3341.0,160.0,45.0,3155.0,2315.0,0.0,7.0,16.481055736541748,23.775362014770508,0.9999998705336702,8.0,2.1972245773362196,0.6597539553864471,0.6306776413707098,0.6908361459718719,0.4837086206479746,0.6607568936712909,1.0,0.5394337822806758,0.6714364913159941
3341.0,160.0,337.0,6017.0,4723.0,0.0,13.0,5.566929817199707,18.148521423339844,0.9958870221533045,0.0,0.0,0.0,0.0,0.0,0.0,0.0,0.0,0.2849419996375612,0.15692082122435846
3341.0,160.0,204.0,3155.0,146.0,0.0,402.0,8.568724632263184,18.6860294342041,0.9996343698357311,17.0,2.8903717578961645,0.5412194958693883,0.35483411498708484,0.0,0.0,0.17741705749354242,0.0,0.36723019024305076,0.2514098938677262
3341.0,160.0,81.0,3155.0,6200.0,0.0,231.0,1.8002591133117676,9.53445053100586,0.7857510543587574,11.0,2.4849066497880004,0.9057236642639067,0.5947320030504477,0.40526799694955234,0.17613199173914992,0.5,1.0,0.21214530370719364,0.39790106471835135
3341.0,160.0,222.0,2460.0,3155.0,0.0,56.0,3.83640193939209,14.112263679504395,0.9733273907621393,0.0,0.0,0.0,0.0,0.0,0.0,0.0,0.0,0.28573414363398947,0.17773082812548677
3341.0,160.0,57.0,6504.0,6410.0,0.0,2920.0,2.933666229248047,11.218282699584961,0.9182173369155674,0.0,0.0,0.0,0.0,0.0,0.0,0.0,0.0,0.2765737889034468,0.18594198753835084
3341.0,160.0,209.0,4723.0,6293.0,0.0,52.0,1.5514345169067383,11.921234130859375,0.7546482632986626,0.0,0.0,0.0,0.0,0.0,0.0,0.0,0.0,0.16890275050809164,0.11273962269773434
3341.0,169.0,312.0,2290.0,1077.0,0.0,2.0,0.6201114654541016,14.040663719177246,0.48161770815339583,1.0,0.6931471805599453,0.597554769985219,0.0,0.0,0.0,0.0,0.0,0.07373600252722926,0.04100755641987486
3341.0,169.0,99.0,5046.0,1077.0,0.0,9.0,1.1510601043701172,14.882278442382812,0.6584007983584506,0.0,0.0,0.0,0.0,0.0,0.0,0.0,0.0,0.1096969098590469,0.06864615942143569
3341.0,169.0,132.0,733.0,6293.0,0.0,85.0,5.407827377319336,19.785388946533203,0.9951266269199169,1.0,0.6931471805599453,0.09287464307105926,0.0,0.0,0.0,0.0,0.0,0.2569417553205672,0.13712742447912776
3341.0,169.0,193.0,146.0,3155.0,0.0,2.0,2.564164161682129,15.254335403442383,0.9015823551979655,1.0,0.6931471805599453,0.14358729437462936,0.0,0.0,0.0,0.0,0.0,0.20689264773387983,0.12549306449183703
3341.0,169.0,44.0,5037.0,1077.0,0.0,2.0,5.659536361694336,25.590246200561523,0.996516204523521,0.0,0.0,0.0,0.0,0.0,0.0,0.0,0.0,0.19080333474299394,0.08453357203813967
3341.0,169.0,70.0,146.0,1077.0,0.0,5.0,4.873032569885254,18.064184188842773,0.9916849098641496,0.0,0.0,0.0,0.0,0.0,0.0,0.0,0.0,0.26543413694434176,0.14713784146513745
3341.0,103.0,264.0,3155.0,3341.0,0.0,8.0,0.21954345703125,16.141292572021484,0.5542967970002939,1.0,0.6931471805599453,0.25,0.0,0.0,0.0,0.0,0.0,0.07163920699680043,0.042933298095018446
3341.0,103.0,173.0,6293.0,3159.0,0.0,2.0,0.06823253631591797,14.235064506530762,0.35032272758315525,16.0,2.833213344056216,0.9803906099397734,0.6940286326555866,0.7974605234087133,0.6019046099235358,0.7457445780321499,1.0,0.05041567287522612,0.18293270989972388
3341.0,90.0,128.0,3155.0,6293.0,0.0,2.0,4.105412483215332,11.786600112915039,0.9821723893973545,0.0,0.0,0.0,0.0,0.0,0.0,0.0,0.0,0.3340020099434571,0.22092839926462876
3341.0,90.0,77.0,6293.0,4702.0,0.0,2.0,11.95669937133789,19.97089195251465,0.9999883314920485,13.0,2.6390573296152584,1.0,0.6076979754456847,0.9398407489307042,0.8762517655232256,0.7737693621881945,1.0,0.4555604187577472,0.7071919198452083
3341.0,90.0,214.0,6293.0,733.0,0.0,3.0,0.8196830749511719,10.849455833435059,0.693495747642589,48.0,3.8918202981106265,0.9057236642639067,0.8263554793116943,0.7416382518397538,0.5431451430180257,0.7839968655757241,1.0,0.1465255881276897,0.4596186298301024
3341.0,90.0,65.0,733.0,6293.0,0.0,2.0,1.8113126754760742,12.015466690063477,0.8584378156771965,0.0,0.0,0.0,0.0,0.0,0.0,0.0,0.0,0.21164787444976677,0.14077480949493587
3341.0,90.0,99.0,6293.0,5046.0,1.0,1.0,1.8895888328552246,6.212676048278809,0.7933860085284187,21.0,3.091042453358316,0.9803906099397734,0.7939206740164988,0.8415773130429356,0.713808834303594,0.8177489935297172,1.0,0.2609413057914562,0.6640332453193125
3341.0,90.0,66.0,6293.0,733.0,1.0,1.0,5.867445945739746,15.713486671447754,0.9963571862078497,6.0,1.9459101490553132,0.8534795977333005,0.5710408517569593,0.8174775998092518,0.6665184740235328,0.6942592257831055,1.0,0.3313631123505663,0.5959195011913881
3341.0,90.0,363.0,6293.0,4702.0,1.0,1.0,9.732856750488281,17.415552139282227,0.9998911906119755,70.0,4.2626798770413155,0.9803906099397734,0.7220931391862944,0.8629640570940597,0.7481123083482482,0.7925285981401771,1.0,0.4269932981313441,0.727272337188451
3341.0,123.0,301.0,6293.0,733.0,0.0,45.0,3.1181421279907227,17.8388671875,0.9575161019763648,1.0,0.6931471805599453,0.0029023325959706046,0.0,0.0,0.0,0.0,0.0,0.2106194724576268,0.12443706732487189
3341.0,123.0,115.0,18.0,2315.0,0.0,18.0,1.7958593368530273,11.934709548950195,0.7520960724114479,0.0,0.0,0.0,0.0,0.0,0.0,0.0,0.0,0.17257270658348542,0.11466942126961878
3341.0,155.0,173.0,4319.0,2290.0,1.0,1.0,3.9017248153686523,12.219258308410645,0.9624329339639905,14.0,2.70805020110221,0.20106227000787236,0.6146997558234846,0.0,0.0,0.3073498779117423,0.0,0.3107607309114241,0.32509308770520196
3341.0,155.0,42.0,6410.0,4723.0,0.0,4.0,1.1145248413085938,11.733441352844238,0.662943898808728,5.0,1.791759469228055,1.0,0.5792029659939396,0.0,0.0,0.2896014829969698,0.0,0.13471848875199302,0.11386618526904822
3341.0,155.0,140.0,1077.0,146.0,0.0,4.0,1.343155860900879,11.306640625,0.6319705195400087,9.0,2.302585092994046,0.15853322601582306,0.39677824025563524,0.0,0.0,0.19838912012781762,0.0,0.1332307357880298,0.13442412414922483
3341.0,155.0,308.0,1077.0,2290.0,0.0,3.0,0.20053672790527344,11.217159271240234,0.5070417625357341,15.0,2.772588722239781,1.0,0.5844603529662009,0.0,0.0,0.29223017648310046,0.0,0.08933995784985427,0.08495580271454146
3341.0,155.0,124.0,5806.0,5037.0,0.0,3.0,0.4262733459472656,9.397637367248535,0.4530620085667041,2.0,1.0986122886681098,1.0,0.0,0.0,0.0,0.0,0.0,0.09199279908578,0.051641437756561645
3341.0,155.0,122.0,6411.0,2083.0,1.0,1.0,2.9566688537597656,12.341655731201172,0.9118671330537969,1.0,0.6931471805599453,0.9803906099397734,0.0,0.0,0.0,0.0,0.0,0.2582582855266209,0.1297291551323893
3341.0,155.0,201.0,2290.0,4319.0,0.0,2.0,0.012847900390625,17.170345306396484,0.502805349590216,7.0,2.0794415416798357,0.5630865404461788,0.4293506896427669,0.0,0.0,0.21467534482138345,0.0,0.057959912685892456,0.047570598799815435
3341.0,155.0,254.0,2290.0,1077.0,0.0,3.0,0.7455425262451172,9.9447660446167,0.5057144294014551,11.0,2.4849066497880004,0.4267397988666503,0.39970567992115735,0.0,0.0,0.19985283996057868,0.0,0.10348236290613357,0.10297484562489208
3341.0,155.0,190.0,2290.0,6410.0,0.0,3.0,2.149174690246582,14.86072826385498,0.8458241028752281,7.0,2.0794415416798357,0.7001394896518027,0.4293506896427669,0.0,0.0,0.21467534482138345,0.0,0.1815734449767699,0.13956419605185544
3341.0,155.0,49.0,1077.0,956.0,1.0,1.0,5.448798179626465,20.646448135375977,0.9949065047340803,9.0,2.302585092994046,0.9611657480580811,0.39677824025563524,0.0,0.0,0.19838912012781762,0.0,0.24614966942768793,0.1434811366037214
3341.0,162.0,349.0,6293.0,2266.0,1.0,1.5,9.008591651916504,20.516803741455078,0.9998124595972048,18.0,2.9444389791664403,0.9423178739918808,0.7060485779710062,0.2939514220289939,0.16601977377067068,0.5,1.0,0.3505185443385697,0.4683611961270345
3341.0,162.0,13.0,6293.0,733.0,0.0,11.0,6.519852638244629,15.4817533493042,0.9981703296339968,1.0,0.6931471805599453,1.0,0.0,1.0,0.9999999999989999,0.5,1.0,0.3560213451398465,0.5490442071074102
3341.0,162.0,312.0,6293.0,3155.0,0.0,3.0,4.845780372619629,16.160503387451172,0.9795983301033464,15.0,2.772588722239781,0.9803906099397734,0.43102231345743547,0.5689776865425645,0.32162963916327175,0.5,1.0,0.2864066581613804,0.43523005490425004
3341.0,162.0,12.0,6293.0,4702.0,1.0,1.0,6.194095611572266,22.658376693725586,0.9979450543247061,0.0,0.0,0.0,0.0,0.0,0.0,0.0,0.0,0.23924467285919207,0.11496017086681257
3341.0,162.0,286.0,6293.0,733.0,1.0,1.0,13.376169204711914,23.620304107666016,0.9999971005925588,13.0,2.6390573296152584,0.04123462221165295,0.8003282900125356,0.0,0.0,0.4001641450062678,0.0,0.4377003973364914,0.37460749417312
3341.0,162.0,67.0,956.0,1077.0,0.0,309.0,0.5354771614074707,7.466233730316162,0.5443600448946206,0.0,0.0,0.0,0.0,0.0,0.0,0.0,0.0,0.12842462849376443,0.09775507132628608
3341.0,159.0,93.0,6410.0,3262.0,0.0,38.0,1.7594499588012695,10.963677406311035,0.7024652426316426,0.0,0.0,0.0,0.0,0.0,0.0,0.0,0.0,0.16496848861015337,0.11230647398287083
3341.0,159.0,132.0,6411.0,5037.0,0.0,133.0,4.782147407531738,13.462090492248535,0.9850604181831882,0.0,0.0,0.0,0.0,0.0,0.0,0.0,0.0,0.3289393985777602,0.20726624702023214
3341.0,61.0,7.0,5036.0,146.0,0.0,3.0,2.5378775596618652,8.591377258300781,0.8857272007051326,0.0,0.0,0.0,0.0,0.0,0.0,0.0,0.0,0.28840570852639363,0.20729964927321073
3341.0,61.0,73.0,6293.0,733.0,1.0,1.0,3.265868663787842,10.131739616394043,0.9239906140476565,2.0,1.0986122886681098,0.43527528164806206,0.0,0.0,0.0,0.0,0.0,0.3049081357019144,0.19755930289647142
3341.0,156.0,166.0,3155.0,2784.0,0.0,17.0,2.5426292419433594,7.554975509643555,0.8031687885072558,1.0,0.6931471805599453,0.0717936471873147,0.0,0.0,0.0,0.0,0.0,0.2637833711207643,0.19724605227627542
3341.0,156.0,124.0,2266.0,1161.0,0.0,6153.0,2.162485122680664,19.541545867919922,0.8776721004469124,2.0,1.0986122886681098,0.15853322601582306,0.0,0.0,0.0,0.0,0.0,0.14603300319677717,0.08132457409882687
3341.0,161.0,29.0,2290.0,956.0,0.0,22.0,1.3327555656433105,8.775006294250488,0.7599230270160612,0.0,0.0,0.0,0.0,0.0,0.0,0.0,0.0,0.2006074109967781,0.1451197499625706
3341.0,115.0,221.0,6293.0,3155.0,1.0,1.0,3.3042678833007812,12.07407283782959,0.9547941134572737,19.0,2.995732273553991,0.8042490800314893,0.5606239603304812,0.8392476784855742,0.5957010860944575,0.6999358194080277,1.0,0.29209369001390384,0.5980612470680022
3341.0,115.0,220.0,6293.0,3262.0,1.0,1.0,7.12809944152832,12.928333282470703,0.9975781998875844,19.0,2.995732273553991,0.820335356007638,0.5606239603304812,0.8392476784855742,0.5957010860944593,0.6999358194080277,1.0,0.4189690874302198,0.693605957160662
3341.0,142.0,0.0,733.0,4702.0,1.0,1.0,1.0127639770507812,6.845541477203369,0.6093663844021646,0.0,0.0,0.0,0.0,0.0,0.0,0.0,0.0,0.16126354824564074,0.12299101931976131
3341.0,142.0,16.0,4702.0,6344.0,0.0,4.0,2.3823256492614746,9.52915096282959,0.8535388075392554,0.0,0.0,0.0,0.0,0.0,0.0,0.0,0.0,0.255474823921982,0.1793560881935774
3341.0,207.0,222.0,3341.0,1283.0,0.0,9.0,2.574887275695801,14.881867408752441,0.927906739983023,0.0,0.0,0.0,0.0,0.0,0.0,0.0,0.0,0.2223692421302122,0.13660180162549623
3341.0,208.0,36.0,6410.0,711.0,0.0,42.0,3.2044925689697266,9.829936027526855,0.9362337438928996,0.0,0.0,0.0,0.0,0.0,0.0,0.0,0.0,0.31410846614987187,0.21860828654284162
3341.0,6.0,211.0,1077.0,776.0,0.0,23.0,5.781569957733154,12.42310619354248,0.9954593851080161,0.0,0.0,0.0,0.0,0.0,0.0,0.0,0.0,0.3828220685302348,0.24764410678470453
3341.0,6.0,97.0,733.0,45.0,0.0,5.0,0.3112039566040039,6.398148536682129,0.27081903753952713,0.0,0.0,0.0,0.0,0.0,0.0,0.0,0.0,0.07398178410333997,0.05927570358879128
3341.0,105.0,318.0,5037.0,733.0,0.0,9.0,2.8306169509887695,11.269376754760742,0.8293924752818786,0.0,0.0,0.0,0.0,0.0,0.0,0.0,0.0,0.23269016281596747,0.15525857721611963
3341.0,157.0,299.0,6293.0,1077.0,0.0,13.0,2.053450584411621,11.480729103088379,0.8182665952983608,0.0,0.0,0.0,0.0,0.0,0.0,0.0,0.0,0.20744984428234434,0.13910017084594875
6407.0,38.0,148.0,4286.0,5390.0,1.0,1.0,0.12269401550292969,7.549099922180176,0.49384351688227,43.0,3.784189633918261,0.8879629756445782,0.8154712461882548,0.783538680086674,0.6185487584499074,0.7995049631374644,1.0,0.10924351956130228,0.4234657977561496
6407.0,38.0,157.0,4286.0,1161.0,0.0,131.0,16.102077960968018,21.410367965698242,0.9999996817959385,47.0,3.871201010907891,0.9803906099397734,0.840412802094935,0.8509540919119823,0.7207623933382055,0.8456834470034587,1.0,0.5690663691128238,0.789956121732048
6407.0,38.0,96.0,4286.0,5484.0,1.0,1.0,8.171765327453613,20.828216552734375,0.9997174537526964,34.0,3.5553480614894135,0.9803906099397734,0.8631665686132572,0.8765593823433203,0.7201467420458912,0.8698629754782887,1.0,0.3202388568559565,0.6293322172544489
6407.0,38.0,317.0,4286.0,5484.0,1.0,1.0,9.983270168304443,16.931596755981445,0.9999310395468924,88.0,4.48863636973214,0.9803906099397734,0.8007540051549338,0.841287930607052,0.7034925725579035,0.8210209678809929,1.0,0.4439515015388518,0.7488089573709156
6407.0,38.0,31.0,4286.0,151.0,1.0,1.0,7.348193168640137,14.55232048034668,0.998863185474009,16.0,2.833213344056216,0.9611657480580811,0.7145357135053754,0.9999999999999999,0.8640446334515633,0.8572678567526877,1.0,0.39849850874917536,0.7355908809564541
6407.0,38.0,257.0,4286.0,6696.0,1.0,1.0,7.416072368621826,13.981346130371094,0.999348258879681,71.0,4.276666119016055,0.9803906099397734,0.8698315201280906,0.9112435861305747,0.8331625239426418,0.8905375531293327,1.0,0.4109493035979001,0.780523603178259
6407.0,38.0,319.0,5484.0,5390.0,0.0,6.0,3.870513916015625,10.050577163696289,0.9787242257254035,12.0,2.5649493574615367,0.7141434062641757,0.4347541082765457,0.0,0.0,0.21737705413827285,0.0,0.3533093239461455,0.3021507586552226
6407.0,38.0,63.0,3155.0,1145.0,0.0,8.0,1.0855493545532227,8.28393268585205,0.7162030263656385,0.0,0.0,0.0,0.0,0.0,0.0,0.0,0.0,0.18456508284459092,0.13563262716532165
6407.0,38.0,253.0,4286.0,5484.0,0.0,4820.0,7.475576400756836,23.41321563720703,0.9994335213131454,70.0,4.2626798770413155,0.8705505632961241,0.8584934230726897,0.9035126144258184,0.8199387709111935,0.8810030187492541,1.0,0.26218758406519277,0.5960186566318917
6407.0,38.0,193.0,4286.0,5484.0,1.0,1.0,4.089779853820801,14.874737739562988,0.983518963772381,54.0,4.007333185232471,0.836743383392903,0.8118230452236048,0.8548385398395021,0.7223284423503488,0.8333307925315534,1.0,0.2864722059338777,0.6604126620010718
6407.0,38.0,126.0,4286.0,6407.0,1.0,1.0,11.07460880279541,20.560678482055664,0.9999775912034741,40.0,3.713572066704308,0.9803906099397734,0.7573379206555803,0.798676032431446,0.6564683027588777,0.7780069765435131,1.0,0.41575789134126306,0.6721496686401682
6407.0,38.0,278.0,5484.0,6344.0,0.0,3434.0,3.096304416656494,6.037410736083984,0.8647024814846578,11.0,2.4849066497880004,0.9238395952400507,0.2532594705481789,0.0,0.0,0.12662973527408944,0.0,0.33327676534421957,0.2634878288937756
6407.0,38.0,67.0,5484.0,2290.0,0.0,7.0,8.292894721031189,9.475512504577637,0.9992931890050969,6.0,1.9459101490553132,0.820335356007638,0.545336597195989,0.0,0.0,0.2726682985979945,0.0,0.5211323774122687,0.436881669483564
6407.0,142.0,136.0,6407.0,3415.0,0.0,2.0,2.566378593444824,9.66330337524414,0.9130146937787209,0.0,0.0,0.0,0.0,0.0,0.0,0.0,0.0,0.2867668131314697,0.20117636613924772
6407.0,142.0,254.0,18.0,5154.0,0.0,1734.0,10.312795639038086,14.077075958251953,0.9999180062923009,0.0,0.0,0.0,0.0,0.0,0.0,0.0,0.0,0.5065093074155086,0.3157797226834975
6407.0,142.0,221.0,1077.0,2272.0,0.0,2207.0,3.8084716796875,12.357306480407715,0.9725484477765781,0.0,0.0,0.0,0.0,0.0,0.0,0.0,0.0,0.3111404019870424,0.20285025242361512
6407.0,53.0,187.0,5196.0,1077.0,0.0,2.0,4.454488277435303,11.893988609313965,0.9784963487679179,0.0,0.0,0.0,0.0,0.0,0.0,0.0,0.0,0.3408347111560298,0.22418835998362907
6407.0,53.0,197.0,5421.0,3262.0,0.0,8.0,1.9059505462646484,15.705728530883789,0.8101503774060025,0.0,0.0,0.0,0.0,0.0,0.0,0.0,0.0,0.15633669247719745,0.09436782875729173
6407.0,207.0,292.0,1077.0,6284.0,0.0,17.0,3.189356803894043,8.47651195526123,0.8880766702977971,2.0,1.0986122886681098,0.15237670677555948,0.4900991917739812,0.0,0.0,0.2450495958869906,0.0,0.30979406929969594,0.3052769978638156
6407.0,207.0,293.0,1077.0,2454.0,0.0,4.0,5.475207567214966,8.700324058532715,0.9931284094132486,2.0,1.0986122886681098,0.14938869249630476,0.4900991917739813,0.0,0.0,0.24504959588699066,0.0,0.43656701794199443,0.41116028332731186
6407.0,160.0,252.0,5484.0,3155.0,0.0,2.0,4.727304458618164,17.638721466064453,0.99108306792363,0.0,0.0,0.0,0.0,0.0,0.0,0.0,0.0,0.2673198260869437,0.15014001145340797
6407.0,160.0,299.0,7084.0,2425.0,0.0,1409.0,1.825920581817627,8.539846420288086,0.8362081582019882,0.0,0.0,0.0,0.0,0.0,0.0,0.0,0.0,0.24694247869429803,0.17872432294901838
6407.0,116.0,138.0,1077.0,6407.0,0.0,1366.0,0.8949375152587891,7.316460132598877,0.6982423336143168,0.0,0.0,0.0,0.0,0.0,0.0,0.0,0.0,0.18471463399521365,0.1393600419321586
6407.0,115.0,196.0,6407.0,1077.0,0.0,2.0,0.8672075271606445,12.88383960723877,0.7040904250960083,0.0,0.0,0.0,0.0,0.0,0.0,0.0,0.0,0.13268269569208807,0.08760412896273036
6407.0,98.0,106.0,362.0,1148.0,0.0,8.0,2.8647284507751465,6.941832065582275,0.8101815517750636,1.0,0.6931471805599453,0.6729500963161781,0.0,0.0,0.0,0.0,0.0,0.2846399897347941,0.18028668773237885
6407.0,202.0,35.0,2596.0,4417.0,0.0,336.0,0.36448192596435547,6.003518104553223,0.520287579197799,0.0,0.0,0.0,0.0,0.0,0.0,0.0,0.0,0.13122310535215853,0.10383366014448966
6407.0,123.0,317.0,1077.0,2290.0,0.0,43.0,11.1287202835083,21.967086791992188,0.9999815082675085,3.0,1.3862943611198906,0.4267397988666503,0.5397961500840222,0.46020384991597785,0.16857207627966847,0.5,1.0,0.39300301903748297,0.48397157939180263
536.0,160.0,102.0,6291.0,5933.0,0.0,6.0,2.971100091934204,5.443436622619629,0.8624607042485316,0.0,0.0,0.0,0.0,0.0,0.0,0.0,0.0,0.33788596340878735,0.25995070318548374
536.0,160.0,77.0,2713.0,5496.0,0.0,112.0,2.0362911224365234,5.850461006164551,0.7763195493141506,0.0,0.0,0.0,0.0,0.0,0.0,0.0,0.0,0.2618940432191121,0.20088087924074177
829.0,53.0,36.0,2290.0,6410.0,1.0,1.0,3.499547243118286,6.1733012199401855,0.9690773748496213,2.0,1.0986122886681098,0.9611657480580811,0.0,1.0,0.9999999999994746,0.5,1.0,0.40198009898352355,0.6774498762119273
829.0,160.0,34.0,3155.0,4393.0,1.0,1.0,2.058445930480957,10.220942497253418,0.8605375687135096,1.0,0.6931471805599453,0.5100008047105996,0.0,1.0,0.9999999999980392,0.5,1.0,0.24110498710135495,0.5222131070698587
829.0,160.0,224.0,3159.0,5158.0,0.0,7056.0,4.970841407775879,11.0960693359375,0.9858796866997671,1.0,0.6931471805599453,1.0,0.0,0.0,0.0,0.0,0.0,0.37420762680292624,0.1966483783779545
829.0,103.0,128.0,3155.0,6890.0,1.0,1.0,7.114072799682617,11.663777351379395,0.9981560240841941,0.0,0.0,0.0,0.0,0.0,0.0,0.0,0.0,0.4412819177507182,0.29122458773390814
4278.0,208.0,104.0,5471.0,4278.0,1.0,1.0,1.7628908157348633,5.384520530700684,0.7743899085869549,0.0,0.0,0.0,0.0,0.0,0.0,0.0,0.0,0.26037348226500123,0.20263468708962248
1173.0,123.0,57.0,1173.0,6504.0,0.0,20.0,2.7765064239501953,9.492463111877441,0.8795583090595219,0.0,0.0,0.0,0.0,0.0,0.0,0.0,0.0,0.27868834971675605,0.19530277002775867
1173.0,53.0,64.0,4004.0,2455.0,1.0,1.0,3.3400182723999023,5.632225036621094,0.9216654935112092,0.0,0.0,0.0,0.0,0.0,0.0,0.0,0.0,0.37898458136194246,0.29101168146053835
1173.0,63.0,140.0,1173.0,6411.0,0.0,3159.0,1.4369151592254639,3.4969587326049805,0.39456347253106205,0.0,0.0,0.0,0.0,0.0,0.0,0.0,0.0,0.13392760643500493,0.11052478878306295
1173.0,156.0,113.0,6504.0,2083.0,0.0,20.0,6.438788890838623,8.69948673248291,0.996569346902279,0.0,0.0,0.0,0.0,0.0,0.0,0.0,0.0,0.470913409767025,0.3358700176623474
1173.0,156.0,344.0,6805.0,5450.0,0.0,4.0,5.011876583099365,10.297431945800781,0.9884090625826588,0.0,0.0,0.0,0.0,0.0,0.0,0.0,0.0,0.3906105990341071,0.26770116515906217
1173.0,127.0,36.0,6504.0,4412.0,0.0,431.0,13.389368057250977,22.493545532226562,0.9999968777255177,1.0,0.6931471805599453,1.0,0.0,1.0,0.9999999999989999,0.5,1.0,0.45831139441582075,0.5663224599128712
2676.0,53.0,264.0,359.0,537.0,1.0,1.0,7.7574052810668945,16.587902069091797,0.9993815968020135,1.0,0.6931471805599453,0.9611657480580811,0.0,0.0,0.0,0.0,0.0,0.376948636925629,0.16949046299674653
2676.0,127.0,251.0,6407.0,6293.0,0.0,3945.0,0.3208460807800293,5.936068534851074,0.5484852102503371,0.0,0.0,0.0,0.0,0.0,0.0,0.0,0.0,0.1390432307944823,0.11010895599219553
2676.0,160.0,260.0,5395.0,6052.0,0.0,6908.0,3.0001847743988037,4.95475959777832,0.8951980828746503,0.0,0.0,0.0,0.0,0.0,0.0,0.0,0.0,0.36481287655942074,0.284529890058225
6665.0,56.0,102.0,1145.0,1928.0,1.0,1.0,6.647003650665283,10.830196380615234,0.9965625853882039,0.0,0.0,0.0,0.0,0.0,0.0,0.0,0.0,0.43964571687130743,0.29663337185376903
6665.0,224.0,140.0,1145.0,6293.0,1.0,1.0,12.520062446594238,15.036852836608887,0.9999953857023327,13.0,2.6390573296152584,0.8705505632961241,0.770747625313116,0.567260292023308,0.25876631640770276,0.6690039586682119,1.0,0.5634471731442573,0.7258195431879964
6665.0,224.0,312.0,1145.0,1353.0,1.0,1.0,4.4566779136657715,8.623658180236816,0.9877359595885494,40.0,3.713572066704308,0.9803906099397734,0.8418505684775117,0.9634430884625158,0.901798758023865,0.9026468284700138,1.0,0.4012509526753198,0.8091316866493747
6665.0,224.0,107.0,1145.0,2683.0,1.0,1.0,3.1373085975646973,9.710740089416504,0.9558709218138067,11.0,2.4849066497880004,0.6341329040632923,0.7290928093532552,0.9687707849066829,0.8756769443566961,0.848931797129969,1.0,0.3242917784409807,0.7401263859059682
6665.0,168.0,29.0,1145.0,1971.0,1.0,1.0,3.783900260925293,10.514232635498047,0.9751566458306405,1.0,0.6931471805599453,0.9238395952400507,0.0,1.0,0.9999999999989175,0.5,1.0,0.34109958840579196,0.5876914527511617
6665.0,205.0,33.0,1145.0,4261.0,1.0,1.0,4.571783065795898,6.081890106201172,0.9550755137467533,0.0,0.0,0.0,0.0,0.0,0.0,0.0,0.0,0.4306069525012689,0.3261608310195258
1434.0,91.0,237.0,1145.0,4261.0,0.0,2.0,0.5878753662109375,9.567394256591797,0.6413905655471223,15.0,2.772588722239781,0.4528618321319533,0.7727313023271177,0.8935069503595883,0.7809403320721006,0.8331191263433531,1.0,0.13869272524964446,0.5244859020057147
1434.0,91.0,27.0,1145.0,4261.0,1.0,1.0,3.516913890838623,7.617393970489502,0.9659489902225699,3.0,1.3862943611198906,0.6597539553864471,0.0,1.0,0.9999999999994574,0.5,1.0,0.37590660764615347,0.6748592529508504
1434.0,191.0,72.0,1145.0,4346.0,1.0,1.0,15.477631092071533,21.799570083618164,0.9999996203005476,7.0,2.0794415416798357,0.9611657480580811,0.7407275471913297,0.8754225303204253,0.7271196762157045,0.8080750387558775,1.0,0.5412659778575667,0.7354892780464485
1434.0,191.0,326.0,1145.0,1971.0,1.0,1.0,2.1033554077148438,14.025369644165039,0.8878959123123759,32.0,3.4965075614664802,0.8534795977333005,0.6387255724433528,0.9124981981166107,0.834294427201256,0.7756118852799818,1.0,0.20585965958360297,0.5596308255466472
1434.0,191.0,243.0,1145.0,1971.0,0.0,70.0,4.66731071472168,12.945969581604004,0.989641997957013,24.0,3.2188758248682006,0.8879629756445782,0.7668075709706109,0.888030831058081,0.7526476268195134,0.827419201014346,1.0,0.33623748749462756,0.6994902892411622
1434.0,191.0,134.0,1145.0,1971.0,1.0,1.0,4.411008834838867,18.713911056518555,0.9879790710088312,15.0,2.772588722239781,0.9238395952400507,0.5785954806792262,0.9752578512278091,0.9391502010333528,0.7769266659535177,1.0,0.2429917796709347,0.5601643129544581
1434.0,38.0,255.0,1145.0,4261.0,1.0,1.0,15.106852531433105,26.711748123168945,0.9999997250215994,71.0,4.276666119016055,0.9803906099397734,0.809317083326276,0.8896660734662942,0.7778482350393904,0.8494915783962851,1.0,0.44020869688891606,0.684230146821906
1434.0,38.0,132.0,1145.0,4261.0,1.0,1.0,8.102605819702148,20.016399383544922,0.9996971083199403,33.0,3.5263605246161616,0.9611657480580811,0.8155229501355866,0.8196216929706099,0.6521705483157393,0.8175723215530983,1.0,0.3310808100347817,0.6207569968288731
1434.0,38.0,65.0,1145.0,4261.0,1.0,1.0,16.693342208862305,28.523372650146484,0.9999999437369423,13.0,2.6390573296152584,0.9238395952400507,0.7062314040905513,0.8083994655380862,0.666107526256817,0.7573154348143187,1.0,0.46083637004173916,0.6148587147511848
1434.0,38.0,169.0,1145.0,1971.0,1.0,1.0,8.359785079956055,16.2139949798584,0.9997196145333797,39.0,3.6888794541139363,0.836743383392903,0.8446350005924397,0.7409825805347381,0.5730031183945724,0.7928087905635889,1.0,0.4029487112238245,0.7067015067266151
1434.0,38.0,274.0,1145.0,4261.0,1.0,1.0,11.443310737609863,16.347768783569336,0.999989161548088,76.0,4.343805421853684,0.9803906099397734,0.8568470813026346,0.8742726737348012,0.7409096802834005,0.8655598775187179,1.0,0.5036663190148238,0.7991287275345633
1434.0,38.0,102.0,1145.0,5575.0,1.0,1.0,8.924248218536377,16.61202621459961,0.999852701518412,25.0,3.258096538021482,0.9803906099397734,0.8429875112225054,0.6493848379049688,0.419223859620092,0.746186174563737,1.0,0.41450478706260396,0.6595314050659055
1434.0,38.0,322.0,1145.0,4261.0,1.0,1.0,15.004143714904785,29.16732406616211,0.9999996953614954,91.0,4.5217885770490405,0.9238395952400507,0.8327881281003675,0.9467164829315848,0.8813397184062564,0.8897523055159762,1.0,0.3936542478610097,0.6657333637851491
1434.0,38.0,128.0,1145.0,1971.0,1.0,1.0,19.034770011901855,22.278079986572266,0.9999999905146348,31.0,3.4657359027997265,0.9423178739918808,0.7846268034329251,0.7894120021713819,0.6054095083739099,0.7870194028021535,1.0,0.6483344039054679,0.7988345183865072
1434.0,38.0,271.0,1434.0,1145.0,0.0,2.0,2.964500904083252,7.221755027770996,0.9444266988598504,0.0,0.0,0.0,0.0,0.0,0.0,0.0,0.0,0.35323200800196614,0.2628297556165554
1434.0,143.0,93.0,1145.0,2683.0,1.0,1.0,4.185964584350586,5.566128730773926,0.9425081066640836,1.0,0.6931471805599453,0.7284274237469965,0.0,1.0,0.9999999999986272,0.5,1.0,0.4195841283188287,0.7044717907531043
1434.0,156.0,195.0,1145.0,1928.0,0.0,11.0,11.878773212432861,19.264345169067383,0.9999925727479991,19.0,2.995732273553991,1.0,0.5170539675585596,0.9756897875981579,0.9253500469360502,0.7463718775783588,1.0,0.4656535961323202,0.7197472334808942
1434.0,156.0,354.0,1971.0,2996.0,0.0,5.0,1.3447833061218262,5.601473808288574,0.6995046065568332,2.0,1.0986122886681098,0.17853585156604396,0.41181296823779734,0.0,0.0,0.20590648411889867,0.0,0.2147199924872293,0.22319391160583885
1434.0,156.0,334.0,1145.0,4261.0,1.0,1.0,7.646591663360596,14.448256492614746,0.9994273836799201,35.0,3.58351893845611,0.7884782461155736,0.7417502550163381,0.9242622482771345,0.8520222641021425,0.8330062516467363,1.0,0.41035737319143134,0.7650881517960056
1434.0,156.0,298.0,1145.0,1173.0,1.0,1.0,8.88778018951416,9.943745613098145,0.9994488783130848,33.0,3.5263605246161616,0.9238395952400507,0.6595639520898053,0.900159201025476,0.8094168724942152,0.7798615765576407,1.0,0.5328240573380032,0.8292710872854736
1434.0,156.0,231.0,1145.0,1928.0,1.0,1.0,11.825642585754395,19.62727928161621,0.9999919300554365,22.0,3.1354942159291497,0.9803906099397734,0.7241817953996612,0.9861160488176451,0.9566726294160933,0.8551489221086532,1.0,0.4573383699943946,0.7543806578288657
1434.0,202.0,48.0,1145.0,4261.0,1.0,1.0,1.299060583114624,5.024285793304443,0.6338622575864749,1.0,0.6931471805599453,0.9238395952400507,0.0,1.0,0.9999999999989175,0.5,1.0,0.19477586431183275,0.4599589489209643
1434.0,202.0,193.0,1145.0,4261.0,1.0,1.0,12.217603206634521,17.868274688720703,0.9999922254541592,8.0,2.1972245773362196,0.8705505632961241,0.6057933522642399,0.7445221682449857,0.5812241778740731,0.6751577602546128,1.0,0.5023194680297477,0.6947103782061751
1434.0,137.0,344.0,1145.0,1928.0,1.0,1.0,4.486815929412842,5.804255962371826,0.9428890949176653,0.0,0.0,0.0,0.0,0.0,0.0,0.0,0.0,0.42552639740167253,0.3239292209822015
1434.0,56.0,127.0,1145.0,4185.0,1.0,1.0,8.72098445892334,16.072673797607422,0.9997557932452243,2.0,1.0986122886681098,0.7730166686334901,0.21297628825416726,0.7870237117458327,0.34292087164134505,0.5,1.0,0.4172577180547756,0.5115748959471959
1434.0,61.0,150.0,1145.0,4261.0,1.0,1.0,10.092217445373535,18.823549270629883,0.9999581920859734,6.0,1.9459101490553132,0.27602237841845306,0.6466235712486892,0.35337642875131087,0.09272682678692909,0.5,1.0,0.41403334121882196,0.5550066739797687
1434.0,160.0,340.0,4019.0,1353.0,0.0,10.0,5.0558881759643555,12.01864242553711,0.9854334721754283,1.0,0.6931471805599453,0.023218660767764833,0.0,0.0,0.0,0.0,0.0,0.36110392014751425,0.24412981954205323
1434.0,46.0,97.0,1145.0,1971.0,1.0,1.0,7.091687202453613,15.376096725463867,0.9990034192779332,1.0,0.6931471805599453,0.5858370854182298,0.0,1.0,0.999999999998293,0.5,1.0,0.3762006995983072,0.6038923485091314
3922.0,129.0,191.0,1077.0,6635.0,0.0,5.0,2.445098876953125,7.09020471572876,0.7384639375514567,0.0,0.0,0.0,0.0,0.0,0.0,0.0,0.0,0.2383320271096091,0.17632697212785878
3922.0,142.0,343.0,6407.0,7038.0,0.0,4.0,4.6332268714904785,12.350505828857422,0.9853481467538939,0.0,0.0,0.0,0.0,0.0,0.0,0.0,0.0,0.34254989408206293,0.22262953832660384
3922.0,142.0,110.0,711.0,1077.0,1.0,1.0,6.211042404174805,17.7753963470459,0.9977446080516967,2.0,1.0986122886681098,0.2706097479346942,0.0,0.0,0.0,0.0,0.0,0.3097037804877543,0.1694133277751308
3922.0,142.0,76.0,2290.0,3262.0,1.0,1.0,2.477874755859375,12.863297462463379,0.9210727214317034,0.0,0.0,0.0,0.0,0.0,0.0,0.0,0.0,0.243173700900755,0.15756071788200518
3922.0,130.0,328.0,1077.0,711.0,0.0,89.0,0.9834046363830566,7.33707857131958,0.5198972199136578,0.0,0.0,0.0,0.0,0.0,0.0,0.0,0.0,0.1296570094413649,0.09819338619344087
3922.0,207.0,174.0,1077.0,3262.0,0.0,3.0,1.195481777191162,6.611847877502441,0.6824924364228505,2.0,1.0986122886681098,0.5412194958693883,0.28276291816654675,1.0,0.8903768484727865,0.6413814590832734,1.0,0.19293805369784095,0.5238034895032212
3922.0,156.0,67.0,1171.0,5463.0,0.0,24.0,0.5180535316467285,5.430540084838867,0.3873717795022067,0.0,0.0,0.0,0.0,0.0,0.0,0.0,0.0,0.10449824791071144,0.0842948297267839
3922.0,127.0,160.0,6890.0,925.0,0.0,23.0,7.117347717285156,17.983137130737305,0.9986597865617921,0.0,0.0,0.0,0.0,0.0,0.0,0.0,0.0,0.33363142804720286,0.1834950794400133
3922.0,38.0,183.0,4271.0,1154.0,0.0,2.0,5.1579588651657104,6.772543907165527,0.985476689831518,4.0,1.6094379124341003,0.5743491774985175,0.5299075016050117,0.47009249839498835,0.1678648070776328,0.5,1.0,0.45589716860078566,0.6620922816510709
3922.0,38.0,290.0,2683.0,1611.0,0.0,3.0,4.7007622718811035,6.972781181335449,0.9796490947171757,0.0,0.0,0.0,0.0,0.0,0.0,0.0,0.0,0.43358900961632885,0.3227150264136373
3922.0,38.0,0.0,1154.0,5463.0,0.0,3.0,1.080977439880371,10.381629943847656,0.7458383334900812,0.0,0.0,0.0,0.0,0.0,0.0,0.0,0.0,0.17267368901585844,0.12066590094965264
3922.0,169.0,155.0,1077.0,6410.0,1.0,1.0,7.230986595153809,19.805295944213867,0.9990925398897875,0.0,0.0,0.0,0.0,0.0,0.0,0.0,0.0,0.3084623567445612,0.1605570332756418
3922.0,53.0,117.0,1077.0,6890.0,0.0,4.0,0.9708080291748047,5.645147800445557,0.47533665551256565,1.0,0.6931471805599453,0.39423912305778674,0.0,0.0,0.0,0.0,0.0,0.13117838707263757,0.09528737460727842
3922.0,53.0,336.0,5385.0,7109.0,0.0,5.0,0.08360958099365234,9.378975868225098,0.47878388513631936,0.0,0.0,0.0,0.0,0.0,0.0,0.0,0.0,0.09342283020361623,0.06896635241659335
3922.0,53.0,171.0,1077.0,6635.0,0.0,2.0,3.3362812995910645,10.580305099487305,0.9583663937451384,8.0,2.1972245773362196,0.5306065116666864,0.5306528937634046,0.8317861368782004,0.5286056745246236,0.6812195153208025,1.0,0.3177443801920697,0.6241826409915373
3922.0,116.0,277.0,6410.0,3262.0,0.0,10.0,0.33869123458862305,4.9565749168396,0.30152835278996615,0.0,0.0,0.0,0.0,0.0,0.0,0.0,0.0,0.0874642760668399,0.07216592886667728
3922.0,155.0,75.0,920.0,1077.0,0.0,2.0,0.41801881790161133,6.18845272064209,0.43770843892196304,0.0,0.0,0.0,0.0,0.0,0.0,0.0,0.0,0.10955263352275507,0.08670665701426734
5037.0,141.0,78.0,5037.0,1077.0,0.0,3.0,1.8767385482788086,9.924806594848633,0.7553215521841572,0.0,0.0,0.0,0.0,0.0,0.0,0.0,0.0,0.19729534316836844,0.13758120576959726
5037.0,141.0,250.0,5037.0,3262.0,0.0,2.0,0.5419111251831055,10.964248657226562,0.5404894600734137,0.0,0.0,0.0,0.0,0.0,0.0,0.0,0.0,0.10186591761469835,0.0714026983272535
5037.0,0.0,95.0,5037.0,3669.0,0.0,2342.0,2.178473949432373,6.267083644866943,0.711468324085665,0.0,0.0,0.0,0.0,0.0,0.0,0.0,0.0,0.23087970899156374,0.17473130700917042
5037.0,155.0,269.0,6410.0,1077.0,0.0,4.0,0.39171504974365234,9.545951843261719,0.5737352568057577,5.0,1.791759469228055,0.8042490800314893,0.17682602509625245,0.8231739749037476,0.6914248498101832,0.5,1.0,0.1177221378672945,0.2963828157102373
5037.0,155.0,279.0,5037.0,6410.0,0.0,2.0,1.8336963653564453,13.904478073120117,0.8403953058921297,0.0,0.0,0.0,0.0,0.0,0.0,0.0,0.0,0.18358756135960974,0.11627440044028253
5037.0,155.0,259.0,6410.0,1077.0,1.0,1.0,5.977450847625732,11.374258995056152,0.9969775923319328,5.0,1.791759469228055,0.9803906099397734,0.17682602509625234,0.8231739749037477,0.6914248498102397,0.5,1.0,0.40817562624760423,0.6118091798408856
5037.0,155.0,61.0,4805.0,1077.0,0.0,2.0,1.3029098510742188,10.842565536499023,0.7342168450096915,0.0,0.0,0.0,0.0,0.0,0.0,0.0,0.0,0.1682384688565382,0.11580220946549423
5037.0,142.0,114.0,3262.0,5037.0,0.0,8.0,17.232728958129883,28.606122970581055,0.9999999368367161,0.0,0.0,0.0,0.0,0.0,0.0,0.0,0.0,0.4775048146618262,0.19445999197674194
5037.0,142.0,185.0,3262.0,6823.0,1.0,1.0,8.497640609741211,16.437700271606445,0.9997235818650767,1.0,0.6931471805599453,0.9803906099397734,0.0,0.0,0.0,0.0,0.0,0.40353879436159235,0.1821723565253318
5037.0,142.0,181.0,5037.0,3262.0,0.0,5.0,1.560089111328125,12.453254699707031,0.8209269539020654,0.0,0.0,0.0,0.0,0.0,0.0,0.0,0.0,0.18678058158724023,0.12316653046852104
5037.0,142.0,162.0,3262.0,3535.0,0.0,2.0,3.586541175842285,12.319955825805664,0.9626065690268776,0.0,0.0,0.0,0.0,0.0,0.0,0.0,0.0,0.3002621087007114,0.19602068025769334
5037.0,142.0,301.0,1077.0,3262.0,0.0,4.0,1.6068735122680664,12.293172836303711,0.817934344784016,14.0,2.70805020110221,0.20508383900190946,0.7026859808945078,0.0,0.0,0.3513429904472539,0.0,0.1884118689077257,0.2244712812124595
5037.0,56.0,142.0,6410.0,711.0,0.0,3.0,5.277353286743164,14.846273422241211,0.9923916974314358,12.0,2.5649493574615367,0.6597539553864471,0.6274971319734239,0.7362958460150454,0.43588073730656857,0.6818964889942347,1.0,0.32550665091562475,0.5848120867983687
5037.0,56.0,290.0,6410.0,5037.0,0.0,5.0,2.6406784057617188,23.792953491210938,0.9331968042655182,22.0,3.1354942159291497,0.7578582832551991,0.7227099225826201,0.6323523075022914,0.3161164988881688,0.6775311150424558,1.0,0.1329175473127321,0.2742124888162414
5037.0,56.0,200.0,6504.0,3262.0,0.0,121.0,0.6918039321899414,11.463375091552734,0.4156457688778255,0.0,0.0,0.0,0.0,0.0,0.0,0.0,0.0,0.07632551830276989,0.053146452189687984
5037.0,56.0,115.0,4950.0,2704.0,0.0,13.0,2.576728343963623,7.715445041656494,0.8261282904808115,0.0,0.0,0.0,0.0,0.0,0.0,0.0,0.0,0.27327277790950716,0.19966397664707083
5037.0,56.0,225.0,6410.0,1163.0,0.0,5.0,5.89255952835083,11.654227256774902,0.9962399077644917,19.0,2.995732273553991,0.5412194958693883,0.6727714042676314,0.3272285957323686,0.18697939968775185,0.5,1.0,0.4001029736812536,0.628964093005352
5037.0,160.0,94.0,3262.0,6410.0,0.0,2.0,1.0833911895751953,15.046509742736816,0.7444091221994213,1.0,0.6931471805599453,0.8042490800314893,0.0,0.0,0.0,0.0,0.0,0.1292467218796106,0.06425423240881509
5037.0,208.0,281.0,3262.0,5037.0,0.0,3.0,0.3891725540161133,16.24677848815918,0.4540715194708627,2.0,1.0986122886681098,0.05127095975047738,0.3074703460997069,0.0,0.0,0.15373517304985346,0.0,0.057977090804351296,0.049021872723401444
5037.0,208.0,293.0,5037.0,6410.0,0.0,2.0,10.253803253173828,20.762516021728516,0.9999646589684845,0.0,0.0,0.0,0.0,0.0,0.0,0.0,0.0,0.38560385561792754,0.1947564066293451
5037.0,208.0,103.0,5037.0,6410.0,0.0,2.0,1.5677528381347656,14.879813194274902,0.8125024031727753,0.0,0.0,0.0,0.0,0.0,0.0,0.0,0.0,0.15895754068717047,0.09855974338792906
5037.0,127.0,33.0,5037.0,6410.0,0.0,2.0,2.549285888671875,23.910228729248047,0.9270696816407115,0.0,0.0,0.0,0.0,0.0,0.0,0.0,0.0,0.128866802844192,0.06223082115376341
5037.0,127.0,215.0,1077.0,6410.0,0.0,6.0,0.2279214859008789,14.342351913452148,0.5417056615485368,3.0,1.3862943611198906,0.4528618321319533,0.21149926069498393,0.0,0.0,0.10574963034749196,0.0,0.07865618753215335,0.05695577834358861
5037.0,127.0,179.0,6890.0,6410.0,0.0,3.0,1.3910293579101562,12.896211624145508,0.7743914209936351,0.0,0.0,0.0,0.0,0.0,0.0,0.0,0.0,0.16272060869713337,0.1063260693149106
5037.0,115.0,276.0,6410.0,5037.0,1.0,1.0,2.560889720916748,10.356666564941406,0.8849748056687871,7.0,2.0794415416798357,0.6216979445974911,0.0945941732400587,0.9054058267599413,0.035398304006072204,0.5,1.0,0.2631533649868311,0.36767191187553805
5037.0,6.0,198.0,6410.0,5037.0,1.0,1.0,7.853839874267578,21.163171768188477,0.9993137576769827,8.0,2.1972245773362196,0.8879629756445782,0.656540108244407,0.9747543412060123,0.8708079423909804,0.8156472247252097,1.0,0.30557678990146386,0.5932751111639271
5037.0,6.0,355.0,1077.0,6410.0,0.0,400.0,10.588996887207031,25.68366241455078,0.9999743894625708,0.0,0.0,0.0,0.0,0.0,0.0,0.0,0.0,0.315017974515586,0.13534962180600976
5037.0,6.0,40.0,3341.0,5037.0,0.0,3.0,0.057956695556640625,12.426173210144043,0.4962017989560834,0.0,0.0,0.0,0.0,0.0,0.0,0.0,0.0,0.07909944074924839,0.054288881091064535
5037.0,6.0,96.0,1077.0,3262.0,0.0,5.0,0.5976791381835938,8.394768714904785,0.4772581200123155,0.0,0.0,0.0,0.0,0.0,0.0,0.0,0.0,0.10569768743421484,0.07894501228789451
5037.0,196.0,162.0,3262.0,5037.0,0.0,3.0,0.8546781539916992,7.258124828338623,0.5970224001630607,1.0,0.6931471805599453,0.7429971445684742,0.0,1.0,0.3029520510651372,0.5,1.0,0.1506076107297611,0.25890371982003835
5037.0,103.0,84.0,6410.0,3535.0,0.0,137.0,2.206888198852539,12.90059757232666,0.8691316529987835,4.0,1.6094379124341003,1.0,0.4287946587763335,0.0,0.0,0.21439732938816675,0.0,0.21418994613521,0.15221932882582562
5037.0,103.0,93.0,1077.0,3262.0,0.0,2.0,2.6814913749694824,7.042611122131348,0.9164163493708816,1.0,0.6931471805599453,0.4439814878222891,0.0,0.0,0.0,0.0,0.0,0.3323336044915221,0.22810063048335436
5037.0,103.0,221.0,6785.0,3262.0,0.0,2.0,0.41564464569091797,10.738838195800781,0.5188309117394176,0.0,0.0,0.0,0.0,0.0,0.0,0.0,0.0,0.09712351315629854,0.06872651362782613
5037.0,103.0,184.0,6410.0,3262.0,0.0,2.0,0.6932973861694336,14.366847038269043,0.656164747135583,5.0,1.791759469228055,0.8534795977333005,0.2738433074914802,0.0,0.0,0.1369216537457401,0.0,0.10680473994576858,0.07146081522576231
5037.0,103.0,276.0,6410.0,6098.0,0.0,2.0,0.238250732421875,7.0422749519348145,0.3950140421721843,6.0,1.9459101490553132,0.9057236642639067,0.1734444096260107,0.0,0.0,0.08672220481300535,0.0,0.09243049192788476,0.06943872703423451
5037.0,61.0,20.0,6410.0,3262.0,1.0,1.0,0.20015430450439453,12.180274963378906,0.5162148798597633,1.0,0.6931471805599453,0.9803906099397734,0.0,1.0,0.99999999999898,0.5,1.0,0.08553639762232426,0.22255620792402694
5037.0,38.0,150.0,1171.0,1163.0,0.0,356.0,2.6936416625976562,10.161311149597168,0.9206981923282878,1.0,0.6931471805599453,0.16170414568287425,0.0,0.0,0.0,0.0,0.0,0.2866984772967993,0.19729368113530985
5037.0,38.0,152.0,711.0,5950.0,0.0,2571.0,6.8609418869018555,8.999277114868164,0.9981703194666305,0.0,0.0,0.0,0.0,0.0,0.0,0.0,0.0,0.48069741628949547,0.3403974145898313
5037.0,98.0,335.0,1077.0,6410.0,0.0,7.0,0.41464996337890625,15.32840347290039,0.5688640033969422,3.0,1.3862943611198906,0.02944743356224628,0.5715624529771274,0.0,0.0,0.2857812264885637,0.0,0.08006619597083463,0.08582869816905978
5037.0,202.0,293.0,3288.0,5037.0,0.0,11.0,0.6160321235656738,6.545259952545166,0.5454126410584408,1.0,0.6931471805599453,1.0,0.0,1.0,0.6006410417151027,0.5,1.0,0.13766066005716476,0.27715853905760185
5037.0,202.0,259.0,2704.0,1077.0,0.0,28.0,0.4376239776611328,9.184736251831055,0.4425453410732311,0.0,0.0,0.0,0.0,0.0,0.0,0.0,0.0,0.0912941461354676,0.06734146411752039
5037.0,19.0,149.0,5037.0,6410.0,0.0,5.0,1.7067523002624512,8.047115325927734,0.7922687524658193,0.0,0.0,0.0,0.0,0.0,0.0,0.0,0.0,0.23124382896339565,0.16934722647707687
5037.0,53.0,79.0,3825.0,3262.0,0.0,2.0,1.973592758178711,8.496956825256348,0.872066821299422,1.0,0.6931471805599453,0.5858370854182298,0.0,0.0,0.0,0.0,0.0,0.267859190087998,0.16984958034106476
5037.0,156.0,282.0,6410.0,5037.0,0.0,195.0,3.2474212646484375,8.577917098999023,0.9527100683790969,22.0,3.1354942159291497,1.0,0.6521527131213692,0.0,0.0,0.3260763565606846,0.0,0.3441546408426979,0.33099785221061534
5037.0,176.0,91.0,1077.0,5037.0,0.0,5489.0,0.6395764350891113,7.105154037475586,0.5236278189177809,0.0,0.0,0.0,0.0,0.0,0.0,0.0,0.0,0.12733828140052764,0.09764276696672333
5037.0,222.0,326.0,146.0,6410.0,0.0,2.0,2.052553653717041,6.653548240661621,0.8750386633064122,0.0,0.0,0.0,0.0,0.0,0.0,0.0,0.0,0.29854877664840856,0.22581445744099718
5037.0,85.0,226.0,3262.0,5037.0,0.0,22.0,0.16641569137573242,6.239847183227539,0.387077563288477,1.0,0.6931471805599453,0.6729500963161781,0.0,1.0,0.9006050796938629,0.5,1.0,0.09491425922750321,0.2781929849473286
5037.0,85.0,207.0,5037.0,3262.0,0.0,2.0,0.2251110076904297,8.375680923461914,0.48578057544592956,0.0,0.0,0.0,0.0,0.0,0.0,0.0,0.0,0.10303807175411178,0.07758695121864129
5037.0,46.0,3.0,5037.0,3262.0,0.0,594.0,4.570591926574707,11.121655464172363,0.9723736740503997,0.0,0.0,0.0,0.0,0.0,0.0,0.0,0.0,0.35372210493861855,0.23705042107540222
5037.0,191.0,292.0,6785.0,5037.0,0.0,4.0,0.3354921340942383,11.81047248840332,0.35026918726501605,0.0,0.0,0.0,0.0,0.0,0.0,0.0,0.0,0.06156125911220656,0.04311639458034482
6504.0,160.0,97.0,6411.0,1181.0,0.0,38.0,3.5915584564208984,15.232255935668945,0.9673468123380297,1.0,0.6931471805599453,0.23557946849797018,0.0,0.0,0.0,0.0,0.0,0.2602266277464781,0.15269610697048142
6504.0,160.0,180.0,6785.0,3149.0,0.0,6450.0,4.122576713562012,18.629945755004883,0.9839327296686842,0.0,0.0,0.0,0.0,0.0,0.0,0.0,0.0,0.23522955293059752,0.12903900709333094
6504.0,146.0,147.0,2457.0,5965.0,0.0,695.0,2.002748966217041,4.705245018005371,0.5562568290269564,0.0,0.0,0.0,0.0,0.0,0.0,0.0,0.0,0.18421744307208324,0.14507940836517716
6504.0,53.0,82.0,2083.0,5965.0,1.0,1.0,0.6077899932861328,10.439129829406738,0.6424120791957817,3.0,1.3862943611198906,0.35707170313208786,0.5497859646925026,0.0,0.0,0.2748929823462513,0.0,0.13191321515335702,0.1360914045819381
6504.0,53.0,240.0,2083.0,1751.0,1.0,1.0,6.927123069763184,17.441646575927734,0.9988282100032744,4.0,1.6094379124341003,0.9423178739918808,0.03552188032560877,0.0,0.0,0.017760940162804384,0.0,0.33672647317643495,0.16017426889402778
6504.0,38.0,323.0,2671.0,6493.0,0.0,3.0,0.060826778411865234,5.498021125793457,0.44376026167201144,0.0,0.0,0.0,0.0,0.0,0.0,0.0,0.0,0.11115037397355998,0.09004854022028187
6504.0,38.0,99.0,7038.0,1173.0,0.0,302.0,0.9689745903015137,7.267812728881836,0.6035315861976135,0.0,0.0,0.0,0.0,0.0,0.0,0.0,0.0,0.15454267432728336,0.11683453013411992
6504.0,207.0,269.0,6504.0,6411.0,0.0,2.0,7.284501075744629,12.818618774414062,0.9982228424807119,0.0,0.0,0.0,0.0,0.0,0.0,0.0,0.0,0.4264463475040191,0.2725846819644496
6504.0,98.0,244.0,2083.0,6411.0,0.0,4.0,3.6161508560180664,14.391361236572266,0.9700008749172141,0.0,0.0,0.0,0.0,0.0,0.0,0.0,0.0,0.27404557818575853,0.1694278180253524
6504.0,142.0,172.0,1173.0,6504.0,0.0,6161.0,0.7095215320587158,4.437958240509033,0.37946494823972937,0.0,0.0,0.0,0.0,0.0,0.0,0.0,0.0,0.1120948389858242,0.09214291148234648
6504.0,222.0,72.0,2455.0,1173.0,0.0,2.0,0.015376091003417969,9.325119018554688,0.4885570530108086,0.0,0.0,0.0,0.0,0.0,0.0,0.0,0.0,0.09497771170778328,0.07026120193128797
6504.0,123.0,305.0,6411.0,2083.0,1.0,1.0,0.744542121887207,13.286406517028809,0.660729247546935,1.0,0.6931471805599453,0.004668396640509522,0.0,0.0,0.0,0.0,0.0,0.11632970382727276,0.07991226133652589
6504.0,115.0,240.0,2083.0,6504.0,1.0,1.0,5.4873456954956055,13.764142036437988,0.9956945532999895,3.0,1.3862943611198906,0.9423178739918808,0.06697232574039269,1.0,0.930979375221908,0.5334861628701963,1.0,0.3511731584593848,0.5774562950030024
6504.0,115.0,106.0,6411.0,2083.0,0.0,37.0,0.4719667434692383,9.428155899047852,0.5188574856286698,4.0,1.6094379124341003,0.5743491774985175,0.4289913218968773,1.0,0.9999999999990057,0.7144956609484386,1.0,0.10649687324959907,0.40626471109826473
6504.0,61.0,244.0,4412.0,150.0,0.0,13.0,1.056760311126709,8.076333045959473,0.4978850922900462,0.0,0.0,0.0,0.0,0.0,0.0,0.0,0.0,0.11913608565356548,0.08864758896699132
6504.0,150.0,266.0,6411.0,6504.0,0.0,5.0,1.4385623931884766,11.438189506530762,0.7919832998399474,0.0,0.0,0.0,0.0,0.0,0.0,0.0,0.0,0.1848614563351299,0.12517832157317393
5965.0,90.0,9.0,6411.0,6805.0,0.0,7109.0,3.337791919708252,6.245293617248535,0.9132451977377387,0.0,0.0,0.0,0.0,0.0,0.0,0.0,0.0,0.36381706348450216,0.27518168834445783
5965.0,56.0,40.0,6504.0,1173.0,0.0,32.0,0.988832950592041,7.756622314453125,0.687867212270135,0.0,0.0,0.0,0.0,0.0,0.0,0.0,0.0,0.17815506824985333,0.13282630378681115
5965.0,160.0,44.0,2661.0,4412.0,0.0,111.0,1.5213265419006348,8.984039306640625,0.7565783479538811,0.0,0.0,0.0,0.0,0.0,0.0,0.0,0.0,0.2009768739449997,0.14420918087379825
5965.0,103.0,221.0,6805.0,6411.0,1.0,1.0,0.17484235763549805,6.063594341278076,0.5031772216105938,0.0,0.0,0.0,0.0,0.0,0.0,0.0,0.0,0.12331508805536287,0.09794857438979158
5965.0,53.0,156.0,6504.0,2455.0,0.0,8.0,14.34066390991211,20.19452476501465,0.9999988658914177,0.0,0.0,0.0,0.0,0.0,0.0,0.0,0.0,0.5319364461074718,0.28364823636539876
5965.0,53.0,152.0,6795.0,6805.0,1.0,1.0,3.914287567138672,8.757298469543457,0.9612019601058561,1.0,0.6931471805599453,0.9238395952400507,0.0,1.0,0.1954929225945062,0.5,1.0,0.36651475064622063,0.4497352339920964
5965.0,215.0,47.0,2083.0,5965.0,0.0,4.0,1.071479082107544,3.3409276008605957,0.3491839234847253,0.0,0.0,0.0,0.0,0.0,0.0,0.0,0.0,0.11772776559973913,0.09862854510795499
4807.0,162.0,48.0,5137.0,2624.0,1.0,1.0,0.0888214111328125,1.3752981424331665,0.20049326317525556,1.0,0.6931471805599453,0.9238395952400507,0.0,1.0,0.9999999999989175,0.5,1.0,0.08604126561753679,0.28421191338776036
4807.0,160.0,272.0,3155.0,4393.0,1.0,1.0,7.593236923217773,16.050792694091797,0.9994587525478626,2.0,1.0986122886681098,0.03316290697916791,0.2555120532523476,0.0,0.0,0.1277560266261738,0.0,0.38092008640050934,0.2741951448824648
4807.0,53.0,122.0,1569.0,4089.0,0.0,6287.0,1.6926426887512207,7.241460800170898,0.7809510861570861,1.0,0.6931471805599453,1.0,0.0,1.0,0.18595109432684503,0.5,1.0,0.23646608054325796,0.3230138269393081
4807.0,156.0,281.0,3762.0,4146.0,0.0,6.0,3.5072479248046875,4.835671901702881,0.9255614377810837,2.0,1.0986122886681098,0.03125,0.0,0.0,0.0,0.0,0.0,0.4003047862256388,0.327969739246925
5370.0,191.0,273.0,2974.0,1183.0,0.0,11.0,0.01928424835205078,8.022286415100098,0.3075692481011405,1.0,0.6931471805599453,1.0,0.0,1.0,0.9999999999989999,0.5,1.0,0.06942390529546834,0.20546640550972842
5370.0,56.0,37.0,235.0,6422.0,0.0,32.0,2.518427848815918,12.441179275512695,0.9253670790702617,0.0,0.0,0.0,0.0,0.0,0.0,0.0,0.0,0.25181278453639083,0.16492961092774083
5370.0,53.0,41.0,6422.0,7038.0,1.0,1.0,2.2808008193969727,9.786703109741211,0.8850721490061478,0.0,0.0,0.0,0.0,0.0,0.0,0.0,0.0,0.2638578226895986,0.1847085212579126
1188.0,224.0,248.0,503.0,4368.0,1.0,1.0,0.9615888595581055,12.624605178833008,0.6969698375422572,9.0,2.302585092994046,0.2987773849926094,0.33673817087364233,0.0,0.0,0.16836908543682116,0.0,0.13434517545179223,0.12096795567328895
1188.0,224.0,269.0,4368.0,5036.0,0.0,336.0,1.5230188369750977,8.26819896697998,0.7566358311053077,6.0,1.9459101490553132,0.22643091606597668,0.5326768113735023,0.0,0.0,0.26633840568675116,0.0,0.20948902920956997,0.2300473845283549
1188.0,224.0,292.0,503.0,4368.0,0.0,5.0,5.221658706665039,17.84454917907715,0.9945758876405524,18.0,2.9444389791664403,1.0,0.4373780867256378,0.8026585030651802,0.5611028995795885,0.6200182948954089,1.0,0.2793050231674439,0.48120953013882173
1188.0,224.0,243.0,4368.0,3566.0,1.0,1.0,0.024155616760253906,9.048591613769531,0.3524455825017863,6.0,1.9459101490553132,0.3789291416275995,0.5326768113735024,0.4673231886264976,0.1828952247221984,0.5,1.0,0.07168549897127488,0.19466194053119013
1188.0,224.0,294.0,2290.0,503.0,0.0,2.0,2.4378066062927246,10.365911483764648,0.8537355291764152,0.0,0.0,0.0,0.0,0.0,0.0,0.0,0.0,0.2455985186377082,0.1687639854602053
1188.0,224.0,344.0,1286.0,503.0,0.0,7055.0,2.9272773265838623,6.221032619476318,0.9332954227380351,2.0,1.0986122886681098,0.3789291416275995,0.4703285960051281,0.0,0.0,0.23516429800256405,0.0,0.36256055496876755,0.3472143694637692
1188.0,229.0,111.0,1188.0,2562.0,0.0,9.0,2.036881446838379,8.481254577636719,0.8624249534729538,0.0,0.0,0.0,0.0,0.0,0.0,0.0,0.0,0.2652123313665091,0.1919594012400056
1188.0,39.0,162.0,2290.0,2300.0,0.0,3.0,1.6342980861663818,3.806492567062378,0.4972463919977161,0.0,0.0,0.0,0.0,0.0,0.0,0.0,0.0,0.16589982593690583,0.13458335448536554
1188.0,157.0,341.0,5686.0,2713.0,0.0,597.0,0.35976386070251465,2.138843059539795,0.3080260388165897,0.0,0.0,0.0,0.0,0.0,0.0,0.0,0.0,0.1069294582311357,0.09387818278532228
6749.0,160.0,203.0,5072.0,3345.0,0.0,550.0,0.678239643573761,1.3743746280670166,0.5062025402982855,0.0,0.0,0.0,0.0,0.0,0.0,0.0,0.0,0.1755820924591396,0.15309890914053548
6332.0,127.0,135.0,6017.0,2713.0,0.0,6412.0,1.2161102294921875,10.787300109863281,0.6141023501215721,0.0,0.0,0.0,0.0,0.0,0.0,0.0,0.0,0.13063871713070427,0.09036734132305242
6332.0,53.0,333.0,3922.0,2175.0,0.0,877.0,2.1616077423095703,8.519704818725586,0.8872717257895147,0.0,0.0,0.0,0.0,0.0,0.0,0.0,0.0,0.2798710901175281,0.20241142081236854
6332.0,53.0,176.0,2651.0,1154.0,1.0,1.0,5.02125358581543,7.837864875793457,0.9908865939515713,0.0,0.0,0.0,0.0,0.0,0.0,0.0,0.0,0.43550041955341395,0.317721665076195
6332.0,156.0,0.0,680.0,929.0,0.0,19.0,1.1849069595336914,6.819443225860596,0.7073481081909149,0.0,0.0,0.0,0.0,0.0,0.0,0.0,0.0,0.1997914208527602,0.15170614711142605
6332.0,160.0,270.0,6785.0,6890.0,0.0,13.0,1.422773003578186,2.6507837772369385,0.4372198569121496,0.0,0.0,0.0,0.0,0.0,0.0,0.0,0.0,0.1538736650834011,0.12907107353164096
2189.0,53.0,224.0,4564.0,3936.0,1.0,1.0,10.498544454574585,8.29483413696289,0.999805354203782,0.0,0.0,0.0,0.0,0.0,0.0,0.0,0.0,0.615264595687553,0.4501465404083781
57.0,156.0,328.0,3657.0,2790.0,0.0,11.0,1.5265074968338013,0.7969860434532166,0.36234765994927076,0.0,0.0,0.0,0.0,0.0,0.0,0.0,0.0,0.14973089062070988,0.13120133761631614
2617.0,53.0,252.0,3159.0,3341.0,0.0,2.0,10.456106185913086,20.338855743408203,0.9999711443501271,0.0,0.0,0.0,0.0,0.0,0.0,0.0,0.0,0.3994420177551165,0.20470866585539632
2617.0,53.0,355.0,3159.0,6823.0,0.0,3.0,2.1555514335632324,8.351481437683105,0.7585803462579165,2.0,1.0986122886681098,0.9803906099397734,0.15148953791164232,0.0,0.0,0.07574476895582116,0.0,0.22376945157439784,0.14196888806478097
2617.0,103.0,252.0,711.0,3758.0,0.0,3.0,3.8996973037719727,14.727543830871582,0.9663594348003214,0.0,0.0,0.0,0.0,0.0,0.0,0.0,0.0,0.27508584344468423,0.16802357162073991
2617.0,160.0,225.0,3159.0,3155.0,1.0,1.0,6.2791900634765625,23.11040687561035,0.9961786096760716,1.0,0.6931471805599453,0.9611657480580811,0.0,0.0,0.0,0.0,0.0,0.23463851685824488,0.08475286090685437
2617.0,160.0,222.0,3159.0,6823.0,0.0,42.0,10.982880592346191,22.306015014648438,0.9999742380216357,0.0,0.0,0.0,0.0,0.0,0.0,0.0,0.0,0.3824932517133704,0.18408839536112118
2617.0,160.0,254.0,3159.0,2300.0,0.0,95.0,8.525701522827148,18.798778533935547,0.9997988246594312,2.0,1.0986122886681098,0.597554769985219,0.4752649511825976,0.5247350488174024,0.06488495212892013,0.5,1.0,0.364079571892531,0.4365943366351134
2617.0,155.0,348.0,5736.0,2300.0,0.0,3.0,1.233309268951416,5.823134422302246,0.5106925536407753,0.0,0.0,0.0,0.0,0.0,0.0,0.0,0.0,0.14395993275165814,0.11238568603370411
2262.0,169.0,307.0,2790.0,3380.0,0.0,4.0,0.3077211380004883,3.692720890045166,0.37564448394838373,0.0,0.0,0.0,0.0,0.0,0.0,0.0,0.0,0.11114522318496224,0.09379227376626807
2262.0,127.0,141.0,1171.0,4594.0,0.0,509.0,1.3758196830749512,5.651025295257568,0.6525788662539798,1.0,0.6931471805599453,1.0,0.0,1.0,0.8732688005185629,0.5,1.0,0.19636530324921608,0.4233545138601435
2262.0,155.0,236.0,6890.0,3322.0,0.0,5300.0,1.5191826820373535,5.870511531829834,0.7946616683441593,0.0,0.0,0.0,0.0,0.0,0.0,0.0,0.0,0.2566763583109378,0.19835387235123533
5762.0,53.0,288.0,146.0,545.0,0.0,4.0,0.15943527221679688,17.660367965698242,0.53970003824451,0.0,0.0,0.0,0.0,0.0,0.0,0.0,0.0,0.062090940724741785,0.03735827753040834
5762.0,53.0,239.0,6556.0,545.0,0.0,3.0,3.2212352752685547,12.652833938598633,0.9519485217169968,1.0,0.6931471805599453,1.0,0.0,0.0,0.0,0.0,0.0,0.27984706210736526,0.13930765578077348
5762.0,127.0,308.0,545.0,2648.0,0.0,17.0,1.4665288925170898,7.853025436401367,0.7353393778002214,1.0,0.6931471805599453,1.0,0.0,1.0,0.5871745871262971,0.5,1.0,0.2047439603517033,0.3603767164056581
5244.0,160.0,102.0,6823.0,3158.0,0.0,661.0,0.4518890827894211,-0.2184016853570938,0.27093293096517485,0.0,0.0,0.0,0.0,0.0,0.0,0.0,0.0,0.11621595415348906,0.10757491532797443
5244.0,53.0,173.0,2906.0,3341.0,0.0,21.0,0.425520122051239,0.14432400465011597,0.37443669484827935,0.0,0.0,0.0,0.0,0.0,0.0,0.0,0.0,0.14073637721357105,0.1280145050019946
362.0,142.0,74.0,3562.0,246.0,1.0,1.0,3.3224706649780273,7.495612144470215,0.9452101981753359,0.0,0.0,0.0,0.0,0.0,0.0,0.0,0.0,0.36022140814175746,0.26554580773743436
362.0,142.0,197.0,1115.0,711.0,0.0,3.0,0.7671647071838379,6.3333420753479,0.5129482465607131,0.0,0.0,0.0,0.0,0.0,0.0,0.0,0.0,0.1326984639768885,0.10336890243283417
362.0,142.0,130.0,3341.0,5261.0,0.0,4.0,1.4356422424316406,9.345129013061523,0.6747234113826995,3.0,1.3862943611198906,0.9057236642639067,0.0,1.0,0.01564354309576024,0.5,1.0,0.16587311788616718,0.21867051241021165
362.0,142.0,176.0,2790.0,3341.0,0.0,31.0,3.0402573347091675,3.913327932357788,0.8158667307285623,0.0,0.0,0.0,0.0,0.0,0.0,0.0,0.0,0.33964510646695806,0.26933793559434466
362.0,53.0,247.0,6284.0,2533.0,0.0,2.0,1.8767900466918945,10.136667251586914,0.8667705179791626,0.0,0.0,0.0,0.0,0.0,0.0,0.0,0.0,0.2404761308110796,0.1675472979543837
362.0,162.0,118.0,6635.0,2083.0,0.0,9.0,5.2457802295684814,7.647538661956787,0.9888388299168871,0.0,0.0,0.0,0.0,0.0,0.0,0.0,0.0,0.4451607506280261,0.3259422884394956
362.0,162.0,185.0,2683.0,6890.0,0.0,977.0,2.4075803756713867,7.218135833740234,0.8586684993384605,0.0,0.0,0.0,0.0,0.0,0.0,0.0,0.0,0.2918248249111358,0.21667259470307093
362.0,207.0,156.0,935.0,4805.0,1.0,1.0,0.1438889503479004,7.00203275680542,0.5040590948221797,1.0,0.6931471805599453,0.5412194958693883,0.0,1.0,0.26116359516971516,0.5,1.0,0.11594484831477067,0.21804727247076414
3731.0,127.0,236.0,1077.0,7038.0,1.0,1.0,9.17944049835205,14.720789909362793,0.999891199913737,0.0,0.0,0.0,0.0,0.0,0.0,0.0,0.0,0.45664439018484926,0.2775755741806581
3731.0,155.0,240.0,1077.0,6635.0,1.0,1.0,3.315493583679199,6.545623779296875,0.9505076963841371,4.0,1.6094379124341003,0.9803906099397734,0.4900991917739813,1.0,0.9326703934306989,0.7450495958869907,1.0,0.3789974486191837,0.7356181946324676
1179.0,156.0,72.0,6785.0,5195.0,0.0,73.0,4.768016815185547,13.827237129211426,0.9808189704225108,0.0,0.0,0.0,0.0,0.0,0.0,0.0,0.0,0.3204832341258349,0.19979625121755296
1179.0,86.0,107.0,1115.0,4416.0,0.0,1015.0,1.729137897491455,5.651157855987549,0.6436156684172852,0.0,0.0,0.0,0.0,0.0,0.0,0.0,0.0,0.20052659430235442,0.15504618552658173
1179.0,56.0,82.0,3159.0,5050.0,0.0,3.0,1.4689946174621582,7.989744663238525,0.72773264612273,0.0,0.0,0.0,0.0,0.0,0.0,0.0,0.0,0.2002395893126079,0.14721620868285196
1179.0,56.0,86.0,3450.0,1179.0,0.0,12.0,3.9333009719848633,13.414556503295898,0.9805895053186061,3.0,1.3862943611198906,0.9611657480580811,0.4665028733968585,0.8718052088054136,0.4078054151077179,0.6691540411011361,1.0,0.30257154170689243,0.4955350902588431
1179.0,167.0,105.0,3155.0,6410.0,1.0,1.0,3.9962055683135986,7.252047061920166,0.9471983839945081,0.0,0.0,0.0,0.0,0.0,0.0,0.0,0.0,0.3867747376723036,0.28552311648739087
1179.0,105.0,70.0,3155.0,1759.0,0.0,4.0,1.3441400527954102,5.036406517028809,0.6179801529023968,0.0,0.0,0.0,0.0,0.0,0.0,0.0,0.0,0.18964429362945612,0.1498029059405231
929.0,53.0,110.0,711.0,3262.0,0.0,2.0,0.9779472351074219,14.26652717590332,0.718957763445442,2.0,1.0986122886681098,0.36421371187349827,0.4506506745036247,0.0,0.0,0.22532533725181236,0.0,0.1271106944433688,0.108368418024408
929.0,53.0,83.0,929.0,3262.0,0.0,2.0,13.67000675201416,28.085355758666992,0.9999988411080131,0.0,0.0,0.0,0.0,0.0,0.0,0.0,0.0,0.36957872297381056,0.1475793508740382
929.0,123.0,272.0,711.0,3341.0,0.0,8.0,8.536749839782715,19.231220245361328,0.9996179920758117,0.0,0.0,0.0,0.0,0.0,0.0,0.0,0.0,0.3571052671690557,0.18879777190737568
929.0,123.0,312.0,1077.0,5037.0,1.0,1.0,6.291531562805176,14.406251907348633,0.9950727862298163,2.0,1.0986122886681098,0.1326516279166716,0.49504911052349854,0.0,0.0,0.24752455526174927,0.0,0.36513506934737244,0.3093598003904019
929.0,142.0,120.0,711.0,1145.0,0.0,11.0,7.581511497497559,15.48666763305664,0.9984258293102304,0.0,0.0,0.0,0.0,0.0,0.0,0.0,0.0,0.389627543161774,0.23065660747069724
929.0,142.0,316.0,711.0,359.0,0.0,6442.0,14.420268058776855,20.2384090423584,0.9999988071941793,1.0,0.6931471805599453,0.06765243698367357,0.0,0.0,0.0,0.0,0.0,0.5338245697010924,0.2899913258811082
929.0,142.0,109.0,4805.0,1077.0,0.0,6.0,0.320556640625,11.224658966064453,0.5177399952204932,0.0,0.0,0.0,0.0,0.0,0.0,0.0,0.0,0.09277117291898435,0.0650341587686581
929.0,169.0,174.0,1077.0,2104.0,0.0,583.0,15.445762634277344,27.0987491607666,0.9999996313268282,0.0,0.0,0.0,0.0,0.0,0.0,0.0,0.0,0.4446003556078412,0.1871344849679755
929.0,169.0,315.0,2661.0,711.0,0.0,19.0,0.28372764587402344,11.937888145446777,0.35165448906231034,0.0,0.0,0.0,0.0,0.0,0.0,0.0,0.0,0.06082106068250682,0.042517645751904656
929.0,103.0,155.0,6410.0,6890.0,0.0,3.0,7.23258638381958,14.529180526733398,0.9988911974415832,0.0,0.0,0.0,0.0,0.0,0.0,0.0,0.0,0.39517448472058886,0.2406097049755374
929.0,155.0,316.0,6890.0,6635.0,0.0,4.0,8.989216804504395,20.172706604003906,0.9998477926419911,0.0,0.0,0.0,0.0,0.0,0.0,0.0,0.0,0.35562971301642154,0.18259099526265374
929.0,38.0,59.0,5421.0,929.0,0.0,6619.0,4.6917877197265625,12.091124534606934,0.9900864902205303,0.0,0.0,0.0,0.0,0.0,0.0,0.0,0.0,0.35118413007529176,0.22995719882004279
929.0,38.0,301.0,5036.0,5463.0,0.0,57.0,0.9628763198852539,8.914167404174805,0.64612081094211,0.0,0.0,0.0,0.0,0.0,0.0,0.0,0.0,0.15228372212055574,0.11061882898350951
929.0,127.0,67.0,6410.0,1077.0,1.0,1.0,1.556727409362793,11.677241325378418,0.6993873617507071,0.0,0.0,0.0,0.0,0.0,0.0,0.0,0.0,0.15339741251121278,0.10299062990430456
929.0,98.0,54.0,1077.0,5395.0,0.0,24.0,0.9760417938232422,11.859795570373535,0.5249532990540474,0.0,0.0,0.0,0.0,0.0,0.0,0.0,0.0,0.09794780958253164,0.06662631606986331
929.0,131.0,124.0,929.0,359.0,0.0,206.0,0.33676910400390625,2.6217353343963623,0.21293939452030244,0.0,0.0,0.0,0.0,0.0,0.0,0.0,0.0,0.08396274276374764,0.07368212089205646
929.0,185.0,98.0,5036.0,1762.0,0.0,87.0,0.20241999626159668,3.0659477710723877,0.287854389226535,0.0,0.0,0.0,0.0,0.0,0.0,0.0,0.0,0.09453368456333489,0.08177001988674572
929.0,162.0,50.0,6410.0,1077.0,0.0,11.0,0.4893054962158203,11.528785705566406,0.5201915625113981,0.0,0.0,0.0,0.0,0.0,0.0,0.0,0.0,0.09333698812740908,0.06470377758051227
5449.0,223.0,359.0,5665.0,6476.0,1.0,1.0,11.161531925201416,16.844449996948242,0.9999853262903413,35.0,3.58351893845611,0.9803906099397734,0.7621961301578877,1.0,0.9998558171128138,0.8810980650789438,1.0,0.48515473537027237,0.8058067163549982
5449.0,223.0,291.0,5665.0,6476.0,1.0,1.0,8.643779277801514,14.595280647277832,0.9998141064850539,17.0,2.8903717578961645,0.9803906099397734,0.6260363566509908,0.9999999999999998,0.9992914054839773,0.8130181783254953,1.0,0.4409320908516851,0.7690133404447107
5449.0,38.0,328.0,6476.0,5665.0,1.0,1.0,1.8274059295654297,8.829822540283203,0.7946092199217809,0.0,0.0,0.0,0.0,0.0,0.0,0.0,0.0,0.225130449011647,0.16152435448208655
5449.0,38.0,226.0,4503.0,5473.0,0.0,7.0,0.8094563484191895,4.041436672210693,0.52242509164206,0.0,0.0,0.0,0.0,0.0,0.0,0.0,0.0,0.15672141234112588,0.12842774401600285
5449.0,123.0,46.0,5665.0,6284.0,0.0,6972.0,5.2147722244262695,8.54198932647705,0.9768760413464563,0.0,0.0,0.0,0.0,0.0,0.0,0.0,0.0,0.421159348324646,0.30097411341963537
5449.0,168.0,290.0,5665.0,6476.0,1.0,1.0,7.0611412525177,9.404675483703613,0.997312848461565,2.0,1.0986122886681098,0.9803906099397734,0.4851512137172558,1.0,0.9999999999994748,0.7425756068586279,1.0,0.4796119736867681,0.7815644069063099
5449.0,56.0,290.0,5665.0,6476.0,1.0,1.0,6.46677303314209,19.510831832885742,0.9983544740985141,0.0,0.0,0.0,0.0,0.0,0.0,0.0,0.0,0.29088286199758046,0.1532188385100166
5449.0,222.0,164.0,5665.0,3544.0,1.0,1.0,2.0174437761306763,-1.0405305624008179,0.5359342960448372,0.0,0.0,0.0,0.0,0.0,0.0,0.0,0.0,0.246189930247558,0.21955911399599148
5449.0,222.0,265.0,3727.0,6476.0,0.0,2.0,1.592951774597168,8.530750274658203,0.7800378881628244,0.0,0.0,0.0,0.0,0.0,0.0,0.0,0.0,0.2173507995495699,0.15755995593643685
3727.0,160.0,153.0,1823.0,1121.0,0.0,873.0,7.681058406829834,12.815376281738281,0.9994083364678428,11.0,2.4849066497880004,1.0,0.5740208569366754,0.7241128311815723,0.5407432225436295,0.6490668440591238,1.0,0.4403704265204581,0.6737926765259677
3727.0,160.0,188.0,5452.0,1823.0,0.0,1.0,0.42232751846313477,7.311439037322998,0.5826541847019766,1.0,0.6931471805599453,1.0,0.0,0.0,0.0,0.0,0.0,0.13862247794513036,0.07962937079484314
3727.0,160.0,106.0,929.0,6407.0,0.0,344.0,4.787976264953613,12.363720893859863,0.9916945015022268,0.0,0.0,0.0,0.0,0.0,0.0,0.0,0.0,0.35053371813142675,0.22781692090530464
3727.0,160.0,300.0,1823.0,509.0,0.0,248.0,8.139867305755615,12.881107330322266,0.9995526818830709,16.0,2.833213344056216,0.3789291416275995,0.707552713508368,0.292447286491632,0.13853784392134627,0.5,1.0,0.45461563524783405,0.6648626752834701
3727.0,38.0,69.0,6699.0,4484.0,0.0,5713.0,1.3231379985809326,4.056463718414307,0.7262039418874905,0.0,0.0,0.0,0.0,0.0,0.0,0.0,0.0,0.2453730199664731,0.19793946992209369
3727.0,6.0,126.0,1954.0,3726.0,0.0,1635.0,0.5909287929534912,2.921130418777466,0.2685440232600096,0.0,0.0,0.0,0.0,0.0,0.0,0.0,0.0,0.09595387451811334,0.08265778566246224
3727.0,6.0,260.0,1823.0,146.0,0.0,25.0,6.441031455993652,14.904169082641602,0.9980907985118687,3.0,1.3862943611198906,1.0,0.1491581119458909,0.9884265486731025,0.889086355421305,0.5687923303094967,1.0,0.36315236886190866,0.579030894941825
5913.0,53.0,25.0,5305.0,6785.0,1.0,1.0,2.1597726345062256,6.135833263397217,0.8008006021190527,0.0,0.0,0.0,0.0,0.0,0.0,0.0,0.0,0.2726688949395863,0.2076155860257869
5913.0,53.0,322.0,3155.0,3911.0,1.0,1.0,4.2587361335754395,11.70413875579834,0.9831985722069658,0.0,0.0,0.0,0.0,0.0,0.0,0.0,0.0,0.3405222918083055,0.22555318660180462
5913.0,162.0,253.0,4702.0,3155.0,0.0,2.0,0.5467610359191895,3.5844085216522217,0.5480995842083295,0.0,0.0,0.0,0.0,0.0,0.0,0.0,0.0,0.16473759944652192,0.13691418866941124
4363.0,38.0,162.0,6105.0,5438.0,0.0,6934.0,0.620720386505127,-3.3387885093688965,0.05096982090787162,0.0,0.0,0.0,0.0,0.0,0.0,0.0,0.0,0.09029411006946118,0.09131534639604122
3378.0,127.0,306.0,7038.0,3726.0,0.0,9.0,0.005288183689117432,0.875942051410675,0.14807832157393902,0.0,0.0,0.0,0.0,0.0,0.0,0.0,0.0,0.07839198106778929,0.07262989140732976
3378.0,160.0,128.0,2427.0,6979.0,0.0,7.0,5.624949932098389,13.077659606933594,0.9951151162233277,3.0,1.3862943611198906,0.4901953049698867,0.2934085173680022,0.0,0.0,0.1467042586840011,0.0,0.36656551472517657,0.26418977513546693
3378.0,160.0,126.0,5455.0,1148.0,0.0,5.0,4.399186372756958,7.56891393661499,0.9613987835417428,7.0,2.0794415416798357,0.7578582832551991,0.7836886968936481,0.8783299434909405,0.6583575370573894,0.8310093201922943,1.0,0.4024830189055155,0.7611343583498474
3378.0,65.0,112.0,5455.0,4004.0,0.0,17.0,2.3405919075012207,5.784437656402588,0.7314483878226034,1.0,0.6931471805599453,1.0,0.0,1.0,0.9999999999989999,0.5,1.0,0.2500498388855366,0.517961187261746
444.0,45.0,283.0,3341.0,6785.0,0.0,10.0,1.6424493789672852,5.812069892883301,0.6340366770864515,0.0,0.0,0.0,0.0,0.0,0.0,0.0,0.0,0.19318321071895958,0.14906139980572833
444.0,50.0,218.0,6785.0,4368.0,0.0,2501.0,1.046308994293213,1.5260549783706665,0.17784668748717222,0.0,0.0,0.0,0.0,0.0,0.0,0.0,0.0,0.09120676374096842,0.08091259796627083
444.0,167.0,7.0,1188.0,711.0,0.0,4.0,0.18155264854431152,3.5025482177734375,0.30183008467212624,0.0,0.0,0.0,0.0,0.0,0.0,0.0,0.0,0.09446914621275415,0.08084799562360431
4193.0,160.0,123.0,454.0,1140.0,0.0,44.0,1.2581874132156372,0.5585031509399414,0.3648598124130865,0.0,0.0,0.0,0.0,0.0,0.0,0.0,0.0,0.1480886132561136,0.13117094981642333
876.0,160.0,115.0,3133.0,4039.0,0.0,6043.0,0.7327568531036377,2.085510730743408,0.42946904043526124,0.0,0.0,0.0,0.0,0.0,0.0,0.0,0.0,0.14484982024780235,0.12491366540278784
3425.0,191.0,208.0,4599.0,4553.0,0.0,57.0,0.029956579208374023,-2.188305377960205,0.016074800597394252,0.0,0.0,0.0,0.0,0.0,0.0,0.0,0.0,0.07193796540123194,0.07240563607175615
5474.0,160.0,185.0,5395.0,4407.0,0.0,3.0,9.619617462158203,20.90342140197754,0.99993226412093,21.0,3.091042453358316,0.8705505632961241,0.7919522032826676,0.2080477967173324,0.004374732971642162,0.5,1.0,0.36311932472466835,0.4625256108294248
5474.0,160.0,339.0,1990.0,1503.0,0.0,3.0,3.6762094497680664,15.585347175598145,0.9519111355804427,4.0,1.6094379124341003,0.30475341355111885,0.21352557167596387,0.0,0.0,0.10676278583798193,0.0,0.250470916954184,0.17460601036757917
5474.0,160.0,190.0,5395.0,4407.0,0.0,8.0,17.066950798034668,26.499435424804688,0.9999999571200319,22.0,3.1354942159291497,1.0,0.7912269345958105,0.2087730654041895,0.011527826672891562,0.5,1.0,0.510014337581879,0.5187851933250276
5474.0,160.0,55.0,5395.0,4407.0,0.0,1.0,7.243999481201172,23.643680572509766,0.9992824365548015,5.0,1.791759469228055,1.0,0.4935396898092328,0.0,0.0,0.2467698449046164,0.0,0.25294103491731074,0.13672324542651554
5474.0,160.0,333.0,5395.0,1503.0,0.0,9.0,6.820403099060059,15.16386604309082,0.9979001627543346,35.0,3.58351893845611,0.9611657480580811,0.8154686466105188,0.0,0.0,0.4077343233052594,0.0,0.3705921694635228,0.339577527221783
5474.0,160.0,60.0,1503.0,1215.0,0.0,3.0,1.1630940437316895,7.389113903045654,0.6103284391257686,7.0,2.0794415416798357,0.9057236642639067,0.6540915792418645,0.3459084207581355,0.11144413121128069,0.5,1.0,0.15901615946238395,0.3261733697796915
5474.0,160.0,360.0,1503.0,62.0,1.0,1.0,0.2229633331298828,7.559615135192871,0.5360591818793693,33.0,3.5263605246161616,0.5858370854182298,0.6623125367870861,0.0,0.0,0.33115626839354306,0.0,0.12089580854067362,0.15624671037975021
5474.0,160.0,337.0,5474.0,1990.0,0.0,9.0,1.0887627601623535,7.736495494842529,0.5791327511169843,0.0,0.0,0.0,0.0,0.0,0.0,0.0,0.0,0.14480591885410826,0.10812062032165941
5474.0,160.0,4.0,4407.0,5474.0,1.0,1.0,3.23268461227417,9.482909202575684,0.9496436827866532,0.0,0.0,0.0,0.0,0.0,0.0,0.0,0.0,0.3274516492226818,0.23020609121591468
5474.0,222.0,114.0,1503.0,5395.0,0.0,7.0,4.122540473937988,12.154955863952637,0.9835742237413784,1.0,0.6931471805599453,0.7141434062641757,0.0,1.0,0.63074819282485,0.5,1.0,0.3293527595682235,0.5012919498489741
5474.0,6.0,306.0,5395.0,1503.0,0.0,6.0,4.218839645385742,15.1035795211792,0.9716627533210691,0.0,0.0,0.0,0.0,0.0,0.0,0.0,0.0,0.2808464503865847,0.16946458219936908
5474.0,38.0,176.0,4283.0,5474.0,0.0,4.0,3.1215267181396484,15.377920150756836,0.9298268916938457,12.0,2.5649493574615367,0.7284274237469965,0.7322621305623689,0.0,0.0,0.36613106528118444,0.0,0.22982626789551952,0.21477131054426044
5474.0,38.0,5.0,1503.0,6669.0,0.0,4.0,1.1783432960510254,6.977557182312012,0.7248209872065579,0.0,0.0,0.0,0.0,0.0,0.0,0.0,0.0,0.2045931208139441,0.15479150554241022
5474.0,38.0,260.0,4283.0,5474.0,0.0,2.0,1.2313976287841797,10.675777435302734,0.6850085201419776,13.0,2.6390573296152584,0.5202016416109183,0.49771629852851385,0.0,0.0,0.24885814926425692,0.0,0.15260315626422302,0.1522203972011137
5474.0,38.0,152.0,62.0,4283.0,0.0,5.0,1.3346590995788574,7.936354160308838,0.7800475435394137,0.0,0.0,0.0,0.0,0.0,0.0,0.0,0.0,0.2187377066800943,0.16147517788996535
5474.0,38.0,243.0,1503.0,62.0,1.0,1.0,2.5138320922851562,9.90504264831543,0.8885883658396514,22.0,3.1354942159291497,0.9423178739918808,0.7440784036328558,0.7188232761166448,0.4348598223005074,0.7314508398747503,1.0,0.27000411506729105,0.5780332490989692
5474.0,38.0,281.0,1503.0,4283.0,0.0,2.0,4.834636688232422,12.744647979736328,0.989807464069534,24.0,3.2188758248682006,0.9803906099397734,0.7189441525325242,0.5026622691391573,0.21701720192733426,0.6108032108358408,1.0,0.34467928500917444,0.5632140335811651
5474.0,38.0,363.0,4283.0,1503.0,0.0,5.0,2.780519962310791,10.362081527709961,0.9383902042647411,26.0,3.295836866004329,1.0,0.7817834401789772,0.2182165598210228,0.09583995607939663,0.5,1.0,0.29491483390972817,0.5068593310003904
5474.0,38.0,101.0,5474.0,4283.0,0.0,3.0,4.66763973236084,13.243934631347656,0.9845786726777684,0.0,0.0,0.0,0.0,0.0,0.0,0.0,0.0,0.32875212479544974,0.20850180620526065
5474.0,38.0,241.0,62.0,1503.0,0.0,7.0,0.22112178802490234,8.956380844116211,0.41824258376482043,3.0,1.3862943611198906,0.35707170313208786,0.6056027949508209,0.0,0.0,0.30280139747541046,0.0,0.08554910426260687,0.09889102390309978
5474.0,38.0,183.0,4283.0,1503.0,0.0,2.0,0.8056340217590332,6.269041061401367,0.58891651001462,12.0,2.5649493574615367,0.6341329040632923,0.7322621305623689,0.0,0.0,0.36613106528118444,0.0,0.15651378519997078,0.19600839154013153
5474.0,150.0,202.0,1215.0,4283.0,0.0,20.0,8.373908042907715,16.482519149780273,0.999327227235131,0.0,0.0,0.0,0.0,0.0,0.0,0.0,0.0,0.3985117332022632,0.22919456660943294
5474.0,51.0,22.0,1503.0,4407.0,0.0,102.0,1.8285374641418457,6.345383167266846,0.6293877918284874,0.0,0.0,0.0,0.0,0.0,0.0,0.0,0.0,0.18936977361991478,0.1438586250723762
5474.0,229.0,146.0,4283.0,4407.0,0.0,26.0,1.3846111297607422,9.585494995117188,0.6922287531432948,2.0,1.0986122886681098,0.6597539553864471,0.4311259277692161,0.5688740722307839,0.2747995746758442,0.5,1.0,0.16836169117401817,0.33135669206489127
5498.0,223.0,341.0,5686.0,5498.0,1.0,1.0,3.2156567573547363,8.141687393188477,0.8959732308110013,1.0,0.6931471805599453,0.8534795977333005,0.0,1.0,0.6706769016830091,0.5,1.0,0.31989403453852255,0.5193620503372174
5498.0,223.0,251.0,1188.0,5498.0,0.0,3.0,0.0581817626953125,6.8028564453125,0.36993359521659597,1.0,0.6931471805599453,1.0,0.0,1.0,0.9999999999989999,0.5,1.0,0.08692606941118972,0.25158540880153174
5498.0,39.0,112.0,1188.0,930.0,1.0,1.0,2.2467093467712402,5.634783744812012,0.829503131183668,0.0,0.0,0.0,0.0,0.0,0.0,0.0,0.0,0.2965180217641458,0.22846628974383448
5498.0,160.0,92.0,503.0,4368.0,0.0,5.0,2.5176749229431152,7.189867973327637,0.8950259812494142,1.0,0.6931471805599453,0.2706097479346942,0.0,0.0,0.0,0.0,0.0,0.31388896558805296,0.22516746348463446
5498.0,38.0,168.0,1188.0,503.0,1.0,1.0,5.522610664367676,8.366514205932617,0.9938262315003121,4.0,1.6094379124341003,0.5743491774985175,0.4055738066851504,1.0,0.999999999998965,0.7027869033425752,1.0,0.4445170913982476,0.7894434034032571
4220.0,151.0,211.0,711.0,7038.0,0.0,3.0,1.0700941383838654,0.6845877766609192,0.15665163703940374,0.0,0.0,0.0,0.0,0.0,0.0,0.0,0.0,0.09229542491012238,0.08355710578468871
4117.0,160.0,157.0,3918.0,5395.0,0.0,3.0,0.12042242288589478,-0.8595350980758667,0.2280396456451716,0.0,0.0,0.0,0.0,0.0,0.0,0.0,0.0,0.10616602718814219,0.1009055127131241
1215.0,160.0,215.0,5474.0,1503.0,0.0,3.0,0.10693597793579102,6.08297872543335,0.41009801281098196,2.0,1.0986122886681098,0.17160254532566316,0.46047423385563946,0.0,0.0,0.23023711692781973,0.0,0.10008585190933543,0.11513945450994562
1215.0,160.0,238.0,5474.0,1990.0,0.0,4.0,1.4458894729614258,13.547920227050781,0.8083269955673146,2.0,1.0986122886681098,0.10881882041201553,0.46047423385563946,0.0,0.0,0.23023711692781973,0.0,0.16852499316061986,0.15652867869410123
1215.0,160.0,340.0,5395.0,4721.0,1.0,1.0,11.128498077392578,20.518177032470703,0.9999738609185564,45.0,3.828641396489095,0.7429971445684742,0.6807079225401558,0.6843392707073697,0.43532094442238556,0.6825235966237627,1.0,0.4182750471629887,0.6318798483224242
1215.0,160.0,118.0,5474.0,1990.0,0.0,2234.0,6.798007965087891,16.389612197875977,0.9988328532266142,1.0,0.6931471805599453,1.0,0.0,0.0,0.0,0.0,0.0,0.3499639171186846,0.1559524932036622
1215.0,160.0,248.0,5395.0,5474.0,1.0,1.0,3.07865047454834,11.825837135314941,0.9555809545868574,38.0,3.6635616461296463,0.836743383392903,0.8032809885888788,0.8521741571048276,0.7214286937785015,0.8277275728468532,1.0,0.28989926768539975,0.6794336826620673
1215.0,160.0,120.0,5395.0,5474.0,0.0,9.0,0.1846294403076172,9.451334953308105,0.5457033995217984,25.0,3.258096538021482,0.836743383392903,0.8142474782183812,0.8992739310822557,0.7969162893421445,0.8567607046503185,1.0,0.10881788436054023,0.4487406949257495
1215.0,172.0,299.0,5474.0,5395.0,0.0,4.0,0.09603917598724365,1.8336819410324097,0.23640171051527067,0.0,0.0,0.0,0.0,0.0,0.0,0.0,0.0,0.0904096093978707,0.0810133581924808
1215.0,207.0,346.0,5639.0,5474.0,1.0,1.0,1.219090461730957,4.690662384033203,0.6971276319389234,0.0,0.0,0.0,0.0,0.0,0.0,0.0,0.0,0.22209711718905822,0.17696917046721275
1215.0,156.0,19.0,5395.0,4407.0,1.0,1.0,0.5812129974365234,10.924418449401855,0.630984423209246,1.0,0.6931471805599453,0.820335356007638,0.0,1.0,0.02969757256546985,0.5,1.0,0.12450867169864357,0.16475227225181738
6693.0,160.0,47.0,4594.0,2420.0,0.0,5197.0,0.2627427577972412,-2.1210827827453613,0.1372475169253466,0.0,0.0,0.0,0.0,0.0,0.0,0.0,0.0,0.09632752075059121,0.09474472953647578
5674.0,86.0,226.0,2445.0,2695.0,1.0,1.0,0.9109630584716797,5.153419017791748,0.6815462062696663,2.0,1.0986122886681098,0.2987773849926094,0.22655606910497894,0.7734439308950211,0.6305817975836788,0.5,1.0,0.2032356604870564,0.491637809659221
5674.0,86.0,227.0,2695.0,4313.0,0.0,3.0,2.7510430812835693,5.9238972663879395,0.9032069939820644,1.0,0.6931471805599453,1.0,0.0,1.0,0.4506210599867211,0.5,1.0,0.3454537279898668,0.5023528705383531
5182.0,160.0,331.0,5182.0,1873.0,0.0,2.0,0.9983711242675781,10.439069747924805,0.7135052370897347,0.0,0.0,0.0,0.0,0.0,0.0,0.0,0.0,0.1597577505112356,0.11166849782355148
5182.0,160.0,268.0,2442.0,4393.0,0.0,280.0,7.391657829284668,18.81915855407715,0.9993825573459002,42.0,3.7612001156935624,1.0,0.8441975588161613,0.8674365529382653,0.7194375898584732,0.8558170558772134,1.0,0.3288252938510262,0.6517922274377013
5182.0,160.0,295.0,2442.0,1161.0,1.0,1.0,0.3371429443359375,15.928691864013672,0.5830081040809203,46.0,3.8501476017100584,0.8879629756445782,0.8484847123405346,0.8428595900087268,0.6680763106165454,0.8456721511746307,1.0,0.07861578584601082,0.3107284427052044
5182.0,160.0,56.0,776.0,4769.0,0.0,424.0,7.885717391967773,17.183502197265625,0.9992272314337765,0.0,0.0,0.0,0.0,0.0,0.0,0.0,0.0,0.37082862148827217,0.20873422782215353
5182.0,160.0,233.0,4587.0,6785.0,0.0,16.0,1.9938831329345703,14.162508964538574,0.8728807042664904,5.0,1.791759469228055,0.3298769776932236,0.5866271397290233,0.0,0.0,0.2933135698645116,0.0,0.1960803124167592,0.18806258712964455
5182.0,160.0,264.0,2442.0,1161.0,0.0,2.0,17.398113250732422,33.566253662109375,0.9999999721890652,41.0,3.7376696182833684,1.0,0.8289415793961792,0.8544561066445554,0.6961391519872453,0.8416988430203673,1.0,0.39489571231951576,0.5628357943928814
5182.0,13.0,287.0,3155.0,2442.0,0.0,913.0,1.4017653465270996,4.618776798248291,0.6356026274791237,0.0,0.0,0.0,0.0,0.0,0.0,0.0,0.0,0.2023236474674225,0.16110448222928214
5182.0,156.0,320.0,1161.0,2442.0,0.0,91.0,7.701070308685303,15.286626815795898,0.9994881639954585,20.0,3.044522437723423,0.8705505632961241,0.4271839928694061,0.9013397959683384,0.7989633825188978,0.6642618944188723,1.0,0.3975529693069643,0.6734091193978612
5182.0,156.0,362.0,1161.0,2694.0,1.0,1.0,9.189951419830322,16.444046020507812,0.9997199021901338,22.0,3.1354942159291497,0.5202016416109183,0.6740395512212358,0.7569113217971403,0.5682118206497289,0.715475436509188,1.0,0.4261420858849477,0.706581019703159
5182.0,156.0,34.0,1161.0,2442.0,1.0,1.0,3.232936382293701,9.35901927947998,0.9525293204027336,2.0,1.0986122886681098,0.597554769985219,0.0,1.0,0.9999999999991549,0.5,1.0,0.33097531856610973,0.623411801654434
5182.0,87.0,261.0,776.0,4587.0,0.0,2209.0,2.7154407501220703,10.344339370727539,0.9189696124503216,0.0,0.0,0.0,0.0,0.0,0.0,0.0,0.0,0.2837487750939992,0.19550137910331905
5182.0,99.0,45.0,1176.0,3341.0,0.0,1790.0,0.6249746084213257,1.956389307975769,0.08573214394645218,0.0,0.0,0.0,0.0,0.0,0.0,0.0,0.0,0.06855725925410203,0.06149889908778971
5182.0,61.0,239.0,1161.0,2442.0,0.0,5.0,8.005454063415527,17.61638069152832,0.9996127983853289,0.0,0.0,0.0,0.0,0.0,0.0,0.0,0.0,0.36751667484952416,0.20419384193529871
5586.0,160.0,227.0,5335.0,6245.0,0.0,2.0,0.21062886714935303,1.2821372747421265,0.43904428811985435,0.0,0.0,0.0,0.0,0.0,0.0,0.0,0.0,0.1461730143053226,0.1296436293312979
5665.0,160.0,274.0,5449.0,2712.0,0.0,21.0,7.829213976860046,9.549036979675293,0.9995688899332635,1.0,0.6931471805599453,0.9423178739918808,0.0,0.0,0.0,0.0,0.0,0.504307732609713,0.28895795225603654
5665.0,86.0,328.0,5449.0,6476.0,0.0,2.0,10.996022462844849,14.097259521484375,0.9999682884914446,18.0,2.9444389791664403,1.0,0.648825292116144,0.6578091800631274,0.42387065648521294,0.6533172360896358,1.0,0.5292344485462349,0.7188397658320146
5665.0,86.0,274.0,5449.0,1077.0,1.0,8.5,3.0876407623291016,5.510998249053955,0.9133257571744846,6.0,1.9459101490553132,0.9611657480580811,0.3447808490785832,0.0,0.0,0.1723904245392916,0.0,0.36835024637766056,0.300303186955568
5665.0,86.0,300.0,5449.0,5167.0,1.0,1.0,4.139662265777588,9.655922889709473,0.9816937089457556,13.0,2.6390573296152584,0.820335356007638,0.6449944051067626,0.6330293144635821,0.41257409628568614,0.6390118597851724,1.0,0.3699553896069931,0.6482370796110661
5665.0,86.0,271.0,1077.0,5449.0,0.0,1.0,4.593146800994873,10.295507431030273,0.9850781335265766,5.0,1.791759469228055,1.0,0.31582795850044176,0.6841720414995582,0.17484589928683866,0.5,1.0,0.3753703776743597,0.501698507804513
5665.0,103.0,286.0,5449.0,1077.0,1.0,1.0,2.967391014099121,13.734611511230469,0.951030123226365,0.0,0.0,0.0,0.0,0.0,0.0,0.0,0.0,0.25729598681899074,0.16254037890370124
5665.0,127.0,316.0,5167.0,5449.0,0.0,18.0,1.3141393661499023,3.6849164962768555,0.7371278241242224,0.0,0.0,0.0,0.0,0.0,0.0,0.0,0.0,0.2551293723711601,0.20753380136399854
5665.0,170.0,344.0,5449.0,1115.0,1.0,1.0,8.810283184051514,12.02396011352539,0.9996599401682211,26.0,3.295836866004329,0.9803906099397734,0.5915445880516992,0.9515758833658128,0.8780182550874536,0.771560235708756,1.0,0.4927293450318016,0.7942478928289605
5665.0,170.0,273.0,5449.0,5167.0,1.0,1.0,14.397391319274902,16.380144119262695,0.9999991380377113,7.0,2.0794415416798357,0.9803906099397734,0.0651207739002172,1.0,0.9999999999997544,0.5325603869501085,1.0,0.6015048399317537,0.7547872119400104
5543.0,160.0,159.0,4570.0,6310.0,0.0,1360.0,0.08027833700180054,0.7799628973007202,0.29965755208145817,0.0,0.0,0.0,0.0,0.0,0.0,0.0,0.0,0.11085189724980792,0.10100887267157214
368.0,127.0,14.0,6934.0,2668.0,0.0,1623.0,0.3518486022949219,-5.6126933097839355,0.008970048203093944,0.0,0.0,0.0,0.0,0.0,0.0,0.0,0.0,0.09254247199375533,0.09938333775908342
5453.0,61.0,219.0,6410.0,6568.0,0.0,6730.0,0.6244335174560547,1.9815467596054077,0.3854000019040507,0.0,0.0,0.0,0.0,0.0,0.0,0.0,0.0,0.1313715147715221,0.1142253330639062
5453.0,38.0,211.0,4263.0,3262.0,1.0,1.0,3.204592227935791,9.512057304382324,0.9440049500988554,19.0,2.995732273553991,0.7884782461155736,0.7552533599788339,1.0,0.9999999999996896,0.877626679989417,1.0,0.32317278222288964,0.762264897689966
5453.0,150.0,267.0,927.0,3262.0,0.0,3.0,0.18068742752075195,7.220596790313721,0.47882259101827834,0.0,0.0,0.0,0.0,0.0,0.0,0.0,0.0,0.10879953232484102,0.08427964188897598
5453.0,150.0,315.0,3262.0,4263.0,0.0,72.0,3.108912706375122,6.305611610412598,0.9195506063399672,5.0,1.791759469228055,0.5100008047105996,0.46861284785028134,0.0,0.0,0.23430642392514067,0.0,0.3591735334192713,0.3432065376708613
4463.0,156.0,265.0,1161.0,776.0,1.0,1.0,1.3287229537963867,8.3515625,0.7177754545052621,3.0,1.3862943611198906,0.16493848884661177,0.14529826944226687,0.0,0.0,0.07264913472113343,0.0,0.18939447371075588,0.15899803319974856
4463.0,156.0,208.0,2442.0,558.0,0.0,6.0,0.7425751686096191,7.528300762176514,0.4525660679144622,2.0,1.0986122886681098,0.5100008047105996,0.07618622408735687,0.0,0.0,0.038093112043678434,0.0,0.10787445484913502,0.07899361176431755
4463.0,160.0,330.0,1013.0,2694.0,0.0,538.0,1.822434902191162,8.507526397705078,0.8345246938994423,0.0,0.0,0.0,0.0,0.0,0.0,0.0,0.0,0.24653584895963104,0.1785633232902443
4463.0,169.0,301.0,2694.0,2460.0,0.0,7.0,1.9901089668273926,7.720242977142334,0.738041394488758,0.0,0.0,0.0,0.0,0.0,0.0,0.0,0.0,0.21925865641747366,0.16090375708529467
4463.0,6.0,258.0,2442.0,1161.0,0.0,12.0,10.249030590057373,14.258341789245605,0.9998949724110593,0.0,0.0,0.0,0.0,0.0,0.0,0.0,0.0,0.5010597618136697,0.3105648204524764
4463.0,57.0,290.0,4463.0,5182.0,0.0,3.0,0.6663765907287598,3.5795047283172607,0.1937212603736398,0.0,0.0,0.0,0.0,0.0,0.0,0.0,0.0,0.0786546754420229,0.06714827051118816
6293.0,90.0,122.0,3341.0,920.0,1.0,1.0,10.187508583068848,22.18515396118164,0.9999623574555465,36.0,3.6109179126442243,0.8879629756445782,0.7787199491662762,0.41400018470619543,0.2338093801123465,0.5963600669362358,1.0,0.35944071019659,0.5139639092385014
6293.0,90.0,207.0,3341.0,920.0,1.0,1.0,9.474515914916992,14.793274879455566,0.9999165313189733,48.0,3.8918202981106265,0.8879629756445782,0.7927057025555301,0.5722283597741958,0.3369978947797435,0.682467031164863,1.0,0.4652681947115077,0.6994080293769975
6293.0,90.0,172.0,3341.0,920.0,1.0,1.0,2.2565832138061523,17.12269401550293,0.9051312073855136,44.0,3.8066624897703196,0.8534795977333005,0.7778648403953112,0.5050578977683485,0.2721524588666273,0.6414613690818298,1.0,0.18063434333880282,0.3904236660412039
6293.0,90.0,149.0,3341.0,920.0,1.0,1.0,6.652090072631836,14.492232322692871,0.9982427144495062,41.0,3.7376696182833684,0.7001394896518027,0.8041783795235193,0.5099428266022522,0.29512242349620293,0.6570606030628858,1.0,0.3768397423867611,0.6417772856371534
6293.0,90.0,363.0,3341.0,920.0,1.0,1.0,10.985608100891113,23.352577209472656,0.9999825955046735,71.0,4.276666119016055,0.9803906099397734,0.7902917042837605,0.7839818298460393,0.5234003343814738,0.7871367670648999,1.0,0.3648539420476394,0.5963272795381255
6293.0,90.0,225.0,3341.0,920.0,0.0,6.0,8.064899444580078,17.637916564941406,0.999574332589473,52.0,3.970291913552122,0.9423178739918808,0.7946934880093836,0.6625224122897359,0.4347768931007684,0.7286079501495597,1.0,0.3690021630765001,0.6255943825623133
6293.0,90.0,345.0,3341.0,920.0,1.0,1.0,11.638096809387207,22.961395263671875,0.999991064044132,66.0,4.204692619390966,0.7001394896518027,0.6240259841324907,0.8047649863379401,0.5931875728751288,0.7143954852352155,1.0,0.3922652489546138,0.6277618536533883
6293.0,162.0,336.0,3341.0,920.0,0.0,2.0,5.533675193786621,15.319716453552246,0.995896840029638,20.0,3.044522437723423,0.836743383392903,0.5040375002192881,0.9407631546568507,0.7282304550264642,0.7224003274380694,1.0,0.32744717983935523,0.6230348329612423
6293.0,53.0,84.0,3341.0,920.0,0.0,4.0,7.686389923095703,30.837778091430664,0.9995411054178314,24.0,3.2188758248682006,0.9611657480580811,0.727184618879605,0.4498628320938723,0.27946867946052034,0.5885237254867386,1.0,0.17604405130411313,0.25116405739906966
6293.0,53.0,183.0,3341.0,6864.0,0.0,3.0,17.073444366455078,31.425893783569336,0.999999924959729,42.0,3.7612001156935624,0.7001394896518027,0.8163148274566507,0.5547616016895518,0.32724578729155146,0.6855382145731013,1.0,0.4217193176728116,0.5334972546413252
6293.0,53.0,74.0,3341.0,920.0,1.0,1.0,10.288949012756348,22.878936767578125,0.9999659599786933,21.0,3.091042453358316,0.9803906099397734,0.739953815209204,0.48968997625863747,0.3183677779889616,0.6148218957339208,1.0,0.3510797028204899,0.49664568552440436
6293.0,53.0,323.0,3341.0,920.0,0.0,2.0,12.409795761108398,34.73992919921875,0.999995913110734,61.0,4.127134385045092,0.8879629756445782,0.706110818592139,0.590562921341853,0.4109005601116495,0.648336869966996,1.0,0.23394231848078686,0.32404703084042574
6293.0,53.0,50.0,3341.0,6105.0,0.0,8.0,4.348191738128662,12.287787437438965,0.9795355859907913,15.0,2.772588722239781,0.9611657480580811,0.6226765059148116,0.6946728274194467,0.45090774285898266,0.6586746666671291,1.0,0.3318224937751522,0.5899690001954382
6293.0,53.0,254.0,711.0,3341.0,0.0,7.0,1.6996726989746094,10.133387565612793,0.8208521770538566,0.0,0.0,0.0,0.0,0.0,0.0,0.0,0.0,0.21679814177398488,0.15111116416701112
6293.0,53.0,51.0,711.0,3341.0,0.0,3.0,1.6255464553833008,11.40657901763916,0.7238030223798736,0.0,0.0,0.0,0.0,0.0,0.0,0.0,0.0,0.16514028151456772,0.11147344721643139
6293.0,53.0,297.0,3341.0,4702.0,1.0,1.0,10.619915008544922,21.87061882019043,0.9999738072774559,57.0,4.060443010546419,0.8534795977333005,0.6872034031279286,0.7170329667530574,0.4675133723480492,0.7021181849404929,1.0,0.3783560324000361,0.592388660867644
6293.0,53.0,251.0,6407.0,1181.0,0.0,3981.0,0.7793817520141602,11.87644100189209,0.6379106494317812,0.0,0.0,0.0,0.0,0.0,0.0,0.0,0.0,0.12176176993401708,0.08269425623357753
6293.0,53.0,12.0,3341.0,920.0,0.0,5.0,7.68678092956543,29.12730598449707,0.9995408933127093,4.0,1.6094379124341003,1.0,0.23420163063473465,0.7657983693652654,0.5825895250584854,0.5,1.0,0.1947403396072119,0.24298509217898195
6293.0,127.0,9.0,920.0,3341.0,0.0,1.0,3.2431840896606445,15.372596740722656,0.9531668203300504,2.0,1.0986122886681098,1.0,0.4851512137172558,0.0,0.0,0.2425756068586279,0.0,0.2430151462290063,0.1620179278804849
6293.0,127.0,347.0,3155.0,3341.0,0.0,2.0,15.596823692321777,30.83359146118164,0.9999998308004827,0.0,0.0,0.0,0.0,0.0,0.0,0.0,0.0,0.3840297039051984,0.14063431489305736
6293.0,127.0,271.0,3155.0,5527.0,0.0,2901.0,0.7677183151245117,15.593496322631836,0.6714054220117266,0.0,0.0,0.0,0.0,0.0,0.0,0.0,0.0,0.1028618496378632,0.06372103306194288
6293.0,127.0,110.0,3341.0,920.0,0.0,395.0,2.072603702545166,9.393542289733887,0.802814160617051,22.0,3.1354942159291497,0.7730166686334901,0.6785303406911414,0.6101136662751087,0.4343686810057739,0.644322003483125,1.0,0.22724999857878558,0.5262707859388372
6293.0,127.0,236.0,6785.0,6293.0,0.0,404.0,1.0417490005493164,13.098731994628906,0.6350424584256547,0.0,0.0,0.0,0.0,0.0,0.0,0.0,0.0,0.11549709999702992,0.07574321750615147
6293.0,127.0,170.0,3155.0,711.0,0.0,291.0,6.781219482421875,24.273761749267578,0.9981497142366664,0.0,0.0,0.0,0.0,0.0,0.0,0.0,0.0,0.2325619487465607,0.1060052130278518
6293.0,127.0,147.0,3341.0,5311.0,0.0,846.0,0.39290618896484375,17.85040855407715,0.5231765980839631,23.0,3.1780538303479458,1.0,0.7440388521380444,0.6895640051055896,0.5220892226524206,0.716801428621817,1.0,0.060821605177020226,0.19005455461265122
6293.0,127.0,103.0,509.0,4702.0,0.0,21.0,3.5917673110961914,13.887004852294922,0.9350003010107685,0.0,0.0,0.0,0.0,0.0,0.0,0.0,0.0,0.2639939119740853,0.1647386968711472
6293.0,127.0,104.0,3155.0,2457.0,0.0,2273.5,1.4517602920532227,16.082902908325195,0.7941557362790795,0.0,0.0,0.0,0.0,0.0,0.0,0.0,0.0,0.14027655161341634,0.0845142110569883
6293.0,127.0,92.0,3155.0,3341.0,0.0,27.0,2.210186004638672,20.344810485839844,0.8938746771048648,0.0,0.0,0.0,0.0,0.0,0.0,0.0,0.0,0.14446087470285307,0.07705737613655933
6293.0,169.0,243.0,711.0,3341.0,0.0,3.0,4.810555458068848,14.99619197845459,0.9805342525525426,0.0,0.0,0.0,0.0,0.0,0.0,0.0,0.0,0.3034092835415889,0.18309122606312017
6293.0,169.0,268.0,2100.0,711.0,0.0,440.0,2.2030324935913086,16.410324096679688,0.8973388867660419,0.0,0.0,0.0,0.0,0.0,0.0,0.0,0.0,0.1844478419334016,0.10916318708703433
6293.0,103.0,63.0,3341.0,920.0,1.0,1.0,6.632551193237305,19.773332595825195,0.9986695283771705,4.0,1.6094379124341003,0.9057236642639067,0.5718388561431129,0.4281611438568871,0.21587766090706031,0.5,1.0,0.2917433929335541,0.39243420356507047
6293.0,160.0,338.0,3990.0,5311.0,0.0,396.0,0.5468931198120117,5.135164737701416,0.3268711669456488,0.0,0.0,0.0,0.0,0.0,0.0,0.0,0.0,0.09374761851934589,0.07647882416046387
6293.0,160.0,229.0,6284.0,711.0,0.0,1683.0,3.059861183166504,13.579440116882324,0.9474265215071918,2.0,1.0986122886681098,0.2987773849926094,0.06455120062316977,0.0,0.0,0.032275600311584884,0.0,0.2601829858570243,0.16839406647034877
6293.0,160.0,360.0,6407.0,2454.0,0.0,6.0,0.03909778594970703,14.105515480041504,0.5096196991366292,0.0,0.0,0.0,0.0,0.0,0.0,0.0,0.0,0.07266577510721985,0.047881205147859526
6293.0,160.0,349.0,3341.0,711.0,0.0,14.0,15.50831413269043,25.200916290283203,0.999999797916393,12.0,2.5649493574615367,0.597554769985219,0.4469546005546925,0.0,0.0,0.22347730027734625,0.0,0.4808449664502958,0.2813982475021387
6293.0,160.0,259.0,3155.0,929.0,0.0,266.0,27.263933658599854,34.29349136352539,0.999999999995195,7.0,2.0794415416798357,0.9611657480580811,0.48377557328970966,0.0,0.0,0.24188778664485483,0.0,0.7014969245311694,0.33514321393534
6293.0,160.0,15.0,3155.0,3159.0,0.0,4.0,4.517922401428223,18.529172897338867,0.9891333649561165,2.0,1.0986122886681098,1.0,0.4851512137172558,0.5148487862827442,0.01009783057754739,0.5,1.0,0.24866670344156075,0.29468721413420007
6293.0,160.0,114.0,2457.0,509.0,0.0,7038.0,2.1158857345581055,9.562804222106934,0.7586063446723597,4.0,1.6094379124341003,0.35006974482590136,0.5403577720960729,0.0,0.0,0.27017888604803647,0.0,0.20803194688077678,0.20953910486528687
6293.0,115.0,287.0,3341.0,920.0,0.0,2.0,6.064932823181152,20.563709259033203,0.9973805006298213,24.0,3.2188758248682006,0.9803906099397734,0.593965536227063,0.9368737451477609,0.774126504731227,0.765419640687412,1.0,0.2642487918948832,0.5337935629843842
6293.0,115.0,58.0,3341.0,920.0,0.0,2.0,6.466703414916992,14.591094017028809,0.9977965080593371,4.0,1.6094379124341003,0.9803906099397734,0.5438325123198724,0.8053351780578774,0.5716041824875973,0.6745838451888748,1.0,0.36905324585383803,0.594709512985748
6293.0,156.0,24.0,3155.0,711.0,0.0,1031.0,6.536108016967773,17.608074188232422,0.9982919326223876,0.0,0.0,0.0,0.0,0.0,0.0,0.0,0.0,0.3221032099211392,0.17944035734399402
6293.0,142.0,104.0,6293.0,711.0,0.0,4.0,1.9502763748168945,15.793156623840332,0.8753402834926924,0.0,0.0,0.0,0.0,0.0,0.0,0.0,0.0,0.17814035729628103,0.10743248261735176
6293.0,56.0,166.0,711.0,5036.0,0.0,169.0,1.676589012145996,10.595926284790039,0.6980520275954332,0.0,0.0,0.0,0.0,0.0,0.0,0.0,0.0,0.16562899777722295,0.11394223279691523
6293.0,158.0,324.0,1077.0,2100.0,0.0,211.0,1.380594253540039,7.307130336761475,0.5074778713117435,0.0,0.0,0.0,0.0,0.0,0.0,0.0,0.0,0.1326128108582992,0.09973832824798508
6293.0,155.0,286.0,3155.0,2290.0,0.0,2.0,15.893959999084473,30.199867248535156,0.999999863323827,1.0,0.6931471805599453,0.004576852229829923,0.0,0.0,0.0,0.0,0.0,0.4045779336416954,0.15872575957906007
6293.0,155.0,51.0,711.0,2457.0,0.0,4.0,1.030768871307373,8.0555419921875,0.5934734360205571,0.0,0.0,0.0,0.0,0.0,0.0,0.0,0.0,0.14525432218942963,0.10771174157815308
6293.0,155.0,264.0,3155.0,3341.0,0.0,14.0,0.7840032577514648,11.742283821105957,0.619142887300993,1.0,0.6931471805599453,0.007075966127061776,0.0,0.0,0.0,0.0,0.0,0.11808025919883322,0.08419475217224624
6293.0,155.0,3.0,6407.0,711.0,0.0,4.0,0.38519763946533203,12.501835823059082,0.5449589787411366,0.0,0.0,0.0,0.0,0.0,0.0,0.0,0.0,0.09125585058150262,0.06184987109335853
6293.0,155.0,53.0,3155.0,711.0,0.0,4.0,4.414243698120117,12.789645195007324,0.9720261710397122,1.0,0.6931471805599453,0.46191979762002533,0.0,0.0,0.0,0.0,0.0,0.3218133387738215,0.18789658538874746
6293.0,155.0,257.0,2290.0,3155.0,0.0,3.0,1.0855340957641602,10.453185081481934,0.7261387234253028,7.0,2.0794415416798357,1.0,0.052271949294915854,0.9477280507050841,0.38689931268908395,0.5,1.0,0.1653666143032872,0.28384938116804764
6293.0,110.0,155.0,3341.0,1755.0,1.0,1.0,3.4417502880096436,7.114308834075928,0.900025150788089,0.0,0.0,0.0,0.0,0.0,0.0,0.0,0.0,0.34534861784520693,0.2553095631614757
6293.0,207.0,147.0,711.0,3159.0,0.0,4.0,0.05390024185180664,7.0205841064453125,0.4519921140813782,0.0,0.0,0.0,0.0,0.0,0.0,0.0,0.0,0.10244264328832053,0.08010933187321768
5187.0,202.0,350.0,3149.0,6293.0,0.0,45.0,0.058028221130371094,4.195332050323486,0.3526680070830788,0.0,0.0,0.0,0.0,0.0,0.0,0.0,0.0,0.09933763484531555,0.08354075833850066
2300.0,53.0,50.0,359.0,2671.0,1.0,1.0,4.803044319152832,19.256980895996094,0.9918351838675801,0.0,0.0,0.0,0.0,0.0,0.0,0.0,0.0,0.24724352645490585,0.1325529204710986
2300.0,53.0,41.0,711.0,2290.0,1.0,1.0,3.916900634765625,26.687023162841797,0.9700908666434138,1.0,0.6931471805599453,0.9803906099397734,0.0,1.0,0.13774814446148798,0.5,1.0,0.13901666688724063,0.12249940906125326
2300.0,53.0,287.0,3149.0,3990.0,0.0,11.0,0.08118915557861328,12.467937469482422,0.5001033823765549,0.0,0.0,0.0,0.0,0.0,0.0,0.0,0.0,0.07979558672994537,0.05466702598967975
2300.0,115.0,290.0,359.0,2290.0,1.0,1.0,2.8630905151367188,8.784496307373047,0.9306707334417,2.0,1.0986122886681098,0.16823752407904452,0.19685014424031877,0.0,0.0,0.09842507212015938,0.0,0.31759270854745575,0.261237768331055
2300.0,115.0,350.0,359.0,711.0,1.0,1.0,1.9562101364135742,10.49375057220459,0.8651193605568827,3.0,1.3862943611198906,0.9611657480580811,0.06228015470943138,0.9377198452905686,0.30888559850166375,0.5,1.0,0.23700620749209209,0.3496875986773903
2300.0,162.0,137.0,3155.0,2300.0,0.0,4.0,0.598106861114502,5.321744918823242,0.4908488609862351,0.0,0.0,0.0,0.0,0.0,0.0,0.0,0.0,0.1323684431093212,0.10604847634656098
2300.0,127.0,114.0,711.0,2290.0,0.0,28.0,1.0207128524780273,13.236031532287598,0.6095889920112043,2.0,1.0986122886681098,0.23557946849797018,0.0,0.0,0.0,0.0,0.0,0.10813863043251004,0.07047306922331653
2300.0,127.0,254.0,3159.0,2290.0,1.0,1.0,3.264913558959961,14.115347862243652,0.9416241873228046,2.0,1.0986122886681098,0.9611657480580811,0.4950491105234984,0.5049508894765016,0.3227763875626533,0.5,1.0,0.25538906810102996,0.4019216538034028
2300.0,127.0,342.0,2290.0,509.0,0.0,62.0,1.0988149642944336,13.177142143249512,0.6897961780133302,7.0,2.0794415416798357,1.0,0.14572013223589253,0.0,0.0,0.07286006611794626,0.0,0.12990395925569567,0.07802489489056477
2300.0,169.0,59.0,2290.0,711.0,0.0,128.0,13.775084257125854,17.303049087524414,0.9999975220261028,0.0,0.0,0.0,0.0,0.0,0.0,0.0,0.0,0.5648289189331259,0.32952138387674296
2300.0,169.0,195.0,359.0,2154.0,0.0,43.0,2.382139205932617,14.117953300476074,0.84222193035444,0.0,0.0,0.0,0.0,0.0,0.0,0.0,0.0,0.1932340177984281,0.12071896902483957
2300.0,160.0,252.0,2290.0,4383.0,1.0,1.0,21.386134147644043,26.999919891357422,0.9999999991105684,41.0,3.7376696182833684,0.9803906099397734,0.6611809210544191,0.7146837833161486,0.5325700527781132,0.6879323521852838,1.0,0.642856894452969,0.7316015035701079
2300.0,160.0,137.0,3159.0,2290.0,0.0,166.0,1.410064697265625,8.557862281799316,0.6663773339828624,0.0,0.0,0.0,0.0,0.0,0.0,0.0,0.0,0.17054984617929486,0.12385507952662747
2300.0,160.0,320.0,2290.0,711.0,1.0,1.0,6.448295593261719,17.58895492553711,0.998208833808335,52.0,3.970291913552122,0.8042490800314893,0.8348857415380146,0.7138119698588818,0.5343608052084308,0.7743488556984482,1.0,0.3197738300909605,0.628099421519956
2300.0,160.0,231.0,2290.0,2300.0,0.0,48.0,4.6378912925720215,11.123366355895996,0.9848609565068909,35.0,3.58351893845611,1.0,0.5228987768322275,0.8725723636642795,0.7395457825886843,0.6977355702482535,1.0,0.36270245393544853,0.6843748506602407
2300.0,64.0,70.0,711.0,1077.0,0.0,292.0,1.8582146167755127,5.510958671569824,0.6767324423886508,0.0,0.0,0.0,0.0,0.0,0.0,0.0,0.0,0.21829882711670545,0.1689337225510127
2300.0,103.0,210.0,711.0,3159.0,1.0,1.0,6.861863136291504,11.759749412536621,0.9976337336106512,1.0,0.6931471805599453,0.4805828740290406,0.0,0.0,0.0,0.0,0.0,0.4308788040017969,0.2589761696869868
2300.0,103.0,320.0,6052.0,711.0,0.0,3.0,0.30022621154785156,6.746636390686035,0.4670927875072848,1.0,0.6931471805599453,0.22643091606597668,0.0,0.0,0.0,0.0,0.0,0.11097195092819928,0.08429292680607675
2300.0,103.0,41.0,711.0,2290.0,1.0,1.0,11.893966674804688,16.91672134399414,0.9999874512245178,0.0,0.0,0.0,0.0,0.0,0.0,0.0,0.0,0.5085991567437579,0.2941663419751212
2300.0,142.0,144.0,3159.0,2926.0,0.0,216.0,0.252214252948761,1.1346715688705444,0.2888171773079116,0.0,0.0,0.0,0.0,0.0,0.0,0.0,0.0,0.1080685573340555,0.09742684386914983
2300.0,142.0,84.0,1077.0,151.0,1.0,1.0,0.29938244819641113,3.3235297203063965,0.31727460063664664,0.0,0.0,0.0,0.0,0.0,0.0,0.0,0.0,0.10027775310926344,0.0857957608197161
2300.0,155.0,255.0,509.0,2290.0,0.0,5.0,3.566739082336426,11.769043922424316,0.9233371087970768,5.0,1.791759469228055,0.09105342796837457,0.5258585434412506,0.0,0.0,0.2629292717206253,0.0,0.28833877024006743,0.2862922870485486
2300.0,155.0,128.0,929.0,509.0,0.0,3.0,0.026343345642089844,7.537492275238037,0.47630237600088066,0.0,0.0,0.0,0.0,0.0,0.0,0.0,0.0,0.1040563761149187,0.08030729277556774
2300.0,155.0,343.0,2290.0,3159.0,0.0,6.0,4.377907752990723,14.72509479522705,0.9812090054533129,5.0,1.791759469228055,0.18210685593674916,0.20298949079770234,0.0,0.0,0.10149474539885117,0.0,0.29559625852719545,0.21761595326633337
2300.0,56.0,142.0,2290.0,711.0,0.0,6935.0,2.4748573303222656,18.843233108520508,0.9222589384768568,0.0,0.0,0.0,0.0,0.0,0.0,0.0,0.0,0.17281084133203384,0.0956492298050068
2300.0,90.0,218.0,711.0,3341.0,0.0,4.0,1.9096126556396484,14.823798179626465,0.8162860687079535,6.0,1.9459101490553132,0.5520447568369061,0.5595084246217493,0.0,0.0,0.27975421231087466,0.0,0.16705938439402443,0.1473318187374033
1946.0,53.0,145.0,6293.0,956.0,0.0,4592.0,1.0465960502624512,7.3628034591674805,0.7339410333705679,0.0,0.0,0.0,0.0,0.0,0.0,0.0,0.0,0.20075889667530472,0.15086425748089194
1946.0,53.0,153.0,3341.0,4606.0,0.0,95.0,1.425948977470398,3.1727399826049805,0.6001659037625171,0.0,0.0,0.0,0.0,0.0,0.0,0.0,0.0,0.2059907554441761,0.16947276499695887
1946.0,130.0,41.0,846.0,4319.0,0.0,5867.0,0.3796412944793701,2.8284056186676025,0.17281540256732222,0.0,0.0,0.0,0.0,0.0,0.0,0.0,0.0,0.07617201370919398,0.06675655720121539
1946.0,127.0,257.0,4723.0,2590.0,0.0,2888.0,0.3848257064819336,3.298137903213501,0.27679326612620314,0.0,0.0,0.0,0.0,0.0,0.0,0.0,0.0,0.09293658547164443,0.07971175172628245
2083.0,142.0,41.0,150.0,3341.0,0.0,4.5,2.9358091354370117,12.076865196228027,0.9410903488631241,8.0,2.1972245773362196,0.8879629756445782,0.45768856556882676,0.8126742592571004,0.6044295656382904,0.6351814124129636,1.0,0.2752243703732806,0.5381824997843039
2083.0,142.0,261.0,2083.0,1077.0,0.0,8.0,7.5194244384765625,18.967147827148438,0.9989596740042758,0.0,0.0,0.0,0.0,0.0,0.0,0.0,0.0,0.33004939019401464,0.1760686217614407
2083.0,142.0,128.0,3155.0,5965.0,0.0,2.0,6.00764274597168,14.127154350280762,0.9966725190557655,0.0,0.0,0.0,0.0,0.0,0.0,0.0,0.0,0.36182164229872327,0.2231640473850922
2083.0,142.0,126.0,3159.0,3341.0,0.0,6.0,1.8549308776855469,10.962349891662598,0.71835130072587,0.0,0.0,0.0,0.0,0.0,0.0,0.0,0.0,0.17215494805143647,0.11701517869826668
2083.0,142.0,245.0,2457.0,1147.0,0.0,7.0,0.8682870864868164,9.147001266479492,0.6710351881649312,0.0,0.0,0.0,0.0,0.0,0.0,0.0,0.0,0.15624822749546685,0.11300741748988175
2083.0,142.0,237.0,6504.0,6795.0,0.0,5.0,3.937777519226074,17.240482330322266,0.9698670428977657,0.0,0.0,0.0,0.0,0.0,0.0,0.0,0.0,0.2428167084613009,0.13845263664654245
2083.0,115.0,292.0,6504.0,2315.0,1.0,1.0,6.764549970626831,9.566549301147461,0.9971526812025475,4.0,1.6094379124341003,0.9423178739918808,0.539441350716437,1.0,0.9098063983739226,0.7697206753582184,1.0,0.4665993757272709,0.7764003417508031
2083.0,115.0,152.0,1077.0,6407.0,0.0,3.0,0.38046789169311523,6.481536388397217,0.4031922401159872,0.0,0.0,0.0,0.0,0.0,0.0,0.0,0.0,0.09932173577720045,0.0783579901568808
2083.0,61.0,161.0,6795.0,929.0,0.0,632.0,5.404986619949341,9.065441131591797,0.9931058321176846,0.0,0.0,0.0,0.0,0.0,0.0,0.0,0.0,0.4277374953183431,0.30247049355544453
2083.0,53.0,233.0,2671.0,150.0,0.0,3.0,0.6430339813232422,6.792176723480225,0.45498261702084913,0.0,0.0,0.0,0.0,0.0,0.0,0.0,0.0,0.11234776946041995,0.08714483370311932
2083.0,53.0,124.0,2661.0,18.0,0.0,12.0,5.085111618041992,18.304975509643555,0.9890577884602823,0.0,0.0,0.0,0.0,0.0,0.0,0.0,0.0,0.2663926694031666,0.14635532053134967
2083.0,103.0,1.0,1077.0,2234.0,0.0,2.0,0.623603343963623,6.195598602294922,0.5504737470602715,0.0,0.0,0.0,0.0,0.0,0.0,0.0,0.0,0.14229912633061226,0.11130527222838689
2083.0,169.0,126.0,2083.0,362.0,0.0,3746.0,5.386768341064453,20.244775772094727,0.9954398853560523,0.0,0.0,0.0,0.0,0.0,0.0,0.0,0.0,0.2502507262030199,0.12984616237729996
2083.0,123.0,62.0,6504.0,1077.0,1.0,1.0,3.21897029876709,13.162519454956055,0.9436903069104261,2.0,1.0986122886681098,0.9803906099397734,0.0,1.0,0.48927418925727506,0.5,1.0,0.268484539151264,0.38455233837726216
4906.0,53.0,334.0,3007.0,6155.0,1.0,1.0,8.851491078734398,8.686256408691406,0.9995837211257782,0.0,0.0,0.0,0.0,0.0,0.0,0.0,0.0,0.5542708947401225,0.39776790889115665
2906.0,160.0,285.0,2083.0,4069.0,0.0,154.0,11.006350040435791,16.288272857666016,0.9999575754422488,0.0,0.0,0.0,0.0,0.0,0.0,0.0,0.0,0.48995619858445527,0.2869208727028667
2906.0,160.0,313.0,2461.0,18.0,0.0,117.0,0.6409683227539062,10.457908630371094,0.6332411048810073,0.0,0.0,0.0,0.0,0.0,0.0,0.0,0.0,0.12975582273511593,0.09145923963151444
2906.0,160.0,299.0,2083.0,1426.0,0.0,18.0,3.203505516052246,10.694204330444336,0.8874575009953638,0.0,0.0,0.0,0.0,0.0,0.0,0.0,0.0,0.2766349705559403,0.18736543121154084
2906.0,156.0,54.0,779.0,244.0,0.0,8.0,1.0580806732177734,6.3541340827941895,0.553379613851039,0.0,0.0,0.0,0.0,0.0,0.0,0.0,0.0,0.14905172084367668,0.11512323861322521
2906.0,156.0,321.0,4723.0,244.0,0.0,38.0,0.12317848205566406,7.897281169891357,0.3737896196167635,3.0,1.3862943611198906,0.2550004023552998,0.22543101646656916,0.0,0.0,0.11271550823328458,0.0,0.0821933194184222,0.07600548585108055
2906.0,10.0,16.0,3922.0,2527.0,0.0,6925.0,2.0144639015197754,7.158364772796631,0.6754657625485923,0.0,0.0,0.0,0.0,0.0,0.0,0.0,0.0,0.2015231379920801,0.1496942696611767
6805.0,127.0,19.0,6504.0,2083.0,0.0,12.0,8.003116607666016,16.752439498901367,0.9994274479301134,0.0,0.0,0.0,0.0,0.0,0.0,0.0,0.0,0.3819921251798567,0.21784660241194176
6805.0,160.0,346.0,6504.0,2083.0,0.0,534.0,5.101277589797974,7.972620010375977,0.982517642392995,12.0,2.5649493574615367,0.7884782461155736,0.5725300097637565,0.6829067219274458,0.3324860774008907,0.6277183658456011,1.0,0.43081025781506427,0.6822208834599321
6805.0,160.0,361.0,6504.0,6805.0,1.0,1.0,0.983421802520752,7.574252605438232,0.6391992249103795,13.0,2.6390573296152584,0.7578582832551991,0.6439194162818023,0.6313368103091074,0.26331200855279807,0.6376281132954549,1.0,0.16332475705085375,0.3979149131167294
6805.0,160.0,38.0,2455.0,6504.0,1.0,1.0,7.047896385192871,14.923462867736816,0.9989305335290206,0.0,0.0,0.0,0.0,0.0,0.0,0.0,0.0,0.3824805365989662,0.2302662387252217
6805.0,160.0,294.0,6504.0,18.0,1.0,1.0,1.407670497894287,6.047150135040283,0.7698914484571819,10.0,2.3978952727983707,0.7884782461155736,0.5186355309096541,0.4813644690903459,0.12880553139723971,0.5,1.0,0.24033094561563637,0.4476437879031569
6805.0,160.0,291.0,6504.0,18.0,1.0,1.0,1.1352124214172363,3.7607638835906982,0.6784021930841214,10.0,2.3978952727983707,0.836743383392903,0.5186355309096541,0.4813644690903459,0.1288055313972422,0.5,1.0,0.22397921611112054,0.43888961334047305
6805.0,155.0,127.0,6504.0,6411.0,1.0,1.0,9.68286943435669,12.698884010314941,0.9997909752924825,2.0,1.0986122886681098,0.46191979762002533,0.44086543844079895,0.559134561559201,0.07367971390957731,0.5,1.0,0.5100843627086754,0.6199500800097735
6805.0,155.0,6.0,6411.0,1943.0,1.0,1.0,1.148698329925537,7.042351245880127,0.5982429386042882,1.0,0.6931471805599453,0.9803906099397734,0.0,1.0,0.99999999999898,0.5,1.0,0.1582203779684346,0.3843169757695986
6805.0,155.0,83.0,2278.0,1077.0,0.0,3.0,1.8142099380493164,11.508689880371094,0.7468362155359637,0.0,0.0,0.0,0.0,0.0,0.0,0.0,0.0,0.17554123352846163,0.11783585924325683
6805.0,53.0,336.0,6293.0,1173.0,1.0,1.0,11.913249492645264,18.78844451904297,0.999990902759523,1.0,0.6931471805599453,0.9611657480580811,0.0,1.0,0.1763740635242975,0.5,1.0,0.4753970264671267,0.43876837165553456
6805.0,169.0,276.0,4786.0,6411.0,0.0,2.0,1.68916654586792,8.262771606445312,0.824693278082348,1.0,0.6931471805599453,1.0,0.0,1.0,0.06920392276149004,0.5,1.0,0.24210706148440836,0.30122624141772175
3994.0,160.0,60.0,4721.0,62.0,0.0,3.0,0.13340038061141968,0.8440580368041992,0.35140995507315514,0.0,0.0,0.0,0.0,0.0,0.0,0.0,0.0,0.12402815425684958,0.11213052477199144
3994.0,160.0,310.0,5395.0,5474.0,1.0,1.0,1.2056595087051392,1.9920045137405396,0.7009132181060571,14.0,2.70805020110221,0.7001394896518027,0.6570453188590413,0.9837451522986438,0.9537626598704156,0.8203952355788425,1.0,0.2590701901495343,0.7319563381414789
5899.0,53.0,306.0,4592.0,2790.0,1.0,1.0,7.362944167107344,7.419744968414307,0.998441201217352,0.0,0.0,0.0,0.0,0.0,0.0,0.0,0.0,0.5263825048822789,0.387970446492248
6411.0,142.0,119.0,5527.0,6504.0,0.0,14.0,2.073127269744873,3.884720802307129,0.6237929165136937,0.0,0.0,0.0,0.0,0.0,0.0,0.0,0.0,0.2215978772666449,0.17733492203709508
6411.0,189.0,10.0,2455.0,1188.0,0.0,57.0,0.12336325645446777,2.1969494819641113,0.1610803541098961,0.0,0.0,0.0,0.0,0.0,0.0,0.0,0.0,0.07496974328122878,0.06715252185623097
6411.0,178.0,253.0,6785.0,711.0,0.0,3.0,1.1098074913024902,3.122711420059204,0.4657307159343807,1.0,0.6931471805599453,0.12014571850726015,0.0,0.0,0.0,0.0,0.0,0.15286346141426904,0.12832556663979722
6411.0,127.0,126.0,3262.0,2083.0,0.0,2.0,1.3388862609863281,10.360554695129395,0.7739309103171015,0.0,0.0,0.0,0.0,0.0,0.0,0.0,0.0,0.18805333405346653,0.13093076333243092
1466.0,205.0,9.0,673.0,347.0,0.0,38.0,0.3528558909893036,0.3925861120223999,0.07191708305792856,0.0,0.0,0.0,0.0,0.0,0.0,0.0,0.0,0.07136354660952804,0.06685109764352273
1466.0,168.0,264.0,1122.0,4587.0,1.0,1.0,5.399494171142578,7.633804798126221,0.9827934910713997,3.0,1.3862943611198906,0.9611657480580811,0.4115394215378244,1.0,0.9999999999993877,0.7057697107689123,1.0,0.44694221010624896,0.7685868340255343
6823.0,142.0,113.0,1077.0,6052.0,0.0,45.0,9.789018154144287,16.98781967163086,0.999894670067956,0.0,0.0,0.0,0.0,0.0,0.0,0.0,0.0,0.4364551796819104,0.248223924476596
6823.0,142.0,349.0,3341.0,4319.0,0.0,6.0,6.914550304412842,14.91363525390625,0.9971778881572172,4.0,1.6094379124341003,0.5100008047105996,0.014935300416045405,0.0,0.0,0.0074676502080227025,0.0,0.37740603422170027,0.21772863029386844
6823.0,142.0,40.0,6823.0,3341.0,0.0,2.0,6.488982200622559,18.961576461791992,0.9969043735590403,0.0,0.0,0.0,0.0,0.0,0.0,0.0,0.0,0.2990497069520999,0.16004346687196394
6823.0,180.0,68.0,5736.0,1182.0,1.0,1.0,3.287623405456543,12.371674537658691,0.9410781761990461,5.0,1.791759469228055,0.9803906099397734,0.0,1.0,0.9999999999997878,0.5,1.0,0.28047986750503107,0.5267071605914739
6823.0,202.0,328.0,1182.0,3155.0,0.0,3.0,0.8508434295654297,11.021878242492676,0.560518815186607,0.0,0.0,0.0,0.0,0.0,0.0,0.0,0.0,0.10999384383402175,0.07640008742967219
6823.0,151.0,176.0,6823.0,2547.0,0.0,4915.0,4.780262112617493,6.383146286010742,0.9552075312542011,0.0,0.0,0.0,0.0,0.0,0.0,0.0,0.0,0.4322491248488233,0.3248067358800029
6823.0,6.0,190.0,3341.0,711.0,0.0,3.0,2.6282129287719727,14.782822608947754,0.9323190043159824,0.0,0.0,0.0,0.0,0.0,0.0,0.0,0.0,0.22672434309712883,0.13960201062959995
6823.0,160.0,265.0,5736.0,235.0,0.0,8.0,0.6529793739318848,7.729902267456055,0.6157785633499515,0.0,0.0,0.0,0.0,0.0,0.0,0.0,0.0,0.14854307585137833,0.11173665165844865
6823.0,123.0,103.0,3411.0,6635.0,0.0,7.0,0.5155725479125977,8.78570556640625,0.4687978369740661,0.0,0.0,0.0,0.0,0.0,0.0,0.0,0.0,0.10017784878961963,0.07431776410467796
6823.0,98.0,254.0,711.0,3155.0,0.0,23.0,0.11966896057128906,14.288544654846191,0.523048275404198,0.0,0.0,0.0,0.0,0.0,0.0,0.0,0.0,0.07471342051960828,0.048874300425315924
6823.0,98.0,150.0,6823.0,711.0,0.0,3.0,1.862156867980957,12.4563627243042,0.8238901378898611,0.0,0.0,0.0,0.0,0.0,0.0,0.0,0.0,0.19414294975505622,0.12742201940052073
6823.0,133.0,319.0,5736.0,6823.0,1.0,1.0,2.935513496398926,11.489339828491211,0.9211244319515952,0.0,0.0,0.0,0.0,0.0,0.0,0.0,0.0,0.27410583291143104,0.18305977020199155
6823.0,38.0,188.0,3155.0,711.0,0.0,3.0,0.48728275299072266,8.041489601135254,0.4726698758041743,0.0,0.0,0.0,0.0,0.0,0.0,0.0,0.0,0.10565939986735866,0.07979025053072102
6823.0,38.0,11.0,1182.0,2461.0,0.0,2376.0,0.2928495407104492,6.954864501953125,0.4820890595761043,0.0,0.0,0.0,0.0,0.0,0.0,0.0,0.0,0.11296674609330379,0.08780833797122403
6823.0,38.0,173.0,3341.0,6052.0,0.0,418.0,3.0480860471725464,4.231600284576416,0.8631131157692775,0.0,0.0,0.0,0.0,0.0,0.0,0.0,0.0,0.36054126941504655,0.284858660368845
6823.0,115.0,322.0,3341.0,3155.0,0.0,4.0,3.1530866622924805,11.919909477233887,0.9071984859594547,0.0,0.0,0.0,0.0,0.0,0.0,0.0,0.0,0.26713615213706143,0.17578104828651905
6823.0,162.0,343.0,509.0,3566.0,0.0,6.0,0.1858835220336914,9.300546646118164,0.3446962253445438,0.0,0.0,0.0,0.0,0.0,0.0,0.0,0.0,0.07069055384128675,0.05273924609914344
5385.0,6.0,126.0,1077.0,146.0,1.0,1.0,6.382838249206543,12.635753631591797,0.9978675421738932,0.0,0.0,0.0,0.0,0.0,0.0,0.0,0.0,0.3998986149972375,0.2570044633690719
5385.0,157.0,223.0,6890.0,6635.0,0.0,289.0,1.4244308471679688,9.893097877502441,0.7546017690778265,0.0,0.0,0.0,0.0,0.0,0.0,0.0,0.0,0.18787520429968285,0.13208418572363037
5385.0,53.0,106.0,6293.0,509.0,1.0,1.0,2.758322238922119,8.217084884643555,0.8867158830990002,1.0,0.6931471805599453,0.9803906099397734,0.0,1.0,0.99999999999898,0.5,1.0,0.30072337453308673,0.5604669992366663
5385.0,155.0,274.0,929.0,3262.0,1.0,1.0,1.5599169731140137,6.097673416137695,0.7078357283621788,0.0,0.0,0.0,0.0,0.0,0.0,0.0,0.0,0.21696045439978284,0.16647066639662175
2835.0,52.0,99.0,1294.0,6598.0,0.0,6365.0,0.3220292925834656,-0.8120213150978088,0.004551809685208992,0.0,0.0,0.0,0.0,0.0,0.0,0.0,0.0,0.06628484192589647,0.06435407262076412
3154.0,53.0,126.0,4545.0,1755.0,0.0,3.0,1.370570182800293,11.763553619384766,0.7919917689154433,0.0,0.0,0.0,0.0,0.0,0.0,0.0,0.0,0.17998059829527802,0.1210311877929943
3154.0,53.0,57.0,151.0,7098.0,0.0,1.0,5.085696697235107,12.150280952453613,0.9937274718052809,1.0,0.6931471805599453,1.0,0.0,1.0,0.14744881036222598,0.5,1.0,0.3644523961756805,0.40199629888103433
3154.0,160.0,41.0,46.0,6310.0,0.0,4824.0,0.79296875,3.6328108310699463,0.6580392721251929,0.0,0.0,0.0,0.0,0.0,0.0,0.0,0.0,0.20937443386310015,0.1722010915380101
5556.0,98.0,280.0,3155.0,920.0,1.0,1.0,0.5763978958129883,7.118537902832031,0.5848776865819745,2.0,1.0986122886681098,0.0068011762757509715,0.4851512137172558,1.0,0.9999999999243,0.7425756068586279,1.0,0.1434869972589233,0.5545198126325874
5556.0,101.0,12.0,4319.0,3158.0,0.0,7126.0,1.653745874762535,1.705194354057312,0.16604696381985437,0.0,0.0,0.0,0.0,0.0,0.0,0.0,0.0,0.09463899142400414,0.08250896131927107
5556.0,53.0,296.0,4702.0,382.0,0.0,833.0,1.2329816818237305,9.437607765197754,0.7162057960625202,0.0,0.0,0.0,0.0,0.0,0.0,0.0,0.0,0.1751870666450045,0.12491874911077291
5556.0,127.0,196.0,1419.0,6699.0,0.0,189.0,2.5011281967163086,4.358365058898926,0.8280201569219583,0.0,0.0,0.0,0.0,0.0,0.0,0.0,0.0,0.32285079548704804,0.2552366303910918
2154.0,115.0,339.0,6293.0,2290.0,1.0,1.0,0.9322006702423096,4.839261531829834,0.38987876364225116,1.0,0.6931471805599453,0.9611657480580811,0.0,1.0,0.9999999999989596,0.5,1.0,0.11472367130609516,0.3210380183297956
2154.0,127.0,309.0,6293.0,2266.0,0.0,6.0,0.643467903137207,15.519893646240234,0.6243794001402744,1.0,0.6931471805599453,0.09105342796837457,0.0,0.0,0.0,0.0,0.0,0.09190395070372609,0.058293625605008524
2154.0,160.0,355.0,3159.0,5421.0,0.0,2636.0,2.1227102279663086,9.324078559875488,0.8301383074882436,0.0,0.0,0.0,0.0,0.0,0.0,0.0,0.0,0.24117255177135918,0.17051256280789864
2154.0,53.0,332.0,4594.0,2154.0,0.0,6254.0,0.017479419708251953,3.988774061203003,0.36316988977250575,0.0,0.0,0.0,0.0,0.0,0.0,0.0,0.0,0.10249277092691256,0.08659393357427189
2154.0,155.0,356.0,3159.0,3566.0,1.0,1.0,6.029994249343872,9.52420425415039,0.9928364307069263,1.0,0.6931471805599453,0.9803906099397734,0.0,1.0,0.42640681545813813,0.5,1.0,0.44017574108968577,0.5512531571162769
4239.0,38.0,301.0,876.0,6409.0,0.0,4.0,3.8067214488983154,6.161287307739258,0.9543609186574011,0.0,0.0,0.0,0.0,0.0,0.0,0.0,0.0,0.40364941263802695,0.30641981834692866
4239.0,38.0,297.0,5484.0,4599.0,0.0,3.0,4.303361415863037,9.97543716430664,0.9841892950720255,2.0,1.0986122886681098,0.4805828740290406,0.17299726635609514,0.8270027336439049,0.3055661047703631,0.5,1.0,0.37112478981479075,0.5424879751242309
4239.0,191.0,177.0,4286.0,2624.0,0.0,67.0,2.763709545135498,5.866482734680176,0.7811664596710965,1.0,0.6931471805599453,0.03450279730230665,0.0,0.0,0.0,0.0,0.0,0.28347669381971236,0.221923457697865
4239.0,61.0,357.0,4286.0,2671.0,0.0,10.0,1.5744301080703735,3.2120304107666016,0.4823353890795638,0.0,0.0,0.0,0.0,0.0,0.0,0.0,0.0,0.16576339401145254,0.13653686659517622
4239.0,227.0,56.0,4239.0,5484.0,0.0,3.0,0.9449458122253418,4.639143466949463,0.41806018217895285,0.0,0.0,0.0,0.0,0.0,0.0,0.0,0.0,0.12354747901651986,0.10026932044674591
4412.0,222.0,139.0,5965.0,6411.0,1.0,1.0,0.15399456024169922,10.67489242553711,0.5352446238822299,0.0,0.0,0.0,0.0,0.0,0.0,0.0,0.0,0.0978983163826576,0.06970974608787903
4412.0,222.0,17.0,4412.0,2455.0,0.0,13.0,3.876856803894043,8.49941635131836,0.9578509587176329,0.0,0.0,0.0,0.0,0.0,0.0,0.0,0.0,0.3678007485523165,0.26400017778727347
4412.0,222.0,302.0,6411.0,4412.0,1.0,1.0,2.1324288845062256,5.302984237670898,0.8122001168531069,7.0,2.0794415416798357,0.13530487396734708,0.22002013892772965,0.7799798610722704,0.1768505423719297,0.5,1.0,0.28965569795729457,0.5273573824920677
4412.0,148.0,2.0,4412.0,6411.0,0.0,2.0,0.9785540103912354,2.4107329845428467,0.33562616449303356,0.0,0.0,0.0,0.0,0.0,0.0,0.0,0.0,0.12004388323818328,0.1030091293666536
918.0,53.0,351.0,3236.0,5306.0,1.0,1.0,10.294323682785034,7.878908634185791,0.9997925330982478,0.0,0.0,0.0,0.0,0.0,0.0,0.0,0.0,0.6158491171673048,0.4545737445062555
3293.0,160.0,192.0,1157.0,2388.0,0.0,6016.0,1.0187376141548157,-0.8699132800102234,0.1687595013115158,0.0,0.0,0.0,0.0,0.0,0.0,0.0,0.0,0.10422362061987764,0.09759568689725026
2175.0,142.0,328.0,7038.0,1077.0,0.0,2.0,8.041444778442383,18.318763732910156,0.99963274823626,4.0,1.6094379124341003,0.9611657480580811,0.46311802342296093,0.5368819765770391,0.1397493330574612,0.5,1.0,0.3569053182568383,0.4259968078616306
2175.0,103.0,325.0,1077.0,3262.0,0.0,6.0,3.813239574432373,10.821837425231934,0.9779145424339328,0.0,0.0,0.0,0.0,0.0,0.0,0.0,0.0,0.338484421393356,0.22989222733186968
2175.0,139.0,316.0,3262.0,3159.0,0.0,4.0,3.916184186935425,6.870535850524902,0.9067574869360414,0.0,0.0,0.0,0.0,0.0,0.0,0.0,0.0,0.367830758239146,0.27269589473664746
2661.0,127.0,129.0,6410.0,776.0,0.0,60.0,1.900364875793457,7.943409442901611,0.7007650485727601,0.0,0.0,0.0,0.0,0.0,0.0,0.0,0.0,0.1997109129805885,0.14591240402876213
2661.0,127.0,126.0,711.0,6890.0,0.0,120.0,2.3181962966918945,11.076902389526367,0.8227591339463998,0.0,0.0,0.0,0.0,0.0,0.0,0.0,0.0,0.2201982391205613,0.14861106675871524
2661.0,127.0,128.0,2683.0,4412.0,0.0,4.0,2.521320343017578,7.537074565887451,0.8615162597149845,0.0,0.0,0.0,0.0,0.0,0.0,0.0,0.0,0.29164908247255683,0.21466502507825136
2661.0,53.0,313.0,6284.0,7038.0,0.0,2.0,4.9849138259887695,13.482295036315918,0.98895228719476,0.0,0.0,0.0,0.0,0.0,0.0,0.0,0.0,0.336784493804828,0.21201255266975683
2661.0,155.0,184.0,6410.0,3262.0,1.0,1.0,0.9865331649780273,14.844568252563477,0.6862697705700083,7.0,2.0794415416798357,0.9803906099397734,0.3848992327798165,0.6151007672201835,0.24313854092787118,0.5,1.0,0.11443668206545465,0.20386020727199794
2661.0,155.0,183.0,3262.0,6410.0,0.0,2.0,4.592475891113281,13.62148666381836,0.9809887510305039,0.0,0.0,0.0,0.0,0.0,0.0,0.0,0.0,0.31865052064796373,0.1999952686906122
2661.0,155.0,123.0,2175.0,2083.0,0.0,2.0,0.21403026580810547,9.00027084350586,0.4864095194000638,0.0,0.0,0.0,0.0,0.0,0.0,0.0,0.0,0.09893486609852072,0.07343094840135751
2661.0,155.0,179.0,6410.0,5037.0,1.0,1.0,1.7091245651245117,9.295567512512207,0.7103052378576619,4.0,1.6094379124341003,0.9611657480580811,0.4234396644746623,0.5765603355253377,0.06413669689262363,0.5,1.0,0.18409258908513584,0.29720524571874873
2661.0,169.0,306.0,4545.0,2624.0,0.0,369.0,6.788054466247559,12.515640258789062,0.9965990440636849,0.0,0.0,0.0,0.0,0.0,0.0,0.0,0.0,0.414483110768038,0.2670784253719808
2895.0,56.0,181.0,2625.0,4909.0,0.0,104.0,0.07971644401550293,-3.795454740524292,0.01426763833045473,0.0,0.0,0.0,0.0,0.0,0.0,0.0,0.0,0.0802785164831862,0.08353708843122222
2805.0,105.0,271.0,4451.0,226.0,0.0,990.0,0.11712408065795898,1.1402345895767212,0.08772222243608319,0.0,0.0,0.0,0.0,0.0,0.0,0.0,0.0,0.06825268642111862,0.06314345359649082
2805.0,156.0,341.0,4451.0,1971.0,0.0,66.0,5.371639251708984,6.17220401763916,0.985530521406282,1.0,0.6931471805599453,1.0,0.0,1.0,0.5328566909483001,0.5,1.0,0.47392646141102257,0.6284841950496305
2805.0,177.0,149.0,6823.0,6572.0,0.0,68.0,1.4487104788422585,1.3631706237792969,0.2450694590515575,0.0,0.0,0.0,0.0,0.0,0.0,0.0,0.0,0.11196621046759254,0.0980724129760609
4478.0,150.0,2.0,1176.0,5565.0,0.0,4.0,2.234956741333008,7.671108245849609,0.8603358706773218,0.0,0.0,0.0,0.0,0.0,0.0,0.0,0.0,0.2811725709969885,0.20697381105078566
4478.0,160.0,148.0,6635.0,4847.0,0.0,13.0,7.230855941772461,16.240068435668945,0.9989618452012473,3.0,1.3862943611198906,0.30475341355111885,0.4399343281380066,0.0,0.0,0.2199671640690033,0.0,0.36597132622410844,0.27759093655260836
4478.0,160.0,180.0,1176.0,4415.0,0.0,81.0,2.875767707824707,15.739518165588379,0.9393166226243019,0.0,0.0,0.0,0.0,0.0,0.0,0.0,0.0,0.22342255973468622,0.13380260121791338
4478.0,53.0,148.0,4478.0,6635.0,0.0,3.0,0.15531253814697266,6.945903778076172,0.440500578878931,0.0,0.0,0.0,0.0,0.0,0.0,0.0,0.0,0.10165713178645794,0.07951993604397302
833.0,103.0,69.0,695.0,3331.0,1.0,1.0,5.834907412528992,6.392157077789307,0.9802461100957799,0.0,0.0,0.0,0.0,0.0,0.0,0.0,0.0,0.48240431437308334,0.3629231230062797
6704.0,160.0,58.0,3162.0,7038.0,0.0,551.0,0.09998223558068275,-0.014124717563390732,0.17730749258705777,0.0,0.0,0.0,0.0,0.0,0.0,0.0,0.0,0.0897470295941652,0.08429698729657004
6704.0,158.0,97.0,3922.0,5497.0,0.0,175.0,1.6456634998321533,4.286536693572998,0.5811946482376192,0.0,0.0,0.0,0.0,0.0,0.0,0.0,0.0,0.19063237770692054,0.15246191592586336
6704.0,127.0,90.0,5395.0,2236.0,0.0,935.0,8.426566064357758,9.360255241394043,0.998041631027478,1.0,0.6931471805599453,1.0,0.0,1.0,0.9999999999989999,0.5,1.0,0.5269690192551643,0.7285068039616361
101.0,160.0,72.0,2790.0,497.0,0.0,2.0,2.9895272254943848,7.674167156219482,0.9166779880220749,0.0,0.0,0.0,0.0,0.0,0.0,0.0,0.0,0.331569514667571,0.24326763379463318
101.0,160.0,97.0,497.0,2457.0,0.0,1748.0,6.65409517288208,14.452367782592773,0.9985587570248016,2.0,1.0986122886681098,0.7730166686334901,0.19373788276158777,0.0,0.0,0.09686894138079388,0.0,0.3777604168742158,0.22352188299079048
101.0,167.0,247.0,2624.0,1077.0,0.0,33.0,1.2324738502502441,3.4769372940063477,0.4624356677184389,0.0,0.0,0.0,0.0,0.0,0.0,0.0,0.0,0.1506750003095339,0.12438729061233138
4594.0,160.0,174.0,6955.0,2262.0,0.0,4511.0,1.3507020473480225,2.5444369316101074,0.5428397582499963,0.0,0.0,0.0,0.0,0.0,0.0,0.0,0.0,0.18968134615625734,0.15878755691802188
4594.0,160.0,271.0,711.0,1115.0,0.0,380.0,3.2931747436523438,17.887588500976562,0.964054270595897,1.0,0.6931471805599453,0.6095068271022377,0.0,0.0,0.0,0.0,0.0,0.21664872685891154,0.10488565418611086
4594.0,160.0,103.0,2290.0,4408.0,0.0,8.0,2.379007339477539,12.734375,0.8977389069609564,0.0,0.0,0.0,0.0,0.0,0.0,0.0,0.0,0.2322560570579881,0.1508866849073086
4594.0,53.0,323.0,920.0,6890.0,0.0,2.0,0.48992252349853516,6.95308256149292,0.6030634931525158,1.0,0.6931471805599453,0.01184153567586249,0.0,0.0,0.0,0.0,0.0,0.14899338342734633,0.11941310743097354
3911.0,160.0,168.0,3155.0,6559.0,1.0,1.0,2.657022714614868,6.147307872772217,0.8612268931307892,13.0,2.6390573296152584,0.4901953049698867,0.6968723346964276,0.8043426552018412,0.6006394615340747,0.7506074949491344,1.0,0.31666867259213777,0.7071179960344679
3911.0,160.0,40.0,3155.0,3159.0,1.0,1.0,1.3862533569335938,9.536481857299805,0.7881282553383184,6.0,1.9459101490553132,0.597554769985219,0.33497199702196456,0.8457540263082173,0.5139827921311984,0.5903630116650909,1.0,0.20384482258038525,0.44932360925486625
3911.0,160.0,181.0,3155.0,5736.0,1.0,1.0,12.027204990386963,19.323062896728516,0.9999926314211143,15.0,2.772588722239781,0.9057236642639067,0.6940161284565466,0.9173712072545259,0.8093529163041695,0.8056936678555362,1.0,0.4695913021529164,0.7318017559140582
3911.0,169.0,60.0,3155.0,956.0,0.0,4567.0,8.274359941482544,10.9835786819458,0.999271484734566,0.0,0.0,0.0,0.0,0.0,0.0,0.0,0.0,0.49321103642909003,0.332409132431635
3911.0,53.0,260.0,3380.0,1145.0,0.0,1760.0,1.9307723641395569,2.582449436187744,0.6672861525532704,0.0,0.0,0.0,0.0,0.0,0.0,0.0,0.0,0.25416047475994447,0.20973624489347178
2417.0,156.0,239.0,2290.0,927.0,0.0,99.0,2.225088119506836,7.969357967376709,0.8479108911769699,0.0,0.0,0.0,0.0,0.0,0.0,0.0,0.0,0.27061229702417644,0.19765066610652846
2417.0,160.0,356.0,2290.0,4565.0,0.0,381.0,0.31090378761291504,3.7554171085357666,0.48581827741514816,4.0,1.6094379124341003,0.18574928614211858,0.054593078189762334,0.0,0.0,0.027296539094881167,0.0,0.13970619631754363,0.12705274285883422
5390.0,157.0,301.0,3155.0,6785.0,0.0,25.0,3.8720645904541016,11.68394660949707,0.9765372673381879,0.0,0.0,0.0,0.0,0.0,0.0,0.0,0.0,0.32567002102545234,0.21614872296335852
5390.0,157.0,339.0,4313.0,711.0,0.0,10.0,0.05066967010498047,6.4105329513549805,0.31871392877465987,2.0,1.0986122886681098,0.4901953049698867,0.0,0.0,0.0,0.0,1.0,0.07960035497349768,0.11407291083826732
5390.0,53.0,321.0,3341.0,1846.0,1.0,1.0,9.85504150390625,15.909008979797363,0.9999231825187522,3.0,1.3862943611198906,0.46191979762002533,0.0,1.0,0.6336033843375553,0.5,1.0,0.4579834201567996,0.6092596008817673
5390.0,115.0,261.0,3159.0,3380.0,0.0,58.0,1.4425063133239746,4.9372124671936035,0.6120707728372237,0.0,0.0,0.0,0.0,0.0,0.0,0.0,0.0,0.19060532469790423,0.15065196943151152
5390.0,160.0,222.0,2290.0,3159.0,0.0,2.0,4.253979206085205,10.291943550109863,0.9374702916299726,0.0,0.0,0.0,0.0,0.0,0.0,0.0,0.0,0.33859577046934625,0.23101172708666937
6785.0,159.0,344.0,5037.0,6411.0,0.0,12.0,6.888435363769531,17.062915802001953,0.9983684871943401,0.0,0.0,0.0,0.0,0.0,0.0,0.0,0.0,0.34145072922194536,0.1931013287873078
6785.0,159.0,94.0,711.0,6823.0,0.0,12.0,1.994124412536621,7.75360107421875,0.604120811974866,0.0,0.0,0.0,0.0,0.0,0.0,0.0,0.0,0.16874382479961816,0.12369217973207494
6785.0,169.0,314.0,2442.0,6411.0,1.0,1.0,1.1719951629638672,11.213356018066406,0.648661907476426,1.0,0.6931471805599453,0.9803906099397734,0.0,0.0,0.0,0.0,0.0,0.13600696411300978,0.07020039714553097
6785.0,169.0,204.0,6360.0,776.0,0.0,1060.0,0.9804229736328125,12.522974967956543,0.6509244979056265,1.0,0.6931471805599453,0.09473228540689989,0.0,0.0,0.0,0.0,0.0,0.12302189695130995,0.08314689577630745
6785.0,169.0,95.0,6785.0,3566.0,0.0,8.0,4.429041862487793,11.91051959991455,0.9839358932369021,0.0,0.0,0.0,0.0,0.0,0.0,0.0,0.0,0.3427401605111852,0.2255864248761256
6785.0,53.0,34.0,2786.0,150.0,0.0,5.0,1.6928396224975586,8.837926864624023,0.7394154507768571,2.0,1.0986122886681098,0.6216979445974911,0.0,1.0,0.15231259126789423,0.5,1.0,0.1997610185861878,0.2998583706690441
6785.0,53.0,180.0,2278.0,3498.0,0.0,2.0,12.947130680084229,19.73103904724121,0.9999963673726752,1.0,0.6931471805599453,0.11778973424898508,0.0,0.0,0.0,0.0,0.0,0.4932659708649048,0.26438980179528404
6785.0,53.0,202.0,4319.0,5965.0,0.0,7.0,6.017528533935547,21.575716018676758,0.9974751643417525,0.0,0.0,0.0,0.0,0.0,0.0,0.0,0.0,0.24909439235745323,0.12374605773587559
6785.0,177.0,345.0,2242.0,2266.0,0.0,284.0,1.1304821968078613,8.816879272460938,0.6181113831634897,0.0,0.0,0.0,0.0,0.0,0.0,0.0,0.0,0.14746947432984456,0.10710632495708158
6785.0,177.0,217.0,244.0,6785.0,0.0,5.0,3.036729335784912,9.030013084411621,0.9056134745056071,0.0,0.0,0.0,0.0,0.0,0.0,0.0,0.0,0.3058628127206153,0.2167593494028652
6785.0,177.0,283.0,6504.0,3155.0,0.0,161.0,0.03193473815917969,6.214268684387207,0.27649006366790596,1.0,0.6931471805599453,0.03187505029441248,0.0,0.0,0.0,0.0,0.0,0.07324662813474384,0.06156061355656385
6785.0,56.0,221.0,2442.0,6410.0,0.0,3.0,0.3905754089355469,14.294710159301758,0.43193184216519753,0.0,0.0,0.0,0.0,0.0,0.0,0.0,0.0,0.06298422907372536,0.04122914941016592
6785.0,56.0,200.0,3155.0,2442.0,0.0,4.0,3.6667795181274414,13.251847267150879,0.956558139924905,0.0,0.0,0.0,0.0,0.0,0.0,0.0,0.0,0.2855202053754055,0.1815830021448552
6785.0,56.0,114.0,5037.0,1161.0,0.0,4704.0,0.5600109100341797,18.168777465820312,0.6346945176025625,6.0,1.9459101490553132,0.7001394896518027,0.4652675393418394,1.0,0.384682757338495,0.7326337696709198,1.0,0.07807418765692746,0.18611588687910977
6785.0,56.0,110.0,5037.0,244.0,0.0,55.0,1.1310062408447266,7.406225681304932,0.533375665952101,6.0,1.9459101490553132,0.7578582832551991,0.4652675393418394,1.0,0.3846827573385004,0.7326337696709198,1.0,0.1351036268055939,0.3464180513571382
6785.0,185.0,142.0,776.0,2083.0,1.0,1.0,1.1809778213500977,12.433489799499512,0.7566313196934095,0.0,0.0,0.0,0.0,0.0,0.0,0.0,0.0,0.15765015743485597,0.10457965637792431
6785.0,160.0,258.0,2527.0,3762.0,0.0,6544.0,3.834725856781006,9.948326110839844,0.9518775852104588,0.0,0.0,0.0,0.0,0.0,0.0,0.0,0.0,0.33924754877203234,0.23468647427631592
6785.0,160.0,201.0,2460.0,5037.0,0.0,4356.0,14.408708572387695,25.36271858215332,0.9999993500496315,0.0,0.0,0.0,0.0,0.0,0.0,0.0,0.0,0.44101591097861015,0.19562934752666605
6785.0,156.0,323.0,5037.0,6504.0,0.0,2.0,14.716197967529297,21.05875015258789,0.9999990401258892,1.0,0.6931471805599453,0.0824692444233059,0.0,0.0,0.0,0.0,0.0,0.5289988232077453,0.27936408943355595
6785.0,156.0,238.0,6411.0,150.0,1.0,1.0,2.807168960571289,14.134169578552246,0.9424605854876856,1.0,0.6931471805599453,0.03661481783863936,0.0,0.0,0.0,0.0,0.0,0.24391973582180718,0.15758765867622787
6785.0,156.0,289.0,5182.0,6785.0,0.0,3660.0,2.245059013366699,7.941501140594482,0.7292939889164203,0.0,0.0,0.0,0.0,0.0,0.0,0.0,0.0,0.21880936236570425,0.15906847192208182
6785.0,145.0,322.0,711.0,3155.0,0.0,184.0,1.0266008377075195,5.451853275299072,0.31591192175857297,0.0,0.0,0.0,0.0,0.0,0.0,0.0,0.0,0.09507472453271441,0.07621860600730088
6785.0,145.0,216.0,711.0,6155.0,0.0,1757.0,1.4329614639282227,7.412646293640137,0.6206366174693789,0.0,0.0,0.0,0.0,0.0,0.0,0.0,0.0,0.1671522659564564,0.12476613216056366
6785.0,157.0,328.0,5037.0,3411.0,0.0,3721.0,2.9878015518188477,14.789916038513184,0.9516120033683736,0.0,0.0,0.0,0.0,0.0,0.0,0.0,0.0,0.24373512943749376,0.1497005066679794
6785.0,127.0,27.0,2442.0,150.0,0.0,184.0,3.9569950103759766,14.325157165527344,0.9686489864406803,0.0,0.0,0.0,0.0,0.0,0.0,0.0,0.0,0.28362009418437856,0.17510880747116989
6785.0,24.0,1.0,3159.0,5037.0,0.0,89.0,6.5504045486450195,13.58057689666748,0.9952137722887526,0.0,0.0,0.0,0.0,0.0,0.0,0.0,0.0,0.3874534625690689,0.24230690661114287
6785.0,18.0,219.0,3159.0,6410.0,0.0,30.0,2.4068799018859863,8.842963218688965,0.8788129592751377,0.0,0.0,0.0,0.0,0.0,0.0,0.0,0.0,0.27773490842001597,0.19859568550478818
6785.0,115.0,199.0,3159.0,5037.0,0.0,10.0,1.7110786437988281,12.674389839172363,0.8319887061891525,0.0,0.0,0.0,0.0,0.0,0.0,0.0,0.0,0.1915441375707884,0.12535530249421525
6785.0,61.0,155.0,6411.0,6407.0,0.0,21.0,1.0298457145690918,4.297459602355957,0.5168939802354768,0.0,0.0,0.0,0.0,0.0,0.0,0.0,0.0,0.15644854730915733,0.12693526539635036
6785.0,103.0,316.0,6410.0,5037.0,0.0,1881.0,1.6067733764648438,12.582011222839355,0.8166246447143021,0.0,0.0,0.0,0.0,0.0,0.0,0.0,0.0,0.1847572721123868,0.12133483050936898
6785.0,34.0,226.0,5736.0,4723.0,0.0,186.0,0.7830667495727539,9.348196029663086,0.5054334594883655,0.0,0.0,0.0,0.0,0.0,0.0,0.0,0.0,0.10798113751628434,0.07840219639571513
5632.0,56.0,95.0,2100.0,2425.0,1.0,1.0,0.17464852333068848,-1.8811407089233398,0.03370811057067197,0.0,0.0,0.0,0.0,0.0,0.0,0.0,0.0,0.0746417568806492,0.07417850590894053
671.0,87.0,243.0,2442.0,2694.0,0.0,19.0,0.9881391525268555,4.770740985870361,0.45152184665297684,0.0,0.0,0.0,0.0,0.0,0.0,0.0,0.0,0.13212308803862613,0.10656393563298688
671.0,156.0,12.0,1161.0,4463.0,0.0,56.0,5.504100561141968,9.023143768310547,0.9861549288416138,0.0,0.0,0.0,0.0,0.0,0.0,0.0,0.0,0.4276674176383836,0.3022434400494733
1060.0,224.0,303.0,3211.0,5451.0,0.0,2.0,5.126746654510498,11.712565422058105,0.993817944089894,3.0,1.3862943611198906,0.11099537195557226,0.1160909688098849,0.0,0.0,0.05804548440494245,0.0,0.37317173899366657,0.27717015916697807
1060.0,224.0,100.0,1060.0,5451.0,0.0,3.0,0.24117755889892578,4.2601318359375,0.39770457502689865,0.0,0.0,0.0,0.0,0.0,0.0,0.0,0.0,0.11144987389745777,0.09282478058570631
1060.0,168.0,313.0,3211.0,2624.0,1.0,1.0,0.1311488151550293,7.11038875579834,0.4726159768742224,2.0,1.0986122886681098,0.7284274237469965,0.14400969033388222,0.8559903096661178,0.07759183309512944,0.5,1.0,0.1074807202512466,0.18669264790531087
2266.0,127.0,42.0,6293.0,2266.0,0.0,9.0,0.9806814193725586,14.248963356018066,0.680210314066241,0.0,0.0,0.0,0.0,0.0,0.0,0.0,0.0,0.11727684525466955,0.07475206649685866
2266.0,53.0,61.0,2266.0,3341.0,0.0,9.0,17.101038932800293,28.37627601623535,0.9999999283186731,0.0,0.0,0.0,0.0,0.0,0.0,0.0,0.0,0.47721431075401866,0.1956959190365133
2266.0,53.0,60.0,6293.0,2266.0,0.0,9.0,7.210993766784668,22.69513702392578,0.9992536932437025,0.0,0.0,0.0,0.0,0.0,0.0,0.0,0.0,0.26525189033915375,0.12647553333374456
2266.0,160.0,322.0,2266.0,3727.0,0.0,16.0,2.4311437606811523,14.640414237976074,0.8657876320287907,0.0,0.0,0.0,0.0,0.0,0.0,0.0,0.0,0.1972538143828627,0.1216431971969014
2266.0,160.0,137.0,3155.0,2277.0,0.0,5780.0,6.351334571838379,21.97632598876953,0.9973672093118235,5.0,1.791759469228055,0.4901953049698867,0.5786569506209238,0.0,0.0,0.2893284753104619,0.0,0.2520742014440434,0.17856849056010865
2266.0,160.0,209.0,3155.0,1077.0,0.0,12.0,4.068914413452148,17.45086669921875,0.9734648069739922,7.0,2.0794415416798357,0.46191979762002533,0.607462359069692,0.0,0.0,0.303731179534846,0.0,0.24487586363869926,0.20810624082657211
2266.0,160.0,65.0,5037.0,3341.0,0.0,30.0,0.01940155029296875,11.542080879211426,0.2701851291606256,1.0,0.6931471805599453,0.8705505632961241,0.0,0.0,0.0,0.0,0.0,0.050189401977077906,0.027741613898381524
2266.0,160.0,356.0,2278.0,6785.0,0.0,8.0,2.0153732299804688,16.81393814086914,0.804906484628819,1.0,0.6931471805599453,0.054409410206007765,0.0,0.0,0.0,0.0,0.0,0.1463133128929321,0.08817334104027641
2266.0,160.0,120.0,920.0,3341.0,0.0,3.0,2.0322303771972656,12.887372970581055,0.7203588652856394,1.0,0.6931471805599453,0.3108489722987456,0.0,0.0,0.0,0.0,0.0,0.1569646534320174,0.09586750583876871
2266.0,160.0,50.0,3155.0,3159.0,0.0,2.0,2.4591379165649414,17.599958419799805,0.892100228881879,3.0,1.3862943611198906,0.7429971445684742,0.3488101060689561,0.0,0.0,0.17440505303447806,0.0,0.1749964849690222,0.11135978077686864
2266.0,160.0,62.0,6293.0,5037.0,0.0,48.0,7.358381271362305,18.985267639160156,0.9993052064366623,5.0,1.791759469228055,1.0,0.47409718141234447,0.7414420626354375,0.3706909412200847,0.6077696220238911,1.0,0.3251477580013006,0.4551077414123656
2266.0,160.0,234.0,920.0,3341.0,0.0,80.0,0.04397392272949219,10.700239181518555,0.5080020864611978,1.0,0.6931471805599453,0.03251260260068239,0.0,0.0,0.0,0.0,0.0,0.09086234497834254,0.06738136444144172
2266.0,160.0,188.0,6293.0,3155.0,0.0,3307.0,0.9677524566650391,23.30784034729004,0.721561747873568,13.0,2.6390573296152584,0.27602237841845306,0.8267356268558277,0.0,0.0,0.41336781342791384,0.0,0.0706717132200455,0.07521087248092849
2266.0,155.0,216.0,2083.0,6310.0,0.0,2.0,0.30009937286376953,6.687804222106934,0.5005297362635157,0.0,0.0,0.0,0.0,0.0,0.0,0.0,0.0,0.11961930356141467,0.09342272058517898
2266.0,143.0,82.0,3155.0,6785.0,0.0,1125.0,0.8475375175476074,4.089211463928223,0.3904344341255965,0.0,0.0,0.0,0.0,0.0,0.0,0.0,0.0,0.11928906612099711,0.09843961332020518
2266.0,143.0,83.0,3155.0,2277.0,0.0,1227.0,4.285459041595459,9.187807083129883,0.9786619928616628,0.0,0.0,0.0,0.0,0.0,0.0,0.0,0.0,0.3808100384522786,0.268912709932884
2266.0,56.0,293.0,3159.0,3155.0,0.0,685.0,0.06708621978759766,9.537880897521973,0.4426937427603906,0.0,0.0,0.0,0.0,0.0,0.0,0.0,0.0,0.08523612072234285,0.06288561824246912
2266.0,177.0,141.0,2266.0,6360.0,0.0,2365.0,0.5442748069763184,5.1540703773498535,0.4524243283798774,0.0,0.0,0.0,0.0,0.0,0.0,0.0,0.0,0.12261420804920634,0.09898069269553673
2266.0,156.0,105.0,2290.0,2266.0,1.0,1.0,4.688314437866211,18.533138275146484,0.9818969455953254,1.0,0.6931471805599453,0.9611657480580811,0.0,1.0,0.12802097993885117,0.5,1.0,0.24966072007066253,0.253421775105284
2266.0,115.0,311.0,1077.0,711.0,0.0,16.0,0.7584877014160156,7.509939193725586,0.41927644496422484,0.0,0.0,0.0,0.0,0.0,0.0,0.0,0.0,0.10070894799965585,0.07682563394922426
2266.0,208.0,78.0,2266.0,6293.0,0.0,6785.0,1.1715641021728516,11.151603698730469,0.7599150389717866,0.0,0.0,0.0,0.0,0.0,0.0,0.0,0.0,0.17130978100619618,0.11730464244062204
2266.0,174.0,289.0,3341.0,5736.0,0.0,30.0,5.541585445404053,9.81531810760498,0.985905943929314,0.0,0.0,0.0,0.0,0.0,0.0,0.0,0.0,0.41477569844028567,0.28720295894485626
4418.0,171.0,364.0,1189.0,5187.0,0.0,1225.0,0.7346157431602478,1.6270902156829834,0.10968335758915188,0.0,0.0,0.0,0.0,0.0,0.0,0.0,0.0,0.07497338709675941,0.0673784210223467
6396.0,169.0,154.0,415.0,4740.0,0.0,6821.0,0.5531821548938751,1.0259668827056885,0.2304210731211922,0.0,0.0,0.0,0.0,0.0,0.0,0.0,0.0,0.09950178304876087,0.08981860964138227
6396.0,191.0,149.0,5527.0,246.0,0.0,151.0,2.95009446144104,1.5629050731658936,0.6330796493401548,0.0,0.0,0.0,0.0,0.0,0.0,0.0,0.0,0.2794194484648107,0.23198975832089436
5433.0,6.0,164.0,6683.0,1040.0,0.0,34.0,3.7887357473373413,5.7629594802856445,0.9366308926426602,0.0,0.0,0.0,0.0,0.0,0.0,0.0,0.0,0.39972815104108184,0.3055701382459524
5433.0,160.0,359.0,5433.0,6683.0,0.0,4.0,1.608464241027832,9.616214752197266,0.821368820939278,0.0,0.0,0.0,0.0,0.0,0.0,0.0,0.0,0.22130654432055674,0.15643143904592613
5433.0,160.0,204.0,929.0,4377.0,0.0,126.0,18.922779083251953,25.058372497558594,0.999999993326246,5.0,1.791759469228055,0.7730166686334901,0.5222776777841915,0.8936037589199131,0.5349907548984444,0.7079407183520523,1.0,0.5975579877044616,0.6860385655425421
5433.0,160.0,331.0,6360.0,5433.0,0.0,5.0,3.286870002746582,14.108785629272461,0.9560902694939548,0.0,0.0,0.0,0.0,0.0,0.0,0.0,0.0,0.2627405327668213,0.1638974398995586
5433.0,150.0,36.0,929.0,1040.0,0.0,6387.0,3.8104515075683594,10.435603141784668,0.9615076906895825,0.0,0.0,0.0,0.0,0.0,0.0,0.0,0.0,0.33581420006191187,0.22979876831542295
5433.0,144.0,295.0,929.0,818.0,1.0,1.0,3.125348687171936,4.876157283782959,0.8472858040081037,1.0,0.6931471805599453,0.03519290877788617,0.0,1.0,0.9999999999715852,0.5,1.0,0.3435822758114222,0.7023848346587896
4834.0,191.0,30.0,3159.0,4346.0,1.0,1.0,0.11029863357543945,4.640283584594727,0.2444975218840335,0.0,0.0,0.0,0.0,0.0,0.0,0.0,0.0,0.07653410006584505,0.06431884205888368
6291.0,160.0,127.0,2241.0,3262.0,0.0,9.0,0.013399600982666016,6.1455278396606445,0.3638868869272405,0.0,0.0,0.0,0.0,0.0,0.0,0.0,0.0,0.08909016515941488,0.07167703722744811
6291.0,160.0,56.0,1115.0,2290.0,0.0,1040.0,15.050826072692871,21.617795944213867,0.9999996407249568,0.0,0.0,0.0,0.0,0.0,0.0,0.0,0.0,0.5301872031921919,0.2716094072381793
6291.0,160.0,335.0,4408.0,1115.0,0.0,28.0,1.2951908111572266,9.98455810546875,0.6925932502690847,10.0,2.3978952727983707,0.1971195615288934,0.5318945528929881,0.0,0.0,0.2659472764464941,0.0,0.16282115480112344,0.18266757595022745
6291.0,53.0,82.0,6932.0,1220.0,0.0,1.0,1.284881591796875,7.879753112792969,0.7126407286642891,1.0,0.6931471805599453,1.0,0.0,0.0,0.0,0.0,0.0,0.19184099673989807,0.10769334437052358
6291.0,155.0,89.0,1077.0,3155.0,0.0,4.0,0.012653350830078125,5.629880905151367,0.36662900865336573,0.0,0.0,0.0,0.0,0.0,0.0,0.0,0.0,0.09271239673661338,0.07545858425201207
6291.0,90.0,117.0,1115.0,151.0,1.0,1.0,2.9531259536743164,6.250535011291504,0.9252323891936831,4.0,1.6094379124341003,0.4711589369959404,0.18462590358721487,1.0,0.999999999999126,0.5923129517936074,1.0,0.35839492869997025,0.7205434998711682
6291.0,115.0,85.0,2442.0,537.0,0.0,3.0,1.0802178382873535,4.160792827606201,0.5003841289613838,0.0,0.0,0.0,0.0,0.0,0.0,0.0,0.0,0.15342707955838025,0.12485038037196
4316.0,160.0,262.0,2290.0,2417.0,1.0,1.0,6.920330762863159,4.064738750457764,0.9932173992485285,7.0,2.0794415416798357,0.836743383392903,0.27941777788079936,0.7205822221192006,0.445409903684303,0.5,1.0,0.5685876584820897,0.7627522744870556
4316.0,160.0,292.0,2290.0,711.0,1.0,1.0,3.3884745240211487,0.5295343995094299,0.8901246611711335,9.0,2.302585092994046,0.7001394896518027,0.4779661405228566,0.8664477631128417,0.6900583656482533,0.6722069518178491,1.0,0.45167863174682576,0.7976559993750465
4316.0,127.0,93.0,509.0,5899.0,0.0,26.0,0.4625742435455322,-3.153221607208252,0.10910785416197698,0.0,0.0,0.0,0.0,0.0,0.0,0.0,0.0,0.09932235157099838,0.09969721054149178
231.0,155.0,70.0,6410.0,6332.0,1.0,1.0,8.06444662809372,8.13923168182373,0.998750757925461,0.0,0.0,0.0,0.0,0.0,0.0,0.0,0.0,0.537213316858221,0.38965811820330987
231.0,53.0,71.0,1085.0,3341.0,1.0,1.0,5.535695314407349,9.148839950561523,0.995527091035795,1.0,0.6931471805599453,0.9803906099397734,0.0,1.0,0.99999999999898,0.5,1.0,0.4320186492565606,0.6678740675795873
5736.0,98.0,334.0,6823.0,1077.0,0.0,7.0,1.8749842643737793,8.89864730834961,0.6777556738991553,0.0,0.0,0.0,0.0,0.0,0.0,0.0,0.0,0.18003170063009072,0.12860425906056808
5736.0,98.0,106.0,3155.0,1077.0,1.0,1.0,10.130410194396973,18.224599838256836,0.9998269696650662,1.0,0.6931471805599453,0.9611657480580811,0.0,1.0,0.11826912311833315,0.5,1.0,0.4257758342701526,0.3929573324175307
5736.0,142.0,194.0,3159.0,3155.0,0.0,9.0,4.087583541870117,15.432576179504395,0.9754444605609712,0.0,0.0,0.0,0.0,0.0,0.0,0.0,0.0,0.27433893755106287,0.16432031958735602
5736.0,53.0,354.0,2242.0,6293.0,0.0,3.0,1.7201910018920898,8.987162590026855,0.7528904541883829,0.0,0.0,0.0,0.0,0.0,0.0,0.0,0.0,0.20384632330803965,0.14578077945398252
2631.0,169.0,131.0,5845.0,3402.0,0.0,7125.0,0.03582286834716797,-4.574570655822754,0.012455071058039313,0.0,0.0,0.0,0.0,0.0,0.0,0.0,0.0,0.08374906338173763,0.08871129075818802
2445.0,87.0,239.0,2974.0,2695.0,1.0,1.0,0.9919631481170654,4.905154228210449,0.5401762703182216,1.0,0.6931471805599453,0.9803906099397734,0.0,1.0,0.99999999999898,0.5,1.0,0.15737240670776553,0.39767477365436604
2445.0,53.0,134.0,2445.0,2974.0,0.0,12.0,16.441323280334473,25.07843589782715,0.9999999244360117,0.0,0.0,0.0,0.0,0.0,0.0,0.0,0.0,0.5145841767080951,0.23712088806063208
2445.0,184.0,329.0,2290.0,6360.0,0.0,4884.0,0.7154889106750488,-0.44161999225616455,0.057125617825699464,0.0,0.0,0.0,0.0,0.0,0.0,0.0,0.0,0.07641038065496426,0.07236784679844233
2445.0,103.0,142.0,3005.0,5762.0,1.0,1.0,0.6379837989807129,5.346737861633301,0.4748942595425362,0.0,0.0,0.0,0.0,0.0,0.0,0.0,0.0,0.1284157155919961,0.102841556381688
1564.0,142.0,163.0,382.0,4060.0,0.0,9.0,0.8977161645889282,-1.628236174583435,0.139119591234228,0.0,0.0,0.0,0.0,0.0,0.0,0.0,0.0,0.10119345383190106,0.09692830099502672
545.0,156.0,103.0,5230.0,5584.0,0.0,4.0,1.5984172821044922,13.953694343566895,0.6833724507332662,0.0,0.0,0.0,0.0,0.0,0.0,0.0,0.0,0.12943539986573543,0.0820985261914241
545.0,127.0,299.0,545.0,711.0,0.0,325.0,1.2808399200439453,9.373979568481445,0.6051937109159601,0.0,0.0,0.0,0.0,0.0,0.0,0.0,0.0,0.14115646314414101,0.10091246552975411
545.0,127.0,319.0,545.0,146.0,0.0,7.0,8.348971366882324,20.291940689086914,0.9996721298556528,0.0,0.0,0.0,0.0,0.0,0.0,0.0,0.0,0.3340329608029397,0.17088053550260462
545.0,18.0,130.0,45.0,146.0,0.0,41.0,0.11325693130493164,7.320404529571533,0.4623007896343739,0.0,0.0,0.0,0.0,0.0,0.0,0.0,0.0,0.10347321629725859,0.0801862114684764
545.0,53.0,340.0,45.0,146.0,0.0,5.0,1.4417915344238281,8.426386833190918,0.6945776433681945,17.0,2.8903717578961645,0.9057236642639067,0.628987630886491,0.6016699964116231,0.30251413943620314,0.6153288136490571,1.0,0.18242901181963878,0.4155936469243645
545.0,53.0,333.0,45.0,6559.0,0.0,501.0,4.2691802978515625,12.118430137634277,0.9821390869825833,16.0,2.833213344056216,1.0,0.715525656722718,0.508732195393708,0.2045056645017361,0.612128926058213,1.0,0.33356567660561526,0.5468147968158134
545.0,53.0,319.0,146.0,45.0,0.0,740.0,3.7139177322387695,18.133153915405273,0.975269287163572,3.0,1.3862943611198906,0.6216979445974911,0.3181013659290306,0.0,0.0,0.1590506829645153,0.0,0.22808185918243665,0.1435788685641723
545.0,53.0,196.0,45.0,545.0,1.0,1.0,3.7079477310180664,13.444347381591797,0.9703874490094346,3.0,1.3862943611198906,0.9611657480580811,0.2573908720729243,0.7426091279270757,0.4037816490579649,0.5,1.0,0.2906375764521495,0.43206298569022156
545.0,53.0,264.0,45.0,711.0,1.0,1.0,1.5903253555297852,8.05088996887207,0.809225159678868,11.0,2.4849066497880004,0.9803906099397734,0.6500398485039238,0.34996015149607623,0.15675155588348316,0.5,1.0,0.23568972630387194,0.43732949306090685
545.0,53.0,191.0,711.0,5762.0,0.0,3.0,5.018675327301025,12.56428337097168,0.9876588351386045,0.0,0.0,0.0,0.0,0.0,0.0,0.0,0.0,0.3521167506068219,0.2271851974775109
545.0,155.0,314.0,1077.0,6559.0,1.0,1.0,12.39804983139038,16.842418670654297,0.9999903719234775,13.0,2.6390573296152584,0.9057236642639067,0.5172936419962932,0.7611533096738803,0.3994092044534351,0.6392234758350868,1.0,0.5269585034228558,0.6748322464578768
545.0,155.0,302.0,1077.0,146.0,1.0,1.0,5.299643516540527,10.02142333984375,0.9936848749719877,6.0,1.9459101490553132,0.9803906099397734,0.3337468405587366,0.8463181792919754,0.6738718024204988,0.590032509925356,1.0,0.40778119799403156,0.6537616295240243
545.0,90.0,188.0,45.0,1077.0,0.0,6.0,3.168844699859619,10.765617370605469,0.9102731935325682,0.0,0.0,0.0,0.0,0.0,0.0,0.0,0.0,0.2857542041647683,0.19371566152160877
545.0,207.0,304.0,3155.0,146.0,0.0,3.0,1.4953317642211914,12.906919479370117,0.6583451201245171,0.0,0.0,0.0,0.0,0.0,0.0,0.0,0.0,0.12960909645436258,0.08457284921275576
545.0,207.0,194.0,146.0,45.0,0.0,2.0,1.0052480697631836,12.827738761901855,0.7123389724493183,0.0,0.0,0.0,0.0,0.0,0.0,0.0,0.0,0.13766220968377363,0.09076232423238803
545.0,103.0,195.0,146.0,6635.0,0.0,4.0,3.1219959259033203,12.12869644165039,0.9429177146633859,0.0,0.0,0.0,0.0,0.0,0.0,0.0,0.0,0.28040528842704787,0.18429251800783772
545.0,162.0,334.0,45.0,3290.0,1.0,1.0,2.23085355758667,8.93056869506836,0.8642044307903177,0.0,0.0,0.0,0.0,0.0,0.0,0.0,0.0,0.264819654870902,0.1891581386205186
545.0,160.0,191.0,711.0,146.0,0.0,8.0,1.8891315460205078,11.01447868347168,0.8106982996599583,0.0,0.0,0.0,0.0,0.0,0.0,0.0,0.0,0.20635085289803307,0.14028260077185856
545.0,160.0,304.0,146.0,4484.0,0.0,27.0,2.1501846313476562,13.054325103759766,0.8804477790045133,20.0,3.044522437723423,1.0,0.7288076161421808,0.8093166782601154,0.6719585234525913,0.7690621472011481,1.0,0.2156192362864805,0.5357587457180691
545.0,6.0,269.0,45.0,545.0,1.0,1.0,2.0494470596313477,11.386195182800293,0.8738030050484379,5.0,1.791759469228055,0.9238395952400507,0.5956852564135474,1.0,0.9999999999995624,0.7978426282067737,1.0,0.2314317961068517,0.6061751397014472
4383.0,222.0,65.0,4383.0,150.0,0.0,3.0,2.0739970207214355,8.880228042602539,0.8143352307835628,0.0,0.0,0.0,0.0,0.0,0.0,0.0,0.0,0.23888663341899669,0.17071468438998094
4383.0,55.0,345.0,2290.0,4383.0,0.0,25.0,3.036856174468994,7.741365909576416,0.9093593192128374,0.0,0.0,0.0,0.0,0.0,0.0,0.0,0.0,0.3280107609184058,0.2399789029026702
4383.0,163.0,356.0,2290.0,1077.0,1.0,1.0,2.7116308212280273,8.704436302185059,0.8819025333951782,6.0,1.9459101490553132,0.7001394896518027,0.16687487828421865,1.0,0.9978552025680106,0.5834374391421093,1.0,0.2896572764144463,0.6254318115605374
4383.0,148.0,285.0,4304.0,2290.0,0.0,78.0,0.6538066864013672,7.646612167358398,0.6451199273857888,0.0,0.0,0.0,0.0,0.0,0.0,0.0,0.0,0.1585266314245524,0.11935671839531167
443.0,45.0,145.0,146.0,45.0,1.0,1.0,8.427658081054688,12.71889877319336,0.9993262973415935,10.0,2.3978952727983707,0.6597539553864471,0.7543512843462148,0.6657808048898479,0.4651664851883658,0.7100660446180314,1.0,0.46706497937575786,0.7316903187866898
443.0,224.0,81.0,146.0,45.0,1.0,1.0,7.8354620933532715,11.156907081604004,0.9989629066334891,6.0,1.9459101490553132,0.9611657480580811,0.5135263155759827,0.8331019676095488,0.6240674117825994,0.6733141415927657,1.0,0.47507349253162673,0.7151807839650267
443.0,224.0,242.0,4484.0,146.0,1.0,1.0,5.752091407775879,15.703193664550781,0.996745928102497,4.0,1.6094379124341003,0.11099537195557226,0.5452724785637698,0.0,0.0,0.2726362392818849,0.0,0.3282875440808601,0.2903230570955916
443.0,224.0,279.0,146.0,4484.0,1.0,1.0,5.684844970703125,10.354487419128418,0.9958150463852304,13.0,2.6390573296152584,0.5202016416109183,0.5799902870921235,0.8450403149435334,0.6856474444654547,0.7125153010178285,1.0,0.4157983267793634,0.7472998400298526
443.0,224.0,35.0,4484.0,4851.0,0.0,170.0,2.49898624420166,5.8984375,0.8783545059110789,0.0,0.0,0.0,0.0,0.0,0.0,0.0,0.0,0.32493086588715797,0.24891664298061503
3411.0,155.0,86.0,1077.0,711.0,0.0,89.0,7.767617225646973,14.943791389465332,0.9991670552079739,0.0,0.0,0.0,0.0,0.0,0.0,0.0,0.0,0.4054932313975522,0.24397782461683742
3411.0,155.0,182.0,1077.0,5037.0,0.0,18.0,6.025534152984619,13.421514511108398,0.9964329551836488,1.0,0.6931471805599453,0.5306065116666864,0.0,1.0,0.16419263159879027,0.5,1.0,0.3741301652554907,0.44388669145065635
3411.0,115.0,223.0,1077.0,5395.0,0.0,7.0,2.402189254760742,11.743953704833984,0.9033538119705053,0.0,0.0,0.0,0.0,0.0,0.0,0.0,0.0,0.24838417526017742,0.1655304089103419
3411.0,103.0,221.0,3566.0,2290.0,0.0,5.0,0.15129566192626953,7.457229137420654,0.36692463532054587,0.0,0.0,0.0,0.0,0.0,0.0,0.0,0.0,0.08364711087124972,0.06506544386799723
3411.0,162.0,246.0,3159.0,5036.0,0.0,2.0,0.32369136810302734,12.19665241241455,0.5622209530726301,0.0,0.0,0.0,0.0,0.0,0.0,0.0,0.0,0.09595292286149479,0.0655313929016215
3411.0,156.0,176.0,146.0,4172.0,0.0,4.0,0.047763824462890625,5.079519748687744,0.24897314549207214,0.0,0.0,0.0,0.0,0.0,0.0,0.0,0.0,0.07447710157437837,0.06203415306811581
3411.0,156.0,118.0,1077.0,3149.0,0.0,42.0,4.45750617980957,14.646910667419434,0.987585097511479,0.0,0.0,0.0,0.0,0.0,0.0,0.0,0.0,0.30225737502749933,0.18482333554503758
3411.0,160.0,274.0,3147.0,3655.0,0.0,487.0,2.0286028385162354,5.695797920227051,0.739293207967232,0.0,0.0,0.0,0.0,0.0,0.0,0.0,0.0,0.24690129567010122,0.1898832814168093
3411.0,127.0,42.0,1077.0,5036.0,0.0,13.0,0.12035465240478516,11.999263763427734,0.3599153995035752,0.0,0.0,0.0,0.0,0.0,0.0,0.0,0.0,0.060443659178954875,0.04232775527756901
3411.0,53.0,223.0,920.0,5036.0,1.0,1.0,0.7651920318603516,11.618154525756836,0.6478735978689084,1.0,0.6931471805599453,0.9803906099397734,0.0,0.0,0.0,0.0,0.0,0.12619110022072452,0.06490039424702017
3411.0,53.0,309.0,2278.0,6785.0,0.0,193.0,2.882412910461426,13.883463859558105,0.9352235195958291,0.0,0.0,0.0,0.0,0.0,0.0,0.0,0.0,0.24593277743250164,0.1546414803402488
3411.0,56.0,344.0,1179.0,1121.0,0.0,79.0,9.628956317901611,15.917254447937012,0.9998668136475457,0.0,0.0,0.0,0.0,0.0,0.0,0.0,0.0,0.4502246063313544,0.2644688733544864
1916.0,160.0,282.0,3905.0,2906.0,0.0,5722.0,5.631698787212372,6.518038272857666,0.9898217400005703,1.0,0.6931471805599453,1.0,0.0,1.0,0.8755993466714196,0.5,1.0,0.47903083081483655,0.69663438416
497.0,224.0,36.0,2457.0,956.0,0.0,8.0,1.4774141311645508,7.937046051025391,0.6967691641562074,0.0,0.0,0.0,0.0,0.0,0.0,0.0,0.0,0.18931718292923416,0.1393307185924525
497.0,224.0,150.0,2461.0,7038.0,0.0,40.0,1.483842134475708,3.952512502670288,0.6964819057246207,0.0,0.0,0.0,0.0,0.0,0.0,0.0,0.0,0.23761344122066266,0.19163541942388998
497.0,224.0,323.0,6785.0,669.0,0.0,4.0,1.28607177734375,8.690423011779785,0.6414883205459526,0.0,0.0,0.0,0.0,0.0,0.0,0.0,0.0,0.158681884651961,0.11518453475726739
497.0,160.0,2.0,2457.0,2624.0,0.0,51.0,3.633129119873047,13.557600021362305,0.9731949019861581,0.0,0.0,0.0,0.0,0.0,0.0,0.0,0.0,0.28826214017151375,0.1823038678171188
497.0,170.0,36.0,1183.0,4393.0,0.0,5.0,8.99022889137268,10.70952320098877,0.9993051462473272,0.0,0.0,0.0,0.0,0.0,0.0,0.0,0.0,0.5223726158393794,0.35567441773550706
2287.0,160.0,25.0,3312.0,4783.0,0.0,23.0,0.5198371410369873,2.800158739089966,0.519738860412461,0.0,0.0,0.0,0.0,0.0,0.0,0.0,0.0,0.16265668728462832,0.13784772845418125
3583.0,160.0,293.0,5626.0,2668.0,0.0,6103.0,0.08843803405761719,-9.601174354553223,0.027609057987943515,0.0,0.0,0.0,0.0,0.0,0.0,0.0,0.0,0.12079461940166011,0.1408416223449621
1941.0,156.0,256.0,2713.0,1123.0,0.0,6399.0,0.17316973209381104,-1.0105527639389038,0.16695132439091578,0.0,0.0,0.0,0.0,0.0,0.0,0.0,0.0,0.09452045582650805,0.09066066070819737
4484.0,38.0,206.0,3669.0,4362.0,0.0,7.0,0.4436607360839844,2.4517080783843994,0.3706476970203851,0.0,0.0,0.0,0.0,0.0,0.0,0.0,0.0,0.1210087748078767,0.10469262181686956
4484.0,38.0,75.0,4484.0,443.0,0.0,6.0,3.9646105766296387,8.77028751373291,0.970131044264358,0.0,0.0,0.0,0.0,0.0,0.0,0.0,0.0,0.3728944958221361,0.2662076411965131
4484.0,160.0,0.0,5036.0,4362.0,0.0,11.0,0.26256704330444336,5.011909008026123,0.4467345057840723,0.0,0.0,0.0,0.0,0.0,0.0,0.0,0.0,0.11821857110966491,0.09637902441644543
4484.0,222.0,271.0,146.0,443.0,0.0,4.0,0.24273300170898438,17.720060348510742,0.5585200951619255,11.0,2.4849066497880004,0.5306065116666864,0.6954507394041451,0.0,0.0,0.3477253697020726,0.0,0.06520664593897224,0.0668896987294981
4484.0,222.0,189.0,6635.0,587.0,0.0,2.0,2.2718300819396973,9.799944877624512,0.9062792534333778,0.0,0.0,0.0,0.0,0.0,0.0,0.0,0.0,0.27347073216883533,0.19171364915742076
4484.0,222.0,142.0,4362.0,1318.0,1.0,1.0,5.263498306274414,16.084840774536133,0.9909951236219092,8.0,2.1972245773362196,0.8879629756445782,0.7738342834151746,0.0,0.0,0.3869171417075873,0.0,0.30502425956871515,0.25986289964628795
4484.0,222.0,281.0,4362.0,1318.0,0.0,4.0,1.310835838317871,16.162498474121094,0.6959535221230919,30.0,3.4339872044851463,0.9611657480580811,0.6280816865671623,0.782597597336313,0.6299900953012737,0.7053396419517377,1.0,0.11160639369033515,0.3217254705499975
4484.0,222.0,181.0,4362.0,146.0,0.0,10.0,1.546097755432129,12.577174186706543,0.7186306157822301,13.0,2.6390573296152584,1.0,0.8078861523031867,0.3804973966121318,0.14600109812894993,0.5941917744576592,1.0,0.15078971089820142,0.3180289596860448
4484.0,222.0,79.0,587.0,1318.0,1.0,1.0,4.709870338439941,11.032796859741211,0.9805757437861433,2.0,1.0986122886681098,0.9803906099397734,0.46047423385563957,0.0,0.0,0.23023711692781978,0.0,0.36408192133587947,0.2647000410251077
4484.0,222.0,200.0,4362.0,443.0,1.0,1.0,0.07837748527526855,2.9661142826080322,0.27425091378230093,14.0,2.70805020110221,0.9423178739918808,0.7913033845886182,0.0,0.0,0.3956516922943091,0.0,0.09097271248468003,0.12566243378225903
4484.0,222.0,285.0,4362.0,587.0,1.0,1.0,1.9856061935424805,15.327571868896484,0.8751819866499615,30.0,3.4339872044851463,0.8879629756445782,0.6280816865671623,0.782597597336313,0.6299900953012693,0.7053396419517377,1.0,0.1837873074939336,0.4599907438518641
4484.0,222.0,270.0,4484.0,587.0,0.0,6.0,1.3009471893310547,13.128645896911621,0.7135447575144451,0.0,0.0,0.0,0.0,0.0,0.0,0.0,0.0,0.1401861517095724,0.09123039395858816
4484.0,222.0,269.0,4484.0,1318.0,0.0,4.0,1.087651252746582,10.673731803894043,0.5197989127394828,0.0,0.0,0.0,0.0,0.0,0.0,0.0,0.0,0.10605365778297574,0.07406327814602692
4484.0,229.0,331.0,4484.0,45.0,0.0,4.0,4.83201789855957,10.294103622436523,0.9862364176322659,0.0,0.0,0.0,0.0,0.0,0.0,0.0,0.0,0.3836563319319697,0.26304080406925884
6559.0,142.0,125.0,2600.0,7038.0,0.0,2690.0,2.6979174613952637,7.720046043395996,0.8702574245925139,2.0,1.0986122886681098,1.0,0.0,1.0,0.3506474012841677,0.5,1.0,0.29823929786201797,0.42539543151192316
6559.0,142.0,292.0,2661.0,5474.0,0.0,1229.0,0.35209035873413086,1.974600911140442,0.3897462559881637,1.0,0.6931471805599453,0.40212454001574466,0.0,0.0,0.0,0.0,0.0,0.1284502058680505,0.1031499481162152
6559.0,142.0,337.0,146.0,3933.0,1.0,1.0,0.7406144142150879,4.0153069496154785,0.43969638743866263,1.0,0.6931471805599453,0.9803906099397734,0.0,0.0,0.0,0.0,0.0,0.13129181921564195,0.08205946089883959
6559.0,142.0,133.0,146.0,1077.0,0.0,2.0,0.5655174255371094,5.598397731781006,0.62577569613404,0.0,0.0,0.0,0.0,0.0,0.0,0.0,0.0,0.17086690469857982,0.13519196315113866
6559.0,53.0,224.0,6122.0,2266.0,0.0,2.0,1.9000043869018555,8.151045799255371,0.8030515183214246,0.0,0.0,0.0,0.0,0.0,0.0,0.0,0.0,0.23926458012065616,0.17436161998043825
6559.0,53.0,344.0,146.0,1077.0,0.0,1.0,1.6509742736816406,19.552448272705078,0.8390083433608316,6.0,1.9459101490553132,1.0,0.048103934614050936,0.0,0.0,0.024051967307025468,0.0,0.12684256547513698,0.05879206563154892
6559.0,53.0,266.0,1077.0,6559.0,0.0,9.0,0.8974437713623047,12.940888404846191,0.7101044439353787,2.0,1.0986122886681098,0.08085207284143715,0.2555120532523477,0.0,0.0,0.12775602662617386,0.0,0.1343543081662291,0.11227495360130721
6559.0,127.0,252.0,1077.0,3495.0,0.0,8.0,0.7321147918701172,20.049440383911133,0.6707100304977511,0.0,0.0,0.0,0.0,0.0,0.0,0.0,0.0,0.07621588650821885,0.042317218137541586
6559.0,169.0,144.0,146.0,6559.0,0.0,1018.0,6.695218563079834,13.346959114074707,0.9977156793769762,0.0,0.0,0.0,0.0,0.0,0.0,0.0,0.0,0.3975920250874174,0.250396208136497
6559.0,98.0,261.0,3155.0,6559.0,0.0,12.0,1.9163570404052734,11.77009105682373,0.7672086451089959,2.0,1.0986122886681098,0.8534795977333005,0.3511631518546885,0.6488368481453115,0.1626848390106627,0.5,1.0,0.18199660833668915,0.28855424966155924
6559.0,38.0,133.0,235.0,6559.0,0.0,927.0,4.123955488204956,7.554497718811035,0.9821043582841862,0.0,0.0,0.0,0.0,0.0,0.0,0.0,0.0,0.4057878908294539,0.29873513173211197
6559.0,155.0,349.0,6559.0,3495.0,0.0,2.0,0.6037478446960449,7.319238185882568,0.5708639710865171,0.0,0.0,0.0,0.0,0.0,0.0,0.0,0.0,0.13809245524930253,0.10518160734786441
3375.0,162.0,125.0,3341.0,2266.0,1.0,1.0,1.1484923362731934,4.9118571281433105,0.5715016463034194,0.0,0.0,0.0,0.0,0.0,0.0,0.0,0.0,0.1705475687031201,0.13580248869294415
3375.0,53.0,141.0,2300.0,6785.0,1.0,1.0,3.836439847946167,6.858697414398193,0.95061230849005,0.0,0.0,0.0,0.0,0.0,0.0,0.0,0.0,0.390362927630206,0.2913207778653609
5496.0,38.0,286.0,1755.0,4212.0,0.0,12.0,3.447549819946289,12.725902557373047,0.9624342190452088,0.0,0.0,0.0,0.0,0.0,0.0,0.0,0.0,0.29015192585825716,0.1876252311894384
5496.0,223.0,13.0,5682.0,5119.0,0.0,2.0,6.822171211242676,10.517789840698242,0.9982560497744412,3.0,1.3862943611198906,0.9803906099397734,0.0,1.0,0.4925862227131979,0.5,1.0,0.45209254870249765,0.5787081413388617
5496.0,222.0,50.0,5682.0,5987.0,1.0,1.0,11.771970272064209,18.608125686645508,0.9999906143338748,9.0,2.302585092994046,0.9803906099397734,0.6398935696555963,0.7527893183970757,0.4944707746682245,0.696341444026336,1.0,0.47388911042970927,0.6513868705580554
5496.0,222.0,68.0,5496.0,4408.0,0.0,3.0,1.757930040359497,5.578444957733154,0.7939799356245122,0.0,0.0,0.0,0.0,0.0,0.0,0.0,0.0,0.26667960357796117,0.20675685734247243
5496.0,121.0,47.0,2582.0,3767.0,0.0,856.0,0.8041621297597885,0.9793809652328491,0.08458333950442418,0.0,0.0,0.0,0.0,0.0,0.0,0.0,0.0,0.0746836152999452,0.06817145753868785
5496.0,156.0,49.0,1071.0,5119.0,0.0,755.0,4.741311073303223,8.208996772766113,0.9729495508181669,2.0,1.0986122886681098,1.0,0.4950491105234984,1.0,0.5149151264716405,0.7475245552617492,1.0,0.40917382354927845,0.6592695436239205
986.0,53.0,290.0,5397.0,711.0,1.0,1.0,3.458223819732666,8.241483688354492,0.9669746226585614,1.0,0.6931471805599453,0.05026556750196808,0.0,0.0,0.0,0.0,0.0,0.36410179693425976,0.2705583908964057
986.0,156.0,195.0,4805.0,2713.0,0.0,820.0,6.473879814147949,11.259000778198242,0.9964520569886998,0.0,0.0,0.0,0.0,0.0,0.0,0.0,0.0,0.4262135264339904,0.28429546708164644
3600.0,208.0,306.0,2442.0,4587.0,1.0,1.0,1.7688984870910645,7.978486061096191,0.8365053773346715,0.0,0.0,0.0,0.0,0.0,0.0,0.0,0.0,0.25325275904543326,0.18592261690648096
3600.0,208.0,63.0,1161.0,2442.0,1.0,1.0,3.2946653366088867,12.68840217590332,0.9619875549725178,2.0,1.0986122886681098,0.7578582832551991,0.4752649511825977,1.0,0.9999999999993076,0.7376324755912989,1.0,0.28624784783361296,0.6340124797363352
3600.0,156.0,75.0,2442.0,1161.0,0.0,1.0,5.358692169189453,10.435246467590332,0.987720516247827,2.0,1.0986122886681098,1.0,0.209675628834616,0.790324371165384,0.43352509168269476,0.5,1.0,0.3990336772101152,0.547949171454671
3600.0,156.0,299.0,2442.0,1161.0,0.0,2.0,5.324771404266357,9.540119171142578,0.9918247850197721,11.0,2.4849066497880004,0.5,0.5887190907864264,0.4112809092135737,0.0795919375797193,0.5,1.0,0.4159588153672415,0.62025174627635
3600.0,123.0,342.0,2694.0,3002.0,0.0,9.0,1.6402020454406738,8.533669471740723,0.7940980755852683,0.0,0.0,0.0,0.0,0.0,0.0,0.0,0.0,0.22424181251684616,0.16248858708700503
4453.0,160.0,76.0,5455.0,6794.0,0.0,65.0,8.629530191421509,10.874730110168457,0.9996071002926787,1.0,0.6931471805599453,0.7429971445684742,0.0,0.0,0.0,0.0,0.0,0.5073871369702293,0.29557548819235896
4453.0,160.0,338.0,5455.0,244.0,1.0,1.0,1.7419657707214355,9.577951431274414,0.8343070547635353,33.0,3.5263605246161616,0.9803906099397734,0.7698315141030014,0.8713210819470454,0.7369867436904327,0.8205762980250234,1.0,0.23039657304771877,0.6166330348488589
4453.0,150.0,1.0,6979.0,2427.0,0.0,6.0,1.3433723449707031,7.549134254455566,0.6405253616237442,0.0,0.0,0.0,0.0,0.0,0.0,0.0,0.0,0.17079322408610592,0.12723467003453434
4453.0,229.0,27.0,1436.0,6979.0,0.0,6.0,0.7528085708618164,5.9166789054870605,0.5934162212795057,0.0,0.0,0.0,0.0,0.0,0.0,0.0,0.0,0.16040884906888064,0.12569717842289316
5492.0,38.0,215.0,1175.0,1515.0,0.0,188.0,7.172748565673828,18.01090431213379,0.9992327409144356,15.0,2.772588722239781,0.8705505632961241,0.6278524769639189,0.7026007449699588,0.3562593627296297,0.6652266109669389,1.0,0.3351584132388958,0.529911653017803
5492.0,38.0,112.0,1175.0,1515.0,0.0,181.0,4.632622718811035,13.999211311340332,0.9903632093061345,8.0,2.1972245773362196,0.836743383392903,0.7305183389830099,0.7189056631532809,0.37232604838042344,0.7247120010681454,1.0,0.3187960724642046,0.5704657767243404
5492.0,160.0,214.0,2454.0,3241.0,0.0,3.0,0.7188471853733063,0.8059201240539551,0.5593193454378864,0.0,0.0,0.0,0.0,0.0,0.0,0.0,0.0,0.20230704064534752,0.1778039801317216
5492.0,150.0,225.0,1175.0,1515.0,1.0,1.0,8.31226921081543,14.327194213867188,0.9995787236984839,2.0,1.0986122886681098,0.3108489722987456,0.27876380166673265,0.7212361983332674,0.15229803053536298,0.5,1.0,0.4345381698868104,0.5525684287365357
5492.0,229.0,176.0,1175.0,1515.0,1.0,1.0,5.629576206207275,10.550528526306152,0.994205763613129,0.0,0.0,0.0,0.0,0.0,0.0,0.0,0.0,0.4096073699163005,0.2786590286326671
5492.0,164.0,40.0,1175.0,6568.0,0.0,2.0,4.426090180873871,3.653402805328369,0.8846773741534514,0.0,0.0,0.0,0.0,0.0,0.0,0.0,0.0,0.4272969413124928,0.33885716376179725
5761.0,160.0,152.0,5390.0,2683.0,0.0,3119.0,0.5436047315597534,-1.5191506147384644,0.19513918853710832,0.0,0.0,0.0,0.0,0.0,0.0,0.0,0.0,0.10862887748219034,0.104027576868541
5470.0,38.0,302.0,1160.0,4277.0,1.0,1.0,7.4059107303619385,10.79481029510498,0.9991454401807912,16.0,2.833213344056216,0.9803906099397734,0.7370862481538984,0.7406632676402842,0.48180405840400414,0.7388747578970913,1.0,0.46724451079365553,0.7328162647479419
5470.0,38.0,36.0,4277.0,1160.0,0.0,71.0,2.2908411026000977,10.927802085876465,0.908048086436402,0.0,0.0,0.0,0.0,0.0,0.0,0.0,0.0,0.25885945601226057,0.1764157127475812
5470.0,222.0,247.0,1160.0,1056.0,1.0,1.0,0.5200610160827637,5.060380935668945,0.5691438799140222,4.0,1.6094379124341003,0.9803906099397734,0.10690372140497195,1.0,0.9999999999995399,0.553451860702486,1.0,0.15667884816467023,0.43580164758651024
5470.0,229.0,243.0,1160.0,1056.0,0.0,1.0,6.856102466583252,8.408449172973633,0.9975707564260535,2.0,1.0986122886681098,1.0,0.18462590358721498,1.0,0.7545086722670821,0.5923129517936074,1.0,0.49085760774748566,0.7060660957999443
5470.0,160.0,133.0,5447.0,3008.0,0.0,11.0,3.4382535219192505,1.6239287853240967,0.8963251224013985,0.0,0.0,0.0,0.0,0.0,0.0,0.0,0.0,0.43746647915588194,0.36500359805877786
5470.0,156.0,142.0,1160.0,18.0,1.0,1.0,6.270453453063965,8.271140098571777,0.9975284557772967,0.0,0.0,0.0,0.0,0.0,0.0,0.0,0.0,0.4735459904785455,0.34149492391960823
1189.0,6.0,74.0,1183.0,2686.0,0.0,6.0,4.930119752883911,6.293306350708008,0.9776818922639706,0.0,0.0,0.0,0.0,0.0,0.0,0.0,0.0,0.4522059000016701,0.34160877780952603
1189.0,56.0,82.0,1077.0,150.0,0.0,6.0,1.6515922546386719,7.123664379119873,0.7781481098928539,0.0,0.0,0.0,0.0,0.0,0.0,0.0,0.0,0.23578501133348861,0.17656411262435365
1189.0,56.0,293.0,1189.0,3728.0,0.0,20.0,4.264506816864014,9.670348167419434,0.9785571741167832,0.0,0.0,0.0,0.0,0.0,0.0,0.0,0.0,0.3718867265125427,0.25945154865280967
4748.0,160.0,238.0,2083.0,3262.0,1.0,1.0,2.9364476203918457,7.944728851318359,0.934168946825798,4.0,1.6094379124341003,0.3865083343167451,0.43239330397035636,0.0,0.0,0.21619665198517818,0.0,0.33498735756292053,0.31222975738762726
2243.0,53.0,89.0,5421.0,733.0,0.0,3.0,0.8099136352539062,9.045219421386719,0.6717565173316863,0.0,0.0,0.0,0.0,0.0,0.0,0.0,0.0,0.1564084282393719,0.11352112057360676
2243.0,53.0,187.0,3155.0,5311.0,0.0,3.0,4.078254222869873,10.170365333557129,0.9706960803189156,1.0,0.6931471805599453,0.6095068271022377,0.0,0.0,0.0,0.0,0.0,0.3533252894635808,0.21314276254447947
2243.0,160.0,353.0,3566.0,5527.0,0.0,951.0,0.24735403060913086,4.976761817932129,0.350125677948477,0.0,0.0,0.0,0.0,0.0,0.0,0.0,0.0,0.09606712240969538,0.07904221970173805
2243.0,18.0,294.0,146.0,2243.0,0.0,9.0,0.5785627365112305,9.841082572937012,0.610297770038357,0.0,0.0,0.0,0.0,0.0,0.0,0.0,0.0,0.12761819050217393,0.09148644550183563
4355.0,0.0,114.0,1161.0,776.0,1.0,1.0,2.985262870788574,6.994823455810547,0.9181542603587296,2.0,1.0986122886681098,0.9238395952400507,0.0,1.0,0.999999999999432,0.5,1.0,0.34323026290796743,0.6239755973467952
4355.0,0.0,177.0,1161.0,2442.0,1.0,1.0,21.377514123916626,23.660539627075195,0.999999998494133,10.0,2.3978952727983707,0.6341329040632923,0.719685024641723,1.0,0.9999999999997612,0.8598425123208615,1.0,0.6960124256183792,0.8664923807229249
4355.0,224.0,58.0,1161.0,2694.0,1.0,1.0,8.688423156738281,14.749837875366211,0.9997566132686705,1.0,0.6931471805599453,0.9803906099397734,0.0,1.0,0.99999999999898,0.5,1.0,0.43962793896123575,0.6248825369844465
4355.0,224.0,54.0,3002.0,1361.0,0.0,3.0,1.9977073669433594,7.685039043426514,0.8267529806038892,0.0,0.0,0.0,0.0,0.0,0.0,0.0,0.0,0.25871498605551874,0.1905875639490676
4355.0,156.0,103.0,5182.0,6512.0,0.0,305.0,3.1759347915649414,5.768275737762451,0.9187911504338356,0.0,0.0,0.0,0.0,0.0,0.0,0.0,0.0,0.36985936742104786,0.28340752376756984
5739.0,160.0,23.0,1077.0,2272.0,1.0,1.0,8.393648624420166,15.200790405273438,0.9997622950373486,3.0,1.3862943611198906,0.9803906099397734,0.253623703405115,1.0,0.9999999999996155,0.6268118517025575,1.0,0.4218558112390779,0.6676538697663648
5739.0,160.0,183.0,1077.0,920.0,0.0,31.0,6.357782363891602,12.951153755187988,0.9974028390979266,19.0,2.995732273553991,0.8879629756445782,0.8013949659938131,0.7170116805628246,0.5374010867853325,0.7592033232783189,1.0,0.39335557799423626,0.6961628573507019
5739.0,123.0,22.0,1077.0,3380.0,0.0,19.0,0.617160439491272,2.0446040630340576,0.42107441246160277,0.0,0.0,0.0,0.0,0.0,0.0,0.0,0.0,0.14082261658649764,0.12193626921914295
3149.0,53.0,296.0,6293.0,2445.0,0.0,3.0,2.439958095550537,9.212578773498535,0.8993069986991001,0.0,0.0,0.0,0.0,0.0,0.0,0.0,0.0,0.2832027575108678,0.2009353227162283
3149.0,160.0,16.0,146.0,6284.0,0.0,3.0,0.026825428009033203,6.3686113357543945,0.4617969277900516,1.0,0.6931471805599453,1.0,0.0,1.0,0.9999999999989999,0.5,1.0,0.108785387187239,0.3007582803219303
3149.0,127.0,147.0,3155.0,537.0,0.0,2270.0,2.5715694427490234,15.533275604248047,0.9217801223269557,1.0,0.6931471805599453,0.08751743620647534,0.0,0.0,0.0,0.0,0.0,0.21177092739402725,0.1299947642818277
3149.0,173.0,314.0,3262.0,2596.0,0.0,25.0,0.21537065505981445,6.639541149139404,0.4785606724920817,0.0,0.0,0.0,0.0,0.0,0.0,0.0,0.0,0.1133532408440978,0.08892564531631743
3149.0,103.0,54.0,3149.0,1077.0,0.0,4.0,0.4818592071533203,12.45108413696289,0.612537392005009,0.0,0.0,0.0,0.0,0.0,0.0,0.0,0.0,0.10728122754915292,0.07237619492387598
3149.0,169.0,31.0,2100.0,3241.0,0.0,29.0,1.8437237739562988,9.165162086486816,0.7730098316899499,0.0,0.0,0.0,0.0,0.0,0.0,0.0,0.0,0.21246484406034924,0.15106783075255917
3149.0,156.0,157.0,4304.0,2713.0,0.0,30.0,3.120626926422119,10.082477569580078,0.932256750937221,0.0,0.0,0.0,0.0,0.0,0.0,0.0,0.0,0.3057241962032271,0.2114871739379419
3149.0,115.0,342.0,2672.0,2290.0,0.0,4.0,0.6856656074523926,5.373620510101318,0.46122621795490737,0.0,0.0,0.0,0.0,0.0,0.0,0.0,0.0,0.12526673663406815,0.10024640082829024
1436.0,87.0,90.0,3706.0,6979.0,1.0,1.0,1.2107877731323242,4.718621730804443,0.5036952679767249,0.0,0.0,0.0,0.0,0.0,0.0,0.0,0.0,0.15152057756317272,0.1214086913615571
1436.0,191.0,106.0,6795.0,2547.0,0.0,4.0,1.2781782150268555,8.121528625488281,0.6716821690528235,0.0,0.0,0.0,0.0,0.0,0.0,0.0,0.0,0.1743372225809156,0.12822145498727006
1436.0,202.0,82.0,1148.0,1436.0,0.0,4.0,1.4790387153625488,7.46666955947876,0.7322812087404306,1.0,0.6931471805599453,0.43527528164806206,0.0,1.0,0.9999999999977026,0.5,1.0,0.20839775242808478,0.50673143570545
1436.0,61.0,49.0,5455.0,2547.0,0.0,9.0,3.0859603881835938,10.929235458374023,0.9085250831263236,0.0,0.0,0.0,0.0,0.0,0.0,0.0,0.0,0.28022238174916897,0.18930022397295623
5046.0,56.0,179.0,3155.0,5046.0,0.0,71.0,3.540494918823242,13.979452133178711,0.9369173799091406,0.0,0.0,0.0,0.0,0.0,0.0,0.0,0.0,0.26224783777600497,0.16336676801304217
5046.0,160.0,11.0,3159.0,3155.0,1.0,1.0,10.012300491333008,23.742420196533203,0.9999533958497557,4.0,1.6094379124341003,0.9611657480580811,0.4827394511502273,1.0,0.5760105625108883,0.7413697255751137,1.0,0.32866187933468116,0.4739019601386994
5046.0,160.0,176.0,3159.0,5244.0,0.0,6120.0,19.695829391479492,38.5845947265625,0.9999999970177758,38.0,3.6635616461296463,1.0,0.7617018242018418,0.827009835273044,0.6878977089522695,0.7943558297374429,1.0,0.3823847528577081,0.4860752714377697
5046.0,160.0,224.0,3159.0,4346.0,1.0,1.0,9.618450164794922,21.65943145751953,0.9999283252330596,46.0,3.8501476017100584,0.6729500963161781,0.8169373398798193,0.6997895116805729,0.47739331695743575,0.7583634257801961,1.0,0.3505207785627208,0.6105467974998509
5046.0,160.0,175.0,3159.0,3155.0,0.0,76.0,25.79538345336914,43.41337203979492,0.9999999999937237,37.0,3.6375861597263857,1.0,0.7384740323510779,0.8101478533252232,0.6626079883317181,0.7743109428381505,1.0,0.49890924021753386,0.5223419740254911
5046.0,160.0,225.0,3159.0,2617.0,0.0,349.0,14.821069717407227,24.16358184814453,0.9999994028285302,46.0,3.8501476017100584,0.6597539553864471,0.8169373398798193,0.6997895116805729,0.4773933169574349,0.7583634257801961,1.0,0.4763988639769137,0.6841981907381837
5046.0,160.0,69.0,3159.0,2617.0,1.0,1.0,15.291932106018066,25.693017959594727,0.9999995487422768,20.0,3.044522437723423,0.9057236642639067,0.8216939454526792,0.7320356391981295,0.572668500964686,0.7768647923254044,1.0,0.4646739968321491,0.6507129947109704
5046.0,53.0,286.0,5046.0,3159.0,0.0,148.0,7.9222612380981445,23.140295028686523,0.9996363817188597,0.0,0.0,0.0,0.0,0.0,0.0,0.0,0.0,0.27808312216617503,0.1303448844732948
5046.0,53.0,169.0,4319.0,3155.0,0.0,4.0,0.13701248168945312,9.31427001953125,0.5175465235178752,0.0,0.0,0.0,0.0,0.0,0.0,0.0,0.0,0.10273170612975888,0.07565751839759013
5046.0,53.0,130.0,3159.0,5244.0,0.0,2.0,1.593043327331543,9.137276649475098,0.8145025125336517,2.0,1.0986122886681098,0.19325416715837251,0.33333333333333337,0.0,0.0,0.16666666666666669,0.0,0.22408372326882223,0.20281607835722584
5046.0,53.0,51.0,3159.0,2266.0,0.0,2.0,4.182570457458496,10.526047706604004,0.978243249513882,2.0,1.0986122886681098,0.9238395952400507,0.33333333333333337,0.6666666666666666,0.16169249674312774,0.5,1.0,0.35482075803601504,0.4752149854480576
5046.0,53.0,7.0,3380.0,2617.0,1.0,1.0,5.353847503662109,12.228436470031738,0.9906433269332054,1.0,0.6931471805599453,0.9803906099397734,0.0,1.0,0.99999999999898,0.5,1.0,0.36983456331730385,0.5922365134995559
5046.0,163.0,222.0,3159.0,5046.0,1.0,1.0,1.6530470848083496,5.659040927886963,0.6346390243432283,0.0,0.0,0.0,0.0,0.0,0.0,0.0,0.0,0.19536886518775115,0.15124997426630385
5046.0,155.0,165.0,2278.0,3155.0,0.0,4.0,3.8015499114990234,10.531349182128906,0.967848308729103,0.0,0.0,0.0,0.0,0.0,0.0,0.0,0.0,0.33740926374530195,0.23055293734406593
5046.0,6.0,200.0,3159.0,711.0,0.0,29.0,2.0186586380004883,11.678788185119629,0.8119215253874493,3.0,1.3862943611198906,0.836743383392903,0.0,1.0,0.19528161402774946,0.5,1.0,0.2018618917443748,0.2808710216372334
5046.0,6.0,211.0,3155.0,6785.0,0.0,13.0,1.4625930786132812,11.727351188659668,0.8014696753193288,0.0,0.0,0.0,0.0,0.0,0.0,0.0,0.0,0.18564219798445109,0.12478552151067053
5046.0,208.0,168.0,3155.0,5046.0,0.0,25.0,0.03478813171386719,9.704548835754395,0.43910596721386774,0.0,0.0,0.0,0.0,0.0,0.0,0.0,0.0,0.08330099664337277,0.061281272495223575
5046.0,169.0,198.0,4319.0,3380.0,0.0,8.0,0.2666130065917969,5.821477890014648,0.44756516426321963,0.0,0.0,0.0,0.0,0.0,0.0,0.0,0.0,0.11249846562053564,0.09002771551623316
5046.0,169.0,313.0,3159.0,2617.0,0.0,4.0,9.622958183288574,19.83024024963379,0.9998900635548146,0.0,0.0,0.0,0.0,0.0,0.0,0.0,0.0,0.38135381540776814,0.1981313484441789
5046.0,164.0,222.0,3159.0,5046.0,1.0,1.0,2.666068196296692,4.289526462554932,0.741740292953156,0.0,0.0,0.0,0.0,0.0,0.0,0.0,0.0,0.28468984519590723,0.22405118215394165
5046.0,156.0,161.0,3159.0,5046.0,0.0,13.0,11.726836204528809,26.180946350097656,0.9999893457959065,3.0,1.3862943611198906,0.05229646146205644,0.3625140808205024,0.0,0.0,0.1812570404102512,0.0,0.34098853886834424,0.1985829976044292
5046.0,176.0,6.0,5046.0,3159.0,0.0,1185.0,1.1236958503723145,6.066166400909424,0.6394003053938164,0.0,0.0,0.0,0.0,0.0,0.0,0.0,0.0,0.1816712989873135,0.14066178212037636
1121.0,6.0,252.0,5423.0,4172.0,0.0,12.0,2.849177360534668,15.984210014343262,0.9334129228082704,5.0,1.791759469228055,0.9423178739918808,0.14215106603571281,0.8578489339642872,0.685345607403025,0.5,1.0,0.2173176394286771,0.38254593209494586
1121.0,56.0,329.0,5423.0,3686.0,0.0,3.0,2.890692710876465,13.048333168029785,0.9463233574358455,7.0,2.0794415416798357,0.14938869249630476,0.26008979512628405,0.0,0.0,0.13004489756314203,0.0,0.26267774191625315,0.2180526564804632
1121.0,224.0,296.0,5423.0,5370.0,1.0,1.0,9.614534854888916,16.214588165283203,0.9998798467919024,29.0,3.4011973816621555,0.6729500963161781,0.6652210100111005,0.8461893466100125,0.6819091876277511,0.7557051783105565,1.0,0.4444286200245745,0.7354775396523211
1121.0,224.0,48.0,5423.0,3686.0,0.0,4.0,3.32303524017334,12.778651237487793,0.9619673570655051,6.0,1.9459101490553132,1.0,0.5811845547409993,0.9070997294606716,0.6336229693804543,0.7441421421008354,1.0,0.2856869816521043,0.5656012339834376
1121.0,224.0,29.0,5423.0,1464.0,1.0,1.0,17.146440029144287,23.084274291992188,0.9999999030673846,2.0,1.0986122886681098,0.9238395952400507,0.40225353870268366,0.5977464612973163,0.014667218736444594,0.5,1.0,0.5739673196919087,0.5130105137489127
1121.0,227.0,17.0,5423.0,3686.0,1.0,1.0,3.9544219970703125,14.535067558288574,0.9804129878683554,0.0,0.0,0.0,0.0,0.0,0.0,0.0,0.0,0.286228305633378,0.17602123124807226
1121.0,191.0,349.0,5423.0,3686.0,0.0,23.0,1.493983268737793,13.081374168395996,0.816139227923713,0.0,0.0,0.0,0.0,0.0,0.0,0.0,0.0,0.17696974011801714,0.11497998300142652
1121.0,191.0,87.0,5423.0,3686.0,0.0,485.0,3.7110910415649414,8.883355140686035,0.9465135750574375,0.0,0.0,0.0,0.0,0.0,0.0,0.0,0.0,0.34996588099094245,0.24870651132185098
1121.0,158.0,135.0,1145.0,3686.0,0.0,2.0,2.0359692573547363,7.295584201812744,0.7645140309589038,0.0,0.0,0.0,0.0,0.0,0.0,0.0,0.0,0.23698884605650422,0.17567520391391397
1121.0,18.0,304.0,3767.0,1077.0,0.0,2873.0,0.1768651008605957,5.764738082885742,0.35216628271304384,0.0,0.0,0.0,0.0,0.0,0.0,0.0,0.0,0.09084440059729228,0.07352275869318697
1121.0,185.0,316.0,5423.0,4723.0,0.0,5445.0,2.9197254180908203,8.6693696975708,0.8722001768840896,0.0,0.0,0.0,0.0,0.0,0.0,0.0,0.0,0.2911604886128841,0.2077660728390337
1121.0,156.0,128.0,1183.0,3262.0,0.0,1934.0,3.4677276611328125,13.960531234741211,0.9638303150789179,0.0,0.0,0.0,0.0,0.0,0.0,0.0,0.0,0.2733012329361178,0.17102722437925508
1121.0,42.0,90.0,5423.0,1121.0,0.0,4.0,3.4790639877319336,14.181442260742188,0.9693845360369042,1.0,0.6931471805599453,0.2706097479346942,0.0,0.0,0.0,0.0,0.0,0.2730873372121131,0.16337979947171535
5230.0,158.0,28.0,5230.0,5584.0,0.0,6.0,3.321462392807007,6.415968418121338,0.8533705108787791,0.0,0.0,0.0,0.0,0.0,0.0,0.0,0.0,0.32790584903047915,0.24557870006317348
5230.0,160.0,29.0,545.0,711.0,0.0,2811.0,4.4366068840026855,8.641962051391602,0.9840205333360587,0.0,0.0,0.0,0.0,0.0,0.0,0.0,0.0,0.3981338355084311,0.2850536934537074
4327.0,53.0,362.0,733.0,5509.0,1.0,1.0,13.416544437408447,9.141735076904297,0.9999786089301973,0.0,0.0,0.0,0.0,0.0,0.0,0.0,0.0,0.690640737566974,0.5080853182837181
6354.0,156.0,314.0,4417.0,1183.0,0.0,1234.0,4.6975550055503845,5.520970821380615,0.9669981201400228,0.0,0.0,0.0,0.0,0.0,0.0,0.0,0.0,0.4518909091633348,0.3471972931334141
6354.0,127.0,93.0,5497.0,6293.0,0.0,12.0,1.0013222694396973,6.044678688049316,0.6937946765406098,0.0,0.0,0.0,0.0,0.0,0.0,0.0,0.0,0.19956955163807039,0.15478568455830427
4368.0,39.0,64.0,5498.0,2278.0,0.0,5.0,3.227104663848877,5.595268249511719,0.8963392939737056,1.0,0.6931471805599453,1.0,0.0,1.0,0.9999999999989999,0.5,1.0,0.361819352586258,0.6362127818417845
4368.0,224.0,306.0,1188.0,4297.0,0.0,33.0,2.8507556915283203,7.739048004150391,0.8879591532404166,15.0,2.772588722239781,0.7284274237469965,0.5696950627054308,0.5999479784210161,0.355844722496638,0.5848215205632235,1.0,0.3113630926801766,0.5909524702881587
4368.0,224.0,261.0,6293.0,5498.0,0.0,6.0,0.5598502159118652,7.442442893981934,0.5641139573558391,0.0,0.0,0.0,0.0,0.0,0.0,0.0,0.0,0.13443008556595373,0.10222528212812852
4368.0,137.0,202.0,1188.0,4482.0,1.0,1.0,1.5838472843170166,5.173758029937744,0.4885273444775359,0.0,0.0,0.0,0.0,0.0,0.0,0.0,0.0,0.14908631473736583,0.11742071533258704
3686.0,156.0,188.0,1121.0,1464.0,1.0,1.0,6.216744422912598,13.750343322753906,0.9976472175769499,5.0,1.791759469228055,0.7578582832551991,0.5068064455122556,1.0,0.9999999999993492,0.7534032227561278,1.0,0.37529498966037766,0.7150059498841022
3686.0,160.0,288.0,4172.0,5423.0,0.0,2.0,1.8118276596069336,10.415792465209961,0.8476844088387367,4.0,1.6094379124341003,0.16170414568287425,0.3952060763844454,0.0,0.0,0.1976030381922227,0.0,0.22704876295094864,0.21557656999143965
3686.0,160.0,195.0,5423.0,3511.0,1.0,1.0,12.334973335266113,18.857532501220703,0.9999932336562173,13.0,2.6390573296152584,0.4901953049698867,0.7063657030755486,0.6509866949536977,0.4230223575452443,0.6786761990146231,1.0,0.4883845288902456,0.697666416196966
3686.0,160.0,131.0,5423.0,1464.0,0.0,2.0,7.770711898803711,18.50199317932129,0.9995777864793799,11.0,2.4849066497880004,0.7730166686334901,0.7280491783248682,0.714960255611347,0.5257510582572748,0.7215047169681076,1.0,0.34551279727942324,0.5955276989586943
3686.0,160.0,248.0,4097.0,5423.0,1.0,1.0,1.6471476554870605,6.436673164367676,0.8149584007302983,2.0,1.0986122886681098,0.9803906099397734,0.4457528003935315,0.0,0.0,0.22287640019676574,0.0,0.2615174783473064,0.21448612385357407
3686.0,61.0,62.0,4172.0,1464.0,1.0,1.0,1.3250980377197266,7.205712795257568,0.6951711551459544,0.0,0.0,0.0,0.0,0.0,0.0,0.0,0.0,0.1937304111585331,0.14544007256409144
3686.0,38.0,251.0,1121.0,1464.0,1.0,1.0,0.7393951416015625,8.970467567443848,0.6764973533139961,10.0,2.3978952727983707,0.646816582731497,0.5666508444450277,0.43334915555497233,0.05349844949835987,0.5,1.0,0.15737418598193753,0.31899218331954876
3686.0,38.0,279.0,6994.0,1464.0,0.0,6.0,3.1141302585601807,3.746704578399658,0.8949198639460876,3.0,1.3862943611198906,0.43527528164806206,0.43485826341664247,0.0,0.0,0.21742913170832123,0.0,0.388804406357081,0.3798574704238525
3686.0,191.0,236.0,1121.0,6994.0,0.0,6.0,5.293512344360352,11.762564659118652,0.987375869645319,0.0,0.0,0.0,0.0,0.0,0.0,0.0,0.0,0.373968408047478,0.24625533078808276
3686.0,6.0,226.0,5423.0,1121.0,1.0,1.0,1.6767024993896484,14.173705101013184,0.8416928115085489,1.0,0.6931471805599453,0.04042603642071857,0.0,0.0,0.0,0.0,0.0,0.1780202654270531,0.11596216592019086
3686.0,6.0,35.0,1121.0,4172.0,1.0,1.0,6.858933687210083,7.907416343688965,0.9966064552652699,0.0,0.0,0.0,0.0,0.0,0.0,0.0,0.0,0.49943969124413146,0.3633690656767773
3686.0,158.0,202.0,1121.0,5423.0,0.0,267.0,0.021368980407714844,8.054075241088867,0.48861362756258037,0.0,0.0,0.0,0.0,0.0,0.0,0.0,0.0,0.10327524855654836,0.0786924134643165
6155.0,142.0,4.0,920.0,3341.0,1.0,1.0,2.992375612258911,5.155999660491943,0.8757478351845874,0.0,0.0,0.0,0.0,0.0,0.0,0.0,0.0,0.35045792532000325,0.27164309339370624
6155.0,53.0,309.0,3155.0,4302.0,0.0,2.0,10.548532962799072,15.714612007141113,0.9999428610906418,0.0,0.0,0.0,0.0,0.0,0.0,0.0,0.0,0.4848591323765218,0.28809977971414513
6155.0,53.0,327.0,2290.0,6105.0,0.0,3.0,0.712364673614502,7.84000301361084,0.4358524524767391,0.0,0.0,0.0,0.0,0.0,0.0,0.0,0.0,0.10160087354903877,0.07689943486690917
6155.0,162.0,264.0,4702.0,3341.0,1.0,1.0,0.2969226837158203,8.098470687866211,0.5564741521604816,0.0,0.0,0.0,0.0,0.0,0.0,0.0,0.0,0.12305693725888078,0.09270298584796462
6155.0,160.0,265.0,3155.0,2154.0,0.0,420.0,6.519974231719971,10.592137336730957,0.9963131078074474,2.0,1.0986122886681098,0.08580127266283155,0.4851512137172559,0.0,0.0,0.24257560685862795,0.0,0.4395124732589386,0.4008853839460021
6350.0,155.0,221.0,669.0,2683.0,0.0,196.0,2.9148623943328857,4.330448150634766,0.8410694616467962,0.0,0.0,0.0,0.0,0.0,0.0,0.0,0.0,0.34269669078082104,0.2700786775389061
6350.0,185.0,172.0,2683.0,2545.0,0.0,100.0,0.30784332752227783,1.078167200088501,0.13631270604627654,0.0,0.0,0.0,0.0,0.0,0.0,0.0,0.0,0.07824147847526625,0.07172117633448111
1140.0,56.0,260.0,278.0,5447.0,0.0,1028.0,2.6757078170776367,7.7769012451171875,0.875900589646263,2.0,1.0986122886681098,0.9803906099397734,0.4851512137172558,1.0,0.8434566465136986,0.7425756068586279,1.0,0.29959702533457094,0.6335039559943031
1140.0,6.0,351.0,1140.0,5447.0,0.0,85.0,3.282071113586426,7.351534843444824,0.9498875007365167,0.0,0.0,0.0,0.0,0.0,0.0,0.0,0.0,0.36397231822129855,0.26947675036142427
1140.0,191.0,336.0,2678.0,509.0,0.0,268.0,4.870372295379639,9.440534591674805,0.9716736193480281,1.0,0.6931471805599453,1.0,0.0,1.0,0.9563403878615551,0.5,1.0,0.39122485042009747,0.6223809102627126
1140.0,50.0,159.0,2296.0,362.0,0.0,752.0,0.006329476833343506,-0.6286225318908691,0.07082791177355004,0.0,0.0,0.0,0.0,0.0,0.0,0.0,0.0,0.07300143570472772,0.0705679776107722
5441.0,38.0,320.0,5661.0,448.0,0.0,4.0,0.9337348937988281,11.24001693725586,0.7058211033017335,0.0,0.0,0.0,0.0,0.0,0.0,0.0,0.0,0.14864452189143687,0.10203314759043032
5441.0,38.0,78.0,5661.0,1477.0,0.0,2.0,1.3880701065063477,8.152924537658691,0.7976237337468434,0.0,0.0,0.0,0.0,0.0,0.0,0.0,0.0,0.22458498851974584,0.16486844687355195
5441.0,223.0,183.0,5661.0,1477.0,1.0,1.0,5.653265953063965,12.083710670471191,0.9964880861997083,29.0,3.4011973816621555,0.9057236642639067,0.6993915049269164,1.0,0.9999999999998094,0.8496957524634582,1.0,0.3851172088030627,0.7758249526823512
5441.0,223.0,115.0,5661.0,2671.0,1.0,1.0,10.584320902824402,9.489118576049805,0.9998262067400886,24.0,3.2188758248682006,0.9803906099397734,0.8063531862866875,1.0,0.9999999999998728,0.9031765931433438,1.0,0.5974091522619208,0.8883998638382673
5441.0,223.0,100.0,5661.0,1599.0,1.0,1.0,10.132712841033936,14.269868850708008,0.9999108979855768,23.0,3.1780538303479458,0.9611657480580811,0.7787552062219332,1.0,0.999999999999892,0.8893776031109666,1.0,0.49692920691593967,0.8248709620066876
5441.0,160.0,227.0,2683.0,2545.0,0.0,19.0,8.134573936462402,19.34202003479004,0.9996978487467654,0.0,0.0,0.0,0.0,0.0,0.0,0.0,0.0,0.342954844272004,0.18072867374488288
5441.0,222.0,52.0,1477.0,448.0,0.0,3.0,2.899000644683838,10.575616836547852,0.9330979117737976,0.0,0.0,0.0,0.0,0.0,0.0,0.0,0.0,0.2923858134071539,0.20019741718462605
2624.0,127.0,348.0,3155.0,5736.0,1.0,1.0,5.329911708831787,10.014202117919922,0.99342420204212,2.0,1.0986122886681098,0.9057236642639067,0.49504911052349854,1.0,0.9069559360219239,0.7475245552617493,1.0,0.40874438442604,0.7262533331948264
2624.0,53.0,144.0,3211.0,5044.0,0.0,2.0,5.015650272369385,11.648054122924805,0.9881963583300548,0.0,0.0,0.0,0.0,0.0,0.0,0.0,0.0,0.3675993748067711,0.24311486478141442
2624.0,160.0,201.0,3155.0,497.0,0.0,3.0,3.37692928314209,17.620729446411133,0.9666747342742,1.0,0.6931471805599453,0.3714985722842371,0.0,0.0,0.0,0.0,0.0,0.2229865305396128,0.117479097595123
2624.0,160.0,140.0,3211.0,2624.0,0.0,4717.0,4.774333953857422,21.380220413208008,0.9916263103874546,0.0,0.0,0.0,0.0,0.0,0.0,0.0,0.0,0.21900593151883652,0.11052741890417549
2624.0,160.0,7.0,733.0,2460.0,0.0,4.0,4.914067268371582,14.56917667388916,0.9870370096105298,0.0,0.0,0.0,0.0,0.0,0.0,0.0,0.0,0.31636294551322863,0.19328289068790508
2624.0,160.0,203.0,2624.0,733.0,0.0,826.0,1.417409896850586,19.41236114501953,0.788501221762824,0.0,0.0,0.0,0.0,0.0,0.0,0.0,0.0,0.11181778055925999,0.06193463199707397
2624.0,169.0,28.0,18.0,2446.0,0.0,6919.0,4.104582786560059,14.27109432220459,0.9660129852136058,0.0,0.0,0.0,0.0,0.0,0.0,0.0,0.0,0.287192496242618,0.17729105033414755
2624.0,169.0,63.0,6778.0,244.0,0.0,239.0,4.232223033905029,11.719331741333008,0.9672931444657936,0.0,0.0,0.0,0.0,0.0,0.0,0.0,0.0,0.3309309574697316,0.21858102426658632
2624.0,90.0,201.0,3155.0,2790.0,0.0,2.0,2.8522021770477295,6.312227249145508,0.9178866223761663,0.0,0.0,0.0,0.0,0.0,0.0,0.0,0.0,0.3502025672439342,0.2657144574445146
2624.0,123.0,348.0,3155.0,2624.0,1.0,1.0,11.420915603637695,25.057233810424805,0.9999888821715702,0.0,0.0,0.0,0.0,0.0,0.0,0.0,0.0,0.3500315321672857,0.15378661704607982
2624.0,0.0,205.0,920.0,3341.0,0.0,17.0,1.462336540222168,8.272258758544922,0.6903877536234608,0.0,0.0,0.0,0.0,0.0,0.0,0.0,0.0,0.18300247216085988,0.13365362143320533
3754.0,191.0,363.0,382.0,1140.0,0.0,1.0,0.21779251098632812,7.497043132781982,0.48485608348704196,2.0,1.0986122886681098,1.0,0.0,1.0,0.3377486972983249,0.5,1.0,0.10875503223845437,0.1930073244672965
2427.0,38.0,288.0,1148.0,4265.0,0.0,17.0,2.9079829454421997,3.9657676219940186,0.9055305813981773,1.0,0.6931471805599453,0.12750020117764987,0.0,1.0,0.9999999999921568,0.5,1.0,0.38449696910025466,0.7351254453685082
2427.0,115.0,37.0,1148.0,6795.0,0.0,16.0,5.987901210784912,10.31591510772705,0.9908772898471022,1.0,0.6931471805599453,0.9803906099397734,0.0,1.0,0.99999999999898,0.5,1.0,0.42355955058899614,0.6513208568865253
2427.0,4.0,208.0,1148.0,1077.0,1.0,1.0,3.7751415371894836,4.375632286071777,0.7406056229390163,0.0,0.0,0.0,0.0,0.0,0.0,0.0,0.0,0.31424739492590464,0.24341901061415339
2427.0,123.0,330.0,1148.0,5455.0,1.0,1.0,9.08786392211914,15.700007438659668,0.9997570555798532,7.0,2.0794415416798357,0.9803906099397734,0.5320050704715159,0.9986683580435815,0.9805082565601575,0.7653367142575487,1.0,0.43598924630527497,0.728985398375684
2427.0,146.0,300.0,1148.0,244.0,1.0,1.0,0.5016980171203613,4.710402488708496,0.4774174284668494,1.0,0.6931471805599453,0.9803906099397734,0.0,1.0,0.99999999999898,0.5,1.0,0.13223764185990508,0.35630914844809236
2427.0,87.0,83.0,1148.0,6979.0,0.0,4.0,9.206209659576416,16.797290802001953,0.9998750036140133,1.0,0.6931471805599453,0.2871745887492588,0.0,1.0,0.9999999999965179,0.5,1.0,0.42052686141745055,0.6510850923312055
2427.0,8.0,25.0,2290.0,6794.0,0.0,3.0,0.26371336728334427,0.3796325922012329,0.1598985876406872,0.0,0.0,0.0,0.0,0.0,0.0,0.0,0.0,0.08587724308896282,0.07980935198149718
2427.0,191.0,341.0,1148.0,6795.0,1.0,1.0,4.009760856628418,13.078652381896973,0.9815199500279335,2.0,1.0986122886681098,0.09473228540689989,0.0,1.0,0.9999999999946174,0.5,1.0,0.3104140290985017,0.6180011050519312
2427.0,107.0,107.0,1148.0,3341.0,0.0,332.0,2.0503156185150146,4.678333759307861,0.7678195721351961,1.0,0.6931471805599453,0.18574928614211858,0.0,1.0,0.9999999999946164,0.5,1.0,0.27490554946723866,0.6287840325608746
6134.0,160.0,210.0,1077.0,6410.0,0.0,3.0,3.8947181701660156,11.416448593139648,0.9797357437010671,5.0,1.791759469228055,0.3234082913657485,0.45662050201978865,0.0,0.0,0.22831025100989433,0.0,0.3323225552935229,0.2975143618082209
6134.0,61.0,209.0,1077.0,3262.0,0.0,2.0,3.8120594024658203,12.003985404968262,0.9757992320640491,0.0,0.0,0.0,0.0,0.0,0.0,0.0,0.0,0.3184518103831986,0.2096562318013275
4346.0,0.0,183.0,4019.0,5050.0,0.0,19.0,0.287353515625,5.646441459655762,0.40790450657941935,0.0,0.0,0.0,0.0,0.0,0.0,0.0,0.0,0.10474685532836597,0.08438241927490757
4346.0,0.0,157.0,3159.0,1077.0,0.0,55.0,6.977499961853027,13.012548446655273,0.9989299069076472,0.0,0.0,0.0,0.0,0.0,0.0,0.0,0.0,0.41333202414627246,0.262803301137383
4346.0,0.0,263.0,3159.0,1145.0,0.0,13.0,5.116962432861328,13.634400367736816,0.9937644635273263,0.0,0.0,0.0,0.0,0.0,0.0,0.0,0.0,0.3409147800462457,0.21377532081479134
4346.0,224.0,168.0,3159.0,1049.0,1.0,1.0,15.200447082519531,22.620288848876953,0.999999672703571,16.0,2.833213344056216,0.9423178739918808,0.464614851726572,0.7660270974534168,0.6066112181416871,0.6153209745899944,1.0,0.5171301607945316,0.6497897033915543
4346.0,224.0,188.0,3159.0,711.0,0.0,9.0,7.585188865661621,13.735332489013672,0.9993396976848625,21.0,3.091042453358316,0.8534795977333005,0.7086292564239185,0.8726657644286478,0.7648243820283642,0.7906475104262831,1.0,0.4208249625230685,0.7439388327868842
4346.0,224.0,291.0,3159.0,711.0,1.0,1.0,0.5042152404785156,7.226143836975098,0.6155527870252047,40.0,3.713572066704308,0.8705505632961241,0.7926038600350411,0.8407563987226968,0.6824265466598864,0.816680129378869,1.0,0.15055426988465062,0.5224830637618054
4346.0,224.0,308.0,3159.0,1972.0,1.0,1.0,7.906543970108032,11.665131568908691,0.9994210799198724,40.0,3.713572066704308,0.6216979445974911,0.7926038600350411,0.8407563987226967,0.682426546659862,0.8166801293788689,1.0,0.4685744093435903,0.8054559843192712
4346.0,50.0,274.0,3159.0,6785.0,1.0,1.0,3.272383689880371,7.628651142120361,0.9414832056226969,17.0,2.8903717578961645,0.8705505632961241,0.7897472276506154,0.9979575981810073,0.9941826986885156,0.8938524129158114,1.0,0.35439238527330014,0.7912072828492586
4346.0,50.0,149.0,3159.0,711.0,1.0,1.0,9.183560609817505,12.568806648254395,0.999810425547869,7.0,2.0794415416798357,0.646816582731497,0.6689928842841317,0.9485533891280752,0.8630985569418331,0.8087731367061035,1.0,0.4955751442416588,0.8055463865430008
4346.0,50.0,11.0,3159.0,711.0,1.0,1.0,1.2530221939086914,7.926844120025635,0.7647667747995518,0.0,0.0,0.0,0.0,0.0,0.0,0.0,0.0,0.21078390451613607,0.15580368992511578
4346.0,50.0,259.0,3159.0,711.0,1.0,1.0,5.225422382354736,8.511064529418945,0.9873297735059221,15.0,2.772588722239781,0.5743491774985175,0.7504428353019759,0.9965703165938997,0.9902506149003137,0.8735065759479378,1.0,0.42821244010311743,0.8354150347920822
4346.0,85.0,168.0,4346.0,3159.0,0.0,2.0,4.271570920944214,6.788326263427734,0.9592455444274083,0.0,0.0,0.0,0.0,0.0,0.0,0.0,0.0,0.41070303872289327,0.30661787608407526
4346.0,167.0,234.0,3159.0,5046.0,1.0,1.0,10.65152645111084,17.86639976501465,0.9999655389265778,33.0,3.5263605246161616,0.9803906099397734,0.809586605016259,1.0,0.9999999999999146,0.9047933025081295,1.0,0.4495757034014124,0.7867831448867896
4346.0,167.0,79.0,3159.0,711.0,1.0,1.0,10.029077053070068,17.918336868286133,0.9999528684210154,6.0,1.9459101490553132,0.5858370854182298,0.5735323935406094,1.0,0.9999999999995736,0.7867661967703047,1.0,0.4279227543216688,0.7436323969823806
4346.0,167.0,272.0,3159.0,3566.0,1.0,1.0,6.8587141036987305,11.761685371398926,0.9979661938936247,36.0,3.6109179126442243,0.9803906099397734,0.8704206066331323,1.0,0.9999999999998768,0.9352103033165662,1.0,0.4309364766091549,0.8227790654984676
4346.0,167.0,97.0,3159.0,3155.0,1.0,1.0,8.780194282531738,16.803234100341797,0.9996571316985078,8.0,2.1972245773362196,0.9423178739918808,0.7143193699240578,1.0,0.9999999999996968,0.8571596849620289,1.0,0.40632860616641103,0.7392604150405102
4346.0,131.0,230.0,3159.0,2617.0,1.0,1.0,4.17026948928833,8.803213119506836,0.9766079251330757,0.0,0.0,0.0,0.0,0.0,0.0,0.0,0.0,0.38253760574731166,0.27282249900233513
4346.0,229.0,244.0,3159.0,4346.0,1.0,1.0,8.592724800109863,17.34217071533203,0.9996625577788344,0.0,0.0,0.0,0.0,0.0,0.0,0.0,0.0,0.39090398055453657,0.21910110746987727
5678.0,63.0,19.0,5678.0,1176.0,0.0,63.0,1.6852045059204102,5.696958065032959,0.7023606275297424,0.0,0.0,0.0,0.0,0.0,0.0,0.0,0.0,0.22257702983459382,0.17200784289897833
5678.0,86.0,144.0,4415.0,6635.0,0.0,1.0,4.029603958129883,12.3524169921875,0.9725507700661047,3.0,1.3862943611198906,1.0,0.0,1.0,0.13722928646177993,0.5,1.0,0.3176621737786473,0.36926127061054737
5678.0,160.0,97.0,4415.0,6635.0,0.0,2.0,0.7216348648071289,12.51195240020752,0.6727260598564224,0.0,0.0,0.0,0.0,0.0,0.0,0.0,0.0,0.1250145238670841,0.08360217551830931
5678.0,60.0,152.0,6635.0,4415.0,0.0,3.0,3.690319061279297,9.318009376525879,0.9689882515473166,0.0,0.0,0.0,0.0,0.0,0.0,0.0,0.0,0.35450142740604984,0.25003981498386574
5678.0,61.0,1.0,6635.0,1176.0,0.0,7.0,5.099224090576172,16.58850860595703,0.9939118326494916,0.0,0.0,0.0,0.0,0.0,0.0,0.0,0.0,0.29418766429532495,0.16985488691240747
5678.0,61.0,33.0,1176.0,6635.0,1.0,1.0,1.4523725509643555,17.28434181213379,0.8062987672351702,2.0,1.0986122886681098,0.8042490800314893,0.4555581312873649,1.0,0.999999999999323,0.7277790656436824,1.0,0.13346850704617605,0.3835592086524702
5678.0,170.0,32.0,6635.0,5678.0,1.0,1.0,3.435256004333496,10.798711776733398,0.9403464699795823,6.0,1.9459101490553132,0.9238395952400507,0.47553645355321106,0.8632301467468246,0.662179860269069,0.6693833001500178,1.0,0.3078887631393385,0.591966210086514
5678.0,170.0,152.0,6635.0,4415.0,0.0,2.0,4.067507266998291,9.81169319152832,0.9820429573374906,14.0,2.70805020110221,0.14938869249630476,0.8004637560303787,0.3886633065192021,0.2294562363094588,0.5945635312747903,1.0,0.36526155474351396,0.6802528707069067
5678.0,146.0,26.0,5678.0,6635.0,0.0,2.0,1.3436479568481445,5.938575267791748,0.7311470449478746,0.0,0.0,0.0,0.0,0.0,0.0,0.0,0.0,0.22356354343030835,0.1727913830396276
5678.0,111.0,146.0,4415.0,6635.0,1.0,1.0,3.017595112323761,3.50592303276062,0.811207318206341,0.0,0.0,0.0,0.0,0.0,0.0,0.0,0.0,0.3430633444069899,0.27448542147957944
5678.0,18.0,14.0,4415.0,1176.0,0.0,2.0,3.046377182006836,14.05284595489502,0.9484593655836594,0.0,0.0,0.0,0.0,0.0,0.0,0.0,0.0,0.25376629039375126,0.15878957720290485
1743.0,53.0,71.0,956.0,2290.0,1.0,1.0,11.2606782913208,9.669483184814453,0.9999795507544031,1.0,0.6931471805599453,0.9423178739918808,0.0,1.0,0.9999999999989388,0.5,1.0,0.6161969373059473,0.7836482876514652
5497.0,160.0,117.0,1375.0,1550.0,0.0,1713.0,2.5925140380859375,5.202276706695557,0.8056189128809208,0.0,0.0,0.0,0.0,0.0,0.0,0.0,0.0,0.3008149712022349,0.2327870029657754
5497.0,160.0,170.0,3967.0,4396.0,0.0,1189.0,4.866309285163879,6.235668182373047,0.9701776672361468,1.0,0.6931471805599453,1.0,0.0,0.0,0.0,0.0,0.0,0.44662951558645175,0.27111934810203075
5497.0,160.0,238.0,1140.0,5319.0,0.0,57.0,2.755876302719116,6.538005828857422,0.8914419879267592,0.0,0.0,0.0,0.0,0.0,0.0,0.0,0.0,0.3293252667179786,0.24817277984228964
5497.0,160.0,300.0,581.0,5246.0,0.0,192.0,0.8317179679870605,8.119682312011719,0.6094031259215331,1.0,0.6931471805599453,1.0,0.0,1.0,0.009901778952998064,0.5,1.0,0.14610417359460368,0.1884681963752713
5497.0,202.0,238.0,5215.0,6568.0,0.0,162.0,4.220171928405762,7.086141586303711,0.9591047355371813,1.0,0.6931471805599453,1.0,0.0,1.0,0.6866971992927704,0.5,1.0,0.4037391673340374,0.5962604368319203
5497.0,38.0,225.0,3341.0,3211.0,0.0,5059.0,3.299099087715149,5.171679496765137,0.885169369446702,0.0,0.0,0.0,0.0,0.0,0.0,0.0,0.0,0.3649389671285247,0.28220898639022113
5497.0,150.0,357.0,2790.0,244.0,0.0,45.0,2.1617040634155273,8.890625953674316,0.8933741474200967,0.0,0.0,0.0,0.0,0.0,0.0,0.0,0.0,0.2774316641729388,0.19893738486426826
5497.0,53.0,263.0,4702.0,956.0,1.0,1.0,1.2580523490905762,8.222500801086426,0.777648420846983,1.0,0.6931471805599453,0.2706097479346942,0.0,0.0,0.0,0.0,0.0,0.21250493741794993,0.1498301137995699
3566.0,173.0,167.0,3155.0,3566.0,0.0,7.0,0.1565413475036621,6.209986209869385,0.29113481808917613,0.0,0.0,0.0,0.0,0.0,0.0,0.0,0.0,0.0768872989756192,0.061979258090939716
3566.0,142.0,200.0,6785.0,6635.0,0.0,11.0,1.225271224975586,8.34358024597168,0.5014859698492896,0.0,0.0,0.0,0.0,0.0,0.0,0.0,0.0,0.1204129768601301,0.08870125532209591
3566.0,142.0,341.0,3159.0,3566.0,0.0,5126.0,0.6420068740844727,10.548583984375,0.6463244972471262,0.0,0.0,0.0,0.0,0.0,0.0,0.0,0.0,0.1326166785114567,0.09322738014249597
3566.0,161.0,316.0,3155.0,5736.0,0.0,4.0,1.3324012756347656,8.07178020477295,0.6275776962286607,0.0,0.0,0.0,0.0,0.0,0.0,0.0,0.0,0.16103657712321925,0.11855399061635648
3566.0,53.0,191.0,6823.0,5046.0,0.0,5.0,5.421651840209961,12.61793041229248,0.9921838333068713,3.0,1.3862943611198906,0.15237670677555948,0.0,0.0,0.0,0.0,0.0,0.36627154644546556,0.2443793066441755
3566.0,180.0,173.0,3566.0,2278.0,0.0,6.0,3.1259918212890625,12.526145935058594,0.9132115851619879,0.0,0.0,0.0,0.0,0.0,0.0,0.0,0.0,0.2607131453604166,0.16903243230219211
3566.0,223.0,251.0,711.0,2278.0,0.0,397.0,2.3223860263824463,3.7760207653045654,0.6532064281286053,0.0,0.0,0.0,0.0,0.0,0.0,0.0,0.0,0.24159858701942083,0.19299439869585233
3566.0,123.0,267.0,3155.0,3159.0,0.0,287.0,3.0882720947265625,13.01945686340332,0.9374621654913667,0.0,0.0,0.0,0.0,0.0,0.0,0.0,0.0,0.2641235150619357,0.16955506612951396
3566.0,98.0,344.0,3155.0,6017.0,0.0,38.0,1.3769664764404297,11.209802627563477,0.6300597081740359,5.0,1.791759469228055,0.7578582832551991,0.6271594455657361,0.7312021248434626,0.3664195177623106,0.6791807852045993,1.0,0.13403859004620458,0.330694262336593
3566.0,169.0,361.0,2460.0,1077.0,0.0,4.0,1.127617359161377,7.69888973236084,0.5988785797735803,0.0,0.0,0.0,0.0,0.0,0.0,0.0,0.0,0.15182232345133734,0.11329224392981432
3566.0,207.0,361.0,3155.0,3159.0,0.0,2.0,6.546041011810303,13.596882820129395,0.9977440098769959,3.0,1.3862943611198906,0.016913109245918396,0.34889918322177127,0.0,0.0,0.17444959161088563,0.0,0.38848075034726026,0.32083060780372635
1748.0,156.0,23.0,4356.0,4605.0,0.0,19.0,0.08064556121826172,-3.559539318084717,0.03324907804605972,0.0,0.0,0.0,0.0,0.0,0.0,0.0,0.0,0.08242954357389069,0.08512424835655698
6119.0,162.0,35.0,3473.0,2460.0,1.0,1.0,4.43995213508606,5.198775768280029,0.9413717250381283,0.0,0.0,0.0,0.0,0.0,0.0,0.0,0.0,0.43381945749989304,0.33486013839700607
3014.0,61.0,10.0,6636.0,2560.0,0.0,669.0,0.3543189764022827,0.9190399050712585,0.11187830888879585,0.0,0.0,0.0,0.0,0.0,0.0,0.0,0.0,0.07533016077830745,0.06941386483429864
4519.0,38.0,204.0,7117.0,5445.0,0.0,7051.0,1.179893970489502,-7.897246837615967,0.05207975939146783,0.0,0.0,0.0,0.0,0.0,0.0,0.0,0.0,0.12990984809667244,0.14199419093479926
4361.0,224.0,220.0,4172.0,4393.0,0.0,2.0,2.2095890045166016,7.369557857513428,0.8254364235039223,0.0,0.0,0.0,0.0,0.0,0.0,0.0,0.0,0.26808816668190544,0.1984119722304771
4361.0,224.0,311.0,5421.0,5395.0,0.0,9.0,1.7438085079193115,5.598371982574463,0.64531687700229,0.0,0.0,0.0,0.0,0.0,0.0,0.0,0.0,0.2021191038676453,0.1564246360889681
651.0,53.0,119.0,3997.0,1825.0,1.0,1.0,1.3111004829406738,9.290875434875488,0.7873667737177518,0.0,0.0,0.0,0.0,0.0,0.0,0.0,0.0,0.2047853822563146,0.14642981689936319
651.0,127.0,17.0,6310.0,7047.0,0.0,39.0,0.531131386756897,-0.6113892793655396,0.12443945091308281,0.0,0.0,0.0,0.0,0.0,0.0,0.0,0.0,0.08765690718666465,0.08303689070979682
651.0,155.0,21.0,2290.0,1140.0,1.0,1.0,6.619902104139328,6.392665386199951,0.996632259415108,0.0,0.0,0.0,0.0,0.0,0.0,0.0,0.0,0.5187828789320792,0.39141530807697855
651.0,160.0,85.0,6017.0,4594.0,0.0,1448.0,4.623304128646851,6.194014549255371,0.9881010243466843,0.0,0.0,0.0,0.0,0.0,0.0,0.0,0.0,0.44993102216078085,0.3416553369528693
4393.0,222.0,338.0,4393.0,4361.0,0.0,24.0,2.1310625076293945,9.981291770935059,0.8725509094559717,0.0,0.0,0.0,0.0,0.0,0.0,0.0,0.0,0.251521103808938,0.1753971410916096
4393.0,55.0,292.0,2790.0,1389.0,0.0,21.0,2.4163527488708496,6.542600154876709,0.8239160740250088,3.0,1.3862943611198906,0.6864101813026526,0.38092021974816315,1.0,0.999999999999445,0.6904601098740816,1.0,0.28492043361619307,0.6680975830505644
4393.0,38.0,27.0,4393.0,453.0,0.0,6218.0,0.5176486968994141,10.466692924499512,0.6169132479851803,0.0,0.0,0.0,0.0,0.0,0.0,0.0,0.0,0.12349177207186812,0.08730137256560773
4393.0,38.0,191.0,453.0,4269.0,0.0,303.0,2.536468505859375,7.284053802490234,0.8588160551911093,1.0,0.6931471805599453,1.0,0.0,1.0,0.3598935281927752,0.5,1.0,0.2945205781422674,0.41966406893305275
4393.0,169.0,291.0,1077.0,4304.0,0.0,2716.0,1.6650819778442383,12.635209083557129,0.8401535871829795,0.0,0.0,0.0,0.0,0.0,0.0,0.0,0.0,0.1940796770780673,0.1272674690293008
1755.0,53.0,59.0,537.0,6291.0,1.0,1.0,0.7419991493225098,8.040244102478027,0.5280074073838167,0.0,0.0,0.0,0.0,0.0,0.0,0.0,0.0,0.12260410756956124,0.09176410966187844
1755.0,156.0,153.0,4805.0,2419.0,0.0,757.0,1.5631279945373535,9.401633262634277,0.7905655560471805,0.0,0.0,0.0,0.0,0.0,0.0,0.0,0.0,0.21033853226775318,0.14941602364827203
1755.0,158.0,348.0,1115.0,359.0,0.0,4884.0,0.2017505168914795,3.941641330718994,0.29937303134746307,0.0,0.0,0.0,0.0,0.0,0.0,0.0,0.0,0.09151905470135425,0.07753536980526995
1755.0,160.0,107.0,2277.0,818.0,0.0,70.0,1.6705141067504883,11.74771499633789,0.838530119570739,0.0,0.0,0.0,0.0,0.0,0.0,0.0,0.0,0.20381127719150705,0.13663970329485117
1755.0,115.0,350.0,6291.0,2278.0,0.0,98.0,0.5555603504180908,3.3129096031188965,0.2708331381469058,0.0,0.0,0.0,0.0,0.0,0.0,0.0,0.0,0.09358370757024251,0.07996094107957163
6644.0,142.0,19.0,2278.0,6979.0,0.0,2.0,0.547217845916748,6.025139331817627,0.5971803038755767,0.0,0.0,0.0,0.0,0.0,0.0,0.0,0.0,0.15686156307013227,0.12309327839244842
6644.0,142.0,20.0,7038.0,235.0,0.0,749.0,0.7544188499450684,7.661997318267822,0.5736055033054009,0.0,0.0,0.0,0.0,0.0,0.0,0.0,0.0,0.13834999382869773,0.1042043069102594
2437.0,102.0,132.0,1160.0,4362.0,0.0,4652.0,1.7722396850585938,3.2726542949676514,0.47202795717508617,0.0,0.0,0.0,0.0,0.0,0.0,0.0,0.0,0.16542051086063908,0.1356024785601718
2385.0,169.0,47.0,2385.0,545.0,0.0,97.0,5.945953011512756,7.198914051055908,0.9905247677526597,0.0,0.0,0.0,0.0,0.0,0.0,0.0,0.0,0.47775524826541427,0.35326849341953337
2385.0,53.0,91.0,1943.0,5036.0,1.0,1.0,3.1976237297058105,6.073799133300781,0.9208654089639832,0.0,0.0,0.0,0.0,0.0,0.0,0.0,0.0,0.3665587030505097,0.27891776072133023
2385.0,123.0,29.0,1181.0,4805.0,0.0,2949.0,1.1108977943658829,1.3594980239868164,0.3583401677079011,0.0,0.0,0.0,0.0,0.0,0.0,0.0,0.0,0.13666331246699975,0.11942328180724501
4304.0,142.0,342.0,329.0,2666.0,0.0,2.0,2.8850650787353516,10.396232604980469,0.9149056509000374,0.0,0.0,0.0,0.0,0.0,0.0,0.0,0.0,0.28565979367626637,0.19613423664393964
4304.0,142.0,336.0,3155.0,1148.0,1.0,1.0,1.2437052726745605,7.67751407623291,0.517082342973701,1.0,0.6931471805599453,0.8705505632961241,0.0,0.0,0.0,0.0,0.0,0.13008231885243807,0.07616658078465735
4304.0,142.0,49.0,711.0,920.0,1.0,1.0,16.592346668243408,22.6513614654541,0.9999998928413588,1.0,0.6931471805599453,0.8705505632961241,0.0,1.0,0.03958771040389202,0.5,1.0,0.5632798881545699,0.44995678877512774
4304.0,142.0,140.0,3155.0,2906.0,0.0,9.0,3.2998533248901367,12.798391342163086,0.9457038364630965,0.0,0.0,0.0,0.0,0.0,0.0,0.0,0.0,0.2768429360846466,0.17854528452768217
4304.0,142.0,335.0,2906.0,3155.0,0.0,2.0,0.5829477310180664,14.32314395904541,0.6084690611899113,0.0,0.0,0.0,0.0,0.0,0.0,0.0,0.0,0.0953076504831905,0.06132270304340034
4304.0,142.0,331.0,711.0,7109.0,0.0,2.0,0.16643524169921875,7.623274803161621,0.4746377353679924,3.0,1.3862943611198906,0.02276335699209365,0.2396534935003135,0.0,0.0,0.11982674675015675,0.0,0.10487205147396601,0.1051196811527281
4304.0,115.0,51.0,5395.0,929.0,0.0,2.0,1.9884295463562012,7.043347358703613,0.711768229750812,0.0,0.0,0.0,0.0,0.0,0.0,0.0,0.0,0.21678162322760935,0.1615858381081035
4304.0,127.0,12.0,6017.0,2461.0,0.0,5.0,6.185346722602844,7.428023815155029,0.9957737106922195,0.0,0.0,0.0,0.0,0.0,0.0,0.0,0.0,0.4848519678974616,0.35685379143204876
4304.0,123.0,291.0,3922.0,4723.0,0.0,118.0,0.42914485931396484,8.685262680053711,0.5381024222043814,0.0,0.0,0.0,0.0,0.0,0.0,0.0,0.0,0.11581538907865029,0.08590403691959406
4304.0,53.0,326.0,329.0,4723.0,0.0,4.0,0.8908958435058594,17.885618209838867,0.7090155639646378,0.0,0.0,0.0,0.0,0.0,0.0,0.0,0.0,0.09757299246269703,0.05687666290874642
4304.0,98.0,255.0,2581.0,3155.0,0.0,2.0,0.4996500015258789,10.434551239013672,0.49797490620758533,0.0,0.0,0.0,0.0,0.0,0.0,0.0,0.0,0.09565443473078217,0.06814338750177178
4304.0,38.0,315.0,5395.0,1813.0,0.0,3.0,1.0868730545043945,6.268039703369141,0.5363646368180232,0.0,0.0,0.0,0.0,0.0,0.0,0.0,0.0,0.1451781810308069,0.11237647258934493
4304.0,38.0,38.0,1813.0,4274.0,0.0,583.0,1.8231983184814453,9.296761512756348,0.7493859919595901,2.0,1.0986122886681098,0.8042490800314893,0.46047423385563957,0.0,0.0,0.23023711692781978,0.0,0.2011122167912357,0.1645204107401526
4304.0,103.0,292.0,3155.0,711.0,0.0,7.0,2.9313411712646484,12.98625659942627,0.9308430386436843,2.0,1.0986122886681098,0.5,0.0,1.0,0.8823746517351201,0.5,1.0,0.2574225433933343,0.5019231822392124
4304.0,160.0,236.0,3159.0,1523.0,0.0,106.0,0.04509687423706055,4.474284648895264,0.3266322548340803,0.0,0.0,0.0,0.0,0.0,0.0,0.0,0.0,0.09201428654811199,0.07710813333499109
3440.0,103.0,30.0,6830.0,4787.0,0.0,531.0,0.343766450881958,-3.575350522994995,0.013609141407047349,0.0,0.0,0.0,0.0,0.0,0.0,0.0,0.0,0.08163096331285312,0.08397993214391335
5942.0,160.0,229.0,1503.0,5474.0,0.0,1.0,8.549084067344666,8.364596366882324,0.9995523168042214,1.0,0.6931471805599453,1.0,0.0,1.0,0.7738356036746326,0.5,1.0,0.5499003425105999,0.7110047080535964
1928.0,56.0,105.0,1928.0,13.0,0.0,3.0,0.7633962631225586,12.280223846435547,0.6321078819342656,0.0,0.0,0.0,0.0,0.0,0.0,0.0,0.0,0.11699212059748262,0.07872389466813454
1928.0,56.0,356.0,4019.0,1928.0,0.0,4.0,0.6082878112792969,8.182278633117676,0.5727387457838248,0.0,0.0,0.0,0.0,0.0,0.0,0.0,0.0,0.13140706136856733,0.09807441453770949
1928.0,6.0,193.0,1145.0,1353.0,1.0,1.0,1.6592717170715332,6.818763732910156,0.7780253655561509,1.0,0.6931471805599453,0.19325416715837251,0.0,1.0,0.049470097634670515,0.5,1.0,0.23992105299491856,0.36948873662470216
1928.0,53.0,100.0,2683.0,4261.0,0.0,4.0,4.32598352432251,11.370728492736816,0.9715899778475974,0.0,0.0,0.0,0.0,0.0,0.0,0.0,0.0,0.3417040294587243,0.2277986007880587
1928.0,146.0,253.0,1145.0,2545.0,0.0,58.0,0.6591832637786865,3.49505877494812,0.4433558146679985,5.0,1.791759469228055,0.08085207284143715,0.5235482155979736,0.0,0.0,0.2617741077989868,0.0,0.1353907853236473,0.17947665644955219
1928.0,156.0,86.0,1145.0,657.0,0.0,4.0,10.705641746520996,17.146615982055664,0.9999654918989642,4.0,1.6094379124341003,0.9423178739918808,0.3482611749919884,0.6517388250080116,0.4580650360588139,0.5,1.0,0.4643210437059964,0.5785513348680507
1928.0,156.0,110.0,4019.0,1145.0,0.0,2.0,3.1112523078918457,9.26043701171875,0.9095158169279577,4.0,1.6094379124341003,0.9238395952400507,0.5974585812363873,0.0,0.0,0.29872929061819364,0.0,0.306456882464148,0.2665254683685908
1928.0,180.0,108.0,1145.0,1971.0,0.0,6.0,0.5211038589477539,8.967398643493652,0.47496425447770163,0.0,0.0,0.0,0.0,0.0,0.0,0.0,0.0,0.10039912243140771,0.0741241941789557
1928.0,169.0,353.0,1145.0,4185.0,1.0,1.0,1.8516440391540527,5.526267051696777,0.7931290424587782,1.0,0.6931471805599453,0.013602352551501933,0.0,1.0,0.06920392275880671,0.5,1.0,0.2695046251112368,0.4322352589592612
1928.0,160.0,107.0,1971.0,1928.0,0.0,114.0,0.14943170547485352,5.255924701690674,0.46673113317627,0.0,0.0,0.0,0.0,0.0,0.0,0.0,0.0,0.11981455353530436,0.0972395804716706
1928.0,115.0,134.0,4185.0,13.0,0.0,17.0,2.4873461723327637,7.955726146697998,0.7891768080057296,0.0,0.0,0.0,0.0,0.0,0.0,0.0,0.0,0.2503777975121973,0.1817156272370343
1456.0,38.0,23.0,1183.0,4293.0,1.0,1.0,3.9870834350585938,7.061232089996338,0.9758493609022486,3.0,1.3862943611198906,0.9611657480580811,0.6329879743983655,1.0,0.9999999999996181,0.8164939871991828,1.0,0.406302495894102,0.7810453048001422
1456.0,61.0,206.0,1183.0,4293.0,1.0,1.0,2.2064976692199707,6.570146560668945,0.851160471537625,4.0,1.6094379124341003,0.9803906099397734,0.19782263585731164,0.8021773641426884,0.526661342502701,0.5,1.0,0.29216276530469487,0.5085342411099787
6239.0,38.0,148.0,6623.0,3380.0,0.0,1139.0,2.364938259124756,6.557856559753418,0.8363753380063764,1.0,0.6931471805599453,1.0,0.0,0.0,0.0,0.0,0.0,0.28941682629668947,0.169165154463908
6239.0,38.0,158.0,5682.0,6239.0,0.0,3.0,1.6965174674987793,7.911922931671143,0.8119161932719351,0.0,0.0,0.0,0.0,0.0,0.0,0.0,0.0,0.2413018562342327,0.1774279931789907
3555.0,61.0,184.0,4064.0,6159.0,0.0,4244.0,0.10949850082397461,-2.4756312370300293,0.007290340170454695,0.0,0.0,0.0,0.0,0.0,0.0,0.0,0.0,0.072634639441607,0.07349583938807698
81.0,53.0,177.0,4393.0,537.0,0.0,3311.0,0.027661561965942383,-2.484121084213257,0.07445413148269689,0.0,0.0,0.0,0.0,0.0,0.0,0.0,0.0,0.08351503994722258,0.08394792353841335
2336.0,207.0,177.0,2243.0,5063.0,0.0,2.0,0.3859286308288574,8.033366203308105,0.5674001011198742,0.0,0.0,0.0,0.0,0.0,0.0,0.0,0.0,0.12778119269324842,0.0961708038133392
2336.0,98.0,118.0,2290.0,1077.0,0.0,5780.0,0.42290472984313965,2.4415042400360107,0.25753578422345863,0.0,0.0,0.0,0.0,0.0,0.0,0.0,0.0,0.09470178524026969,0.08287965039760185
5511.0,208.0,253.0,5558.0,2460.0,0.0,34.0,1.9916492104530334,2.499161720275879,0.6163518934872356,0.0,0.0,0.0,0.0,0.0,0.0,0.0,0.0,0.23415178747799215,0.19348919042043455
5381.0,160.0,290.0,883.0,2246.0,0.0,5747.0,0.03365349769592285,-3.401702404022217,0.1758880291927967,0.0,0.0,0.0,0.0,0.0,0.0,0.0,0.0,0.11067490454386625,0.11190590129079966
5381.0,127.0,310.0,6562.0,1115.0,0.0,6595.0,4.186684489250183,5.831024169921875,0.975150210118309,1.0,0.6931471805599453,1.0,0.0,1.0,0.17637406352430168,0.5,1.0,0.4341577665663917,0.5236215295296874
6296.0,6.0,66.0,1377.0,6296.0,0.0,3.0,1.2404870986938477,6.885313987731934,0.6662855604226933,0.0,0.0,0.0,0.0,0.0,0.0,0.0,0.0,0.18485468763832882,0.14006803778455706
6296.0,53.0,239.0,1523.0,2814.0,1.0,1.0,5.22934365272522,6.505298614501953,0.9867751434103277,0.0,0.0,0.0,0.0,0.0,0.0,0.0,0.0,0.4638772256750057,0.3489400013062889
6296.0,159.0,260.0,3685.0,1553.0,0.0,13.0,1.350663185119629,5.4792680740356445,0.760238942847525,0.0,0.0,0.0,0.0,0.0,0.0,0.0,0.0,0.2421883726916946,0.18918823929350195
2666.0,61.0,351.0,6979.0,3007.0,0.0,835.0,0.4844592809677124,1.1605595350265503,0.24511765231637356,0.0,0.0,0.0,0.0,0.0,0.0,0.0,0.0,0.10097884803175039,0.09089239644079045
3746.0,38.0,9.0,986.0,2545.0,0.0,2253.0,1.008690893650055,-0.7399154305458069,0.3623587238413216,0.0,0.0,0.0,0.0,0.0,0.0,0.0,0.0,0.15506321346916482,0.14199714818550074
3746.0,53.0,66.0,1077.0,779.0,1.0,1.0,6.375308036804199,7.1472344398498535,0.9977612410851701,3.0,1.3862943611198906,0.9803906099397734,0.29906024251722985,1.0,0.9999999999996354,0.6495301212586149,1.0,0.4975474156510878,0.7833198399168886
5682.0,170.0,21.0,5496.0,1220.0,1.0,1.0,9.887837886810303,16.40520668029785,0.9999412274973429,4.0,1.6094379124341003,0.9611657480580811,0.46530047383906403,1.0,0.9999999999997136,0.732650236919532,1.0,0.4501884833678814,0.7195870780323039
5682.0,170.0,63.0,5496.0,711.0,1.0,1.0,6.760041236877441,10.199714660644531,0.9982496177460909,30.0,3.4339872044851463,0.9057236642639067,0.7825675099915339,0.9613332937070097,0.8991865410546356,0.8719504018492719,1.0,0.4557145142325049,0.8204046064063368
5682.0,170.0,75.0,5496.0,1220.0,1.0,1.0,7.798102378845215,16.33038330078125,0.9993737037204612,31.0,3.4657359027997265,0.8705505632961241,0.7949469608902292,0.9635347705513844,0.904652687416226,0.8792408657208068,1.0,0.3826316127852411,0.7459215076598325
5682.0,170.0,33.0,5496.0,1220.0,1.0,1.0,10.979262590408325,14.784584999084473,0.999968905818726,14.0,2.70805020110221,0.9803906099397734,0.5618342849928487,0.8893686891435553,0.7362966231231597,0.7256014870682019,1.0,0.5162559390911896,0.7527888808370753
5682.0,170.0,127.0,5496.0,711.0,1.0,1.0,9.652117252349854,16.575366973876953,0.9998956121356453,35.0,3.58351893845611,0.9238395952400507,0.866242876685866,0.9117405921777466,0.8218029461415577,0.8889917344318063,1.0,0.43924968372122775,0.7717115643323841
5682.0,160.0,19.0,2277.0,5496.0,0.0,2042.0,1.5647759437561035,8.78289794921875,0.7641098241591057,0.0,0.0,0.0,0.0,0.0,0.0,0.0,0.0,0.2072444391619895,0.14934222893702406
5682.0,86.0,46.0,5496.0,1077.0,0.0,6.0,16.786357402801514,21.369020462036133,0.9999997632142391,11.0,2.4849066497880004,0.9057236642639067,0.5855712450341585,0.9999999999999999,0.8342373003841084,0.7927856225170792,1.0,0.5923168924786207,0.7767995371799791
5682.0,169.0,25.0,3155.0,537.0,0.0,5.0,4.401308536529541,12.36959171295166,0.9753678575048088,0.0,0.0,0.0,0.0,0.0,0.0,0.0,0.0,0.32987795080217913,0.21420748503220652
5682.0,202.0,24.0,5496.0,5682.0,1.0,1.0,1.8914105892181396,4.543426513671875,0.8308403612348678,0.0,0.0,0.0,0.0,0.0,0.0,0.0,0.0,0.3037004909140257,0.2409246180518527
5682.0,83.0,122.0,501.0,1928.0,0.0,164.0,0.33510303497314453,2.723858118057251,0.26674613328812313,0.0,0.0,0.0,0.0,0.0,0.0,0.0,0.0,0.09383777503504058,0.08170417347277474
2176.0,53.0,322.0,2175.0,3322.0,1.0,1.0,11.3458571434021,7.574356555938721,0.999859862948118,0.0,0.0,0.0,0.0,0.0,0.0,0.0,0.0,0.6539268689585838,0.48998253946475284
4740.0,160.0,342.0,4783.0,2694.0,0.0,10.0,0.5876970291137695,11.596632957458496,0.6325025397749633,0.0,0.0,0.0,0.0,0.0,0.0,0.0,0.0,0.11977723123950128,0.08223679971424844
4740.0,98.0,204.0,2694.0,1161.0,0.0,2.0,0.7495598793029785,7.373483657836914,0.6050488257319161,0.0,0.0,0.0,0.0,0.0,0.0,0.0,0.0,0.1501957274757353,0.11375246538583667
4740.0,156.0,334.0,5800.0,776.0,0.0,131.0,0.1444869041442871,7.57303524017334,0.38967005727838827,0.0,0.0,0.0,0.0,0.0,0.0,0.0,0.0,0.08720160682419878,0.0675260645255884
4740.0,8.0,342.0,2442.0,2694.0,1.0,1.0,0.7782120704650879,3.94895339012146,0.26622316774828214,0.0,0.0,0.0,0.0,0.0,0.0,0.0,0.0,0.09131400898908773,0.07653938855094373
4740.0,56.0,113.0,3484.0,4233.0,0.0,162.0,0.4276614189147949,6.211286544799805,0.4481652327239401,0.0,0.0,0.0,0.0,0.0,0.0,0.0,0.0,0.11200010463616508,0.08850971165987832
4740.0,56.0,362.0,1161.0,776.0,1.0,1.0,3.077469825744629,12.388182640075684,0.9540213461742516,0.0,0.0,0.0,0.0,0.0,0.0,0.0,0.0,0.28079875357549455,0.18362593560326285
1604.0,133.0,306.0,6823.0,4702.0,0.0,5244.0,0.29399752616882324,2.312917470932007,0.3429962564351387,0.0,0.0,0.0,0.0,0.0,0.0,0.0,0.0,0.11307322873146468,0.09871306117700118
1604.0,103.0,295.0,3159.0,5046.0,1.0,1.0,7.878832578659058,9.854572296142578,0.9989506891851653,0.0,0.0,0.0,0.0,0.0,0.0,0.0,0.0,0.5000826076617373,0.34696514293267794
1604.0,160.0,283.0,5046.0,2083.0,0.0,672.0,0.882012128829956,3.204801559448242,0.3950721716930964,0.0,0.0,0.0,0.0,0.0,0.0,0.0,0.0,0.12793793579780377,0.10756935923060942
1604.0,53.0,319.0,2617.0,2154.0,0.0,5710.0,4.05971884727478,6.157434463500977,0.9775691140320555,1.0,0.6931471805599453,0.2987773849926094,0.0,1.0,0.9999999999966531,0.5,1.0,0.425587875765267,0.7379304907549737
1604.0,53.0,342.0,3159.0,2273.0,1.0,1.0,9.032878637313843,11.100730895996094,0.9996472251339193,0.0,0.0,0.0,0.0,0.0,0.0,0.0,0.0,0.5169481550205403,0.34835376236245263
2143.0,61.0,40.0,4606.0,4415.0,1.0,1.0,2.888762950897217,9.207173347473145,0.9179947896860208,0.0,0.0,0.0,0.0,0.0,0.0,0.0,0.0,0.30522684160227387,0.2159519530555347
3706.0,121.0,253.0,6979.0,5455.0,0.0,3.0,0.2433934211730957,1.2158305644989014,0.09623705073566717,0.0,0.0,0.0,0.0,0.0,0.0,0.0,0.0,0.07032361346391093,0.06467599769008382
3706.0,38.0,197.0,1148.0,2547.0,0.0,24.0,0.07199716567993164,6.395656585693359,0.4935749828588874,3.0,1.3862943611198906,0.7429971445684742,0.31029252415155895,1.0,0.9999999999990716,0.6551462620757795,1.0,0.11686205118894578,0.40945168186667247
3706.0,72.0,362.0,6795.0,1148.0,0.0,13.0,0.40446603298187256,2.1783082485198975,0.20396570818270496,0.0,0.0,0.0,0.0,0.0,0.0,0.0,0.0,0.08548512806177597,0.07571148053840646
3706.0,160.0,177.0,3706.0,2999.0,0.0,13.0,0.8230295181274414,6.791317939758301,0.6741170476076368,0.0,0.0,0.0,0.0,0.0,0.0,0.0,0.0,0.18026379772317574,0.13790938143586925
3706.0,6.0,280.0,1148.0,1436.0,1.0,1.0,7.650599956512451,15.131363868713379,0.9995179441192477,4.0,1.6094379124341003,0.18210685593674916,0.4272348718110428,0.9506491870190471,0.4515009352069184,0.688942029415045,1.0,0.39862852152511064,0.6420300972201306
3706.0,53.0,247.0,362.0,6890.0,0.0,3.0,0.10966920852661133,6.949267387390137,0.35942055926981104,0.0,0.0,0.0,0.0,0.0,0.0,0.0,0.0,0.0846540269831009,0.0667361645982039
3706.0,156.0,173.0,1436.0,1148.0,0.0,2.0,4.055113315582275,8.501823425292969,0.9518633590901119,1.0,0.6931471805599453,0.06765243698367357,0.0,0.0,0.0,0.0,0.0,0.37001213786661374,0.27026273184973293
3706.0,91.0,341.0,5455.0,1148.0,0.0,3.0,1.2164726257324219,9.972216606140137,0.7239444114218024,0.0,0.0,0.0,0.0,0.0,0.0,0.0,0.0,0.1719896343401498,0.12110026712846883
2648.0,53.0,342.0,1077.0,45.0,0.0,4.0,1.2078065872192383,10.966813087463379,0.7371727355378749,0.0,0.0,0.0,0.0,0.0,0.0,0.0,0.0,0.16618720151153,0.11423512704336408
2648.0,127.0,137.0,146.0,2648.0,0.0,8.0,4.2193603515625,8.617466926574707,0.9483064430172797,0.0,0.0,0.0,0.0,0.0,0.0,0.0,0.0,0.3712398912060425,0.26474107729245
2648.0,155.0,317.0,3341.0,711.0,0.0,4.0,6.780355930328369,12.70805549621582,0.9975399689321679,0.0,0.0,0.0,0.0,0.0,0.0,0.0,0.0,0.4114034365994755,0.26374240104067975
2648.0,56.0,343.0,45.0,5385.0,0.0,162.0,1.776785135269165,5.053763389587402,0.6060358495567988,0.0,0.0,0.0,0.0,0.0,0.0,0.0,0.0,0.1940561428652198,0.15206851983782443
2648.0,169.0,300.0,1077.0,7038.0,1.0,1.0,0.29130983352661133,7.6756391525268555,0.34833011433372785,0.0,0.0,0.0,0.0,0.0,0.0,0.0,0.0,0.08050673840638374,0.06220326616396247
4087.0,160.0,66.0,4478.0,4415.0,0.0,65.0,0.7750334739685059,8.35845947265625,0.6779503479302001,0.0,0.0,0.0,0.0,0.0,0.0,0.0,0.0,0.16447938348042976,0.12140090811210877
4087.0,160.0,163.0,6635.0,4415.0,1.0,1.0,1.2037076950073242,14.670031547546387,0.7657332961227018,7.0,2.0794415416798357,0.8534795977333005,0.6658195970529517,0.3341804029470483,0.049939751450442244,0.5,1.0,0.14030844053884725,0.2509592083134532
4087.0,160.0,309.0,4415.0,4847.0,0.0,4.0,6.2639946937561035,13.15082836151123,0.9965541700334772,10.0,2.3978952727983707,0.836743383392903,0.5762709756205877,0.9574791863423828,0.6671616515442202,0.7668750809814853,1.0,0.3864143230846059,0.6795995941674181
4087.0,160.0,104.0,6635.0,1176.0,0.0,400.0,2.9811196327209473,7.1314921379089355,0.9005205225127516,3.0,1.3862943611198906,0.5,0.5275092606401842,0.4724907393598158,0.17990583137607155,0.5,1.0,0.3313963398004157,0.5577014858740095
4087.0,105.0,210.0,1176.0,4415.0,0.0,8.0,1.2043852806091309,5.9961347579956055,0.7143838264464808,2.0,1.0986122886681098,1.0,0.40702445283652233,1.0,0.9999999999994069,0.7035122264182612,1.0,0.2127535390168132,0.564417449378323
779.0,156.0,62.0,2461.0,6644.0,0.0,2.0,0.775972843170166,4.184088230133057,0.5359413848018983,0.0,0.0,0.0,0.0,0.0,0.0,0.0,0.0,0.1590767626560499,0.12993494456610327
6888.0,142.0,243.0,7038.0,3922.0,0.0,5.0,9.75209903717041,16.202587127685547,0.9998802771605957,0.0,0.0,0.0,0.0,0.0,0.0,0.0,0.0,0.4492407107642725,0.26174122529768445
6888.0,160.0,145.0,6017.0,929.0,0.0,20.0,17.555882453918457,25.669103622436523,0.9999999750448882,14.0,2.70805020110221,0.9238395952400507,0.7495910109920657,0.8813697836394104,0.7528878840452559,0.8154803973157381,1.0,0.5414744836773558,0.7244893248679989
6888.0,160.0,205.0,6017.0,3769.0,0.0,86.0,16.26418685913086,25.64581298828125,0.9999998872075563,19.0,2.995732273553991,1.0,0.6327835957785631,0.821651631289806,0.6923478273681137,0.7272176135341846,1.0,0.4983319848294882,0.6594221384570723
6888.0,160.0,299.0,5187.0,1077.0,0.0,5930.0,0.03840923309326172,10.105487823486328,0.38146003095834324,0.0,0.0,0.0,0.0,0.0,0.0,0.0,0.0,0.07137493595179785,0.052265753227439204
6888.0,160.0,268.0,6017.0,5036.0,1.0,1.0,0.9467430114746094,7.464651584625244,0.6826283274909134,26.0,3.295836866004329,0.9611657480580811,0.7452969711453243,0.7827129307479082,0.5611688511237036,0.7640049509466162,1.0,0.1785688720999224,0.5110228790596145
6888.0,160.0,140.0,3149.0,3380.0,0.0,6.0,0.3248462677001953,6.29417085647583,0.3821835106588486,1.0,0.6931471805599453,0.6341329040632923,0.0,0.0,0.0,0.0,0.0,0.09540457279274243,0.06409548171081123
6888.0,53.0,267.0,1077.0,6889.0,1.0,1.0,0.7688970565795898,9.085210800170898,0.5630057608414227,0.0,0.0,0.0,0.0,0.0,0.0,0.0,0.0,0.12393510281955901,0.09029242537426933
6888.0,53.0,56.0,4593.0,2617.0,1.0,1.0,4.437901496887207,9.41122817993164,0.985781723909865,0.0,0.0,0.0,0.0,0.0,0.0,0.0,0.0,0.3859139734485649,0.2711031928168967
6888.0,53.0,244.0,6889.0,7038.0,0.0,2.0,3.5709457397460938,7.715266704559326,0.9563634208202527,1.0,0.6931471805599453,0.01030865555291324,0.0,0.0,0.0,0.0,0.0,0.3705548993928302,0.2811497957883046
6888.0,127.0,171.0,6888.0,6890.0,0.0,72.0,1.4279327392578125,5.9283976554870605,0.5608557897394759,0.0,0.0,0.0,0.0,0.0,0.0,0.0,0.0,0.1620277530889935,0.1254219343046883
6888.0,156.0,147.0,929.0,5036.0,0.0,4.0,2.170452117919922,7.5804643630981445,0.8150856345501442,0.0,0.0,0.0,0.0,0.0,0.0,0.0,0.0,0.25925476991546226,0.19091043514195546
6888.0,169.0,276.0,6888.0,1115.0,0.0,257.0,2.4409427642822266,8.628719329833984,0.9162562991289145,0.0,0.0,0.0,0.0,0.0,0.0,0.0,0.0,0.30040153464031316,0.21652447840948985
6888.0,169.0,351.0,3309.0,2300.0,0.0,49.0,0.29460906982421875,5.073208332061768,0.49705478283708066,0.0,0.0,0.0,0.0,0.0,0.0,0.0,0.0,0.13144252871939516,0.10655161339732765
6888.0,169.0,119.0,806.0,6888.0,0.0,484.0,6.571775436401367,12.941752433776855,0.9969852169227345,0.0,0.0,0.0,0.0,0.0,0.0,0.0,0.0,0.40020223945243866,0.2549061093121674
6888.0,227.0,319.0,3544.0,6888.0,1.0,1.0,1.9536466598510742,5.24302864074707,0.7321571387476901,0.0,0.0,0.0,0.0,0.0,0.0,0.0,0.0,0.24791607310992111,0.1928414670101713
6284.0,142.0,349.0,2661.0,4361.0,1.0,1.0,3.7000675201416016,11.0475435256958,0.9527041893842142,1.0,0.6931471805599453,0.14938869249630476,0.0,0.0,0.0,0.0,0.0,0.3181160637843485,0.21364963832917158
6284.0,142.0,245.0,929.0,3262.0,0.0,19.0,1.3293070793151855,9.076388359069824,0.6751632504091063,0.0,0.0,0.0,0.0,0.0,0.0,0.0,0.0,0.16672427867286482,0.11975020035116778
6284.0,142.0,335.0,2661.0,2315.0,1.0,1.0,1.1436333656311035,4.540429592132568,0.626092718432472,1.0,0.6931471805599453,0.1971195615288934,0.0,0.0,0.0,0.0,0.0,0.19403891739250276,0.15284043373719172
6284.0,142.0,166.0,1755.0,5421.0,0.0,8.0,0.04859638214111328,10.82815170288086,0.4782537466131513,0.0,0.0,0.0,0.0,0.0,0.0,0.0,0.0,0.08444211218064004,0.06029301134846584
6284.0,53.0,303.0,2083.0,6293.0,0.0,4.0,1.0187053680419922,10.844802856445312,0.7049486604491136,0.0,0.0,0.0,0.0,0.0,0.0,0.0,0.0,0.15351762778942757,0.10622770348893694
6284.0,160.0,141.0,2290.0,5924.0,0.0,68.0,3.3515100479125977,8.112688064575195,0.9182490560470338,0.0,0.0,0.0,0.0,0.0,0.0,0.0,0.0,0.3362352954678843,0.24334617177288909
5485.0,38.0,147.0,1511.0,847.0,0.0,5.0,0.12052345275878906,6.54793119430542,0.40998388290442767,2.0,1.0986122886681098,1.0,0.16466154915816722,0.0,0.0,0.08233077457908361,0.0,0.09723161718074404,0.06714697348233568
5485.0,38.0,246.0,1171.0,5485.0,1.0,1.0,4.547149658203125,12.898064613342285,0.9888791002702909,21.0,3.091042453358316,0.4711589369959404,0.6894174400318178,0.8497054721390142,0.6997575652627936,0.769561456085416,1.0,0.3329833210389591,0.702400867519391
5485.0,38.0,317.0,1171.0,5485.0,1.0,1.0,4.523411750793457,13.96534538269043,0.9868709655641829,24.0,3.2188758248682006,0.9057236642639067,0.7194971579691589,0.9497502830645087,0.8884714720106117,0.8346237205168339,1.0,0.3143115814458654,0.6926584334231658
5485.0,38.0,172.0,1171.0,3723.0,1.0,1.0,1.503779411315918,5.4573655128479,0.6039446002983488,14.0,2.70805020110221,0.9803906099397734,0.48442934802380944,0.8545411610276764,0.662122871482934,0.6694852545257429,1.0,0.18316710525655763,0.4886750556113162
5485.0,222.0,196.0,2570.0,5485.0,0.0,10.0,0.5469118356704712,1.902746319770813,0.4847556072407941,0.0,0.0,0.0,0.0,0.0,0.0,0.0,0.0,0.16053443217520566,0.13897923074894314
5485.0,150.0,232.0,1171.0,3723.0,0.0,2.0,2.8424015045166016,15.257330894470215,0.9446219442907652,8.0,2.1972245773362196,0.3298769776932236,0.7625665484190343,0.0,0.0,0.38128327420951713,0.0,0.23100409479567235,0.24277075090587558
5485.0,150.0,125.0,6410.0,1171.0,1.0,1.0,0.33149051666259766,11.923972129821777,0.5752944730999602,0.0,0.0,0.0,0.0,0.0,0.0,0.0,0.0,0.10058635605862604,0.06908252004617994
5485.0,160.0,320.0,4474.0,5037.0,0.0,24.0,0.19423414766788483,0.41819292306900024,0.3381692504939644,1.0,0.6931471805599453,0.014723716781123131,0.0,0.0,0.0,0.0,0.0,0.12480722259016253,0.1185896271214402
5485.0,51.0,140.0,1171.0,6410.0,0.0,2.0,0.9173583984375,10.981131553649902,0.6775952811947376,0.0,0.0,0.0,0.0,0.0,0.0,0.0,0.0,0.14224640510256398,0.09833982001752982
1959.0,222.0,36.0,288.0,4613.0,0.0,1634.0,0.05392110347747803,-1.5932408571243286,0.08772825342292885,0.0,0.0,0.0,0.0,0.0,0.0,0.0,0.0,0.08132488666362313,0.08000801109140333
4408.0,38.0,359.0,7084.0,3731.0,0.0,4430.0,8.8520667552948,11.806732177734375,0.9996605721852039,0.0,0.0,0.0,0.0,0.0,0.0,0.0,0.0,0.49807316729633594,0.32888488176091957
4408.0,51.0,84.0,4408.0,3155.0,0.0,17.0,1.5002622604370117,9.652061462402344,0.8052591769366013,0.0,0.0,0.0,0.0,0.0,0.0,0.0,0.0,0.2117998585851556,0.14974656776181325
1551.0,103.0,119.0,6293.0,509.0,1.0,1.0,6.8286716639995575,6.663003921508789,0.9952303702166789,0.0,0.0,0.0,0.0,0.0,0.0,0.0,0.0,0.5200999232312586,0.38983118010804646
3461.0,155.0,143.0,2569.0,3262.0,1.0,1.0,4.63855242729187,7.328039169311523,0.9843105510281319,0.0,0.0,0.0,0.0,0.0,0.0,0.0,0.0,0.42797423180298855,0.3161689680437188
3461.0,98.0,28.0,6332.0,2460.0,0.0,120.0,1.2985475063323975,3.3965117931365967,0.3618145232273625,0.0,0.0,0.0,0.0,0.0,0.0,0.0,0.0,0.12379038434179257,0.10294930294879748
2278.0,160.0,306.0,146.0,6407.0,0.0,234.0,1.6790714263916016,17.473581314086914,0.8398500642459705,2.0,1.0986122886681098,0.20918584584822575,0.02548192351547518,0.0,0.0,0.01274096175773759,0.0,0.14518964134663864,0.08615343529499184
2278.0,160.0,317.0,6410.0,669.0,0.0,1645.0,0.3938007354736328,10.124884605407715,0.48397350160071584,0.0,0.0,0.0,0.0,0.0,0.0,0.0,0.0,0.09346022178803262,0.06729353989513895
2278.0,160.0,338.0,443.0,5036.0,0.0,3076.0,0.4397754669189453,5.935086250305176,0.5214203699762083,0.0,0.0,0.0,0.0,0.0,0.0,0.0,0.0,0.1332730623046341,0.10544487369633422
2278.0,180.0,63.0,1077.0,5037.0,0.0,91.0,1.32440185546875,7.970282554626465,0.6236219372472354,0.0,0.0,0.0,0.0,0.0,0.0,0.0,0.0,0.16059593286531526,0.1185423050294933
2278.0,53.0,173.0,18.0,6052.0,0.0,4.0,1.2267818450927734,12.593358039855957,0.651318685729626,0.0,0.0,0.0,0.0,0.0,0.0,0.0,0.0,0.12620287747705589,0.08343927692030237
2278.0,53.0,188.0,3922.0,5037.0,0.0,3511.0,5.4895148277282715,11.433759689331055,0.9954250687704607,0.0,0.0,0.0,0.0,0.0,0.0,0.0,0.0,0.3904240180279903,0.2596227050701431
2278.0,53.0,98.0,45.0,3411.0,0.0,1419.0,5.451809406280518,10.005363464355469,0.9847054923188594,0.0,0.0,0.0,0.0,0.0,0.0,0.0,0.0,0.40780512210077313,0.28099054236891785
2278.0,53.0,345.0,56.0,2266.0,0.0,7.0,2.380396842956543,13.717793464660645,0.8778379562534996,2.0,1.0986122886681098,0.008798227194471544,0.33333333333333337,0.0,0.0,0.16666666666666669,0.0,0.2117219107125284,0.18069260168017626
2278.0,53.0,328.0,45.0,6310.0,0.0,2.0,1.1931285858154297,6.559706687927246,0.5221447478573132,2.0,1.0986122886681098,0.836743383392903,0.17018221667611666,0.0,0.0,0.08509110833805833,0.0,0.14016199592502304,0.09986023108134766
2278.0,53.0,8.0,4319.0,733.0,0.0,6883.0,3.817272186279297,13.339845657348633,0.9510219905333582,0.0,0.0,0.0,0.0,0.0,0.0,0.0,0.0,0.2856499870071584,0.18086662867900521
2278.0,53.0,289.0,669.0,2111.0,0.0,5.0,4.846594333648682,11.523309707641602,0.9818071524182984,2.0,1.0986122886681098,0.1407716351115447,0.0,0.0,0.0,0.0,0.0,0.36083310239643795,0.24483233861655593
2278.0,53.0,183.0,2266.0,5037.0,0.0,3.0,5.092458724975586,12.703474044799805,0.9886473142802774,0.0,0.0,0.0,0.0,0.0,0.0,0.0,0.0,0.35263715874244733,0.22662991482194092
2278.0,53.0,216.0,4319.0,6823.0,0.0,2592.0,0.6417074203491211,11.22964859008789,0.4854608900932409,0.0,0.0,0.0,0.0,0.0,0.0,0.0,0.0,0.08988995760627934,0.062690538101918
2278.0,156.0,144.0,2290.0,46.0,0.0,173.0,1.7408390045166016,9.562146186828613,0.7295744259240169,0.0,0.0,0.0,0.0,0.0,0.0,0.0,0.0,0.18885871761174633,0.13310597727908874
2278.0,156.0,58.0,929.0,5037.0,0.0,18.0,4.54570198059082,15.698258399963379,0.9824874142834435,0.0,0.0,0.0,0.0,0.0,0.0,0.0,0.0,0.28637718080781027,0.1698437313157968
2278.0,155.0,14.0,3159.0,146.0,0.0,2.0,6.893404006958008,15.864358901977539,0.9987180829733976,0.0,0.0,0.0,0.0,0.0,0.0,0.0,0.0,0.36157145124709744,0.21182990074801814
2278.0,155.0,260.0,4319.0,669.0,0.0,10.0,1.594264030456543,15.487388610839844,0.8153237203028535,2.0,1.0986122886681098,0.8879629756445782,0.0,1.0,0.3637972681417979,0.5,1.0,0.1545163346171076,0.22537966317371902
2278.0,155.0,45.0,1077.0,3922.0,1.0,1.0,8.024884223937988,16.948232650756836,0.9992044669996766,0.0,0.0,0.0,0.0,0.0,0.0,0.0,0.0,0.379217630781741,0.21497882414487746
2278.0,155.0,261.0,6823.0,669.0,0.0,3.0,0.4642496109008789,12.218048095703125,0.5289551067596797,1.0,0.6931471805599453,0.02774884298889307,0.0,0.0,0.0,0.0,0.0,0.0906498543816122,0.06424986054279441
2278.0,103.0,222.0,1077.0,3155.0,0.0,12.0,3.1386070251464844,14.255845069885254,0.94784365532944,0.0,0.0,0.0,0.0,0.0,0.0,0.0,0.0,0.25306426711977104,0.1573348812506386
2278.0,127.0,259.0,6407.0,3155.0,0.0,2.0,1.4987773895263672,16.997570037841797,0.8163546666290794,0.0,0.0,0.0,0.0,0.0,0.0,0.0,0.0,0.13950983544000728,0.08205776037319489
2278.0,127.0,30.0,2083.0,5385.0,0.0,6766.0,0.21618986129760742,6.532978057861328,0.2896189193928566,0.0,0.0,0.0,0.0,0.0,0.0,0.0,0.0,0.07555152948799325,0.06037384035000681
2278.0,65.0,19.0,3341.0,2278.0,0.0,14.0,3.4779679775238037,7.4288010597229,0.9360564538376381,0.0,0.0,0.0,0.0,0.0,0.0,0.0,0.0,0.3610984501345305,0.2659995744951159
2278.0,90.0,194.0,2083.0,2315.0,0.0,12.0,4.347893714904785,9.658007621765137,0.9378508141483604,0.0,0.0,0.0,0.0,0.0,0.0,0.0,0.0,0.35204800500141586,0.2439790514945022
2403.0,56.0,42.0,4551.0,2533.0,0.0,664.0,3.2201290130615234,10.91541576385498,0.9593921549238126,0.0,0.0,0.0,0.0,0.0,0.0,0.0,0.0,0.3096726081280447,0.21023441518843075
2403.0,207.0,22.0,2798.0,1885.0,0.0,2.0,0.07820510864257812,8.656939506530762,0.47894034213487474,1.0,0.6931471805599453,0.7141434062641757,0.0,0.0,0.0,0.0,0.0,0.09791394352422667,0.06044528707487872
2862.0,61.0,42.0,5390.0,3290.0,0.0,69.0,1.558498129248619,0.1402718871831894,0.3256516208486036,0.0,0.0,0.0,0.0,0.0,0.0,0.0,0.0,0.14513662186043363,0.129286060709911
5432.0,156.0,236.0,1176.0,1128.0,0.0,5047.0,4.560830116271973,9.101090431213379,0.9868903788913231,0.0,0.0,0.0,0.0,0.0,0.0,0.0,0.0,0.3958526351007695,0.28016520424527286
5432.0,202.0,182.0,6868.0,1138.0,0.0,1160.0,0.16465365886688232,1.5810576677322388,0.23953960501515642,0.0,0.0,0.0,0.0,0.0,0.0,0.0,0.0,0.0933401594350853,0.08393848507698652
1152.0,127.0,57.0,3380.0,711.0,0.0,4025.0,1.8324904441833496,6.422109127044678,0.8429891059493078,0.0,0.0,0.0,0.0,0.0,0.0,0.0,0.0,0.2800041069229197,0.21311953462042726
1152.0,169.0,61.0,284.0,3933.0,0.0,357.0,1.3151602745056152,7.623885631561279,0.7752200459632971,0.0,0.0,0.0,0.0,0.0,0.0,0.0,0.0,0.2201685571697051,0.16377274704144268
1176.0,156.0,156.0,1176.0,6635.0,0.0,4.0,4.971186637878418,13.340923309326172,0.9857001917117174,0.0,0.0,0.0,0.0,0.0,0.0,0.0,0.0,0.33690573488650816,0.21279643393921963
1176.0,6.0,224.0,1176.0,4847.0,0.0,1614.0,0.32573604583740234,7.80542516708374,0.36803152722621374,0.0,0.0,0.0,0.0,0.0,0.0,0.0,0.0,0.08372711519209007,0.06433306954763009
1176.0,60.0,22.0,5565.0,4478.0,0.0,5.0,0.12981367111206055,8.11644172668457,0.38388467036696816,0.0,0.0,0.0,0.0,0.0,0.0,0.0,0.0,0.08290183123639874,0.06344501608056023
1176.0,61.0,166.0,1176.0,4415.0,0.0,26.0,4.571306228637695,16.34607696533203,0.9835018483955301,0.0,0.0,0.0,0.0,0.0,0.0,0.0,0.0,0.2780733243262453,0.16196255622621006
1176.0,56.0,5.0,5678.0,917.0,0.0,2494.0,2.6352453231811523,12.549453735351562,0.9083247189547698,0.0,0.0,0.0,0.0,0.0,0.0,0.0,0.0,0.24562618670754385,0.15996782907063642
1176.0,56.0,37.0,4415.0,5565.0,0.0,25.0,4.5656843185424805,17.833093643188477,0.9752113137465541,0.0,0.0,0.0,0.0,0.0,0.0,0.0,0.0,0.2530462815871052,0.1411905548758864
1176.0,202.0,266.0,6635.0,2143.0,0.0,54.0,0.196685791015625,12.026135444641113,0.5221958184466838,0.0,0.0,0.0,0.0,0.0,0.0,0.0,0.0,0.0875203967388267,0.06034108490148111
1176.0,47.0,126.0,1176.0,4415.0,0.0,316.0,6.213774681091309,15.90410327911377,0.9972698159561426,0.0,0.0,0.0,0.0,0.0,0.0,0.0,0.0,0.3392129647179799,0.19877928874454553
1176.0,224.0,33.0,1176.0,102.0,0.0,23.0,1.3934993743896484,8.008962631225586,0.7829578503289554,0.0,0.0,0.0,0.0,0.0,0.0,0.0,0.0,0.2204018067840187,0.16228405325329923
1176.0,191.0,12.0,4847.0,4087.0,0.0,8.0,3.3244733810424805,9.96976375579834,0.9592293983839636,0.0,0.0,0.0,0.0,0.0,0.0,0.0,0.0,0.3275090698296462,0.22755525014568445
3264.0,90.0,104.0,669.0,359.0,0.0,5.0,0.23633241653442383,7.17561674118042,0.37834681674578685,0.0,0.0,0.0,0.0,0.0,0.0,0.0,0.0,0.08831479396373654,0.06893886882344526
1137.0,45.0,152.0,4799.0,6136.0,0.0,1199.0,0.9913675487041473,0.09963127970695496,0.021108646370095074,0.0,0.0,0.0,0.0,0.0,0.0,0.0,0.0,0.07038299678188242,0.06569729229788705
1321.0,53.0,283.0,4319.0,6411.0,0.0,12.0,1.0931254625320435,2.2897067070007324,0.6060039822678462,0.0,0.0,0.0,0.0,0.0,0.0,0.0,0.0,0.21144026579350197,0.17838638262856166
1321.0,224.0,290.0,1188.0,4881.0,0.0,2.0,3.261073112487793,9.537388801574707,0.9113030725420684,2.0,1.0986122886681098,1.0,0.08345460051202358,0.0,0.0,0.04172730025601179,0.0,0.30741669788064235,0.1807412642536319
3868.0,53.0,144.0,1928.0,265.0,1.0,1.0,6.229807376861572,8.048126220703125,0.9944006400021019,0.0,0.0,0.0,0.0,0.0,0.0,0.0,0.0,0.4743222250380503,0.3437233459969246
4599.0,160.0,352.0,5484.0,6407.0,0.0,2.0,2.234943389892578,6.951564311981201,0.8073001968680613,3.0,1.3862943611198906,0.10254191950095473,0.379848162126579,0.0,0.0,0.1899240810632895,0.0,0.2661283364219024,0.2662251902538297
4599.0,160.0,265.0,2454.0,6407.0,1.0,1.0,4.429408073425293,17.321807861328125,0.9777667892250185,8.0,2.1972245773362196,0.8705505632961241,0.42625189617471526,0.5737481038252847,0.014980305306207597,0.5,1.0,0.2577526068473428,0.3328515913893557
4599.0,53.0,295.0,4004.0,362.0,0.0,3.0,3.206880569458008,11.585160255432129,0.9524112615746723,6.0,1.9459101490553132,0.9803906099397734,0.5742013330794002,0.7549481339321428,0.48951732582777757,0.6645747335057715,1.0,0.2955144832029559,0.5462656752706297
4005.0,53.0,271.0,5476.0,2561.0,0.0,53.0,1.1213270761072636,0.010123524814844131,0.2628972762753787,0.0,0.0,0.0,0.0,0.0,0.0,0.0,0.0,0.12194263171266656,0.11065976005411557
489.0,224.0,175.0,4396.0,489.0,0.0,30.0,8.837747514247894,8.061089515686035,0.9994152376045607,6.0,1.9459101490553132,1.0,0.5699057432892887,0.8667172766943676,0.7389801035289914,0.7183115099918281,1.0,0.5648668967288554,0.8125218566885544
489.0,224.0,141.0,1155.0,4396.0,0.0,2.0,0.20687294006347656,4.946752548217773,0.4787286533862848,1.0,0.6931471805599453,0.9423178739918808,0.0,0.0,0.0,0.0,0.0,0.126183930186429,0.07880555708969983
2908.0,160.0,99.0,1077.0,925.0,0.0,5564.0,1.4774694442749023,10.188728332519531,0.8113171696563537,0.0,0.0,0.0,0.0,0.0,0.0,0.0,0.0,0.20727209512638323,0.1447147320444554
2908.0,160.0,79.0,925.0,6635.0,1.0,1.0,3.396688461303711,11.97828483581543,0.9529533349105204,2.0,1.0986122886681098,0.5520447568369061,0.4900991917739813,1.0,0.9999999999990763,0.7450495958869907,1.0,0.29520382786831556,0.6671963925327064
2908.0,169.0,243.0,6635.0,925.0,0.0,4.0,5.872906684875488,18.515024185180664,0.9970019565700377,1.0,0.6931471805599453,0.30475341355111885,0.0,1.0,0.019801616452004175,0.5,1.0,0.2885253451879819,0.31599437778507955
2908.0,53.0,244.0,925.0,5565.0,1.0,1.0,0.5346264839172363,5.441848278045654,0.5130319930321627,0.0,0.0,0.0,0.0,0.0,0.0,0.0,0.0,0.13657848888637397,0.10911948753700915
2908.0,155.0,302.0,5565.0,3262.0,1.0,1.0,1.4906904697418213,4.962530612945557,0.7737716593509804,0.0,0.0,0.0,0.0,0.0,0.0,0.0,0.0,0.2588855629085705,0.2042202702427009
1149.0,50.0,147.0,5456.0,3345.0,0.0,205.0,0.4061945676803589,-1.7100054025650024,0.0266473420996253,0.0,0.0,0.0,0.0,0.0,0.0,0.0,0.0,0.0747732370232687,0.07366195603098592
2694.0,56.0,275.0,4587.0,1873.0,0.0,3.0,1.3192386627197266,5.4173431396484375,0.5924223135129165,0.0,0.0,0.0,0.0,0.0,0.0,0.0,0.0,0.17583103447526058,0.1378538350686118
2694.0,56.0,104.0,2442.0,1161.0,1.0,1.0,9.11923599243164,19.392749786376953,0.9998241475970665,0.0,0.0,0.0,0.0,0.0,0.0,0.0,0.0,0.37275978438160073,0.196181133529281
2694.0,160.0,337.0,1161.0,3484.0,0.0,103.0,0.40529346466064453,11.819156646728516,0.47599615512486754,0.0,0.0,0.0,0.0,0.0,0.0,0.0,0.0,0.08222995956066859,0.05689031279573162
2694.0,160.0,268.0,3002.0,6861.0,0.0,5.0,1.4522953033447266,6.058027744293213,0.597434352002963,2.0,1.0986122886681098,1.0,0.383362355899019,0.0,0.0,0.1916811779495095,0.0,0.17347891743006577,0.13765084006031036
2694.0,160.0,280.0,2442.0,776.0,0.0,21.0,9.96311092376709,20.890968322753906,0.9999527120654812,23.0,3.1780538303479458,0.7284274237469965,0.652705424510349,0.7795541496360568,0.5187347826500049,0.7161297870732029,1.0,0.3741487087452455,0.6004629791175794
2694.0,160.0,362.0,4587.0,2442.0,1.0,1.0,1.6685514450073242,10.603312492370605,0.8271558879740643,2.0,1.0986122886681098,0.6729500963161781,0.0023752308892940333,0.0,0.0,0.0011876154446470166,0.0,0.21291165949418348,0.12756139169002992
2694.0,160.0,244.0,1013.0,2442.0,0.0,21.0,0.7968692779541016,8.117048263549805,0.5784069599569854,0.0,0.0,0.0,0.0,0.0,0.0,0.0,0.0,0.1364966237125205,0.10160879510873931
2694.0,160.0,335.0,2442.0,1161.0,1.0,1.0,0.22229576110839844,13.106446266174316,0.5046243059485022,30.0,3.4339872044851463,0.9803906099397734,0.7308584546194721,0.7853903445984141,0.6156088072469346,0.7581243996089431,1.0,0.07861014941510976,0.28137896595469364
2694.0,53.0,166.0,2442.0,4587.0,1.0,1.0,2.13112735748291,6.630710124969482,0.7155825459984103,1.0,0.6931471805599453,0.6597539553864471,0.0,1.0,0.039587710403884445,0.5,1.0,0.2268535743923658,0.3128711690881
2694.0,156.0,201.0,2442.0,1161.0,1.0,1.0,6.659077167510986,13.181403160095215,0.9982343711817643,16.0,2.833213344056216,0.8705505632961241,0.7385937043670063,0.453518894131243,0.2722218277918616,0.5960562992491247,1.0,0.3995934672877795,0.6207965469747305
2694.0,156.0,310.0,1161.0,4154.0,1.0,1.0,18.631863594055176,22.88261604309082,0.9999999845929692,25.0,3.258096538021482,0.9238395952400507,0.8238691915012964,0.0,0.0,0.4119345957506482,0.0,0.6256233652843259,0.46619593003164644
2694.0,156.0,8.0,1161.0,1361.0,0.0,38.0,20.228488445281982,27.061765670776367,0.9999999970729303,1.0,0.6931471805599453,0.9803906099397734,0.0,1.0,0.99999999999898,0.5,1.0,0.6051077801232255,0.6389005434614191
2694.0,156.0,332.0,1161.0,3600.0,1.0,1.0,6.322330951690674,13.056360244750977,0.9959712031524697,28.0,3.367295829986474,0.9803906099397734,0.7091359809504392,0.2908640190495609,0.008330784264340859,0.5,1.0,0.3895775877967469,0.5427126723350527
2694.0,156.0,215.0,1161.0,2442.0,1.0,1.0,3.9406986236572266,14.99305248260498,0.9807945728475661,13.0,2.6390573296152584,0.820335356007638,0.7281028746502842,0.0,0.0,0.3640514373251421,0.0,0.2793141898083887,0.25205333731967305
2694.0,115.0,62.0,1161.0,2442.0,1.0,1.0,0.3946866989135742,9.855535507202148,0.5740407720506179,0.0,0.0,0.0,0.0,0.0,0.0,0.0,0.0,0.11553035326045445,0.08325371336843028
2694.0,157.0,177.0,1161.0,2442.0,1.0,1.0,6.958520412445068,13.463924407958984,0.9990054672178025,0.0,0.0,0.0,0.0,0.0,0.0,0.0,0.0,0.4048564699646818,0.2541651091951157
2694.0,169.0,344.0,2442.0,1873.0,1.0,1.0,10.463650703430176,17.41216278076172,0.9999372469061231,6.0,1.9459101490553132,0.24029143701452027,0.6433395696896609,0.0,0.0,0.32166978484483044,0.0,0.451411581810338,0.3809477601922291
6098.0,160.0,278.0,6410.0,5037.0,0.0,105.0,7.371777534484863,10.170534133911133,0.9989328220007072,3.0,1.3862943611198906,0.07618835338777971,0.03922491685081175,0.0,0.0,0.019612458425405876,0.0,0.47723040656076005,0.3521614170395484
6098.0,6.0,140.0,5037.0,6410.0,1.0,1.0,2.2290414571762085,3.549987316131592,0.6710026037942457,0.0,0.0,0.0,0.0,0.0,0.0,0.0,0.0,0.25024425372859704,0.20121794925631856
6098.0,61.0,344.0,5037.0,6410.0,0.0,2.0,3.491644859313965,6.746617317199707,0.9385959638695911,2.0,1.0986122886681098,0.21763764082403103,0.15665140035332525,0.0,0.0,0.07832570017666263,0.0,0.3744334763859041,0.307778636353939
6098.0,53.0,50.0,3825.0,6122.0,1.0,1.0,4.618913650512695,7.665615081787109,0.9885901001937225,0.0,0.0,0.0,0.0,0.0,0.0,0.0,0.0,0.4238706812094027,0.3108494027086558
4513.0,38.0,154.0,5262.0,102.0,0.0,4.0,0.012402534484863281,-1.0310962200164795,0.34348627010954164,0.0,0.0,0.0,0.0,0.0,0.0,0.0,0.0,0.13534285042273864,0.12779266007828513
1122.0,42.0,301.0,1122.0,1161.0,0.0,22.0,1.3361330032348633,7.270321369171143,0.7811789147129324,0.0,0.0,0.0,0.0,0.0,0.0,0.0,0.0,0.22760339305912577,0.1706799220129989
1122.0,6.0,234.0,649.0,1145.0,0.0,5.0,1.331153392791748,4.082642555236816,0.729460616732376,1.0,0.6931471805599453,0.014723716781123131,0.0,0.0,0.0,0.0,0.0,0.24667810761897876,0.20628781492958795
1122.0,56.0,62.0,1161.0,1971.0,0.0,12.0,3.8717265129089355,8.824422836303711,0.9598038184903217,0.0,0.0,0.0,0.0,0.0,0.0,0.0,0.0,0.36327430019572426,0.25874287943478586
1692.0,160.0,246.0,2460.0,2175.0,0.0,459.0,1.064201682806015,0.37767472863197327,0.30310369747726007,0.0,0.0,0.0,0.0,0.0,0.0,0.0,0.0,0.12879968450797497,0.11566163459822147
6778.0,191.0,336.0,733.0,3341.0,1.0,1.0,4.224989891052246,9.380576133728027,0.9772115231189787,0.0,0.0,0.0,0.0,0.0,0.0,0.0,0.0,0.37478623230535946,0.2633992733724673
6778.0,53.0,95.0,3976.0,2266.0,1.0,1.0,0.6786551475524902,8.051076889038086,0.6476876352507211,1.0,0.6931471805599453,0.7730166686334901,0.0,1.0,0.015474752048697726,0.5,1.0,0.15591172448052334,0.21499089243890904
6778.0,53.0,92.0,3976.0,146.0,1.0,1.0,7.1304768323898315,8.050381660461426,0.9986436499172664,1.0,0.6931471805599453,0.820335356007638,0.0,1.0,0.015474752048698363,0.5,1.0,0.5072570187102831,0.5437998177031771
4613.0,142.0,183.0,7079.0,6699.0,1.0,1.0,8.780105233192444,7.273114204406738,0.9987939333930618,0.0,0.0,0.0,0.0,0.0,0.0,0.0,0.0,0.5765666232191023,0.4282591667027886
416.0,38.0,60.0,45.0,4431.0,0.0,4.0,3.6073944568634033,6.573070526123047,0.9295688145614471,0.0,0.0,0.0,0.0,0.0,0.0,0.0,0.0,0.37594831792257866,0.2821289106419506
416.0,224.0,33.0,545.0,5584.0,0.0,8.0,0.6935467720031738,5.22928524017334,0.5245684449298005,0.0,0.0,0.0,0.0,0.0,0.0,0.0,0.0,0.14438582064065728,0.11545306723325892
416.0,224.0,331.0,146.0,4702.0,1.0,1.0,9.514357566833496,15.20998764038086,0.9999156109666354,6.0,1.9459101490553132,0.7578582832551991,0.45389551925150406,0.8034064873866772,0.43082243930486114,0.6286510033190906,1.0,0.4591076394239931,0.6372966121116475
416.0,0.0,70.0,545.0,1956.0,0.0,28.0,0.4339113235473633,7.258915424346924,0.5192418126609746,0.0,0.0,0.0,0.0,0.0,0.0,0.0,0.0,0.12193771712031891,0.09360214667229522
416.0,39.0,346.0,1956.0,4480.0,0.0,67.0,0.1134265661239624,2.016845941543579,0.09319590506949209,0.0,0.0,0.0,0.0,0.0,0.0,0.0,0.0,0.06509364941309098,0.05902157367492601
1552.0,18.0,35.0,6410.0,1077.0,0.0,2.0,0.33470821380615234,7.81630802154541,0.5000977804120019,0.0,0.0,0.0,0.0,0.0,0.0,0.0,0.0,0.11163957087085391,0.08487904559151765
3774.0,53.0,48.0,1942.0,5682.0,1.0,1.0,3.676802635192871,7.251935958862305,0.9730167575278375,0.0,0.0,0.0,0.0,0.0,0.0,0.0,0.0,0.39129931383795874,0.2905014316405671
928.0,160.0,83.0,1121.0,2906.0,0.0,5.0,3.226400852203369,6.537055015563965,0.9327248673779082,0.0,0.0,0.0,0.0,0.0,0.0,0.0,0.0,0.3663099996887457,0.2760375492837764
928.0,160.0,330.0,1464.0,5395.0,0.0,116.0,0.784766674041748,4.292418479919434,0.6203064558313204,1.0,0.6931471805599453,0.04463396289151099,0.0,0.0,0.0,0.0,0.0,0.18717330663211162,0.1564891988959863
4500.0,38.0,152.0,1145.0,5092.0,0.0,8.0,1.0250861644744873,4.870474815368652,0.5690289328976846,5.0,1.791759469228055,0.34320509065132626,0.6318465768982096,0.7945210672391209,0.6509160801328588,0.7131838220686653,1.0,0.16778626660954243,0.5361814547456557
4500.0,38.0,56.0,1145.0,4261.0,1.0,1.0,19.52422297000885,21.404157638549805,0.9999999921834342,2.0,1.0986122886681098,0.820335356007638,0.360240156815276,1.0,0.5575820235593515,0.680120078407638,1.0,0.6772515315728197,0.7380316700374369
4500.0,38.0,324.0,1145.0,2290.0,1.0,1.0,12.369996309280396,14.827408790588379,0.9999881888457017,15.0,2.772588722239781,0.8879629756445782,0.7296681178692248,0.9980660413580114,0.9960276155514814,0.8638670796136181,1.0,0.5621816446198066,0.8440391736597768
4847.0,227.0,183.0,5565.0,6635.0,0.0,38.0,0.41466236114501953,6.963072299957275,0.5560344092322302,0.0,0.0,0.0,0.0,0.0,0.0,0.0,0.0,0.13391975462577416,0.10333078937740556
4847.0,155.0,267.0,925.0,4805.0,0.0,2.0,1.192206859588623,9.082563400268555,0.7121557886292107,0.0,0.0,0.0,0.0,0.0,0.0,0.0,0.0,0.17669963697202623,0.12716891952064394
4847.0,53.0,180.0,4805.0,2524.0,0.0,3.0,1.963674545288086,8.460283279418945,0.7508687608344781,0.0,0.0,0.0,0.0,0.0,0.0,0.0,0.0,0.2147995528250357,0.1549741350003715
4847.0,98.0,182.0,6635.0,4847.0,0.0,268.0,2.0915017127990723,8.39639949798584,0.8084900167094449,0.0,0.0,0.0,0.0,0.0,0.0,0.0,0.0,0.24315057365333353,0.17571791734592673
4847.0,202.0,147.0,1176.0,4415.0,1.0,1.0,0.4796624183654785,4.737655162811279,0.4546367256597542,0.0,0.0,0.0,0.0,0.0,0.0,0.0,0.0,0.12552031616958248,0.10241645271736158
4847.0,208.0,193.0,6635.0,1176.0,0.0,4.0,4.5033979415893555,10.902585983276367,0.9787075969998399,0.0,0.0,0.0,0.0,0.0,0.0,0.0,0.0,0.3587759940076829,0.24217381340833075
5565.0,160.0,166.0,6635.0,4847.0,0.0,1690.0,0.3048868179321289,8.189096450805664,0.42522791465007465,3.0,1.3862943611198906,0.9423178739918808,0.26503410310264275,0.0,0.0,0.13251705155132137,0.0,0.09232868199849253,0.06860563390487158
5565.0,160.0,292.0,6635.0,4415.0,1.0,1.0,8.628549575805664,26.20171356201172,0.9997927620956951,15.0,2.772588722239781,0.5743491774985175,0.5893722086178912,0.41062779138210886,0.19021356524455835,0.5,1.0,0.25355153298656974,0.3452511208406425
5565.0,160.0,139.0,4415.0,4805.0,1.0,1.0,4.668621063232422,17.9219913482666,0.9906896847228296,8.0,2.1972245773362196,0.6729500963161781,0.6953338822853858,0.8284129665043681,0.659716474939526,0.761873424394877,1.0,0.26160305459731376,0.5547655594452632
5565.0,160.0,260.0,6635.0,4847.0,1.0,1.0,4.577144622802734,15.657997131347656,0.9885782157668198,13.0,2.6390573296152584,0.9611657480580811,0.4610257822206355,0.5389742177793645,0.05650820522543844,0.5,1.0,0.29086169968972514,0.3921449908426194
5565.0,156.0,248.0,6635.0,4847.0,0.0,3.0,3.8950395584106445,13.737874984741211,0.9799357518421573,1.0,0.6931471805599453,0.02614823073102822,0.0,0.0,0.0,0.0,0.0,0.29624621138193974,0.1926581407020071
5565.0,156.0,157.0,1176.0,4847.0,0.0,101.0,3.001840591430664,12.558024406433105,0.9464088858996208,6.0,1.9459101490553132,0.7429971445684742,0.46461785213986406,0.9763403882364096,0.890926125111485,0.7204791201881369,1.0,0.2726206372151163,0.6115143897585209
5565.0,156.0,161.0,4415.0,3922.0,0.0,4720.0,2.2422962188720703,7.919388771057129,0.799407086596602,0.0,0.0,0.0,0.0,0.0,0.0,0.0,0.0,0.24928151231289902,0.18177215339318759
5565.0,53.0,229.0,1368.0,2066.0,1.0,1.0,6.822906017303467,7.3774285316467285,0.9950194783211734,1.0,0.6931471805599453,0.9423178739918808,0.0,1.0,0.2426166614033879,0.5,1.0,0.5068578921859902,0.5875241215382221
5565.0,61.0,221.0,6635.0,4847.0,0.0,13.0,4.882890701293945,13.967548370361328,0.992116341082506,0.0,0.0,0.0,0.0,0.0,0.0,0.0,0.0,0.3276226793975872,0.20374365893652419
5565.0,61.0,166.0,4415.0,3262.0,0.0,4.0,0.9766025543212891,11.828790664672852,0.6890091817407574,6.0,1.9459101490553132,0.6864101813026526,0.3043472658452263,0.6956527341547737,0.41284433750950295,0.5,1.0,0.13912082670918777,0.29502776383790785
5565.0,169.0,172.0,6635.0,1077.0,0.0,18.0,5.5992255210876465,8.568470001220703,0.9882424648544853,0.0,0.0,0.0,0.0,0.0,0.0,0.0,0.0,0.4401467624288475,0.31471315894337437
5565.0,127.0,253.0,4805.0,4415.0,0.0,7.0,4.77702522277832,16.86888885498047,0.9890464853809315,0.0,0.0,0.0,0.0,0.0,0.0,0.0,0.0,0.27874103605612094,0.15988326224608237
5565.0,155.0,281.0,4805.0,925.0,1.0,1.0,6.311212062835693,11.197522163391113,0.9972484615909863,2.0,1.0986122886681098,0.9803906099397734,0.39750105926563917,0.0,0.0,0.19875052963281958,0.0,0.4223973305043764,0.29315233274666425
7109.0,155.0,331.0,1077.0,4304.0,0.0,2.0,1.4706363677978516,12.333022117614746,0.8037946160545258,0.0,0.0,0.0,0.0,0.0,0.0,0.0,0.0,0.18009001646146913,0.11923300671235695
7109.0,61.0,254.0,3922.0,2661.0,0.0,133.0,0.5257477760314941,5.57996129989624,0.5695922912372645,0.0,0.0,0.0,0.0,0.0,0.0,0.0,0.0,0.15201080052189597,0.12071254885588341
7109.0,160.0,43.0,6890.0,1283.0,0.0,138.0,4.3736042976379395,10.753908157348633,0.9841795573943635,0.0,0.0,0.0,0.0,0.0,0.0,0.0,0.0,0.3602498504131712,0.2445143598038248
7109.0,160.0,287.0,6785.0,1167.0,0.0,6.0,0.7385597229003906,5.940701484680176,0.34413969194977023,0.0,0.0,0.0,0.0,0.0,0.0,0.0,0.0,0.09453259872222154,0.07525971912981438
7109.0,160.0,241.0,6890.0,929.0,0.0,8.0,5.125165939331055,8.543158531188965,0.9835947289263964,0.0,0.0,0.0,0.0,0.0,0.0,0.0,0.0,0.422132289292872,0.3021339658965484
7109.0,103.0,125.0,1122.0,7038.0,0.0,5.0,0.7917051315307617,7.603640556335449,0.4988653919031559,0.0,0.0,0.0,0.0,0.0,0.0,0.0,0.0,0.11921459703106087,0.09019702939700908
7109.0,53.0,301.0,6890.0,7109.0,0.0,3.0,0.9289798736572266,10.001043319702148,0.7109940080985029,0.0,0.0,0.0,0.0,0.0,0.0,0.0,0.0,0.16195508443875586,0.11455641177774342
7109.0,6.0,125.0,5474.0,6888.0,0.0,31.0,1.5286574363708496,5.741067886352539,0.605527791868344,0.0,0.0,0.0,0.0,0.0,0.0,0.0,0.0,0.18117655932635543,0.14039252781532424
4805.0,142.0,318.0,567.0,711.0,0.0,1.0,1.1631393432617188,10.6110200881958,0.7002110529188715,14.0,2.70805020110221,1.0,0.3444927917630196,0.0,0.0,0.1722463958815098,0.0,0.1567994898476931,0.12114483536881293
4805.0,142.0,131.0,1077.0,567.0,0.0,470.0,6.439187526702881,13.06839656829834,0.9982954931626868,0.0,0.0,0.0,0.0,0.0,0.0,0.0,0.0,0.39447026647322686,0.25049142369160055
4805.0,142.0,222.0,1077.0,3341.0,0.0,2.0,1.3799076080322266,21.908998489379883,0.7984171827986605,0.0,0.0,0.0,0.0,0.0,0.0,0.0,0.0,0.09671828635317398,0.05029423377163816
4805.0,142.0,317.0,711.0,5036.0,1.0,1.0,4.509454727172852,18.62782096862793,0.9890213526101007,11.0,2.4849066497880004,0.9803906099397734,0.4376216310042721,0.896263128990576,0.4563556225916528,0.6669423799974241,1.0,0.24707151095094868,0.41642529000095774
4805.0,207.0,121.0,1077.0,711.0,0.0,3.0,13.317354202270508,22.955547332763672,0.9999981185032172,1.0,0.6931471805599453,1.0,0.0,1.0,0.7777777777770863,0.5,1.0,0.44761216445862767,0.5049273816010433
4805.0,55.0,64.0,4805.0,1115.0,0.0,958.0,0.7784099578857422,1.6455050706863403,0.32574361293618703,0.0,0.0,0.0,0.0,0.0,0.0,0.0,0.0,0.12052298008002432,0.10575433534692384
4805.0,54.0,348.0,6635.0,3635.0,0.0,1.5,1.2119550704956055,9.479681015014648,0.5555530668932571,2.0,1.0986122886681098,1.0,0.0,1.0,0.3202637900959034,0.5,1.0,0.1253957629255796,0.20282005170756495
4805.0,54.0,345.0,6635.0,6890.0,0.0,2.0,1.8539152145385742,10.568695068359375,0.7310457919346375,1.0,0.6931471805599453,1.0,0.0,0.0,0.0,0.0,1.0,0.18071946676719045,0.1771079416451362
4805.0,169.0,156.0,3262.0,6635.0,0.0,2.0,1.37343168258667,8.267439842224121,0.6981929510606716,0.0,0.0,0.0,0.0,0.0,0.0,0.0,0.0,0.1840718278062256,0.13465474821050413
6506.0,222.0,14.0,509.0,1173.0,0.0,402.0,1.70378577709198,1.3141202926635742,0.4928040324994058,0.0,0.0,0.0,0.0,0.0,0.0,0.0,0.0,0.19219053723667615,0.16450662604418398
3489.0,222.0,42.0,646.0,6017.0,0.0,79.0,1.6980193853378296,2.7804081439971924,0.5562346436552991,0.0,0.0,0.0,0.0,0.0,0.0,0.0,0.0,0.19941860787467716,0.1648979015153191
3489.0,123.0,324.0,929.0,2315.0,0.0,24.0,4.397338271141052,5.363943099975586,0.9006626747647914,0.0,0.0,0.0,0.0,0.0,0.0,0.0,0.0,0.405621640171241,0.3102465351862075
558.0,115.0,196.0,1161.0,4233.0,1.0,1.0,2.4787919521331787,6.317071437835693,0.7485770233124517,0.0,0.0,0.0,0.0,0.0,0.0,0.0,0.0,0.25408364495559976,0.19140852187166096
3655.0,169.0,290.0,3516.0,2996.0,0.0,187.0,1.9890244007110596,5.973069667816162,0.7078309422086856,1.0,0.6931471805599453,1.0,0.0,1.0,0.029599613524388523,0.5,1.0,0.22856299969412597,0.29113625657533926
3655.0,160.0,234.0,3990.0,2617.0,0.0,313.0,0.7794004678726196,1.2388439178466797,0.3437012036549476,0.0,0.0,0.0,0.0,0.0,0.0,0.0,0.0,0.12846026222596085,0.11353666332616791
3655.0,160.0,292.0,1115.0,711.0,0.0,316.0,5.5268261432647705,7.6040496826171875,0.9928709620900761,0.0,0.0,0.0,0.0,0.0,0.0,0.0,0.0,0.45775565437152405,0.3355620134983479
6699.0,160.0,294.0,5736.0,3341.0,0.0,6362.0,0.1897144317626953,5.360925197601318,0.2033636840992584,0.0,0.0,0.0,0.0,0.0,0.0,0.0,0.0,0.06717303283304706,0.055664189934870205
6699.0,127.0,92.0,885.0,1283.0,1.0,1.0,1.446681022644043,6.786211967468262,0.6713548608455973,1.0,0.6931471805599453,0.9803906099397734,0.0,1.0,0.99999999999898,0.5,1.0,0.19208338993185123,0.4380681802811128
4583.0,155.0,256.0,3155.0,1180.0,1.0,1.0,13.477893829345703,9.69154167175293,0.9999698549646757,0.0,0.0,0.0,0.0,0.0,0.0,0.0,0.0,0.6838637991897676,0.4965697906824854
373.0,160.0,151.0,5036.0,2242.0,0.0,1927.0,10.815177090466022,10.877469062805176,0.9999545042713622,1.0,0.6931471805599453,1.0,0.0,1.0,0.8448163338088635,0.5,1.0,0.5807103967107479,0.724350399882663
373.0,103.0,287.0,7106.0,4481.0,1.0,1.0,4.6594531536102295,6.766275882720947,0.9500756669614336,0.0,0.0,0.0,0.0,0.0,0.0,0.0,0.0,0.4184554682652641,0.3115162407657312
3168.0,103.0,183.0,3636.0,2661.0,1.0,1.0,3.397172451019287,5.699801921844482,0.9541004165852986,0.0,0.0,0.0,0.0,0.0,0.0,0.0,0.0,0.39822392910724674,0.30634316493420427
1160.0,18.0,26.0,1445.0,5665.0,0.0,509.0,1.3149669170379639,3.0787103176116943,0.578120288460762,0.0,0.0,0.0,0.0,0.0,0.0,0.0,0.0,0.19614229471363887,0.1621577231931382
1160.0,156.0,22.0,2437.0,5195.0,0.0,4209.0,2.1060984134674072,4.552220344543457,0.8256465621534954,0.0,0.0,0.0,0.0,0.0,0.0,0.0,0.0,0.3070678185381262,0.24283497733068546
3821.0,160.0,231.0,5246.0,1077.0,0.0,2.0,0.07484543323516846,-1.7023099660873413,0.30384605542195137,0.0,0.0,0.0,0.0,0.0,0.0,0.0,0.0,0.13090255269240783,0.12569777085509648
749.0,155.0,271.0,146.0,3675.0,1.0,1.0,12.152000904083252,8.218599319458008,0.9999229959032454,0.0,0.0,0.0,0.0,0.0,0.0,0.0,0.0,0.6679322067363237,0.4962246183998083
6556.0,63.0,231.0,5674.0,2974.0,0.0,4.0,0.08126449584960938,9.603259086608887,0.49308840680834676,0.0,0.0,0.0,0.0,0.0,0.0,0.0,0.0,0.0949510988302446,0.06965739556639745
6556.0,53.0,225.0,235.0,3171.0,1.0,1.0,1.7785933017730713,5.387206554412842,0.6745813297521813,0.0,0.0,0.0,0.0,0.0,0.0,0.0,0.0,0.2171085637228729,0.1687127424829797
6556.0,155.0,316.0,4030.0,4364.0,0.0,2802.0,0.06054353713989258,-0.20758885145187378,0.2593469981072847,0.0,0.0,0.0,0.0,0.0,0.0,0.0,0.0,0.10809271902483873,0.10110108699043911
6556.0,105.0,231.0,2974.0,6556.0,0.0,7.0,0.6227226257324219,7.245787620544434,0.39556685776985395,0.0,0.0,0.0,0.0,0.0,0.0,0.0,0.0,0.09571807592018007,0.07382817152959467
1791.0,160.0,363.0,1188.0,5498.0,0.0,335.0,1.7085542678833008,5.808004379272461,0.7966921195050504,0.0,0.0,0.0,0.0,0.0,0.0,0.0,0.0,0.2634148761823473,0.20331409259970384
1791.0,160.0,330.0,6293.0,711.0,0.0,3552.0,0.2826613187789917,1.639809012413025,0.2255822450537445,0.0,0.0,0.0,0.0,0.0,0.0,0.0,0.0,0.09150074353086501,0.08206561767765706
5648.0,156.0,225.0,1916.0,4740.0,0.0,3.0,0.2949412614107132,0.5360928177833557,0.2719113499461446,0.0,0.0,0.0,0.0,0.0,0.0,0.0,0.0,0.10887856998251633,0.09951744932901639
122.0,53.0,29.0,2694.0,1161.0,1.0,1.0,1.5144124031066895,8.877716064453125,0.6956399523557779,0.0,0.0,0.0,0.0,0.0,0.0,0.0,0.0,0.17942127615548886,0.12903791817196328
122.0,156.0,133.0,3600.0,776.0,0.0,45.0,0.8665971755981445,7.150664806365967,0.6615554828839982,0.0,0.0,0.0,0.0,0.0,0.0,0.0,0.0,0.1729368494605847,0.13113426658454141
4723.0,142.0,111.0,5306.0,1161.0,1.0,1.0,1.030919075012207,7.192943572998047,0.539235062459872,0.0,0.0,0.0,0.0,0.0,0.0,0.0,0.0,0.13698746104835824,0.10389085739875337
4723.0,53.0,128.0,3155.0,3995.0,0.0,5.0,6.595211029052734,20.513444900512695,0.9980270104075785,0.0,0.0,0.0,0.0,0.0,0.0,0.0,0.0,0.27946634773201007,0.14276558530961722
4723.0,156.0,36.0,1161.0,776.0,0.0,318.0,10.21517562866211,18.926837921142578,0.9999328401397465,0.0,0.0,0.0,0.0,0.0,0.0,0.0,0.0,0.41623919815687743,0.22306398562193738
4723.0,155.0,213.0,4304.0,3155.0,0.0,4.0,5.398224830627441,14.566261291503906,0.9944859295368091,0.0,0.0,0.0,0.0,0.0,0.0,0.0,0.0,0.33471885091941717,0.20428892343282368
4723.0,131.0,304.0,6410.0,2290.0,0.0,82.0,2.5174388885498047,7.3699188232421875,0.8750859175927714,0.0,0.0,0.0,0.0,0.0,0.0,0.0,0.0,0.30087926884661237,0.22258226890891575
4976.0,56.0,272.0,3688.0,6763.0,0.0,2900.0,0.7615714073181152,-2.5269408226013184,0.05073808966898101,0.0,0.0,0.0,0.0,0.0,0.0,0.0,0.0,0.08703878744627205,0.08621096238445589
5484.0,38.0,281.0,4286.0,876.0,0.0,27.0,12.623374938964844,17.78168487548828,0.9999953464217773,24.0,3.2188758248682006,0.9238395952400507,0.6765639783689221,0.8928825418428603,0.7616233386151114,0.7847232601058912,1.0,0.5175964489536878,0.7649497582926154
5484.0,38.0,294.0,4286.0,876.0,1.0,1.0,8.8938307762146,14.99887752532959,0.9997429743124606,27.0,3.332204510175204,0.9611657480580811,0.6610150596772508,0.9506684099283367,0.8826749171477342,0.8058417348027938,1.0,0.4420211099008127,0.7588586495679431
5484.0,229.0,29.0,4286.0,6407.0,1.0,1.0,2.1501712799072266,7.065358638763428,0.8779586809302067,1.0,0.6931471805599453,0.8705505632961241,0.0,1.0,0.9999999999988514,0.5,1.0,0.29654648201673417,0.5764905640619326
5484.0,222.0,317.0,5484.0,4286.0,0.0,22.0,4.703763008117676,13.235016822814941,0.9908707957854638,0.0,0.0,0.0,0.0,0.0,0.0,0.0,0.0,0.3333341402856933,0.21165402114884835
5484.0,143.0,300.0,4239.0,5484.0,0.0,5.0,0.41143226623535156,10.580879211425781,0.5961571327817877,0.0,0.0,0.0,0.0,0.0,0.0,0.0,0.0,0.11584161621264022,0.08192859916235112
5484.0,143.0,42.0,5484.0,4599.0,0.0,3.0,2.976372718811035,10.327871322631836,0.9479174080134496,0.0,0.0,0.0,0.0,0.0,0.0,0.0,0.0,0.3058232482822918,0.21091077993396712
5484.0,150.0,35.0,4286.0,2278.0,0.0,5686.0,1.1244601011276245,2.283118963241577,0.41841594447203345,1.0,0.6931471805599453,0.646816582731497,0.0,0.0,0.0,0.0,0.0,0.146344957168754,0.10584611001801225
5484.0,87.0,287.0,6407.0,2454.0,0.0,334.0,7.196914434432983,11.177149772644043,0.9979674150010003,0.0,0.0,0.0,0.0,0.0,0.0,0.0,0.0,0.4526460943040682,0.3027150070074225
5484.0,149.0,13.0,6407.0,711.0,1.0,1.0,3.629744291305542,5.035351753234863,0.9331194098496176,0.0,0.0,0.0,0.0,0.0,0.0,0.0,0.0,0.4051918178409329,0.3151209541745335
5484.0,51.0,208.0,4286.0,5484.0,0.0,4.0,7.358165264129639,12.102925300598145,0.9991122489779911,0.0,0.0,0.0,0.0,0.0,0.0,0.0,0.0,0.44214814318053014,0.28840958268427447
1328.0,160.0,342.0,5300.0,1677.0,0.0,977.0,0.8083863705396652,0.1563180536031723,0.3128521610692603,0.0,0.0,0.0,0.0,0.0,0.0,0.0,0.0,0.12935376336833418,0.11729199134088836
6200.0,53.0,77.0,4702.0,3155.0,0.0,7.0,9.029725193977356,10.531781196594238,0.99983300282329,3.0,1.3862943611198906,1.0,0.5346507488846897,1.0,0.9999999999995346,0.7673253744423448,1.0,0.5272305433876594,0.8083204566641009
6200.0,127.0,124.0,3155.0,2277.0,0.0,137.0,4.923816680908203,10.456770896911621,0.9767283893879115,3.0,1.3862943611198906,0.836743383392903,0.4335440791747709,1.0,0.9999999999994819,0.7167720395873854,1.0,0.37840276066561085,0.716901016283471
5114.0,156.0,110.0,1145.0,2100.0,1.0,1.0,14.029244184494019,17.18592643737793,0.9999979797262278,1.0,0.6931471805599453,0.5100008047105996,0.0,1.0,0.9999999999980392,0.5,1.0,0.5753288373781489,0.7355296574296536
5114.0,127.0,186.0,6381.0,1147.0,0.0,3448.0,1.8256824016571045,3.710904359817505,0.781766417961461,0.0,0.0,0.0,0.0,0.0,0.0,0.0,0.0,0.28974969301025133,0.23393103732185488
5114.0,160.0,271.0,4019.0,2683.0,0.0,2.0,2.2334647178649902,5.232252597808838,0.711332905653732,1.0,0.6931471805599453,0.3714985722842371,0.0,1.0,0.35081935302719647,0.5,1.0,0.24576585584839408,0.4322544660079235
2297.0,160.0,212.0,671.0,5800.0,0.0,5.0,1.2047134637832642,2.9265248775482178,0.5256983328794969,0.0,0.0,0.0,0.0,0.0,0.0,0.0,0.0,0.1764211341814408,0.14699332958972228
925.0,123.0,310.0,925.0,6890.0,0.0,3.0,2.9290599822998047,14.846383094787598,0.912105986634537,0.0,0.0,0.0,0.0,0.0,0.0,0.0,0.0,0.22451738652685105,0.13726046843592674
925.0,123.0,303.0,6635.0,3922.0,1.0,1.0,1.7000617980957031,13.787057876586914,0.8391313315197166,3.0,1.3862943611198906,0.8705505632961241,0.306096786951914,0.693903213048086,0.43809618651531373,0.5,1.0,0.1817047325174933,0.3260342304636289
925.0,169.0,260.0,3262.0,6890.0,0.0,121.0,0.9863653182983398,15.404189109802246,0.7258950886964364,2.0,1.0986122886681098,0.22199074391114454,0.48515121371725567,1.0,0.9137689291650156,0.7425756068586278,1.0,0.12012369009210576,0.40976788573142314
925.0,115.0,175.0,5395.0,925.0,0.0,13.0,0.842867374420166,8.3300142288208,0.4501552593712596,0.0,0.0,0.0,0.0,0.0,0.0,0.0,0.0,0.10312915310197618,0.07686589078711216
925.0,98.0,358.0,6635.0,6410.0,0.0,7.0,6.340776443481445,12.176067352294922,0.9962669412532513,1.0,0.6931471805599453,0.6341329040632923,0.0,0.0,0.0,0.0,0.0,0.4056081362411583,0.23034907749639394
925.0,223.0,184.0,5565.0,4478.0,0.0,29.0,2.000180721282959,5.799473762512207,0.7982667914540736,0.0,0.0,0.0,0.0,0.0,0.0,0.0,0.0,0.27200879272953693,0.20915429457058266
925.0,53.0,242.0,6635.0,4805.0,1.0,1.0,1.3368968963623047,15.317136764526367,0.7915306891325176,0.0,0.0,0.0,0.0,0.0,0.0,0.0,0.0,0.14437591016051957,0.088869934452511
2063.0,158.0,278.0,1188.0,4720.0,0.0,5597.0,0.5244051814079285,-0.6656505465507507,0.010489710637971656,0.0,0.0,0.0,0.0,0.0,0.0,0.0,0.0,0.06823406167951247,0.06564040150018409
5397.0,103.0,290.0,986.0,4377.0,0.0,1.0,0.6269431114196777,6.373782157897949,0.6491570113818419,1.0,0.6931471805599453,1.0,0.0,1.0,0.9999999999989999,0.5,1.0,0.17207570338911296,0.4121731946163519
1090.0,56.0,73.0,1161.0,2694.0,0.0,16.0,1.8842987082898617,1.8412599563598633,0.4216510485367421,0.0,0.0,0.0,0.0,0.0,0.0,0.0,0.0,0.16506072742669392,0.13973564257898943
1090.0,160.0,185.0,4506.0,1446.0,0.0,1886.0,2.9247965812683105,5.831611633300781,0.9223041349375525,0.0,0.0,0.0,0.0,0.0,0.0,0.0,0.0,0.36287794285659064,0.27834905996012266
1090.0,160.0,86.0,1183.0,1010.0,0.0,636.0,1.641071081161499,2.5720877647399902,0.6650492749707586,0.0,0.0,0.0,0.0,0.0,0.0,0.0,0.0,0.2459459633185976,0.20396734807616895
1090.0,90.0,159.0,4029.0,2798.0,1.0,1.0,4.417593479156494,6.780972003936768,0.9504147932746818,0.0,0.0,0.0,0.0,0.0,0.0,0.0,0.0,0.4104601543970566,0.3058423822899362
5471.0,160.0,73.0,2560.0,6542.0,0.0,3020.0,0.33186548948287964,1.324473261833191,0.4525859230273341,0.0,0.0,0.0,0.0,0.0,0.0,0.0,0.0,0.15200237327572255,0.1341847232694142
5471.0,150.0,160.0,4950.0,4278.0,0.0,4298.0,0.8484501838684082,6.1262593269348145,0.6921367371669123,0.0,0.0,0.0,0.0,0.0,0.0,0.0,0.0,0.19473114244647324,0.15116155975018286
5471.0,90.0,121.0,3993.0,329.0,1.0,1.0,7.841245770454407,8.295563697814941,0.9984358037440599,0.0,0.0,0.0,0.0,0.0,0.0,0.0,0.0,0.5266934189175718,0.38027600153441604
5471.0,61.0,45.0,1122.0,649.0,0.0,6671.0,0.9119422435760498,3.0083389282226562,0.38480636477966207,0.0,0.0,0.0,0.0,0.0,0.0,0.0,0.0,0.12721821014363263,0.10744857688638418
2699.0,160.0,247.0,4805.0,4694.0,0.0,646.0,4.124325156211853,5.766223907470703,0.9735919285578848,0.0,0.0,0.0,0.0,0.0,0.0,0.0,0.0,0.43231755058424903,0.33149882939073116
2699.0,2.0,343.0,4822.0,4319.0,0.0,4377.0,0.1555115059018135,-0.06622622162103653,0.02849665966012191,0.0,0.0,0.0,0.0,0.0,0.0,0.0,0.0,0.06513015561346923,0.06228055179569833
2823.0,160.0,96.0,1182.0,875.0,0.0,117.0,5.730230093002319,9.421364784240723,0.99578224313201,0.0,0.0,0.0,0.0,0.0,0.0,0.0,0.0,0.433782817809606,0.30392760872839397
2823.0,42.0,14.0,4453.0,2202.0,0.0,6643.0,0.429898738861084,2.1707866191864014,0.19479360475612217,0.0,0.0,0.0,0.0,0.0,0.0,0.0,0.0,0.08407931696056695,0.07450643689135103
4904.0,103.0,79.0,4904.0,6635.0,0.0,2.0,0.4988088607788086,8.631937026977539,0.6213477514061905,0.0,0.0,0.0,0.0,0.0,0.0,0.0,0.0,0.1395775749691188,0.10308731606653374
4904.0,156.0,93.0,4415.0,6635.0,0.0,19.0,1.3187575340270996,6.759738445281982,0.7004637549670454,0.0,0.0,0.0,0.0,0.0,0.0,0.0,0.0,0.20072523759567726,0.15228202471966695
4904.0,156.0,56.0,1176.0,917.0,0.0,143.0,0.48499083518981934,3.5811047554016113,0.33861125629128724,5.0,1.791759469228055,0.646816582731497,0.14889929593644158,1.0,0.9999999999996579,0.5744496479682208,1.0,0.10561998976947179,0.3839967540718507
3719.0,6.0,140.0,3651.0,1202.0,0.0,746.0,0.3448880836367607,-0.11256120353937149,0.21646747240200953,0.0,0.0,0.0,0.0,0.0,0.0,0.0,0.0,0.10136668315686988,0.09441701800068393
3726.0,12.0,192.0,4068.0,3155.0,0.0,36.0,0.512482225894928,1.0287340879440308,0.06726976192483408,0.0,0.0,0.0,0.0,0.0,0.0,0.0,0.0,0.06903540542190796,0.06354226962981595
3726.0,38.0,155.0,1183.0,4417.0,1.0,1.0,1.6362961530685425,2.3756091594696045,0.6403574716999513,2.0,1.0986122886681098,0.06127441312123586,0.4950491105234984,0.0,0.0,0.2475245552617492,0.0,0.23752982419300667,0.2830945544385151
3726.0,6.0,324.0,1183.0,3726.0,1.0,1.0,6.278094291687012,13.507828712463379,0.9979411074816077,4.0,1.6094379124341003,0.9803906099397734,0.06093095112936997,0.9945490185791912,0.9788496943158983,0.5277399848542805,1.0,0.3815422661139198,0.6142660786070941
972.0,162.0,351.0,2278.0,1759.0,1.0,1.0,7.223030090332031,6.008449077606201,0.9844306157070383,0.0,0.0,0.0,0.0,0.0,0.0,0.0,0.0,0.5387037598445535,0.4091356152734792
793.0,160.0,138.0,6890.0,2175.0,0.0,7081.0,1.5612615048885345,2.0043020248413086,0.7369114636080238,0.0,0.0,0.0,0.0,0.0,0.0,0.0,0.0,0.2855942653673037,0.2399487449987071
3353.0,160.0,29.0,38.0,382.0,0.0,190.0,0.12537860870361328,-4.0806169509887695,0.0443789385110735,0.0,0.0,0.0,0.0,0.0,0.0,0.0,0.0,0.08792846286670536,0.09155756303788343
5803.0,156.0,311.0,2683.0,1928.0,1.0,1.0,1.8943437933921814,2.2396233081817627,0.4053187619156172,0.0,0.0,0.0,0.0,0.0,0.0,0.0,0.0,0.15605462875630716,0.13106537187866782
5803.0,155.0,297.0,6410.0,2442.0,1.0,1.0,5.83867621421814,7.608423233032227,0.9867259380128556,0.0,0.0,0.0,0.0,0.0,0.0,0.0,0.0,0.4644743574556711,0.33983599105375156
5911.0,53.0,51.0,5069.0,909.0,1.0,1.0,6.766222834587097,8.407877922058105,0.9979176343746444,0.0,0.0,0.0,0.0,0.0,0.0,0.0,0.0,0.48804022163373195,0.3507713108470278
846.0,160.0,259.0,3155.0,6559.0,0.0,1402.0,0.07191753387451172,7.765176296234131,0.5113280319154553,0.0,0.0,0.0,0.0,0.0,0.0,0.0,0.0,0.1111676233303741,0.08504696830434304
2650.0,169.0,162.0,669.0,3726.0,0.0,6282.0,1.0322742462158203,6.964848518371582,0.7069389836876362,0.0,0.0,0.0,0.0,0.0,0.0,0.0,0.0,0.19470121326051987,0.14773154309561298
2650.0,169.0,231.0,669.0,2650.0,0.0,654.0,3.761411190032959,7.514042854309082,0.9503211983004125,0.0,0.0,0.0,0.0,0.0,0.0,0.0,0.0,0.37658298367888365,0.2767943684774855
2650.0,156.0,294.0,5264.0,2906.0,0.0,129.0,0.05529409646987915,0.4636193811893463,0.21054702399249559,0.0,0.0,0.0,0.0,0.0,0.0,0.0,0.0,0.09302358945241061,0.08623427347290726
2650.0,160.0,9.0,1183.0,4451.0,0.0,225.0,1.141538381576538,3.1765525341033936,0.6165153419464865,0.0,0.0,0.0,0.0,0.0,0.0,0.0,0.0,0.20609983347754787,0.1703454701063979
2917.0,127.0,27.0,4545.0,5762.0,0.0,5141.0,0.4239487648010254,-0.5752054452896118,0.12154548690765311,0.0,0.0,0.0,0.0,0.0,0.0,0.0,0.0,0.085749864874687,0.0814125374095975
2974.0,185.0,246.0,2445.0,2695.0,0.0,3.0,2.1620664596557617,7.926548004150391,0.7785165334176183,0.0,0.0,0.0,0.0,0.0,0.0,0.0,0.0,0.23791388503020738,0.17349659009406226
2974.0,170.0,260.0,2695.0,1175.0,0.0,3.0,2.069213390350342,7.4560394287109375,0.7939097475983794,0.0,0.0,0.0,0.0,0.0,0.0,0.0,0.0,0.24870142475155482,0.18376113583043227
2974.0,86.0,341.0,2695.0,2445.0,0.0,2919.0,3.217104911804199,11.74221134185791,0.9526793311357776,0.0,0.0,0.0,0.0,0.0,0.0,0.0,0.0,0.2935733913597981,0.19494405175712035
2974.0,160.0,230.0,2445.0,6556.0,0.0,985.0,4.204156875610352,13.954741477966309,0.9815720470616726,2.0,1.0986122886681098,0.9423178739918808,0.01833127589482353,0.0,0.0,0.009165637947411764,0.0,0.3025461606321798,0.15360128176425403
2974.0,160.0,233.0,2445.0,6556.0,1.0,1.0,9.929205894470215,18.211585998535156,0.9999507603233178,2.0,1.0986122886681098,0.8879629756445782,0.01833127589482353,0.0,0.0,0.009165637947411764,0.0,0.4194408058937731,0.19181595258867087
2974.0,160.0,258.0,2445.0,5219.0,0.0,10.0,8.164840698242188,15.33228874206543,0.9995316514156891,3.0,1.3862943611198906,0.836743383392903,0.3971890811762593,0.0,0.0,0.19859454058812964,0.0,0.4118868918593076,0.26929646510245675
2974.0,160.0,26.0,2445.0,2695.0,0.0,5.0,4.340970993041992,14.336590766906738,0.9871359831080763,1.0,0.6931471805599453,1.0,0.0,0.0,0.0,0.0,1.0,0.30344570559757195,0.25937138623964084
2974.0,53.0,240.0,6556.0,2445.0,0.0,2.0,2.4499664306640625,16.596521377563477,0.9019696690206851,2.0,1.0986122886681098,1.0,0.0,1.0,0.3377486972983249,0.5,1.0,0.18916654078435355,0.24668698860431362
2974.0,63.0,265.0,2445.0,2695.0,0.0,2.0,6.570925712585449,9.382523536682129,0.9961669916468109,0.0,0.0,0.0,0.0,0.0,0.0,0.0,0.0,0.4628107832650235,0.32434632725739954
2974.0,155.0,350.0,146.0,2445.0,1.0,1.0,3.128174304962158,7.386453151702881,0.9398557723469615,0.0,0.0,0.0,0.0,0.0,0.0,0.0,0.0,0.35304723166918706,0.26117328700031567
2974.0,105.0,231.0,6556.0,2445.0,0.0,4.0,0.9153261184692383,8.356331825256348,0.6193637096892561,0.0,0.0,0.0,0.0,0.0,0.0,0.0,0.0,0.14838588512727902,0.10940746389600076
438.0,224.0,187.0,6792.0,2278.0,0.0,1556.0,5.7224156856536865,7.569159984588623,0.9934910716433679,1.0,0.6931471805599453,1.0,0.0,1.0,0.09869865099269624,0.5,1.0,0.46532643000326757,0.5165725431080673
3147.0,171.0,48.0,925.0,2695.0,0.0,3697.0,1.169477939605713,6.2420806884765625,0.6408216174519501,0.0,0.0,0.0,0.0,0.0,0.0,0.0,0.0,0.18120775518533003,0.1396129909800325
3147.0,169.0,231.0,6635.0,956.0,0.0,1073.0,0.6751728057861328,9.819156646728516,0.6282081154670446,0.0,0.0,0.0,0.0,0.0,0.0,0.0,0.0,0.13419348953303686,0.0959943966284978
4313.0,61.0,74.0,4313.0,6994.0,0.0,325.0,0.7046525478363037,3.444944381713867,0.45214863174687037,0.0,0.0,0.0,0.0,0.0,0.0,0.0,0.0,0.1390563591290163,0.11625118048594284
4313.0,160.0,173.0,6830.0,2603.0,0.0,525.0,4.511753559112549,9.257052421569824,0.9862206192601429,0.0,0.0,0.0,0.0,0.0,0.0,0.0,0.0,0.39118917636371503,0.2758072187342147
4313.0,53.0,175.0,6344.0,2672.0,1.0,1.0,3.5835782885551453,4.151278972625732,0.9117739134101379,0.0,0.0,0.0,0.0,0.0,0.0,0.0,0.0,0.4067180200149827,0.3219091392310352
4313.0,53.0,262.0,4483.0,562.0,1.0,1.0,1.2176027297973633,9.753426551818848,0.7703926558027073,0.0,0.0,0.0,0.0,0.0,0.0,0.0,0.0,0.19097640349742984,0.13520794761323582
3494.0,160.0,352.0,1873.0,2442.0,0.0,156.0,2.5856432914733887,9.634648323059082,0.9266822882981836,2.0,1.0986122886681098,1.0,0.007601082655305791,0.9923989173446942,0.3708877414135113,0.5,1.0,0.2945209925043626,0.41444676826334614
3494.0,157.0,223.0,1161.0,1873.0,0.0,23.0,2.1356449127197266,8.256814956665039,0.8108785620091569,1.0,0.6931471805599453,1.0,0.0,1.0,0.9999999999989999,0.5,1.0,0.24719022851854383,0.49833008698927056
5004.0,160.0,239.0,776.0,103.0,0.0,1697.0,1.705641269683838,5.356233596801758,0.6471996370691647,0.0,0.0,0.0,0.0,0.0,0.0,0.0,0.0,0.20485929499533187,0.15953075004701495
5004.0,38.0,187.0,956.0,5736.0,0.0,1603.0,1.8673455715179443,3.1820993423461914,0.6266758924153705,0.0,0.0,0.0,0.0,0.0,0.0,0.0,0.0,0.22681452136386335,0.18500534478598937
5004.0,142.0,362.0,2290.0,3566.0,0.0,3.0,0.09911060333251953,7.0921244621276855,0.39513978991954835,1.0,0.6931471805599453,0.03885612153734319,0.0,0.0,0.0,0.0,0.0,0.09059174609369021,0.07347094843189289
5004.0,156.0,352.0,2290.0,927.0,0.0,1478.0,1.2925753593444824,9.12269115447998,0.7831267862156003,0.0,0.0,0.0,0.0,0.0,0.0,0.0,0.0,0.20469661343192352,0.14699286409733775
4019.0,53.0,324.0,4185.0,2545.0,0.0,3.0,1.67356538772583,8.683176040649414,0.7307204263621738,5.0,1.791759469228055,0.39423912305778674,0.35420303017954946,0.0,0.0,0.17710151508977473,0.0,0.19779350907861004,0.18072782814210187
4019.0,53.0,224.0,4185.0,5114.0,0.0,2.0,1.5051050186157227,12.101119995117188,0.8100447106961451,3.0,1.3862943611198906,0.24509765248494336,0.10261402553025045,0.0,0.0,0.051307012765125226,0.0,0.1855439816176473,0.13455601161906325
3241.0,156.0,128.0,1175.0,2661.0,0.0,2.0,0.19214296340942383,5.906043529510498,0.5458138421437104,1.0,0.6931471805599453,0.40212454001574466,0.0,1.0,0.5871745871256044,0.5,1.0,0.1364700627392043,0.32408642611311794
3241.0,127.0,218.0,1175.0,5037.0,0.0,94.0,0.6749958992004395,6.335352420806885,0.5017812478636539,0.0,0.0,0.0,0.0,0.0,0.0,0.0,0.0,0.12821638038627672,0.10013356279550699
3241.0,53.0,130.0,4004.0,6411.0,0.0,4.0,3.640652656555176,12.336043357849121,0.9482234895216971,0.0,0.0,0.0,0.0,0.0,0.0,0.0,0.0,0.29430717901096,0.19159208771763586
3241.0,160.0,254.0,6568.0,2454.0,1.0,1.0,8.401756763458252,14.471402168273926,0.9996116625713045,15.0,2.772588722239781,0.8042490800314893,0.7021008318711379,0.9952522245166144,0.975968022831803,0.8486765281938762,1.0,0.43496525657787255,0.7833903743014419
3241.0,142.0,321.0,1019.0,5196.0,1.0,1.0,4.149363040924072,8.078258514404297,0.9664396436778772,0.0,0.0,0.0,0.0,0.0,0.0,0.0,0.0,0.38849694578542054,0.2816576721261738
745.0,169.0,233.0,4185.0,1145.0,0.0,5.0,1.835946798324585,4.681182861328125,0.5983834617843388,0.0,0.0,0.0,0.0,0.0,0.0,0.0,0.0,0.19665501053044637,0.155275796237793
2394.0,160.0,208.0,2471.0,4096.0,0.0,181.0,1.5796981155872345,1.5161606073379517,0.45045697423293546,1.0,0.6931471805599453,0.35006974482590136,0.0,1.0,0.9999999999971435,0.5,1.0,0.17231885972712435,0.49987702097435205
4410.0,160.0,69.0,2435.0,382.0,0.0,172.0,3.3472108840942383,2.015735149383545,0.837184513839313,0.0,0.0,0.0,0.0,0.0,0.0,0.0,0.0,0.3930214580469234,0.32408198468443467
6017.0,169.0,19.0,6017.0,3380.0,0.0,32.0,2.1661229133605957,9.119943618774414,0.8480035855831377,0.0,0.0,0.0,0.0,0.0,0.0,0.0,0.0,0.25302077194080685,0.17986023438928073
6017.0,98.0,243.0,3262.0,2290.0,0.0,19.0,4.808600425720215,13.003885269165039,0.9776860257669954,0.0,0.0,0.0,0.0,0.0,0.0,0.0,0.0,0.3331425046385947,0.2122350894778486
6017.0,98.0,7.0,6017.0,3155.0,0.0,2.0,5.19528865814209,15.614168167114258,0.9944622493837608,0.0,0.0,0.0,0.0,0.0,0.0,0.0,0.0,0.3121089607588078,0.1851502915744256
6017.0,142.0,62.0,5527.0,5036.0,0.0,6.0,0.12141132354736328,6.69854211807251,0.2716253247657751,0.0,0.0,0.0,0.0,0.0,0.0,0.0,0.0,0.07092675761150888,0.056693010917473786
6017.0,142.0,362.0,1115.0,6017.0,0.0,12.0,3.3451337814331055,17.2755126953125,0.9647285969390971,0.0,0.0,0.0,0.0,0.0,0.0,0.0,0.0,0.22577180752686057,0.12934135346900513
6017.0,142.0,10.0,5421.0,2527.0,0.0,2.0,3.9283852577209473,10.140146255493164,0.9617092750639601,0.0,0.0,0.0,0.0,0.0,0.0,0.0,0.0,0.34430151017370786,0.23720667929704703
6017.0,156.0,292.0,3380.0,2265.0,0.0,408.0,6.103802680969238,15.089256286621094,0.9971385433309797,0.0,0.0,0.0,0.0,0.0,0.0,0.0,0.0,0.34910042530733154,0.20948360790359588
906.0,160.0,216.0,3262.0,1154.0,1.0,1.0,4.536345958709717,8.867570877075195,0.987508769315963,1.0,0.6931471805599453,0.40212454001574466,0.0,1.0,0.9999999999975132,0.5,1.0,0.3994660781270315,0.6924687297339672
3990.0,53.0,221.0,711.0,2617.0,0.0,13.0,3.984372138977051,12.965256690979004,0.9760467420489266,0.0,0.0,0.0,0.0,0.0,0.0,0.0,0.0,0.30861642553099766,0.19782205922143428
3990.0,53.0,170.0,3990.0,3159.0,0.0,3.0,21.220678329467773,31.64349365234375,0.9999999993454489,0.0,0.0,0.0,0.0,0.0,0.0,0.0,0.0,0.5570593121038672,0.21684862218628687
3990.0,160.0,172.0,3159.0,2617.0,0.0,96.0,11.698277473449707,20.373157501220703,0.9999916440215636,6.0,1.9459101490553132,0.9611657480580811,0.5251427715776995,0.69859045539059,0.3560634625897212,0.6118666134841447,1.0,0.43972401727576227,0.5498694425669892
3990.0,160.0,71.0,2300.0,3159.0,0.0,2.0,0.19293498992919922,2.5389204025268555,0.47717309361871585,0.0,0.0,0.0,0.0,0.0,0.0,0.0,0.0,0.1459852897071583,0.12566298756026675
3990.0,160.0,227.0,359.0,3380.0,1.0,1.0,0.39854001998901367,5.300629615783691,0.4581382590338382,0.0,0.0,0.0,0.0,0.0,0.0,0.0,0.0,0.1208453094849418,0.09750033975114114
3990.0,156.0,223.0,2300.0,3758.0,0.0,575.0,4.6042375564575195,17.395832061767578,0.9895199051256032,0.0,0.0,0.0,0.0,0.0,0.0,0.0,0.0,0.26676769444212245,0.15097135697738803
3990.0,156.0,221.0,2617.0,5046.0,0.0,1123.0,6.388198375701904,11.147379875183105,0.9968125472457753,0.0,0.0,0.0,0.0,0.0,0.0,0.0,0.0,0.4255693571850798,0.2847653816602278
3990.0,90.0,220.0,2617.0,2300.0,0.0,2.0,0.19167709350585938,9.705973625183105,0.4969889887107262,0.0,0.0,0.0,0.0,0.0,0.0,0.0,0.0,0.09641254633806814,0.07036441198447413
3990.0,155.0,144.0,3159.0,3155.0,0.0,47.0,4.972098350524902,13.887378692626953,0.9904141489766922,0.0,0.0,0.0,0.0,0.0,0.0,0.0,0.0,0.33066172485439427,0.2059239653302253
5455.0,229.0,271.0,6479.0,244.0,1.0,1.0,1.46612548828125,9.920595169067383,0.6784823956429759,0.0,0.0,0.0,0.0,0.0,0.0,0.0,0.0,0.16196964543509018,0.1137092673145689
5455.0,229.0,217.0,2427.0,1148.0,0.0,2.0,2.4009857177734375,11.942357063293457,0.9144144179002865,0.0,0.0,0.0,0.0,0.0,0.0,0.0,0.0,0.2506546697253866,0.1663549449521473
5455.0,229.0,237.0,1148.0,2547.0,1.0,1.0,10.512857913970947,14.24790096282959,0.999930265051626,7.0,2.0794415416798357,0.5743491774985175,0.6264118183533438,0.726732155903456,0.44021414984043433,0.6765719871283999,1.0,0.5101859890775875,0.7260622528321669
5455.0,160.0,237.0,1148.0,244.0,0.0,83.0,7.086576461791992,12.756128311157227,0.9990140953595946,0.0,0.0,0.0,0.0,0.0,0.0,0.0,0.0,0.42148171574916304,0.2699237342194162
5455.0,160.0,15.0,3149.0,5497.0,0.0,73.0,2.921719551086426,12.384209632873535,0.89894923645096,0.0,0.0,0.0,0.0,0.0,0.0,0.0,0.0,0.2508707739458102,0.1633966793950014
5455.0,160.0,108.0,4265.0,2427.0,0.0,507.0,1.4369773864746094,5.966733455657959,0.6799731620754382,0.0,0.0,0.0,0.0,0.0,0.0,0.0,0.0,0.2046067090024774,0.15780114471903375
5455.0,173.0,240.0,1148.0,2547.0,1.0,1.0,7.253230571746826,11.425487518310547,0.9976819228253272,3.0,1.3862943611198906,0.24509765248494336,0.348517571834138,1.0,0.999999999997342,0.674258785917069,1.0,0.44990913824933226,0.7824045944203207
5455.0,38.0,134.0,1148.0,3378.0,1.0,1.0,10.403658866882324,14.324111938476562,0.9999491677064194,22.0,3.1354942159291497,0.9611657480580811,0.6997181617187737,0.5935789992016259,0.3270398856325483,0.6466485804601998,1.0,0.5051283026735935,0.6952874288019045
5455.0,38.0,167.0,1148.0,5455.0,1.0,1.0,3.387723445892334,8.996228218078613,0.9630754338107851,27.0,3.332204510175204,0.8042490800314893,0.7608263653196804,0.7593852408277081,0.5381915362289644,0.7601058030736942,1.0,0.3472445628645402,0.6990967100970639
5455.0,38.0,133.0,2547.0,1148.0,0.0,2.0,0.7941074371337891,8.872462272644043,0.6729202697330842,0.0,0.0,0.0,0.0,0.0,0.0,0.0,0.0,0.1581545767636878,0.11529203001322619
5455.0,38.0,34.0,1148.0,4265.0,1.0,1.0,0.4010334014892578,16.57732582092285,0.5987996149477067,4.0,1.6094379124341003,0.9238395952400507,0.5074724510880273,0.8078244103746125,0.6264514608730796,0.65764843073132,1.0,0.07859622311222478,0.21033241174430956
5455.0,38.0,89.0,1148.0,4265.0,1.0,1.0,8.379653930664062,20.028656005859375,0.9997457065071557,11.0,2.4849066497880004,0.9803906099397734,0.8132846896213898,0.0,0.0,0.4066423448106949,0.0,0.339255450582901,0.25928219514793766
5455.0,38.0,281.0,1148.0,4265.0,0.0,2.0,21.598339080810547,31.024091720581055,0.9999999995512179,52.0,3.970291913552122,0.9611657480580811,0.8098091543470397,0.6382213155987614,0.4420045784684226,0.7240152349729005,1.0,0.5805760427018761,0.6663675799240799
5455.0,222.0,126.0,4265.0,5455.0,0.0,6.0,4.836160659790039,11.030317306518555,0.987724869565866,2.0,1.0986122886681098,0.4528618321319533,0.2555120532523478,0.0,0.0,0.1277560266261739,0.0,0.3721018382424604,0.27510438519282726
5455.0,222.0,118.0,1148.0,5455.0,0.0,30.0,4.009932041168213,10.786519050598145,0.9764065748363949,8.0,2.1972245773362196,0.820335356007638,0.7020606836400698,0.712242977750262,0.46714465824534135,0.7071518306951659,1.0,0.3442211799104123,0.6357631440673798
5455.0,159.0,275.0,6823.0,6479.0,0.0,4.0,0.969301700592041,5.91180944442749,0.6010796996437299,0.0,0.0,0.0,0.0,0.0,0.0,0.0,0.0,0.16699150704426374,0.13028058426762323
5455.0,151.0,266.0,1148.0,4453.0,0.0,5.0,0.691697359085083,3.4269204139709473,0.2797841843803544,1.0,0.6931471805599453,0.016256301300341194,0.0,1.0,0.9999999999384854,0.5,1.0,0.0963092945067772,0.36737378634546886
5455.0,51.0,93.0,1148.0,5455.0,0.0,1242.0,0.3805513381958008,13.020318031311035,0.5939897339793808,3.0,1.3862943611198906,0.8534795977333005,0.3763531675488129,1.0,0.999999999999559,0.6881765837744065,1.0,0.09810873087408242,0.32626304237933434
5455.0,156.0,309.0,1148.0,6979.0,0.0,40.0,6.217601299285889,12.197322845458984,0.9946437639032744,7.0,2.0794415416798357,0.12254882624247168,0.5759904116447974,0.0,0.0,0.2879952058223987,0.0,0.40029054387851876,0.3877222720921486
5455.0,156.0,327.0,1148.0,2427.0,1.0,1.0,10.152873516082764,17.770864486694336,0.999958050910532,7.0,2.0794415416798357,0.08580127266283155,0.5759904116447975,0.0,0.0,0.28799520582239874,0.0,0.4346497417510006,0.3675693413077768
5455.0,6.0,259.0,2427.0,3706.0,0.0,5.0,2.3877458572387695,5.644721031188965,0.8382500077784194,1.0,0.6931471805599453,0.06900559460461328,0.0,0.0,0.0,0.0,0.0,0.3048073282913137,0.23924860118940464
5455.0,127.0,338.0,1148.0,5455.0,1.0,1.0,11.03381061553955,19.177248001098633,0.9999833059466602,1.0,0.6931471805599453,0.047366142703449944,0.0,0.0,0.0,0.0,0.0,0.4389169891309904,0.24052123603011413
5455.0,223.0,188.0,1148.0,4265.0,1.0,1.0,2.2294132709503174,5.7674641609191895,0.7634433222772216,2.0,1.0986122886681098,0.9803906099397734,0.02451661301770358,1.0,0.9999999999990049,0.5122583065088517,1.0,0.2621053121072647,0.5477861644793648
5455.0,223.0,321.0,1148.0,4265.0,0.0,2.0,5.455267429351807,12.053997039794922,0.995630740592339,2.0,1.0986122886681098,0.07038581755577238,0.02451661301770358,1.0,0.9999999999861409,0.5122583065088517,1.0,0.37881802424444155,0.6890144513316673
4706.0,160.0,12.0,2460.0,4702.0,0.0,32.0,1.6708587110042572,0.1963718831539154,0.6614907173643964,0.0,0.0,0.0,0.0,0.0,0.0,0.0,0.0,0.27830093590428834,0.24247703103293605
501.0,224.0,190.0,2683.0,4212.0,0.0,11.0,0.6662280559539795,3.744858741760254,0.606795689544815,0.0,0.0,0.0,0.0,0.0,0.0,0.0,0.0,0.18581695500656273,0.15308370011043998
3100.0,38.0,193.0,1145.0,1434.0,1.0,1.0,2.2224346101284027,2.4083919525146484,0.7410843850343817,4.0,1.6094379124341003,0.08926792578302195,0.5713032711274895,1.0,0.9999999999951976,0.7856516355637447,1.0,0.3001281422758053,0.7824268152882571
3100.0,38.0,100.0,1145.0,2683.0,1.0,1.0,9.318981885910034,7.102323532104492,0.9993722361220743,4.0,1.6094379124341003,0.5630865404461788,0.5713032711274895,1.0,0.9999999999992386,0.7856516355637447,1.0,0.5975601584202436,0.8812431264073775
3100.0,150.0,364.0,1145.0,1353.0,1.0,1.0,7.877940207719803,8.342020034790039,0.9979707146887877,4.0,1.6094379124341003,0.020617311105826472,0.22717186519047705,1.0,0.9999999999625157,0.6135859325952385,1.0,0.5268123648904458,0.8376015332246901
467.0,224.0,146.0,1176.0,917.0,1.0,1.0,12.001564979553223,18.072429656982422,0.9999924608168805,11.0,2.4849066497880004,0.7884782461155736,0.6881397518296116,0.7141195088030103,0.4647737322864339,0.701129630316311,1.0,0.4913233290603845,0.6879037842602099
467.0,50.0,53.0,1176.0,6635.0,0.0,2.0,1.2533936500549316,7.360678672790527,0.7556227705315869,0.0,0.0,0.0,0.0,0.0,0.0,0.0,0.0,0.21396294054794493,0.1602610704790957
2066.0,127.0,89.0,3262.0,6293.0,0.0,147.0,1.986638069152832,6.405461311340332,0.80568832272274,2.0,1.0986122886681098,1.0,0.21297628825416726,0.7870237117458327,0.5612511245387188,0.5,1.0,0.2665349916174875,0.4794616779291302
2066.0,127.0,336.0,6410.0,6568.0,1.0,15.5,1.2756061553955078,9.296492576599121,0.6966715377885689,5.0,1.791759469228055,0.9803906099397734,0.32917723933001175,0.6708227606699882,0.18086880803388433,0.5,1.0,0.1707399060075931,0.2917669086634974
2066.0,127.0,160.0,5037.0,929.0,0.0,3812.0,4.2308197021484375,13.24256420135498,0.9855778525735702,1.0,0.6931471805599453,0.08751743620647534,0.0,0.0,0.0,0.0,0.0,0.3163956227181763,0.20439440441531015
2066.0,53.0,336.0,6635.0,1171.0,0.0,4.0,1.418701171875,9.442106246948242,0.6739707625219377,0.0,0.0,0.0,0.0,0.0,0.0,0.0,0.0,0.164339607604346,0.11681774634208182
2066.0,155.0,302.0,5037.0,2596.0,0.0,2.0,2.6304688453674316,9.258523941040039,0.8843521724585902,2.0,1.0986122886681098,0.21336989943332518,0.02548192351547507,0.0,0.0,0.012740961757737534,0.0,0.2804493302648209,0.2020182411140034
2066.0,155.0,299.0,6410.0,5037.0,1.0,1.0,4.796242713928223,8.926288604736328,0.9741332588939479,2.0,1.0986122886681098,0.5858370854182298,0.0,1.0,0.5747871867544273,0.5,1.0,0.39914415226564676,0.5969975721369596
2066.0,160.0,290.0,956.0,4805.0,0.0,30.0,1.211400032043457,8.144268035888672,0.6422045739540071,0.0,0.0,0.0,0.0,0.0,0.0,0.0,0.0,0.16288755572822658,0.11994476282431489
4217.0,191.0,78.0,1128.0,4217.0,0.0,961.0,4.845693826675415,8.075058937072754,0.9854765177550373,0.0,0.0,0.0,0.0,0.0,0.0,0.0,0.0,0.4222880368557039,0.3061735057007548
3372.0,155.0,154.0,3170.0,2327.0,0.0,1.0,1.4414639472961426,7.78370475769043,0.7916107403365,1.0,0.6931471805599453,1.0,0.0,1.0,0.01980161645202719,0.5,1.0,0.22799210969219574,0.2807809111712507
4089.0,56.0,246.0,6785.0,6823.0,0.0,35.0,1.0696325302124023,7.457296371459961,0.681225564672028,0.0,0.0,0.0,0.0,0.0,0.0,0.0,0.0,0.1805972113966773,0.1354116232977428
4089.0,160.0,255.0,6699.0,5682.0,0.0,54.0,0.10710716247558594,4.266039848327637,0.34100755201525523,0.0,0.0,0.0,0.0,0.0,0.0,0.0,0.0,0.09698469938205287,0.08142636049843581
4089.0,155.0,246.0,6635.0,4319.0,0.0,2.0,0.5453329086303711,8.694366455078125,0.6107868528486192,0.0,0.0,0.0,0.0,0.0,0.0,0.0,0.0,0.13675826738716063,0.1008050965304409
3473.0,169.0,211.0,7084.0,4415.0,0.0,6621.0,1.613255262374878,0.35868847370147705,0.33437853112122967,0.0,0.0,0.0,0.0,0.0,0.0,0.0,0.0,0.1467092726763267,0.12982227686221487
3473.0,105.0,280.0,818.0,3706.0,0.0,5651.0,0.15869522094726562,-1.4151222705841064,0.028385842333536443,0.0,0.0,0.0,0.0,0.0,0.0,0.0,0.0,0.07134563580038741,0.07026709448796435
1493.0,224.0,133.0,537.0,2103.0,0.0,2390.0,2.295097678899765,-0.22316423058509827,0.5280771561385861,0.0,0.0,0.0,0.0,0.0,0.0,0.0,0.0,0.23873901442914408,0.20841608917976664
2713.0,160.0,298.0,2713.0,3290.0,0.0,22.0,1.1537723541259766,9.123846054077148,0.742392101968598,0.0,0.0,0.0,0.0,0.0,0.0,0.0,0.0,0.186305368547786,0.1340347037864892
2713.0,160.0,90.0,7084.0,537.0,0.0,16.0,4.060912132263184,13.97070598602295,0.9732130616537134,3.0,1.3862943611198906,0.9057236642639067,0.44481957973147224,0.5551804202685278,0.04827031743935234,0.5,1.0,0.2940350379912296,0.3877372201091205
2713.0,53.0,63.0,711.0,5036.0,0.0,12.0,6.431696891784668,13.92198371887207,0.9982671713093216,0.0,0.0,0.0,0.0,0.0,0.0,0.0,0.0,0.37955489741284865,0.23530992611347362
2713.0,53.0,324.0,3149.0,956.0,0.0,10.0,4.3970537185668945,18.761003494262695,0.9813644945522163,1.0,0.6931471805599453,1.0,0.0,1.0,0.04947009763477877,0.5,1.0,0.23910712009653295,0.22830167912174676
2713.0,53.0,148.0,2713.0,3380.0,0.0,4.0,0.5691642761230469,12.572746276855469,0.6356335142172613,0.0,0.0,0.0,0.0,0.0,0.0,0.0,0.0,0.11302876338625685,0.07581188431916554
2713.0,53.0,180.0,347.0,2300.0,0.0,3.0,0.8891968727111816,7.740447044372559,0.5133833386819425,0.0,0.0,0.0,0.0,0.0,0.0,0.0,0.0,0.1232907454036942,0.09271306428220653
2713.0,127.0,302.0,2713.0,3380.0,0.0,6.0,1.957728385925293,9.882156372070312,0.7991731914364867,0.0,0.0,0.0,0.0,0.0,0.0,0.0,0.0,0.21694086939686347,0.15144291459626924
2713.0,115.0,338.0,5036.0,3341.0,0.0,2.0,2.440553665161133,10.242533683776855,0.9078193105146477,1.0,0.6931471805599453,0.16493848884661177,0.0,1.0,0.45825890045675544,0.5,1.0,0.27237544515453554,0.47138790219610643
2713.0,156.0,73.0,3380.0,5036.0,0.0,2.0,0.16284894943237305,6.352476596832275,0.4381451452795197,0.0,0.0,0.0,0.0,0.0,0.0,0.0,0.0,0.10520907341062426,0.083431101794106
2713.0,156.0,100.0,711.0,3341.0,0.0,2218.0,3.8382930755615234,13.399351119995117,0.9469502888883625,0.0,0.0,0.0,0.0,0.0,0.0,0.0,0.0,0.28335443014810424,0.1789967735385388
635.0,160.0,285.0,5079.0,6719.0,0.0,644.0,13.791724681854248,10.143452644348145,0.9999932524060721,1.0,0.6931471805599453,1.0,0.0,1.0,0.9999999999989999,0.5,1.0,0.6859721214673677,0.8164064652516642
3723.0,150.0,336.0,1171.0,847.0,1.0,1.0,4.284006118774414,13.972308158874512,0.9841774271090721,9.0,2.302585092994046,0.9611657480580811,0.288794210163977,0.8251277911691417,0.6260032398417443,0.5569610006665593,1.0,0.3058908891116857,0.519087480109928
3723.0,150.0,134.0,6410.0,847.0,0.0,7.0,1.1077260971069336,10.550366401672363,0.5952650677865432,3.0,1.3862943611198906,0.9803906099397734,0.5716009825192436,0.7283380869470668,0.42158643018076736,0.6499695347331552,1.0,0.12584425929879775,0.2974408147995166
3723.0,6.0,77.0,5485.0,1171.0,0.0,171.0,0.12736082077026367,6.446394920349121,0.5091211386361575,0.0,0.0,0.0,0.0,0.0,0.0,0.0,0.0,0.12118931237114502,0.09547988895004524
3723.0,6.0,232.0,1171.0,3723.0,1.0,1.0,4.521252632141113,14.413926124572754,0.9839382837635634,4.0,1.6094379124341003,0.9803906099397734,0.38041926895737277,0.94245666075071,0.858367637759052,0.6614379648540414,1.0,0.3057906613846521,0.5760075794658129
3723.0,38.0,195.0,1171.0,5485.0,0.0,6.0,15.380954027175903,18.37204933166504,0.9999996674563851,17.0,2.8903717578961645,1.0,0.7784475039903904,0.8258367291009304,0.664924298845068,0.8021421165456604,1.0,0.5988104687591503,0.7944856198435281
3723.0,38.0,196.0,1171.0,5485.0,0.0,1.0,10.943121671676636,13.787980079650879,0.9999540675562442,18.0,2.9444389791664403,1.0,0.8125156126613111,0.8526178006137299,0.7089507690938491,0.8325667066375205,1.0,0.533020789217566,0.8008352346225039
3723.0,38.0,111.0,1171.0,847.0,1.0,1.0,0.7813892364501953,8.982796669006348,0.6837268336133411,7.0,2.0794415416798357,0.9803906099397734,0.5620595404796986,0.6362280922590738,0.40344999102759604,0.5991438163693863,1.0,0.16034119459342486,0.3690110891086982
3723.0,38.0,127.0,1171.0,5485.0,0.0,2.0,8.118310928344727,16.141929626464844,0.9995861169529099,9.0,2.302585092994046,1.0,0.728533398660377,0.7745083348420737,0.5829269532109971,0.7515208667512254,1.0,0.39629050832794116,0.649568467535334
3723.0,156.0,141.0,3723.0,5485.0,0.0,2.0,5.703069686889648,12.599320411682129,0.9929144202782471,0.0,0.0,0.0,0.0,0.0,0.0,0.0,0.0,0.3758759477061948,0.24190247968331693
3723.0,156.0,197.0,1171.0,5485.0,0.0,6.0,1.6611332893371582,8.109469413757324,0.7926415408710945,1.0,0.6931471805599453,0.3298769776932236,0.0,0.0,0.0,0.0,0.0,0.22950915568626762,0.15848333065386414
3723.0,61.0,136.0,3723.0,5485.0,0.0,5.0,4.160614490509033,9.572341918945312,0.9780831874764115,0.0,0.0,0.0,0.0,0.0,0.0,0.0,0.0,0.3699982580358816,0.25890608387279296
3825.0,155.0,50.0,6410.0,5037.0,0.0,1.0,5.426888465881348,14.032963752746582,0.9956129633041935,2.0,1.0986122886681098,1.0,0.0,1.0,0.014778545105010442,0.5,1.0,0.34485812059384685,0.34911275142977777
3825.0,53.0,52.0,5037.0,6410.0,1.0,1.0,0.3653430938720703,7.613103866577148,0.5088274987427628,0.0,0.0,0.0,0.0,0.0,0.0,0.0,0.0,0.11565722945454816,0.08824147987126431
3825.0,103.0,104.0,6508.0,6098.0,1.0,1.0,4.960580587387085,6.356610298156738,0.9619801764629834,0.0,0.0,0.0,0.0,0.0,0.0,0.0,0.0,0.4427370703915801,0.33302721863597384
3017.0,155.0,328.0,3159.0,7010.0,1.0,1.0,5.398550033569336,7.5637407302856445,0.991345026301007,0.0,0.0,0.0,0.0,0.0,0.0,0.0,0.0,0.45326610560162456,0.3325886947127925
5154.0,143.0,198.0,1077.0,5527.0,1.0,1.0,0.2526116371154785,4.784397602081299,0.4930541060085402,0.0,0.0,0.0,0.0,0.0,0.0,0.0,0.0,0.13208213810465008,0.10789831279376477
5154.0,53.0,139.0,6411.0,5397.0,0.0,2.0,2.4294471740722656,10.757609367370605,0.870180225263058,0.0,0.0,0.0,0.0,0.0,0.0,0.0,0.0,0.24748152709812968,0.16860898579550399
5154.0,51.0,184.0,1145.0,1077.0,0.0,14.0,6.488900899887085,10.127161026000977,0.9953925687442505,0.0,0.0,0.0,0.0,0.0,0.0,0.0,0.0,0.4462343482156204,0.3066765328549474
5154.0,160.0,159.0,6890.0,1077.0,0.0,2.0,16.106894493103027,22.005386352539062,0.9999997777788215,0.0,0.0,0.0,0.0,0.0,0.0,0.0,0.0,0.5586332382086251,0.286946964152379
5154.0,85.0,154.0,7111.0,711.0,0.0,2.0,2.372159481048584,6.010286331176758,0.8156209749797374,1.0,0.6931471805599453,1.0,0.0,1.0,0.10849439921287683,0.5,1.0,0.28748942297245594,0.36850684742993867
5154.0,38.0,283.0,5154.0,1145.0,0.0,3090.0,4.394753932952881,7.55827522277832,0.979757527620186,0.0,0.0,0.0,0.0,0.0,0.0,0.0,0.0,0.413207350533892,0.3036546396405466
5154.0,150.0,77.0,6635.0,362.0,0.0,60.0,3.8814339637756348,6.528562068939209,0.9493425188112692,0.0,0.0,0.0,0.0,0.0,0.0,0.0,0.0,0.3967889513638259,0.2982953725860194
4154.0,160.0,349.0,2981.0,1161.0,0.0,1394.0,2.400618553161621,7.654836654663086,0.8801579828962977,1.0,0.6931471805599453,1.0,0.0,1.0,0.4964738793708681,0.5,1.0,0.29581347981088707,0.4487168110163803
4154.0,156.0,120.0,1873.0,4004.0,0.0,5.0,0.36952757835388184,4.1821064949035645,0.39198112354840625,0.0,0.0,0.0,0.0,0.0,0.0,0.0,0.0,0.11236526551626856,0.09352298209636531
5150.0,38.0,343.0,6895.0,3969.0,0.0,5423.0,1.8206604719161987,-0.86967933177948,0.5566560397137624,0.0,0.0,0.0,0.0,0.0,0.0,0.0,0.0,0.24822887119670872,0.22119374962533978
3569.0,155.0,236.0,5002.0,2100.0,0.0,3558.5,2.4098262786865234,6.576670169830322,0.8367874835108314,1.0,0.6931471805599453,1.0,0.0,1.0,0.9999999999989999,0.5,1.0,0.29059045141998946,0.5602823674126095
3569.0,127.0,235.0,7047.0,2243.0,0.0,5251.0,0.3155115842819214,2.0366997718811035,0.3375783245317138,0.0,0.0,0.0,0.0,0.0,0.0,0.0,0.0,0.11406494051492394,0.10018755740409475
5824.0,160.0,327.0,3341.0,4361.0,0.0,942.0,2.533231258392334,0.5924421548843384,0.6466788702705555,0.0,0.0,0.0,0.0,0.0,0.0,0.0,0.0,0.2889115020662406,0.24636180299889915
5876.0,160.0,333.0,2230.0,5462.0,0.0,641.0,0.4643147587776184,-0.5844935774803162,0.30442121583620774,0.0,0.0,0.0,0.0,0.0,0.0,0.0,0.0,0.12787427331766657,0.11884109660395907
5527.0,127.0,156.0,711.0,4319.0,0.0,36.0,0.71527099609375,15.817387580871582,0.6508389344132784,0.0,0.0,0.0,0.0,0.0,0.0,0.0,0.0,0.09633042538937688,0.059463484743463316
5527.0,127.0,328.0,1077.0,6410.0,0.0,56.0,5.047689437866211,13.95639419555664,0.9894591878960857,1.0,0.6931471805599453,0.14358729437462936,0.0,0.0,0.0,0.0,0.0,0.33130884420112644,0.20563382081793644
5527.0,127.0,338.0,5395.0,711.0,1.0,1.0,0.8751344680786133,14.145662307739258,0.6985699588218043,8.0,2.1972245773362196,0.9057236642639067,0.5734561916485185,0.8444839360332688,0.5807773466678147,0.7089700638408936,1.0,0.12120944462489928,0.3229688377704822
5527.0,127.0,238.0,6890.0,5395.0,0.0,4.0,1.2196130752563477,10.595126152038574,0.6927750810208394,0.0,0.0,0.0,0.0,0.0,0.0,0.0,0.0,0.1555959480949183,0.10793487128354037
5527.0,127.0,148.0,711.0,1077.0,0.0,20.0,0.3799152374267578,15.72612190246582,0.5934748937407801,0.0,0.0,0.0,0.0,0.0,0.0,0.0,0.0,0.08198813508181536,0.051251570077399916
5527.0,142.0,140.0,711.0,1523.0,0.0,4.0,6.254584312438965,16.451904296875,0.9979508165804493,3.0,1.3862943611198906,0.39423912305778674,0.36710313061368416,0.6328968693863158,0.2758733738343052,0.5,1.0,0.3319665313106012,0.48416684288989975
5527.0,155.0,224.0,6410.0,711.0,1.0,1.0,0.6395549774169922,5.993612766265869,0.4193780273654906,7.0,2.0794415416798357,0.9611657480580811,0.45773720631220627,0.5422627936877937,0.348281980109956,0.5,1.0,0.10954180848642431,0.26629490051558957
5527.0,155.0,229.0,1077.0,6410.0,0.0,2.0,3.762086868286133,15.619367599487305,0.9737607103560375,1.0,0.6931471805599453,0.9423178739918808,0.0,0.0,0.0,0.0,0.0,0.2622500906242855,0.12170116788119469
5527.0,155.0,333.0,1077.0,2290.0,0.0,3.0,1.0398526191711426,7.528007507324219,0.5584996728650811,1.0,0.6931471805599453,0.12014571850726015,0.0,0.0,0.0,0.0,0.0,0.13977380328360864,0.1057702073096883
5527.0,90.0,231.0,2290.0,711.0,0.0,5.0,3.472973346710205,10.060148239135742,0.9559105893842391,0.0,0.0,0.0,0.0,0.0,0.0,0.0,0.0,0.3287296957276167,0.22751259334882423
5527.0,115.0,85.0,711.0,6890.0,1.0,1.0,2.5404129028320312,13.205312728881836,0.9263622294050466,0.0,0.0,0.0,0.0,0.0,0.0,0.0,0.0,0.24251909264251634,0.1557067452933681
5527.0,156.0,343.0,2457.0,2424.0,0.0,6369.0,1.2955322265625,9.487045288085938,0.5381914293238785,0.0,0.0,0.0,0.0,0.0,0.0,0.0,0.0,0.12202797961604495,0.08720190741192961
5527.0,53.0,115.0,711.0,6410.0,0.0,18.0,1.1585378646850586,10.04934024810791,0.7237219580455413,5.0,1.791759469228055,0.5630865404461788,0.5189908443875173,0.9342726804998674,0.39728467536803935,0.7266317624436924,1.0,0.17001177628890463,0.41286469616236976
1953.0,127.0,34.0,4702.0,956.0,0.0,1415.0,1.367042064666748,6.641974449157715,0.7767514553861362,0.0,0.0,0.0,0.0,0.0,0.0,0.0,0.0,0.2345324946283761,0.17837555597149027
328.0,103.0,205.0,13.0,1971.0,0.0,793.0,0.9363839030265808,1.8556413650512695,0.6443140032563487,0.0,0.0,0.0,0.0,0.0,0.0,0.0,0.0,0.2290432944329407,0.19533241990218608
328.0,156.0,271.0,1971.0,1145.0,0.0,2.0,1.2092857360839844,15.889965057373047,0.7682390081829483,5.0,1.791759469228055,0.8042490800314893,0.713135489556738,0.286864510443262,0.12286084119854664,0.5,1.0,0.13075973970586197,0.2470679900518912
328.0,156.0,321.0,1145.0,1971.0,1.0,1.0,6.283285140991211,15.254010200500488,0.9978216749967576,12.0,2.5649493574615367,0.9803906099397734,0.7168012666003305,0.2831987333996695,0.11609216209306394,0.5,1.0,0.35228479060056644,0.5001849181023612
328.0,127.0,363.0,1971.0,1145.0,1.0,1.0,1.6096444129943848,8.999953269958496,0.8306282701535609,1.0,0.6931471805599453,0.054409410206007765,0.0,0.0,0.0,0.0,0.0,0.23308329473994557,0.17173248175284966
328.0,56.0,279.0,1145.0,4185.0,0.0,5.0,8.543259620666504,14.322927474975586,0.9995514702675066,1.0,0.6931471805599453,0.047366142703449944,0.0,0.0,0.0,0.0,0.0,0.4422869429951608,0.2782066392034501
328.0,158.0,262.0,1145.0,1971.0,0.0,7.0,6.881633281707764,14.828142166137695,0.9986279068723448,0.0,0.0,0.0,0.0,0.0,0.0,0.0,0.0,0.3786364137307058,0.22860407549520678
4993.0,127.0,274.0,6890.0,362.0,0.0,1851.0,5.614698886871338,11.69186782836914,0.9947419151894188,0.0,0.0,0.0,0.0,0.0,0.0,0.0,0.0,0.3896133929533796,0.25716544476174136
4993.0,105.0,28.0,711.0,6506.0,0.0,42.0,0.28918617963790894,1.0730050802230835,0.13943362127399003,0.0,0.0,0.0,0.0,0.0,0.0,0.0,0.0,0.07862973811426704,0.0720927865494951
4993.0,155.0,240.0,6890.0,3933.0,1.0,1.0,2.0167675018310547,5.769088268280029,0.7807302164623453,2.0,1.0986122886681098,0.597554769985219,0.35568868385083363,1.0,0.7430578732384473,0.6778443419254168,1.0,0.26458585663842726,0.59805212430551
5488.0,156.0,275.0,6805.0,1173.0,0.0,2.0,0.9657065868377686,2.9821691513061523,0.42704817507223564,0.0,0.0,0.0,0.0,0.0,0.0,0.0,0.0,0.14005500798191334,0.11784241386646534
5488.0,38.0,194.0,1173.0,6493.0,0.0,17.0,4.756582260131836,11.827640533447266,0.99100444032797,9.0,2.302585092994046,1.0,0.6972047421488681,0.82183768151753,0.6846857847866045,0.7595212118331991,1.0,0.3580608098543143,0.6734111215784085
5488.0,38.0,191.0,6493.0,1173.0,0.0,230.0,1.1237163543701172,5.848361968994141,0.7330258643796179,2.0,1.0986122886681098,0.5630865404461788,0.1415855776298669,0.0,0.0,0.07079278881493345,0.0,0.22033835616883415,0.1702833865174429
5488.0,160.0,137.0,3262.0,2242.0,0.0,1969.0,0.48978257179260254,3.0800650119781494,0.4508796192710519,0.0,0.0,0.0,0.0,0.0,0.0,0.0,0.0,0.13837628598765953,0.11717840756238174
6964.0,169.0,295.0,3922.0,3044.0,0.0,16.0,3.6059946417808533,4.110823631286621,0.8891239154120022,0.0,0.0,0.0,0.0,0.0,0.0,0.0,0.0,0.39504195840422673,0.31214956239224095
5002.0,115.0,311.0,3380.0,2300.0,0.0,36.0,0.3260962963104248,2.97579288482666,0.3844841055352389,0.0,0.0,0.0,0.0,0.0,0.0,0.0,0.0,0.11884548611541408,0.10178494969841811
5002.0,53.0,306.0,382.0,3380.0,0.0,2.0,7.566384315490723,15.617430686950684,0.9994806536066095,4.0,1.6094379124341003,0.8042490800314893,0.5583385780482407,0.7570710142398681,0.32684440179319746,0.6577047961440544,1.0,0.38749635725108483,0.5641423813823075
5002.0,53.0,278.0,382.0,2103.0,0.0,1.0,5.292806625366211,15.609468460083008,0.9926488688724061,3.0,1.3862943611198906,1.0,0.4350926038629247,0.8587731509657311,0.5989658832454023,0.6469328774143279,1.0,0.3140779378972072,0.5175013741249701
4004.0,160.0,293.0,1361.0,2083.0,0.0,4559.0,0.801025390625,8.059115409851074,0.47987196395404724,0.0,0.0,0.0,0.0,0.0,0.0,0.0,0.0,0.11131589036704823,0.0834098467923569
4004.0,53.0,321.0,4587.0,4453.0,0.0,2.0,1.4607677459716797,9.9694185256958,0.7797497979293729,0.0,0.0,0.0,0.0,0.0,0.0,0.0,0.0,0.19719915758733197,0.13835227952418722
4004.0,53.0,310.0,4599.0,1090.0,1.0,1.0,2.3807907104492188,8.942481994628906,0.9114679429791949,3.0,1.3862943611198906,0.7284274237469965,0.4848691100042444,0.0,0.0,0.2424345550021222,0.0,0.291569726318136,0.250791561238274
4004.0,90.0,44.0,150.0,4004.0,0.0,3.0,2.3656139373779297,10.787372589111328,0.8395062547331906,0.0,0.0,0.0,0.0,0.0,0.0,0.0,0.0,0.23204745438860117,0.1577901028047649
6871.0,207.0,337.0,2713.0,2100.0,0.0,2.0,3.5762200355529785,7.589707374572754,0.9580674969980817,0.0,0.0,0.0,0.0,0.0,0.0,0.0,0.0,0.3738049573834784,0.27488672862418306
6871.0,133.0,55.0,3911.0,2713.0,0.0,6.0,0.0163038969039917,0.533083975315094,0.1104250952380973,0.0,0.0,0.0,0.0,0.0,0.0,0.0,0.0,0.07386262384607652,0.06924486396804722
3657.0,160.0,293.0,4993.0,925.0,0.0,27.0,1.207366943359375,6.641696453094482,0.6553686789741552,0.0,0.0,0.0,0.0,0.0,0.0,0.0,0.0,0.18288202995014186,0.13946850172103223
3657.0,61.0,105.0,925.0,2704.0,0.0,46.0,0.9427447319030762,6.027061462402344,0.5609594573832012,0.0,0.0,0.0,0.0,0.0,0.0,0.0,0.0,0.1524247989000052,0.11885405609562692
3657.0,127.0,98.0,6332.0,2798.0,0.0,9.0,3.3402791023254395,2.7901179790496826,0.8409835934925908,0.0,0.0,0.0,0.0,0.0,0.0,0.0,0.0,0.38166784089891237,0.3097411051727446
514.0,156.0,112.0,3688.0,7117.0,0.0,6842.0,0.4594402313232422,-5.406417369842529,0.024658165899005713,0.0,0.0,0.0,0.0,0.0,0.0,0.0,0.0,0.09573274393960429,0.10186007051461357
5463.0,150.0,75.0,1154.0,2026.0,0.0,1.0,4.21028995513916,12.458932876586914,0.9821624756236321,5.0,1.791759469228055,1.0,0.15154602613567625,0.8484539738643238,0.2728977465435591,0.5,1.0,0.32636791177409774,0.4347746285269865
5463.0,149.0,106.0,1077.0,927.0,0.0,14.0,2.7638517022132874,1.9389657974243164,0.3697820890804198,0.0,0.0,0.0,0.0,0.0,0.0,0.0,0.0,0.16325780493680558,0.13586482983896767
5463.0,38.0,147.0,1154.0,4271.0,0.0,790.0,9.43861699104309,12.143003463745117,0.999909396668868,7.0,2.0794415416798357,0.6095068271022377,0.5953262063994886,0.7858556355479114,0.5053980412017196,0.6905909209737,1.0,0.5119600116814788,0.7488333837724712
5463.0,38.0,258.0,1154.0,4271.0,1.0,22.5,5.503508567810059,16.3170223236084,0.9949000440157013,18.0,2.9444389791664403,0.9057236642639067,0.7096352001656862,0.7517670677859898,0.5817198736739422,0.730701133975838,1.0,0.3103601559542858,0.5913589583741649
5463.0,0.0,93.0,5092.0,5195.0,0.0,9.0,0.07751882076263428,1.9855773448944092,0.24952598790034855,0.0,0.0,0.0,0.0,0.0,0.0,0.0,0.0,0.09191109548230472,0.08200381822423292
5463.0,127.0,224.0,1154.0,1077.0,0.0,16.0,9.666166305541992,13.85283374786377,0.9998515347372046,1.0,0.6931471805599453,0.03251260260068239,0.0,1.0,0.9999999999692427,0.5,1.0,0.48867400548780704,0.7404171276257269
5463.0,6.0,177.0,3922.0,6410.0,0.0,4.0,0.07163143157958984,6.2711615562438965,0.4720489726048825,0.0,0.0,0.0,0.0,0.0,0.0,0.0,0.0,0.11250629300116366,0.08933763657809395
2298.0,160.0,259.0,1386.0,4453.0,0.0,5684.0,1.3424570579081774,1.3165348768234253,0.5099023781105224,2.0,1.0986122886681098,0.9057236642639067,0.2592975260482152,1.0,0.7566897367195152,0.6296487630241077,1.0,0.19097832043215382,0.48908178277738135
2298.0,61.0,127.0,7109.0,1523.0,0.0,197.0,2.8444502875208855,2.9234189987182617,0.7452652995274086,0.0,0.0,0.0,0.0,0.0,0.0,0.0,0.0,0.31221099103716143,0.2526903759376085
3788.0,56.0,47.0,523.0,2457.0,0.0,6.0,0.34417015314102173,-0.16877025365829468,0.36608967924065194,0.0,0.0,0.0,0.0,0.0,0.0,0.0,0.0,0.13971830112058004,0.12827321570720698
3788.0,156.0,50.0,1185.0,1686.0,1.0,1.0,18.921593189239502,20.24645233154297,0.999999988011573,4.0,1.6094379124341003,0.9803906099397734,0.7109177862250131,1.0,0.9999999999997051,0.8554588931125066,1.0,0.677762421382996,0.850827788076421
3788.0,86.0,49.0,1185.0,6496.0,0.0,8.0,2.5075676441192627,4.564730644226074,0.8632736211403491,0.0,0.0,0.0,0.0,0.0,0.0,0.0,0.0,0.3385360475171964,0.26697841927457605
2796.0,160.0,183.0,7058.0,5154.0,0.0,6941.0,2.0851961374282837,0.9395918846130371,0.6778656932888535,0.0,0.0,0.0,0.0,0.0,0.0,0.0,0.0,0.28674687961078316,0.24440041186565523
2690.0,169.0,324.0,4723.0,4805.0,0.0,607.0,0.9705141186714172,1.7042731046676636,0.3395423561328613,0.0,0.0,0.0,0.0,0.0,0.0,0.0,0.0,0.12647193457621356,0.11021091362042147
2690.0,123.0,207.0,5395.0,1013.0,0.0,4.0,0.845384955406189,2.6621880531311035,0.2915024489486468,0.0,0.0,0.0,0.0,0.0,0.0,0.0,0.0,0.10578444431019352,0.0909054853530692
5451.0,222.0,148.0,1060.0,733.0,0.0,4046.0,0.8983068466186523,12.274824142456055,0.7014492217514442,1.0,0.6931471805599453,0.2309598988100127,0.0,0.0,0.0,0.0,0.0,0.13758281333182848,0.08942418973922804
5451.0,222.0,310.0,3211.0,1060.0,0.0,189.0,0.31673479080200195,6.66358757019043,0.5563535217580241,0.0,0.0,0.0,0.0,0.0,0.0,0.0,0.0,0.13499167883398697,0.10509351941049208
5451.0,222.0,75.0,3211.0,1060.0,0.0,2.0,0.5989036560058594,9.860101699829102,0.49775485127012603,0.0,0.0,0.0,0.0,0.0,0.0,0.0,0.0,0.10047189593236727,0.07239779019259007
5451.0,38.0,350.0,1486.0,1060.0,0.0,2.0,0.8672614097595215,8.366703987121582,0.6766175692667873,11.0,2.4849066497880004,0.820335356007638,0.583307669071091,0.7517510464770107,0.43618356799433167,0.6675293577740509,1.0,0.16567308525729452,0.4196731807487404
5451.0,38.0,131.0,1060.0,1050.0,0.0,2.0,1.8362398147583008,7.297669887542725,0.7826283748360978,2.0,1.0986122886681098,0.26010082080545915,0.48020614479804213,0.0,0.0,0.24010307239902107,0.0,0.23998419666533988,0.24207128042868775
5451.0,38.0,73.0,1060.0,1486.0,0.0,6.0,2.9707040786743164,10.230855941772461,0.9362004691808236,2.0,1.0986122886681098,0.820335356007638,0.48020614479804224,0.5197938552019578,0.29722719392865327,0.5,1.0,0.3011779179632881,0.4876272998426105
5451.0,160.0,35.0,3211.0,1486.0,0.0,2.0,0.14361000061035156,8.811253547668457,0.5285369684261423,0.0,0.0,0.0,0.0,0.0,0.0,0.0,0.0,0.1087626317036972,0.08098117013662984
5451.0,168.0,189.0,1060.0,3211.0,1.0,1.0,0.21372127532958984,6.460155963897705,0.34308387483188574,0.0,0.0,0.0,0.0,0.0,0.0,0.0,0.0,0.08544099583449828,0.0680524011375894
1246.0,222.0,83.0,4187.0,1375.0,0.0,4798.0,1.416652351617813,0.23770418763160706,0.3488158529569006,0.0,0.0,0.0,0.0,0.0,0.0,0.0,0.0,0.14884591889267057,0.13246797532950255
927.0,142.0,280.0,1329.0,6355.0,1.0,1.0,5.925869464874268,7.455162525177002,0.9917759465738843,0.0,0.0,0.0,0.0,0.0,0.0,0.0,0.0,0.47320323719908247,0.3478395533949268
927.0,138.0,315.0,6410.0,509.0,0.0,795.0,1.1236836314201355,1.7817567586898804,0.13718049293292575,0.0,0.0,0.0,0.0,0.0,0.0,0.0,0.0,0.08279009693962422,0.07321043247229066
927.0,207.0,12.0,2327.0,1375.0,1.0,1.0,4.792030572891235,6.39872932434082,0.9731567769885833,0.0,0.0,0.0,0.0,0.0,0.0,0.0,0.0,0.4430068922067721,0.3337437406897684
329.0,159.0,25.0,6411.0,2442.0,0.0,4728.0,1.015693187713623,6.581965446472168,0.4597132264009182,0.0,0.0,0.0,0.0,0.0,0.0,0.0,0.0,0.12025900776084167,0.09294689346100571
329.0,6.0,244.0,927.0,567.0,0.0,4555.0,7.773073196411133,15.941460609436035,0.9990843776815481,0.0,0.0,0.0,0.0,0.0,0.0,0.0,0.0,0.3883347158706902,0.22686594020000714
329.0,6.0,69.0,2442.0,151.0,0.0,6325.0,1.648627758026123,5.778151512145996,0.4695993614174913,0.0,0.0,0.0,0.0,0.0,0.0,0.0,0.0,0.13914715156218155,0.10804159237039686
329.0,6.0,143.0,151.0,1121.0,0.0,224.0,1.7446932792663574,8.76341724395752,0.8347085732799142,0.0,0.0,0.0,0.0,0.0,0.0,0.0,0.0,0.24126304201607893,0.17385764350871144
329.0,4.0,327.0,2713.0,3155.0,0.0,4494.0,1.405140995979309,2.1828904151916504,0.09547620166851735,0.0,0.0,0.0,0.0,0.0,0.0,0.0,0.0,0.07610353370545761,0.0665370472423499
329.0,156.0,36.0,3155.0,1175.0,0.0,775.0,3.123685836791992,17.485692977905273,0.9575738064076932,0.0,0.0,0.0,0.0,0.0,0.0,0.0,0.0,0.2150519028701459,0.12272260353407093
329.0,156.0,204.0,509.0,2596.0,0.0,618.0,2.104494571685791,8.006011962890625,0.6750558768561571,0.0,0.0,0.0,0.0,0.0,0.0,0.0,0.0,0.19356901507275806,0.14070972460463563
329.0,160.0,37.0,3262.0,4319.0,0.0,87.0,11.873964786529541,16.77447509765625,0.9999811235031034,0.0,0.0,0.0,0.0,0.0,0.0,0.0,0.0,0.5104931293780702,0.2965504557970601
329.0,160.0,328.0,4004.0,1161.0,0.0,134.0,2.1823267936706543,8.278316497802734,0.8191350630770946,0.0,0.0,0.0,0.0,0.0,0.0,0.0,0.0,0.2518057091981812,0.1823585975768311
329.0,61.0,254.0,1183.0,3262.0,0.0,1944.0,0.9388713836669922,11.634291648864746,0.6636825457310463,0.0,0.0,0.0,0.0,0.0,0.0,0.0,0.0,0.1330036643384774,0.09049828458654459
329.0,10.0,216.0,3155.0,2278.0,0.0,22.0,6.1598896980285645,8.81251335144043,0.9889088611195282,0.0,0.0,0.0,0.0,0.0,0.0,0.0,0.0,0.4549161457504416,0.3230332794935862
329.0,56.0,73.0,669.0,2457.0,0.0,3046.0,2.2733402252197266,7.860110759735107,0.6545685450142429,0.0,0.0,0.0,0.0,0.0,0.0,0.0,0.0,0.1910875101906178,0.13898136060998226
329.0,169.0,317.0,3155.0,6410.0,0.0,3332.0,1.491617202758789,9.05461311340332,0.7811736813540938,0.0,0.0,0.0,0.0,0.0,0.0,0.0,0.0,0.20914916618290685,0.1499569346740632
6984.0,160.0,169.0,395.0,4154.0,0.0,233.0,1.0454304218292236,-2.0490291118621826,0.2790486175480876,0.0,0.0,0.0,0.0,0.0,0.0,0.0,0.0,0.14228638541388244,0.13488509168072418
4489.0,222.0,70.0,1469.0,1346.0,1.0,1.0,4.120002746582031,2.1717047691345215,0.8438194353787224,0.0,0.0,0.0,0.0,0.0,0.0,0.0,0.0,0.4193477234387293,0.34252947525483424
425.0,229.0,4.0,1145.0,4261.0,0.0,14.0,5.544587863609195,5.5584716796875,0.9909244262082274,0.0,0.0,0.0,0.0,0.0,0.0,0.0,0.0,0.49410608142156226,0.37993176761081493
4036.0,160.0,116.0,3281.0,1846.0,0.0,6035.0,0.03234529495239258,1.2255116701126099,0.3365970884068587,0.0,0.0,0.0,0.0,0.0,0.0,0.0,0.0,0.11590466612496289,0.10432162754564063
2237.0,155.0,51.0,4723.0,2906.0,1.0,1.0,7.164633095264435,7.874792575836182,0.995817531603577,0.0,0.0,0.0,0.0,0.0,0.0,0.0,0.0,0.5098863102693202,0.3713018148056293
6705.0,127.0,121.0,3262.0,2277.0,0.0,56.0,2.085569381713867,8.37994384765625,0.770894688050275,1.0,0.6931471805599453,0.3170664520316462,0.0,0.0,0.0,0.0,0.0,0.22693787722464154,0.15518170129234596
6705.0,155.0,324.0,3262.0,929.0,0.0,2.0,3.4303159713745117,10.843365669250488,0.9676854336886419,4.0,1.6094379124341003,0.006039192723699144,0.23900257733394226,1.0,0.9999999999571623,0.6195012886669711,1.0,0.321249962819778,0.7048142497989814
6705.0,160.0,77.0,2290.0,956.0,0.0,3236.0,3.7437195777893066,8.207263946533203,0.9551118542720796,0.0,0.0,0.0,0.0,0.0,0.0,0.0,0.0,0.3669990443504511,0.26545404849666593
6705.0,53.0,337.0,5883.0,3262.0,1.0,1.0,5.921719312667847,7.96914529800415,0.9966381419025623,0.0,0.0,0.0,0.0,0.0,0.0,0.0,0.0,0.46671285184862527,0.3391309587194923
3977.0,127.0,241.0,4702.0,2278.0,0.0,6520.0,0.15226221084594727,5.975229263305664,0.5313255670930115,1.0,0.6931471805599453,1.0,0.0,1.0,0.9999999999989999,0.5,1.0,0.1312177131460337,0.34639300461199013
3977.0,115.0,261.0,5046.0,1283.0,0.0,22.0,1.1239622831344604,1.8270736932754517,0.3482555095548192,0.0,0.0,0.0,0.0,0.0,0.0,0.0,0.0,0.13014595493994457,0.11263309650257612
2596.0,142.0,257.0,2460.0,366.0,0.0,2.0,1.4907808303833008,10.315203666687012,0.7553571637812079,0.0,0.0,0.0,0.0,0.0,0.0,0.0,0.0,0.184877576204639,0.12850664523629285
2596.0,142.0,216.0,2290.0,3951.0,0.0,2.0,3.8196849822998047,11.02268123626709,0.9749934794435214,0.0,0.0,0.0,0.0,0.0,0.0,0.0,0.0,0.33386335458782596,0.22546879458283142
2596.0,127.0,152.0,3149.0,6868.0,0.0,192.0,0.8840882778167725,3.721648931503296,0.38051281501169243,0.0,0.0,0.0,0.0,0.0,0.0,0.0,0.0,0.12009459594216451,0.09992358482051188
6955.0,156.0,354.0,4702.0,3155.0,0.0,2.0,0.6164822578430176,7.614278793334961,0.6397518067109388,0.0,0.0,0.0,0.0,0.0,0.0,0.0,0.0,0.1564513954579488,0.11798858840292815
1683.0,127.0,43.0,2083.0,18.0,1.0,1.0,3.228588819503784,5.187852382659912,0.8692614253252624,0.0,0.0,0.0,0.0,0.0,0.0,0.0,0.0,0.3536516194312055,0.27314730653163166
1683.0,161.0,45.0,2083.0,150.0,1.0,1.0,0.4823368191719055,0.9857823252677917,0.03557678741128054,1.0,0.6931471805599453,0.9803906099397734,0.0,1.0,0.99999999999898,0.5,1.0,0.0642278790727384,0.22465099372524824
5969.0,156.0,334.0,6360.0,6679.0,0.0,2190.0,1.1591930389404297,3.2424309253692627,0.5340752717244912,0.0,0.0,0.0,0.0,0.0,0.0,0.0,0.0,0.17514037136634278,0.14498235465610135
6416.0,103.0,143.0,194.0,4854.0,1.0,1.0,6.91343629360199,6.450420379638672,0.9831447245601328,0.0,0.0,0.0,0.0,0.0,0.0,0.0,0.0,0.5195331335311012,0.3903169593347234
1596.0,160.0,347.0,3262.0,1077.0,0.0,2.0,1.486786127090454,3.7473840713500977,0.7398969058085668,3.0,1.3862943611198906,0.02614823073102822,0.41901495375123243,0.0,0.0,0.20950747687561622,0.0,0.2600039603321065,0.2932246001237854
1596.0,160.0,295.0,4377.0,3262.0,0.0,566.0,1.333658218383789,5.760910987854004,0.7664151939974296,2.0,1.0986122886681098,0.17853585156604396,0.2031875064555615,0.0,0.0,0.10159375322778075,0.0,0.24075842121594343,0.2166741185082008
4416.0,224.0,31.0,3159.0,3922.0,0.0,37.0,0.12445783615112305,4.891533851623535,0.49191593496122255,0.0,0.0,0.0,0.0,0.0,0.0,0.0,0.0,0.12892486922768126,0.1053657518961212
4416.0,223.0,69.0,6293.0,6823.0,0.0,9.0,1.331500232219696,1.954803466796875,0.42864055517347976,0.0,0.0,0.0,0.0,0.0,0.0,0.0,0.0,0.15614934326587157,0.1333309627784499
4416.0,130.0,325.0,3905.0,2460.0,0.0,3.0,0.939647912979126,2.1229491233825684,0.14499499108809497,0.0,0.0,0.0,0.0,0.0,0.0,0.0,0.0,0.0804845781837648,0.0708913933677884
900.0,191.0,251.0,1281.0,151.0,0.0,8.0,0.12063885480165482,0.20226901769638062,0.09964121431248442,0.0,0.0,0.0,0.0,0.0,0.0,0.0,0.0,0.0746926565365833,0.07044086504478145
3268.0,155.0,49.0,929.0,6890.0,1.0,1.0,6.998908996582031,8.079617500305176,0.9981209293734536,0.0,0.0,0.0,0.0,0.0,0.0,0.0,0.0,0.5019664752549329,0.3638248277349436
5311.0,53.0,211.0,3341.0,1145.0,0.0,2746.0,3.5642967224121094,15.241684913635254,0.9580178187065189,2.0,1.0986122886681098,1.0,0.32894702012216603,0.0,0.0,0.16447351006108302,0.0,0.2550916350359737,0.15251273052012015
5311.0,53.0,199.0,6017.0,2266.0,0.0,2271.0,0.6589736938476562,8.107071876525879,0.6060745051242857,0.0,0.0,0.0,0.0,0.0,0.0,0.0,0.0,0.14234453104998998,0.1061594238622513
5311.0,90.0,225.0,6293.0,2617.0,1.0,1.0,5.051212310791016,11.289822578430176,0.9908728100967272,1.0,0.6931471805599453,0.3364750481580891,0.0,1.0,0.999999999997028,0.5,1.0,0.3762871722734722,0.6607680432636106
2246.0,156.0,333.0,6335.0,3159.0,0.0,398.0,1.519111156463623,8.650285720825195,0.8155323947780261,1.0,0.6931471805599453,1.0,0.0,1.0,0.04947009763477877,0.5,1.0,0.22894421209977178,0.28192955075843523
2246.0,160.0,22.0,2240.0,885.0,0.0,466.0,0.6462539434432983,2.469947099685669,0.35712153500533034,0.0,0.0,0.0,0.0,0.0,0.0,0.0,0.0,0.12031676144218786,0.10369614857364282
2246.0,160.0,317.0,3566.0,2906.0,1.0,1.0,2.1862101554870605,9.13420581817627,0.8633910877060549,7.0,2.0794415416798357,0.8534795977333005,0.5241159898906564,0.7867720236944885,0.42275853937794994,0.6554440067925724,1.0,0.2604164643713739,0.5179687485398511
5331.0,160.0,119.0,461.0,1181.0,0.0,6882.0,0.16060543060302734,-4.202499866485596,0.07807974939974885,0.0,0.0,0.0,0.0,0.0,0.0,0.0,0.0,0.09583330713755116,0.09948976280382307
5948.0,160.0,280.0,3155.0,2278.0,1.0,1.0,11.751842588186264,11.379037857055664,0.9999773374729382,9.0,2.302585092994046,0.9611657480580811,0.7048905176788097,1.0,0.9999999999997137,0.8524452588394049,1.0,0.6025427177220343,0.8669210246199176
5422.0,160.0,317.0,4503.0,467.0,0.0,7.0,0.049603551626205444,-0.3103522062301636,0.16725219178983322,0.0,0.0,0.0,0.0,0.0,0.0,0.0,0.0,0.08896632203926627,0.08430865031802787
5422.0,222.0,168.0,1462.0,3011.0,1.0,1.0,8.410761833190918,6.4772047996521,0.9993101846711319,0.0,0.0,0.0,0.0,0.0,0.0,0.0,0.0,0.5787452207704831,0.4375204165682938
4581.0,156.0,274.0,3411.0,6566.0,0.0,15.0,1.8332178592681885,4.83676815032959,0.8217533497269159,0.0,0.0,0.0,0.0,0.0,0.0,0.0,0.0,0.29302476968322855,0.23102313917984585
4581.0,160.0,63.0,3922.0,4950.0,0.0,14.0,6.952999591827393,12.232240676879883,0.9977898375505386,0.0,0.0,0.0,0.0,0.0,0.0,0.0,0.0,0.4256123467026483,0.2764837632695146
4581.0,127.0,257.0,2340.0,1154.0,0.0,2.0,1.2278563976287842,4.74462366104126,0.6863932451536838,0.0,0.0,0.0,0.0,0.0,0.0,0.0,0.0,0.21719742961920158,0.17284726663445482
930.0,148.0,295.0,1077.0,5433.0,0.0,3.0,0.49164748191833496,3.3404242992401123,0.33616931266031286,0.0,0.0,0.0,0.0,0.0,0.0,0.0,0.0,0.10680094605247493,0.09077310566098984
930.0,127.0,290.0,929.0,270.0,1.0,1.0,1.2988835573196411,2.4417569637298584,0.659844038061562,1.0,0.6931471805599453,0.9803906099397734,0.0,1.0,0.99999999999898,0.5,1.0,0.23690504885812622,0.5311824921877337
1496.0,224.0,97.0,4397.0,4274.0,1.0,1.0,3.8285839557647705,4.8328328132629395,0.9377304774127055,1.0,0.6931471805599453,0.9803906099397734,0.0,1.0,0.16676352322158,0.5,1.0,0.4179431558951209,0.516386962644902
1496.0,224.0,323.0,5177.0,6485.0,0.0,2.0,2.630241870880127,6.670477390289307,0.9053055725441324,0.0,0.0,0.0,0.0,0.0,0.0,0.0,0.0,0.3308353525148898,0.24915784002664215
1626.0,155.0,341.0,3341.0,956.0,0.0,5984.0,0.09864768385887146,0.5045095682144165,0.1892550026108745,0.0,0.0,0.0,0.0,0.0,0.0,0.0,0.0,0.08901941869159107,0.0825613147789815
1626.0,155.0,96.0,1077.0,986.0,1.0,1.0,2.5241637229919434,6.946422576904297,0.9085542790023625,0.0,0.0,0.0,0.0,0.0,0.0,0.0,0.0,0.3249971101508773,0.2435086320194789
1626.0,6.0,153.0,711.0,1077.0,0.0,2.0,4.3547163009643555,10.846238136291504,0.9718833244130604,0.0,0.0,0.0,0.0,0.0,0.0,0.0,0.0,0.35134172476420145,0.23742832358405916
1626.0,85.0,62.0,1077.0,6410.0,0.0,71.0,4.7368550300598145,7.260767936706543,0.9218984397425355,0.0,0.0,0.0,0.0,0.0,0.0,0.0,0.0,0.39595521489569047,0.2898824461600365
1626.0,90.0,119.0,3380.0,3155.0,0.0,5.0,1.325512170791626,4.889049053192139,0.4570974378954045,0.0,0.0,0.0,0.0,0.0,0.0,0.0,0.0,0.13802003411884842,0.11018889621821462
1762.0,160.0,168.0,2445.0,6410.0,0.0,6104.0,1.2605304718017578,10.769268035888672,0.7314305320081822,0.0,0.0,0.0,0.0,0.0,0.0,0.0,0.0,0.16724211343018053,0.11540872807313267
1762.0,160.0,9.0,711.0,235.0,0.0,13.0,4.357368469238281,8.998968124389648,0.9577917076273436,0.0,0.0,0.0,0.0,0.0,0.0,0.0,0.0,0.37448899014956677,0.2647014607121224
1762.0,6.0,170.0,2596.0,3262.0,0.0,872.0,1.2747130393981934,5.997996807098389,0.6331754365300979,0.0,0.0,0.0,0.0,0.0,0.0,0.0,0.0,0.1832156060192271,0.14170640279851596
1762.0,155.0,303.0,6360.0,669.0,1.0,1.0,0.29180431365966797,5.649925708770752,0.5240099856580038,0.0,0.0,0.0,0.0,0.0,0.0,0.0,0.0,0.1340696497019153,0.10708696068125881
1357.0,53.0,21.0,6364.0,2906.0,1.0,1.0,7.382195711135864,10.148598670959473,0.999359742893683,1.0,0.6931471805599453,0.9803906099397734,0.0,1.0,0.99999999999898,0.5,1.0,0.47823473579850745,0.6920463276722001
566.0,160.0,140.0,5039.0,2906.0,0.0,5631.0,7.424911022186279,14.386122703552246,0.9992874313967539,0.0,0.0,0.0,0.0,0.0,0.0,0.0,0.0,0.4041269665539329,0.24710514633972835
566.0,53.0,114.0,6795.0,976.0,0.0,13.0,5.391444206237793,13.734273910522461,0.9879922473764136,0.0,0.0,0.0,0.0,0.0,0.0,0.0,0.0,0.34451238969525644,0.21492112823138151
566.0,53.0,92.0,2278.0,497.0,0.0,4.0,1.0247869491577148,7.099720478057861,0.44914390192304215,0.0,0.0,0.0,0.0,0.0,0.0,0.0,0.0,0.11388054736546213,0.0870084868162946
566.0,90.0,292.0,3364.0,4484.0,1.0,1.0,2.814836025238037,6.932373523712158,0.8158925726865296,0.0,0.0,0.0,0.0,0.0,0.0,0.0,0.0,0.28621055135239104,0.21230306406799387
566.0,91.0,149.0,545.0,5036.0,0.0,516.0,0.07843410968780518,1.451298713684082,0.20233565874523704,0.0,0.0,0.0,0.0,0.0,0.0,0.0,0.0,0.0858474499137511,0.0779032178081113
2248.0,53.0,203.0,5824.0,6293.0,1.0,1.0,1.5571508407592773,6.9881696701049805,0.7263997598628018,0.0,0.0,0.0,0.0,0.0,0.0,0.0,0.0,0.21356318112101738,0.16052929077561587
2248.0,142.0,352.0,2266.0,4383.0,1.0,1.0,5.6379780769348145,8.850325584411621,0.9886833531495826,0.0,0.0,0.0,0.0,0.0,0.0,0.0,0.0,0.4366743453396976,0.31002602484347247
2248.0,162.0,329.0,920.0,1077.0,0.0,4.0,2.671779155731201,6.549928188323975,0.8482082518722485,0.0,0.0,0.0,0.0,0.0,0.0,0.0,0.0,0.30414290792298115,0.22854053758715714
2248.0,123.0,251.0,18.0,885.0,0.0,410.0,2.30694842338562,4.793917655944824,0.7121026654627707,0.0,0.0,0.0,0.0,0.0,0.0,0.0,0.0,0.2539226327560963,0.19841606261102177
2695.0,127.0,166.0,2974.0,2445.0,0.0,1441.0,1.4018592834472656,9.455028533935547,0.7969620810133441,0.0,0.0,0.0,0.0,0.0,0.0,0.0,0.0,0.208640053817316,0.14841327484948164
2695.0,169.0,238.0,3341.0,920.0,0.0,188.0,4.952625751495361,9.712764739990234,0.9837569857936491,0.0,0.0,0.0,0.0,0.0,0.0,0.0,0.0,0.39612472130119203,0.2754274304817268
2695.0,169.0,311.0,6785.0,2974.0,0.0,1707.0,3.3834919929504395,8.532330513000488,0.951598300704804,0.0,0.0,0.0,0.0,0.0,0.0,0.0,0.0,0.3484599293229229,0.25057564183796704
2695.0,53.0,159.0,2695.0,1183.0,0.0,4.0,3.5700559616088867,12.054683685302734,0.9420354958095312,0.0,0.0,0.0,0.0,0.0,0.0,0.0,0.0,0.2934593452459188,0.19241850903362173
2695.0,156.0,248.0,5219.0,5674.0,0.0,43.0,1.8901481628417969,7.071286201477051,0.7977209088781649,0.0,0.0,0.0,0.0,0.0,0.0,0.0,0.0,0.25110613330818826,0.18773219469362593
2695.0,156.0,221.0,920.0,2974.0,0.0,3.0,0.046652793884277344,4.508987903594971,0.24969607843977507,0.0,0.0,0.0,0.0,0.0,0.0,0.0,0.0,0.07748847108045408,0.06538164361534242
2695.0,160.0,92.0,3155.0,2581.0,0.0,3.0,1.8494386672973633,9.045645713806152,0.8494011697110573,0.0,0.0,0.0,0.0,0.0,0.0,0.0,0.0,0.2466359578084948,0.17639086532719542
2695.0,160.0,350.0,2445.0,2974.0,0.0,2017.0,14.13316535949707,27.62018394470215,0.9999992470106375,23.0,3.1780538303479458,1.0,0.8101550025815307,0.8441045885047233,0.6808912121655704,0.8271297955431269,1.0,0.3922826537970579,0.5983857684952245
2695.0,160.0,58.0,5674.0,244.0,0.0,4956.0,0.9858417510986328,6.030624866485596,0.5158340645884063,0.0,0.0,0.0,0.0,0.0,0.0,0.0,0.0,0.1395691954985498,0.10896496994670783
2695.0,160.0,69.0,4393.0,1971.0,0.0,5.0,1.5314321517944336,5.395878791809082,0.7245761274622766,0.0,0.0,0.0,0.0,0.0,0.0,0.0,0.0,0.23215649864987184,0.1811205591436733
2695.0,61.0,257.0,2974.0,545.0,0.0,356.0,10.108101785182953,10.692605018615723,0.999727940043856,0.0,0.0,0.0,0.0,0.0,0.0,0.0,0.0,0.5604358075343925,0.38422231213292324
2695.0,6.0,87.0,2974.0,2695.0,0.0,21.0,0.8194546699523926,4.5974884033203125,0.662003831309061,0.0,0.0,0.0,0.0,0.0,0.0,0.0,0.0,0.20014216767491327,0.16102566879954197
2404.0,115.0,222.0,1856.0,2404.0,1.0,1.0,2.681577205657959,8.838401794433594,0.9067476379473964,0.0,0.0,0.0,0.0,0.0,0.0,0.0,0.0,0.29923469735750724,0.21385438386005806
2404.0,160.0,36.0,2618.0,3452.0,0.0,5113.0,1.3966580033302307,2.3855459690093994,0.5605786248022229,0.0,0.0,0.0,0.0,0.0,0.0,0.0,0.0,0.1991488861715587,0.16701704916127436
2404.0,207.0,148.0,5227.0,2404.0,1.0,1.0,2.2154860496520996,6.679905414581299,0.8964478903809865,0.0,0.0,0.0,0.0,0.0,0.0,0.0,0.0,0.3137790877805904,0.2371086744460483
2404.0,169.0,359.0,1185.0,2461.0,0.0,13.0,5.787981986999512,10.73785400390625,0.9926064364231344,0.0,0.0,0.0,0.0,0.0,0.0,0.0,0.0,0.4105752971481621,0.27774325860218024
1790.0,160.0,162.0,7015.0,3149.0,0.0,6398.0,0.005483388900756836,-3.959040403366089,0.04444765477196381,0.0,0.0,0.0,0.0,0.0,0.0,0.0,0.0,0.08595617450292337,0.08955261381918497
3478.0,56.0,107.0,6321.0,3036.0,0.0,110.0,0.6802129149436951,-0.518550455570221,0.33053961397207016,0.0,0.0,0.0,0.0,0.0,0.0,0.0,0.0,0.13793641762070413,0.12704099964960638
6328.0,155.0,324.0,1077.0,920.0,1.0,1.0,10.082650303840637,11.509153366088867,0.9999054324903482,0.0,0.0,0.0,0.0,0.0,0.0,0.0,0.0,0.5450777849324149,0.36536483810804227
3998.0,160.0,138.0,3921.0,2290.0,1.0,1.0,0.5917439460754395,-1.5034093856811523,0.2589741604360326,2.0,1.0986122886681098,0.9803906099397734,0.24073686756089951,0.7592631324391005,0.13683960240048226,0.5,1.0,0.1250296297318844,0.25672796250961244
3998.0,160.0,127.0,3921.0,3919.0,0.0,2.0,1.4179560244083405,-0.31178686022758484,0.48424962614182865,1.0,0.6931471805599453,0.3865083343167451,0.0,1.0,0.9999999999974127,0.5,1.0,0.20142925678042758,0.554880999062005
1478.0,229.0,155.0,5442.0,509.0,1.0,1.0,1.1812971830368042,-1.880820393562317,0.07983526169384625,0.0,0.0,0.0,0.0,0.0,0.0,0.0,0.0,0.0936163634750868,0.09016340729597806
5087.0,207.0,196.0,6934.0,7021.0,0.0,6926.0,0.1691570281982422,-4.0592732429504395,0.004241249150717572,0.0,0.0,0.0,0.0,0.0,0.0,0.0,0.0,0.08079929996112359,0.08446942505436317
4228.0,143.0,309.0,454.0,4228.0,0.0,493.0,0.7632642406970263,-0.020657239481806755,0.09399925447900262,0.0,0.0,0.0,0.0,0.0,0.0,0.0,0.0,0.08111326060879293,0.07568746156395156
4008.0,169.0,222.0,5540.0,1692.0,0.0,2436.0,1.0926367044448853,0.37953776121139526,0.14996836596877544,0.0,0.0,0.0,0.0,0.0,0.0,0.0,0.0,0.09305459855539087,0.08482662158386203
4534.0,167.0,318.0,3159.0,3155.0,1.0,1.0,5.944235563278198,9.902898788452148,0.9951436202449642,4.0,1.6094379124341003,0.8879629756445782,0.2734077526248039,1.0,0.9999999999995868,0.636703876312402,1.0,0.43194980304516645,0.7307096444099264
4534.0,224.0,331.0,4534.0,3155.0,0.0,3.0,1.1429057121276855,7.0451483726501465,0.6143541693409226,0.0,0.0,0.0,0.0,0.0,0.0,0.0,0.0,0.1633249814003669,0.12365769009076055
2321.0,160.0,293.0,2442.0,2278.0,1.0,1.0,0.25955408811569214,0.8612690567970276,0.4079526515112766,7.0,2.0794415416798357,0.7884782461155736,0.5177006926735335,0.9445102664641508,0.8883865111250296,0.7311054795688421,1.0,0.14151406651371337,0.5215813370158867
2321.0,160.0,282.0,1161.0,2442.0,0.0,2.0,2.4280872344970703,6.8606438636779785,0.910210241664353,0.0,0.0,0.0,0.0,0.0,0.0,0.0,0.0,0.3243855049642612,0.24381392268009855
2321.0,53.0,34.0,122.0,2694.0,0.0,1.0,2.213930130004883,8.353371620178223,0.8956134250851848,1.0,0.6931471805599453,1.0,0.0,1.0,0.9999999999989999,0.5,1.0,0.2878426052660991,0.5460189725592448
3741.0,160.0,125.0,1553.0,3922.0,0.0,228.0,0.052300214767456055,2.4408349990844727,0.399146295123905,1.0,0.6931471805599453,0.8042490800314893,0.0,1.0,0.15712119150717685,0.5,1.0,0.12277961996433424,0.2182637698410787
3741.0,110.0,120.0,5154.0,3922.0,0.0,72.0,0.13262057304382324,3.1575424671173096,0.21739860675095427,0.0,0.0,0.0,0.0,0.0,0.0,0.0,0.0,0.07978067057685205,0.06949067444674194
3741.0,150.0,178.0,2404.0,6245.0,1.0,1.0,1.093679428100586,2.134631395339966,0.44673668208305883,0.0,0.0,0.0,0.0,0.0,0.0,0.0,0.0,0.15594278839265635,0.1331344819131696
5758.0,160.0,286.0,4304.0,1181.0,0.0,202.0,1.624842882156372,2.1712536811828613,0.6813456930867979,1.0,0.6931471805599453,0.2929185427091149,0.0,1.0,0.5537907735900065,0.5,1.0,0.25840797907912116,0.5235063959638007
5758.0,142.0,68.0,2690.0,2408.0,1.0,1.0,4.569799423217773,6.1477837562561035,0.9818005815208128,0.0,0.0,0.0,0.0,0.0,0.0,0.0,0.0,0.44521638674984076,0.338155015971769
3158.0,160.0,128.0,1182.0,2266.0,0.0,2377.0,8.41335678100586,12.473776817321777,0.9995538188378756,0.0,0.0,0.0,0.0,0.0,0.0,0.0,0.0,0.47113952192659125,0.30483092422839286
2272.0,160.0,317.0,6410.0,5037.0,1.0,1.0,3.219207763671875,14.71707820892334,0.9615278810095134,12.0,2.5649493574615367,0.6095068271022377,0.466857877580791,0.0,0.0,0.2334289387903955,0.0,0.2550500982250472,0.20954260123258958
2272.0,160.0,134.0,6890.0,5037.0,0.0,107.0,2.0972671508789062,20.774288177490234,0.884101097973942,0.0,0.0,0.0,0.0,0.0,0.0,0.0,0.0,0.13603349473091153,0.07186401986889122
2272.0,156.0,181.0,2683.0,3341.0,0.0,3.0,0.138458251953125,11.208616256713867,0.42328365353227065,0.0,0.0,0.0,0.0,0.0,0.0,0.0,0.0,0.07369167966336614,0.052264265787190956
2272.0,53.0,224.0,4723.0,2100.0,0.0,5.0,7.131937026977539,14.359877586364746,0.9979995047809909,0.0,0.0,0.0,0.0,0.0,0.0,0.0,0.0,0.3943383796709048,0.24122866864504322
2272.0,61.0,226.0,6410.0,7038.0,0.0,21.0,0.013140201568603516,5.549201011657715,0.29560297487922843,0.0,0.0,0.0,0.0,0.0,0.0,0.0,0.0,0.07971736301482246,0.06543784990019844
4425.0,155.0,175.0,3159.0,3155.0,1.0,1.0,3.3213577270507812,8.144412994384766,0.9645948304914358,1.0,0.6931471805599453,0.9803906099397734,0.0,1.0,0.99999999999898,0.5,1.0,0.36012628573350847,0.6194000559521008
3988.0,142.0,216.0,1161.0,2300.0,0.0,744.0,5.006710052490234,6.188661575317383,0.9780273519687022,0.0,0.0,0.0,0.0,0.0,0.0,0.0,0.0,0.4568579291571634,0.3458989419445845
5984.0,224.0,24.0,2277.0,1218.0,0.0,4015.0,1.9930667877197266,-2.0093636512756348,0.10864487132237345,0.0,0.0,0.0,0.0,0.0,0.0,0.0,0.0,0.11088031015379747,0.1046198341083116
6044.0,155.0,15.0,6407.0,6890.0,0.0,1781.0,1.8822908401489258,2.725957155227661,0.6543428089572558,0.0,0.0,0.0,0.0,0.0,0.0,0.0,0.0,0.24514480428653435,0.2018452328546175
675.0,47.0,152.0,7058.0,1863.0,0.0,6832.0,0.10201048851013184,-1.642078161239624,0.005672192083930792,0.0,0.0,0.0,0.0,0.0,0.0,0.0,0.0,0.06835967465058256,0.06796037737891769
3703.0,160.0,128.0,1146.0,6350.0,0.0,161.0,2.8538584113121033,3.6872997283935547,0.7988440340812998,0.0,0.0,0.0,0.0,0.0,0.0,0.0,0.0,0.32855425882023087,0.2621266025744194
3703.0,130.0,245.0,927.0,2242.0,0.0,133.0,1.5713798999786377,3.2334342002868652,0.22262173373208943,0.0,0.0,0.0,0.0,0.0,0.0,0.0,0.0,0.09589268019425477,0.08049908158029377
3703.0,38.0,119.0,1146.0,4408.0,1.0,1.0,5.16418331861496,5.872974395751953,0.9876392275689522,0.0,0.0,0.0,0.0,0.0,0.0,0.0,0.0,0.47360140913215537,0.3616505123736675
2665.0,160.0,343.0,4723.0,2460.0,0.0,29.0,9.27109408378601,13.055754661560059,0.9998270653307231,0.0,0.0,0.0,0.0,0.0,0.0,0.0,0.0,0.48973176845672667,0.31271601792059
1171.0,6.0,356.0,2570.0,5037.0,0.0,73.0,0.2463994026184082,7.190934658050537,0.3211777385544494,1.0,0.6931471805599453,0.09855978076444671,0.0,0.0,0.0,0.0,0.0,0.07785254867612608,0.061934036072549256
1171.0,186.0,162.0,6410.0,5485.0,0.0,8.0,3.6890039145946503,3.909754753112793,0.5922960072828471,0.0,0.0,0.0,0.0,0.0,0.0,0.0,0.0,0.24682499244980477,0.19233043494093457
1171.0,105.0,113.0,146.0,1171.0,0.0,54.0,2.1998395919799805,7.402701377868652,0.8253581410808132,0.0,0.0,0.0,0.0,0.0,0.0,0.0,0.0,0.2673223910451954,0.1977137209711591
1171.0,156.0,246.0,567.0,6410.0,0.0,2.0,3.1216506958007812,16.48530387878418,0.9195013091976989,0.0,0.0,0.0,0.0,0.0,0.0,0.0,0.0,0.2117636690195242,0.12371842316552643
1171.0,39.0,19.0,6410.0,1161.0,0.0,16.0,0.1272439956665039,6.093726634979248,0.414022509631623,0.0,0.0,0.0,0.0,0.0,0.0,0.0,0.0,0.10111950131987621,0.0808865312975367
1171.0,119.0,182.0,5395.0,3372.0,0.0,85.0,0.38645249605178833,-0.2710707187652588,0.003760401770530689,0.0,0.0,0.0,0.0,0.0,0.0,0.0,0.0,0.06430993349614694,0.06160088879074259
2388.0,53.0,195.0,6568.0,359.0,0.0,1350.0,1.3742746412754059,1.511339545249939,0.6176274048890186,0.0,0.0,0.0,0.0,0.0,0.0,0.0,0.0,0.23256300453941994,0.19840523715873873
4634.0,127.0,96.0,6315.0,329.0,0.0,1279.0,0.38582468032836914,1.7368791103363037,0.291093205862163,1.0,0.6931471805599453,0.9057236642639067,0.0,0.0,0.0,0.0,1.0,0.10615112927007866,0.1404912920921205
5421.0,142.0,149.0,3159.0,261.0,0.0,2.0,0.24803686141967773,7.813011646270752,0.5143616272164229,0.0,0.0,0.0,0.0,0.0,0.0,0.0,0.0,0.11393002542912231,0.08671092963964143
5421.0,142.0,348.0,2713.0,2906.0,1.0,1.0,0.16419124603271484,9.032719612121582,0.4729304469637755,0.0,0.0,0.0,0.0,0.0,0.0,0.0,0.0,0.09529063700059709,0.0708201962642039
5421.0,142.0,28.0,711.0,6410.0,0.0,9.0,4.391854286193848,13.474949836730957,0.9708600967481539,0.0,0.0,0.0,0.0,0.0,0.0,0.0,0.0,0.3098326971219809,0.19516554324656288
5421.0,142.0,75.0,3159.0,3512.0,0.0,654.0,1.864130973815918,10.532804489135742,0.7900095457024535,0.0,0.0,0.0,0.0,0.0,0.0,0.0,0.0,0.2033603020114878,0.1398629260531884
5421.0,98.0,278.0,3155.0,6284.0,0.0,9.0,6.646884918212891,14.860835075378418,0.9969470446483943,1.0,0.6931471805599453,0.01307411536551412,0.0,0.0,0.0,0.0,0.0,0.3697020715668958,0.2311731227611182
5421.0,103.0,322.0,711.0,4319.0,0.0,72.0,2.342860221862793,11.442009925842285,0.8873392833816929,0.0,0.0,0.0,0.0,0.0,0.0,0.0,0.0,0.24379246990419517,0.16363662142674412
5421.0,127.0,60.0,2290.0,3262.0,0.0,5.0,2.8120813369750977,13.43470573425293,0.9425661057930885,2.0,1.0986122886681098,0.836743383392903,0.0,1.0,0.23788210689714043,0.5,1.0,0.2535531516286008,0.32942221888493867
6141.0,160.0,352.0,6348.0,6552.0,0.0,99.0,11.795746564865112,8.878510475158691,0.9999565031342672,1.0,0.6931471805599453,1.0,0.0,1.0,0.9999999999989999,0.5,1.0,0.6463393856553632,0.8020285508999692
5705.0,150.0,213.0,5039.0,6329.0,0.0,629.0,2.25394469499588,2.952658176422119,0.7159264328379776,0.0,0.0,0.0,0.0,0.0,0.0,0.0,0.0,0.2804055588609795,0.22846587079867314
4565.0,56.0,258.0,2290.0,4396.0,0.0,5.0,3.231907844543457,7.623715877532959,0.9141941200982833,2.0,1.0986122886681098,0.7730166686334901,0.4506506745036247,0.5493493254963753,0.36160159734357844,0.5,1.0,0.3383496364622515,0.5582248773568235
4565.0,53.0,37.0,5004.0,3155.0,0.0,68.0,0.010514259338378906,8.078827857971191,0.5017645987212077,0.0,0.0,0.0,0.0,0.0,0.0,0.0,0.0,0.10593787001905695,0.08061917977643276
4565.0,160.0,159.0,927.0,4408.0,0.0,3.0,2.495936632156372,6.474992275238037,0.8877421258770853,0.0,0.0,0.0,0.0,0.0,0.0,0.0,0.0,0.32066106196459043,0.24257208879876405
3677.0,180.0,328.0,235.0,6559.0,0.0,9.0,0.1958385705947876,1.215388298034668,0.23571146301305276,0.0,0.0,0.0,0.0,0.0,0.0,0.0,0.0,0.0951726461639043,0.0862481339314253
637.0,156.0,142.0,1179.0,7076.0,0.0,1447.0,10.98263692855835,10.287952423095703,0.9999583687500502,2.0,1.0986122886681098,1.0,0.3556886838508335,1.0,0.9999999999993556,0.6778443419254168,1.0,0.5965280840243521,0.8179226661184978
827.0,53.0,139.0,2685.0,4218.0,0.0,2473.0,0.389554500579834,-3.47552752494812,0.10054276285362873,0.0,0.0,0.0,0.0,0.0,0.0,0.0,0.0,0.09868218950137907,0.10002051288825559
4468.0,160.0,230.0,4407.0,5474.0,0.0,19.0,5.120694160461426,20.71996307373047,0.9916344194208534,35.0,3.58351893845611,0.7001394896518027,0.8216550734037924,0.851462556170321,0.6982448367570185,0.8365588147870566,1.0,0.2356243511902167,0.5595786280371022
4468.0,160.0,225.0,4407.0,4032.0,0.0,13.0,8.75881576538086,21.114782333374023,0.9998048937838087,35.0,3.58351893845611,0.7730166686334901,0.8216550734037924,0.8514625561703209,0.6982448367570259,0.8365588147870566,1.0,0.3331792782536227,0.6419603658452554
4468.0,160.0,71.0,5395.0,1503.0,0.0,4.0,0.1455998420715332,6.16545295715332,0.42317266816543525,2.0,1.0986122886681098,0.7284274237469965,0.3032695450229276,0.0,0.0,0.1516347725114638,0.0,0.10289073215761435,0.08725021737579368
4468.0,160.0,116.0,4407.0,5474.0,1.0,1.0,8.252212047576904,13.062686920166016,0.9993018147582303,16.0,2.833213344056216,0.9423178739918808,0.7961006884549059,0.6802998243997408,0.4231365054978489,0.7382002564273233,1.0,0.45497239689587865,0.7070825166892886
4468.0,160.0,340.0,5474.0,4407.0,0.0,1.0,4.355544090270996,17.53888511657715,0.9868513594936043,7.0,2.0794415416798357,1.0,0.44796547827402344,0.0,0.0,0.22398273913701172,0.0,0.2570239523063018,0.16616746902441049
4468.0,160.0,68.0,4407.0,1503.0,0.0,1.0,7.149639129638672,15.378480911254883,0.99876141390018,10.0,2.3978952727983707,1.0,0.6436705024178858,0.8424237873230391,0.5262317566566472,0.7430471448704625,1.0,0.3778634986364025,0.6191736046006734
4468.0,160.0,308.0,4407.0,5395.0,1.0,1.0,0.929844856262207,15.31957721710205,0.7031285707228005,51.0,3.9512437185814275,0.9803906099397734,0.7115809967322562,0.7067774481202161,0.493717073417107,0.7091792224262361,1.0,0.1142917625680435,0.3262130836579755
4468.0,160.0,136.0,4721.0,4407.0,0.0,2.0,0.5158052444458008,7.792379379272461,0.612089568074322,0.0,0.0,0.0,0.0,0.0,0.0,0.0,0.0,0.14454630957878026,0.10888448716362423
4468.0,160.0,343.0,5474.0,4407.0,0.0,6.0,4.040302276611328,16.263444900512695,0.9817367083269207,7.0,2.0794415416798357,0.9423178739918808,0.44796547827402344,0.0,0.0,0.22398273913701172,0.0,0.26422919962758445,0.18015970617220853
4468.0,160.0,159.0,4407.0,1503.0,0.0,5.0,5.922883987426758,16.014055252075195,0.9972549742280394,23.0,3.1780538303479458,1.0,0.7064190079349508,0.767165384646892,0.5656865184894958,0.7367921962909214,1.0,0.32868734206252403,0.6030927891991636
4468.0,23.0,335.0,3726.0,917.0,0.0,98.0,0.07529580593109131,-1.551803708076477,0.0072250062005643914,0.0,0.0,0.0,0.0,0.0,0.0,0.0,0.0,0.06795283740436986,0.06745621742997991
1185.0,115.0,103.0,2461.0,3262.0,0.0,3.0,1.6144652366638184,7.277529239654541,0.7897502842082399,0.0,0.0,0.0,0.0,0.0,0.0,0.0,0.0,0.23791742003510988,0.17767091778752034
1185.0,158.0,116.0,1185.0,3788.0,0.0,3.0,3.3805437088012695,8.6934814453125,0.9408919210869386,0.0,0.0,0.0,0.0,0.0,0.0,0.0,0.0,0.33991366879807444,0.2431362727685955
1185.0,6.0,148.0,1185.0,1222.0,0.0,8.0,3.959993839263916,6.953295707702637,0.9673465457426118,0.0,0.0,0.0,0.0,0.0,0.0,0.0,0.0,0.40236790474055506,0.3000973927484204
1185.0,127.0,282.0,2461.0,2561.0,0.0,280.0,3.729473114013672,7.151867866516113,0.9717160568664089,2.0,1.0986122886681098,0.05773997470250316,0.0,1.0,0.999999999991169,0.5,1.0,0.39397773335732633,0.7329461868807834
1185.0,56.0,54.0,2461.0,3788.0,1.0,1.0,1.072305679321289,12.980224609375,0.5755798672910264,2.0,1.0986122886681098,0.9423178739918808,0.0,1.0,0.3976579481850622,0.5,1.0,0.10281328662069904,0.17018410606863776
1185.0,56.0,274.0,2461.0,6496.0,1.0,1.0,5.9477972984313965,13.029984474182129,0.9968315065146856,10.0,2.3978952727983707,0.09287464307105926,0.6556938815558688,0.0,0.0,0.3278469407779344,0.0,0.3785416369632877,0.38700610679951336
1185.0,227.0,44.0,2461.0,523.0,0.0,4.0,2.132964611053467,6.649813175201416,0.8155076203915765,0.0,0.0,0.0,0.0,0.0,0.0,0.0,0.0,0.27159982571344654,0.2045512215924516
1185.0,224.0,304.0,2461.0,497.0,0.0,3.0,1.9360642433166504,7.527916431427002,0.8672168971582251,1.0,0.6931471805599453,0.007659301640154481,0.0,0.0,0.0,0.0,0.0,0.27845944936916034,0.2146019614674057
1185.0,229.0,68.0,1185.0,3788.0,0.0,5250.0,4.894881963729858,7.435035705566406,0.9869705690121402,0.0,0.0,0.0,0.0,0.0,0.0,0.0,0.0,0.43615005266858864,0.3212264813334529
1511.0,205.0,221.0,1154.0,6410.0,0.0,8.0,0.2894678860902786,0.5074397921562195,0.057590022706630495,0.0,0.0,0.0,0.0,0.0,0.0,0.0,0.0,0.06803091041044414,0.06378206007580217
5495.0,156.0,352.0,1180.0,6792.0,1.0,1.0,2.842705726623535,7.275111675262451,0.913772556194338,0.0,0.0,0.0,0.0,0.0,0.0,0.0,0.0,0.3320216029763621,0.24619854710912917
5495.0,38.0,336.0,1180.0,6658.0,0.0,5305.0,12.42422765493393,11.651902198791504,0.9999890202306112,12.0,2.5649493574615367,0.820335356007638,0.6923258122384746,0.7538748463243848,0.5708410588939572,0.7231003292814298,1.0,0.6194587699698427,0.8248954049869719
5495.0,40.0,83.0,2300.0,2290.0,0.0,277.0,0.013856649398803711,0.3998134434223175,0.058207062911551366,0.0,0.0,0.0,0.0,0.0,0.0,0.0,0.0,0.06627794150657762,0.0627231683265777
6928.0,169.0,320.0,904.0,2145.0,0.0,6844.0,0.04323709011077881,-1.0712785720825195,0.027483286734843276,0.0,0.0,0.0,0.0,0.0,0.0,0.0,0.0,0.06856920117473271,0.06723611465321354
3653.0,155.0,100.0,1077.0,1416.0,1.0,1.0,6.325418472290039,8.539590835571289,0.9965021488564134,0.0,0.0,0.0,0.0,0.0,0.0,0.0,0.0,0.4699384045903349,0.33653698124753983
3653.0,160.0,342.0,4304.0,7098.0,0.0,3413.0,4.954178810119629,10.55439281463623,0.9928275723599427,0.0,0.0,0.0,0.0,0.0,0.0,0.0,0.0,0.38686638789710376,0.26364931634159877
1643.0,160.0,48.0,1171.0,4304.0,0.0,42.0,2.787715435028076,9.091839790344238,0.9413436324149793,0.0,0.0,0.0,0.0,0.0,0.0,0.0,0.0,0.3161371696452001,0.22508459475499093
1643.0,49.0,355.0,6054.0,7082.0,0.0,3528.0,0.4313138723373413,1.6545237302780151,0.13349330472587478,0.0,0.0,0.0,0.0,0.0,0.0,0.0,0.0,0.07597673863100704,0.06857039331639098
4024.0,160.0,87.0,4393.0,2317.0,0.0,6333.0,2.5010991990566254,2.0073933601379395,0.7635426931017205,0.0,0.0,0.0,0.0,0.0,0.0,0.0,0.0,0.3261025616861961,0.27051086587349676
365.0,160.0,67.0,3922.0,1523.0,0.0,454.0,0.4515739679336548,0.6657071709632874,0.40612937128429377,0.0,0.0,0.0,0.0,0.0,0.0,0.0,0.0,0.1459101664183309,0.13080229076728597
2570.0,160.0,44.0,3262.0,6410.0,0.0,1.0,4.546860218048096,6.638511657714844,0.9792870129887368,1.0,0.6931471805599453,1.0,0.0,1.0,0.9999999999989999,0.5,1.0,0.434207982719992,0.687569247243476
2570.0,156.0,195.0,3155.0,4564.0,0.0,17.0,11.873430252075195,14.402084350585938,0.9999787431606684,0.0,0.0,0.0,0.0,0.0,0.0,0.0,0.0,0.5532112974483486,0.3459806275473629
1142.0,105.0,139.0,1142.0,5184.0,0.0,28.0,0.11673152446746826,-0.7343169450759888,0.02167713801669019,0.0,0.0,0.0,0.0,0.0,0.0,0.0,0.0,0.06677439583561721,0.06492011860942141
587.0,224.0,246.0,4484.0,146.0,1.0,1.0,2.992137908935547,10.175066947937012,0.9344380520465929,8.0,2.1972245773362196,0.46191979762002533,0.6102047251948628,0.0,0.0,0.3051023625974314,0.0,0.30174441129906465,0.3030239896900048
587.0,224.0,331.0,146.0,4484.0,1.0,1.0,2.208252429962158,7.569179534912109,0.887646133798185,12.0,2.5649493574615367,0.30475341355111885,0.6430993231838252,0.35690067681617477,0.06429164064983159,0.5,1.0,0.29544627862069456,0.5512927512470147
587.0,224.0,124.0,146.0,4484.0,0.0,23.0,1.4679269790649414,11.535265922546387,0.8125962278532829,6.0,1.9459101490553132,1.0,0.5770356538643333,0.42296434613566664,0.1338977333613832,0.5,1.0,0.1919884954344397,0.33115996097256556
587.0,45.0,246.0,4484.0,5395.0,0.0,6.0,0.48485445976257324,2.642374277114868,0.27668342804846124,0.0,0.0,0.0,0.0,0.0,0.0,0.0,0.0,0.09818459768892916,0.08525365861663006
5402.0,169.0,254.0,568.0,4140.0,0.0,202.0,0.12762761116027832,-3.2434751987457275,0.02058918303367483,0.0,0.0,0.0,0.0,0.0,0.0,0.0,0.0,0.0789412059189975,0.08101815138335643
5402.0,158.0,254.0,2336.0,5385.0,0.0,6636.0,0.6199560165405273,-1.0592460632324219,0.01928842103883141,0.0,0.0,0.0,0.0,0.0,0.0,0.0,0.0,0.07232423747313156,0.06992819886459299
6321.0,169.0,228.0,1145.0,1971.0,0.0,199.0,13.528595447540283,16.23566246032715,0.9999961642491421,0.0,0.0,0.0,0.0,0.0,0.0,0.0,0.0,0.5755984779793726,0.3464613874856796
6321.0,156.0,129.0,1145.0,1971.0,1.0,1.0,1.362652063369751,4.344284534454346,0.6418928549633777,2.0,1.0986122886681098,0.836743383392903,0.32026379009601236,1.0,0.5148487862824275,0.6601318950480062,1.0,0.20716603084068552,0.45794063618507896
6321.0,156.0,98.0,6321.0,2683.0,0.0,6.0,1.385155439376831,4.5523810386657715,0.6378657499248744,0.0,0.0,0.0,0.0,0.0,0.0,0.0,0.0,0.20362015939200395,0.1624203556253606
76.0,167.0,78.0,5445.0,39.0,0.0,4749.0,0.06892251968383789,-5.654200077056885,0.0024660399983618495,0.0,0.0,0.0,0.0,0.0,0.0,0.0,0.0,0.08835419856016549,0.09576203458264536
3942.0,160.0,55.0,5465.0,3038.0,0.0,7069.0,0.7910668849945068,-3.3705694675445557,0.12033872535143574,0.0,0.0,0.0,0.0,0.0,0.0,0.0,0.0,0.107401051765016,0.10725630919820767
5807.0,103.0,204.0,711.0,5807.0,0.0,12.0,3.6562726497650146,5.366877555847168,0.9384743923219521,0.0,0.0,0.0,0.0,0.0,0.0,0.0,0.0,0.4033827557567228,0.31151806105714275
5807.0,207.0,203.0,1077.0,711.0,1.0,1.0,4.430504322052002,10.763486862182617,0.9806809322177139,0.0,0.0,0.0,0.0,0.0,0.0,0.0,0.0,0.359920167750236,0.24400780568807318
1527.0,38.0,215.0,1145.0,4261.0,1.0,1.0,11.195563793182373,18.39374351501465,0.9999860554176251,16.0,2.833213344056216,0.820335356007638,0.6002890213717926,0.9460910327430584,0.8774496205226083,0.7731900270574255,1.0,0.4583567990772776,0.7364279586128667
4420.0,155.0,349.0,2290.0,2554.0,1.0,1.0,13.605963706970215,8.190696716308594,0.9998846015017718,0.0,0.0,0.0,0.0,0.0,0.0,0.0,0.0,0.7104049831815977,0.5358109573770888
6679.0,53.0,51.0,6704.0,2454.0,1.0,1.0,3.4839913845062256,6.575826168060303,0.9668717860029117,0.0,0.0,0.0,0.0,0.0,0.0,0.0,0.0,0.39322390140788155,0.2967436120194144
4978.0,208.0,121.0,6348.0,1339.0,0.0,3975.0,0.38272231817245483,-0.9284732937812805,0.011057715053671693,0.0,0.0,0.0,0.0,0.0,0.0,0.0,0.0,0.06831297739733799,0.06633334085557212
3454.0,191.0,269.0,929.0,1077.0,0.0,24.0,3.4930260181427,5.707114219665527,0.9323273400556458,0.0,0.0,0.0,0.0,0.0,0.0,0.0,0.0,0.3886703429884057,0.2979554493889436
883.0,53.0,222.0,6795.0,4805.0,1.0,1.0,5.705266296863556,6.464120388031006,0.9893505698745144,0.0,0.0,0.0,0.0,0.0,0.0,0.0,0.0,0.4822046772196803,0.36288706288903305
2435.0,169.0,26.0,2661.0,4702.0,0.0,6810.0,1.0544040203094482,4.352315902709961,0.6193323774065019,0.0,0.0,0.0,0.0,0.0,0.0,0.0,0.0,0.19174498680059013,0.1546366724421751
2798.0,56.0,147.0,3162.0,2460.0,0.0,5.0,0.9143924713134766,9.378988265991211,0.6338112220101283,0.0,0.0,0.0,0.0,0.0,0.0,0.0,0.0,0.14348170159553295,0.10321142336059368
2798.0,160.0,231.0,2460.0,2242.0,0.0,136.0,7.1396238803863525,10.408278465270996,0.9973052493859283,0.0,0.0,0.0,0.0,0.0,0.0,0.0,0.0,0.4641460363879898,0.3168136562970166
2798.0,156.0,322.0,1183.0,6411.0,0.0,47.0,1.5482406616210938,6.690756320953369,0.6960732323106399,0.0,0.0,0.0,0.0,0.0,0.0,0.0,0.0,0.20483795163415897,0.15504835971599656
2798.0,169.0,331.0,1181.0,1077.0,0.0,293.0,0.6740627288818359,6.712011337280273,0.41038279003422745,0.0,0.0,0.0,0.0,0.0,0.0,0.0,0.0,0.10298872500387077,0.08023747995592372
2068.0,159.0,133.0,1006.0,4993.0,0.0,2967.0,1.715248703956604,-0.44689977169036865,0.08958319589866308,0.0,0.0,0.0,0.0,0.0,0.0,0.0,0.0,0.09292859549137009,0.08552793635829174
3995.0,46.0,358.0,3922.0,5154.0,0.0,60.0,0.09429740905761719,2.407078981399536,0.1689544865780056,0.0,0.0,0.0,0.0,0.0,0.0,0.0,0.0,0.07495801872375707,0.0668163262245476
3995.0,46.0,132.0,1193.0,909.0,0.0,207.0,0.18005216121673584,1.9830868244171143,0.13622309954989875,0.0,0.0,0.0,0.0,0.0,0.0,0.0,0.0,0.07246075316371832,0.06530933076221312
3995.0,142.0,132.0,2290.0,3285.0,0.0,2.0,0.07864952087402344,6.7739644050598145,0.505771589615338,0.0,0.0,0.0,0.0,0.0,0.0,0.0,0.0,0.1171616603173454,0.09173224581470595
3995.0,169.0,171.0,4723.0,2417.0,0.0,3754.0,0.6409177780151367,6.065860271453857,0.5047832012053018,0.0,0.0,0.0,0.0,0.0,0.0,0.0,0.0,0.13071115398776798,0.10277214040976093
6917.0,61.0,313.0,7038.0,5397.0,0.0,7.0,3.5703535676002502,4.547313690185547,0.8938927195287701,0.0,0.0,0.0,0.0,0.0,0.0,0.0,0.0,0.3891003337595705,0.3047283216220858
6917.0,155.0,139.0,7038.0,1077.0,0.0,5.0,0.16982746124267578,11.162986755371094,0.5361260911194582,0.0,0.0,0.0,0.0,0.0,0.0,0.0,0.0,0.09518830263087125,0.06697079227532943
5158.0,38.0,41.0,1477.0,785.0,0.0,96.0,2.9301896691322327,3.877377986907959,0.8789314137929929,0.0,0.0,0.0,0.0,0.0,0.0,0.0,0.0,0.37163820476689097,0.2966366552301608
5158.0,38.0,83.0,920.0,5373.0,0.0,4.0,0.6623539924621582,4.993727207183838,0.47225672393493623,0.0,0.0,0.0,0.0,0.0,0.0,0.0,0.0,0.13095474116716016,0.10568286091841783
5158.0,6.0,6.0,6504.0,18.0,0.0,31.0,0.7892332077026367,11.740234375,0.672710971603512,0.0,0.0,0.0,0.0,0.0,0.0,0.0,0.0,0.13229650033777154,0.09002804605632418
5158.0,160.0,299.0,3566.0,5661.0,0.0,18.0,2.3209147453308105,8.052813529968262,0.8204745478652293,0.0,0.0,0.0,0.0,0.0,0.0,0.0,0.0,0.25908793533837676,0.18832112297873327
5158.0,150.0,154.0,6504.0,5158.0,0.0,1905.0,3.280646324157715,6.499876976013184,0.9110124718016387,0.0,0.0,0.0,0.0,0.0,0.0,0.0,0.0,0.35654948900837485,0.26814543556301235
2441.0,98.0,207.0,1924.0,364.0,0.0,7119.0,0.009450674057006836,-2.6643240451812744,0.002806482415500878,0.0,0.0,0.0,0.0,0.0,0.0,0.0,0.0,0.07191919099677481,0.07330272519277974
1943.0,155.0,293.0,2300.0,3162.0,0.0,2.0,0.3200869560241699,5.342369556427002,0.36814388371375634,1.0,0.6931471805599453,0.06502520520136479,0.0,0.0,0.0,0.0,0.0,0.09841802841587279,0.08210076314467327
1943.0,155.0,100.0,2104.0,3162.0,0.0,2.0,2.4767942428588867,7.43502950668335,0.8390169867289593,0.0,0.0,0.0,0.0,0.0,0.0,0.0,0.0,0.28085301220781456,0.207008241969867
1943.0,155.0,156.0,2290.0,2300.0,1.0,1.0,1.0000953674316406,8.475972175598145,0.7164305692924717,1.0,0.6931471805599453,0.9803906099397734,0.0,0.0,0.0,0.0,1.0,0.18084579309859247,0.18949053445811243
6962.0,160.0,104.0,1077.0,2683.0,1.0,1.0,3.5110301971435547,7.605737686157227,0.9500086378110827,2.0,1.0986122886681098,0.7578582832551991,0.28276291816654675,1.0,0.9999999999990535,0.6413814590832734,1.0,0.3669507799493985,0.7051981436956278
6962.0,160.0,246.0,3678.0,5807.0,0.0,3508.0,4.248205661773682,7.312777996063232,0.9719801954118895,0.0,0.0,0.0,0.0,0.0,0.0,0.0,0.0,0.4081780642728949,0.3015740536254887
1648.0,123.0,87.0,389.0,2720.0,0.0,2916.0,0.20831046998500824,0.2858516573905945,0.005769938075364807,0.0,0.0,0.0,0.0,0.0,0.0,0.0,0.0,0.06081749214873802,0.05779251658625404
6811.0,169.0,218.0,5845.0,1126.0,0.0,4399.0,0.19125628471374512,-3.570570468902588,0.011937401201768727,0.0,0.0,0.0,0.0,0.0,0.0,0.0,0.0,0.07977673571533918,0.08240784504851201
2216.0,127.0,99.0,3155.0,6785.0,1.0,1.0,3.4507970809936523,12.029696464538574,0.9654169081526951,2.0,1.0986122886681098,0.9611657480580811,0.0,1.0,0.9999999999994592,0.5,1.0,0.30224773419005674,0.5418934147795821
2242.0,160.0,16.0,2290.0,3495.0,0.0,814.0,0.2019815444946289,12.857948303222656,0.5475426845766609,0.0,0.0,0.0,0.0,0.0,0.0,0.0,0.0,0.08764591337330932,0.059128805028471544
2242.0,6.0,163.0,1755.0,6348.0,0.0,8.5,0.47673892974853516,4.106807231903076,0.2876637266342165,0.0,0.0,0.0,0.0,0.0,0.0,0.0,0.0,0.09127047842871498,0.07662107080658971
2242.0,53.0,344.0,1751.0,146.0,0.0,3.0,0.6953058242797852,8.987873077392578,0.5462643545579994,0.0,0.0,0.0,0.0,0.0,0.0,0.0,0.0,0.11931588852821777,0.08733587467735096
4153.0,155.0,222.0,6890.0,6699.0,1.0,1.0,9.91731059551239,8.593850135803223,0.9999079290852108,1.0,0.6931471805599453,0.9803906099397734,0.0,1.0,0.99999999999898,0.5,1.0,0.5913412366379862,0.7741302267747385
680.0,160.0,236.0,6332.0,38.0,1.0,1.0,1.1564885824918747,1.312657356262207,0.6378941892272915,0.0,0.0,0.0,0.0,0.0,0.0,0.0,0.0,0.23864518667389722,0.20510460192279936
680.0,208.0,109.0,1122.0,2442.0,0.0,20.0,0.9626505374908447,4.783838272094727,0.4845329079213469,0.0,0.0,0.0,0.0,0.0,0.0,0.0,0.0,0.14098081848009805,0.11350066011308757
951.0,155.0,42.0,3262.0,3411.0,1.0,1.0,4.17999430000782,4.382596015930176,0.9705488669244609,1.0,0.6931471805599453,0.6597539553864471,0.0,1.0,0.9999999999984843,0.5,1.0,0.4570963823946708,0.7446039254561715
951.0,169.0,209.0,3241.0,2298.0,0.0,294.0,0.31371259689331055,-3.3568241596221924,0.11459090211756336,0.0,0.0,0.0,0.0,0.0,0.0,0.0,0.0,0.1000246290925767,0.10113785362600188
951.0,127.0,171.0,2713.0,3262.0,0.0,2.0,1.3088682889938354,0.12356865406036377,0.5176214031506005,0.0,0.0,0.0,0.0,0.0,0.0,0.0,0.0,0.20697767402531436,0.18284110971241255
6977.0,18.0,313.0,1148.0,5423.0,1.0,1.0,3.558703899383545,4.728609561920166,0.8776385324887318,0.0,0.0,0.0,0.0,0.0,0.0,0.0,0.0,0.37637539695982214,0.2931074947169706
6977.0,160.0,34.0,2427.0,4453.0,1.0,1.0,1.8353080749511719,3.2261128425598145,0.7183817259931229,2.0,1.0986122886681098,0.9803906099397734,0.37404337003779076,0.6259566299622092,0.23004510891925659,0.5,1.0,0.2664064941851494,0.45580476365085415
6977.0,160.0,118.0,6979.0,5913.0,0.0,14.0,1.1077476739883423,3.065934181213379,0.49799848618363607,0.0,0.0,0.0,0.0,0.0,0.0,0.0,0.0,0.16372997333101205,0.13646891130110533
2697.0,103.0,223.0,6105.0,2442.0,1.0,1.0,2.354253053665161,5.177265167236328,0.8631641277582344,0.0,0.0,0.0,0.0,0.0,0.0,0.0,0.0,0.32406287041429144,0.25249712494682686
2697.0,156.0,273.0,711.0,5046.0,0.0,41.0,1.6886382102966309,7.715839385986328,0.7685033690722082,0.0,0.0,0.0,0.0,0.0,0.0,0.0,0.0,0.22495312609507792,0.1659816927037107
2697.0,169.0,269.0,359.0,6407.0,0.0,2259.0,0.5953912734985352,8.85236644744873,0.6212304137808878,0.0,0.0,0.0,0.0,0.0,0.0,0.0,0.0,0.13919573403627683,0.10207444324943411
3510.0,156.0,358.0,328.0,5527.0,0.0,7.0,0.9212394952774048,-1.0828067064285278,0.12206027735732851,0.0,0.0,0.0,0.0,0.0,0.0,0.0,0.0,0.09436667358858193,0.08946423604428015
4029.0,6.0,166.0,4587.0,2314.0,0.0,3421.0,3.294724225997925,7.064825057983398,0.9020652701577823,0.0,0.0,0.0,0.0,0.0,0.0,0.0,0.0,0.3427804057246678,0.25409211983456764
6260.0,53.0,26.0,3769.0,3990.0,1.0,1.0,7.181967735290527,9.49215316772461,0.9991971714745728,0.0,0.0,0.0,0.0,0.0,0.0,0.0,0.0,0.48324272494028614,0.33806513782678765
6260.0,169.0,167.0,6888.0,6260.0,0.0,6511.0,0.020143747329711914,0.7107762098312378,0.2663222700431832,0.0,0.0,0.0,0.0,0.0,0.0,0.0,0.0,0.10289035976598568,0.09436414595485243
5246.0,16.0,94.0,3262.0,846.0,0.0,4880.0,0.325193352997303,0.29129499197006226,0.07594825123794352,0.0,0.0,0.0,0.0,0.0,0.0,0.0,0.0,0.07225042999276286,0.06784777145469731
5246.0,156.0,197.0,1140.0,6635.0,0.0,2987.0,1.8726263046264648,2.747380018234253,0.7390582600086688,0.0,0.0,0.0,0.0,0.0,0.0,0.0,0.0,0.2842644468439347,0.234008741714154
6653.0,53.0,165.0,1500.0,2927.0,0.0,2730.0,0.9921767115592957,-0.18924587965011597,0.4005673749806772,0.0,0.0,0.0,0.0,0.0,0.0,0.0,0.0,0.16172327012899568,0.14595918964898202
7047.0,53.0,142.0,382.0,5447.0,1.0,1.0,4.019392251968384,7.564788818359375,0.9719386593041572,2.0,1.0986122886681098,0.10668494971666255,0.4703285960051281,0.5296714039948719,0.22472823203570436,0.5,1.0,0.3963294296391024,0.6435124562491464
7047.0,56.0,37.0,2100.0,1281.0,0.0,2131.0,0.030585527420043945,1.871473789215088,0.23341013000339453,0.0,0.0,0.0,0.0,0.0,0.0,0.0,0.0,0.08887593590289466,0.07972561746999535
2465.0,53.0,335.0,5878.0,3358.0,1.0,1.0,7.753480076789856,7.179296970367432,0.9927219110692038,0.0,0.0,0.0,0.0,0.0,0.0,0.0,0.0,0.5404254183586649,0.40037588655945827
4364.0,229.0,152.0,5933.0,5496.0,1.0,1.0,1.803260326385498,6.645088195800781,0.8376506606614513,0.0,0.0,0.0,0.0,0.0,0.0,0.0,0.0,0.27340807329110245,0.2070487986998438
1837.0,56.0,190.0,151.0,2408.0,0.0,3551.0,0.07446944713592529,-1.338283896446228,0.14778054715654726,0.0,0.0,0.0,0.0,0.0,0.0,0.0,0.0,0.09149969549958419,0.0888076973675637
4064.0,160.0,51.0,2290.0,4594.0,1.0,1.0,3.710418224334717,7.16543436050415,0.9516290527374255,0.0,0.0,0.0,0.0,0.0,0.0,0.0,0.0,0.38164261309590797,0.28301485446812175
4064.0,160.0,82.0,2290.0,2417.0,1.0,1.0,11.845227241516113,17.345582962036133,0.9999896581905466,1.0,0.6931471805599453,0.7001394896518027,0.0,1.0,0.1182691231183076,0.5,1.0,0.4991918793462039,0.4822865620819042
4064.0,90.0,15.0,566.0,6293.0,1.0,1.0,0.8310658931732178,3.862400531768799,0.5517578152543268,0.0,0.0,0.0,0.0,0.0,0.0,0.0,0.0,0.16850431203489818,0.1383610637016333
1283.0,142.0,154.0,3262.0,711.0,0.0,3.0,4.371186256408691,12.101899147033691,0.98273912449549,0.0,0.0,0.0,0.0,0.0,0.0,0.0,0.0,0.3372288628822129,0.22086322457101282
1283.0,115.0,170.0,4304.0,3995.0,1.0,1.0,0.46491169929504395,4.401919841766357,0.4508093733069989,1.0,0.6931471805599453,0.6597539553864471,0.0,1.0,0.9999999999984843,0.5,1.0,0.12696414734841854,0.37546374570414354
1283.0,172.0,274.0,3262.0,1283.0,0.0,1384.0,1.1291954517364502,3.5176124572753906,0.48586444178790206,0.0,0.0,0.0,0.0,0.0,0.0,0.0,0.0,0.15580592337888818,0.12860177024703665
1283.0,6.0,7.0,1553.0,1171.0,0.0,142.0,0.21678242087364197,0.5247860550880432,0.3719958298041244,0.0,0.0,0.0,0.0,0.0,0.0,0.0,0.0,0.13344519737256205,0.12100165887701027
1283.0,207.0,191.0,711.0,1077.0,0.0,13.0,1.2676115036010742,10.581891059875488,0.7271316390928652,1.0,0.6931471805599453,0.10254191950095473,0.0,0.0,0.0,0.0,0.0,0.16782289302539416,0.11776230769763642
1283.0,102.0,210.0,4304.0,4723.0,0.0,6677.0,2.799367666244507,5.597630500793457,0.7373497905676317,0.0,0.0,0.0,0.0,0.0,0.0,0.0,0.0,0.26725870359662846,0.20374069923010069
4569.0,160.0,182.0,6785.0,2460.0,0.0,3.0,6.737987518310547,11.852214813232422,0.9984206798874022,0.0,0.0,0.0,0.0,0.0,0.0,0.0,0.0,0.4256032933126012,0.27944131441640196
4569.0,160.0,245.0,3155.0,2290.0,0.0,29.0,11.504034042358398,27.860321044921875,0.9999898463771169,39.0,3.6888794541139363,1.0,0.8461924779967158,0.9413991689894838,0.864857873883924,0.8937958234930998,1.0,0.30776366732453164,0.5852379057253144
4569.0,160.0,250.0,6785.0,2327.0,0.0,219.0,1.2220263481140137,7.665207386016846,0.648057571600226,0.0,0.0,0.0,0.0,0.0,0.0,0.0,0.0,0.16985209413048294,0.12645352705250257
4569.0,160.0,237.0,6785.0,3155.0,0.0,2.0,8.672941207885742,17.663463592529297,0.9997030911164906,0.0,0.0,0.0,0.0,0.0,0.0,0.0,0.0,0.3879751546176342,0.21535089583257255
4569.0,160.0,342.0,3341.0,3155.0,0.0,2.0,8.917411804199219,17.661088943481445,0.9998525217787257,0.0,0.0,0.0,0.0,0.0,0.0,0.0,0.0,0.3959791837981703,0.21991350541100022
4569.0,160.0,153.0,3155.0,1145.0,1.0,1.0,12.557592391967773,20.186677932739258,0.9999962790566727,27.0,3.332204510175204,0.8042490800314893,0.794397332791971,0.8958712031598755,0.7548853919178092,0.8451342679759233,1.0,0.47188205075403233,0.7479112248196546
4569.0,160.0,104.0,3155.0,6785.0,1.0,1.0,5.374897480010986,9.399129867553711,0.9890611873208129,20.0,3.044522437723423,0.9803906099397734,0.7489539944983173,0.8929068580795376,0.8030156776556606,0.8209304262889274,1.0,0.4184693320965262,0.7760358950123879
4569.0,53.0,129.0,4608.0,2700.0,1.0,1.0,3.814189910888672,7.98478889465332,0.9701148067621442,0.0,0.0,0.0,0.0,0.0,0.0,0.0,0.0,0.38146663341491305,0.27789292753213923
4569.0,53.0,95.0,3155.0,5736.0,1.0,1.0,1.835205078125,6.217655658721924,0.6522010710171768,0.0,0.0,0.0,0.0,0.0,0.0,0.0,0.0,0.19956881157529438,0.15200801026162572
4569.0,98.0,25.0,3155.0,1077.0,0.0,546.0,9.348674774169922,14.478638648986816,0.9998471920355396,0.0,0.0,0.0,0.0,0.0,0.0,0.0,0.0,0.4666611558671112,0.2859202142951383
4569.0,155.0,319.0,3566.0,5736.0,1.0,1.0,2.1648054122924805,8.44887924194336,0.8860108963873093,0.0,0.0,0.0,0.0,0.0,0.0,0.0,0.0,0.2803796248951323,0.20310066173612037
4569.0,222.0,212.0,4569.0,711.0,0.0,3252.0,0.973991870880127,6.447330474853516,0.7113429483385527,0.0,0.0,0.0,0.0,0.0,0.0,0.0,0.0,0.20108149481467846,0.15456507810587114
1375.0,142.0,302.0,3149.0,3845.0,0.0,2.0,0.5137834548950195,7.329823970794678,0.6167374662211461,1.0,0.6931471805599453,0.04643732153552965,0.0,0.0,0.0,0.0,0.0,0.1501253389184432,0.11782845655429627
1375.0,98.0,243.0,1077.0,362.0,1.0,1.0,1.388859748840332,10.757214546203613,0.7853365682932406,2.0,1.0986122886681098,0.21763764082403103,0.046965438710802054,0.953034561289198,0.5498583193380822,0.5,1.0,0.18889799477188188,0.3930796497495592
1375.0,53.0,82.0,5421.0,3341.0,0.0,4.0,4.843401908874512,13.659510612487793,0.9911048074026478,0.0,0.0,0.0,0.0,0.0,0.0,0.0,0.0,0.33083023747630386,0.2074930493948949
4602.0,160.0,139.0,2242.0,6504.0,0.0,2.0,4.5283026695251465,8.927435874938965,0.9841758065353486,0.0,0.0,0.0,0.0,0.0,0.0,0.0,0.0,0.3962433174739003,0.28157451960934277
6552.0,53.0,355.0,2315.0,6856.0,0.0,2.0,0.9970827102661133,7.17650842666626,0.5753931134546434,0.0,0.0,0.0,0.0,0.0,0.0,0.0,0.0,0.14719170191636377,0.11157065859854233
4233.0,38.0,41.0,1161.0,1446.0,1.0,1.0,0.7078094482421875,5.681546688079834,0.564948518575466,1.0,0.6931471805599453,0.8534795977333005,0.0,1.0,0.9999999999988284,0.5,1.0,0.1527950086235413,0.39714714664189776
4233.0,38.0,153.0,1161.0,1446.0,1.0,1.0,2.131812572479248,7.602458477020264,0.8604826004785677,10.0,2.3978952727983707,0.5858370854182298,0.8047217168503434,0.9690419038014535,0.8977111376522933,0.8868818103258984,1.0,0.2794333177527379,0.7345256863506586
4233.0,143.0,146.0,4233.0,1446.0,0.0,4371.0,2.257308006286621,5.621381759643555,0.8438542966776195,0.0,0.0,0.0,0.0,0.0,0.0,0.0,0.0,0.30429019904368093,0.2346868515397199
4233.0,202.0,275.0,776.0,2694.0,0.0,8.0,1.8910341262817383,7.608339309692383,0.7358149470183564,0.0,0.0,0.0,0.0,0.0,0.0,0.0,0.0,0.21743958097491914,0.16023426112514155
4233.0,191.0,314.0,1873.0,1161.0,0.0,7.0,1.5157499313354492,14.147987365722656,0.8152224926468669,0.0,0.0,0.0,0.0,0.0,0.0,0.0,0.0,0.16610329275227367,0.10501607026411736
4233.0,187.0,288.0,4233.0,1873.0,0.0,15.0,0.447052001953125,1.493175745010376,0.10306618738102348,0.0,0.0,0.0,0.0,0.0,0.0,0.0,0.0,0.07190303702082348,0.06533168548503575
4233.0,46.0,12.0,1161.0,7038.0,1.0,1.0,8.095283508300781,10.43912124633789,0.9984862114112246,0.0,0.0,0.0,0.0,0.0,0.0,0.0,0.0,0.49653906635920686,0.3393509225926717
5703.0,156.0,315.0,5445.0,6598.0,0.0,7127.0,0.10910606384277344,-6.116918563842773,0.014022073553012467,0.0,0.0,0.0,0.0,0.0,0.0,0.0,0.0,0.09388288679132492,0.10243825907448476
3132.0,53.0,355.0,5762.0,545.0,0.0,1.0,2.737548351287842,9.464141845703125,0.9141497202653054,1.0,0.6931471805599453,1.0,0.0,0.0,0.0,0.0,1.0,0.2950788856766974,0.28488243722506507
915.0,160.0,256.0,566.0,1346.0,0.0,18.0,3.1878654956817627,1.6700083017349243,0.8117476184275066,0.0,0.0,0.0,0.0,0.0,0.0,0.0,0.0,0.37931998676010015,0.3150201306548653
1238.0,169.0,113.0,6962.0,6870.0,0.0,2057.0,0.4970916761085391,0.5121077299118042,0.23049293871741314,0.0,0.0,0.0,0.0,0.0,0.0,0.0,0.0,0.10220316551261081,0.09342454732920835
2438.0,123.0,117.0,362.0,1140.0,0.0,7093.0,1.1485235914587975,1.2232598066329956,0.04777600332843091,0.0,0.0,0.0,0.0,0.0,0.0,0.0,0.0,0.07065551065970499,0.06386599115341046
5735.0,160.0,172.0,2278.0,1435.0,0.0,5.0,1.2933889627456665,-1.1401480436325073,0.3741840695456082,0.0,0.0,0.0,0.0,0.0,0.0,0.0,0.0,0.1680559949474377,0.15405684990974486
5735.0,163.0,178.0,2278.0,6245.0,0.0,6171.0,0.3395543098449707,-0.12465986609458923,0.016253801180561838,0.0,0.0,0.0,0.0,0.0,0.0,0.0,0.0,0.06510659366669233,0.062139506685775094
1221.0,127.0,14.0,4304.0,6872.0,0.0,5808.0,0.07499319314956665,-0.7215427756309509,0.24974312849053243,0.0,0.0,0.0,0.0,0.0,0.0,0.0,0.0,0.10964700279097234,0.1037646066128096
1221.0,156.0,70.0,5395.0,4724.0,0.0,79.0,1.7441423535346985,0.8916934728622437,0.5280718394435099,0.0,0.0,0.0,0.0,0.0,0.0,0.0,0.0,0.21168144195886548,0.18237435920145428
818.0,160.0,59.0,2661.0,1145.0,0.0,49.0,5.1739959716796875,8.454329490661621,0.9868233884246045,0.0,0.0,0.0,0.0,0.0,0.0,0.0,0.0,0.4272172786386907,0.3065934052877552
818.0,53.0,52.0,3268.0,1846.0,1.0,1.0,5.448090314865112,8.507087707519531,0.994729528322413,0.0,0.0,0.0,0.0,0.0,0.0,0.0,0.0,0.44005840105635474,0.3156558008360842
818.0,127.0,288.0,2661.0,150.0,0.0,64.0,0.49044352769851685,0.9931710362434387,0.21180007045347984,0.0,0.0,0.0,0.0,0.0,0.0,0.0,0.0,0.095026539479681,0.08614311864506893
818.0,127.0,45.0,2300.0,18.0,0.0,2941.0,0.9151089191436768,3.5606908798217773,0.4315461565215431,0.0,0.0,0.0,0.0,0.0,0.0,0.0,0.0,0.1355539838239798,0.11268239770530784
3928.0,156.0,362.0,1161.0,2442.0,0.0,7.0,4.929015636444092,10.999736785888672,0.988928379121504,2.0,1.0986122886681098,1.0,0.2480507469686566,0.7519492530313434,0.5068127643439096,0.5,1.0,0.37623905233290517,0.5455865197331007
3928.0,160.0,271.0,2442.0,4004.0,1.0,1.0,2.6892075538635254,8.243229866027832,0.9261975342787951,6.0,1.9459101490553132,0.9423178739918808,0.6311914242745797,0.9978591896979973,0.9776539647313438,0.8145253069862886,1.0,0.31865526508236064,0.7178081174412738
6885.0,127.0,169.0,2164.0,807.0,0.0,7121.0,0.6928229629993439,-0.46344193816185,0.06557026302023401,0.0,0.0,0.0,0.0,0.0,0.0,0.0,0.0,0.07775229061233083,0.07364033234609474
2454.0,54.0,224.0,925.0,6635.0,0.0,9.0,0.949030876159668,6.037193775177002,0.5648270138656222,0.0,0.0,0.0,0.0,0.0,0.0,0.0,0.0,0.15364779079211016,0.11974434591746339
2454.0,56.0,276.0,6407.0,6476.0,0.0,1770.0,1.4018974304199219,5.497151851654053,0.6653763773768226,0.0,0.0,0.0,0.0,0.0,0.0,0.0,0.0,0.2036451615623013,0.1588791830055087
2454.0,56.0,184.0,6407.0,2454.0,0.0,379.0,0.48213958740234375,10.295544624328613,0.6151793454620776,0.0,0.0,0.0,0.0,0.0,0.0,0.0,0.0,0.12386154129091766,0.08799235404783626
4480.0,169.0,156.0,5681.0,3411.0,0.0,110.0,1.6180181503295898,3.7189807891845703,0.5289480696281597,0.0,0.0,0.0,0.0,0.0,0.0,0.0,0.0,0.1773439515246533,0.1439922768571674
4480.0,155.0,155.0,146.0,6823.0,1.0,1.0,1.9181218147277832,4.336559295654297,0.7255075642982631,0.0,0.0,0.0,0.0,0.0,0.0,0.0,0.0,0.25636315198246434,0.20362793053815842
4480.0,160.0,301.0,3262.0,2906.0,0.0,5122.0,3.2754244804382324,9.277098655700684,0.9449625263479874,0.0,0.0,0.0,0.0,0.0,0.0,0.0,0.0,0.3295248809966412,0.23263796611618595
1183.0,156.0,131.0,146.0,1077.0,0.0,53.0,9.170759201049805,25.749141693115234,0.9998540158041158,0.0,0.0,0.0,0.0,0.0,0.0,0.0,0.0,0.2741754570979758,0.11782614513891243
1183.0,215.0,24.0,1183.0,2547.0,0.0,334.0,1.689910888671875,5.426573276519775,0.565506555403617,0.0,0.0,0.0,0.0,0.0,0.0,0.0,0.0,0.17360921952743755,0.13524381232539792
1183.0,158.0,21.0,1456.0,1183.0,0.0,134.0,0.9826831817626953,10.96397876739502,0.6892336815163722,0.0,0.0,0.0,0.0,0.0,0.0,0.0,0.0,0.14696092044978173,0.10149072179496828
1183.0,6.0,148.0,669.0,2154.0,0.0,68.0,2.7566099166870117,7.242325782775879,0.7685020369810411,0.0,0.0,0.0,0.0,0.0,0.0,0.0,0.0,0.2576223449483395,0.1893154497584624
1183.0,224.0,328.0,1121.0,3726.0,0.0,26.0,0.26448488235473633,8.060718536376953,0.34575446230723206,1.0,0.6931471805599453,0.043758718103237663,0.0,0.0,0.0,0.0,0.0,0.0777589235856483,0.06161288194993268
1183.0,205.0,163.0,1456.0,3735.0,0.0,74.0,0.7001283764839172,1.5007126331329346,0.21886610255662703,0.0,0.0,0.0,0.0,0.0,0.0,0.0,0.0,0.0957713991307506,0.08535425660941033
1183.0,115.0,129.0,3155.0,3726.0,0.0,99.0,1.8548321723937988,8.410056114196777,0.8485089241854904,0.0,0.0,0.0,0.0,0.0,0.0,0.0,0.0,0.2550150918701949,0.1851860517760653
1183.0,155.0,232.0,3159.0,3087.0,1.0,1.0,1.1779472827911377,4.258152961730957,0.4573987279870934,0.0,0.0,0.0,0.0,0.0,0.0,0.0,0.0,0.1411970358077918,0.11470336034421245
6861.0,90.0,292.0,558.0,3002.0,0.0,4138.0,1.1378815174102783,2.675448417663574,0.638285064732719,0.0,0.0,0.0,0.0,0.0,0.0,0.0,0.0,0.2209124063731679,0.18448551089300655
366.0,160.0,320.0,3411.0,2242.0,0.0,4124.0,1.1298867464065552,-1.2340463399887085,0.610886668004201,0.0,0.0,0.0,0.0,0.0,0.0,0.0,0.0,0.2602977214107063,0.2359512132870515
6201.0,156.0,302.0,2435.0,4293.0,0.0,4492.0,0.9176024198532104,-1.6123372316360474,0.10091272134328803,0.0,0.0,0.0,0.0,0.0,0.0,0.0,0.0,0.09325203408105671,0.08965574732039042
2273.0,53.0,14.0,2266.0,4319.0,0.0,1.0,5.775481700897217,11.881372451782227,0.9959291993451583,3.0,1.3862943611198906,1.0,0.34863205325374014,0.6513679467462599,0.21111712501177388,0.5,1.0,0.3922037268678156,0.5070786792236741
2273.0,155.0,340.0,3155.0,1077.0,1.0,1.0,5.263908386230469,11.346781730651855,0.9868453445278386,0.0,0.0,0.0,0.0,0.0,0.0,0.0,0.0,0.3797972309221557,0.25288865146784206
2273.0,160.0,146.0,6504.0,3155.0,0.0,384.0,0.7786500155925751,0.9767163991928101,0.42389028916516697,0.0,0.0,0.0,0.0,0.0,0.0,0.0,0.0,0.154133284241588,0.136073855779191
2273.0,160.0,264.0,1183.0,146.0,0.0,17.0,0.24996280670166016,8.537062644958496,0.5356567429521117,0.0,0.0,0.0,0.0,0.0,0.0,0.0,0.0,0.11384461725564472,0.08507647498574578
2273.0,56.0,77.0,1846.0,3411.0,0.0,1060.0,2.080595016479492,6.489884853363037,0.8727613442491651,0.0,0.0,0.0,0.0,0.0,0.0,0.0,0.0,0.30067923362527926,0.22818529674537652
3705.0,208.0,236.0,1353.0,5965.0,0.0,2708.0,2.3349517583847046,0.834429144859314,0.35280847859596143,0.0,0.0,0.0,0.0,0.0,0.0,0.0,0.0,0.16068943169249167,0.1383757836273305
2495.0,160.0,107.0,5230.0,2648.0,0.0,15.0,4.6436052322387695,10.044538497924805,0.9757279926380693,0.0,0.0,0.0,0.0,0.0,0.0,0.0,0.0,0.37594768512722854,0.2591527125293497
6766.0,207.0,126.0,3540.0,4758.0,1.0,1.0,7.257870316505432,6.058599472045898,0.9647137177819448,0.0,0.0,0.0,0.0,0.0,0.0,0.0,0.0,0.5271471813438221,0.39811957150461286
1417.0,160.0,154.0,4188.0,5762.0,0.0,1945.0,1.3144828006625175,0.039010874927043915,0.37873985046625613,1.0,0.6931471805599453,0.07618835338777971,0.0,1.0,0.9999999999868746,0.5,1.0,0.15829011818066957,0.512510435196775
1417.0,142.0,195.0,3868.0,6310.0,0.0,5540.0,0.004913330078125,-3.2300591468811035,0.020924748766267657,0.0,0.0,0.0,0.0,0.0,0.0,0.0,0.0,0.07773161015213348,0.08000467419437178
3234.0,53.0,8.0,5332.0,3234.0,1.0,1.0,3.9741711616516113,6.1953606605529785,0.9746162245033831,0.0,0.0,0.0,0.0,0.0,0.0,0.0,0.0,0.42035829421964244,0.3194544489828893
5987.0,168.0,48.0,5496.0,6871.0,1.0,1.0,1.7574356198310852,0.3439961075782776,0.1311730352818122,0.0,0.0,0.0,0.0,0.0,0.0,0.0,0.0,0.097112279552931,0.08735351999412722
5987.0,224.0,49.0,5496.0,5266.0,1.0,1.0,2.625065505504608,1.649194598197937,0.7531163974131538,1.0,0.6931471805599453,0.9803906099397734,0.0,1.0,0.99999999999898,0.5,1.0,0.3299754245743913,0.6351862965404922
782.0,56.0,349.0,3726.0,782.0,0.0,3.0,0.7534122467041016,4.605315208435059,0.5690574571564573,0.0,0.0,0.0,0.0,0.0,0.0,0.0,0.0,0.1653616825312832,0.13363542209056847
2926.0,155.0,254.0,3995.0,3086.0,0.0,450.0,1.7710120677947998,4.871758460998535,0.7970611997938365,4.0,1.6094379124341003,0.016256301300341194,0.34013207803575163,0.0,0.0,0.17006603901787581,0.0,0.27864764737000025,0.2947074765279971
2926.0,169.0,107.0,18.0,6504.0,0.0,451.0,1.377683013677597,1.6913126707077026,0.6233353782934765,0.0,0.0,0.0,0.0,0.0,0.0,0.0,0.0,0.2327745940200638,0.19778258241371785
7045.0,156.0,13.0,1846.0,4019.0,0.0,7027.0,0.2756474018096924,-2.036907911300659,0.08527068997838043,0.0,0.0,0.0,0.0,0.0,0.0,0.0,0.0,0.0856217853468102,0.08459036832689894
6140.0,38.0,145.0,5091.0,1161.0,0.0,1.0,4.835848450660706,6.409024715423584,0.9870817761036683,1.0,0.6931471805599453,1.0,0.0,1.0,0.9999999999989999,0.5,1.0,0.45258408820612894,0.7025410233437197
4591.0,127.0,209.0,566.0,3384.0,0.0,796.0,0.17543268203735352,-3.394725799560547,0.016513060992070845,0.0,0.0,0.0,0.0,0.0,0.0,0.0,0.0,0.07949495445459069,0.08179325718069357
3696.0,169.0,335.0,2097.0,5264.0,0.0,6142.0,1.9132542610168457,3.192863702774048,0.5370662162542207,0.0,0.0,0.0,0.0,0.0,0.0,0.0,0.0,0.1920288895156797,0.15682094563983343
3162.0,105.0,236.0,711.0,3162.0,0.0,78.0,1.3342432975769043,5.941786766052246,0.6269475186048256,0.0,0.0,0.0,0.0,0.0,0.0,0.0,0.0,0.1827837128603088,0.14142049637903595
3162.0,123.0,166.0,6284.0,956.0,0.0,11.0,0.3967599868774414,4.5268402099609375,0.3596529248784415,0.0,0.0,0.0,0.0,0.0,0.0,0.0,0.0,0.10284749267110475,0.08511984211792069
3162.0,142.0,104.0,6785.0,3345.0,0.0,4.0,1.8646841049194336,6.7569403648376465,0.7311670857951513,0.0,0.0,0.0,0.0,0.0,0.0,0.0,0.0,0.22552166462565584,0.1696154757332284
3162.0,142.0,266.0,3380.0,669.0,0.0,4.0,3.0478262901306152,9.191446304321289,0.8962900363302193,0.0,0.0,0.0,0.0,0.0,0.0,0.0,0.0,0.29897461089562327,0.21080943210338463
3162.0,172.0,332.0,4807.0,2454.0,0.0,252.0,0.9336183071136475,3.169323205947876,0.3210718168154526,0.0,0.0,0.0,0.0,0.0,0.0,0.0,0.0,0.11026085124367341,0.09324331357856161
646.0,160.0,307.0,6785.0,558.0,0.0,5046.0,1.4923162460327148,4.172561168670654,0.6744694255796677,0.0,0.0,0.0,0.0,0.0,0.0,0.0,0.0,0.22554593324335892,0.18101562046626962
646.0,191.0,131.0,3155.0,1077.0,0.0,4.0,0.9387590885162354,3.353605031967163,0.3466793257843425,0.0,0.0,0.0,0.0,0.0,0.0,0.0,0.0,0.11516631132195415,0.09676568779061202
1625.0,155.0,76.0,5036.0,6293.0,1.0,1.0,4.018807888031006,6.046274185180664,0.9396580429372281,0.0,0.0,0.0,0.0,0.0,0.0,0.0,0.0,0.40402812854752895,0.30651112545082837
5008.0,123.0,243.0,1954.0,558.0,0.0,23.0,0.42798471450805664,6.594443321228027,0.3218203671031306,0.0,0.0,0.0,0.0,0.0,0.0,0.0,0.0,0.08297422911615222,0.06567698384557111
5008.0,160.0,264.0,4587.0,6058.0,0.0,205.0,1.523962140083313,-1.2721847295761108,0.5229873243968083,0.0,0.0,0.0,0.0,0.0,0.0,0.0,0.0,0.23144286137980188,0.20942946535679022
601.0,0.0,138.0,4560.0,3450.0,0.0,18.0,0.03189992904663086,-0.5021638870239258,0.06151079543183655,0.0,0.0,0.0,0.0,0.0,0.0,0.0,0.0,0.07111931681399765,0.06859445313166242
1923.0,160.0,112.0,146.0,45.0,1.0,1.0,1.1219863891601562,12.042552947998047,0.7506985656142157,7.0,2.0794415416798357,0.8879629756445782,0.37118735249565593,0.0,0.0,0.18559367624782797,0.0,0.15845277012159478,0.12003720060544934
1923.0,160.0,137.0,45.0,146.0,0.0,5.0,2.767301559448242,11.093441009521484,0.8918781799828894,7.0,2.0794415416798357,0.9423178739918808,0.603331879934563,0.39666812006543695,0.24450416700132693,0.5,1.0,0.261450786783298,0.45085707202751163
1923.0,160.0,153.0,45.0,5584.0,0.0,5.0,6.8412957191467285,13.975738525390625,0.9982930277842901,7.0,2.0794415416798357,0.6864101813026526,0.603331879934563,0.39666812006543695,0.24450416700131417,0.5,1.0,0.39176736060764106,0.5741832485330902
1923.0,169.0,250.0,45.0,146.0,0.0,4.0,9.399192333221436,15.79544448852539,0.9998724107521407,0.0,0.0,0.0,0.0,0.0,0.0,0.0,0.0,0.4447279744671396,0.26195151326701016
1923.0,191.0,96.0,545.0,45.0,0.0,3.0,3.825956344604492,9.560685157775879,0.9566572822003095,0.0,0.0,0.0,0.0,0.0,0.0,0.0,0.0,0.3479065896545921,0.24323335439082705
3133.0,160.0,273.0,2713.0,7038.0,0.0,1141.0,0.45252537727355957,4.371851921081543,0.4113230689061393,1.0,0.6931471805599453,0.01725139865115333,0.0,0.0,0.0,0.0,0.0,0.11683853470313706,0.10050283296787957
3133.0,160.0,219.0,3155.0,2315.0,0.0,41.0,2.3775620460510254,6.858456134796143,0.8823719557962596,1.0,0.6931471805599453,0.02368307135172498,0.0,0.0,0.0,0.0,0.0,0.30843602182094215,0.23913017686682417
3133.0,160.0,68.0,2713.0,537.0,0.0,12.0,2.6521432399749756,6.279343128204346,0.8753519704540952,1.0,0.6931471805599453,1.0,0.0,1.0,0.14744881036222598,0.5,1.0,0.32184475054386286,0.4098239908773154
3133.0,90.0,50.0,4565.0,2266.0,1.0,1.0,1.6544417142868042,3.263533353805542,0.5738338730657601,0.0,0.0,0.0,0.0,0.0,0.0,0.0,0.0,0.19966431084456998,0.1633862497002506
4161.0,155.0,133.0,2420.0,1147.0,0.0,7.0,0.37877798080444336,-1.4920552968978882,0.11253517352309977,0.0,0.0,0.0,0.0,0.0,0.0,0.0,0.0,0.08882143653500416,0.08620940791595577
2277.0,169.0,71.0,2266.0,1077.0,0.0,119.0,0.3852424621582031,12.42966079711914,0.4664902616332771,0.0,0.0,0.0,0.0,0.0,0.0,0.0,0.0,0.07711250806168464,0.052640153514505655
2277.0,169.0,58.0,6293.0,6785.0,0.0,4.0,0.3608989715576172,13.620952606201172,0.5859288817612389,0.0,0.0,0.0,0.0,0.0,0.0,0.0,0.0,0.09245828815752168,0.06088001161320352
2277.0,156.0,62.0,6504.0,6293.0,0.0,5.0,2.8209338188171387,8.050363540649414,0.9035527191311833,0.0,0.0,0.0,0.0,0.0,0.0,0.0,0.0,0.31372735811625413,0.2281642216586909
2277.0,53.0,324.0,3262.0,6293.0,0.0,3.0,0.5786027908325195,8.582873344421387,0.5111174756076691,0.0,0.0,0.0,0.0,0.0,0.0,0.0,0.0,0.11203994026479937,0.08316882660122582
2277.0,53.0,62.0,2266.0,6293.0,1.0,1.0,0.20957326889038086,5.158590316772461,0.5134781325203226,1.0,0.6931471805599453,0.8705505632961241,0.0,1.0,0.1954929225944985,0.5,1.0,0.13396242495992006,0.22262906823124895
2277.0,14.0,190.0,711.0,5046.0,0.0,85.0,3.095085620880127,5.632142066955566,0.7631307239556877,1.0,0.6931471805599453,1.0,0.0,1.0,0.9999999999989999,0.5,1.0,0.287210317501647,0.559527129768659
2277.0,160.0,286.0,5036.0,2100.0,0.0,2543.0,1.616480827331543,15.629850387573242,0.8341363500522263,0.0,0.0,0.0,0.0,0.0,0.0,0.0,0.0,0.15954886803726287,0.09701452994953301
3989.0,127.0,283.0,7084.0,1138.0,0.0,6064.0,0.4414605125784874,0.11766510456800461,0.17209839400203034,0.0,0.0,0.0,0.0,0.0,0.0,0.0,0.0,0.09173331278316171,0.08524461989507268
56.0,90.0,17.0,4702.0,2290.0,1.0,1.0,4.703832387924194,7.71862268447876,0.976684608195306,0.0,0.0,0.0,0.0,0.0,0.0,0.0,0.0,0.41874011464938227,0.30595323643278216
3902.0,160.0,121.0,5036.0,711.0,0.0,2264.0,1.1161688566207886,2.758256435394287,0.6764617409981409,0.0,0.0,0.0,0.0,0.0,0.0,0.0,0.0,0.23553836028701364,0.1962425901059482
2680.0,53.0,182.0,3933.0,2655.0,0.0,7097.0,4.1079453229904175,2.5509161949157715,0.9496975478751547,0.0,0.0,0.0,0.0,0.0,0.0,0.0,0.0,0.4751670205738491,0.3894617270021918
5196.0,38.0,68.0,6785.0,1121.0,0.0,3794.0,2.1806678771972656,6.840735912322998,0.8043973509090185,0.0,0.0,0.0,0.0,0.0,0.0,0.0,0.0,0.2648979635880369,0.19838237832547317
5196.0,6.0,160.0,2624.0,1183.0,0.0,6926.0,0.4013335704803467,2.3276662826538086,0.4573230256727908,0.0,0.0,0.0,0.0,0.0,0.0,0.0,0.0,0.1454424791309269,0.125396884292117
4816.0,6.0,27.0,1932.0,509.0,1.0,1.0,3.594256579875946,0.4542972445487976,0.4493556470387023,1.0,0.6931471805599453,0.9803906099397734,0.0,1.0,0.99999999999898,0.5,1.0,0.22746340105550783,0.5210323973160483
3717.0,24.0,51.0,5474.0,1990.0,0.0,78.0,0.9875212907791138,2.6108667850494385,0.40238599222010085,0.0,0.0,0.0,0.0,0.0,0.0,0.0,0.0,0.13652841923013118,0.11598047199560534
3717.0,160.0,277.0,62.0,4721.0,0.0,145.0,1.6828845143318176,-0.460793673992157,0.6720689972149271,0.0,0.0,0.0,0.0,0.0,0.0,0.0,0.0,0.2935481425623397,0.2590393069665495
3717.0,160.0,15.0,2243.0,2442.0,0.0,13.0,0.1160888671875,4.793509006500244,0.459428410755807,0.0,0.0,0.0,0.0,0.0,0.0,0.0,0.0,0.12101913054677342,0.09937828193709229
3717.0,160.0,216.0,1215.0,5395.0,0.0,24.0,0.7964696884155273,5.978614330291748,0.6684864047667106,1.0,0.6931471805599453,0.3234082913657485,0.0,0.0,0.0,0.0,0.0,0.18650488502435353,0.13734749205004176
744.0,156.0,44.0,4025.0,1692.0,0.0,6940.0,0.40520381927490234,-6.523128509521484,0.015312234789423555,0.0,0.0,0.0,0.0,0.0,0.0,0.0,0.0,0.10023909510796242,0.10940405113698042
4555.0,56.0,276.0,3133.0,203.0,0.0,5.0,1.6132066249847412,0.8671546578407288,0.4779422897620133,0.0,0.0,0.0,0.0,0.0,0.0,0.0,0.0,0.18976513636169245,0.16441987843983544
4555.0,56.0,16.0,6895.0,1150.0,0.0,3.0,0.3992718458175659,2.294816493988037,0.42656425313828056,0.0,0.0,0.0,0.0,0.0,0.0,0.0,0.0,0.13671818948273268,0.1182504679955069
1419.0,160.0,155.0,2278.0,925.0,0.0,8.0,2.63177752494812,4.706368923187256,0.9169014490703443,0.0,0.0,0.0,0.0,0.0,0.0,0.0,0.0,0.36956922693053185,0.2913892442860195
6302.0,224.0,198.0,1060.0,1050.0,0.0,40.0,4.019360542297363,11.916848182678223,0.9822671233608286,3.0,1.3862943611198906,0.820335356007638,0.21031943864206193,0.7896805613579381,0.019040056883316024,0.5,1.0,0.3293833934537126,0.40561523325412513
1884.0,53.0,320.0,5877.0,18.0,1.0,1.0,4.78949236869812,8.66263484954834,0.9907530743159932,0.0,0.0,0.0,0.0,0.0,0.0,0.0,0.0,0.4131858673540841,0.2955915123586041
862.0,155.0,33.0,3155.0,362.0,1.0,1.0,7.611733913421631,9.82237434387207,0.9990839820996166,0.0,0.0,0.0,0.0,0.0,0.0,0.0,0.0,0.49171844128106684,0.34126070229854877
862.0,53.0,331.0,18.0,4319.0,1.0,1.0,4.7495081424713135,6.307781219482422,0.9826533960871884,0.0,0.0,0.0,0.0,0.0,0.0,0.0,0.0,0.4488670371456175,0.33947693578211385
6122.0,169.0,62.0,4702.0,1183.0,0.0,56.0,0.7111349105834961,6.894473075866699,0.6072947705133698,0.0,0.0,0.0,0.0,0.0,0.0,0.0,0.0,0.15470426635176257,0.11855862683640418
6122.0,156.0,75.0,6332.0,537.0,0.0,5135.0,1.6985492706298828,5.196619510650635,0.7377865082118698,0.0,0.0,0.0,0.0,0.0,0.0,0.0,0.0,0.2446555285437508,0.19126409296439836
4226.0,53.0,173.0,5667.0,6808.0,1.0,1.0,8.131554335355759,7.89218807220459,0.999251773963568,0.0,0.0,0.0,0.0,0.0,0.0,0.0,0.0,0.54420787278817,0.39729092409984507
1273.0,169.0,356.0,1183.0,6888.0,0.0,27.0,1.0322988033294678,3.1877033710479736,0.49583384885804854,0.0,0.0,0.0,0.0,0.0,0.0,0.0,0.0,0.16043900426924368,0.13358889681036573
3173.0,169.0,241.0,545.0,6559.0,0.0,5413.0,2.0100408792495728,4.007754325866699,0.6772871298255058,0.0,0.0,0.0,0.0,0.0,0.0,0.0,0.0,0.24141876541336757,0.1928235601825966
3173.0,155.0,232.0,1077.0,2315.0,1.0,1.0,4.111392498016357,6.631443500518799,0.9602995286171592,3.0,1.3862943611198906,0.9611657480580811,0.07688260460360963,1.0,0.8856890379139111,0.5384413023018049,1.0,0.4088265290154125,0.6745306771189532
3173.0,155.0,253.0,6559.0,3495.0,1.0,1.0,0.15987634658813477,6.188806056976318,0.5177890874367282,0.0,0.0,0.0,0.0,0.0,0.0,0.0,0.0,0.12594645716487546,0.09968850442607731
3173.0,155.0,231.0,1077.0,5154.0,1.0,1.0,1.5918693542480469,4.692675590515137,0.7142766178730221,3.0,1.3862943611198906,0.9803906099397734,0.07688260460360963,1.0,0.885689037913919,0.5384413023018049,1.0,0.23832023897423735,0.5197755773661876
3173.0,142.0,148.0,2415.0,4480.0,0.0,552.0,0.9410631060600281,1.196836233139038,0.35813199251892375,0.0,0.0,0.0,0.0,0.0,0.0,0.0,0.0,0.13529023075713945,0.11909506244322109
3087.0,103.0,190.0,4847.0,3087.0,1.0,1.0,2.1882076263427734,6.633735179901123,0.8942689865585333,0.0,0.0,0.0,0.0,0.0,0.0,0.0,0.0,0.3125754638758141,0.23648558631806568
3087.0,224.0,188.0,1176.0,4415.0,1.0,1.0,14.282901763916016,26.27369499206543,0.9999993295392505,5.0,1.791759469228055,0.6597539553864471,0.46251536961694106,0.0,0.0,0.23125768480847053,0.0,0.42067548824754314,0.22462632376478253
3358.0,156.0,348.0,1161.0,3002.0,0.0,11.0,9.443231493234634,9.230704307556152,0.9997773984796275,6.0,1.9459101490553132,1.0,0.18013250553154203,0.966243235764703,0.7490079154803173,0.5731878706481225,1.0,0.5643895238019321,0.7553156564344466
4760.0,154.0,12.0,2694.0,1161.0,0.0,2.0,2.835104465484619,4.708533763885498,0.7214213834160025,0.0,0.0,0.0,0.0,0.0,0.0,0.0,0.0,0.2733370832589446,0.21244469823530418
4600.0,61.0,65.0,6410.0,2648.0,0.0,1538.0,4.657672882080078,7.340102672576904,0.9718551967243166,0.0,0.0,0.0,0.0,0.0,0.0,0.0,0.0,0.4210604917011992,0.31028709937789173
4600.0,127.0,320.0,1523.0,829.0,0.0,14.0,3.7555887699127197,5.375052452087402,0.9281632802605071,0.0,0.0,0.0,0.0,0.0,0.0,0.0,0.0,0.4004958280878235,0.3086290631138703
6841.0,169.0,257.0,1195.0,1338.0,0.0,144.0,0.027232885360717773,-1.8400593996047974,0.0110994328030071,0.0,0.0,0.0,0.0,0.0,0.0,0.0,0.0,0.06946975392852124,0.06944683123021166
382.0,160.0,343.0,3651.0,382.0,0.0,31.0,4.08999490737915,8.110430717468262,0.9649118267946692,0.0,0.0,0.0,0.0,0.0,0.0,0.0,0.0,0.38516744221630583,0.2790522722197233
382.0,160.0,123.0,3002.0,4939.0,0.0,16.0,1.2119865417480469,5.767423629760742,0.6558484734477773,0.0,0.0,0.0,0.0,0.0,0.0,0.0,0.0,0.19280796248793192,0.1500203124976313
382.0,169.0,99.0,1140.0,776.0,0.0,10.0,0.5075349807739258,6.840636730194092,0.4092687868051732,1.0,0.6931471805599453,1.0,0.0,1.0,0.9999999999989999,0.5,1.0,0.0998439275080629,0.27760138141465485
382.0,6.0,340.0,1281.0,5447.0,0.0,3.0,0.3895301818847656,10.246667861938477,0.5782700757263988,0.0,0.0,0.0,0.0,0.0,0.0,0.0,0.0,0.11362083017709831,0.08111137750862459
382.0,158.0,144.0,382.0,2103.0,0.0,2495.0,1.7293062210083008,12.96568775177002,0.8146163314466516,0.0,0.0,0.0,0.0,0.0,0.0,0.0,0.0,0.1823520639376643,0.11836743098415742
382.0,53.0,330.0,2083.0,2103.0,0.0,2.0,0.5269455909729004,6.997740268707275,0.5696358986768709,0.0,0.0,0.0,0.0,0.0,0.0,0.0,0.0,0.13927891499715683,0.10705488827855333
382.0,53.0,194.0,2103.0,3411.0,1.0,1.0,6.764537811279297,15.695426940917969,0.9978908604064278,3.0,1.3862943611198906,0.40212454001574466,0.19635757020167077,0.0,0.0,0.09817878510083539,0.0,0.35991432894162567,0.23242238925827466
382.0,127.0,272.0,2103.0,2678.0,1.0,1.0,9.85319471359253,15.838262557983398,0.9999147290902384,9.0,2.302585092994046,0.7284274237469965,0.6221917535898938,0.6757018299075471,0.4189074371094527,0.6489467917487204,1.0,0.4591880381217826,0.6634034750029532
382.0,127.0,320.0,2103.0,359.0,1.0,1.0,4.340599060058594,10.694730758666992,0.9850781473335855,13.0,2.6390573296152584,0.8705505632961241,0.6013601545902254,0.7964495384174084,0.6397754369886782,0.6989048465038169,1.0,0.3607079561365115,0.6729948733784558
382.0,127.0,342.0,2103.0,5046.0,1.0,1.0,10.072490215301514,16.16431427001953,0.9998837345015019,14.0,2.70805020110221,0.7884782461155736,0.7009389378527338,0.727247849541231,0.4977387033955787,0.7140933936969824,1.0,0.4606707261974051,0.6952458395725832
382.0,103.0,37.0,5002.0,3159.0,1.0,1.0,7.6868062019348145,9.903833389282227,0.9990853836969256,0.0,0.0,0.0,0.0,0.0,0.0,0.0,0.0,0.4927821404467784,0.3413193698815951
6104.0,160.0,119.0,4293.0,5444.0,0.0,5016.0,0.3222254514694214,-1.2927885055541992,0.30222849669163143,0.0,0.0,0.0,0.0,0.0,0.0,0.0,0.0,0.13089120368053458,0.12391474865162144
180.0,160.0,159.0,587.0,4484.0,0.0,8.0,5.547490835189819,8.475807189941406,0.9932184259314959,1.0,0.6931471805599453,1.0,0.0,1.0,0.7445015710294077,0.5,1.0,0.44303280010379903,0.6288833770280188
6895.0,53.0,116.0,6895.0,3380.0,0.0,2.0,0.30768442153930664,4.933311939239502,0.48898446476433377,0.0,0.0,0.0,0.0,0.0,0.0,0.0,0.0,0.1305829501922309,0.10621849929324792
6895.0,169.0,324.0,1389.0,4805.0,0.0,4.0,1.2570290565490723,6.126320838928223,0.4696853768511028,0.0,0.0,0.0,0.0,0.0,0.0,0.0,0.0,0.13007055858189784,0.10100993501812273
4902.0,16.0,135.0,3698.0,5859.0,0.0,1551.0,0.14077138900756836,-1.4550418853759766,0.011808277788584775,0.0,0.0,0.0,0.0,0.0,0.0,0.0,0.0,0.06877384379049525,0.06797102807002096
4554.0,169.0,341.0,264.0,4608.0,0.0,7126.0,0.5362118482589722,-1.9823545217514038,0.08734884904324719,0.0,0.0,0.0,0.0,0.0,0.0,0.0,0.0,0.08850572594347281,0.08674017933303549
3941.0,160.0,96.0,3885.0,6872.0,0.0,1796.0,4.1961177587509155,2.231041669845581,0.9195954138202084,0.0,0.0,0.0,0.0,0.0,0.0,0.0,0.0,0.46583622943682507,0.3827842813781881
2677.0,156.0,170.0,3341.0,920.0,0.0,2876.0,0.17010632157325745,0.42995768785476685,0.4371996963031632,0.0,0.0,0.0,0.0,0.0,0.0,0.0,0.0,0.1527535351310343,0.1381105863855706
5028.0,18.0,26.0,2524.0,6943.0,0.0,84.0,0.8371701277792454,-0.04240715131163597,0.09591462608453152,0.0,0.0,0.0,0.0,0.0,0.0,0.0,0.0,0.0823275718481044,0.07669783238838601
6603.0,208.0,326.0,3155.0,3159.0,0.0,2.0,0.662102460861206,2.7379190921783447,0.4171017830450521,0.0,0.0,0.0,0.0,0.0,0.0,0.0,0.0,0.13445098123071478,0.1145818721177396
6603.0,208.0,308.0,3159.0,5046.0,1.0,1.0,7.831078052520752,12.188516616821289,0.9986928957809497,21.0,3.091042453358316,0.9423178739918808,0.7651211333376908,1.0,0.9999999999999227,0.8825605666688454,1.0,0.45618334708989633,0.8158272582351828
6603.0,208.0,330.0,3159.0,4319.0,1.0,1.0,6.000694036483765,9.39253044128418,0.993245614287489,25.0,3.258096538021482,0.836743383392903,0.8121338123686472,1.0,0.9999999999999117,0.9060669061843236,1.0,0.44179223115761174,0.8371645785262658
6603.0,208.0,263.0,6603.0,711.0,0.0,24.0,1.8125219345092773,5.25203800201416,0.7362812311514723,0.0,0.0,0.0,0.0,0.0,0.0,0.0,0.0,0.24609425931622722,0.1918078346057067
4724.0,53.0,100.0,2262.0,1179.0,1.0,1.0,5.9850218296051025,6.375748157501221,0.9912004659284903,0.0,0.0,0.0,0.0,0.0,0.0,0.0,0.0,0.49436701180557036,0.37280905642766304
4724.0,160.0,20.0,3155.0,6785.0,0.0,2345.0,5.032227516174316,9.583230018615723,0.9927885663306076,1.0,0.6931471805599453,1.0,0.0,1.0,0.9999999999989999,0.5,1.0,0.4061905376861407,0.6432733473617668
4724.0,158.0,208.0,711.0,2104.0,0.0,3.0,1.9940705299377441,6.227766036987305,0.8028494698528248,0.0,0.0,0.0,0.0,0.0,0.0,0.0,0.0,0.26791137342720045,0.2040303325454976
2212.0,160.0,351.0,6360.0,5305.0,0.0,1322.0,1.0970993041992188,6.182168960571289,0.6754568045397495,1.0,0.6931471805599453,1.0,0.0,1.0,0.9882281626391884,0.5,1.0,0.1930709274202108,0.44104768463854777
2212.0,169.0,112.0,5395.0,2697.0,0.0,6086.0,5.202211856842041,8.30223274230957,0.9781318727432553,0.0,0.0,0.0,0.0,0.0,0.0,0.0,0.0,0.42572115808967764,0.3061428792479003
2212.0,98.0,248.0,3155.0,6017.0,1.0,1.0,0.6393094062805176,2.8951306343078613,0.2864252876720467,0.0,0.0,0.0,0.0,0.0,0.0,0.0,0.0,0.10051611702236897,0.08638862793793642
44.0,180.0,340.0,2906.0,1943.0,0.0,1581.0,0.27241337299346924,1.4717607498168945,0.08569352983360373,0.0,0.0,0.0,0.0,0.0,0.0,0.0,0.0,0.0677523475602403,0.06198971667324758
2547.0,6.0,279.0,1148.0,5455.0,0.0,3.0,0.5341887474060059,7.370340347290039,0.47012538266848375,3.0,1.3862943611198906,0.597554769985219,0.14315819970285049,0.8568418002971495,0.14030871206753937,0.5,1.0,0.11036027475106813,0.2083120093606394
2547.0,61.0,75.0,6979.0,2547.0,0.0,5.0,3.5483226776123047,12.175472259521484,0.9614093897743926,0.0,0.0,0.0,0.0,0.0,0.0,0.0,0.0,0.3007683447826445,0.19712856836998885
2547.0,160.0,344.0,2427.0,1148.0,1.0,1.0,3.225034713745117,13.103872299194336,0.9595557363471904,30.0,3.4339872044851463,0.9057236642639067,0.6242982678988169,0.9461787811623511,0.8733008332583791,0.785238524530584,1.0,0.2770724022628151,0.6494415446179044
2547.0,24.0,334.0,1148.0,2427.0,1.0,1.0,2.745272159576416,8.113492012023926,0.858334748915464,0.0,0.0,0.0,0.0,0.0,0.0,0.0,0.0,0.2877151886040356,0.208269092261766
2547.0,156.0,201.0,1148.0,2427.0,1.0,1.0,5.335931777954102,18.554519653320312,0.9944150555003476,5.0,1.791759469228055,0.9057236642639067,0.6711842527050766,0.8159126725472651,0.5146160599378213,0.7435484626261708,1.0,0.2720495245424741,0.4934875854670833
2547.0,156.0,76.0,1148.0,6795.0,1.0,1.0,8.100598335266113,16.434402465820312,0.9996917811864485,1.0,0.6931471805599453,0.8534795977333005,0.0,1.0,0.1667635232215653,0.5,1.0,0.3907264107745867,0.40139889887402863
2547.0,115.0,113.0,1148.0,6979.0,1.0,1.0,2.86923885345459,7.47182035446167,0.9037291643548895,1.0,0.6931471805599453,0.2550004023552998,0.0,1.0,0.9999999999960785,0.5,1.0,0.32433730453494586,0.6525549515156706
2547.0,169.0,262.0,2427.0,5455.0,1.0,1.0,3.838235855102539,10.326925277709961,0.9714888294438285,0.0,0.0,0.0,0.0,0.0,0.0,0.0,0.0,0.34381723055243946,0.23623492758195788
2547.0,169.0,148.0,2427.0,2547.0,0.0,3.0,1.1135473251342773,9.914283752441406,0.6547200553596013,0.0,0.0,0.0,0.0,0.0,0.0,0.0,0.0,0.14828517276203845,0.10484595020930243
2547.0,53.0,348.0,5419.0,6979.0,1.0,1.0,2.1640543937683105,7.5791544914245605,0.8390528507943584,0.0,0.0,0.0,0.0,0.0,0.0,0.0,0.0,0.2703466129659702,0.19935586422430226
5305.0,160.0,267.0,278.0,2427.0,0.0,24.0,2.6032297611236572,5.407922744750977,0.8870728305382691,0.0,0.0,0.0,0.0,0.0,0.0,0.0,0.0,0.34060716365490473,0.2637644309795799
5305.0,6.0,94.0,2290.0,3159.0,1.0,1.5,6.94649600982666,12.005898475646973,0.997833445654354,0.0,0.0,0.0,0.0,0.0,0.0,0.0,0.0,0.42943337751077637,0.28071774181239123
5305.0,56.0,96.0,6017.0,6888.0,0.0,19.0,1.9600014686584473,8.13027286529541,0.7571836491542311,0.0,0.0,0.0,0.0,0.0,0.0,0.0,0.0,0.22138345130762963,0.1610283621637911
6568.0,142.0,157.0,2266.0,3262.0,0.0,4.0,2.7225003242492676,9.80094051361084,0.8841564663070578,0.0,0.0,0.0,0.0,0.0,0.0,0.0,0.0,0.2749737992801601,0.19141962369253282
6568.0,142.0,138.0,3341.0,711.0,0.0,2.0,2.0256080627441406,8.89610767364502,0.8026236122465135,0.0,0.0,0.0,0.0,0.0,0.0,0.0,0.0,0.23241847998012413,0.16605663330475953
6568.0,142.0,21.0,920.0,2243.0,0.0,2.0,0.14851093292236328,3.8606154918670654,0.3591597224083032,0.0,0.0,0.0,0.0,0.0,0.0,0.0,0.0,0.10409803345926594,0.08796685780103865
6568.0,98.0,299.0,6635.0,1077.0,0.0,3.0,1.131002426147461,6.325778961181641,0.5170619619822977,0.0,0.0,0.0,0.0,0.0,0.0,0.0,0.0,0.13971532576763007,0.10800816076514397
6568.0,146.0,275.0,4605.0,6568.0,0.0,3.0,0.6839268803596497,1.487317681312561,0.2659823195236931,0.0,0.0,0.0,0.0,0.0,0.0,0.0,0.0,0.1059486643049261,0.09403314334217475
6568.0,162.0,100.0,6568.0,3211.0,0.0,40.0,7.363604545593262,17.716289520263672,0.9993405050716782,0.0,0.0,0.0,0.0,0.0,0.0,0.0,0.0,0.3457999388317244,0.19164821063835108
6568.0,169.0,181.0,3262.0,6635.0,0.0,46.0,0.6653618812561035,8.01405143737793,0.5962942886786022,0.0,0.0,0.0,0.0,0.0,0.0,0.0,0.0,0.14040621036160644,0.10497110681439446
4821.0,155.0,265.0,680.0,5859.0,0.0,6670.0,0.3914070129394531,-2.1516387462615967,0.04089346088121493,0.0,0.0,0.0,0.0,0.0,0.0,0.0,0.0,0.07934513443831054,0.07879990603152559
2768.0,127.0,95.0,4004.0,443.0,0.0,314.0,1.0143970251083374,-0.5202842950820923,0.13216664831093974,0.0,0.0,0.0,0.0,0.0,0.0,0.0,0.0,0.09404431342243298,0.08777344124990638
6979.0,160.0,18.0,2427.0,6200.0,1.0,1.0,9.949161767959595,8.676156997680664,0.9998785217011692,2.0,1.0986122886681098,0.9057236642639067,0.44086543844079895,0.559134561559201,0.2918475659864639,0.5,1.0,0.590924719964094,0.7175666598636888
6979.0,160.0,336.0,2427.0,2083.0,0.0,4.0,10.186342239379883,22.337203979492188,0.9999373155842383,27.0,3.332204510175204,1.0,0.6116528099237777,0.791694282906339,0.5919432421022007,0.7016735464150583,1.0,0.3568601073499991,0.5591744783973771
6979.0,156.0,41.0,2547.0,2427.0,0.0,3.0,1.7275080680847168,6.834166526794434,0.7677206405447665,0.0,0.0,0.0,0.0,0.0,0.0,0.0,0.0,0.2368853599711414,0.1783469554050261
6979.0,169.0,104.0,6407.0,6795.0,1.0,1.0,0.8739156723022461,10.201041221618652,0.7038088237556117,0.0,0.0,0.0,0.0,0.0,0.0,0.0,0.0,0.15669996769835598,0.11042918039135528
6979.0,53.0,261.0,6795.0,5080.0,0.0,2.0,4.523301124572754,11.727405548095703,0.9890271871460932,1.0,0.6931471805599453,0.5202016416109183,0.0,1.0,0.3021570851297194,0.5,1.0,0.3514120481937147,0.47097739396367666
6979.0,53.0,50.0,29.0,6795.0,1.0,1.0,2.138612747192383,7.125474452972412,0.8426770727601878,0.0,0.0,0.0,0.0,0.0,0.0,0.0,0.0,0.27793525877703096,0.20727811296791696
6979.0,155.0,243.0,362.0,6644.0,0.0,2.0,2.6321091651916504,10.106667518615723,0.9307181144532534,0.0,0.0,0.0,0.0,0.0,0.0,0.0,0.0,0.2907606651017818,0.2019412457097664
6979.0,127.0,280.0,5305.0,1148.0,0.0,7.0,0.20012855529785156,5.716392517089844,0.5193844245757945,0.0,0.0,0.0,0.0,0.0,0.0,0.0,0.0,0.13081210916062147,0.10456184152315817
6979.0,61.0,255.0,1148.0,2547.0,0.0,2.0,1.9932594299316406,5.781598091125488,0.7579126310140878,1.0,0.6931471805599453,0.024639945191111665,0.0,0.0,0.0,0.0,0.0,0.25325388371180985,0.20130628711085313
4551.0,169.0,348.0,2533.0,2403.0,0.0,1.0,2.4677228927612305,11.676051139831543,0.9213401443752021,1.0,0.6931471805599453,1.0,0.0,1.0,0.4964738793708681,0.5,1.0,0.2591995514488776,0.37984698213772977
4551.0,160.0,64.0,362.0,1148.0,0.0,18.0,11.978398084640503,15.483907699584961,0.9999877929930483,4.0,1.6094379124341003,1.0,0.6344328811063025,1.0,0.5859581202834794,0.8172164405531512,1.0,0.5373172737454488,0.7344984011757031
4551.0,127.0,79.0,2403.0,362.0,1.0,1.0,2.241931915283203,6.5213189125061035,0.8090117498429192,0.0,0.0,0.0,0.0,0.0,0.0,0.0,0.0,0.2732613757230882,0.20606259362365792
3145.0,156.0,266.0,1615.0,2671.0,0.0,6818.0,0.4266522079706192,0.1955922394990921,0.21288601051733483,0.0,0.0,0.0,0.0,0.0,0.0,0.0,0.0,0.0995696699311094,0.09197948025581937
3145.0,156.0,70.0,2667.0,2926.0,0.0,2721.0,1.3437222838401794,-0.664762556552887,0.4142543301415965,0.0,0.0,0.0,0.0,0.0,0.0,0.0,0.0,0.17791663407588884,0.16078724631293237
3145.0,56.0,306.0,4902.0,2700.0,0.0,7101.0,0.3423630893230438,0.792072057723999,0.19677424663789433,0.0,0.0,0.0,0.0,0.0,0.0,0.0,0.0,0.09150323784339157,0.08375625657389663
2533.0,160.0,125.0,362.0,4551.0,1.0,1.0,4.257473945617676,12.560956001281738,0.9859861555392001,4.0,1.6094379124341003,0.9057236642639067,0.5393668678120903,0.8097277669583042,0.41293086804001145,0.6745473173851972,1.0,0.3281747164982924,0.5496262813040381
2533.0,160.0,14.0,362.0,4417.0,1.0,1.0,0.15812063217163086,-0.9242914915084839,0.19937617424007906,0.0,0.0,0.0,0.0,0.0,0.0,0.0,0.0,0.10067039559280547,0.09604617627217993
2533.0,160.0,8.0,2403.0,2798.0,1.0,1.0,0.8339219093322754,3.5959396362304688,0.5831533971830465,0.0,0.0,0.0,0.0,0.0,0.0,0.0,0.0,0.18228573361431363,0.1503353019480253
2533.0,65.0,189.0,2403.0,2533.0,0.0,69.0,1.0096122026443481,2.7018303871154785,0.4130915582330453,0.0,0.0,0.0,0.0,0.0,0.0,0.0,0.0,0.13916638039933393,0.11783214549020367
6597.0,224.0,362.0,1161.0,4506.0,0.0,3.0,4.222902774810791,9.576312065124512,0.9672406334484682,14.0,2.70805020110221,0.820335356007638,0.5285605838976134,0.9615047102234364,0.8155624394717348,0.7450326470605249,1.0,0.3658142272594701,0.7169229362703572
6597.0,224.0,124.0,1161.0,3484.0,1.0,1.0,10.699148654937744,16.208803176879883,0.9999616262470052,5.0,1.791759469228055,0.43527528164806206,0.6769475850920577,1.0,0.9999999999992577,0.8384737925460288,1.0,0.4810212938602316,0.8069054878122441
6597.0,224.0,119.0,2442.0,4506.0,0.0,6.0,5.736377716064453,10.20615005493164,0.9919412103181222,0.0,0.0,0.0,0.0,0.0,0.0,0.0,0.0,0.4178334159312737,0.28662475942854826
6597.0,224.0,147.0,776.0,3484.0,0.0,6.0,2.2878212928771973,6.993731498718262,0.892493907993876,0.0,0.0,0.0,0.0,0.0,0.0,0.0,0.0,0.3089616655801483,0.23150364374765847
6597.0,224.0,8.0,1161.0,4587.0,1.0,1.0,13.436832904815674,20.006912231445312,0.9999972423060032,0.0,0.0,0.0,0.0,0.0,0.0,0.0,0.0,0.5048248660606398,0.26786905764851504
2330.0,155.0,292.0,3922.0,1183.0,1.0,1.0,10.45300841331482,7.819526672363281,0.9997856081337039,0.0,0.0,0.0,0.0,0.0,0.0,0.0,0.0,0.6219194342406058,0.4602062202599094
2218.0,155.0,362.0,329.0,4723.0,0.0,412.0,3.338301658630371,2.2631309032440186,0.8077833906727675,0.0,0.0,0.0,0.0,0.0,0.0,0.0,0.0,0.37177984918712975,0.3044123657071776
2218.0,56.0,167.0,1759.0,2240.0,0.0,7008.0,1.10808926820755,0.039473116397857666,0.21897750637093155,0.0,0.0,0.0,0.0,0.0,0.0,0.0,0.0,0.11067113815548425,0.10084875591382754
2218.0,160.0,299.0,382.0,6126.0,0.0,386.0,1.974149465560913,3.91776180267334,0.7702359909615356,0.0,0.0,0.0,0.0,0.0,0.0,0.0,0.0,0.28510329705501203,0.2285954174950099
7082.0,53.0,174.0,3657.0,2796.0,1.0,1.0,4.070546507835388,5.934993267059326,0.955563603105593,0.0,0.0,0.0,0.0,0.0,0.0,0.0,0.0,0.41694388949937844,0.3177318740694668
7082.0,115.0,360.0,6890.0,2684.0,1.0,1.0,1.5328076593577862,0.037041615694761276,0.22449140742883403,0.0,0.0,0.0,0.0,0.0,0.0,0.0,0.0,0.11784271065550267,0.10626025172869108
6449.0,160.0,190.0,359.0,2278.0,0.0,116.0,2.677443504333496,8.521319389343262,0.899631005531317,6.0,1.9459101490553132,0.9057236642639067,0.09602290667279934,0.9039770933272007,0.3596965761156684,0.5,1.0,0.3003364910889961,0.4628471750104966
6449.0,160.0,306.0,359.0,4408.0,0.0,2485.0,6.345355749130249,8.050140380859375,0.996431935786257,6.0,1.9459101490553132,0.09105342796837457,0.09602290667279934,0.0,0.0,0.04801145333639967,0.0,0.4794040165251444,0.39194529936318456
5224.0,127.0,355.0,2103.0,2442.0,0.0,265.0,0.9736320972442627,3.256878137588501,0.5581333998047678,0.0,0.0,0.0,0.0,0.0,0.0,0.0,0.0,0.17978727925005591,0.14915347504500923
3908.0,127.0,37.0,711.0,3922.0,0.0,7.0,0.37345442175865173,-0.497820109128952,0.3959914105740877,0.0,0.0,0.0,0.0,0.0,0.0,0.0,0.0,0.15215480615623442,0.14017010730773824
3908.0,127.0,40.0,1077.0,3262.0,1.0,1.0,4.071955502033234,3.870171070098877,0.9649033556993998,1.0,0.6931471805599453,0.597554769985219,0.0,1.0,0.9999999999983266,0.5,1.0,0.4593027786750574,0.7535158986281756
6899.0,205.0,138.0,6767.0,346.0,0.0,3742.0,0.07238054275512695,-4.112054824829102,0.007492167008384466,0.0,0.0,0.0,0.0,0.0,0.0,0.0,0.0,0.08069318051674222,0.08462726019248777
235.0,53.0,55.0,6496.0,101.0,1.0,1.0,0.7085480690002441,6.1079864501953125,0.615035610301806,0.0,0.0,0.0,0.0,0.0,0.0,0.0,0.0,0.16480123261145477,0.12857758294520227
235.0,160.0,293.0,5449.0,146.0,0.0,3176.0,1.454183578491211,8.805617332458496,0.6324944914086832,1.0,0.6931471805599453,0.9238395952400507,0.0,0.0,0.0,0.0,0.0,0.1577121068741826,0.08795767173403257
4573.0,156.0,216.0,2624.0,711.0,0.0,293.0,0.9277858734130859,5.357947826385498,0.6755907930991748,0.0,0.0,0.0,0.0,0.0,0.0,0.0,0.0,0.198917211551414,0.15696594091988497
4573.0,38.0,88.0,6785.0,4922.0,0.0,1864.0,2.3729496002197266,3.968459367752075,0.8324761091142466,0.0,0.0,0.0,0.0,0.0,0.0,0.0,0.0,0.3275986290195804,0.2616899160522783
3197.0,156.0,81.0,2798.0,2246.0,0.0,55.0,0.3196190893650055,0.6249171495437622,0.2208306372219505,0.0,0.0,0.0,0.0,0.0,0.0,0.0,0.0,0.0972268245514533,0.0891329144486001
3197.0,160.0,249.0,5736.0,3155.0,0.0,2.0,0.3219926357269287,3.7181830406188965,0.49470639695622914,0.0,0.0,0.0,0.0,0.0,0.0,0.0,0.0,0.14281289656312388,0.11929312293574645
3197.0,56.0,198.0,4319.0,3155.0,0.0,62.0,0.21121931076049805,3.1179006099700928,0.3265963627652316,0.0,0.0,0.0,0.0,0.0,0.0,0.0,0.0,0.10259541878467975,0.08828753125982157
1480.0,56.0,210.0,1480.0,330.0,0.0,3971.0,1.3004977982491255,1.2928283214569092,0.26717213014009183,0.0,0.0,0.0,0.0,0.0,0.0,0.0,0.0,0.11583259731646611,0.10175415648807952
3002.0,156.0,72.0,2442.0,4740.0,0.0,31.0,8.050681114196777,17.26090431213379,0.9996381002672816,1.0,0.6931471805599453,1.0,0.0,1.0,0.9999999999989999,0.5,1.0,0.3749651989098496,0.5483709231708438
3002.0,208.0,54.0,776.0,1161.0,0.0,7.0,0.603093147277832,11.268244743347168,0.4758063146497229,0.0,0.0,0.0,0.0,0.0,0.0,0.0,0.0,0.08736369249904749,0.06096627057982017
3002.0,38.0,330.0,2694.0,2137.0,0.0,1361.0,1.7222886085510254,4.334580898284912,0.8071681513269514,0.0,0.0,0.0,0.0,0.0,0.0,0.0,0.0,0.29017719212742166,0.23157397360528617
3002.0,53.0,103.0,4587.0,2442.0,1.0,1.0,0.5529088973999023,4.474775314331055,0.41108610332482404,0.0,0.0,0.0,0.0,0.0,0.0,0.0,0.0,0.11741240162253277,0.09653083340377785
3002.0,115.0,274.0,2442.0,2694.0,0.0,6.0,1.1145058870315552,3.0755786895751953,0.4025721457679469,0.0,0.0,0.0,0.0,0.0,0.0,0.0,0.0,0.1346500369836269,0.11289625134112966
1276.0,160.0,299.0,4740.0,5497.0,0.0,882.0,2.7429420948028564,5.034292697906494,0.8843576539787049,1.0,0.6931471805599453,0.9057236642639067,0.0,1.0,0.8106217761242236,0.5,1.0,0.3495101077965465,0.5990928175086878
1276.0,156.0,110.0,2442.0,4783.0,0.0,7.0,2.8416683673858643,5.812733173370361,0.9343803242486405,1.0,0.6931471805599453,0.23557946849797018,0.0,1.0,0.9999999999957552,0.5,1.0,0.3673346280347701,0.7032331688435823
2784.0,169.0,285.0,2676.0,5226.0,0.0,837.0,2.0750293731689453,5.217231273651123,0.5935899016481873,0.0,0.0,0.0,0.0,0.0,0.0,0.0,0.0,0.19382145640543916,0.1505448954890908
4845.0,160.0,19.0,956.0,6603.0,0.0,6019.0,0.20745110511779785,1.2773336172103882,0.34465127984631405,0.0,0.0,0.0,0.0,0.0,0.0,0.0,0.0,0.11999610992287701,0.10735832073992954
4845.0,53.0,7.0,2100.0,566.0,0.0,773.0,0.3752220869064331,2.258065938949585,0.5277901522716912,0.0,0.0,0.0,0.0,0.0,0.0,0.0,0.0,0.1680517314880189,0.14446932388923223
4694.0,53.0,218.0,2300.0,6293.0,0.0,17.0,2.443509578704834,7.691433906555176,0.9099029387845596,0.0,0.0,0.0,0.0,0.0,0.0,0.0,0.0,0.31163385539467336,0.22962177822243193
3076.0,160.0,3.0,2906.0,1753.0,0.0,140.0,1.6107585430145264,-3.274099111557007,0.11364881035549992,0.0,0.0,0.0,0.0,0.0,0.0,0.0,0.0,0.1161044571661316,0.11349488677728613
2619.0,157.0,147.0,1915.0,5158.0,0.0,101.0,0.35262537002563477,1.7346023321151733,0.22952441808296214,0.0,0.0,0.0,0.0,0.0,0.0,0.0,0.0,0.09251119696033897,0.08262262962403391
2619.0,160.0,331.0,5154.0,2603.0,0.0,2525.0,3.286171555519104,1.0875169038772583,0.8669105392513288,0.0,0.0,0.0,0.0,0.0,0.0,0.0,0.0,0.42456662975019227,0.357696392402439
3716.0,38.0,134.0,5173.0,5454.0,0.0,561.0,0.468691810965538,0.20364515483379364,0.22891934858848598,0.0,0.0,0.0,0.0,0.0,0.0,0.0,0.0,0.10355994436324263,0.0953832058207864
4003.0,56.0,97.0,4635.0,536.0,0.0,5907.0,0.4338533878326416,-2.5533690452575684,0.07977040034907279,0.0,0.0,0.0,0.0,0.0,0.0,0.0,0.0,0.08925396571722952,0.08886191589312509
4003.0,156.0,325.0,1145.0,6504.0,0.0,109.0,9.758677959442139,8.468152046203613,0.9995765261514624,1.0,0.6931471805599453,1.0,0.0,1.0,0.9999999999989999,0.5,1.0,0.5881607330065651,0.7718639301196157
1344.0,123.0,299.0,1879.0,7076.0,0.0,7118.0,0.01330554485321045,-1.7752655744552612,0.004009416387838047,0.0,0.0,0.0,0.0,0.0,0.0,0.0,0.0,0.06795591477716906,0.06792623805178775
29.0,162.0,89.0,558.0,2442.0,0.0,8.0,2.6013293862342834,0.9721823334693909,0.6343788085651247,0.0,0.0,0.0,0.0,0.0,0.0,0.0,0.0,0.2791665550358239,0.2359449033794836
3822.0,160.0,344.0,1077.0,2661.0,1.0,1.0,3.867589235305786,6.066447734832764,0.968774891587787,9.0,2.302585092994046,0.9803906099397734,0.5578110273818622,0.9918708336210224,0.9794734259693217,0.7748409305014423,1.0,0.4156989686236028,0.7886544133836392
5584.0,169.0,159.0,545.0,1923.0,1.0,1.0,0.23686695098876953,8.870813369750977,0.327999373007862,2.0,1.0986122886681098,0.9803906099397734,0.41181296823779734,0.5881870317622027,0.08115630049576407,0.5,1.0,0.07054432332125697,0.13217541547295106
5584.0,53.0,190.0,3341.0,920.0,1.0,1.0,5.934800148010254,16.750398635864258,0.9973600107213223,0.0,0.0,0.0,0.0,0.0,0.0,0.0,0.0,0.31743758118971865,0.18172878777450172
4263.0,156.0,47.0,6451.0,4478.0,0.0,47.0,0.5516893668100238,0.5623833537101746,0.24717633421327734,0.0,0.0,0.0,0.0,0.0,0.0,0.0,0.0,0.10630622608571877,0.09676933425326724
3308.0,156.0,315.0,1145.0,4261.0,1.0,1.0,3.8430323600769043,6.8462677001953125,0.9646922427330645,1.0,0.6931471805599453,0.34320509065132626,0.0,0.0,0.0,0.0,0.0,0.3988955727814385,0.28306442341795157
2267.0,53.0,24.0,6785.0,4723.0,1.0,1.0,8.155586838722229,9.318130493164062,0.9995724687818761,0.0,0.0,0.0,0.0,0.0,0.0,0.0,0.0,0.5195107606379751,0.3658754269348007
296.0,160.0,212.0,3162.0,2457.0,0.0,689.0,0.3562126159667969,2.3807220458984375,0.23752234371764308,0.0,0.0,0.0,0.0,0.0,0.0,0.0,0.0,0.09026759819328381,0.07939733414889158
296.0,127.0,341.0,2655.0,2596.0,0.0,1053.0,0.18272192031145096,-0.0856170579791069,0.22359583710085962,0.0,0.0,0.0,0.0,0.0,0.0,0.0,0.0,0.10075806426575079,0.09409116009627308
2927.0,6.0,110.0,4233.0,1139.0,0.0,14.0,0.5916110277175903,2.4807522296905518,0.38536146435098445,0.0,0.0,0.0,0.0,0.0,0.0,0.0,0.0,0.12679955668013235,0.10912763116062932
4191.0,156.0,349.0,382.0,3933.0,0.0,4952.0,1.6046714652329683,1.5944340229034424,0.6195877337149109,0.0,0.0,0.0,0.0,0.0,0.0,0.0,0.0,0.23793440211165884,0.20180039282943205
3309.0,53.0,87.0,7038.0,5527.0,1.0,1.0,6.2015591859817505,8.095512390136719,0.9968621768319037,1.0,0.6931471805599453,0.9803906099397734,0.0,1.0,0.20499788146859568,0.5,1.0,0.4739934777560779,0.5437718367798516
3309.0,169.0,41.0,3380.0,6552.0,0.0,188.0,0.27142953872680664,5.582143783569336,0.3427531449694721,0.0,0.0,0.0,0.0,0.0,0.0,0.0,0.0,0.09111920218496737,0.07395182765541851
4330.0,160.0,77.0,2277.0,3871.0,0.0,4822.0,1.162364423274994,0.42044293880462646,0.566442291912216,0.0,0.0,0.0,0.0,0.0,0.0,0.0,0.0,0.21978790704235662,0.1929958125780279
2100.0,162.0,328.0,2100.0,5527.0,0.0,2.0,2.726797103881836,14.727152824401855,0.9367370938784509,0.0,0.0,0.0,0.0,0.0,0.0,0.0,0.0,0.23167167693704935,0.1427449995335293
2100.0,160.0,131.0,3133.0,4284.0,0.0,445.0,2.588958740234375,11.970930099487305,0.8948411398151758,0.0,0.0,0.0,0.0,0.0,0.0,0.0,0.0,0.24620764634516218,0.16265174815460015
2100.0,169.0,40.0,6792.0,2427.0,0.0,5868.0,0.31550025939941406,6.291456699371338,0.459058592227934,0.0,0.0,0.0,0.0,0.0,0.0,0.0,0.0,0.1125263193475078,0.0889131138244182
2100.0,158.0,301.0,6871.0,5046.0,0.0,1350.0,0.7384672164916992,8.924307823181152,0.5895185647995071,0.0,0.0,0.0,0.0,0.0,0.0,0.0,0.0,0.13190002320538885,0.09640527380198456
2100.0,56.0,353.0,2457.0,3213.0,0.0,509.0,0.2954012155532837,2.128342628479004,0.24610625275084874,0.0,0.0,0.0,0.0,0.0,0.0,0.0,0.0,0.09282338327725408,0.08215142171856252
861.0,53.0,188.0,347.0,4598.0,0.0,236.0,2.3506317138671875,-3.435396194458008,0.4248837501522641,0.0,0.0,0.0,0.0,0.0,0.0,0.0,0.0,0.23718150753240463,0.22182978222205285
2332.0,160.0,267.0,2603.0,382.0,0.0,419.0,12.500398874282837,8.769340515136719,0.999956744984231,1.0,0.6931471805599453,1.0,0.0,1.0,0.9999999999989999,0.5,1.0,0.6695522303694931,0.8153386087536288
885.0,53.0,262.0,6785.0,3155.0,0.0,3.0,2.4887990951538086,13.342041969299316,0.8907386822189514,0.0,0.0,0.0,0.0,0.0,0.0,0.0,0.0,0.2241519251705086,0.1430823844024278
885.0,127.0,96.0,3004.0,6786.0,0.0,6286.0,2.2945241928100586,8.105417251586914,0.9007950077141066,1.0,0.6931471805599453,1.0,0.0,0.0,0.0,0.0,1.0,0.2963891365846502,0.2956441729229735
2255.0,207.0,213.0,5311.0,329.0,1.0,1.0,0.14905643463134766,5.14720344543457,0.4700771510049575,0.0,0.0,0.0,0.0,0.0,0.0,0.0,0.0,0.1214996819305816,0.09882701242441515
2255.0,160.0,216.0,3871.0,3922.0,0.0,44.0,1.9872283935546875,8.333115577697754,0.8613199477997603,0.0,0.0,0.0,0.0,0.0,0.0,0.0,0.0,0.26547531440719435,0.1929458033862149
2255.0,169.0,173.0,3155.0,5037.0,1.0,1.0,11.798316478729248,19.493770599365234,0.9999906301841398,0.0,0.0,0.0,0.0,0.0,0.0,0.0,0.0,0.45881987258880397,0.24376131519095967
6435.0,160.0,87.0,2271.0,6293.0,0.0,146.0,0.6141139268875122,2.5626254081726074,0.5388326246161599,0.0,0.0,0.0,0.0,0.0,0.0,0.0,0.0,0.17326793591882086,0.14714914221695616
3828.0,18.0,173.0,1161.0,2442.0,0.0,2.0,6.3762335777282715,11.820587158203125,0.9969056396200962,1.0,0.6931471805599453,0.05026556750196808,0.0,0.0,0.0,0.0,0.0,0.41336233427803915,0.2781963006296077
3828.0,160.0,173.0,1161.0,5004.0,0.0,4.0,5.020702958106995,3.7386555671691895,0.9746593568902341,0.0,0.0,0.0,0.0,0.0,0.0,0.0,0.0,0.49953764953429547,0.39921587738866693
1621.0,110.0,261.0,3211.0,2582.0,0.0,516.0,1.0968247950077057,1.3634793758392334,0.051977848368470435,0.0,0.0,0.0,0.0,0.0,0.0,0.0,0.0,0.07019617103987973,0.0633037873043984
3685.0,38.0,246.0,1463.0,4185.0,0.0,5880.0,0.6825286746025085,1.1006579399108887,0.4561971462528483,0.0,0.0,0.0,0.0,0.0,0.0,0.0,0.0,0.16155995382675253,0.1421901627408081
3685.0,150.0,208.0,1669.0,617.0,0.0,1160.0,0.4002678394317627,3.3927650451660156,0.3645777577996126,1.0,0.6931471805599453,0.13005041040272958,0.0,0.0,0.0,0.0,0.0,0.1118944936958658,0.09528071755488564
3685.0,56.0,324.0,6245.0,1339.0,1.0,1.0,0.16895735263824463,1.1863659620285034,0.29816760403872666,0.0,0.0,0.0,0.0,0.0,0.0,0.0,0.0,0.10879668255473726,0.09807232197535928
509.0,123.0,292.0,3155.0,2300.0,1.0,1.0,1.5508766174316406,8.837627410888672,0.7552067935425236,3.0,1.3862943611198906,0.03809417669388987,0.5309089806811156,1.0,0.999999999987686,0.7654544903405578,1.0,0.20279601467106048,0.6440622488410982
509.0,53.0,190.0,2290.0,537.0,0.0,5.0,0.3998432159423828,8.97833251953125,0.40780699352767974,0.0,0.0,0.0,0.0,0.0,0.0,0.0,0.0,0.0853481587870122,0.06348734581918379
509.0,53.0,294.0,3155.0,2300.0,1.0,1.0,12.201944351196289,24.452592849731445,0.999994315456859,3.0,1.3862943611198906,0.03519290877788617,0.29102625175390373,0.0,0.0,0.14551312587695187,0.0,0.38473036624863066,0.22585684184253452
509.0,53.0,299.0,2300.0,3155.0,1.0,1.0,7.879219055175781,24.727027893066406,0.9996190285401417,0.0,0.0,0.0,0.0,0.0,0.0,0.0,0.0,0.25450546310169436,0.11360310404091108
509.0,53.0,198.0,3155.0,3495.0,0.0,2.0,0.034322261810302734,6.182310581207275,0.34876863960982085,3.0,1.3862943611198906,0.23557946849797018,0.29102625175390373,0.0,0.0,0.14551312587695187,0.0,0.08619084409183049,0.08799015415880941
509.0,142.0,131.0,2300.0,2906.0,1.0,1.0,5.885381698608398,11.832159042358398,0.9941873959239667,1.0,0.6931471805599453,0.3108489722987456,0.0,0.0,0.0,0.0,0.0,0.395599695338307,0.24811122568841495
509.0,156.0,213.0,2290.0,4660.0,0.0,112.0,0.29263806343078613,3.4059031009674072,0.3653882963299318,0.0,0.0,0.0,0.0,0.0,0.0,0.0,0.0,0.11055506755368325,0.09401196688324567
509.0,103.0,86.0,5036.0,4304.0,1.0,1.0,1.6363425254821777,9.174747467041016,0.6802057393409296,0.0,0.0,0.0,0.0,0.0,0.0,0.0,0.0,0.17329072905137347,0.12348484104246184
4994.0,156.0,319.0,6890.0,4993.0,1.0,1.0,0.3022910952568054,1.154690146446228,0.3549790842192631,2.0,1.0986122886681098,0.07469434624815234,0.06698457989158768,0.0,0.0,0.03349228994579384,0.0,0.1250033076022302,0.12315584642641625
4994.0,160.0,319.0,6890.0,3341.0,0.0,715.0,0.6531516909599304,1.4638477563858032,0.5234582366241257,6.0,1.9459101490553132,0.6341329040632923,0.3966704860927871,0.9497833810232176,0.8801894554214326,0.6732269335580023,1.0,0.18021945551624896,0.5677868435531952
4994.0,160.0,345.0,2250.0,38.0,0.0,5.0,0.9184360802173615,0.5184155702590942,0.31878843993391826,0.0,0.0,0.0,0.0,0.0,0.0,0.0,0.0,0.1296883932951923,0.11632300721546908
1091.0,158.0,274.0,4187.0,359.0,0.0,196.0,0.09577131271362305,-3.0709242820739746,0.014097996880195984,0.0,0.0,0.0,0.0,0.0,0.0,0.0,0.0,0.07661448342098744,0.07847530674496062
4069.0,160.0,122.0,3155.0,5924.0,0.0,18.0,9.406428337097168,17.516773223876953,0.9998932138356953,10.0,2.3978952727983707,0.9803906099397734,0.5707953587497647,0.781640686085057,0.6379182537704003,0.6762180224174108,1.0,0.4144533023585718,0.6358886236959679
4069.0,160.0,98.0,3155.0,4702.0,1.0,1.0,7.622187614440918,13.321736335754395,0.9993244654733168,7.0,2.0794415416798357,0.7001394896518027,0.6683317354608711,0.7171600155097602,0.5519106413745006,0.6927458754853156,1.0,0.42935599394186186,0.6977620717929967
4069.0,160.0,191.0,3155.0,3885.0,1.0,1.0,5.277037143707275,10.63749885559082,0.9944820769108621,12.0,2.5649493574615367,0.4528618321319533,0.704265327980774,0.5556339524516457,0.20471403962319604,0.6299496402162099,1.0,0.39678411714287337,0.6563482764100818
4069.0,56.0,350.0,3155.0,5736.0,0.0,196.0,1.0058903694152832,8.206168174743652,0.6429708640323204,1.0,0.6931471805599453,0.10668494971666255,0.0,0.0,0.0,0.0,0.0,0.15878205295728515,0.11849038751400481
1147.0,18.0,193.0,2713.0,711.0,0.0,1028.0,0.25618982315063477,4.620657920837402,0.3407708545644434,0.0,0.0,0.0,0.0,0.0,0.0,0.0,0.0,0.09645287091819725,0.08005442869838633
1147.0,105.0,266.0,150.0,920.0,0.0,1340.0,1.5244567394256592,4.972500324249268,0.560655094298982,0.0,0.0,0.0,0.0,0.0,0.0,0.0,0.0,0.17343912451372365,0.13697362225447796
1147.0,61.0,202.0,711.0,733.0,0.0,7106.0,2.9651942253112793,4.414336681365967,0.8513228641771396,0.0,0.0,0.0,0.0,0.0,0.0,0.0,0.0,0.34844945953488793,0.27416250981944
3572.0,56.0,113.0,1384.0,3002.0,0.0,182.0,2.016892671585083,5.933143615722656,0.812429853270329,0.0,0.0,0.0,0.0,0.0,0.0,0.0,0.0,0.27732983942324746,0.21266756167828754
3572.0,156.0,117.0,4783.0,711.0,0.0,2769.0,0.620182991027832,5.2700419425964355,0.3875379904111455,0.0,0.0,0.0,0.0,0.0,0.0,0.0,0.0,0.10693999867107756,0.08637864469436028
3572.0,160.0,267.0,64.0,1416.0,0.0,70.0,1.16446053981781,2.503467321395874,0.5001629717893253,0.0,0.0,0.0,0.0,0.0,0.0,0.0,0.0,0.1712024614357585,0.14429072656848443
4319.0,53.0,13.0,5421.0,4319.0,0.0,3.0,2.1320009231567383,11.583351135253906,0.8500246266718955,0.0,0.0,0.0,0.0,0.0,0.0,0.0,0.0,0.22086165158754947,0.1477733119385644
4319.0,160.0,310.0,4569.0,1913.0,0.0,1859.0,1.613847255706787,9.05428409576416,0.6072206549073649,0.0,0.0,0.0,0.0,0.0,0.0,0.0,0.0,0.15024688704305317,0.10753234273949298
4319.0,155.0,137.0,711.0,3399.0,0.0,2.0,2.936522960662842,8.5756196975708,0.9033428210282765,0.0,0.0,0.0,0.0,0.0,0.0,0.0,0.0,0.30881703589673337,0.22148083400933238
4319.0,142.0,257.0,920.0,3341.0,0.0,1.0,9.511059761047363,24.120248794555664,0.9999259700674346,10.0,2.3978952727983707,1.0,0.4029602210669615,0.0,0.0,0.20148011053348075,0.0,0.30801172761272655,0.1578997595124021
4319.0,142.0,6.0,6785.0,3341.0,0.0,2.0,3.1336846351623535,10.312222480773926,0.9377982402809176,0.0,0.0,0.0,0.0,0.0,0.0,0.0,0.0,0.3054027788433317,0.2101518519003432
4319.0,0.0,163.0,5361.0,4089.0,0.0,6465.0,1.7539081573486328,7.048445701599121,0.7794791410589079,0.0,0.0,0.0,0.0,0.0,0.0,0.0,0.0,0.23986081549218835,0.1796669635040362
4319.0,156.0,261.0,1077.0,5421.0,0.0,5404.0,2.0229125022888184,9.089981079101562,0.7680418130863305,0.0,0.0,0.0,0.0,0.0,0.0,0.0,0.0,0.2154412812858082,0.15302221066997956
1087.0,160.0,272.0,5433.0,6552.0,0.0,7.0,6.5007434040308,6.604898452758789,0.9966728842826215,1.0,0.6931471805599453,0.008974205898414338,0.0,0.0,0.0,0.0,0.0,0.510945612361454,0.3950256024246311
1087.0,155.0,82.0,3884.0,6332.0,0.0,6719.0,0.04740583896636963,0.33562999963760376,0.22234280970068482,0.0,0.0,0.0,0.0,0.0,0.0,0.0,0.0,0.09615982353693724,0.08928822072635234
1175.0,56.0,9.0,3241.0,1175.0,0.0,76.0,4.404771327972412,12.038346290588379,0.9822020313886831,0.0,0.0,0.0,0.0,0.0,0.0,0.0,0.0,0.33898507466015304,0.22232407055213235
1175.0,156.0,202.0,3241.0,6568.0,0.0,113.0,6.549114227294922,14.717615127563477,0.9985040825898959,0.0,0.0,0.0,0.0,0.0,0.0,0.0,0.0,0.369912240430763,0.22415936775291737
1175.0,127.0,55.0,2083.0,5492.0,0.0,14.0,1.3737916946411133,6.895364284515381,0.6467910331292366,0.0,0.0,0.0,0.0,0.0,0.0,0.0,0.0,0.18042441067219658,0.13639223156538716
1175.0,123.0,82.0,3241.0,1175.0,0.0,8.0,1.6927857398986816,9.363961219787598,0.8416363590118419,0.0,0.0,0.0,0.0,0.0,0.0,0.0,0.0,0.23512957224403305,0.16716182633691348
2718.0,129.0,61.0,2175.0,6047.0,0.0,372.0,0.27264147996902466,-0.12716713547706604,0.011146758662275063,0.0,0.0,0.0,0.0,0.0,0.0,0.0,0.0,0.06382976873493103,0.06106897005602572
4506.0,222.0,259.0,3002.0,1161.0,0.0,72.0,1.4194087982177734,8.035374641418457,0.7203938308813903,0.0,0.0,0.0,0.0,0.0,0.0,0.0,0.0,0.19584184155290288,0.14394154933749795
4506.0,156.0,188.0,1161.0,5182.0,0.0,22.0,3.540074348449707,8.265645027160645,0.9679951064859287,0.0,0.0,0.0,0.0,0.0,0.0,0.0,0.0,0.36683264697127177,0.26579958332798553
6866.0,156.0,336.0,4185.0,1971.0,0.0,3.0,0.1754448413848877,3.618084192276001,0.5183027216700161,0.0,0.0,0.0,0.0,0.0,0.0,0.0,0.0,0.14832108966070304,0.124359001775426
480.0,229.0,27.0,1176.0,2445.0,0.0,772.0,3.6017403602600098,2.4300825595855713,0.7994815268414913,1.0,0.6931471805599453,0.7730166686334901,0.0,1.0,0.9999999999987064,0.5,1.0,0.3726038220794542,0.6825643181524716
349.0,123.0,55.0,4805.0,7038.0,0.0,3.0,0.877894401550293,4.616900444030762,0.5137578329049935,0.0,0.0,0.0,0.0,0.0,0.0,0.0,0.0,0.14980631937778974,0.12107127793934268
349.0,53.0,75.0,3553.0,6052.0,1.0,1.0,0.9448866844177246,7.6309590339660645,0.7134609517708269,0.0,0.0,0.0,0.0,0.0,0.0,0.0,0.0,0.1878454407312529,0.14053485989251005
3676.0,169.0,54.0,1846.0,6925.0,0.0,29.0,2.418867588043213,8.450993537902832,0.8788347458267295,0.0,0.0,0.0,0.0,0.0,0.0,0.0,0.0,0.28380307953192685,0.20485220795014966
280.0,123.0,168.0,2427.0,1148.0,0.0,2.0,0.8475751876831055,8.933794021606445,0.6794190387988579,0.0,0.0,0.0,0.0,0.0,0.0,0.0,0.0,0.16062628606737875,0.11678971668970792
280.0,98.0,103.0,1148.0,1183.0,0.0,23.0,2.685434103012085,4.9965949058532715,0.7682601801207029,0.0,0.0,0.0,0.0,0.0,0.0,0.0,0.0,0.28782206166339036,0.22310089136903616
4455.0,169.0,217.0,5736.0,5187.0,0.0,23.0,0.9460715651512146,1.8868499994277954,0.32317036827981677,0.0,0.0,0.0,0.0,0.0,0.0,0.0,0.0,0.12041648366706091,0.10472359594520919
2790.0,55.0,249.0,3155.0,2790.0,0.0,2529.0,4.388094425201416,11.429312705993652,0.9849579619111285,0.0,0.0,0.0,0.0,0.0,0.0,0.0,0.0,0.3499310421305667,0.2333631486880359
2790.0,169.0,166.0,3155.0,3159.0,0.0,1641.0,7.404497146606445,19.353391647338867,0.9993791051270463,1.0,0.6931471805599453,0.7884782461155736,0.0,0.0,0.0,0.0,0.0,0.32072279895093164,0.13839988819914187
2790.0,6.0,13.0,3155.0,2454.0,1.0,1.0,3.1206541061401367,8.290303230285645,0.9010973895435098,0.0,0.0,0.0,0.0,0.0,0.0,0.0,0.0,0.31744999528593,0.2288032656123704
2790.0,224.0,57.0,2784.0,3411.0,0.0,4.0,0.1445779800415039,4.428378582000732,0.41429723265897017,0.0,0.0,0.0,0.0,0.0,0.0,0.0,0.0,0.11291798812658299,0.09376806916379334
2790.0,156.0,126.0,2624.0,3762.0,0.0,630.0,0.13781070709228516,6.581152439117432,0.5005109998785584,0.0,0.0,0.0,0.0,0.0,0.0,0.0,0.0,0.11812513736920426,0.09281074639738465
2790.0,160.0,338.0,3159.0,2212.0,0.0,2283.0,0.10958170890808105,3.100454330444336,0.3090267924425458,1.0,0.6931471805599453,0.054409410206007765,0.0,0.0,0.0,0.0,0.0,0.0976575427857457,0.08688457359273308
2790.0,123.0,82.0,3155.0,2457.0,0.0,23.0,6.622441291809082,15.633246421813965,0.9982999180341355,0.0,0.0,0.0,0.0,0.0,0.0,0.0,0.0,0.35675871714436364,0.2105139985567289
6592.0,160.0,300.0,6895.0,4478.0,0.0,9.0,0.2270238995552063,0.8860217928886414,0.4394335229840579,0.0,0.0,0.0,0.0,0.0,0.0,0.0,0.0,0.1501907684032827,0.13428920503821049
5336.0,156.0,19.0,265.0,6994.0,0.0,13.0,1.6590486764907837,2.237860918045044,0.7137817789869076,0.0,0.0,0.0,0.0,0.0,0.0,0.0,0.0,0.27362660716435777,0.22841778393630816
432.0,224.0,354.0,2533.0,4004.0,0.0,164.0,2.8493355810642242,2.4798760414123535,0.661803663620273,0.0,0.0,0.0,0.0,0.0,0.0,0.0,0.0,0.2772509933095237,0.22608203326135332
1141.0,123.0,257.0,1130.0,5497.0,0.0,6075.0,3.3185516074299812,3.3666446208953857,0.7960396807647966,0.0,0.0,0.0,0.0,0.0,0.0,0.0,0.0,0.3462764054343801,0.276728277861838
2569.0,155.0,127.0,5421.0,2083.0,1.0,1.0,10.996609926223755,8.692026138305664,0.9997873991543933,0.0,0.0,0.0,0.0,0.0,0.0,0.0,0.0,0.6243461022017622,0.45395646515543897
1286.0,224.0,295.0,503.0,2290.0,0.0,10.0,0.9058542251586914,7.286948204040527,0.6244911008911128,2.0,1.0986122886681098,1.0,0.4851512137172558,1.0,0.3725265987233594,0.7425756068586279,1.0,0.15992005044875846,0.3574154660010018
270.0,160.0,191.0,1139.0,3290.0,0.0,10.0,0.779137372970581,4.076585292816162,0.48904002510639943,0.0,0.0,0.0,0.0,0.0,0.0,0.0,0.0,0.14555285360796258,0.11949254432326448
270.0,160.0,253.0,6293.0,5187.0,0.0,3042.0,6.639862060546875,15.306559562683105,0.9986915608036234,1.0,0.6931471805599453,0.013602352551501933,0.0,0.0,0.0,0.0,0.0,0.36296686488418833,0.224200123777332
2496.0,160.0,85.0,6058.0,287.0,0.0,2719.0,0.07456135749816895,-3.1638851165771484,0.02977557674029791,0.0,0.0,0.0,0.0,0.0,0.0,0.0,0.0,0.07961263389489157,0.08157952214026154
4769.0,53.0,133.0,4004.0,4740.0,0.0,3.0,1.7187471389770508,7.225881099700928,0.7246246837587386,0.0,0.0,0.0,0.0,0.0,0.0,0.0,0.0,0.21362384870414242,0.15926128363207218
4769.0,160.0,197.0,1446.0,2442.0,0.0,16.0,0.5346059799194336,8.10677719116211,0.4423262024049086,0.0,0.0,0.0,0.0,0.0,0.0,0.0,0.0,0.09909596940338394,0.07480147962817627
2156.0,127.0,155.0,6895.0,3572.0,0.0,256.0,1.4477589130401611,0.2000722885131836,0.20686395752067205,0.0,0.0,0.0,0.0,0.0,0.0,0.0,0.0,0.11117489463355558,0.10027061733517531
3817.0,160.0,72.0,5480.0,1880.0,0.0,3.0,3.698897361755371,4.612193584442139,0.9625637906372552,0.0,0.0,0.0,0.0,0.0,0.0,0.0,0.0,0.43218425673440825,0.3403800732932861
5398.0,155.0,6.0,3155.0,4569.0,1.0,1.0,5.821982502937317,6.999606132507324,0.9944424236112249,1.0,0.6931471805599453,0.9611657480580811,0.0,1.0,0.9999999999989596,0.5,1.0,0.4795290731001426,0.7190198850023797
2667.0,53.0,245.0,2154.0,2277.0,0.0,6863.0,0.2274070382118225,-0.266131728887558,0.16637464925317874,0.0,0.0,0.0,0.0,0.0,0.0,0.0,0.0,0.0904955872070796,0.08530642198460885
1659.0,56.0,36.0,1121.0,2446.0,1.0,1.0,4.99414324760437,7.381194114685059,0.9725835939788765,0.0,0.0,0.0,0.0,0.0,0.0,0.0,0.0,0.43188850132466833,0.3175711069110209
2685.0,53.0,280.0,5513.0,3158.0,1.0,1.0,8.055668354034424,8.309991836547852,0.9994392408364932,0.0,0.0,0.0,0.0,0.0,0.0,0.0,0.0,0.5342559175334043,0.385924595936629
4431.0,222.0,99.0,416.0,2596.0,0.0,103.0,1.5071462392807007,2.476083278656006,0.5782475067804379,0.0,0.0,0.0,0.0,0.0,0.0,0.0,0.0,0.20740083771477427,0.17312101664958002
4134.0,160.0,202.0,4258.0,4920.0,0.0,6641.0,2.319389820098877,-2.7050843238830566,0.12480272447480863,0.0,0.0,0.0,0.0,0.0,0.0,0.0,0.0,0.12473231082265297,0.11829547820800648
847.0,127.0,341.0,2906.0,3678.0,0.0,369.0,3.4005333185195923,4.828883647918701,0.8765374660700206,0.0,0.0,0.0,0.0,0.0,0.0,0.0,0.0,0.36905827606042424,0.2871215277133593
3287.0,160.0,180.0,2457.0,4004.0,0.0,15.0,2.3754438161849976,0.894814133644104,0.7041847709535849,0.0,0.0,0.0,0.0,0.0,0.0,0.0,0.0,0.3088854400986147,0.26238660320989393
5119.0,170.0,50.0,5496.0,7084.0,1.0,1.0,9.64890843629837,9.303032875061035,0.99960419486764,4.0,1.6094379124341003,0.5520447568369061,0.2821379440673367,1.0,0.9999999999994889,0.6410689720336684,1.0,0.5698281785288206,0.8310974960308588
2628.0,160.0,194.0,4564.0,2671.0,0.0,1804.0,6.9170873165130615,9.01368522644043,0.9986645185627975,1.0,0.6931471805599453,1.0,0.0,1.0,0.9999999999989999,0.5,1.0,0.48262946380218,0.702594184968674
5709.0,156.0,289.0,1140.0,6517.0,1.0,1.0,0.6947300434112549,-2.2237162590026855,0.062408285224809006,1.0,0.6931471805599453,0.9803906099397734,0.0,1.0,0.99999999999898,0.5,1.0,0.08681106047873936,0.29986846420233393
102.0,86.0,194.0,4847.0,4415.0,0.0,7.0,0.6577825546264648,4.792663097381592,0.40085931960684834,0.0,0.0,0.0,0.0,0.0,0.0,0.0,0.0,0.11398744144179203,0.09289885845750812
5957.0,207.0,274.0,1193.0,6364.0,1.0,1.0,8.837252378463745,7.357553005218506,0.9985794703470092,0.0,0.0,0.0,0.0,0.0,0.0,0.0,0.0,0.5768342883252275,0.4276625568630371
5219.0,127.0,231.0,2445.0,6888.0,1.0,1.0,10.33937668800354,12.840653419494629,0.9999144396833092,0.0,0.0,0.0,0.0,0.0,0.0,0.0,0.0,0.5297490587040657,0.34253007701233773
5219.0,53.0,134.0,5219.0,2445.0,0.0,2.0,16.801435947418213,20.43597412109375,0.9999999487257256,0.0,0.0,0.0,0.0,0.0,0.0,0.0,0.0,0.6090070412959665,0.3350327578660034
5219.0,156.0,27.0,1138.0,1183.0,0.0,37.0,2.602191925048828,9.864089965820312,0.9272056169207621,0.0,0.0,0.0,0.0,0.0,0.0,0.0,0.0,0.29180386675078196,0.20388951956862184
5219.0,156.0,356.0,4080.0,6556.0,0.0,5.0,1.2935791015625,5.085519790649414,0.7082955686103295,0.0,0.0,0.0,0.0,0.0,0.0,0.0,0.0,0.22355082168937687,0.17631725246363145
6364.0,53.0,20.0,1357.0,1121.0,1.0,1.0,3.5120575428009033,6.735479354858398,0.9631391547637436,0.0,0.0,0.0,0.0,0.0,0.0,0.0,0.0,0.38923272145739873,0.2924350633819952
6364.0,53.0,17.0,6105.0,2906.0,0.0,2876.0,0.7137969806790352,-0.07783078402280807,0.33155719667355765,0.0,0.0,0.0,0.0,0.0,0.0,0.0,0.0,0.1350005095508481,0.12307213259094638
457.0,229.0,153.0,5451.0,3211.0,0.0,1.0,1.1699957847595215,5.731494903564453,0.7552426482642872,1.0,0.6931471805599453,1.0,0.0,1.0,0.009901778952998064,0.5,1.0,0.23228655988865296,0.29641375219485183
3080.0,224.0,333.0,146.0,4484.0,0.0,21.0,6.5466389656066895,10.532782554626465,0.998450498154334,10.0,2.3978952727983707,1.0,0.4667635234700952,0.5332364765299048,0.15370800924477349,0.5,1.0,0.44273031261419526,0.5848669569462374
3080.0,224.0,241.0,4851.0,3420.0,0.0,5.0,1.5796422958374023,6.169671535491943,0.7465357742722117,1.0,0.6931471805599453,1.0,0.0,1.0,0.32020377032885294,0.5,1.0,0.23276517481955097,0.3521532525796978
3080.0,229.0,197.0,2495.0,1318.0,0.0,4.0,0.06642031669616699,1.562192440032959,0.24170634878833125,0.0,0.0,0.0,0.0,0.0,0.0,0.0,0.0,0.09277516044754487,0.08364508536623225
3080.0,170.0,83.0,45.0,5584.0,0.0,4.0,3.077392101287842,7.401708602905273,0.8722172802534323,0.0,0.0,0.0,0.0,0.0,0.0,0.0,0.0,0.3150483716087639,0.23144921821496697
5887.0,207.0,96.0,143.0,4573.0,1.0,1.0,3.2511444091796875,6.6318254470825195,0.9066266011959769,0.0,0.0,0.0,0.0,0.0,0.0,0.0,0.0,0.35103758557958975,0.2631243956569495
3288.0,103.0,294.0,5037.0,2278.0,1.0,1.0,5.17806901037693,5.320276737213135,0.9677320243321463,0.0,0.0,0.0,0.0,0.0,0.0,0.0,0.0,0.47208661987132644,0.3637907007874061
1699.0,142.0,230.0,2278.0,2906.0,1.0,1.0,0.7654976844787598,4.831604480743408,0.605510408882351,1.0,0.6931471805599453,0.02774884298889307,0.0,0.0,0.0,0.0,0.0,0.17569721862104706,0.14608616379810604
1699.0,53.0,313.0,6865.0,5196.0,1.0,1.0,5.171899914741516,6.301058292388916,0.9843133492026975,1.0,0.6931471805599453,0.9423178739918808,0.0,1.0,0.5606183938301573,0.5,1.0,0.46414782464499144,0.6305754452146777
6426.0,32.0,288.0,2460.0,2906.0,0.0,154.0,0.7938967645168304,0.39626604318618774,0.016753882451176726,0.0,0.0,0.0,0.0,0.0,0.0,0.0,0.0,0.06663989268631837,0.06214069900879037
6426.0,155.0,54.0,1077.0,3995.0,0.0,2.0,0.453122615814209,6.267312526702881,0.5962219151822699,0.0,0.0,0.0,0.0,0.0,0.0,0.0,0.0,0.15260279180503425,0.11931757616953428
713.0,103.0,316.0,4345.0,5532.0,0.0,5134.0,0.51395583152771,-2.3268938064575195,0.04254177226346503,0.0,0.0,0.0,0.0,0.0,0.0,0.0,0.0,0.08180662581379367,0.08127835867155411
6507.0,155.0,281.0,6507.0,6293.0,0.0,280.0,0.19197025895118713,-0.36310121417045593,0.2929171704606587,0.0,0.0,0.0,0.0,0.0,0.0,0.0,0.0,0.11915513496970623,0.11106110756316455
3884.0,103.0,152.0,3411.0,1148.0,0.0,4.0,4.304345607757568,8.866307258605957,0.9809921062251232,0.0,0.0,0.0,0.0,0.0,0.0,0.0,0.0,0.3882515275764541,0.2764654993465194
3884.0,133.0,275.0,2202.0,1928.0,0.0,35.0,1.0968128442764282,1.7465567588806152,0.3418893689430716,6.0,1.9459101490553132,0.10254191950095473,0.514047055361885,0.8617677645506676,0.6914770716474976,0.6879074099562763,1.0,0.128661001428682,0.497171712033441
3884.0,133.0,272.0,2202.0,2683.0,1.0,1.0,2.980377197265625,5.370229721069336,0.8547511734428697,6.0,1.9459101490553132,0.10881882041201553,0.514047055361885,0.8617677645506674,0.6914770716475601,0.6879074099562762,1.0,0.3352015625085163,0.7319328104871948
3884.0,115.0,258.0,7038.0,3262.0,1.0,1.0,4.050853967666626,7.836444854736328,0.9351418988720553,0.0,0.0,0.0,0.0,0.0,0.0,0.0,0.0,0.3717162718219385,0.2699967824602275
3884.0,160.0,255.0,2202.0,3909.0,0.0,6355.0,3.63023042678833,11.289360046386719,0.966705983365746,1.0,0.6931471805599453,0.9423178739918808,0.0,1.0,0.2795196863692581,0.5,1.0,0.3195906836531971,0.4024994798004687
1729.0,160.0,69.0,3290.0,3011.0,0.0,6059.0,0.5383009910583496,-2.445491075515747,0.11570275844042047,0.0,0.0,0.0,0.0,0.0,0.0,0.0,0.0,0.0970987245409851,0.09575911523323265
1729.0,160.0,70.0,6760.0,937.0,0.0,6811.0,1.6403273344039917,-1.897558331489563,0.2321122508711547,0.0,0.0,0.0,0.0,0.0,0.0,0.0,0.0,0.1370440854179597,0.12836128416355028
4892.0,156.0,293.0,5158.0,461.0,0.0,7091.0,0.48313188552856445,-2.2837367057800293,0.1973251244538101,0.0,0.0,0.0,0.0,0.0,0.0,0.0,0.0,0.11381224173844981,0.11089819064019324
3137.0,172.0,41.0,3262.0,5036.0,0.0,55.0,0.8099861741065979,1.1242918968200684,0.21139398317479266,0.0,0.0,0.0,0.0,0.0,0.0,0.0,0.0,0.0978788554127472,0.08779587345705549
5300.0,160.0,275.0,6017.0,5484.0,0.0,3697.0,1.7960190773010254,6.286669731140137,0.8119067024665083,0.0,0.0,0.0,0.0,0.0,0.0,0.0,0.0,0.26610747134681506,0.2030004890881754
5300.0,160.0,274.0,6407.0,2676.0,0.0,436.0,0.06013190746307373,1.5432085990905762,0.2846462175528236,1.0,0.6931471805599453,0.23557946849797018,0.0,0.0,0.0,0.0,0.0,0.10190634468511407,0.08866100298075924
5300.0,53.0,161.0,3817.0,1755.0,1.0,1.0,0.29463672637939453,7.311652660369873,0.4896833201186051,0.0,0.0,0.0,0.0,0.0,0.0,0.0,0.0,0.11223833576473208,0.08647657916641703
5392.0,127.0,166.0,929.0,2385.0,0.0,5151.0,0.7172090485692024,-0.07141082733869553,0.2526177245078407,0.0,0.0,0.0,0.0,0.0,0.0,0.0,0.0,0.1142885519364933,0.10499813873739675
6381.0,156.0,126.0,976.0,680.0,0.0,111.0,0.39713048934936523,2.7543413639068604,0.384543025137718,0.0,0.0,0.0,0.0,0.0,0.0,0.0,0.0,0.1215716487234824,0.10446265328019014
6614.0,224.0,130.0,6430.0,1188.0,0.0,2.0,0.19674868136644363,0.07031231373548508,0.1164710726571711,0.0,0.0,0.0,0.0,0.0,0.0,0.0,0.0,0.07897557478141623,0.07440037315730869
1144.0,6.0,92.0,6895.0,6410.0,0.0,6730.0,1.5255030393600464,3.4746384620666504,0.541409707814033,2.0,1.0986122886681098,0.22643091606597668,0.48020614479804213,1.0,0.9999999999977045,0.7401030723990211,1.0,0.18253915764702608,0.6192957299534129
1144.0,86.0,314.0,6895.0,6568.0,1.0,1.0,2.7507296055555344,2.532843589782715,0.7139556677906141,2.0,1.0986122886681098,0.7730166686334901,0.4950491105234984,1.0,0.9999999999993467,0.7475245552617492,1.0,0.29950824652019864,0.7133524982006566
277.0,160.0,167.0,4564.0,37.0,0.0,5348.0,0.4895763099193573,0.797936201095581,0.4334951839807886,0.0,0.0,0.0,0.0,0.0,0.0,0.0,0.0,0.15374307364942466,0.13700207174332818
6903.0,176.0,229.0,2996.0,2683.0,0.0,12.0,0.5910235643386841,2.262406349182129,0.24565926536826235,0.0,0.0,0.0,0.0,0.0,0.0,0.0,0.0,0.09531038946396256,0.08350923960442938
6903.0,6.0,286.0,5114.0,1434.0,0.0,6.0,0.28822314739227295,1.3191862106323242,0.2976361108055462,0.0,0.0,0.0,0.0,0.0,0.0,0.0,0.0,0.1093046628832298,0.09797314461225301
6903.0,61.0,191.0,1145.0,1928.0,1.0,1.0,6.69819450378418,9.093155860900879,0.9949793354454911,1.0,0.6931471805599453,0.27602237841845306,0.0,1.0,0.9999999999963772,0.5,1.0,0.4715961813970658,0.7474643203023279
3678.0,86.0,178.0,4702.0,2266.0,0.0,1179.0,1.5251463055610657,2.409116506576538,0.33847408946138835,0.0,0.0,0.0,0.0,0.0,0.0,0.0,0.0,0.12885331346875487,0.1091971813484441
281.0,160.0,311.0,1215.0,1503.0,0.0,203.0,1.2536442279815674,3.3182270526885986,0.6886038235801685,0.0,0.0,0.0,0.0,0.0,0.0,0.0,0.0,0.23685605439919175,0.19446319145374777
139.0,53.0,321.0,6017.0,4723.0,1.0,1.0,11.242345333099365,8.490723609924316,0.9999465461817443,0.0,0.0,0.0,0.0,0.0,0.0,0.0,0.0,0.6355768575069142,0.4653802937402666
5012.0,56.0,240.0,1873.0,151.0,0.0,5.0,1.0430636405944824,4.207386493682861,0.4856769969162681,0.0,0.0,0.0,0.0,0.0,0.0,0.0,0.0,0.14781962212420768,0.12035517380026457
5791.0,53.0,176.0,2278.0,3341.0,0.0,6222.0,0.36217713356018066,-3.1417744159698486,0.12391426521561699,0.0,0.0,0.0,0.0,0.0,0.0,0.0,0.0,0.10124182480052643,0.10166218269518301
852.0,116.0,173.0,4135.0,1126.0,0.0,1856.0,0.4028868228197098,0.30652108788490295,0.002955996276072384,0.0,0.0,0.0,0.0,0.0,0.0,0.0,0.0,0.06185553573567655,0.05847799901233634
4838.0,121.0,7.0,1176.0,1222.0,1.0,1.0,2.9526063799858093,3.5282607078552246,0.38781504116746474,0.0,0.0,0.0,0.0,0.0,0.0,0.0,0.0,0.15705922260578653,0.12553166859057163
4838.0,151.0,111.0,5262.0,1215.0,0.0,144.0,0.496805302798748,-0.09846002608537674,0.08001106649188834,0.0,0.0,0.0,0.0,0.0,0.0,0.0,0.0,0.07646222952054504,0.07207146164164985
3833.0,53.0,338.0,4250.0,5963.0,0.0,5.0,3.506144404411316,1.5341331958770752,0.8554300048946267,0.0,0.0,0.0,0.0,0.0,0.0,0.0,0.0,0.41719208745011627,0.3473848504025414
1846.0,169.0,273.0,146.0,3566.0,0.0,24.0,3.0126419067382812,14.198395729064941,0.9258040873776743,0.0,0.0,0.0,0.0,0.0,0.0,0.0,0.0,0.24079732145868202,0.1497987372982596
1846.0,160.0,318.0,3987.0,278.0,0.0,4455.0,2.81528377532959,7.23185396194458,0.9034956668362366,0.0,0.0,0.0,0.0,0.0,0.0,0.0,0.0,0.3264260129298726,0.24211968655008087
1846.0,53.0,336.0,2154.0,5046.0,0.0,143.0,8.41425895690918,11.80451488494873,0.999500358783148,2.0,1.0986122886681098,0.6864101813026526,0.0,0.0,0.0,0.0,0.0,0.4832251040642087,0.2829224620904602
1846.0,53.0,210.0,442.0,2262.0,0.0,2.0,5.899709224700928,11.920090675354004,0.9967832257381107,0.0,0.0,0.0,0.0,0.0,0.0,0.0,0.0,0.3960363710367121,0.2597266009755154
1846.0,127.0,112.0,6284.0,4319.0,0.0,845.0,3.1492528915405273,8.79838752746582,0.9423470542347252,0.0,0.0,0.0,0.0,0.0,0.0,0.0,0.0,0.3320254989592069,0.2373758298787235
1846.0,155.0,106.0,1145.0,3341.0,0.0,4.0,3.688591957092285,12.649052619934082,0.971666961499724,0.0,0.0,0.0,0.0,0.0,0.0,0.0,0.0,0.3027479132652986,0.1960192914466058
3164.0,160.0,247.0,2427.0,5565.0,0.0,541.0,1.2633419036865234,4.181956768035889,0.6304210468176128,2.0,1.0986122886681098,0.10881882041201553,0.1091701522264128,0.8908298477735872,0.05773663471331687,0.5,1.0,0.20239208754677596,0.3718920473872145
145.0,222.0,260.0,4319.0,587.0,0.0,3.0,0.7245891392230988,0.9112948179244995,0.39609494704466913,0.0,0.0,0.0,0.0,0.0,0.0,0.0,0.0,0.14528236857084592,0.12888553468905492
145.0,55.0,257.0,2460.0,6872.0,0.0,4.0,2.4251785278320312,4.397128582000732,0.668929965478446,0.0,0.0,0.0,0.0,0.0,0.0,0.0,0.0,0.2428501314397349,0.1910127811409929
3376.0,61.0,260.0,4298.0,4046.0,0.0,6908.0,0.08006143569946289,1.8205273151397705,0.2535697123070671,0.0,0.0,0.0,0.0,0.0,0.0,0.0,0.0,0.09376695538115982,0.08392401778919947
52.0,16.0,122.0,6635.0,5565.0,0.0,94.0,6.775096654891968,7.863913059234619,0.9928354844510542,1.0,0.6931471805599453,1.0,0.0,1.0,0.9999999999989999,0.5,1.0,0.4951219020951463,0.7193596516999827
52.0,61.0,239.0,6914.0,4415.0,0.0,2.0,1.0267951488494873,3.5033915042877197,0.44820034036579914,0.0,0.0,0.0,0.0,0.0,0.0,0.0,0.0,0.1426635998557693,0.11832368810840548
2459.0,156.0,140.0,1182.0,2823.0,1.0,1.0,3.580060362815857,5.288452625274658,0.909355507789516,2.0,1.0986122886681098,0.18574928614211858,0.3556886838508335,1.0,0.512681194369174,0.6778443419254168,1.0,0.3855206861413312,0.7007864020016819
1503.0,224.0,241.0,1215.0,62.0,0.0,4.0,2.057155132293701,7.963748931884766,0.8321923069780774,2.0,1.0986122886681098,0.030637206560617913,0.4851512137172559,0.0,0.0,0.24257560685862795,0.0,0.25890031995080975,0.2726999292869098
1503.0,229.0,159.0,5474.0,1503.0,0.0,7.0,2.74442720413208,8.462066650390625,0.9023330687445761,2.0,1.0986122886681098,0.2706097479346942,0.15665140035332514,0.0,0.0,0.07832570017666257,0.0,0.3045255570956714,0.23930271791101498
1503.0,229.0,286.0,1503.0,5474.0,0.0,2.0,0.015473365783691406,11.452313423156738,0.4481312293259675,0.0,0.0,0.0,0.0,0.0,0.0,0.0,0.0,0.07545846860102712,0.053254475175571254
1526.0,142.0,271.0,5036.0,1077.0,1.0,1.0,3.1552395820617676,9.0199556350708,0.9570026425400578,19.0,2.995732273553991,0.9057236642639067,0.6700040178984217,0.978842876477823,0.9090287367843365,0.8244234471881223,1.0,0.3364943877235597,0.7384999821000747
1089.0,156.0,100.0,2278.0,6293.0,0.0,2827.0,0.6401806473731995,-0.3956819176673889,0.17648080007511105,0.0,0.0,0.0,0.0,0.0,0.0,0.0,0.0,0.09814029697971212,0.09172643081298391
3812.0,53.0,173.0,733.0,2104.0,1.0,1.0,12.230363845825195,7.939364433288574,0.9999536293943123,0.0,0.0,0.0,0.0,0.0,0.0,0.0,0.0,0.6747464127199881,0.5050259435856401
3812.0,72.0,358.0,733.0,1138.0,1.0,1.0,0.45865926146507263,-0.45580044388771057,0.007218274837557307,0.0,0.0,0.0,0.0,0.0,0.0,0.0,0.0,0.06622967222474939,0.06355239916791305
3394.0,155.0,45.0,2581.0,4723.0,1.0,1.0,6.568013370037079,7.499159336090088,0.9885307734392166,0.0,0.0,0.0,0.0,0.0,0.0,0.0,0.0,0.4921315665808245,0.36095589811590306
2700.0,162.0,238.0,2059.0,6504.0,1.0,1.0,2.531867027282715,4.69448709487915,0.8032203609158405,0.0,0.0,0.0,0.0,0.0,0.0,0.0,0.0,0.3056285208821715,0.23939849030300264
830.0,160.0,77.0,830.0,4346.0,0.0,7005.0,0.9104244112968445,1.299242377281189,0.5572577457171067,0.0,0.0,0.0,0.0,0.0,0.0,0.0,0.0,0.19993216076914302,0.17326861161035112
35.0,169.0,200.0,4373.0,5445.0,0.0,42.0,2.3167874366045,-0.17021946609020233,0.14890864384071925,0.0,0.0,0.0,0.0,0.0,0.0,0.0,0.0,0.11163553105428164,0.10002611281471362
3709.0,160.0,214.0,5627.0,5459.0,0.0,2.0,0.2917361259460449,-2.5900354385375977,0.047312328347783254,0.0,0.0,0.0,0.0,0.0,0.0,0.0,0.0,0.08184429709593355,0.08219106387038519
3232.0,127.0,7.0,3155.0,4569.0,0.0,3.0,0.4922962188720703,5.64661169052124,0.5642962139847801,4.0,1.6094379124341003,0.9611657480580811,0.0,1.0,0.9999999999997282,0.5,1.0,0.14918271177613762,0.39890030466509285
3232.0,53.0,8.0,3155.0,4702.0,1.0,1.0,1.865677833557129,8.893619537353516,0.8646873146819983,0.0,0.0,0.0,0.0,0.0,0.0,0.0,0.0,0.2560501649063183,0.1839156201433626
1620.0,208.0,81.0,5682.0,6293.0,0.0,6161.0,0.5280442237854004,1.7100573778152466,0.23569324146832085,0.0,0.0,0.0,0.0,0.0,0.0,0.0,0.0,0.09595554233862241,0.08532689338276978
1620.0,56.0,127.0,2290.0,1115.0,0.0,18.0,2.236790180206299,5.251437187194824,0.7280103950859949,0.0,0.0,0.0,0.0,0.0,0.0,0.0,0.0,0.25311313996949864,0.19600108413394496
1593.0,160.0,213.0,509.0,4383.0,0.0,7.0,5.0225396156311035,8.061836242675781,0.9902469267432409,1.0,0.6931471805599453,1.0,0.0,1.0,0.009901778952998064,0.5,1.0,0.43118300420657535,0.4647344133428031
6932.0,53.0,82.0,6291.0,4612.0,1.0,1.0,8.261792540550232,6.983275413513184,0.9990087928738559,0.0,0.0,0.0,0.0,0.0,0.0,0.0,0.0,0.5646657030596286,0.42156786063307683
2603.0,160.0,239.0,1189.0,1459.0,0.0,53.0,1.289201259613037,2.7575321197509766,0.49199026906830134,0.0,0.0,0.0,0.0,0.0,0.0,0.0,0.0,0.16821230886551827,0.14069065499503833
2603.0,98.0,345.0,4319.0,146.0,0.0,54.0,0.3920114040374756,2.490720510482788,0.44061719366978475,0.0,0.0,0.0,0.0,0.0,0.0,0.0,0.0,0.13893998243578567,0.11954228459031906
2603.0,156.0,313.0,1189.0,6890.0,1.0,1.0,3.1727218627929688,6.5137715339660645,0.9316100190693033,3.0,1.3862943611198906,0.04205938101976112,0.3491435312918191,0.0,0.0,0.17457176564590954,0.0,0.36439519704403206,0.35598093852415424
4604.0,127.0,174.0,1132.0,6934.0,0.0,7126.0,0.10880088806152344,-3.6130189895629883,0.007195818889774074,0.0,0.0,0.0,0.0,0.0,0.0,0.0,0.0,0.07835686606059762,0.08124075079538423
3285.0,160.0,300.0,4383.0,2300.0,0.0,5.0,1.342362403869629,6.507582664489746,0.7469421190764514,4.0,1.6094379124341003,0.12750020117764987,0.5304083355831275,0.0,0.0,0.26520416779156375,0.0,0.22298974497036717,0.25511289450115354
3285.0,160.0,78.0,2290.0,5527.0,0.0,5.0,5.17107629776001,11.336771011352539,0.9901445061308534,3.0,1.3862943611198906,1.0,0.5464913132457137,1.0,0.8203321920257337,0.7732456566228568,1.0,0.3788845150759414,0.6852695342070899
3285.0,160.0,208.0,2290.0,1077.0,1.0,1.0,0.5625395774841309,6.56909704208374,0.45530500312869426,11.0,2.4849066497880004,0.8879629756445782,0.6874826503554807,0.6071524266580491,0.25711281710026407,0.6473175385067649,1.0,0.11295194391354278,0.307114592604688
3285.0,53.0,296.0,3873.0,1115.0,1.0,1.0,1.1804981231689453,7.183331489562988,0.6141960376697949,0.0,0.0,0.0,0.0,0.0,0.0,0.0,0.0,0.16260168357883334,0.12262629472645156
3285.0,53.0,41.0,2300.0,1115.0,0.0,2.0,0.40951967239379883,5.77162504196167,0.3366995410037959,0.0,0.0,0.0,0.0,0.0,0.0,0.0,0.0,0.0903244343347405,0.07279291691092633
3285.0,155.0,257.0,6823.0,4383.0,1.0,1.0,1.1045641899108887,5.741730690002441,0.6146073259273044,0.0,0.0,0.0,0.0,0.0,0.0,0.0,0.0,0.17596842828557904,0.1374046714658114
3683.0,53.0,65.0,803.0,890.0,1.0,1.0,6.760409235954285,7.226029396057129,0.9970363565569941,0.0,0.0,0.0,0.0,0.0,0.0,0.0,0.0,0.5087002048262248,0.37633236500774386
4564.0,222.0,265.0,1928.0,6504.0,0.0,28.0,0.445279598236084,5.781887054443359,0.5162832625624765,0.0,0.0,0.0,0.0,0.0,0.0,0.0,0.0,0.13321035517337956,0.10578564079973264
4564.0,127.0,70.0,150.0,4564.0,0.0,883.0,0.5644731521606445,6.858816623687744,0.5458889006899837,0.0,0.0,0.0,0.0,0.0,0.0,0.0,0.0,0.1343094652999369,0.10361379936244246
4564.0,115.0,243.0,3155.0,2713.0,0.0,492.0,3.6474127769470215,8.69023609161377,0.9267006972487889,0.0,0.0,0.0,0.0,0.0,0.0,0.0,0.0,0.3403897076801879,0.24254223700171193
4564.0,53.0,161.0,2671.0,2250.0,0.0,2.0,1.1405611038208008,9.290760040283203,0.7159182205503427,1.0,0.6931471805599453,0.12500000000000003,0.0,0.0,0.0,0.0,0.0,0.17481790353322638,0.12592507269795783
4564.0,160.0,89.0,5158.0,5441.0,0.0,2.0,1.26231050491333,9.054308891296387,0.764932909729146,0.0,0.0,0.0,0.0,0.0,0.0,0.0,0.0,0.19778826672753907,0.14229756036807434
4433.0,156.0,173.0,5532.0,3142.0,0.0,59.0,1.8103960752487183,2.882795572280884,0.562537853425152,0.0,0.0,0.0,0.0,0.0,0.0,0.0,0.0,0.20311095130305382,0.16718940200147295
1111.0,156.0,256.0,5336.0,5474.0,0.0,6866.0,0.3844798803329468,-1.4121171236038208,0.1375089157633163,0.0,0.0,0.0,0.0,0.0,0.0,0.0,0.0,0.0933880605227446,0.0901964415031006
2669.0,53.0,332.0,2460.0,6159.0,0.0,4157.0,2.855324685573578,-0.44483691453933716,0.72046029640582,0.0,0.0,0.0,0.0,0.0,0.0,0.0,0.0,0.3533716719374293,0.3064059101684847
4187.0,160.0,35.0,4569.0,5243.0,0.0,6.0,7.3093414306640625,16.397384643554688,0.9989284896064022,0.0,0.0,0.0,0.0,0.0,0.0,0.0,0.0,0.3657721968540294,0.21084397426171944
4187.0,160.0,297.0,711.0,4569.0,0.0,5.0,0.03121471405029297,10.550437927246094,0.5043325173777863,0.0,0.0,0.0,0.0,0.0,0.0,0.0,0.0,0.09088530905224483,0.06522243248635969
4187.0,160.0,305.0,3155.0,2460.0,1.0,1.0,0.4342622756958008,7.327334403991699,0.5948197008280983,25.0,3.258096538021482,0.9803906099397734,0.6800884969918252,0.9241147286051961,0.837723950901257,0.8021016127985106,1.0,0.14221639798764882,0.5032489388383727
6952.0,160.0,138.0,4564.0,4302.0,0.0,4294.0,0.4346539080142975,-0.4689668118953705,0.1623522607142798,0.0,0.0,0.0,0.0,0.0,0.0,0.0,0.0,0.09324967985302851,0.08787941227495873
893.0,160.0,259.0,6341.0,4292.0,0.0,4878.0,0.09904909133911133,-4.324366092681885,0.044803146615054905,0.0,0.0,0.0,0.0,0.0,0.0,0.0,0.0,0.08914773295263095,0.09335893451484312
5757.0,191.0,54.0,435.0,1135.0,0.0,2.0,1.5788331031799316,2.5092613697052,0.36886338169254745,0.0,0.0,0.0,0.0,0.0,0.0,0.0,0.0,0.13729961156222228,0.11569023200676593
3322.0,127.0,285.0,3262.0,3155.0,0.0,1750.0,2.7260961532592773,11.712329864501953,0.9131126758823591,0.0,0.0,0.0,0.0,0.0,0.0,0.0,0.0,0.2616032886911659,0.17397214532227268
3322.0,160.0,195.0,2281.0,929.0,0.0,2.0,0.15660667419433594,7.166498184204102,0.47304872376348245,0.0,0.0,0.0,0.0,0.0,0.0,0.0,0.0,0.10752125795844317,0.08347307487075276
3322.0,53.0,285.0,4302.0,930.0,0.0,2.0,1.6620783805847168,9.160767555236816,0.765672978499478,0.0,0.0,0.0,0.0,0.0,0.0,0.0,0.0,0.20553532085090567,0.14654567569230262
3322.0,155.0,246.0,3159.0,1077.0,0.0,5.0,3.5648460388183594,10.679662704467773,0.9542873187508658,2.0,1.0986122886681098,1.0,0.0,1.0,0.019801616452032194,0.5,1.0,0.3207609225312447,0.35639623416775457
1204.0,160.0,52.0,4346.0,2246.0,0.0,13.0,2.334484577178955,3.431713342666626,0.8440346785367214,1.0,0.6931471805599453,0.9803906099397734,0.0,1.0,0.99999999999898,0.5,1.0,0.34128866467100694,0.6361907681347351
4851.0,56.0,203.0,443.0,6310.0,0.0,6.0,1.5619926452636719,8.914109230041504,0.7327483289828658,0.0,0.0,0.0,0.0,0.0,0.0,0.0,0.0,0.1935572488821041,0.13898641622558552
4851.0,38.0,144.0,3080.0,4362.0,0.0,89.0,5.29804253578186,6.917970657348633,0.9774113185488141,2.0,1.0986122886681098,0.410167678003819,0.1464682250907572,0.8535317749092428,0.25188463306532644,0.5,1.0,0.45316416723454717,0.6263895683695294
4851.0,38.0,324.0,4484.0,146.0,0.0,51.0,4.143501460552216,4.9748334884643555,0.954636717048797,0.0,0.0,0.0,0.0,0.0,0.0,0.0,0.0,0.43580891943022704,0.33926280491854566
3531.0,155.0,303.0,3262.0,2278.0,1.0,1.0,10.506200313568115,8.169679641723633,0.9999055544715423,0.0,0.0,0.0,0.0,0.0,0.0,0.0,0.0,0.6177086475454704,0.4533733459283781
673.0,27.0,310.0,2442.0,2460.0,1.0,1.0,0.48112131655216217,0.14288903772830963,0.03846331437517984,0.0,0.0,0.0,0.0,0.0,0.0,0.0,0.0,0.06842612263790475,0.06450799542549675
6639.0,53.0,14.0,1830.0,1127.0,1.0,1.0,9.062102913856506,7.353557109832764,0.9992914293140741,0.0,0.0,0.0,0.0,0.0,0.0,0.0,0.0,0.5847238388728091,0.43406829767035854
5121.0,127.0,135.0,1185.0,258.0,0.0,6916.0,9.434004098176956,9.570626258850098,0.9996171663576859,1.0,0.6931471805599453,1.0,0.0,1.0,0.9999999999989999,0.5,1.0,0.5579270498598972,0.7462273379815998
791.0,160.0,288.0,2415.0,545.0,1.0,1.0,1.622448444366455,1.125363826751709,0.5432162850715305,1.0,0.6931471805599453,0.007361858390561565,0.0,0.0,0.0,0.0,0.0,0.21220283129686626,0.1895862774572189
461.0,229.0,183.0,2336.0,1620.0,0.0,75.0,1.8870422393083572,1.6607491970062256,0.41571694122505004,0.0,0.0,0.0,0.0,0.0,0.0,0.0,0.0,0.16494232643998036,0.14023146497928565
659.0,160.0,12.0,5252.0,5019.0,0.0,782.0,0.3003365993499756,-2.9898126125335693,0.03757997284335077,0.0,0.0,0.0,0.0,0.0,0.0,0.0,0.0,0.08234574830733868,0.08349206483178212
1813.0,0.0,287.0,4274.0,4503.0,0.0,7.0,1.3700814247131348,5.954987525939941,0.5671032143703462,0.0,0.0,0.0,0.0,0.0,0.0,0.0,0.0,0.1627496182712688,0.1260168247324714
1813.0,224.0,22.0,4304.0,1813.0,1.0,1.0,1.8724589347839355,8.91518497467041,0.8424971198308332,0.0,0.0,0.0,0.0,0.0,0.0,0.0,0.0,0.24587891705611026,0.1762898033748563
6344.0,127.0,169.0,3380.0,5036.0,0.0,5.0,0.3215293884277344,6.815386772155762,0.22222516571360496,0.0,0.0,0.0,0.0,0.0,0.0,0.0,0.0,0.06458690603124186,0.05149224602039595
6344.0,177.0,181.0,4723.0,733.0,0.0,1740.0,1.0958104133605957,5.3214030265808105,0.5524246452468328,0.0,0.0,0.0,0.0,0.0,0.0,0.0,0.0,0.1591599846225711,0.1257898493897894
6344.0,56.0,336.0,3155.0,6293.0,0.0,47.0,3.263564109802246,7.97952938079834,0.9209814567511814,1.0,0.6931471805599453,0.007659301640154481,0.0,0.0,0.0,0.0,0.0,0.3372032164655453,0.2542077951565417
6344.0,142.0,196.0,6823.0,2154.0,0.0,2.0,0.0324091911315918,4.832653522491455,0.4628433069108716,0.0,0.0,0.0,0.0,0.0,0.0,0.0,0.0,0.12039091500816372,0.09893318378832115
6344.0,160.0,175.0,4319.0,3341.0,0.0,35.0,0.17340946197509766,8.393697738647461,0.4838509421603472,0.0,0.0,0.0,0.0,0.0,0.0,0.0,0.0,0.10184789911193112,0.07675748722033388
2678.0,156.0,361.0,5305.0,2906.0,0.0,368.0,0.2658628225326538,1.400360107421875,0.26423580022236204,0.0,0.0,0.0,0.0,0.0,0.0,0.0,0.0,0.10090184819986703,0.09063969253580326
2678.0,135.0,355.0,2300.0,382.0,0.0,744.0,0.5693609118461609,1.1694680452346802,0.13903355601277398,0.0,0.0,0.0,0.0,0.0,0.0,0.0,0.0,0.0808257725377495,0.07343686605210178
2678.0,18.0,352.0,278.0,4500.0,0.0,25.0,1.622257947921753,5.0616374015808105,0.4727142042154986,1.0,0.6931471805599453,1.0,0.0,1.0,0.9999999999989999,0.5,1.0,0.14596840845072973,0.37223394390960646
2643.0,56.0,191.0,1148.0,6795.0,1.0,1.0,2.2604165077209473,7.275126934051514,0.8879605684214725,0.0,0.0,0.0,0.0,0.0,0.0,0.0,0.0,0.30153924591863135,0.22443692222596262
2643.0,160.0,47.0,5455.0,1975.0,0.0,15.0,1.3926877975463867,7.363983154296875,0.7811048923339221,0.0,0.0,0.0,0.0,0.0,0.0,0.0,0.0,0.2277242016165647,0.17024651488559236
1759.0,160.0,77.0,2290.0,6552.0,0.0,3136.0,4.387851715087891,8.951555252075195,0.9780040243627713,1.0,0.6931471805599453,1.0,0.0,1.0,0.9999999999989999,0.5,1.0,0.38775723023151876,0.6335328245594356
1759.0,160.0,230.0,2248.0,733.0,0.0,7114.0,5.059381484985352,9.14417839050293,0.9856778954277241,0.0,0.0,0.0,0.0,0.0,0.0,0.0,0.0,0.4106176353068549,0.28966283072508925
1759.0,53.0,233.0,1759.0,2460.0,0.0,6545.0,0.9407858848571777,4.9952616691589355,0.5888756807214002,0.0,0.0,0.0,0.0,0.0,0.0,0.0,0.0,0.1716458202008923,0.136876648569959
1759.0,127.0,129.0,2798.0,2290.0,0.0,3587.0,0.5966026782989502,2.800771474838257,0.3242881781478169,0.0,0.0,0.0,0.0,0.0,0.0,0.0,0.0,0.10917342834018154,0.09378664058264974
4030.0,53.0,238.0,6313.0,4080.0,1.0,1.0,1.4542913436889648,7.701286315917969,0.7590953335048576,0.0,0.0,0.0,0.0,0.0,0.0,0.0,0.0,0.21579677098691008,0.159834392904654
4030.0,53.0,362.0,3074.0,2974.0,1.0,1.0,3.44303035736084,7.244277477264404,0.9586937044150871,0.0,0.0,0.0,0.0,0.0,0.0,0.0,0.0,0.375798969367351,0.278930052664948
6599.0,169.0,115.0,2624.0,1426.0,0.0,13.0,0.39811456203460693,-1.9301944971084595,0.06226708524442331,0.0,0.0,0.0,0.0,0.0,0.0,0.0,0.0,0.08204340747242794,0.08085534216465741
1906.0,160.0,69.0,882.0,1880.0,0.0,43.0,1.6943039298057556,2.094304323196411,0.6125232327641074,0.0,0.0,0.0,0.0,0.0,0.0,0.0,0.0,0.23056373992852072,0.19320345423227006
5943.0,142.0,336.0,6890.0,6699.0,0.0,2.0,4.189773082733154,9.607956886291504,0.9790840024744077,1.0,0.6931471805599453,0.6216979445974911,0.0,1.0,0.9999999999983915,0.5,1.0,0.3708787315035037,0.646613496940672
5943.0,155.0,300.0,6407.0,3262.0,0.0,4.0,0.17738056182861328,6.268932342529297,0.3231284631990465,0.0,0.0,0.0,0.0,0.0,0.0,0.0,0.0,0.08243075654934834,0.0661223280280679
1504.0,224.0,313.0,2454.0,6795.0,0.0,26.0,0.547932505607605,-1.3220237493515015,0.11647543746609788,0.0,0.0,0.0,0.0,0.0,0.0,0.0,0.0,0.09045792526187396,0.08706466727112211
5767.0,56.0,271.0,328.0,6321.0,0.0,14.0,0.6120198965072632,1.6234896183013916,0.26763544578007564,0.0,0.0,0.0,0.0,0.0,0.0,0.0,0.0,0.10448032059132305,0.09259470522482037
4078.0,160.0,196.0,4950.0,889.0,0.0,6.0,8.121632814407349,7.258742332458496,0.9986175833540829,2.0,1.0986122886681098,1.0,0.31596794733337696,1.0,0.9648561352931079,0.6579839736666885,1.0,0.5548494761469402,0.8050900663516959
3824.0,53.0,139.0,3290.0,359.0,0.0,161.0,0.5041370391845703,1.9027655124664307,0.533330536094189,0.0,0.0,0.0,0.0,0.0,0.0,0.0,0.0,0.1761001083689546,0.1520965889955817
3537.0,156.0,254.0,3706.0,867.0,0.0,10.0,0.1025080680847168,-1.2221615314483643,0.11804505298162439,0.0,0.0,0.0,0.0,0.0,0.0,0.0,0.0,0.0853543207142819,0.08288283800855678
2733.0,160.0,247.0,4114.0,2442.0,0.0,1.0,1.715015172958374,5.295426845550537,0.8272608757971598,1.0,0.6931471805599453,1.0,0.0,1.0,0.03958771040389503,0.5,1.0,0.2856401198697615,0.3601186957285356
2733.0,6.0,229.0,263.0,6047.0,0.0,41.0,0.2375887632369995,1.8487287759780884,0.31258808163111135,0.0,0.0,0.0,0.0,0.0,0.0,0.0,0.0,0.10841653792243451,0.09602689350509917
4082.0,160.0,181.0,5036.0,4036.0,0.0,11.0,1.4836397171020508,3.498134136199951,0.6062056997530156,0.0,0.0,0.0,0.0,0.0,0.0,0.0,0.0,0.2057938501331227,0.16789340422929738
4082.0,160.0,27.0,62.0,4036.0,0.0,2.0,0.010874748229980469,4.940194606781006,0.43860292653168137,0.0,0.0,0.0,0.0,0.0,0.0,0.0,0.0,0.113262611501529,0.0930711444946864
954.0,141.0,288.0,6476.0,5665.0,1.0,1.0,0.7184186577796936,1.0852460861206055,0.03491083593769518,0.0,0.0,0.0,0.0,0.0,0.0,0.0,0.0,0.06563109566599563,0.06025179012074343
4339.0,224.0,54.0,1161.0,927.0,1.0,1.0,4.148280620574951,9.893573760986328,0.9727037559569107,5.0,1.791759469228055,0.836743383392903,0.6876134792702316,1.0,0.9999999999996266,0.8438067396351159,1.0,0.3612114039452853,0.7561689970714185
4339.0,224.0,323.0,1161.0,4339.0,1.0,1.0,11.823807954788208,14.233078956604004,0.9999825230893303,24.0,3.2188758248682006,0.8705505632961241,0.7944222487505028,0.8790838885274969,0.7494603525575666,0.8367530686389999,1.0,0.5545791166113538,0.8231072547938533
4339.0,224.0,156.0,1161.0,3162.0,1.0,1.0,0.7501626014709473,6.779510021209717,0.676739819561436,12.0,2.5649493574615367,0.9803906099397734,0.594504557388228,0.9257923701165102,0.8004756917415786,0.7601484637523691,1.0,0.1798685567041019,0.5325083104291756
4339.0,224.0,131.0,1161.0,4506.0,0.0,23.0,4.312495231628418,9.594564437866211,0.962657768964718,7.0,2.0794415416798357,0.2550004023552998,0.5382509789120803,0.4617490210879197,0.10877399477376816,0.5,1.0,0.3657559437122744,0.590242745762696
4339.0,0.0,210.0,1161.0,776.0,0.0,45.0,6.936221122741699,10.093180656433105,0.9976701003750323,6.0,1.9459101490553132,0.4439814878222891,0.7188645660584367,1.0,0.999999999999373,0.8594322830292184,1.0,0.46319882350893116,0.8388275350417865
1377.0,6.0,335.0,6296.0,1377.0,0.0,3.0,2.446723461151123,7.172553062438965,0.8353899350176995,0.0,0.0,0.0,0.0,0.0,0.0,0.0,0.0,0.2821063878390119,0.20926194725056563
1377.0,160.0,98.0,2404.0,1523.0,1.0,1.0,0.6989955902099609,3.016193151473999,0.5548579581267129,1.0,0.6931471805599453,0.5202016416109183,0.0,0.0,0.0,0.0,0.0,0.17575338459892334,0.13078580867293144
1377.0,53.0,267.0,1553.0,5527.0,1.0,1.0,2.349301815032959,8.498652458190918,0.907917045767929,1.0,0.6931471805599453,0.36421371187349827,0.0,0.0,0.0,0.0,0.0,0.2955760727048304,0.20034043847602248
7060.0,156.0,261.0,1626.0,4284.0,0.0,2128.0,1.9611873030662537,1.0294283628463745,0.35599537694247757,0.0,0.0,0.0,0.0,0.0,0.0,0.0,0.0,0.15315350566205155,0.13234405982596867
6763.0,142.0,56.0,7038.0,2336.0,1.0,1.0,16.641804456710815,14.677142143249512,0.9999995151306416,0.0,0.0,0.0,0.0,0.0,0.0,0.0,0.0,0.698144594366127,0.4622226004035397
3981.0,160.0,303.0,1181.0,4723.0,0.0,1867.0,1.7703971862792969,3.201836585998535,0.7364150764099489,0.0,0.0,0.0,0.0,0.0,0.0,0.0,0.0,0.27358732465136076,0.2233455863431918
611.0,224.0,7.0,1185.0,1222.0,1.0,1.0,1.139337956905365,-0.6432350277900696,0.22434938946549335,1.0,0.6931471805599453,0.9803906099397734,0.0,1.0,0.99999999999898,0.5,1.0,0.11739750403648279,0.3579363500566179
611.0,229.0,131.0,4296.0,2385.0,0.0,104.0,6.766879711300135,6.801145553588867,0.9928783704483319,1.0,0.6931471805599453,1.0,0.0,1.0,0.9999999999989999,0.5,1.0,0.514101356142713,0.7392804639439429
6537.0,155.0,63.0,6635.0,6890.0,1.0,1.0,1.6872661113739014,5.41213321685791,0.8118633743588104,0.0,0.0,0.0,0.0,0.0,0.0,0.0,0.0,0.2756871815640544,0.21488933646342573
1521.0,168.0,29.0,1189.0,5267.0,1.0,1.0,3.3202348947525024,2.599459409713745,0.5225467796482487,0.0,0.0,0.0,0.0,0.0,0.0,0.0,0.0,0.22466566365228327,0.1813500877078301
1136.0,127.0,248.0,806.0,3651.0,0.0,7070.0,0.5705835372209549,0.43574661016464233,0.15447724802000282,0.0,0.0,0.0,0.0,0.0,0.0,0.0,0.0,0.08780922476263148,0.08093750944097342
1136.0,156.0,14.0,2695.0,917.0,0.0,6035.0,0.12121319770812988,-1.3399028778076172,0.2615202366881734,0.0,0.0,0.0,0.0,0.0,0.0,0.0,0.0,0.11764138261370465,0.11252285144860756
5091.0,54.0,322.0,4004.0,4740.0,0.0,2193.0,0.686408281326294,2.8282670974731445,0.2435530692862195,0.0,0.0,0.0,0.0,0.0,0.0,0.0,0.0,0.09249045884840715,0.07985636470762876
5091.0,191.0,49.0,3600.0,558.0,0.0,15.0,1.0391716957092285,7.631917953491211,0.5283694795244122,0.0,0.0,0.0,0.0,0.0,0.0,0.0,0.0,0.1304046240862807,0.09792546335511038
3700.0,56.0,121.0,359.0,5736.0,0.0,5.0,2.476334571838379,4.829887390136719,0.8331651019665285,0.0,0.0,0.0,0.0,0.0,0.0,0.0,0.0,0.31738985932992647,0.24842965202829506
580.0,191.0,236.0,2671.0,1500.0,0.0,2515.0,0.12991470098495483,0.5002217888832092,0.13663035814251484,0.0,0.0,0.0,0.0,0.0,0.0,0.0,0.0,0.0795898658230097,0.07422048965948888
580.0,18.0,315.0,6354.0,566.0,0.0,3295.0,1.1547041535377502,0.48856574296951294,0.06504109944481039,0.0,0.0,0.0,0.0,0.0,0.0,0.0,0.0,0.0771983225396027,0.07077549820334253
6808.0,160.0,162.0,2694.0,1954.0,0.0,9.0,3.1653988361358643,5.496099472045898,0.8947777685410496,0.0,0.0,0.0,0.0,0.0,0.0,0.0,0.0,0.3606827354401544,0.27745020423451233
4398.0,6.0,194.0,5758.0,6496.0,0.0,809.0,0.3585885763168335,2.0332815647125244,0.2961812956486377,0.0,0.0,0.0,0.0,0.0,0.0,0.0,0.0,0.10493514731909302,0.09245231025357488
4348.0,0.0,184.0,1179.0,3450.0,0.0,5935.0,0.16657447814941406,2.5737926959991455,0.46044687962483477,5.0,1.791759469228055,0.8042490800314893,0.3756526672626592,1.0,0.9999999999997343,0.6878263336313296,1.0,0.14029592257469525,0.4991460473082491
4348.0,0.0,243.0,1077.0,3450.0,0.0,5.0,0.08901110291481018,-0.2612173557281494,0.17297656210710402,0.0,0.0,0.0,0.0,0.0,0.0,0.0,0.0,0.09023590480426909,0.08527900490655348
2314.0,229.0,176.0,1161.0,2314.0,1.0,1.0,4.178677558898926,5.383971691131592,0.9534093054600035,0.0,0.0,0.0,0.0,0.0,0.0,0.0,0.0,0.42898068907641185,0.3307593145237983
4283.0,50.0,124.0,5395.0,4407.0,1.0,1.0,0.4535478353500366,1.586215853691101,0.2995187652707809,0.0,0.0,0.0,0.0,0.0,0.0,0.0,0.0,0.11004249822509639,0.0976596241521053
4283.0,229.0,110.0,5474.0,1503.0,0.0,7.0,5.3029093742370605,10.688586235046387,0.9945697881159438,1.0,0.6931471805599453,0.18946457081379975,0.0,0.0,0.0,0.0,0.0,0.396786684026754,0.26571665418472673
466.0,50.0,40.0,6568.0,1050.0,0.0,12.0,0.3575172424316406,1.9266788959503174,0.16157877846124685,0.0,0.0,0.0,0.0,0.0,0.0,0.0,0.0,0.07868740027895654,0.07049238431147156
1904.0,53.0,356.0,5903.0,5905.0,1.0,1.0,9.375900387763977,7.97121524810791,0.9993851213587351,0.0,0.0,0.0,0.0,0.0,0.0,0.0,0.0,0.5842222953277747,0.4278785308273182
3641.0,160.0,179.0,2404.0,3685.0,0.0,44.0,0.5346944332122803,3.3578691482543945,0.5520334418493436,2.0,1.0986122886681098,0.3298769776932236,0.0,1.0,0.43479219688900506,0.5,1.0,0.16810132003759226,0.37340786173189094
1515.0,156.0,26.0,5492.0,1175.0,0.0,2.0,0.2737857699394226,0.8197959661483765,0.29952279783183217,0.0,0.0,0.0,0.0,0.0,0.0,0.0,0.0,0.11313460338306289,0.10253037307257692
5988.0,170.0,148.0,3402.0,4135.0,0.0,7113.0,0.025537967681884766,-4.878607273101807,0.0024500551606867096,0.0,0.0,0.0,0.0,0.0,0.0,0.0,0.0,0.0834818664270709,0.08914187011917128
3661.0,127.0,222.0,4019.0,3432.0,0.0,7090.0,1.5992849729955196,1.5670713186264038,0.09811141210216191,0.0,0.0,0.0,0.0,0.0,0.0,0.0,0.0,0.08171097691043873,0.07206524785588234
5458.0,222.0,263.0,5458.0,4004.0,0.0,20.0,6.310857057571411,9.412800788879395,0.9954142009568272,0.0,0.0,0.0,0.0,0.0,0.0,0.0,0.0,0.4530885251151883,0.31726300029256127
905.0,196.0,211.0,3341.0,920.0,1.0,1.0,2.9722069203853607,3.354891538619995,0.5757282661599934,1.0,0.6931471805599453,0.8879629756445782,0.0,1.0,0.9999999999988739,0.5,1.0,0.22929780560078225,0.5150286166329506
5480.0,38.0,160.0,1167.0,146.0,0.0,121.0,5.080364942550659,8.25694751739502,0.9918170430034163,3.0,1.3862943611198906,0.5,0.4727587489049129,0.9112982373234247,0.7414909484861005,0.6920284931141688,1.0,0.43056404146898725,0.7502681304568647
5480.0,38.0,308.0,1145.0,1167.0,0.0,2.0,0.7277827262878418,6.7950873374938965,0.6202281230704112,1.0,0.6931471805599453,0.08085207284143715,0.0,0.0,0.0,0.0,0.0,0.16008964096463432,0.12524331848536005
5480.0,222.0,286.0,2454.0,1167.0,0.0,7.0,0.7983560562133789,10.227473258972168,0.6489886249311851,0.0,0.0,0.0,0.0,0.0,0.0,0.0,0.0,0.1385706405532366,0.0978542584900144
5480.0,56.0,74.0,1167.0,3211.0,1.0,1.0,3.213252067565918,7.293546676635742,0.9274119698027108,0.0,0.0,0.0,0.0,0.0,0.0,0.0,0.0,0.3503668478919448,0.2592113660838456
5258.0,156.0,301.0,2317.0,4748.0,0.0,3280.0,1.28159698843956,0.32736703753471375,0.23232753124723163,0.0,0.0,0.0,0.0,0.0,0.0,0.0,0.0,0.11414129941751526,0.10279930179983011
4090.0,53.0,52.0,532.0,5965.0,1.0,1.0,10.557058095932007,7.240420818328857,0.9997521287227481,0.0,0.0,0.0,0.0,0.0,0.0,0.0,0.0,0.6349740266902633,0.47676885626326176
6326.0,160.0,180.0,1217.0,3815.0,0.0,32.0,0.7043595314025879,-3.5048036575317383,0.04178029382779378,0.0,0.0,0.0,0.0,0.0,0.0,0.0,0.0,0.09039142326947834,0.09165028518757463
596.0,224.0,292.0,6332.0,1167.0,0.0,6003.0,0.004977226257324219,-1.7478783130645752,0.10143137987477002,0.0,0.0,0.0,0.0,0.0,0.0,0.0,0.0,0.0841783667615336,0.08304936528285568
6163.0,224.0,263.0,6381.0,6105.0,0.0,4712.0,0.6871933937072754,-2.2719130516052246,0.1564927461156732,0.0,0.0,0.0,0.0,0.0,0.0,0.0,0.0,0.10678265875576094,0.10401249966103687
3245.0,156.0,2.0,6332.0,3581.0,0.0,6.0,1.447721667587757,1.5558826923370361,0.5097956411185438,0.0,0.0,0.0,0.0,0.0,0.0,0.0,0.0,0.19046074227605386,0.16285144210514757
3245.0,156.0,159.0,1436.0,883.0,0.0,2163.0,0.4188649654388428,0.17455190420150757,0.21667851364984825,0.0,0.0,0.0,0.0,0.0,0.0,0.0,0.0,0.10043446877609194,0.09279933233434208
3853.0,115.0,231.0,5216.0,5508.0,1.0,1.0,7.545425295829773,6.174168109893799,0.984380943267209,0.0,0.0,0.0,0.0,0.0,0.0,0.0,0.0,0.5465141615190906,0.4136436562709146
1418.0,155.0,9.0,6504.0,2695.0,1.0,1.0,9.921730399131775,8.562116622924805,0.9996435473109554,0.0,0.0,0.0,0.0,0.0,0.0,0.0,0.0,0.5918867647973161,0.42851289317115593
4297.0,168.0,308.0,3155.0,711.0,0.0,6917.0,5.525560617446899,8.93348503112793,0.9842379609394927,0.0,0.0,0.0,0.0,0.0,0.0,0.0,0.0,0.42883617823217707,0.3036241332371897
4297.0,229.0,250.0,4482.0,5498.0,0.0,21.0,0.3772876262664795,0.9442624449729919,0.2985846888688293,0.0,0.0,0.0,0.0,0.0,0.0,0.0,0.0,0.11340801230456132,0.10226057210712305
4297.0,224.0,183.0,1694.0,4482.0,0.0,9.0,1.0585821866989136,0.9342547655105591,0.42224687656398613,0.0,0.0,0.0,0.0,0.0,0.0,0.0,0.0,0.15901397724842276,0.1396842502682448
828.0,160.0,42.0,1146.0,4408.0,0.0,6777.0,5.209240555763245,3.2105884552001953,0.9821904689385949,0.0,0.0,0.0,0.0,0.0,0.0,0.0,0.0,0.5199938824428391,0.4204610158545874
2097.0,103.0,54.0,2504.0,2460.0,0.0,2.0,1.6737556457519531,7.938136577606201,0.8105381724230583,1.0,0.6931471805599453,1.0,0.0,1.0,0.9999999999989999,0.5,1.0,0.23978638909484265,0.49337360399046615
855.0,103.0,243.0,711.0,3678.0,1.0,1.0,10.108323335647583,7.6536078453063965,0.9990137416736689,0.0,0.0,0.0,0.0,0.0,0.0,0.0,0.0,0.6133115546376929,0.4545347522425155
4640.0,53.0,154.0,5912.0,3716.0,1.0,1.0,6.942600801587105,7.1913228034973145,0.9975121906213036,0.0,0.0,0.0,0.0,0.0,0.0,0.0,0.0,0.5157687569488522,0.381969969422973
395.0,160.0,175.0,3686.0,5612.0,0.0,6037.0,3.590726137161255,5.513427257537842,0.9601316051194579,0.0,0.0,0.0,0.0,0.0,0.0,0.0,0.0,0.4112799193662241,0.31756409642764194
46.0,169.0,48.0,920.0,3873.0,0.0,1286.0,0.006815433502197266,4.8541412353515625,0.32876819940269925,0.0,0.0,0.0,0.0,0.0,0.0,0.0,0.0,0.08973996117218332,0.07461086573382786
46.0,155.0,94.0,6284.0,3566.0,0.0,2.0,1.539083480834961,7.976841926574707,0.814470814438239,0.0,0.0,0.0,0.0,0.0,0.0,0.0,0.0,0.23769020391020335,0.1749151082779246
46.0,127.0,43.0,6504.0,711.0,0.0,5943.0,0.7471427917480469,10.795671463012695,0.6744180318743136,0.0,0.0,0.0,0.0,0.0,0.0,0.0,0.0,0.1401555719478535,0.09765783332501317
5773.0,98.0,143.0,1434.0,1971.0,0.0,3.0,0.5436305999755859,4.136440277099609,0.48725912206155203,0.0,0.0,0.0,0.0,0.0,0.0,0.0,0.0,0.14059213639590884,0.11585505825622702
5773.0,156.0,60.0,2926.0,3770.0,0.0,5169.0,0.24399924278259277,0.5082793235778809,0.19513824726354737,0.0,0.0,0.0,0.0,0.0,0.0,0.0,0.0,0.091778335752816,0.08475164916984296
811.0,160.0,157.0,5458.0,6895.0,0.0,3019.0,0.10483115911483765,0.773597240447998,0.31222353542425335,0.0,0.0,0.0,0.0,0.0,0.0,0.0,0.0,0.11425365340234833,0.10392729710695711
4400.0,222.0,117.0,460.0,3988.0,1.0,1.0,10.708856225013733,11.25546646118164,0.9998959531238523,1.0,0.6931471805599453,0.22199074391114454,0.0,1.0,0.9999999999954953,0.5,1.0,0.5704797473558544,0.7923928803865352
3669.0,56.0,285.0,1171.0,2570.0,0.0,11.0,3.0376205444335938,10.226175308227539,0.9138880397505683,0.0,0.0,0.0,0.0,0.0,0.0,0.0,0.0,0.2919209752366569,0.2009619019673878
3669.0,160.0,133.0,3341.0,2798.0,0.0,214.0,0.6893384456634521,4.067625522613525,0.2751579046133106,0.0,0.0,0.0,0.0,0.0,0.0,0.0,0.0,0.09139051726069848,0.07649434047186873
1339.0,177.0,78.0,2545.0,3592.0,0.0,12.0,2.760591685771942,3.7512259483337402,0.7128471762032003,0.0,0.0,0.0,0.0,0.0,0.0,0.0,0.0,0.28106493769808927,0.2233841237049215
1339.0,156.0,333.0,3592.0,1971.0,0.0,5.0,0.4961893558502197,2.0934503078460693,0.2219454613099866,0.0,0.0,0.0,0.0,0.0,0.0,0.0,0.0,0.09044749900709696,0.07992516258526057
1128.0,56.0,240.0,1161.0,2460.0,0.0,13.0,4.257792949676514,9.919534683227539,0.9745390655148886,0.0,0.0,0.0,0.0,0.0,0.0,0.0,0.0,0.36522402727408537,0.2530324231703843
999.0,208.0,228.0,6556.0,2695.0,0.0,37.0,3.4315757751464844,4.04454231262207,0.8342851522551659,0.0,0.0,0.0,0.0,0.0,0.0,0.0,0.0,0.3596028070692735,0.28357517804162863
999.0,160.0,62.0,5219.0,2445.0,0.0,2.0,0.6690833568572998,3.039710521697998,0.6197523479815327,0.0,0.0,0.0,0.0,0.0,0.0,0.0,0.0,0.19864790279482525,0.16611205644667626
6430.0,98.0,190.0,3155.0,6785.0,0.0,9.0,6.831657409667969,15.515936851501465,0.9981509084309651,0.0,0.0,0.0,0.0,0.0,0.0,0.0,0.0,0.3651593312754996,0.2161084488899387
6430.0,53.0,345.0,3155.0,4807.0,0.0,1694.0,0.15545940399169922,6.3538103103637695,0.5132835418273465,2.0,1.0986122886681098,0.35707170313208786,0.0,0.0,0.0,0.0,0.0,0.12339302130428106,0.09310309107268921
5909.0,6.0,125.0,3859.0,4224.0,0.0,141.0,0.5426803231239319,-0.33189934492111206,0.20791071520630974,0.0,0.0,0.0,0.0,0.0,0.0,0.0,0.0,0.10338860609824421,0.09638607414738393
6168.0,61.0,194.0,558.0,2694.0,0.0,49.0,0.2085285186767578,3.529540777206421,0.2141720373505735,0.0,0.0,0.0,0.0,0.0,0.0,0.0,0.0,0.07800447559422065,0.06727520729207073
1379.0,59.0,271.0,2242.0,3168.0,0.0,2352.0,0.8975314497947693,1.6277220249176025,0.033504108646715956,0.0,0.0,0.0,0.0,0.0,0.0,0.0,0.0,0.06450888218244344,0.05825102919412767
6309.0,127.0,62.0,6411.0,6644.0,0.0,4632.0,0.08634456992149353,0.3515550196170807,0.31660712731484514,0.0,0.0,0.0,0.0,0.0,0.0,0.0,0.0,0.11822035639511784,0.10851731186819245
1807.0,98.0,316.0,1181.0,6245.0,0.0,5787.0,0.675062507390976,0.408402681350708,0.015848518074004544,0.0,0.0,0.0,0.0,0.0,0.0,0.0,0.0,0.0654600481724804,0.061216739590055504
3635.0,142.0,213.0,2486.0,5037.0,0.0,1.0,2.4822335243225098,9.640501022338867,0.9126321052644073,1.0,0.6931471805599453,1.0,0.0,0.0,0.0,0.0,1.0,0.28459401138272483,0.2752619009785332
3635.0,123.0,243.0,6890.0,925.0,0.0,5.0,2.330293655395508,13.90455436706543,0.9108661996898939,1.0,0.6931471805599453,0.5,0.0,1.0,0.902459096247557,0.5,1.0,0.22178611271430126,0.44956441125803653
3635.0,123.0,320.0,925.0,1077.0,0.0,2.0,2.5116829872131348,7.791357040405273,0.8745941848807157,1.0,0.6931471805599453,1.0,0.0,1.0,0.37124375464726117,0.5,1.0,0.2940928408103827,0.41833132148484387
3635.0,98.0,160.0,925.0,1077.0,0.0,2.0,0.44777488708496094,7.943639755249023,0.5985013422570434,0.0,0.0,0.0,0.0,0.0,0.0,0.0,0.0,0.1381284188793763,0.10388599097121219
6099.0,98.0,155.0,7076.0,4241.0,1.0,1.0,4.435290813446045,3.125927209854126,0.4936996624266087,0.0,0.0,0.0,0.0,0.0,0.0,0.0,0.0,0.23226801260219956,0.1819214721449753
7055.0,53.0,239.0,7038.0,1077.0,1.0,1.0,2.4154577255249023,11.85066032409668,0.9179667001200451,3.0,1.3862943611198906,0.6216979445974911,0.0,1.0,0.29003539832154374,0.5,1.0,0.25389054316539006,0.3748032986624036
7055.0,155.0,284.0,1077.0,711.0,1.0,1.0,5.5136205069720745,5.453856468200684,0.9912370223643824,3.0,1.3862943611198906,0.410167678003819,0.4629230437979781,1.0,0.9999999999988715,0.731461521898989,1.0,0.49514101864921845,0.8435240687726702
2504.0,155.0,328.0,2278.0,2460.0,0.0,5191.0,1.1434045732021332,1.579540729522705,0.3618780982363729,0.0,0.0,0.0,0.0,0.0,0.0,0.0,0.0,0.13630849903140166,0.11842230513388542
2504.0,103.0,54.0,2097.0,3149.0,0.0,1.0,1.9872627258300781,9.360764503479004,0.8777912940367062,1.0,0.6931471805599453,1.0,0.0,1.0,0.9999999999989999,0.5,1.0,0.25876323564530934,0.5058598317554666
4051.0,160.0,36.0,1463.0,3685.0,1.0,1.0,2.2505137026309967,1.8319981098175049,0.7513442130415062,2.0,1.0986122886681098,0.7284274237469965,0.4262755948188447,1.0,0.9999999999992123,0.7131377974094224,1.0,0.31508755486165063,0.7249417160360996
4051.0,160.0,314.0,1463.0,711.0,0.0,133.0,1.9615623578429222,1.8844528198242188,0.7165426164649575,14.0,2.70805020110221,0.7730166686334901,0.6430317938514595,0.8641513188587446,0.6768270454886157,0.7535915563551021,1.0,0.28840121142379516,0.6950247238622788
4377.0,163.0,216.0,929.0,7038.0,0.0,26.0,1.0807909965515137,5.651557445526123,0.6237251315436113,0.0,0.0,0.0,0.0,0.0,0.0,0.0,0.0,0.17966481224396685,0.14060649865068792
4377.0,162.0,176.0,3262.0,2290.0,0.0,61.0,0.6228828430175781,2.592498302459717,0.33235118924375845,0.0,0.0,0.0,0.0,0.0,0.0,0.0,0.0,0.11293035669181388,0.09733304953443923
978.0,129.0,262.0,2430.0,1971.0,0.0,125.0,0.3954008221626282,1.3374918699264526,0.0450828789446916,0.0,0.0,0.0,0.0,0.0,0.0,0.0,0.0,0.06337310902247403,0.05825959406184939
5520.0,169.0,360.0,6795.0,4299.0,0.0,36.0,2.01089771091938,1.8294570446014404,0.6284168604149704,0.0,0.0,0.0,0.0,0.0,0.0,0.0,0.0,0.24883112902158044,0.2085033529522174
5520.0,191.0,87.0,6585.0,5762.0,0.0,12.0,0.7823159098625183,-0.051908016204833984,0.15795234606180528,0.0,0.0,0.0,0.0,0.0,0.0,0.0,0.0,0.09377595649456164,0.08687516618935706
1146.0,115.0,8.0,1971.0,1389.0,0.0,11.0,3.8495025634765625,6.687204837799072,0.968508649072259,0.0,0.0,0.0,0.0,0.0,0.0,0.0,0.0,0.40408262359806424,0.30352153074371363
1146.0,224.0,126.0,1146.0,6293.0,0.0,6.0,3.8558754920959473,10.564767837524414,0.9764890363658036,0.0,0.0,0.0,0.0,0.0,0.0,0.0,0.0,0.3431890178764927,0.2345185604132571
1146.0,61.0,154.0,5450.0,1203.0,1.0,1.0,11.106345176696777,15.694289207458496,0.9999765202975229,1.0,0.6931471805599453,0.0824692444233059,0.0,0.0,0.0,0.0,0.0,0.5040966519953045,0.3054434840122306
2996.0,0.0,77.0,5046.0,3758.0,0.0,7040.0,0.030283719301223755,0.47857752442359924,0.14698719150263823,0.0,0.0,0.0,0.0,0.0,0.0,0.0,0.0,0.08055128736556312,0.07524829336597542
5457.0,150.0,273.0,1050.0,5451.0,0.0,8.0,0.2149362564086914,1.5539408922195435,0.29722170411076215,0.0,0.0,0.0,0.0,0.0,0.0,0.0,0.0,0.10661762422685488,0.09524385555164173
6828.0,160.0,311.0,935.0,2403.0,0.0,3853.0,0.35423994064331055,-0.6964120864868164,0.154248422012098,0.0,0.0,0.0,0.0,0.0,0.0,0.0,0.0,0.0920782819284575,0.08746101895269044
3544.0,160.0,37.0,6017.0,3544.0,0.0,30.0,0.8686275482177734,6.615403175354004,0.6383177417030276,0.0,0.0,0.0,0.0,0.0,0.0,0.0,0.0,0.17052345182264506,0.13099376441740823
3544.0,169.0,351.0,4302.0,3544.0,0.0,6491.0,2.682020664215088,6.874711513519287,0.857382421091526,0.0,0.0,0.0,0.0,0.0,0.0,0.0,0.0,0.3041380975151185,0.22692448361064993
3544.0,18.0,167.0,6017.0,6888.0,0.0,2.0,3.269289255142212,6.284151554107666,0.9207708887949823,0.0,0.0,0.0,0.0,0.0,0.0,0.0,0.0,0.3652205892472245,0.2763787189245078
6542.0,160.0,225.0,5196.0,2906.0,0.0,74.0,1.219789743423462,2.723658323287964,0.5588991829030301,1.0,0.6931471805599453,0.02276335699209365,0.0,0.0,0.0,0.0,0.0,0.1909174142207441,0.1653466003927282
294.0,127.0,293.0,4294.0,3572.0,0.0,2484.0,1.7743026614189148,1.0910757780075073,0.3683168679716073,0.0,0.0,0.0,0.0,0.0,0.0,0.0,0.0,0.15314826881942037,0.13257197560531792
5010.0,156.0,19.0,558.0,2694.0,0.0,3965.0,4.498235821723938,6.319002151489258,0.9841374414558507,1.0,0.6931471805599453,1.0,0.0,1.0,0.9999999999989999,0.5,1.0,0.4411594080998243,0.6953270846855545
5088.0,156.0,146.0,1468.0,3484.0,0.0,1377.0,0.04076647758483887,-3.0649802684783936,0.07952436743701251,0.0,0.0,0.0,0.0,0.0,0.0,0.0,0.0,0.08790578874372769,0.0893681571633379
5088.0,156.0,35.0,4463.0,2300.0,0.0,2420.0,0.26246213912963867,-1.4613094329833984,0.21279789569970187,0.0,0.0,0.0,0.0,0.0,0.0,0.0,0.0,0.10866295592045014,0.10443233338029281
5023.0,160.0,167.0,6512.0,3045.0,0.0,3229.0,0.5006937980651855,-4.9636688232421875,0.05365949169944842,0.0,0.0,0.0,0.0,0.0,0.0,0.0,0.0,0.09955672125374536,0.1044317601096432
1167.0,227.0,32.0,3933.0,3155.0,0.0,36.0,0.6463990211486816,4.656732559204102,0.4148036128673891,0.0,0.0,0.0,0.0,0.0,0.0,0.0,0.0,0.11828821560036479,0.09662183221011447
4318.0,160.0,237.0,5451.0,3211.0,1.0,1.0,4.771046161651611,11.45235824584961,0.9915946816981529,13.0,2.6390573296152584,0.9611657480580811,0.7047092106385265,0.9320529252260819,0.8256512384599152,0.8183810679323043,1.0,0.36511216480891784,0.7222745423468946
4318.0,160.0,53.0,5451.0,2454.0,0.0,19.0,3.7667479813098907,3.454702377319336,0.9659602364517879,1.0,0.6931471805599453,0.7730166686334901,0.0,1.0,0.9999999999987064,0.5,1.0,0.45715810659524425,0.7432002084427055
2406.0,191.0,321.0,5791.0,4284.0,0.0,6425.0,0.7392706871032715,-1.6309700012207031,0.08715087691827747,0.0,0.0,0.0,0.0,0.0,0.0,0.0,0.0,0.0886298404872017,0.08577108279374408
3688.0,160.0,85.0,4477.0,232.0,0.0,15.0,0.11051806807518005,-0.46546444296836853,0.04153889899610065,0.0,0.0,0.0,0.0,0.0,0.0,0.0,0.0,0.06851209576068636,0.06606035549068774
1443.0,61.0,150.0,3262.0,6768.0,0.0,282.0,0.33049823343753815,-0.24039863049983978,0.15365105439757804,0.0,0.0,0.0,0.0,0.0,0.0,0.0,0.0,0.08897764466407043,0.08373953398662957
1443.0,189.0,8.0,3669.0,1443.0,0.0,103.0,0.07681334018707275,-1.5145699977874756,0.010861303885000615,0.0,0.0,0.0,0.0,0.0,0.0,0.0,0.0,0.06835112353017629,0.06776153586815237
1537.0,54.0,222.0,6823.0,6763.0,0.0,6847.0,7.678130730986595,7.633387565612793,0.9910195712094756,1.0,0.6931471805599453,1.0,0.0,1.0,0.9999999999989999,0.5,1.0,0.5286913166906809,0.7419503345420229
2117.0,169.0,236.0,438.0,5445.0,0.0,7026.0,0.07342591881752014,0.33613190054893494,0.02721166099039709,0.0,0.0,0.0,0.0,0.0,0.0,0.0,0.0,0.06254142489562971,0.05941044537145256
6873.0,110.0,33.0,5158.0,351.0,0.0,2595.0,0.22244751453399658,-0.7420673370361328,0.011051145183983131,0.0,0.0,0.0,0.0,0.0,0.0,0.0,0.0,0.06610760223223228,0.06419499621598261
3742.0,169.0,7.0,2661.0,4368.0,0.0,488.0,0.3945276737213135,-1.1337001323699951,0.15660112890334155,0.0,0.0,0.0,0.0,0.0,0.0,0.0,0.0,0.09571713996452395,0.09166081568844908
2991.0,53.0,271.0,6823.0,850.0,0.0,1334.0,2.9326584339141846,1.5363821983337402,0.7390041372289845,0.0,0.0,0.0,0.0,0.0,0.0,0.0,0.0,0.33346676085808,0.2776240745093235
2241.0,160.0,207.0,1077.0,2460.0,0.0,775.0,1.1353263854980469,3.73325777053833,0.5224899537792376,0.0,0.0,0.0,0.0,0.0,0.0,0.0,0.0,0.16571546059887887,0.13583522926398928
2241.0,155.0,33.0,6410.0,6407.0,0.0,6886.0,1.7452139854431152,8.2528715133667,0.6191563737533817,0.0,0.0,0.0,0.0,0.0,0.0,0.0,0.0,0.16408733327519587,0.11937845198716396
2241.0,127.0,167.0,846.0,3380.0,0.0,236.0,0.7421813011169434,5.2791361808776855,0.45175139172220236,0.0,0.0,0.0,0.0,0.0,0.0,0.0,0.0,0.12435475047373214,0.09967292435310851
4052.0,158.0,76.0,2278.0,6635.0,0.0,4.0,1.1050615310668945,4.933945655822754,0.5454474606543964,0.0,0.0,0.0,0.0,0.0,0.0,0.0,0.0,0.1608385348612556,0.12825827081601757
4052.0,160.0,103.0,5423.0,6407.0,0.0,1394.0,9.84645390510559,11.848766326904297,0.9998698421361782,6.0,1.9459101490553132,1.0,0.4613141033537731,0.8626618129600657,0.7274735192862726,0.6619879581569195,1.0,0.5310090276142039,0.7525033647950391
1296.0,167.0,164.0,3159.0,5046.0,1.0,1.0,2.151362180709839,6.033177852630615,0.8626836192242147,1.0,0.6931471805599453,0.9803906099397734,0.0,1.0,0.99999999999898,0.5,1.0,0.30455151555702603,0.582364785141153
6252.0,156.0,247.0,18.0,2250.0,0.0,625.0,0.07892787456512451,-1.4091464281082153,0.07703972181999498,0.0,0.0,0.0,0.0,0.0,0.0,0.0,0.0,0.07869712210181136,0.07717165876594166
2672.0,103.0,257.0,1639.0,2672.0,1.0,1.0,0.23809480667114258,5.819769859313965,0.42578057308393635,0.0,0.0,0.0,0.0,0.0,0.0,0.0,0.0,0.10700605244331489,0.08583489616974783
2672.0,169.0,86.0,3262.0,711.0,0.0,6404.0,1.9886775016784668,7.335257530212402,0.7765940674616524,0.0,0.0,0.0,0.0,0.0,0.0,0.0,0.0,0.24059543010564127,0.1783728910179195
4700.0,157.0,350.0,711.0,5762.0,0.0,2.0,2.0847103595733643,3.9426705837249756,0.46583174714621495,0.0,0.0,0.0,0.0,0.0,0.0,0.0,0.0,0.16251564638077998,0.13045282859505655
5167.0,156.0,342.0,5665.0,5449.0,1.0,1.0,7.648240804672241,10.295979499816895,0.9990042095111943,1.0,0.6931471805599453,0.26530325583334324,0.0,1.0,0.9999999999962308,0.5,1.0,0.48433681676126006,0.7474361230153492
5167.0,156.0,286.0,5449.0,5167.0,0.0,65.0,1.4434607028961182,3.375929594039917,0.5924893371763383,0.0,0.0,0.0,0.0,0.0,0.0,0.0,0.0,0.20099232929258884,0.16460662373254645
353.0,157.0,217.0,3380.0,1628.0,0.0,4266.0,0.29713648557662964,-0.7850560545921326,0.01739833333447228,0.0,0.0,0.0,0.0,0.0,0.0,0.0,0.0,0.067889298237159,0.06580669030021351
2684.0,150.0,105.0,6979.0,5455.0,0.0,1723.0,2.156596541404724,3.5914158821105957,0.5983102598060496,0.0,0.0,0.0,0.0,0.0,0.0,0.0,0.0,0.2166558563353791,0.17432862015105768
2684.0,160.0,180.0,6795.0,6979.0,0.0,25.0,5.636679649353027,12.71412181854248,0.9962726729683925,1.0,0.6931471805599453,1.0,0.0,1.0,0.06920392276149004,0.5,1.0,0.37372127806061195,0.3881804215094961
2040.0,160.0,243.0,4573.0,5012.0,1.0,1.0,0.19091343879699707,-2.5085980892181396,0.18091856878981788,3.0,1.3862943611198906,0.20106227000787236,0.1738713366882454,1.0,0.9999999999958912,0.5869356683441227,1.0,0.10763392797107489,0.4687803097467391
5309.0,160.0,203.0,6872.0,677.0,0.0,6649.0,0.7177586555480957,-2.999889373779297,0.10128077151172908,0.0,0.0,0.0,0.0,0.0,0.0,0.0,0.0,0.09972925834066197,0.09924549847007291
6783.0,160.0,19.0,1202.0,2078.0,0.0,6503.0,0.5394768118858337,-0.8695759177207947,0.22564741032450655,0.0,0.0,0.0,0.0,0.0,0.0,0.0,0.0,0.1111649213464889,0.10463975086911856
4286.0,123.0,216.0,5484.0,3008.0,0.0,2.0,0.7629988193511963,4.331127166748047,0.5331878096733976,0.0,0.0,0.0,0.0,0.0,0.0,0.0,0.0,0.15654702337162144,0.12750024419406106
4286.0,224.0,317.0,5484.0,4902.0,0.0,65.0,6.640326261520386,6.159772872924805,0.9943209597202458,14.0,2.70805020110221,0.3789291416275995,0.4195203097768977,0.8304054161497356,0.6538148141660057,0.6249628629633166,1.0,0.522290131772077,0.814164982222896
4286.0,0.0,13.0,876.0,5484.0,1.0,1.0,0.6240975856781006,4.298027515411377,0.5157895471276949,0.0,0.0,0.0,0.0,0.0,0.0,0.0,0.0,0.14900156915093132,0.12191418277820544
2719.0,160.0,244.0,680.0,7076.0,0.0,3213.0,1.1376016736030579,-0.819570004940033,0.214484238423083,0.0,0.0,0.0,0.0,0.0,0.0,0.0,0.0,0.116237915751079,0.10787607018815785
1833.0,53.0,37.0,3885.0,1620.0,1.0,1.0,6.3630945682525635,7.594637870788574,0.99762258654632,1.0,0.6931471805599453,0.9611657480580811,0.0,1.0,0.9999999999989596,0.5,1.0,0.48895520374992985,0.720696460233838
3636.0,155.0,290.0,6504.0,3380.0,1.0,1.0,8.035024374723434,7.56441593170166,0.9975061934546491,0.0,0.0,0.0,0.0,0.0,0.0,0.0,0.0,0.545812917415061,0.40138287561972497
6786.0,169.0,292.0,4593.0,925.0,0.0,7048.0,0.09232795238494873,0.9531477689743042,0.1947857618794686,0.0,0.0,0.0,0.0,0.0,0.0,0.0,0.0,0.0874101885199049,0.08023733819066023
2576.0,127.0,340.0,4108.0,4599.0,0.0,5051.0,2.219309873878956,2.2964816093444824,0.4592942671849016,0.0,0.0,0.0,0.0,0.0,0.0,0.0,0.0,0.17975561641753177,0.14934259944932432
1944.0,160.0,219.0,5445.0,3237.0,0.0,7114.0,0.8853292465209961,-8.033714294433594,0.019672144301374702,0.0,0.0,0.0,0.0,0.0,0.0,0.0,0.0,0.1181788232754797,0.1311479869961388
1062.0,156.0,135.0,2442.0,1147.0,0.0,6658.0,0.8614716529846191,8.617127418518066,0.7027841649985048,1.0,0.6931471805599453,1.0,0.0,0.0,0.0,0.0,1.0,0.17186442160729185,0.17948725542655108
2786.0,155.0,34.0,6411.0,2083.0,1.0,1.0,0.9115033149719238,5.425342559814453,0.48059018834643924,0.0,0.0,0.0,0.0,0.0,0.0,0.0,0.0,0.1335387465918974,0.106091217039073
2786.0,53.0,342.0,6785.0,1183.0,1.0,1.0,12.461587905883789,16.568401336669922,0.999995280507721,5.0,1.791759469228055,0.9057236642639067,0.0654527875205222,0.9929564132594451,0.9271906604373539,0.5292046003899836,1.0,0.5340419758916087,0.6983241053144111
2786.0,160.0,153.0,5305.0,785.0,0.0,14.0,3.380295991897583,6.8817138671875,0.9154350844646714,0.0,0.0,0.0,0.0,0.0,0.0,0.0,0.0,0.355743605581246,0.26505030973454036
3869.0,105.0,175.0,1145.0,4723.0,0.0,44.0,1.6192190945148468,1.750927448272705,0.25346145487836846,0.0,0.0,0.0,0.0,0.0,0.0,0.0,0.0,0.11348665076029155,0.09809064764111673
5022.0,53.0,325.0,7038.0,711.0,1.0,1.0,11.590308427810669,9.39571475982666,0.9999794218962259,0.0,0.0,0.0,0.0,0.0,0.0,0.0,0.0,0.631305824960843,0.4531585174386261
1872.0,185.0,50.0,5532.0,4722.0,0.0,3053.0,0.6690394878387451,-1.037064790725708,0.012250521158096418,0.0,0.0,0.0,0.0,0.0,0.0,0.0,0.0,0.07152801006794675,0.0690993917973716
1444.0,38.0,331.0,3285.0,3149.0,0.0,803.0,0.6838881969451904,-2.449960231781006,0.2619695556773129,0.0,0.0,0.0,0.0,0.0,0.0,0.0,0.0,0.1350021410846236,0.13038283799428854
4097.0,53.0,135.0,3231.0,3592.0,1.0,1.0,6.078406065702438,6.501508712768555,0.9961086770996583,0.0,0.0,0.0,0.0,0.0,0.0,0.0,0.0,0.49820369840356854,0.3749417537305896
4097.0,159.0,287.0,4313.0,1121.0,0.0,92.0,0.9810783863067627,1.8211761713027954,0.2581602591342433,0.0,0.0,0.0,0.0,0.0,0.0,0.0,0.0,0.10567965655102483,0.09252695033157841
4397.0,38.0,52.0,4304.0,4397.0,1.0,1.0,4.36001443862915,10.961886405944824,0.9773225175715909,0.0,0.0,0.0,0.0,0.0,0.0,0.0,0.0,0.3525847682595508,0.23775997671885327
4397.0,163.0,181.0,4304.0,4397.0,1.0,1.0,5.188199520111084,6.856061935424805,0.9799504510168853,4.0,1.6094379124341003,0.9057236642639067,0.29215874377829243,1.0,0.9999999999992184,0.6460793718891462,1.0,0.4521110511425284,0.7655543548355425
4397.0,222.0,181.0,4304.0,1496.0,0.0,2.0,5.102844715118408,12.122523307800293,0.9938319553796978,1.0,0.6931471805599453,0.10254191950095473,0.0,0.0,0.0,0.0,0.0,0.3655138461959916,0.24139312078815742
4397.0,222.0,96.0,1496.0,4397.0,1.0,1.0,2.3470630645751953,8.11059284210205,0.7663590721516721,3.0,1.3862943611198906,0.820335356007638,0.524151786045453,0.475848213954547,0.27494855990815226,0.5,1.0,0.2347362929470621,0.43293703807107176
4397.0,229.0,74.0,1496.0,776.0,0.0,3.0,4.927606582641602,12.538069725036621,0.9910042983541317,0.0,0.0,0.0,0.0,0.0,0.0,0.0,0.0,0.3515800085928898,0.22724189542293463
4080.0,160.0,60.0,2445.0,1277.0,0.0,49.0,13.926905155181885,17.95562744140625,0.9999966748068303,3.0,1.3862943611198906,0.7141434062641757,0.6082334054567404,0.7465988700891729,0.3005379636979848,0.6774161377729566,1.0,0.5582501231005885,0.6792384141331199
4080.0,53.0,18.0,4030.0,3715.0,1.0,1.0,8.015554666519165,10.514909744262695,0.9992221706648886,0.0,0.0,0.0,0.0,0.0,0.0,0.0,0.0,0.4929162643705928,0.33618794220150816
1477.0,229.0,119.0,4564.0,5441.0,0.0,2.0,1.765964150428772,3.7527482509613037,0.6753601805176102,0.0,0.0,0.0,0.0,0.0,0.0,0.0,0.0,0.23792351229459385,0.1918683866497946
2167.0,148.0,107.0,6478.0,5558.0,0.0,777.0,0.4295908808708191,-0.728849470615387,0.007325276998047957,0.0,0.0,0.0,0.0,0.0,0.0,0.0,0.0,0.06723205724076725,0.06495082353839608
4140.0,160.0,306.0,5584.0,3933.0,0.0,9.0,0.45234574377536774,-0.16689662635326385,0.3936284871518669,0.0,0.0,0.0,0.0,0.0,0.0,0.0,0.0,0.14972177151301203,0.13676218017689676
1485.0,224.0,295.0,1611.0,3159.0,0.0,2.0,0.815277099609375,-3.4189014434814453,0.10945697208168412,0.0,0.0,0.0,0.0,0.0,0.0,0.0,0.0,0.10555082075531981,0.10559700825339259
6156.0,53.0,164.0,6293.0,2266.0,1.0,1.0,1.2353873252868652,6.454411029815674,0.7216511866265847,0.0,0.0,0.0,0.0,0.0,0.0,0.0,0.0,0.21083793802381628,0.1613125321154031
6156.0,53.0,229.0,2713.0,1694.0,1.0,1.0,1.7802186012268066,6.191436290740967,0.8466902575927728,0.0,0.0,0.0,0.0,0.0,0.0,0.0,0.0,0.28375924306459327,0.21731882155268684
5228.0,103.0,204.0,1086.0,3262.0,1.0,1.0,4.113117456436157,4.593791484832764,0.9299437530600607,1.0,0.6931471805599453,0.9803906099397734,0.0,1.0,0.99999999999898,0.5,1.0,0.42697338652540334,0.6970439313148578
5228.0,9.0,76.0,2712.0,1147.0,0.0,22.0,0.12295103073120117,-1.194809079170227,0.010799683472815834,0.0,0.0,0.0,0.0,0.0,0.0,0.0,0.0,0.06727270346885222,0.06614999907177221
567.0,53.0,59.0,1077.0,3147.0,0.0,2.0,0.2028050422668457,6.128349304199219,0.3214673332351718,0.0,0.0,0.0,0.0,0.0,0.0,0.0,0.0,0.08316073481096009,0.06689331221283452
567.0,56.0,222.0,1139.0,1077.0,0.0,280.0,8.439952373504639,15.167099952697754,0.9997629059587708,0.0,0.0,0.0,0.0,0.0,0.0,0.0,0.0,0.42397932217037465,0.2537185241751502
567.0,155.0,280.0,1077.0,4805.0,0.0,2.0,5.2655158042907715,10.438364028930664,0.9935096459650927,0.0,0.0,0.0,0.0,0.0,0.0,0.0,0.0,0.39930376940176876,0.2726878800425115
567.0,98.0,152.0,1077.0,567.0,1.0,1.0,9.493124008178711,18.02425193786621,0.9998311967628405,1.0,0.6931471805599453,0.43527528164806206,0.0,1.0,0.9999999999977026,0.5,1.0,0.40835893674496443,0.6184236749399962
3210.0,53.0,229.0,7098.0,3154.0,0.0,1.0,0.42946529388427734,6.557594299316406,0.5914709079581527,1.0,0.6931471805599453,1.0,0.0,1.0,0.9999999999989999,0.5,1.0,0.1480480776455176,0.3717854165927371
4660.0,127.0,243.0,3155.0,5421.0,0.0,7.0,0.6326580047607422,6.83736515045166,0.6289279848085594,1.0,0.6931471805599453,1.0,0.0,1.0,0.820565466730863,0.5,1.0,0.16076866271664633,0.35383255584024287
6889.0,155.0,9.0,6293.0,6017.0,0.0,2.0,0.4188094139099121,8.188530921936035,0.6013511270324285,0.0,0.0,0.0,0.0,0.0,0.0,0.0,0.0,0.13637841979489507,0.10203076973880977
6889.0,155.0,194.0,537.0,6284.0,0.0,2.0,2.63399600982666,10.431312561035156,0.9284759486585356,0.0,0.0,0.0,0.0,0.0,0.0,0.0,0.0,0.28488792713921535,0.19620850895441763
6889.0,53.0,279.0,7084.0,537.0,1.0,1.0,0.5024929046630859,6.702117443084717,0.4853909059841897,0.0,0.0,0.0,0.0,0.0,0.0,0.0,0.0,0.1185544461893524,0.0922455542314157
3269.0,160.0,91.0,6635.0,5565.0,1.0,1.0,6.583120584487915,8.934286117553711,0.9966896366143144,1.0,0.6931471805599453,0.16823752407904452,0.0,1.0,0.999999999994056,0.5,1.0,0.47161230618319805,0.7560805616540932
1486.0,224.0,321.0,5451.0,1050.0,0.0,17.0,6.315985679626465,8.543925285339355,0.9977559579020955,0.0,0.0,0.0,0.0,0.0,0.0,0.0,0.0,0.47029513410924395,0.3368531653529849
2265.0,156.0,129.0,6017.0,6890.0,0.0,457.0,0.9152417182922363,4.129528522491455,0.6837137862848367,0.0,0.0,0.0,0.0,0.0,0.0,0.0,0.0,0.2164856866718074,0.1756181621680417
2265.0,53.0,344.0,1550.0,3411.0,1.0,1.0,3.7204971313476562,7.993661880493164,0.9647882780206397,0.0,0.0,0.0,0.0,0.0,0.0,0.0,0.0,0.37531727459714603,0.27330532135273744
4215.0,160.0,275.0,2460.0,6552.0,0.0,2410.0,2.1184394359588623,-1.8723242282867432,0.5773933675744435,0.0,0.0,0.0,0.0,0.0,0.0,0.0,0.0,0.2798382103583935,0.2527913451994982
451.0,224.0,43.0,1145.0,2683.0,1.0,1.0,8.110214948654175,11.197940826416016,0.999622022449173,1.0,0.6931471805599453,0.7429971445684742,0.0,1.0,0.9999999999986541,0.5,1.0,0.4839993357635328,0.7057499309627633
3563.0,155.0,78.0,2624.0,6504.0,0.0,2.0,1.5139122903347015,-0.3270646631717682,0.6180397821871199,0.0,0.0,0.0,0.0,0.0,0.0,0.0,0.0,0.26097100919243227,0.23069339212773013
1893.0,56.0,236.0,2300.0,4565.0,1.0,1.0,3.0536651611328125,6.151211738586426,0.9286139055213222,0.0,0.0,0.0,0.0,0.0,0.0,0.0,0.0,0.36507461228449334,0.2778554265715439
6108.0,160.0,296.0,1611.0,6329.0,0.0,198.0,0.676182746887207,-5.0613203048706055,0.1380236873179871,0.0,0.0,0.0,0.0,0.0,0.0,0.0,0.0,0.12259510435348704,0.1268095373249396
1866.0,56.0,131.0,1755.0,6542.0,0.0,6678.0,0.9128647893667221,0.14298896491527557,0.0860700249966944,0.0,0.0,0.0,0.0,0.0,0.0,0.0,0.0,0.08031728322293953,0.0744659944350184
1662.0,160.0,189.0,2713.0,284.0,0.0,4003.0,3.3076862692832947,3.8499884605407715,0.9095274352772731,0.0,0.0,0.0,0.0,0.0,0.0,0.0,0.0,0.40168455009418685,0.3206321221055753
6950.0,127.0,309.0,6360.0,3969.0,0.0,55.0,6.326567888259888,7.910587310791016,0.993658374383929,1.0,0.6931471805599453,1.0,0.0,1.0,0.009901778952998064,0.5,1.0,0.47962363497357374,0.5052086548523952
3697.0,156.0,46.0,4185.0,1218.0,0.0,13.0,0.9781911373138428,3.778249979019165,0.6012460470749726,0.0,0.0,0.0,0.0,0.0,0.0,0.0,0.0,0.18984228946714357,0.15539182347542996
3697.0,6.0,16.0,6785.0,4564.0,0.0,5294.0,0.9544787406921387,3.1817786693573,0.634889174317092,0.0,0.0,0.0,0.0,0.0,0.0,0.0,0.0,0.20916056377906045,0.17334652425537922
5800.0,157.0,243.0,1954.0,4783.0,0.0,13.0,0.21123409271240234,4.891567707061768,0.3819389633458502,0.0,0.0,0.0,0.0,0.0,0.0,0.0,0.0,0.10305174193403606,0.08478642028273836
5800.0,156.0,209.0,2157.0,2906.0,0.0,10.0,0.02310657501220703,3.1666259765625,0.2242105103500091,0.0,0.0,0.0,0.0,0.0,0.0,0.0,0.0,0.07985043227643421,0.06967354017249655
5800.0,160.0,240.0,2442.0,4004.0,0.0,5.0,4.859461307525635,7.396972179412842,0.982335814428175,6.0,1.9459101490553132,0.5743491774985175,0.2204169690892006,0.9081662779596881,0.6948399660940637,0.5642916235244444,1.0,0.43290639493308486,0.7110006123522122
5476.0,150.0,162.0,6644.0,2065.0,0.0,109.0,0.06487202644348145,2.260605573654175,0.16442989426618834,0.0,0.0,0.0,0.0,0.0,0.0,0.0,0.0,0.07466202850944159,0.06685403400378999
5060.0,160.0,301.0,5433.0,1242.0,0.0,3285.0,3.1987189650535583,2.612171173095703,0.894118981261364,0.0,0.0,0.0,0.0,0.0,0.0,0.0,0.0,0.4107907679442645,0.33648203069506233
1523.0,197.0,330.0,4304.0,1523.0,1.0,1.0,1.1590313911437988,5.8752241134643555,0.5190961052427943,0.0,0.0,0.0,0.0,0.0,0.0,0.0,0.0,0.1447548315688702,0.11299538694029791
1523.0,56.0,272.0,2457.0,2404.0,0.0,246.0,3.3080923557281494,5.939943313598633,0.8761813357939195,0.0,0.0,0.0,0.0,0.0,0.0,0.0,0.0,0.3474986707005081,0.2637664750121164
4011.0,160.0,146.0,1077.0,3262.0,0.0,188.0,11.389922142028809,18.791866302490234,0.9999871313562257,4.0,1.6094379124341003,0.5,0.5576707222808122,0.9325993213507382,0.7225009787961886,0.7451350218157752,1.0,0.4577255596812579,0.7031205307922354
5189.0,103.0,103.0,28.0,1751.0,1.0,1.0,5.235904693603516,7.692410469055176,0.9862110774628791,0.0,0.0,0.0,0.0,0.0,0.0,0.0,0.0,0.44246633330442037,0.3234617463858258
4545.0,103.0,75.0,7038.0,5036.0,0.0,4.0,2.0850343704223633,6.549139976501465,0.7525672304185073,0.0,0.0,0.0,0.0,0.0,0.0,0.0,0.0,0.24280309658886717,0.18297801024805177
4545.0,150.0,35.0,711.0,7038.0,0.0,785.0,2.5492663383483887,9.432538986206055,0.9199325641340864,0.0,0.0,0.0,0.0,0.0,0.0,0.0,0.0,0.29316185495265634,0.20701379827905025
4545.0,53.0,330.0,359.0,2708.0,0.0,2.0,6.3323140144348145,12.087407112121582,0.997798890944344,0.0,0.0,0.0,0.0,0.0,0.0,0.0,0.0,0.4077715551031939,0.26606395455048104
4545.0,53.0,188.0,6052.0,6552.0,0.0,2477.0,0.3503298759460449,3.1673479080200195,0.2782765497451312,0.0,0.0,0.0,0.0,0.0,0.0,0.0,0.0,0.09364534438102126,0.08060991490126324
4545.0,56.0,31.0,6568.0,359.0,0.0,1135.0,3.227041244506836,5.658621311187744,0.8635847279776905,0.0,0.0,0.0,0.0,0.0,0.0,0.0,0.0,0.3427650785572033,0.26176560213726907
4545.0,169.0,22.0,284.0,2713.0,0.0,98.0,0.005100250244140625,3.558943510055542,0.3581438192164141,0.0,0.0,0.0,0.0,0.0,0.0,0.0,0.0,0.1040983115092044,0.08886837999159515
4545.0,155.0,75.0,1077.0,2713.0,0.0,753.0,8.25631332397461,16.734439849853516,0.9997135537804841,0.0,0.0,0.0,0.0,0.0,0.0,0.0,0.0,0.39057965018334706,0.22292169611382087
4545.0,115.0,103.0,3871.0,6407.0,0.0,6.0,0.49724245071411133,4.743994235992432,0.3473141283563698,0.0,0.0,0.0,0.0,0.0,0.0,0.0,0.0,0.09994409319621333,0.08220835634219353
1825.0,160.0,139.0,2336.0,3651.0,0.0,1371.0,1.4270245432853699,-0.20216089487075806,0.28906263040718927,0.0,0.0,0.0,0.0,0.0,0.0,0.0,0.0,0.1353554157250025,0.12221995738903572
3345.0,18.0,296.0,1161.0,4587.0,1.0,1.0,7.259273529052734,9.871953964233398,0.9967283102251726,0.0,0.0,0.0,0.0,0.0,0.0,0.0,0.0,0.47750327089621214,0.33057482826882306
4541.0,160.0,321.0,5393.0,7117.0,0.0,7080.0,0.2530660629272461,-8.918825149536133,0.016463519159932372,0.0,0.0,0.0,0.0,0.0,0.0,0.0,0.0,0.11517624541150225,0.13224668173713153
4883.0,160.0,132.0,3680.0,2628.0,0.0,2532.0,0.2293837070465088,-3.976257085800171,0.09701228585486615,0.0,0.0,0.0,0.0,0.0,0.0,0.0,0.0,0.0992251012435786,0.10208614352451328
1353.0,53.0,305.0,6603.0,5682.0,0.0,267.0,0.318325400352478,1.376360535621643,0.4015397992585456,0.0,0.0,0.0,0.0,0.0,0.0,0.0,0.0,0.13615863286958838,0.12061582577141002
1353.0,156.0,240.0,1145.0,1762.0,1.0,1.0,0.7450065612792969,4.953044414520264,0.46754326335802654,1.0,0.6931471805599453,0.043758718103237663,0.0,1.0,0.49647387936275067,0.5,1.0,0.13126945241121704,0.329482999907503
1353.0,191.0,166.0,1145.0,4185.0,0.0,3.0,0.8011622428894043,7.6586151123046875,0.5167211721342901,0.0,0.0,0.0,0.0,0.0,0.0,0.0,0.0,0.12351410494291068,0.09321519878722756
1353.0,61.0,25.0,1971.0,1145.0,0.0,2.0,0.8502326011657715,3.3617773056030273,0.5645402222907533,0.0,0.0,0.0,0.0,0.0,0.0,0.0,0.0,0.1784873426401227,0.1480457790197751
1353.0,169.0,15.0,2545.0,5450.0,0.0,32.0,4.232477903366089,6.252158164978027,0.9227080805747648,0.0,0.0,0.0,0.0,0.0,0.0,0.0,0.0,0.3975777044698263,0.2990778231112175
1541.0,103.0,315.0,529.0,6478.0,1.0,1.0,6.322254121303558,6.963993072509766,0.98282909181364,0.0,0.0,0.0,0.0,0.0,0.0,0.0,0.0,0.4900769398293957,0.36371219160897106
5620.0,53.0,343.0,4702.0,4609.0,1.0,1.0,14.497855186462402,8.77431869506836,0.9999917215526607,0.0,0.0,0.0,0.0,0.0,0.0,0.0,0.0,0.7263022325701817,0.5457630402257804
6815.0,159.0,317.0,6504.0,2457.0,1.0,1.0,0.0767369270324707,1.0857642889022827,0.10027386305806964,0.0,0.0,0.0,0.0,0.0,0.0,0.0,0.0,0.07010239173018631,0.06490144803609053
3401.0,160.0,87.0,4868.0,4565.0,0.0,1085.0,3.985206365585327,1.0869395732879639,0.8607034555616836,0.0,0.0,0.0,0.0,0.0,0.0,0.0,0.0,0.44411961192263266,0.37182638479961805
3401.0,162.0,282.0,1626.0,1115.0,1.0,1.0,1.5654029846191406,4.8901777267456055,0.7553231849673421,0.0,0.0,0.0,0.0,0.0,0.0,0.0,0.0,0.2533390092987949,0.19988559214361323
4560.0,53.0,83.0,3590.0,820.0,1.0,1.0,0.8552036285400391,9.16502571105957,0.7008607637887647,0.0,0.0,0.0,0.0,0.0,0.0,0.0,0.0,0.16553348834505197,0.1196352968883768
4560.0,63.0,296.0,1134.0,4560.0,0.0,8.0,0.5341238975524902,5.659917831420898,0.5158709075640678,1.0,0.6931471805599453,1.0,0.0,1.0,0.9999999999989999,0.5,1.0,0.13551888696256473,0.3546141855674336
5260.0,160.0,306.0,4264.0,246.0,0.0,24.0,4.623653411865234,3.174088954925537,0.9589258897299787,0.0,0.0,0.0,0.0,0.0,0.0,0.0,0.0,0.486860784935564,0.3934178358529778
6557.0,142.0,314.0,6917.0,5471.0,1.0,1.0,7.28951233625412,7.578492641448975,0.9979108674681924,0.0,0.0,0.0,0.0,0.0,0.0,0.0,0.0,0.5207204718084746,0.3822218048165881
4096.0,160.0,253.0,2460.0,4004.0,0.0,5551.0,1.489809274673462,2.2555758953094482,0.6654702459089661,0.0,0.0,0.0,0.0,0.0,0.0,0.0,0.0,0.24659157486419628,0.2064171007066645
4096.0,56.0,246.0,4154.0,4740.0,0.0,8.0,1.271283008158207,1.3606539964675903,0.32706790286811344,0.0,0.0,0.0,0.0,0.0,0.0,0.0,0.0,0.13044420011639302,0.11387985359521817
504.0,87.0,113.0,3688.0,7117.0,0.0,5108.0,0.0791926383972168,-3.2061123847961426,0.004477122777722157,0.0,0.0,0.0,0.0,0.0,0.0,0.0,0.0,0.07551557964553801,0.07770843101146183
347.0,61.0,237.0,1139.0,5184.0,0.0,59.0,2.246394991874695,3.657362699508667,0.5842128461383377,0.0,0.0,0.0,0.0,0.0,0.0,0.0,0.0,0.21217504311027505,0.1702445245270165
347.0,156.0,315.0,2713.0,3987.0,0.0,4496.0,1.8046526908874512,3.6423330307006836,0.681190899674381,0.0,0.0,0.0,0.0,0.0,0.0,0.0,0.0,0.2429040157697769,0.19623800679847492
347.0,150.0,301.0,1176.0,1139.0,0.0,24.0,2.5597457885742188,6.607422828674316,0.8133504384204053,0.0,0.0,0.0,0.0,0.0,0.0,0.0,0.0,0.28273227744079893,0.21196379077689784
347.0,160.0,247.0,5036.0,2100.0,1.0,1.0,1.8961338996887207,4.189479827880859,0.8072629975997428,0.0,0.0,0.0,0.0,0.0,0.0,0.0,0.0,0.29727954517916577,0.23745427222220822
5466.0,229.0,145.0,5478.0,1496.0,0.0,25.0,1.2464803457260132,-0.8686431646347046,0.08806331786830884,0.0,0.0,0.0,0.0,0.0,0.0,0.0,0.0,0.08989669630820367,0.08448766996770425
448.0,0.0,130.0,3995.0,6410.0,0.0,6.0,0.24364566802978516,4.251424789428711,0.2669013451276445,0.0,0.0,0.0,0.0,0.0,0.0,0.0,0.0,0.08392052295196598,0.07075851051149354
448.0,224.0,58.0,5441.0,448.0,1.0,1.0,4.566685676574707,10.262543678283691,0.9890262368552099,5.0,1.791759469228055,0.8879629756445782,0.4442652324072873,0.8419798842043673,0.5817221594590659,0.6431225583058273,1.0,0.37732367310155307,0.6354334755152033
448.0,224.0,361.0,5441.0,5158.0,1.0,1.0,10.961541175842285,14.184775352478027,0.9999707983294527,21.0,3.091042453358316,0.9803906099397734,0.6448346838027342,0.9924636021120604,0.9819581396825211,0.8186491429573973,1.0,0.5264950619077418,0.8182767775914406
3691.0,202.0,333.0,3600.0,2655.0,0.0,205.0,1.3577450811862946,-0.0574621856212616,0.10849555410592276,0.0,0.0,0.0,0.0,0.0,0.0,0.0,0.0,0.09035174332186346,0.08300049421508683
3549.0,160.0,169.0,2266.0,711.0,0.0,3556.0,2.1672477573156357,1.9552282094955444,0.8687722933631532,1.0,0.6931471805599453,0.8042490800314893,0.0,1.0,0.5806487423301974,0.5,1.0,0.3743342470546884,0.6069299319057844
2629.0,53.0,29.0,3155.0,3158.0,1.0,1.0,6.769905090332031,12.640782356262207,0.9980992257246885,0.0,0.0,0.0,0.0,0.0,0.0,0.0,0.0,0.4125674579146937,0.2650232938403967
2629.0,169.0,139.0,4514.0,64.0,0.0,1332.0,1.1345309913158417,0.2897639572620392,0.11761252906341275,0.0,0.0,0.0,0.0,0.0,0.0,0.0,0.0,0.08764805855280568,0.08026318061355037
3621.0,53.0,78.0,175.0,3592.0,1.0,1.0,7.7834320068359375,7.07268762588501,0.9982241122561663,0.0,0.0,0.0,0.0,0.0,0.0,0.0,0.0,0.546634338524298,0.40660805822085533
2282.0,160.0,116.0,5158.0,4594.0,0.0,164.0,1.1143227815628052,2.453172445297241,0.5212819448568428,0.0,0.0,0.0,0.0,0.0,0.0,0.0,0.0,0.17808461175431659,0.15023200818813287
4323.0,155.0,190.0,2581.0,3380.0,1.0,1.0,7.843448996543884,7.248067378997803,0.9986369950933273,0.0,0.0,0.0,0.0,0.0,0.0,0.0,0.0,0.5457450608045918,0.4043392438066765
4323.0,160.0,274.0,4397.0,6293.0,0.0,867.0,8.968412935733795,9.485797882080078,0.9998300314749051,5.0,1.791759469228055,1.0,0.04153882843762913,0.9584611715623709,0.6077742169771793,0.5,1.0,0.5440007132061299,0.6898942029710217
4323.0,160.0,14.0,1699.0,5495.0,0.0,4.0,0.742734432220459,1.8564419746398926,0.5297400727950823,0.0,0.0,0.0,0.0,0.0,0.0,0.0,0.0,0.1800460221691093,0.15494172958911287
6148.0,160.0,98.0,925.0,2683.0,0.0,4219.0,2.2729614675045013,2.6351048946380615,0.8076254012360669,0.0,0.0,0.0,0.0,0.0,0.0,0.0,0.0,0.332714357783916,0.2735576616612597
5756.0,53.0,158.0,6293.0,3285.0,1.0,1.0,6.5091471672058105,8.876164436340332,0.9967111369603358,2.0,1.0986122886681098,0.12500000000000003,0.0,0.0,0.0,0.0,0.0,0.4701817653144909,0.34185752246989337
5756.0,127.0,58.0,3155.0,2290.0,1.0,1.0,0.13387298583984375,6.906510353088379,0.4589842887805703,4.0,1.6094379124341003,0.9803906099397734,0.6489261916457901,1.0,0.9999999999996592,0.8244630958228951,1.0,0.10579282242007247,0.4314338865642141
4342.0,53.0,53.0,1539.0,1115.0,1.0,1.0,6.115926742553711,8.30933666229248,0.9969221692087683,0.0,0.0,0.0,0.0,0.0,0.0,0.0,0.0,0.46728847740516927,0.3366518406885012
6739.0,160.0,254.0,5736.0,1392.0,0.0,912.0,3.2753758430480957,5.296786785125732,0.9567513254140293,0.0,0.0,0.0,0.0,0.0,0.0,0.0,0.0,0.40280928643971,0.3130814002858659
6269.0,53.0,184.0,545.0,45.0,0.0,1.0,0.7347478866577148,8.923776626586914,0.6710227827705901,1.0,0.6931471805599453,1.0,0.0,1.0,0.9999999999989999,0.5,1.0,0.15599478228897146,0.36866864279907857
5026.0,157.0,25.0,4319.0,3155.0,0.0,4853.0,0.3560938835144043,7.063727855682373,0.2770364896514752,0.0,0.0,0.0,0.0,0.0,0.0,0.0,0.0,0.07214414631475777,0.05682653051230727
5026.0,53.0,216.0,4569.0,3159.0,0.0,2829.0,0.36837267875671387,3.4756710529327393,0.32890707813971043,0.0,0.0,0.0,0.0,0.0,0.0,0.0,0.0,0.10267956790210132,0.0873148439301505
5290.0,156.0,134.0,5290.0,359.0,0.0,432.0,2.4911110401153564,5.755074501037598,0.9144985764331683,0.0,0.0,0.0,0.0,0.0,0.0,0.0,0.0,0.3464237784607749,0.2670638666413504
2848.0,160.0,28.0,711.0,3211.0,0.0,32.0,3.5217528343200684,-0.5737528800964355,0.8625927621597185,0.0,0.0,0.0,0.0,0.0,0.0,0.0,0.0,0.45950461263634007,0.3987033735188984
2848.0,160.0,352.0,3341.0,3155.0,0.0,2.0,1.3332750350236893,1.4035125970840454,0.7118108673106032,0.0,0.0,0.0,0.0,0.0,0.0,0.0,0.0,0.2759402691220141,0.23562338359852217
1463.0,208.0,236.0,4250.0,3685.0,0.0,140.0,0.43412554264068604,2.2798469066619873,0.3538007166396212,1.0,0.6931471805599453,0.01115849072287775,0.0,1.0,0.9999999999103821,0.5,1.0,0.11791202913950846,0.42759900093594494
1463.0,127.0,114.0,5779.0,6866.0,0.0,289.0,0.11556529998779297,-0.4094407558441162,0.2452419925283936,0.0,0.0,0.0,0.0,0.0,0.0,0.0,0.0,0.10694747807585923,0.1004888185786237
4311.0,160.0,284.0,5195.0,4688.0,0.0,6897.0,2.1328914165496826,-1.345184087753296,0.49510169524409126,0.0,0.0,0.0,0.0,0.0,0.0,0.0,0.0,0.2350949910837161,0.21093996624431605
6245.0,6.0,268.0,1377.0,6245.0,0.0,9.0,1.5230703353881836,4.791358470916748,0.7959942481836589,0.0,0.0,0.0,0.0,0.0,0.0,0.0,0.0,0.27260382497653113,0.21587335940797575
6245.0,127.0,277.0,6245.0,3413.0,0.0,3.0,6.42540717124939,8.961108207702637,0.9960797584656618,0.0,0.0,0.0,0.0,0.0,0.0,0.0,0.0,0.4654532933021778,0.32974421112173635
6245.0,191.0,289.0,1553.0,6296.0,0.0,268.0,1.5314440727233887,6.989842414855957,0.7759697965125575,0.0,0.0,0.0,0.0,0.0,0.0,0.0,0.0,0.2336645656907065,0.1758352920897176
6245.0,53.0,318.0,6296.0,6245.0,1.0,1.0,1.1918325424194336,12.385919570922852,0.7650889464471533,1.0,0.6931471805599453,0.020213018210359285,0.0,0.0,0.0,0.0,0.0,0.16103784398060533,0.11121181500419021
2104.0,158.0,13.0,3380.0,3155.0,0.0,129.0,2.577237367630005,5.681825160980225,0.7929342247712159,0.0,0.0,0.0,0.0,0.0,0.0,0.0,0.0,0.2868427016698694,0.21943829419731448
2104.0,160.0,205.0,2790.0,711.0,0.0,174.0,6.890952110290527,11.017672538757324,0.9977263024975553,0.0,0.0,0.0,0.0,0.0,0.0,0.0,0.0,0.44512526579641576,0.2989059666476771
2104.0,155.0,286.0,3919.0,5002.0,0.0,50.0,0.5227360725402832,1.9505071640014648,0.21900396065392094,0.0,0.0,0.0,0.0,0.0,0.0,0.0,0.0,0.0910126078745972,0.08065337819564979
5262.0,123.0,86.0,917.0,1176.0,0.0,2.0,2.8372767567634583,3.7280750274658203,0.657332627879455,0.0,0.0,0.0,0.0,0.0,0.0,0.0,0.0,0.2571359494064166,0.20400022343721672
3413.0,127.0,12.0,6245.0,6296.0,1.0,1.0,0.8446926474571228,1.746586799621582,0.4245472326463074,0.0,0.0,0.0,0.0,0.0,0.0,0.0,0.0,0.14832890143013153,0.12859864271927968
6632.0,155.0,293.0,3262.0,1077.0,0.0,359.0,1.1879920959472656,9.33113956451416,0.7661270940733468,1.0,0.6931471805599453,1.0,0.0,0.0,0.0,0.0,0.0,0.19350605969851475,0.10502703711164146
6632.0,98.0,169.0,6699.0,2290.0,0.0,793.0,0.6789745688438416,-0.46365994215011597,0.1257343261237531,0.0,0.0,0.0,0.0,0.0,0.0,0.0,0.0,0.08865474568987594,0.08339227973468169
1135.0,127.0,330.0,6379.0,6636.0,0.0,3575.0,4.2658607959747314,7.276661396026611,0.9537484517040498,0.0,0.0,0.0,0.0,0.0,0.0,0.0,0.0,0.3988086775328392,0.2940490475511902
1135.0,40.0,10.0,1147.0,649.0,0.0,6312.0,0.6636657863855362,0.22491227090358734,0.02219010461309646,0.0,0.0,0.0,0.0,0.0,0.0,0.0,0.0,0.06713277331879255,0.06300613885368159
6624.0,224.0,50.0,4361.0,1183.0,0.0,1127.0,1.6732877790927887,2.171992063522339,0.6587780277154792,0.0,0.0,0.0,0.0,0.0,0.0,0.0,0.0,0.24933878638507495,0.2084745818239944
3463.0,56.0,302.0,2690.0,2700.0,0.0,198.0,1.8902908563613892,0.3069112300872803,0.3503956685020042,0.0,0.0,0.0,0.0,0.0,0.0,0.0,0.0,0.15698308517958987,0.13805568030532275
5968.0,171.0,173.0,5666.0,5686.0,0.0,110.0,0.6336933374404907,-1.0917843580245972,0.016386163453609274,0.0,0.0,0.0,0.0,0.0,0.0,0.0,0.0,0.07213792203360367,0.06979876994398566
2157.0,160.0,44.0,1161.0,2694.0,0.0,18.0,7.321185350418091,10.553780555725098,0.9981243077078299,0.0,0.0,0.0,0.0,0.0,0.0,0.0,0.0,0.46812441071965943,0.31841981844574735
2163.0,156.0,325.0,776.0,4233.0,0.0,2.0,0.6058499813079834,2.833326578140259,0.4443644870706902,0.0,0.0,0.0,0.0,0.0,0.0,0.0,0.0,0.14051909379735575,0.11939987031228039
6274.0,169.0,193.0,4108.0,3430.0,0.0,34.0,1.349337249994278,1.6077300310134888,0.1775919916087035,0.0,0.0,0.0,0.0,0.0,0.0,0.0,0.0,0.09410214936631064,0.08272444330301058
6274.0,229.0,121.0,6321.0,2266.0,0.0,16.0,1.5671744719147682,1.6896440982818604,0.38077081052106576,0.0,0.0,0.0,0.0,0.0,0.0,0.0,0.0,0.14786457609059728,0.12678492075244718
6274.0,222.0,107.0,1145.0,6274.0,1.0,1.0,8.035786390304565,6.570889472961426,0.9979449335421985,0.0,0.0,0.0,0.0,0.0,0.0,0.0,0.0,0.5638631361574795,0.4246950973022971
5607.0,56.0,173.0,4233.0,4004.0,0.0,54.0,0.03624272346496582,3.1403567790985107,0.214873655094372,0.0,0.0,0.0,0.0,0.0,0.0,0.0,0.0,0.0784785279418895,0.0685639574584236
2582.0,103.0,241.0,276.0,1846.0,1.0,1.0,2.396975517272949,5.0959792137146,0.7964804240763482,0.0,0.0,0.0,0.0,0.0,0.0,0.0,0.0,0.2923120611879223,0.22720406514266092
6333.0,53.0,194.0,6813.0,1466.0,1.0,1.0,10.688365697860718,7.80303430557251,0.9994441386331456,0.0,0.0,0.0,0.0,0.0,0.0,0.0,0.0,0.6294585975666211,0.4666857704641756
4808.0,156.0,299.0,2609.0,1010.0,0.0,2947.0,0.9885560274124146,-1.6074448823928833,0.2294259375331542,0.0,0.0,0.0,0.0,0.0,0.0,0.0,0.0,0.1239378283813103,0.11718925102620614
62.0,215.0,288.0,4407.0,1139.0,0.0,2.0,2.387889862060547,5.795904636383057,0.8461523743994409,0.0,0.0,0.0,0.0,0.0,0.0,0.0,0.0,0.3065297501883717,0.23513908048365506
62.0,222.0,96.0,4407.0,62.0,0.0,4348.0,2.7427544593811035,7.487306118011475,0.8664602695717322,0.0,0.0,0.0,0.0,0.0,0.0,0.0,0.0,0.30112757234996346,0.22143927761907362
5149.0,38.0,363.0,5264.0,1220.0,0.0,138.0,0.11325192451477051,-2.608537197113037,0.10167044408169958,0.0,0.0,0.0,0.0,0.0,0.0,0.0,0.0,0.09035074426586598,0.09053864706566435
240.0,160.0,56.0,2234.0,1640.0,0.0,1022.0,0.004595547914505005,-0.44843801856040955,0.2951007918554434,0.0,0.0,0.0,0.0,0.0,0.0,0.0,0.0,0.11770461564745112,0.11037332592172382
967.0,160.0,212.0,6264.0,7017.0,0.0,18.0,0.19807195663452148,-6.850788593292236,0.011303631333121936,0.0,0.0,0.0,0.0,0.0,0.0,0.0,0.0,0.09898865159262431,0.10940895027669993
7120.0,160.0,194.0,566.0,6364.0,0.0,6461.0,1.3718211650848389,-2.827171564102173,0.08297661752626144,0.0,0.0,0.0,0.0,0.0,0.0,0.0,0.0,0.1026227836664315,0.1003365720838231
4394.0,163.0,330.0,4851.0,5039.0,0.0,6525.0,0.6657516360282898,-0.5250758528709412,0.045244791860347744,0.0,0.0,0.0,0.0,0.0,0.0,0.0,0.0,0.07436740493001112,0.07075435749836799
4401.0,156.0,269.0,4805.0,1128.0,0.0,3.0,7.901182532310486,9.61273193359375,0.997847970308105,0.0,0.0,0.0,0.0,0.0,0.0,0.0,0.0,0.5045507603055188,0.3522054064509542
4401.0,38.0,304.0,4847.0,6914.0,0.0,635.0,1.6660791039466858,2.1388936042785645,0.48112697942450783,0.0,0.0,0.0,0.0,0.0,0.0,0.0,0.0,0.1781715702518953,0.1500076556432362
4677.0,168.0,314.0,1099.0,2437.0,1.0,1.0,1.6533130407333374,2.433819055557251,0.538681625864161,0.0,0.0,0.0,0.0,0.0,0.0,0.0,0.0,0.19573300168917573,0.16333139825715398
3919.0,155.0,338.0,6407.0,6293.0,1.0,1.0,0.5238652229309082,8.089571952819824,0.6063112319899504,0.0,0.0,0.0,0.0,0.0,0.0,0.0,0.0,0.1403505496565589,0.10499932822003352
3915.0,6.0,203.0,6870.0,3864.0,0.0,873.0,0.3266768455505371,-3.6717169284820557,0.017421434614448065,0.0,0.0,0.0,0.0,0.0,0.0,0.0,0.0,0.08267545665592489,0.08522166126876297
1535.0,150.0,123.0,2523.0,6496.0,0.0,895.0,0.42086219787597656,-1.8719806671142578,0.005387169448190789,0.0,0.0,0.0,0.0,0.0,0.0,0.0,0.0,0.07221867809719751,0.07156607653438367
433.0,229.0,124.0,4286.0,6407.0,1.0,1.0,1.6679280996322632,1.1811459064483643,0.3727838349018106,0.0,0.0,0.0,0.0,0.0,0.0,0.0,0.0,0.15183789828399302,0.13143680340104102
3903.0,207.0,334.0,2736.0,2788.0,1.0,1.0,6.530766308307648,6.367720127105713,0.9743493568065367,0.0,0.0,0.0,0.0,0.0,0.0,0.0,0.0,0.5028072688105194,0.3777602810542874
3415.0,56.0,279.0,2454.0,5484.0,0.0,52.0,1.348914623260498,5.737165451049805,0.7343958498348014,1.0,0.6931471805599453,0.03809417669388987,0.0,1.0,0.9999999999737493,0.5,1.0,0.227602719639348,0.5814276977388595
3415.0,86.0,203.0,2494.0,4254.0,0.0,108.0,0.1521207094192505,0.6550216674804688,0.1278021623182787,0.0,0.0,0.0,0.0,0.0,0.0,0.0,0.0,0.07745710344054194,0.07202128728496798
661.0,142.0,37.0,2278.0,4950.0,1.0,1.0,13.519032180309296,12.881895065307617,0.9999941799009779,0.0,0.0,0.0,0.0,0.0,0.0,0.0,0.0,0.6332615760865388,0.4219837248302658
3728.0,38.0,148.0,1189.0,2603.0,1.0,1.0,7.2246057987213135,6.380258083343506,0.9987955226873201,1.0,0.6931471805599453,0.18574928614211858,0.0,1.0,0.9999999999946164,0.5,1.0,0.5406684604968922,0.80891587288547
2726.0,160.0,198.0,3155.0,6291.0,1.0,1.0,0.3974909782409668,-3.1777613162994385,0.1456690535456641,2.0,1.0986122886681098,0.9803906099397734,0.07480401330858,1.0,0.9999999999990562,0.5374020066542899,1.0,0.10681433305023075,0.3757765031073094
4277.0,224.0,211.0,5470.0,1496.0,1.0,1.0,10.975058794021606,12.610194206237793,0.9999720215866786,0.0,0.0,0.0,0.0,0.0,0.0,0.0,0.0,0.5552496770910539,0.3631676832370882
2449.0,160.0,58.0,2553.0,2230.0,0.0,2721.0,8.540476858615875,8.903900146484375,0.9994380929786574,1.0,0.6931471805599453,1.0,0.0,1.0,0.9999999999989999,0.5,1.0,0.5398615344865543,0.7400312987528689
4548.0,169.0,291.0,6903.0,5682.0,0.0,3542.0,0.5844945907592773,2.9030251502990723,0.36388110542397906,0.0,0.0,0.0,0.0,0.0,0.0,0.0,0.0,0.11786038441939593,0.10069105117082704
1040.0,224.0,294.0,5433.0,6552.0,0.0,16.0,6.118048191070557,5.583345890045166,0.9765137146348531,1.0,0.6931471805599453,0.09662708357918628,0.0,1.0,0.9999999999896508,0.5,1.0,0.5043576017167808,0.7994115150405898
976.0,40.0,336.0,3341.0,5037.0,0.0,4.0,5.221950054168701,9.941773414611816,0.9862528308438213,0.0,0.0,0.0,0.0,0.0,0.0,0.0,0.0,0.4023239389720758,0.2779562944385335
976.0,174.0,177.0,5682.0,1121.0,0.0,197.0,0.2878756523132324,5.21708869934082,0.26442431364986696,0.0,0.0,0.0,0.0,0.0,0.0,0.0,0.0,0.0787007208715124,0.06486392436917958
4542.0,173.0,174.0,2906.0,5002.0,0.0,6060.0,0.7917863801121712,0.7721853852272034,0.05472837879030043,0.0,0.0,0.0,0.0,0.0,0.0,0.0,0.0,0.07073287293265883,0.06511257570734229
6286.0,53.0,343.0,3285.0,2300.0,0.0,1.0,1.1135048866271973,8.184273719787598,0.7436750067344158,1.0,0.6931471805599453,1.0,0.0,1.0,0.009901778952998064,0.5,1.0,0.19646618725790288,0.24388343028898576
3905.0,159.0,42.0,3450.0,5920.0,1.0,1.0,1.454343557357788,4.62100887298584,0.6676946056999433,0.0,0.0,0.0,0.0,0.0,0.0,0.0,0.0,0.21626624321953233,0.1719538812413718
3905.0,156.0,351.0,46.0,4416.0,0.0,89.0,0.1179649829864502,3.4951858520507812,0.3563142582386456,2.0,1.0986122886681098,0.0021995567986178876,0.48020614479804224,0.0,0.0,0.24010307239902112,0.0,0.1055496281757446,0.13776592799336487
3905.0,127.0,70.0,3155.0,3450.0,0.0,1545.0,2.201179027557373,7.278693199157715,0.85689126690319,0.0,0.0,0.0,0.0,0.0,0.0,0.0,0.0,0.2843246521166257,0.2112951913680466
6348.0,56.0,69.0,1145.0,4261.0,0.0,119.0,3.8333680629730225,5.943861484527588,0.9583539257835169,0.0,0.0,0.0,0.0,0.0,0.0,0.0,0.0,0.4106408024273838,0.3134184080375652
3748.0,169.0,203.0,6542.0,2454.0,0.0,3143.0,0.34858059883117676,1.1653242111206055,0.249081195421579,0.0,0.0,0.0,0.0,0.0,0.0,0.0,0.0,0.10014983530894493,0.09039379629145096
4293.0,168.0,286.0,4293.0,1183.0,0.0,445.0,2.7771856784820557,6.606611251831055,0.7832324139112872,0.0,0.0,0.0,0.0,0.0,0.0,0.0,0.0,0.27407125077027594,0.20456440109661106
5186.0,160.0,136.0,2460.0,882.0,0.0,447.0,1.8313069343566895,6.346887111663818,0.8292644164222986,0.0,0.0,0.0,0.0,0.0,0.0,0.0,0.0,0.2744370055590636,0.20911503646333285
2701.0,156.0,86.0,3873.0,5036.0,0.0,164.0,2.3093713521957397,3.53653883934021,0.8869614284400799,1.0,0.6931471805599453,0.24509765248494336,0.0,1.0,0.9999999999959199,0.5,1.0,0.362366929085404,0.7135135857865113
4108.0,176.0,169.0,1145.0,1971.0,1.0,1.0,3.41469144821167,6.5294342041015625,0.9434519149927787,0.0,0.0,0.0,0.0,0.0,0.0,0.0,0.0,0.37842856976178063,0.28517222911998746
4108.0,6.0,270.0,1145.0,4261.0,1.0,1.0,5.147679090499878,8.170665740966797,0.9874641118413946,4.0,1.6094379124341003,0.9611657480580811,0.2834296947237228,1.0,0.9850434403321977,0.6417148473618615,1.0,0.43175569197186825,0.736829809789721
4108.0,56.0,260.0,1145.0,1971.0,1.0,1.0,3.3111114501953125,6.32606840133667,0.9447077230464948,3.0,1.3862943611198906,0.5412194958693883,0.46320011727022903,0.536799882729771,0.3630371474562348,0.5,1.0,0.37930985364002123,0.6343567970564327
5686.0,170.0,51.0,5498.0,288.0,1.0,1.0,5.65678596496582,8.000621795654297,0.9887371505096019,0.0,0.0,0.0,0.0,0.0,0.0,0.0,0.0,0.45252300265060025,0.3281590549003955
5686.0,83.0,230.0,4346.0,2290.0,0.0,4.0,0.39949268102645874,0.2197539508342743,0.07163717216551332,0.0,0.0,0.0,0.0,0.0,0.0,0.0,0.0,0.07257531165639315,0.0681675729189092
5084.0,160.0,128.0,7084.0,6871.0,0.0,6272.0,2.966606616973877,0.982547402381897,0.7356775632664827,0.0,0.0,0.0,0.0,0.0,0.0,0.0,0.0,0.3416664463387136,0.28758052415832697
2822.0,156.0,104.0,2668.0,5445.0,0.0,7085.0,0.24776840209960938,-5.626920223236084,0.019054127261342736,0.0,0.0,0.0,0.0,0.0,0.0,0.0,0.0,0.0934921345311901,0.10055823886329326
1354.0,160.0,224.0,2290.0,2906.0,0.0,101.0,0.012277364730834961,2.6915557384490967,0.4599491118934029,0.0,0.0,0.0,0.0,0.0,0.0,0.0,0.0,0.1366472631850626,0.11785419932548287
3743.0,155.0,258.0,509.0,1826.0,1.0,1.0,10.633631944656372,7.949079990386963,0.9996406628874068,0.0,0.0,0.0,0.0,0.0,0.0,0.0,0.0,0.6253677865035159,0.4618588635737269
2620.0,160.0,348.0,1587.0,263.0,0.0,161.0,2.6993788480758667,0.7988936901092529,0.7206205124427626,1.0,0.6931471805599453,0.0010363408430989968,0.0,0.0,0.0,0.0,0.0,0.32849687436777103,0.2887726840626016
3758.0,61.0,341.0,3758.0,6785.0,0.0,3.0,0.9566192626953125,12.944854736328125,0.7121719975421944,0.0,0.0,0.0,0.0,0.0,0.0,0.0,0.0,0.13583768415339628,0.08938485680090755
3758.0,159.0,189.0,2617.0,5244.0,0.0,4.0,0.2635469436645508,5.682285308837891,0.3948986537729479,0.0,0.0,0.0,0.0,0.0,0.0,0.0,0.0,0.10131371049062256,0.08168174451364964
3631.0,53.0,52.0,171.0,292.0,1.0,1.0,11.427821159362793,8.351014137268066,0.9999010232169008,0.0,0.0,0.0,0.0,0.0,0.0,0.0,0.0,0.6436630561054957,0.47364204562482376
2931.0,160.0,146.0,2442.0,3928.0,1.0,1.0,5.824604094028473,6.398228168487549,0.9946059779989601,1.0,0.6931471805599453,0.8042490800314893,0.0,1.0,0.03958771040389001,0.5,1.0,0.4905903333811137,0.5527010132949135
2931.0,156.0,56.0,4769.0,151.0,0.0,31.0,2.4216317534446716,3.2169976234436035,0.8329328608495746,0.0,0.0,0.0,0.0,0.0,0.0,0.0,0.0,0.3414182509009148,0.2770756639234927
2931.0,156.0,243.0,4587.0,776.0,0.0,125.0,1.2718169689178467,5.171594619750977,0.655927813686821,0.0,0.0,0.0,0.0,0.0,0.0,0.0,0.0,0.2009366561665718,0.15831636298051183
1873.0,156.0,159.0,2442.0,4233.0,0.0,10.0,3.515069007873535,17.839635848999023,0.9709127860869341,1.0,0.6931471805599453,0.14358729437462936,0.0,0.0,0.0,0.0,0.0,0.22525411072745768,0.12678902377616375
4114.0,115.0,315.0,1161.0,1954.0,1.0,1.0,1.7759201526641846,4.063313961029053,0.6494313249310272,0.0,0.0,0.0,0.0,0.0,0.0,0.0,0.0,0.22309623721513788,0.1786730700088354
4114.0,56.0,238.0,5182.0,3600.0,0.0,7.0,0.7485249042510986,4.7207536697387695,0.5847568052118842,0.0,0.0,0.0,0.0,0.0,0.0,0.0,0.0,0.16937648215426054,0.13644106812098158
2794.0,169.0,42.0,3402.0,7117.0,0.0,7070.0,0.2580223083496094,-5.542282581329346,0.008500663458341997,0.0,0.0,0.0,0.0,0.0,0.0,0.0,0.0,0.09096630697489809,0.09779514736423295
2077.0,155.0,20.0,3155.0,5497.0,1.0,1.0,6.598596096038818,7.5531535148620605,0.9979498706336438,0.0,0.0,0.0,0.0,0.0,0.0,0.0,0.0,0.49786139613958774,0.36545883314888705
3777.0,56.0,336.0,846.0,2456.0,0.0,2.0,0.2006910815834999,-0.07296716421842575,0.22125874152488564,0.0,0.0,0.0,0.0,0.0,0.0,0.0,0.0,0.10038558124658194,0.09370134791893409
1594.0,169.0,77.0,1077.0,5395.0,0.0,1337.0,7.134595036506653,8.324686050415039,0.9988995486749878,2.0,1.0986122886681098,1.0,0.4950491105234984,0.5049508894765016,0.3377486972983249,0.5,1.0,0.5025861614546602,0.6683731653684326
5429.0,38.0,180.0,4396.0,935.0,0.0,5.0,0.5746214389801025,1.4476606845855713,0.30284358732405986,0.0,0.0,0.0,0.0,0.0,0.0,0.0,0.0,0.11345803126605797,0.10067820475408037
5656.0,86.0,38.0,5427.0,2266.0,1.0,1.0,2.188470959663391,1.0578640699386597,0.5054260957770491,3.0,1.3862943611198906,0.9803906099397734,0.0,1.0,0.9999999999996532,0.5,1.0,0.21059490509227755,0.5135267016058424
1951.0,156.0,314.0,2442.0,3002.0,0.0,15.0,0.1759408712387085,-0.9804677963256836,0.30481276164787185,1.0,0.6931471805599453,0.021450318165707895,0.0,0.0,0.0,0.0,0.0,0.12683210601559788,0.12433250216768829
3311.0,160.0,245.0,4284.0,1753.0,0.0,6462.0,0.41933655738830566,-2.4584968090057373,0.08269179592515659,0.0,0.0,0.0,0.0,0.0,0.0,0.0,0.0,0.08910842182472435,0.08853736279405647
7066.0,53.0,233.0,4593.0,362.0,0.0,4009.0,0.0013475418090820312,-4.8831000328063965,0.04586582046470963,0.0,0.0,0.0,0.0,0.0,0.0,0.0,0.0,0.09159746938320114,0.09727408823006319
2880.0,56.0,120.0,2404.0,4011.0,1.0,1.0,1.249749481678009,0.5758269429206848,0.21997260546342598,0.0,0.0,0.0,0.0,0.0,0.0,0.0,0.0,0.10898179571151348,0.0978174842769417
4196.0,160.0,19.0,6699.0,7123.0,0.0,5150.0,4.172528147697449,2.5082812309265137,0.8674997589961675,0.0,0.0,0.0,0.0,0.0,0.0,0.0,0.0,0.42906729208492145,0.3486603536666443
4133.0,160.0,183.0,7067.0,2701.0,0.0,60.0,0.33148038387298584,1.0816583633422852,0.19949446136360133,0.0,0.0,0.0,0.0,0.0,0.0,0.0,0.0,0.09019150664116918,0.08202913833200286
4212.0,169.0,169.0,5311.0,5264.0,0.0,51.0,1.8203001022338867,6.324168682098389,0.8061819578090956,1.0,0.6931471805599453,1.0,0.0,1.0,0.8755993466714196,0.5,1.0,0.26353246838079575,0.5061382144205753
4212.0,185.0,50.0,4212.0,5682.0,0.0,1574.0,2.4265007972717285,6.648758888244629,0.8539512811324304,0.0,0.0,0.0,0.0,0.0,0.0,0.0,0.0,0.29856822862975957,0.22455309275478036
4609.0,155.0,16.0,4416.0,1180.0,0.0,13.0,0.6999435424804688,3.583233118057251,0.6358208949972598,0.0,0.0,0.0,0.0,0.0,0.0,0.0,0.0,0.19921225767230194,0.16441763223838593
4609.0,86.0,168.0,2290.0,5390.0,0.0,64.0,1.7064829468727112,2.6849443912506104,0.5040832758085957,0.0,0.0,0.0,0.0,0.0,0.0,0.0,0.0,0.1813037441935955,0.15053321739417622
1050.0,168.0,308.0,3211.0,5451.0,0.0,105.0,1.9067926406860352,6.499439239501953,0.7650691188462178,2.0,1.0986122886681098,0.08751743620647534,0.12340036408582344,0.0,0.0,0.06170018204291172,0.0,0.24457685894055278,0.20909983994964185
5950.0,155.0,260.0,4805.0,3155.0,0.0,2.0,0.6673398017883301,8.360771179199219,0.5554477653354745,4.0,1.6094379124341003,0.4901953049698867,0.26127921349377525,0.7387207865062247,0.011979862780502256,0.5,1.0,0.1261786515526629,0.2302692913866417
5950.0,53.0,273.0,6293.0,2315.0,1.0,1.0,3.1660380363464355,8.62946891784668,0.9546396953927073,0.0,0.0,0.0,0.0,0.0,0.0,0.0,0.0,0.3418817757943409,0.2457740575069571
5950.0,103.0,217.0,5385.0,1077.0,1.0,1.0,3.858207941055298,5.890945911407471,0.9658045236340517,0.0,0.0,0.0,0.0,0.0,0.0,0.0,0.0,0.4167389449920246,0.3187412043570267
3918.0,127.0,283.0,3918.0,2694.0,0.0,6226.0,1.672056794166565,3.213981866836548,0.6228658552341793,0.0,0.0,0.0,0.0,0.0,0.0,0.0,0.0,0.22023828322113695,0.18013378605379707
1615.0,6.0,259.0,558.0,3494.0,0.0,283.0,0.37798595428466797,1.801109790802002,0.2461540535804091,0.0,0.0,0.0,0.0,0.0,0.0,0.0,0.0,0.09581044911690964,0.08524118799765039
2889.0,156.0,201.0,4783.0,558.0,0.0,430.0,0.2651616483926773,-0.15676678717136383,0.25657907344442177,0.0,0.0,0.0,0.0,0.0,0.0,0.0,0.0,0.10977345719585764,0.10208816776215228
2889.0,18.0,180.0,5182.0,4587.0,0.0,3.0,0.7111997604370117,4.744343280792236,0.3614108984186188,0.0,0.0,0.0,0.0,0.0,0.0,0.0,0.0,0.10574345880658688,0.08644558421363056
1978.0,160.0,42.0,6552.0,3133.0,0.0,421.0,3.4147650003433228,0.15712010860443115,0.7930725058220239,0.0,0.0,0.0,0.0,0.0,0.0,0.0,0.0,0.40197817581851414,0.34300432587735696
1509.0,0.0,302.0,150.0,362.0,0.0,229.0,0.6263248920440674,3.060089349746704,0.45304154309008615,0.0,0.0,0.0,0.0,0.0,0.0,0.0,0.0,0.14139812396109575,0.11941717865456718
421.0,167.0,154.0,1128.0,1183.0,1.0,1.0,1.5477945804595947,-0.13078737258911133,0.05409911693640293,0.0,0.0,0.0,0.0,0.0,0.0,0.0,0.0,0.0824574215071406,0.0759856205092445
3573.0,173.0,17.0,3155.0,6785.0,0.0,1241.0,0.5417816042900085,-0.47285276651382446,0.09449627656658134,0.0,0.0,0.0,0.0,0.0,0.0,0.0,0.0,0.08141118922756185,0.0771446009966623
4354.0,224.0,361.0,1145.0,1353.0,1.0,1.0,0.981623649597168,9.215055465698242,0.7268372214323006,8.0,2.1972245773362196,0.9611657480580811,0.35236861611195036,1.0,0.999999999999771,0.6761843080559752,1.0,0.17630909487483662,0.5014123771867516
2783.0,160.0,259.0,2427.0,3233.0,0.0,74.5,3.9054888486862183,2.1976704597473145,0.8667233098464351,4.0,1.6094379124341003,0.14938869249630476,0.5892524466285534,1.0,0.9489659412348539,0.7946262233142767,1.0,0.42527756591255383,0.8472982323625516
3483.0,191.0,267.0,1755.0,6147.0,0.0,2743.0,0.19386208057403564,-0.5746767520904541,0.05335192166253202,0.0,0.0,0.0,0.0,0.0,0.0,0.0,0.0,0.07161555075838369,0.0689672554994686
3483.0,160.0,5.0,6379.0,2248.0,1.0,1.0,3.3588569164276123,5.944212436676025,0.9248371587879235,0.0,0.0,0.0,0.0,0.0,0.0,0.0,0.0,0.3760711678996156,0.2867693071867086
2257.0,155.0,188.0,5556.0,2830.0,0.0,4075.0,0.30899810791015625,-4.402736663818359,0.05145722505717196,0.0,0.0,0.0,0.0,0.0,0.0,0.0,0.0,0.0932998540663632,0.09724836293565127
6329.0,155.0,342.0,5736.0,6355.0,0.0,1.0,0.2837052345275879,6.4311323165893555,0.33751316527345515,1.0,0.6931471805599453,1.0,0.0,1.0,0.730965566312838,0.5,1.0,0.08529576779673091,0.2074726348369632
6875.0,63.0,300.0,1134.0,929.0,0.0,12.0,1.2946138978004456,0.29582643508911133,0.23241995884168642,3.0,1.3862943611198906,0.9611657480580811,0.0,1.0,0.9999999999996416,0.5,1.0,0.11457336290035308,0.35874787696665394
6875.0,83.0,298.0,4560.0,5036.0,1.0,1.0,0.8168039321899414,2.481349229812622,0.37472012018242684,2.0,1.0986122886681098,0.9803906099397734,0.0,1.0,0.34219252720941185,0.5,1.0,0.1273277308054558,0.24511437356432644
5714.0,6.0,149.0,3976.0,5305.0,0.0,119.0,0.016968846321105957,-0.9862573146820068,0.04155783602298146,0.0,0.0,0.0,0.0,0.0,0.0,0.0,0.0,0.07013148056117927,0.06856226824967268
6054.0,155.0,113.0,3566.0,3341.0,0.0,4.0,4.919464409351349,5.866183757781982,0.9866010830539312,0.0,0.0,0.0,0.0,0.0,0.0,0.0,0.0,0.46486085728779647,0.3552205878051061
1555.0,18.0,103.0,1161.0,558.0,1.0,1.0,3.5069835782051086,4.214882850646973,0.758688137552626,0.0,0.0,0.0,0.0,0.0,0.0,0.0,0.0,0.3183461905524262,0.24854034728396304
3067.0,160.0,309.0,566.0,4052.0,0.0,4143.0,0.2314152717590332,-3.9659180641174316,0.03585480197629937,0.0,0.0,0.0,0.0,0.0,0.0,0.0,0.0,0.08677196192818096,0.08999531865912042
3936.0,156.0,126.0,6348.0,3211.0,0.0,787.0,2.0081779658794403,2.325648307800293,0.5739076354736646,0.0,0.0,0.0,0.0,0.0,0.0,0.0,0.0,0.21883117629161802,0.18162927376266774
346.0,160.0,223.0,1183.0,2460.0,0.0,1952.0,2.3194282054901123,3.648480176925659,0.8396786504882472,0.0,0.0,0.0,0.0,0.0,0.0,0.0,0.0,0.3349720841529148,0.26973110627836716
6146.0,38.0,29.0,5002.0,2906.0,0.0,66.0,1.5778555870056152,-1.6292552947998047,0.16883477908806896,0.0,0.0,0.0,0.0,0.0,0.0,0.0,0.0,0.1170772663395332,0.10993732348421452
1540.0,53.0,166.0,5417.0,7109.0,1.0,1.0,1.8104348182678223,5.9553446769714355,0.8459119629830498,2.0,1.0986122886681098,0.5100008047105996,0.4262755948188447,0.5737244051811553,0.2616705976080451,0.5,1.0,0.28769853521072947,0.5199536772394535
1540.0,53.0,222.0,1873.0,123.0,0.0,2.0,0.21317720413208008,6.846810340881348,0.3992390794658688,0.0,0.0,0.0,0.0,0.0,0.0,0.0,0.0,0.09420228194927567,0.07400430514180653
3399.0,160.0,153.0,4319.0,1881.0,0.0,1661.0,2.918764889240265,3.5389621257781982,0.8221448226193069,0.0,0.0,0.0,0.0,0.0,0.0,0.0,0.0,0.3454564509316289,0.27668781312466434
3399.0,155.0,41.0,5556.0,4319.0,1.0,1.0,5.083374500274658,8.438619613647461,0.9921823438903782,0.0,0.0,0.0,0.0,0.0,0.0,0.0,0.0,0.42765733556277624,0.30742967995441817
3780.0,175.0,276.0,3159.0,5046.0,1.0,1.0,3.6200308799743652,4.856465816497803,0.8400184316747948,0.0,0.0,0.0,0.0,0.0,0.0,0.0,0.0,0.35512763972569916,0.2746226452464087
4593.0,103.0,347.0,6888.0,4593.0,1.0,1.0,3.499184012413025,5.477397918701172,0.950546528337985,0.0,0.0,0.0,0.0,0.0,0.0,0.0,0.0,0.4033464093747541,0.3115045294168639
6847.0,55.0,221.0,4032.0,5154.0,0.0,223.0,0.2452690303325653,0.6507722735404968,0.012541494534930813,0.0,0.0,0.0,0.0,0.0,0.0,0.0,0.0,0.0605265160207429,0.05694826603825771
6847.0,156.0,348.0,5185.0,1509.0,1.0,1.0,3.0109479427337646,-0.5730702877044678,0.5643778868799637,0.0,0.0,0.0,0.0,0.0,0.0,0.0,0.0,0.27888074313320144,0.24197325586379892
2524.0,160.0,316.0,4415.0,4478.0,0.0,1010.0,0.43505096435546875,3.8791298866271973,0.4281247866886653,0.0,0.0,0.0,0.0,0.0,0.0,0.0,0.0,0.12467105292052616,0.10401601344070087
1896.0,160.0,293.0,2665.0,3380.0,0.0,1883.0,0.0692826509475708,0.9420467615127563,0.4182791511116585,0.0,0.0,0.0,0.0,0.0,0.0,0.0,0.0,0.14070321952096052,0.1263298117339243
143.0,207.0,97.0,5246.0,1317.0,0.0,207.0,1.2317001521587372,-0.20808234810829163,0.19025484194237222,0.0,0.0,0.0,0.0,0.0,0.0,0.0,0.0,0.10731368510756582,0.09832345906902816
1138.0,158.0,322.0,5036.0,509.0,0.0,6355.0,0.32949113845825195,3.6129794120788574,0.2489932141634024,1.0,0.6931471805599453,0.008974205898414338,0.0,0.0,0.0,0.0,0.0,0.08505574892025278,0.07605219553203377
1138.0,127.0,77.0,6407.0,1584.0,0.0,1255.0,2.9441099166870117,11.285225868225098,0.9489534514975937,0.0,0.0,0.0,0.0,0.0,0.0,0.0,0.0,0.29092531977162284,0.1958879646308211
1138.0,56.0,362.0,2419.0,1755.0,0.0,6206.0,1.247483253479004,5.162130832672119,0.6494695751605222,3.0,1.3862943611198906,0.7884782461155736,0.04244854011030852,0.9575514598896915,0.3437681272405055,0.5,1.0,0.1980356748110377,0.3558627810700063
1416.0,156.0,210.0,2547.0,2582.0,0.0,116.0,1.6290008425712585,2.1861119270324707,0.39298823862869203,0.0,0.0,0.0,0.0,0.0,0.0,0.0,0.0,0.14809847745105906,0.12533207264070156
2234.0,169.0,285.0,6504.0,18.0,0.0,352.0,0.5936386585235596,4.1880011558532715,0.53848498244798,0.0,0.0,0.0,0.0,0.0,0.0,0.0,0.0,0.15657716153326723,0.12834121132317294
2234.0,160.0,148.0,6350.0,5484.0,0.0,4.0,0.6555440425872803,2.0811588764190674,0.46490062042998864,0.0,0.0,0.0,0.0,0.0,0.0,0.0,0.0,0.15442235926835157,0.1330526418056998
2712.0,53.0,15.0,146.0,4702.0,0.0,2.0,0.2678995132446289,5.4666218757629395,0.5328534962705055,0.0,0.0,0.0,0.0,0.0,0.0,0.0,0.0,0.137750900650426,0.11048310506941594
2712.0,53.0,342.0,6293.0,2600.0,0.0,2.0,0.6998710632324219,5.889754295349121,0.6146873185824584,0.0,0.0,0.0,0.0,0.0,0.0,0.0,0.0,0.1667076721455739,0.13074067730866953
2712.0,155.0,125.0,6291.0,1182.0,0.0,5887.0,1.9593511819839478,2.6280417442321777,0.5923782221736577,0.0,0.0,0.0,0.0,0.0,0.0,0.0,0.0,0.22158075959963444,0.18277574999707347
2347.0,156.0,111.0,715.0,1500.0,0.0,3301.0,1.205183506011963,-1.7815964221954346,0.054066662003877726,0.0,0.0,0.0,0.0,0.0,0.0,0.0,0.0,0.08816065661612683,0.0849433249980262
4473.0,160.0,330.0,244.0,1509.0,0.0,112.0,5.995007753372192,8.548360824584961,0.9930734800566707,10.0,2.3978952727983707,0.9803906099397734,0.5730107118185732,0.7636610532368555,0.3511133723751946,0.6683358825277144,1.0,0.45661937114767226,0.6857885426435133
4473.0,160.0,224.0,244.0,6401.0,1.0,1.0,1.869424819946289,6.834818363189697,0.7881091275180271,7.0,2.0794415416798357,0.7141434062641757,0.573093385004873,0.889309885622564,0.6008610123439159,0.7312016353137185,1.0,0.24944692039298907,0.5885152020317134
4473.0,6.0,75.0,464.0,4117.0,0.0,14.0,0.7630150318145752,2.7015721797943115,0.3891477647312964,0.0,0.0,0.0,0.0,0.0,0.0,0.0,0.0,0.1286165157759764,0.10969658738488237
4828.0,160.0,153.0,4834.0,1134.0,0.0,3.0,5.535994291305542,7.245181560516357,0.9924131571805022,1.0,0.6931471805599453,1.0,0.0,1.0,0.19549292259451584,0.5,1.0,0.46424517066527393,0.5398914151643989
226.0,157.0,255.0,1145.0,1500.0,1.0,1.0,0.09913420677185059,2.5183441638946533,0.154334397110392,0.0,0.0,0.0,0.0,0.0,0.0,0.0,0.0,0.07205515035561798,0.06416781801309895
226.0,156.0,150.0,4185.0,1145.0,0.0,2.0,4.055231213569641,3.886202096939087,0.9402475245531822,0.0,0.0,0.0,0.0,0.0,0.0,0.0,0.0,0.4437437671078807,0.3533211384036843
766.0,155.0,234.0,146.0,6635.0,1.0,1.0,6.69746470451355,5.814456939697266,0.9908842869687703,3.0,1.3862943611198906,0.39423912305778674,0.012779235527092592,1.0,0.9999999999987356,0.5063896177635463,1.0,0.5283853604745444,0.8035121979348834
2053.0,160.0,297.0,4702.0,2439.0,0.0,220.0,0.4083278179168701,-3.373417854309082,0.1357824914171668,0.0,0.0,0.0,0.0,0.0,0.0,0.0,0.0,0.10603525052515428,0.10670424287644598
1214.0,160.0,223.0,3567.0,5002.0,0.0,7059.0,0.6278882026672363,-4.423341274261475,0.07675105519162079,0.0,0.0,0.0,0.0,0.0,0.0,0.0,0.0,0.10262061363652862,0.10577515030205414
2111.0,0.0,133.0,1161.0,6445.0,1.0,1.0,7.1478526294231415,6.87625789642334,0.9939656140466423,2.0,1.0986122886681098,0.9238395952400507,0.38805466953545376,1.0,0.9999999999993375,0.6940273347677268,1.0,0.5262533500697402,0.811318418550063
1177.0,127.0,89.0,1144.0,1122.0,0.0,6266.0,0.8903071880340576,-0.7051347494125366,0.17483402246987434,0.0,0.0,0.0,0.0,0.0,0.0,0.0,0.0,0.1028632111957234,0.09621470683744318
4050.0,160.0,98.0,6485.0,236.0,0.0,4192.0,0.08253705501556396,-1.9485572576522827,0.047446806947247074,0.0,0.0,0.0,0.0,0.0,0.0,0.0,0.0,0.07642450508280903,0.07610480182880422
1134.0,169.0,311.0,2452.0,4504.0,0.0,97.0,2.2304541245102882,0.06849781423807144,0.40060784334731103,0.0,0.0,0.0,0.0,0.0,0.0,0.0,0.0,0.18293196637685336,0.15998136432557686
5015.0,207.0,345.0,2243.0,4721.0,1.0,1.0,6.236568927764893,8.110215187072754,0.9970228996413082,1.0,0.6931471805599453,0.9803906099397734,0.0,1.0,0.99999999999898,0.5,1.0,0.47500488404970587,0.7061166263459363
2137.0,123.0,364.0,776.0,2814.0,0.0,25.0,0.2861056327819824,5.955883979797363,0.309637671280177,0.0,0.0,0.0,0.0,0.0,0.0,0.0,0.0,0.08279881009808937,0.06680753544640808
50.0,115.0,275.0,2570.0,649.0,0.0,6.0,0.06597065925598145,-1.933692216873169,0.0397803891364442,0.0,0.0,0.0,0.0,0.0,0.0,0.0,0.0,0.07490069153489132,0.07467014660250251
6946.0,160.0,329.0,2790.0,4100.0,0.0,4592.0,3.6614211797714233,-0.8205667734146118,0.5269579115431011,0.0,0.0,0.0,0.0,0.0,0.0,0.0,0.0,0.2820482193152473,0.24356197639100483
5068.0,160.0,247.0,2692.0,2691.0,0.0,3325.0,0.3487633168697357,0.12235231697559357,0.13542544227170275,0.0,0.0,0.0,0.0,0.0,0.0,0.0,0.0,0.08363973223149887,0.07822760698430602
28.0,169.0,91.0,2547.0,2783.0,0.0,1016.0,0.9861129820346832,0.8072666525840759,0.4329946457279433,0.0,0.0,0.0,0.0,0.0,0.0,0.0,0.0,0.16242565106375062,0.14317491005891075
28.0,160.0,129.0,2278.0,3516.0,0.0,96.0,1.0539724826812744,2.2420499324798584,0.6383483110207292,0.0,0.0,0.0,0.0,0.0,0.0,0.0,0.0,0.22440592752526164,0.18944463055103453
6422.0,38.0,329.0,5370.0,6422.0,1.0,1.0,11.869323521852493,12.222301483154297,0.9999871198946351,24.0,3.2188758248682006,0.9057236642639067,0.3432503518399239,0.9899077012373099,0.9792567901311515,0.6665790265386169,1.0,0.5916833313191523,0.8282710150092484
6422.0,191.0,65.0,5370.0,6422.0,1.0,1.0,1.016554355621338,8.87954330444336,0.7326315826621922,3.0,1.3862943611198906,0.7578582832551991,0.5113040957495978,0.8111149600607614,0.5123799004651355,0.6612095279051796,1.0,0.18263710534190228,0.4332199969926839
6476.0,170.0,270.0,5449.0,1077.0,1.0,1.0,0.9605236053466797,9.038719177246094,0.7210441443920078,0.0,0.0,0.0,0.0,0.0,0.0,0.0,0.0,0.17572236909115668,0.12711235784693695
6476.0,103.0,279.0,6476.0,5665.0,0.0,3.0,1.0934500694274902,8.588787078857422,0.5768491129933239,0.0,0.0,0.0,0.0,0.0,0.0,0.0,0.0,0.13675516154861497,0.10007961027354839
4068.0,156.0,41.0,566.0,5432.0,0.0,65.0,2.7032090425491333,3.8490147590637207,0.8536783962032842,0.0,0.0,0.0,0.0,0.0,0.0,0.0,0.0,0.35099260085053546,0.28044369729509205
4442.0,163.0,210.0,2125.0,1804.0,0.0,1267.0,0.17928004264831543,-0.6515260934829712,0.0033941736679710967,0.0,0.0,0.0,0.0,0.0,0.0,0.0,0.0,0.06422883403045856,0.062377598268355816
4035.0,160.0,201.0,920.0,4594.0,0.0,229.0,0.19188213348388672,4.293446063995361,0.43356005735865355,0.0,0.0,0.0,0.0,0.0,0.0,0.0,0.0,0.11933989146969441,0.0991411061587735
4035.0,160.0,39.0,4408.0,359.0,0.0,160.0,2.9779229164123535,7.229706287384033,0.8942730106222749,0.0,0.0,0.0,0.0,0.0,0.0,0.0,0.0,0.3264087904144219,0.24152304762226637
3909.0,56.0,364.0,3884.0,101.0,1.0,1.0,5.421706795692444,6.260926246643066,0.9873442369146708,1.0,0.6931471805599453,0.7884782461155736,0.0,1.0,0.9999999999987318,0.5,1.0,0.47510245951244257,0.7338911756066657
3909.0,6.0,324.0,7084.0,5039.0,0.0,8.0,0.15241974592208862,-0.9595130085945129,0.21231305134712647,0.0,0.0,0.0,0.0,0.0,0.0,0.0,0.0,0.1036931997802167,0.09886876962486532
882.0,155.0,66.0,3159.0,2790.0,1.0,1.0,6.45330286026001,11.456703186035156,0.9958810212001135,0.0,0.0,0.0,0.0,0.0,0.0,0.0,0.0,0.4217026168553129,0.27975440186144435
428.0,0.0,233.0,1183.0,4393.0,0.0,2.0,0.6307978630065918,1.5179592370986938,0.5044934536208003,0.0,0.0,0.0,0.0,0.0,0.0,0.0,0.0,0.17257332374421216,0.15017754375641396
428.0,224.0,298.0,4393.0,3727.0,1.0,1.0,4.625501394271851,2.302056074142456,0.9577414635258443,4.0,1.6094379124341003,0.9803906099397734,0.03551198707051684,1.0,0.9999999999990161,0.5177559935352585,1.0,0.5019898219207576,0.7804175591056463
4605.0,42.0,296.0,1175.0,4993.0,1.0,1.0,2.475792407989502,4.733098030090332,0.7932582079462759,0.0,0.0,0.0,0.0,0.0,0.0,0.0,0.0,0.29838128926564833,0.23356669612343461
195.0,222.0,172.0,195.0,5046.0,0.0,25.0,1.234662026166916,0.012013763189315796,0.35209285730853107,0.0,0.0,0.0,0.0,0.0,0.0,0.0,0.0,0.14879908362298913,0.13356423585821098
2313.0,53.0,222.0,6293.0,3380.0,0.0,2.0,1.604166030883789,8.945785522460938,0.8324098793577941,0.0,0.0,0.0,0.0,0.0,0.0,0.0,0.0,0.23442194561471763,0.16850261151334509
3320.0,160.0,316.0,818.0,6566.0,0.0,36.0,0.6837231814861298,-0.3780982792377472,0.5055320551712151,1.0,0.6931471805599453,0.7730166686334901,0.0,0.0,0.0,0.0,0.0,0.1945719896418264,0.144908689675863
3320.0,127.0,286.0,1836.0,5385.0,1.0,1.0,1.4255043864250183,2.06876277923584,0.5590164632412795,1.0,0.6931471805599453,0.9803906099397734,0.0,1.0,0.99999999999898,0.5,1.0,0.20285383770147938,0.48639678286171517
3515.0,103.0,328.0,2460.0,26.0,0.0,2.0,0.5760903358459473,8.256025314331055,0.6394544098252619,0.0,0.0,0.0,0.0,0.0,0.0,0.0,0.0,0.14962946671026664,0.11124823627085924
4785.0,160.0,259.0,6934.0,5821.0,0.0,7084.0,0.8608741760253906,-6.247025489807129,0.027485100254161156,0.0,0.0,0.0,0.0,0.0,0.0,0.0,0.0,0.10682206036019652,0.11437820544092052
2655.0,103.0,349.0,359.0,272.0,1.0,1.0,2.6381821632385254,5.222463130950928,0.7717082096394867,1.0,0.6931471805599453,0.9803906099397734,0.0,1.0,0.99999999999898,0.5,1.0,0.2848727973223843,0.5636665177717264
70.0,169.0,93.0,6437.0,4239.0,0.0,1058.0,0.011686205863952637,-1.321960687637329,0.03756522912321688,0.0,0.0,0.0,0.0,0.0,0.0,0.0,0.0,0.07104793901657194,0.07001411957285752
4625.0,160.0,308.0,6379.0,1135.0,0.0,7114.0,0.2793287569656968,0.2860807180404663,0.36535082463563795,0.0,0.0,0.0,0.0,0.0,0.0,0.0,0.0,0.1345739199093253,0.12255171848044465
3591.0,103.0,363.0,4562.0,646.0,1.0,1.0,7.157323181629181,6.45002555847168,0.9802222896707197,0.0,0.0,0.0,0.0,0.0,0.0,0.0,0.0,0.5260096809198449,0.3949863609490061
6562.0,53.0,329.0,2236.0,2686.0,0.0,1.0,0.055989742279052734,7.282969951629639,0.3739610964755199,1.0,0.6931471805599453,1.0,0.0,0.0,0.0,0.0,1.0,0.0849349611358559,0.09760790032513314
6562.0,53.0,338.0,5390.0,4723.0,0.0,999.0,1.2906453907489777,0.9542445540428162,0.5436347942275584,0.0,0.0,0.0,0.0,0.0,0.0,0.0,0.0,0.20699069050597538,0.17950514085652575
2510.0,61.0,144.0,489.0,6490.0,0.0,8.0,3.844786286354065,2.465839385986328,0.7273381458251845,0.0,0.0,0.0,0.0,0.0,0.0,0.0,0.0,0.33970110891254784,0.27411835056951606
6566.0,160.0,266.0,3922.0,6635.0,0.0,399.0,8.858228206634521,15.413337707519531,0.9998276034550441,3.0,1.3862943611198906,0.5520447568369061,0.4544862132805718,0.5455137867194282,0.005950452625800606,0.5,1.0,0.4335016266418693,0.5195686852342479
4601.0,103.0,189.0,3884.0,779.0,1.0,1.0,0.9367995262145996,5.8143229484558105,0.5698088629322019,0.0,0.0,0.0,0.0,0.0,0.0,0.0,0.0,0.15712366679331313,0.12308477800221419
5152.0,160.0,296.0,4261.0,2661.0,0.0,1939.0,0.026805758476257324,-1.8941032886505127,0.17458620379627365,0.0,0.0,0.0,0.0,0.0,0.0,0.0,0.0,0.10001357046230719,0.09802056013965711
6360.0,142.0,324.0,1077.0,4993.0,0.0,3.0,0.7879352569580078,8.06632137298584,0.6498535006565692,1.0,0.6931471805599453,0.2706097479346942,0.0,0.0,0.0,0.0,0.0,0.1584138876232942,0.11292771838384466
51.0,53.0,189.0,2694.0,5091.0,0.0,1.0,1.1560149192810059,8.595867156982422,0.760054242964849,1.0,0.6931471805599453,1.0,0.0,1.0,0.9999999999989999,0.5,1.0,0.1989113255077283,0.4354912251459248
127.0,155.0,316.0,3159.0,3341.0,1.0,1.0,6.214907646179199,8.318044662475586,0.995307697049678,0.0,0.0,0.0,0.0,0.0,0.0,0.0,0.0,0.46949503224088573,0.33802134157156577
6409.0,163.0,129.0,2454.0,3592.0,0.0,4.0,2.371879458427429,3.2009875774383545,0.4550994532933777,0.0,0.0,0.0,0.0,0.0,0.0,0.0,0.0,0.17179373652254037,0.13949542681023996
5970.0,6.0,193.0,2668.0,2912.0,0.0,7023.0,0.18897724151611328,-4.518439292907715,0.005645688379539998,0.0,0.0,0.0,0.0,0.0,0.0,0.0,0.0,0.08376710412389182,0.08835794030482264
308.0,169.0,323.0,3155.0,1183.0,0.0,5860.0,0.08569884300231934,2.522420644760132,0.3996782777416546,0.0,0.0,0.0,0.0,0.0,0.0,0.0,0.0,0.12276786209784384,0.10664349230347737
5039.0,38.0,275.0,6661.0,4789.0,0.0,6.0,1.4797862768173218,1.8291064500808716,0.5693290645658037,0.0,0.0,0.0,0.0,0.0,0.0,0.0,0.0,0.21098238445990086,0.1787418539270111
5257.0,169.0,85.0,2912.0,5445.0,0.0,6917.0,0.016788482666015625,-5.718756198883057,0.005667184292303084,0.0,0.0,0.0,0.0,0.0,0.0,0.0,0.0,0.08878515008923542,0.09644337185500354
5229.0,53.0,68.0,5190.0,917.0,1.0,1.0,10.580317497253418,8.679479598999023,0.9998190427201099,0.0,0.0,0.0,0.0,0.0,0.0,0.0,0.0,0.6112900712868156,0.44322291845768863
1235.0,56.0,279.0,6795.0,669.0,0.0,3187.0,0.46830201148986816,2.0767922401428223,0.3147107045446156,0.0,0.0,0.0,0.0,0.0,0.0,0.0,0.0,0.11034496531541828,0.096700640061621
2231.0,127.0,63.0,6871.0,1135.0,0.0,5.0,5.4629398584365845,6.235016345977783,0.9836785183442276,1.0,0.6931471805599453,1.0,0.0,1.0,0.9999999999989999,0.5,1.0,0.47475775030778733,0.7182207886528928
4378.0,6.0,33.0,6442.0,2341.0,0.0,122.0,1.5363951921463013,-1.5712209939956665,0.06313525551832586,0.0,0.0,0.0,0.0,0.0,0.0,0.0,0.0,0.09238111299465328,0.08778065730631446
6379.0,56.0,280.0,2278.0,1077.0,0.0,52.0,1.3758044242858887,8.755744934082031,0.7786446321343262,0.0,0.0,0.0,0.0,0.0,0.0,0.0,0.0,0.20913017860949304,0.15129352342086314
6379.0,142.0,323.0,3155.0,2906.0,0.0,27.0,7.203126311302185,8.419679641723633,0.9974993730711248,0.0,0.0,0.0,0.0,0.0,0.0,0.0,0.0,0.5023397676759447,0.3610408034118159
3186.0,0.0,0.0,1272.0,276.0,0.0,4595.0,6.472483217716217,7.180466651916504,0.9837079647653052,1.0,0.6931471805599453,1.0,0.0,1.0,0.9999999999989999,0.5,1.0,0.49176557657519643,0.7218270978928397
6973.0,53.0,74.0,803.0,4172.0,1.0,1.0,0.8286395072937012,8.12955379486084,0.6958439854649504,0.0,0.0,0.0,0.0,0.0,0.0,0.0,0.0,0.17388583368356622,0.1288688920292473
4809.0,155.0,38.0,1221.0,6126.0,1.0,1.0,8.081299304962158,6.933544158935547,0.9907242397138836,0.0,0.0,0.0,0.0,0.0,0.0,0.0,0.0,0.5546199000482372,0.4134477913604156
6220.0,158.0,303.0,2442.0,4587.0,0.0,7.0,2.201986312866211,8.451521873474121,0.8710647132628341,0.0,0.0,0.0,0.0,0.0,0.0,0.0,0.0,0.27413212899753875,0.19826432422227278
6585.0,222.0,355.0,2445.0,1874.0,0.0,2.0,1.617908000946045,3.701960802078247,0.7568557484025925,0.0,0.0,0.0,0.0,0.0,0.0,0.0,0.0,0.27208534491571473,0.22025793399004984
2788.0,53.0,165.0,2504.0,4319.0,1.0,1.0,7.446055755019188,7.314263820648193,0.9948764999059017,0.0,0.0,0.0,0.0,0.0,0.0,0.0,0.0,0.5289455803794834,0.39056944015637357
3057.0,159.0,198.0,7076.0,5445.0,0.0,7106.0,0.29003214836120605,-2.6599466800689697,0.0046385213396980575,0.0,0.0,0.0,0.0,0.0,0.0,0.0,0.0,0.07477569228431181,0.07563495756627359
4688.0,53.0,284.0,4582.0,2336.0,1.0,1.0,7.943887531757355,7.229645252227783,0.9991614079098361,0.0,0.0,0.0,0.0,0.0,0.0,0.0,0.0,0.5497523241332817,0.40765021921929967
4988.0,156.0,19.0,6872.0,1163.0,0.0,6874.0,0.3654555082321167,1.4049723148345947,0.35670281753272465,0.0,0.0,0.0,0.0,0.0,0.0,0.0,0.0,0.1244109999483648,0.11046966118669095
4392.0,53.0,253.0,1455.0,1589.0,0.0,2810.0,0.03705263137817383,-2.9230499267578125,0.04931814540687189,0.0,0.0,0.0,0.0,0.0,0.0,0.0,0.0,0.0814326179866195,0.08287993040060684
5173.0,160.0,133.0,6504.0,5305.0,0.0,789.0,1.7824032306671143,3.1011581420898438,0.6679989360145956,0.0,0.0,0.0,0.0,0.0,0.0,0.0,0.0,0.24371116976045049,0.19933259454711824
6661.0,160.0,247.0,1183.0,6291.0,0.0,905.0,4.754766464233398,7.8489766120910645,0.9807239502814113,0.0,0.0,0.0,0.0,0.0,0.0,0.0,0.0,0.4204892589723615,0.30640912025928313
973.0,103.0,343.0,846.0,412.0,1.0,1.0,8.081546664237976,6.52359676361084,0.9964474289799553,0.0,0.0,0.0,0.0,0.0,0.0,0.0,0.0,0.5653386613316408,0.42617189852025605
4619.0,156.0,252.0,1253.0,5340.0,0.0,1112.0,0.5484938621520996,-4.065194129943848,0.0484790126272926,0.0,0.0,0.0,0.0,0.0,0.0,0.0,0.0,0.09336473533701273,0.09608133702832715
5604.0,160.0,139.0,3910.0,2784.0,0.0,3.0,0.06676411628723145,-2.680940866470337,0.05885023748970051,0.0,0.0,0.0,0.0,0.0,0.0,0.0,0.0,0.08214285209336618,0.08300355835017033
1913.0,6.0,154.0,1913.0,4783.0,0.0,45.0,0.4520754814147949,3.717994451522827,0.35829948529063416,0.0,0.0,0.0,0.0,0.0,0.0,0.0,0.0,0.10878586755925161,0.09158424430215528
1913.0,53.0,96.0,5182.0,1954.0,0.0,1.0,3.0443191528320312,13.021015167236328,0.9537923967383098,2.0,1.0986122886681098,1.0,0.0,1.0,0.3466642194594624,0.5,1.0,0.27064517156319595,0.35778131095814714
2584.0,0.0,355.0,1283.0,929.0,1.0,1.0,2.1497591733932495,1.8907263278961182,0.6231749894520859,0.0,0.0,0.0,0.0,0.0,0.0,0.0,0.0,0.24915046796620333,0.20803338528653859
5438.0,38.0,160.0,4383.0,3657.0,0.0,579.0,0.28871428966522217,-0.716425895690918,0.15597949386612733,0.0,0.0,0.0,0.0,0.0,0.0,0.0,0.0,0.09180785813382707,0.08736607728510218
5438.0,51.0,144.0,1171.0,6291.0,0.0,1672.0,1.9755877256393433,3.120842695236206,0.42022841541889416,0.0,0.0,0.0,0.0,0.0,0.0,0.0,0.0,0.15384344630788005,0.12637466597671304
4549.0,169.0,145.0,4549.0,45.0,0.0,80.0,1.9037041664123535,4.621330261230469,0.676760996642467,0.0,0.0,0.0,0.0,0.0,0.0,0.0,0.0,0.23059006996960096,0.18196341950829834
5763.0,224.0,113.0,2263.0,5405.0,0.0,6542.0,0.22116327285766602,-5.822783946990967,0.02178970455916347,0.0,0.0,0.0,0.0,0.0,0.0,0.0,0.0,0.09495789178091664,0.10257445149421408
3005.0,13.0,143.0,4294.0,5039.0,0.0,175.0,0.4146341383457184,0.06345289945602417,0.033077265567480585,0.0,0.0,0.0,0.0,0.0,0.0,0.0,0.0,0.06739963745819941,0.06380300999989831
5780.0,160.0,312.0,3155.0,6618.0,1.0,1.0,3.1688051223754883,8.841901779174805,0.9546976023420861,4.0,1.6094379124341003,0.21763764082403103,0.5303585652325636,0.0,0.0,0.2651792826162818,0.0,0.3385448912278011,0.3405215419796405
236.0,53.0,24.0,4188.0,2230.0,1.0,1.0,9.187585830688477,8.14066219329834,0.9993986967434282,0.0,0.0,0.0,0.0,0.0,0.0,0.0,0.0,0.5750378709883444,0.4189934813016622
5094.0,53.0,293.0,5094.0,1145.0,0.0,2314.0,1.8657982349395752,4.778134822845459,0.7769566396441557,0.0,0.0,0.0,0.0,0.0,0.0,0.0,0.0,0.272885832963204,0.2150072038573833
5094.0,156.0,338.0,1145.0,4261.0,1.0,1.0,2.935044765472412,7.594537258148193,0.8918013569573786,6.0,1.9459101490553132,0.9803906099397734,0.6871173917476632,1.0,0.9999999999996808,0.8435586958738316,1.0,0.31807374490821283,0.7304112800349718
2294.0,156.0,313.0,5484.0,4247.0,1.0,1.0,1.4552767872810364,0.5989335179328918,0.37229117678972695,1.0,0.6931471805599453,0.9803906099397734,0.0,1.0,0.99999999999898,0.5,1.0,0.15341737705098618,0.4172911565496171
2840.0,169.0,43.0,5196.0,566.0,0.0,410.0,0.03362870216369629,-0.8096577525138855,0.07574027168073379,0.0,0.0,0.0,0.0,0.0,0.0,0.0,0.0,0.07496300982341679,0.07265514314401703
1580.0,155.0,278.0,6410.0,2278.0,0.0,5.0,1.6464118957519531,7.609622001647949,0.8378319324664821,2.0,1.0986122886681098,1.0,0.0,1.0,0.3464916995760273,0.5,1.0,0.25578400337771234,0.38223160201002077
2419.0,146.0,269.0,146.0,2100.0,0.0,24.0,0.16481029987335205,0.7273308634757996,0.09118153425435783,0.0,0.0,0.0,0.0,0.0,0.0,0.0,0.0,0.0711491865818766,0.06632029512824483
1843.0,53.0,47.0,2315.0,5154.0,1.0,1.0,1.7776451110839844,7.410126209259033,0.8484981382106208,0.0,0.0,0.0,0.0,0.0,0.0,0.0,0.0,0.26695808762479484,0.1987395132898742
5872.0,123.0,302.0,4199.0,7004.0,0.0,3368.0,0.46135377883911133,-2.818211793899536,0.0036110830397071293,0.0,0.0,0.0,0.0,0.0,0.0,0.0,0.0,0.07703024332640382,0.07784553219706959
2484.0,115.0,247.0,5445.0,2983.0,0.0,4596.0,0.1165320873260498,-2.9484481811523438,0.0043263060791655,0.0,0.0,0.0,0.0,0.0,0.0,0.0,0.0,0.07454611544237598,0.07621669512971296
1015.0,160.0,139.0,5433.0,2582.0,0.0,7019.0,0.6612086296081543,-2.5673208236694336,0.04466093949695656,0.0,0.0,0.0,0.0,0.0,0.0,0.0,0.0,0.08505011288711478,0.08459551831414609
2739.0,160.0,19.0,639.0,3616.0,0.0,2239.0,0.364621639251709,-2.334806442260742,0.10970377901347178,0.0,0.0,0.0,0.0,0.0,0.0,0.0,0.0,0.09314418737394235,0.09211400257072735
1220.0,123.0,119.0,1225.0,3535.0,0.0,6.0,1.4665825366973877,4.116320610046387,0.3179896681119584,0.0,0.0,0.0,0.0,0.0,0.0,0.0,0.0,0.10987597344885329,0.08987915396300464
3958.0,87.0,250.0,6861.0,64.0,0.0,15.0,0.3098480459302664,-0.0222890917211771,0.026996205547787377,0.0,0.0,0.0,0.0,0.0,0.0,0.0,0.0,0.06599211400949262,0.06280543582566493
4888.0,53.0,295.0,545.0,3933.0,1.0,1.0,11.04680609703064,14.707232475280762,0.9999806840214633,0.0,0.0,0.0,0.0,0.0,0.0,0.0,0.0,0.5199411828543353,0.31980804662989154
2202.0,173.0,11.0,1145.0,3884.0,1.0,1.0,1.3058075904846191,5.535138130187988,0.5675290556421402,0.0,0.0,0.0,0.0,0.0,0.0,0.0,0.0,0.16587092495652295,0.12983840585217524
4070.0,160.0,293.0,2272.0,3657.0,0.0,105.0,2.058248519897461,6.6444621086120605,0.8600876649070995,0.0,0.0,0.0,0.0,0.0,0.0,0.0,0.0,0.29135424241635893,0.22019751438760948
4070.0,160.0,272.0,3262.0,5246.0,0.0,796.0,1.5665535926818848,5.923020362854004,0.8219278450439791,2.0,1.0986122886681098,1.0,0.4359895100305369,1.0,0.503286641308551,0.7179947550152684,1.0,0.2699231695826164,0.5340808817722968
6985.0,158.0,347.0,4437.0,3415.0,0.0,2.0,1.074483722448349,0.2964424192905426,0.03279479348147334,0.0,0.0,0.0,0.0,0.0,0.0,0.0,0.0,0.07204626443998907,0.06672206636589205
2455.0,6.0,46.0,1173.0,6805.0,0.0,3.0,1.5352821350097656,10.729880332946777,0.711467972752782,0.0,0.0,0.0,0.0,0.0,0.0,0.0,0.0,0.166116597886618,0.1141881996293209
5907.0,53.0,244.0,6504.0,6805.0,1.0,1.0,6.955518484115601,8.557656288146973,0.9988495220348265,0.0,0.0,0.0,0.0,0.0,0.0,0.0,0.0,0.49228726883375795,0.35261519379342865
1839.0,160.0,197.0,1477.0,6843.0,0.0,444.0,0.020487546920776367,-3.9489238262176514,0.023789879301480455,0.0,0.0,0.0,0.0,0.0,0.0,0.0,0.0,0.08222285073375327,0.08585684025533245
5193.0,160.0,122.0,2906.0,244.0,0.0,5376.0,0.9992509484291077,-0.77679044008255,0.18364122608447417,0.0,0.0,0.0,0.0,0.0,0.0,0.0,0.0,0.10672207654913675,0.0996165434187055
7099.0,155.0,74.0,146.0,45.0,1.0,1.0,3.9744255542755127,6.541069984436035,0.9665252973694601,0.0,0.0,0.0,0.0,0.0,0.0,0.0,0.0,0.4095581315566534,0.3083831636433399
2251.0,53.0,216.0,5395.0,20.0,0.0,1314.0,0.22524329531006515,0.2239322066307068,0.25640647280626755,0.0,0.0,0.0,0.0,0.0,0.0,0.0,0.0,0.10655423858851895,0.09838046236670048
4867.0,16.0,55.0,1130.0,6017.0,0.0,10.0,0.4773254990577698,0.1811474859714508,0.09272629654622266,0.0,0.0,0.0,0.0,0.0,0.0,0.0,0.0,0.07701215313854455,0.07206979013702954
3305.0,127.0,5.0,6122.0,2609.0,0.0,2990.0,10.449520230293274,8.540017127990723,0.9996583684211997,1.0,0.6931471805599453,1.0,0.0,1.0,0.9999999999989999,0.5,1.0,0.6093935677416382,0.7835200472009686
5587.0,53.0,70.0,2104.0,1564.0,1.0,1.0,1.1261024475097656,9.59477710723877,0.7550893044285832,0.0,0.0,0.0,0.0,0.0,0.0,0.0,0.0,0.1852103110698892,0.1318151152844485
2281.0,155.0,25.0,3380.0,56.0,0.0,6.0,0.08476519584655762,0.6021731495857239,0.15229281534613281,0.0,0.0,0.0,0.0,0.0,0.0,0.0,0.0,0.08138487067184018,0.07566999421020425
1955.0,127.0,194.0,4304.0,7038.0,0.0,132.0,3.0054996013641357,6.9237799644470215,0.9286022922360262,1.0,0.6931471805599453,1.0,0.0,1.0,0.9999999999989999,0.5,1.0,0.3507196913570187,0.6180241594098453
2902.0,18.0,320.0,1128.0,6749.0,0.0,5993.0,2.3735533356666565,0.23329144716262817,0.2213008262467916,0.0,0.0,0.0,0.0,0.0,0.0,0.0,0.0,0.12772267573144513,0.1125122977518647
5990.0,38.0,278.0,3331.0,6159.0,0.0,6432.0,0.281205415725708,-3.95001482963562,0.014892438574980673,0.0,0.0,0.0,0.0,0.0,0.0,0.0,0.0,0.08327705417095478,0.0864793557392868
5218.0,160.0,93.0,1874.0,5158.0,0.0,4911.0,2.3410301208496094,2.9540064334869385,0.8157674792373215,0.0,0.0,0.0,0.0,0.0,0.0,0.0,0.0,0.3339887142487461,0.27261251017404153
3721.0,38.0,211.0,4545.0,2230.0,0.0,104.0,1.7079730033874512,-0.9514365196228027,0.2579081753714717,0.0,0.0,0.0,0.0,0.0,0.0,0.0,0.0,0.13737637174638911,0.1256100609864039
4577.0,160.0,133.0,2659.0,2590.0,0.0,3622.0,0.6071158647537231,-1.09530508518219,0.34204371762188085,0.0,0.0,0.0,0.0,0.0,0.0,0.0,0.0,0.14517663357580712,0.13541201132829772
5558.0,227.0,203.0,1146.0,2083.0,1.0,1.0,1.8243262767791748,4.058063983917236,0.537735749703507,0.0,0.0,0.0,0.0,0.0,0.0,0.0,0.0,0.18094945545360316,0.14518005105468343
1694.0,53.0,36.0,1955.0,3380.0,0.0,4.0,0.7894687652587891,6.375003337860107,0.34805526819447674,1.0,0.6931471805599453,1.0,0.0,1.0,0.9999999999989999,0.5,1.0,0.09324593560732487,0.26495740019903824
7070.0,56.0,141.0,1972.0,6122.0,0.0,418.0,0.705658346414566,0.9980393052101135,0.14159944237180738,0.0,0.0,0.0,0.0,0.0,0.0,0.0,0.0,0.08361921046187178,0.07598413534829049
1714.0,160.0,340.0,7109.0,3086.0,0.0,4925.0,0.8083553314208984,-2.305914878845215,0.07840659455711986,0.0,0.0,0.0,0.0,0.0,0.0,0.0,0.0,0.09167550801573478,0.08995322844477338
3776.0,127.0,187.0,3155.0,669.0,0.0,186.0,9.619321346282959,14.284279823303223,0.9999292997536132,1.0,0.6931471805599453,1.0,0.0,1.0,0.9999999999989999,0.5,1.0,0.4793384868678388,0.6565569823695719
4498.0,222.0,48.0,3206.0,838.0,0.0,7046.0,0.8467526435852051,-4.234294414520264,0.02173476440986146,0.0,0.0,0.0,0.0,0.0,0.0,0.0,0.0,0.09236435941079676,0.09500560353602515
3337.0,10.0,320.0,7009.0,2616.0,0.0,4148.0,1.0885541439056396,-2.223057985305786,0.009996380702006771,0.0,0.0,0.0,0.0,0.0,0.0,0.0,0.0,0.0811889131593417,0.07964501755529083
4202.0,56.0,225.0,4416.0,3544.0,0.0,78.0,1.0059702396392822,-0.36495089530944824,0.12364490037982863,0.0,0.0,0.0,0.0,0.0,0.0,0.0,0.0,0.09127686641240373,0.08500381710330936
6254.0,169.0,244.0,2248.0,2790.0,0.0,552.0,1.9251717329025269,3.4869678020477295,0.6215820207006199,0.0,0.0,0.0,0.0,0.0,0.0,0.0,0.0,0.2221961472214892,0.17985592834290148
1499.0,12.0,341.0,5175.0,7117.0,0.0,6473.0,0.20050954818725586,-4.205217361450195,0.0019395886085405672,0.0,0.0,0.0,0.0,0.0,0.0,0.0,0.0,0.08148962786140825,0.08541108895455357
860.0,155.0,77.0,2683.0,1620.0,0.0,544.0,0.056802988052368164,2.119374990463257,0.2700459220916138,0.0,0.0,0.0,0.0,0.0,0.0,0.0,0.0,0.09504253408359242,0.08440617610312284
4150.0,160.0,23.0,3982.0,2547.0,0.0,1.0,4.332573413848877,7.681666851043701,0.9803227035280724,1.0,0.6931471805599453,1.0,0.0,1.0,0.9999999999989999,0.5,1.0,0.409338618303915,0.6611187254437799
4501.0,160.0,34.0,6479.0,2460.0,0.0,54.0,2.558344841003418,4.6095170974731445,0.8673693102927685,0.0,0.0,0.0,0.0,0.0,0.0,0.0,0.0,0.34156376343226397,0.26902797936451234
5319.0,57.0,27.0,1755.0,5527.0,0.0,8.0,0.04464441537857056,0.6915414929389954,0.047152702641366576,0.0,0.0,0.0,0.0,0.0,0.0,0.0,0.0,0.063630592053979,0.05986494083463869
6765.0,42.0,38.0,580.0,6362.0,0.0,6516.0,0.606655478477478,-1.6262677907943726,0.00554569226486698,0.0,0.0,0.0,0.0,0.0,0.0,0.0,0.0,0.07273714830085751,0.07135207888431971
2271.0,142.0,75.0,4694.0,5196.0,1.0,1.0,4.147517204284668,7.740749359130859,0.9807446337592655,0.0,0.0,0.0,0.0,0.0,0.0,0.0,0.0,0.40251890236120974,0.2948983424845765
5482.0,160.0,58.0,6122.0,3780.0,0.0,1571.0,1.2773914337158203,-0.7836248874664307,0.3441805518292553,0.0,0.0,0.0,0.0,0.0,0.0,0.0,0.0,0.15449951199129902,0.14100095932618034
1932.0,160.0,334.0,6293.0,2248.0,0.0,3458.0,0.5155867636203766,-0.4273626506328583,0.44525421057179687,0.0,0.0,0.0,0.0,0.0,0.0,0.0,0.0,0.1700911426032637,0.15529285627255285
3501.0,61.0,121.0,5182.0,4004.0,1.0,1.0,0.6312277019023895,0.9249748587608337,0.2976746805069734,1.0,0.6931471805599453,0.9803906099397734,0.0,1.0,0.99999999999898,0.5,1.0,0.11682395964126388,0.3491652500246
6531.0,160.0,83.0,423.0,703.0,0.0,5926.0,0.2577323913574219,-4.137454986572266,0.07322473052632814,0.0,0.0,0.0,0.0,0.0,0.0,0.0,0.0,0.09554982191490693,0.09888108643807675
4720.0,77.0,306.0,1856.0,5736.0,0.0,1576.0,0.12898899614810944,-0.18490226566791534,0.002472022957855889,0.0,0.0,0.0,0.0,0.0,0.0,0.0,0.0,0.06170368252811022,0.05939609205785729
2975.0,160.0,161.0,346.0,3553.0,0.0,28.0,0.08720612525939941,-2.7067506313323975,0.14106609871363412,0.0,0.0,0.0,0.0,0.0,0.0,0.0,0.0,0.09878091902738524,0.09875394690482854
1139.0,123.0,306.0,3159.0,3155.0,0.0,7015.0,1.2505435943603516,10.770914077758789,0.47023016725661165,0.0,0.0,0.0,0.0,0.0,0.0,0.0,0.0,0.0965505910444217,0.0672262834940007
2069.0,160.0,324.0,711.0,3341.0,0.0,6.0,1.227309093810618,1.2174965143203735,0.6153779422447035,0.0,0.0,0.0,0.0,0.0,0.0,0.0,0.0,0.23184686836383944,0.19956200801182958
2253.0,127.0,151.0,3155.0,6785.0,1.0,1.0,9.207561135292053,8.008830070495605,0.999185490201225,3.0,1.3862943611198906,0.9803906099397734,0.4926842370590335,1.0,0.9999999999994825,0.7463421185295167,1.0,0.5779020531031753,0.8416517088732539
4447.0,53.0,153.0,2773.0,6540.0,1.0,1.0,10.273653268814087,8.92587947845459,0.9995762455485296,0.0,0.0,0.0,0.0,0.0,0.0,0.0,0.0,0.5969694109610728,0.4291958734265044
5079.0,156.0,170.0,3155.0,2927.0,0.0,203.0,0.7881199344992638,0.04706253856420517,0.3930068103007129,0.0,0.0,0.0,0.0,0.0,0.0,0.0,0.0,0.1533744779408316,0.13843988228894716
724.0,160.0,325.0,3155.0,3411.0,1.0,1.0,0.2794584631919861,-0.14163216948509216,0.3618412876042117,22.0,3.1354942159291497,0.8042490800314893,0.542831442901931,0.7517256658972222,0.5540951296275797,0.6472785543995766,1.0,0.1372190544839545,0.4595017916870887
316.0,150.0,254.0,1653.0,96.0,0.0,24.0,2.3836156129837036,2.165597915649414,0.5511754758470403,0.0,0.0,0.0,0.0,0.0,0.0,0.0,0.0,0.22012824920108176,0.1822339746195702
2625.0,169.0,43.0,5441.0,1160.0,0.0,1423.0,4.599236726760864,6.802849292755127,0.9702433070647283,0.0,0.0,0.0,0.0,0.0,0.0,0.0,0.0,0.42768303395754137,0.31923800857831164
2625.0,160.0,100.0,2676.0,5136.0,0.0,33.0,0.2675549387931824,0.6054169535636902,0.21780851209257918,0.0,0.0,0.0,0.0,0.0,0.0,0.0,0.0,0.09609959414435441,0.08827831886294261
2708.0,53.0,215.0,6293.0,1183.0,1.0,1.0,2.045107841491699,6.382908821105957,0.8360676489529546,0.0,0.0,0.0,0.0,0.0,0.0,0.0,0.0,0.283019050215282,0.214948555393707
2708.0,155.0,348.0,3495.0,6559.0,1.0,1.0,7.013549298048019,6.5642499923706055,0.9981783110399057,0.0,0.0,0.0,0.0,0.0,0.0,0.0,0.0,0.5298871744787981,0.3984211158546585
1452.0,38.0,308.0,1154.0,2798.0,0.0,4.0,0.6193577125668526,0.5279219746589661,0.42015743501977004,0.0,0.0,0.0,0.0,0.0,0.0,0.0,0.0,0.15438902933918378,0.13813278120866868
2639.0,127.0,299.0,2066.0,4412.0,0.0,201.0,0.009424060583114624,0.4477677643299103,0.18440341280590833,0.0,0.0,0.0,0.0,0.0,0.0,0.0,0.0,0.08743908147440088,0.08142159283470964
2639.0,127.0,121.0,776.0,2461.0,0.0,476.0,0.7923719733953476,-0.20479293167591095,0.16978416283049624,0.0,0.0,0.0,0.0,0.0,0.0,0.0,0.0,0.09731325414062374,0.09030959200498874
4138.0,160.0,62.0,6291.0,2720.0,0.0,7095.0,1.9332749247550964,0.35537487268447876,0.4160028847955726,0.0,0.0,0.0,0.0,0.0,0.0,0.0,0.0,0.1793937530442275,0.15672396981444037
5777.0,156.0,123.0,782.0,5413.0,0.0,451.0,2.2582440972328186,0.26403290033340454,0.3122824573861133,0.0,0.0,0.0,0.0,0.0,0.0,0.0,0.0,0.1518925426220123,0.13303767192343377
1190.0,160.0,57.0,5626.0,7117.0,0.0,7113.0,0.5348467826843262,-7.9782938957214355,0.032916501961124146,0.0,0.0,0.0,0.0,0.0,0.0,0.0,0.0,0.11616336474928898,0.12968708174599167
5486.0,53.0,35.0,3563.0,18.0,1.0,1.0,5.6290435791015625,8.88321304321289,0.9960333150023839,0.0,0.0,0.0,0.0,0.0,0.0,0.0,0.0,0.4401511237710825,0.31271869516923023
5452.0,6.0,107.0,1626.0,4074.0,0.0,3643.0,5.555840015411377,4.572968482971191,0.9758213246142721,0.0,0.0,0.0,0.0,0.0,0.0,0.0,0.0,0.5032248814717644,0.39447483787513243
5452.0,150.0,45.0,2671.0,288.0,0.0,436.0,0.10422730445861816,2.7843146324157715,0.3259158490577251,0.0,0.0,0.0,0.0,0.0,0.0,0.0,0.0,0.10333853012299463,0.08982139795101335
6437.0,160.0,251.0,4393.0,466.0,0.0,5682.0,8.810239672660828,9.918516159057617,0.9995563669407446,1.0,0.6931471805599453,0.015937525147206245,0.0,0.0,0.0,0.0,0.0,0.530733043635532,0.3795112129592662
31.0,61.0,99.0,6890.0,146.0,0.0,186.0,0.010937213897705078,4.489876747131348,0.3204088201237633,0.0,0.0,0.0,0.0,0.0,0.0,0.0,0.0,0.09029585450984647,0.07574808178012406
6993.0,6.0,311.0,6993.0,6496.0,0.0,57.0,0.5822514141909778,0.0014619077555835247,0.14672800308285297,0.0,0.0,0.0,0.0,0.0,0.0,0.0,0.0,0.08896513002421343,0.08283591485585905
5072.0,160.0,215.0,1169.0,4740.0,0.0,56.0,0.14935249090194702,0.31523966789245605,0.20420598107905755,0.0,0.0,0.0,0.0,0.0,0.0,0.0,0.0,0.09371601555318487,0.08701902009542857
6480.0,170.0,37.0,1869.0,5469.0,0.0,710.0,1.0522883534431458,-0.6634196639060974,0.07023226710457393,0.0,0.0,0.0,0.0,0.0,0.0,0.0,0.0,0.08325091623851605,0.07843612793720045
5436.0,38.0,11.0,4255.0,3921.0,0.0,12.0,8.782400727272034,7.9122490882873535,0.9992915882640011,1.0,0.6931471805599453,1.0,0.0,1.0,0.9999999999989999,0.5,1.0,0.5656028303100554,0.7625441623234958
6996.0,42.0,192.0,5527.0,4480.0,0.0,6752.0,1.5520267188549042,-0.1699484884738922,0.024128980960356455,0.0,0.0,0.0,0.0,0.0,0.0,0.0,0.0,0.07739885384055505,0.07162892032364343
5372.0,150.0,305.0,151.0,890.0,0.0,32.0,1.9550273418426514,1.767870306968689,0.27673580657102975,0.0,0.0,0.0,0.0,0.0,0.0,0.0,0.0,0.12397065749793898,0.1060781862147254
5782.0,6.0,342.0,2708.0,4097.0,0.0,3190.0,0.3247368335723877,-0.29454952478408813,0.0800039142569418,0.0,0.0,0.0,0.0,0.0,0.0,0.0,0.0,0.07582316708059265,0.07209092632539697
1949.0,90.0,130.0,146.0,2175.0,1.0,1.0,6.156355261802673,5.562456130981445,0.9804521768441129,0.0,0.0,0.0,0.0,0.0,0.0,0.0,0.0,0.5084023039391278,0.3897598904594448
5420.0,160.0,153.0,4004.0,4838.0,0.0,6713.0,3.089592456817627,3.4335129261016846,0.8547163720921875,0.0,0.0,0.0,0.0,0.0,0.0,0.0,0.0,0.37055010183450354,0.29761563461150714
2430.0,169.0,275.0,1389.0,6888.0,0.0,993.0,0.4293738007545471,1.1858712434768677,0.20488442023838607,0.0,0.0,0.0,0.0,0.0,0.0,0.0,0.0,0.09173595292744954,0.08299428524958535
4612.0,127.0,313.0,2906.0,2272.0,0.0,5845.0,2.0771182775497437,0.33804774284362793,0.43423534101143024,0.0,0.0,0.0,0.0,0.0,0.0,0.0,0.0,0.18910662488275673,0.1646021369204401
1070.0,6.0,89.0,5495.0,4994.0,1.0,1.0,1.240161657333374,-0.7731523513793945,0.28111744399051103,0.0,0.0,0.0,0.0,0.0,0.0,0.0,0.0,0.13499645580720487,0.1240111191334345
5681.0,170.0,158.0,4416.0,3450.0,1.0,1.0,2.954561471939087,6.427558898925781,0.890728430628869,2.0,1.0986122886681098,0.9238395952400507,0.16195557700719365,1.0,0.9999999999990928,0.5809777885035968,1.0,0.3366856369060843,0.6524391203388322
5681.0,170.0,198.0,4416.0,7038.0,0.0,20.0,0.6112356185913086,4.516735553741455,0.5532425752077645,3.0,1.3862943611198906,0.46191979762002533,0.08412070373744363,0.9158792962625564,0.11825774326248194,0.5,1.0,0.15845350027700456,0.2950180847361843
4280.0,86.0,336.0,3158.0,4269.0,0.0,34.0,3.8139089345932007,3.178650140762329,0.786368432777511,0.0,0.0,0.0,0.0,0.0,0.0,0.0,0.0,0.35935421511323656,0.2866867025624798
5080.0,61.0,273.0,5965.0,6794.0,0.0,56.0,1.4842457175254822,0.3732836842536926,0.4554461203608069,0.0,0.0,0.0,0.0,0.0,0.0,0.0,0.0,0.18430865561090493,0.16202029836951243
341.0,53.0,135.0,7117.0,5445.0,0.0,489.0,1.3661046028137207,-6.518615245819092,0.06784768874133744,0.0,0.0,0.0,0.0,0.0,0.0,0.0,0.0,0.12582431395573357,0.1329575955210172
1926.0,103.0,147.0,3866.0,2965.0,1.0,1.0,8.371477127075195,7.667178153991699,0.9977965972446403,0.0,0.0,0.0,0.0,0.0,0.0,0.0,0.0,0.5554005493808643,0.40786854739869094
1969.0,155.0,223.0,4304.0,5807.0,1.0,1.0,10.252132773399353,8.937213897705078,0.9996648673567725,0.0,0.0,0.0,0.0,0.0,0.0,0.0,0.0,0.5961230354792053,0.42841377960058186
585.0,97.0,249.0,3569.0,928.0,0.0,643.0,0.02246725559234619,-1.9382461309432983,0.005709288710483248,0.0,0.0,0.0,0.0,0.0,0.0,0.0,0.0,0.06904920807453997,0.0692316854442112
334.0,142.0,164.0,6381.0,2278.0,1.0,1.0,5.875804662704468,7.195540428161621,0.9781210164314359,0.0,0.0,0.0,0.0,0.0,0.0,0.0,0.0,0.46800241978100776,0.3452397744108566
998.0,60.0,148.0,4847.0,1176.0,1.0,1.0,2.128178596496582,9.009330749511719,0.8375364356015722,2.0,1.0986122886681098,0.9803906099397734,0.49504911052349854,0.5049508894765015,0.32008781862619035,0.5,1.0,0.24882117015464067,0.4314157132723757
199.0,39.0,232.0,6207.0,5730.0,0.0,3858.0,0.6717548370361328,-2.1263067722320557,0.008303620082524102,0.0,0.0,0.0,0.0,0.0,0.0,0.0,0.0,0.07629842983275494,0.07550834148682632
2598.0,156.0,12.0,1226.0,1923.0,0.0,72.0,0.896188497543335,-0.9412552118301392,0.4143176211709861,0.0,0.0,0.0,0.0,0.0,0.0,0.0,0.0,0.17209327588117973,0.15791924266034732
6865.0,53.0,198.0,5447.0,4723.0,1.0,1.0,1.1295132637023926,6.5690388679504395,0.7470512781537574,0.0,0.0,0.0,0.0,0.0,0.0,0.0,0.0,0.21733049474794852,0.1661397090013381
437.0,224.0,299.0,4514.0,5472.0,1.0,1.0,0.6601479053497314,-1.329275369644165,0.12127708308216742,0.0,0.0,0.0,0.0,0.0,0.0,0.0,0.0,0.09272647924482397,0.08896061181660864
3859.0,156.0,240.0,5807.0,359.0,0.0,31.0,3.644369959831238,4.311984539031982,0.9136606164577016,0.0,0.0,0.0,0.0,0.0,0.0,0.0,0.0,0.40699087537837514,0.32090971654385547
5192.0,160.0,348.0,6934.0,5445.0,0.0,6405.0,0.712254524230957,-10.544686317443848,0.0278215195158178,0.0,0.0,0.0,0.0,0.0,0.0,0.0,0.0,0.13802788531243446,0.16102957759124684
7054.0,150.0,320.0,317.0,4271.0,0.0,73.0,0.04537796974182129,-3.5870893001556396,0.01754922034435019,0.0,0.0,0.0,0.0,0.0,0.0,0.0,0.0,0.07941009314312633,0.0823060076052587
649.0,56.0,293.0,1122.0,680.0,0.0,2.0,4.196865558624268,10.370792388916016,0.9794859538549592,1.0,0.6931471805599453,0.6216979445974911,0.0,1.0,0.7168288447392765,0.5,1.0,0.3585304038282427,0.5705500584389412
2456.0,127.0,23.0,6449.0,6865.0,0.0,337.0,0.02353048324584961,-1.716774344444275,0.08638096143360313,0.0,0.0,0.0,0.0,0.0,0.0,0.0,0.0,0.08144362139444726,0.0804144604251465
4084.0,160.0,27.0,244.0,4004.0,0.0,4956.0,12.943076610565186,15.886611938476562,0.9999969623364989,1.0,0.6931471805599453,0.7884782461155736,0.0,1.0,0.9999999999987318,0.5,1.0,0.5623832186357434,0.7168303609468978
1599.0,207.0,266.0,6026.0,4564.0,1.0,1.0,4.700112879276276,5.2237348556518555,0.924869950803946,0.0,0.0,0.0,0.0,0.0,0.0,0.0,0.0,0.4322492858146063,0.33221732230593487
4868.0,115.0,247.0,1283.0,4868.0,0.0,6527.0,0.7594558745622635,0.17876388132572174,0.1462534965776303,0.0,0.0,0.0,0.0,0.0,0.0,0.0,0.0,0.08977723043414026,0.08290936234367617
4552.0,160.0,340.0,4458.0,6157.0,0.0,5368.0,0.22018784284591675,-0.81114262342453,0.060661878820874336,0.0,0.0,0.0,0.0,0.0,0.0,0.0,0.0,0.07420363806222578,0.0717156428338182
1086.0,103.0,203.0,6360.0,5228.0,0.0,2.0,2.1693615913391113,7.288041591644287,0.885479661326412,0.0,0.0,0.0,0.0,0.0,0.0,0.0,0.0,0.29750600991029047,0.22155528113496395
2704.0,160.0,174.0,6410.0,5037.0,0.0,15.0,4.31302547454834,12.18065357208252,0.9858824376589411,1.0,0.6931471805599453,0.17503487241295065,0.0,0.0,0.0,0.0,0.0,0.3358911764260242,0.21756446400543242
2704.0,56.0,110.0,1171.0,6410.0,0.0,29.0,4.206797122955322,11.305670738220215,0.9771663102230026,1.0,0.6931471805599453,1.0,0.0,1.0,0.9999999999989999,0.5,1.0,0.3421613760936612,0.5746230776411099
1389.0,53.0,228.0,18.0,5224.0,1.0,1.0,4.092945575714111,7.072076320648193,0.9644711940580399,0.0,0.0,0.0,0.0,0.0,0.0,0.0,0.0,0.40295657304427723,0.2993368394924758
1389.0,150.0,128.0,3341.0,3155.0,0.0,583.0,1.4401977062225342,3.790247917175293,0.5697424096162589,0.0,0.0,0.0,0.0,0.0,0.0,0.0,0.0,0.18765029286720095,0.15239644899656424
1389.0,145.0,347.0,6890.0,3987.0,0.0,19.0,2.6658090353012085,4.21860933303833,0.6736570258351002,0.0,0.0,0.0,0.0,0.0,0.0,0.0,0.0,0.253455142704879,0.19943684379303525
4810.0,155.0,27.0,3392.0,6344.0,0.0,1731.0,1.9656444489955902,0.4502992331981659,0.25011622789927945,0.0,0.0,0.0,0.0,0.0,0.0,0.0,0.0,0.1275637571821802,0.1125915601155624
6000.0,159.0,62.0,4594.0,1699.0,0.0,7061.0,0.34926843643188477,1.9944984912872314,0.10871518466811728,0.0,0.0,0.0,0.0,0.0,0.0,0.0,0.0,0.06954364856097466,0.06259760798816404
2937.0,160.0,250.0,4004.0,3002.0,0.0,38.0,0.263988733291626,-1.0956259965896606,0.21431923989583176,0.0,0.0,0.0,0.0,0.0,0.0,0.0,0.0,0.10649310485793403,0.1015327524867674
6485.0,166.0,282.0,4304.0,2435.0,1.0,1.0,3.7804750204086304,3.228794813156128,0.7250808156279905,0.0,0.0,0.0,0.0,0.0,0.0,0.0,0.0,0.3243184128006758,0.2575242420275947
6485.0,53.0,294.0,6699.0,5913.0,1.0,1.0,5.144104242324829,7.03281307220459,0.9924713255011467,0.0,0.0,0.0,0.0,0.0,0.0,0.0,0.0,0.4549394238255155,0.3384012454191729
1753.0,156.0,300.0,7067.0,226.0,0.0,5324.0,3.488879978656769,0.9236341118812561,0.7946471668127717,0.0,0.0,0.0,0.0,0.0,0.0,0.0,0.0,0.39200120888171963,0.3292049554595219
6833.0,169.0,239.0,3841.0,3402.0,0.0,5578.0,0.4873061180114746,-2.802837371826172,0.013091363113718718,0.0,0.0,0.0,0.0,0.0,0.0,0.0,0.0,0.07884393029806074,0.07949864664528206
2891.0,156.0,48.0,433.0,3696.0,0.0,6509.0,0.864485502243042,-3.1436474323272705,0.026746746189349822,0.0,0.0,0.0,0.0,0.0,0.0,0.0,0.0,0.0870986090911689,0.08745411391576884
3765.0,169.0,324.0,5114.0,3432.0,0.0,303.0,1.423557698726654,-0.7358034253120422,0.06475610055709836,0.0,0.0,0.0,0.0,0.0,0.0,0.0,0.0,0.08653202552899539,0.08095523434053815
6310.0,53.0,215.0,1077.0,5385.0,0.0,111.0,0.2797434329986572,3.417029857635498,0.46783804058505196,0.0,0.0,0.0,0.0,0.0,0.0,0.0,0.0,0.13696002707831328,0.11549848525623348
4163.0,127.0,103.0,3724.0,46.0,0.0,5813.0,0.3986033406108618,0.4170101583003998,0.2720267945947467,0.0,0.0,0.0,0.0,0.0,0.0,0.0,0.0,0.11112183945700502,0.10157784697114901
6232.0,160.0,351.0,6934.0,5445.0,0.0,7090.0,0.24249649047851562,-8.095681190490723,0.027701771760385106,0.0,0.0,0.0,0.0,0.0,0.0,0.0,0.0,0.11176206014133801,0.12612278045593983
2230.0,127.0,176.0,3341.0,1135.0,0.0,77.0,1.5696744918823242,9.953092575073242,0.8158665070884468,0.0,0.0,0.0,0.0,0.0,0.0,0.0,0.0,0.21400346309748128,0.15008849500770638
20.0,53.0,330.0,1077.0,1624.0,0.0,2.0,1.5795845985412598,8.305011749267578,0.8210724363825973,0.0,0.0,0.0,0.0,0.0,0.0,0.0,0.0,0.23726003929643977,0.17317583716951435
3976.0,155.0,184.0,4319.0,362.0,1.0,1.0,5.618962585926056,6.26273250579834,0.9913175445948305,0.0,0.0,0.0,0.0,0.0,0.0,0.0,0.0,0.484115283043767,0.36624063957805575
6987.0,160.0,197.0,4847.0,2277.0,1.0,1.0,1.7597526162862778,1.6336888074874878,0.7104617470123816,1.0,0.6931471805599453,0.410167678003819,0.0,1.0,0.019801616452012748,0.5,1.0,0.2835450664875252,0.42900132306569055
6496.0,56.0,42.0,2461.0,3788.0,1.0,1.0,3.1043405532836914,6.7438788414001465,0.9383576955249865,0.0,0.0,0.0,0.0,0.0,0.0,0.0,0.0,0.36216420204856425,0.2720343671494328
695.0,160.0,151.0,5305.0,5385.0,0.0,7075.0,2.4559932947158813,-0.6541804075241089,0.34500452073278237,0.0,0.0,0.0,0.0,0.0,0.0,0.0,0.0,0.17540770667165098,0.1556362735713517
4314.0,6.0,168.0,1553.0,308.0,0.0,932.0,0.4929037019610405,0.40121743083000183,0.09895274402693512,0.0,0.0,0.0,0.0,0.0,0.0,0.0,0.0,0.07709585321750541,0.07171771878480582
553.0,160.0,363.0,3815.0,1435.0,0.0,5626.0,0.004448890686035156,-5.866860866546631,0.018589399788690508,0.0,0.0,0.0,0.0,0.0,0.0,0.0,0.0,0.0920908940445387,0.10017953429435363
2292.0,160.0,233.0,2668.0,7117.0,0.0,7115.0,0.4518709182739258,-8.834019660949707,0.021021828090087222,0.0,0.0,0.0,0.0,0.0,0.0,0.0,0.0,0.11844878231709455,0.13497257058662845
3179.0,6.0,342.0,4393.0,4068.0,0.0,23.0,0.04674190282821655,0.275886207818985,0.11335925794828733,0.0,0.0,0.0,0.0,0.0,0.0,0.0,0.0,0.07592761148895796,0.07150421484452912
6627.0,170.0,84.0,1173.0,2671.0,0.0,4300.0,0.9371317625045776,-1.7753397226333618,0.029816201681666526,0.0,0.0,0.0,0.0,0.0,0.0,0.0,0.0,0.08080717394067971,0.0786128221191044
279.0,53.0,231.0,3271.0,2278.0,1.0,1.0,6.163726210594177,7.172102451324463,0.996603272823879,0.0,0.0,0.0,0.0,0.0,0.0,0.0,0.0,0.48924990884086833,0.36239414870585074
5981.0,169.0,175.0,1874.0,889.0,0.0,5880.0,0.3860046863555908,-1.4457728862762451,0.05822992194340325,0.0,0.0,0.0,0.0,0.0,0.0,0.0,0.0,0.07861341335273635,0.07673176668056202
5063.0,207.0,181.0,1196.0,5079.0,0.0,942.0,0.6721259355545044,-1.0550878047943115,0.039314138933320024,0.0,0.0,0.0,0.0,0.0,0.0,0.0,0.0,0.07610270945801197,0.07329190280146136
5818.0,224.0,173.0,4401.0,6744.0,1.0,1.0,6.59007465839386,5.280855178833008,0.9871073335675786,1.0,0.6931471805599453,0.35707170313208786,0.0,1.0,0.9999999999971995,0.5,1.0,0.5321243529547796,0.8007431804220421
5621.0,160.0,126.0,5943.0,5187.0,0.0,2696.0,0.04917335510253906,-3.349947690963745,0.02386057883942189,0.0,0.0,0.0,0.0,0.0,0.0,0.0,0.0,0.07930434381095978,0.08170509521980752
3882.0,56.0,176.0,7117.0,2668.0,0.0,5912.0,0.15813636779785156,-4.942267417907715,0.011317167788540791,0.0,0.0,0.0,0.0,0.0,0.0,0.0,0.0,0.0869029481546014,0.0924792360302178
5413.0,53.0,144.0,4019.0,1971.0,1.0,1.0,7.199375748634338,8.590889930725098,0.9989580753748597,0.0,0.0,0.0,0.0,0.0,0.0,0.0,0.0,0.4999929596924577,0.3579361563031032
3660.0,98.0,139.0,5137.0,2790.0,0.0,2.0,0.16636240482330322,1.2076557874679565,0.13008011694802551,0.0,0.0,0.0,0.0,0.0,0.0,0.0,0.0,0.07515982079119306,0.0689935784721312
3451.0,53.0,176.0,4004.0,6504.0,1.0,1.0,7.526867926120758,6.890671253204346,0.9990350502037362,1.0,0.6931471805599453,0.4805828740290406,0.0,1.0,0.9999999999979192,0.5,1.0,0.5417835506480106,0.7890519706065283
3409.0,56.0,233.0,349.0,1798.0,0.0,195.0,0.5169280655682087,0.5751398205757141,0.24591229511567075,0.0,0.0,0.0,0.0,0.0,0.0,0.0,0.0,0.10548542475484006,0.09608825174250449
5819.0,0.0,96.0,7117.0,4810.0,0.0,6656.0,0.03402519226074219,-5.0461602210998535,0.004483022949358055,0.0,0.0,0.0,0.0,0.0,0.0,0.0,0.0,0.08488315952676885,0.09090788785801701
1705.0,160.0,278.0,3635.0,2906.0,0.0,3.0,7.182228207588196,7.81173038482666,0.9985992115689495,1.0,0.6931471805599453,1.0,0.0,1.0,0.13774814446148953,0.5,1.0,0.5132962267088024,0.5610967343786437
2453.0,162.0,337.0,6293.0,2266.0,1.0,1.0,1.6348217278718948,1.4680454730987549,0.4481441183132718,0.0,0.0,0.0,0.0,0.0,0.0,0.0,0.0,0.17308511961523215,0.14824113459548457
922.0,160.0,272.0,5427.0,5478.0,0.0,6.0,2.315666615962982,1.3356558084487915,0.6268231644574764,0.0,0.0,0.0,0.0,0.0,0.0,0.0,0.0,0.2627466040859681,0.22138460924757705
922.0,160.0,51.0,6293.0,1145.0,0.0,3549.0,3.2313904762268066,4.719571113586426,0.9214449389571905,0.0,0.0,0.0,0.0,0.0,0.0,0.0,0.0,0.39102514061555643,0.30676836758495274
478.0,0.0,96.0,1161.0,2694.0,1.0,1.0,7.24802565574646,8.331783294677734,0.9985348165516796,1.0,0.6931471805599453,0.8879629756445782,0.0,1.0,0.9999999999988739,0.5,1.0,0.5060716912199895,0.7312872098567136
4536.0,224.0,155.0,1148.0,5455.0,1.0,1.0,6.46912956237793,9.8617582321167,0.9965903903381379,0.0,0.0,0.0,0.0,0.0,0.0,0.0,0.0,0.45103992432991385,0.31223220849018624
1751.0,53.0,236.0,6411.0,2083.0,1.0,1.0,1.4723329544067383,5.554814338684082,0.8070520652323372,0.0,0.0,0.0,0.0,0.0,0.0,0.0,0.0,0.2656241653034116,0.2069630163289858
3554.0,160.0,196.0,7076.0,1138.0,0.0,6324.0,0.09406113624572754,-2.8517565727233887,0.05833386715037931,1.0,0.6931471805599453,0.11321545803298837,0.0,0.0,0.0,0.0,1.0,0.08326660828961407,0.16232155494562117
1566.0,160.0,15.0,2769.0,6347.0,0.0,270.0,0.3164560794830322,-2.862867593765259,0.06109432210149513,0.0,0.0,0.0,0.0,0.0,0.0,0.0,0.0,0.0861760840611561,0.08683344804727909
2223.0,160.0,64.0,329.0,1708.0,0.0,7046.0,0.604668140411377,-3.790976047515869,0.07215440996758281,0.0,0.0,0.0,0.0,0.0,0.0,0.0,0.0,0.09722578886872933,0.09902673621883047
1361.0,61.0,166.0,2442.0,1161.0,1.0,1.0,0.9486103057861328,13.736995697021484,0.7205798689182946,0.0,0.0,0.0,0.0,0.0,0.0,0.0,0.0,0.13141881063225777,0.08480446409382335
1361.0,143.0,118.0,5182.0,1161.0,0.0,2.0,1.652759075164795,7.0659027099609375,0.7765910775448265,0.0,0.0,0.0,0.0,0.0,0.0,0.0,0.0,0.23589092974124387,0.17687311884874965
1222.0,160.0,67.0,6496.0,4936.0,0.0,2794.0,1.7501257380936295,-0.0008687057998031378,0.6189491829769852,0.0,0.0,0.0,0.0,0.0,0.0,0.0,0.0,0.26300348143177443,0.23001674118122242
5472.0,53.0,327.0,6258.0,4373.0,1.0,1.0,6.69399493932724,7.11637020111084,0.9921234956241484,0.0,0.0,0.0,0.0,0.0,0.0,0.0,0.0,0.5054813115323716,0.3745108176758611
1539.0,160.0,266.0,6696.0,2906.0,0.0,2610.0,0.4107412099838257,-1.8527449369430542,0.09200937075591163,0.0,0.0,0.0,0.0,0.0,0.0,0.0,0.0,0.0872937520845966,0.08553563290973432
533.0,56.0,238.0,2300.0,2290.0,1.0,1.0,1.158158302307129,6.245383262634277,0.7421035164810623,2.0,1.0986122886681098,0.9803906099397734,0.0,0.0,0.0,0.0,0.0,0.21995839064856818,0.13381750607999793
1892.0,160.0,20.0,5445.0,5903.0,0.0,6895.0,0.631195068359375,-7.2997565269470215,0.01611612905687369,0.0,0.0,0.0,0.0,0.0,0.0,0.0,0.0,0.10852912717085937,0.11957801907893853
5684.0,86.0,135.0,2661.0,920.0,0.0,12.0,0.20937013626098633,-2.710038900375366,0.08313287339377745,0.0,0.0,0.0,0.0,0.0,0.0,0.0,0.0,0.08837142643832094,0.08874326973654403
1675.0,160.0,127.0,2278.0,1138.0,0.0,6957.0,0.4062965512275696,-0.8000263571739197,0.4158393843439453,0.0,0.0,0.0,0.0,0.0,0.0,0.0,0.0,0.16196830286559843,0.14976761125285756
5223.0,156.0,19.0,1699.0,278.0,0.0,55.0,2.5031802654266357,5.087847709655762,0.8790516402882693,0.0,0.0,0.0,0.0,0.0,0.0,0.0,0.0,0.33843600472281105,0.264097834762829
2420.0,56.0,315.0,2700.0,669.0,0.0,6731.0,3.047864519059658,3.1317195892333984,0.7714741614197491,0.0,0.0,0.0,0.0,0.0,0.0,0.0,0.0,0.3286650319714895,0.26444273679840713
7085.0,160.0,130.0,929.0,669.0,0.0,26.0,0.7849076986312866,1.8557237386703491,0.47436288276435445,0.0,0.0,0.0,0.0,0.0,0.0,0.0,0.0,0.16195983752823884,0.13975574527450793
2705.0,123.0,259.0,3566.0,6017.0,0.0,26.0,2.1103210151195526,2.4766006469726562,0.44395649333536086,0.0,0.0,0.0,0.0,0.0,0.0,0.0,0.0,0.1704081933654166,0.14142827906212102
2705.0,133.0,86.0,2404.0,2154.0,0.0,6774.0,0.6095359921455383,-0.702888548374176,0.043126471302808896,0.0,0.0,0.0,0.0,0.0,0.0,0.0,0.0,0.07437899943196126,0.07116213438534714
921.0,169.0,289.0,3155.0,2603.0,0.0,50.0,3.9082764331251383,3.9209539890289307,0.906252753410914,0.0,0.0,0.0,0.0,0.0,0.0,0.0,0.0,0.41817269857135664,0.33166951584405846
3979.0,169.0,232.0,4789.0,3979.0,0.0,5984.0,0.09125643968582153,0.5074251890182495,0.23306546603025247,0.0,0.0,0.0,0.0,0.0,0.0,0.0,0.0,0.09785286867320805,0.09031584376032882
5940.0,47.0,6.0,2248.0,3694.0,0.0,13.0,0.39229458570480347,-0.9883884787559509,0.010461742263012446,0.0,0.0,0.0,0.0,0.0,0.0,0.0,0.0,0.06858050889112183,0.06666924667189525
4389.0,160.0,106.0,2624.0,986.0,0.0,1518.0,1.5014968030154705,1.516262173652649,0.6122784211741649,0.0,0.0,0.0,0.0,0.0,0.0,0.0,0.0,0.2332696880252491,0.19857254903361554
2527.0,90.0,203.0,3147.0,3871.0,0.0,6126.0,3.079444408416748,6.359341144561768,0.847627407808904,0.0,0.0,0.0,0.0,0.0,0.0,0.0,0.0,0.318617667438413,0.23941260254154256
3086.0,224.0,228.0,1179.0,1604.0,0.0,4.0,0.6466401219367981,1.1917418241500854,0.4237162517428726,0.0,0.0,0.0,0.0,0.0,0.0,0.0,0.0,0.14977352623642293,0.1319952869303331
3086.0,154.0,245.0,3780.0,4908.0,0.0,469.0,0.870158314704895,0.28011804819107056,0.09167919891981606,0.0,0.0,0.0,0.0,0.0,0.0,0.0,0.0,0.08015596674815763,0.07412276243181017
5991.0,169.0,16.0,5445.0,3688.0,0.0,6957.0,0.46955347061157227,-5.691878318786621,0.021480033085528594,0.0,0.0,0.0,0.0,0.0,0.0,0.0,0.0,0.09698448268476939,0.1038163405182412
4299.0,160.0,327.0,5682.0,296.0,0.0,207.0,2.3100715279579163,1.764320969581604,0.634888993551115,0.0,0.0,0.0,0.0,0.0,0.0,0.0,0.0,0.26036029413451633,0.2173867736898921
1181.0,129.0,340.0,5046.0,2266.0,0.0,87.0,0.43151402473449707,3.6719932556152344,0.198374731285111,0.0,0.0,0.0,0.0,0.0,0.0,0.0,0.0,0.07670340873828897,0.06569097955292744
2985.0,0.0,114.0,3905.0,2439.0,0.0,7125.0,0.16035908460617065,-0.9060226082801819,0.05068594071833777,0.0,0.0,0.0,0.0,0.0,0.0,0.0,0.0,0.07248705105003313,0.07039841622745642
4895.0,6.0,134.0,6504.0,1173.0,0.0,28.0,2.1597926914691925,0.282071977853775,0.3904584130481202,0.0,0.0,0.0,0.0,0.0,0.0,0.0,0.0,0.17565323535423755,0.15324102975914042
7013.0,42.0,289.0,6979.0,6795.0,0.0,37.0,2.741897463798523,4.6200127601623535,0.7414991485226767,0.0,0.0,0.0,0.0,0.0,0.0,0.0,0.0,0.281795855811221,0.21989868326072454
7013.0,56.0,257.0,6795.0,6979.0,0.0,131.0,1.126114845275879,10.113137245178223,0.6460910823252619,0.0,0.0,0.0,0.0,0.0,0.0,0.0,0.0,0.14410519485068565,0.1014009705172253
2050.0,160.0,174.0,1169.0,5026.0,0.0,7112.0,0.2028188705444336,-7.64424991607666,0.019294304825193155,0.0,0.0,0.0,0.0,0.0,0.0,0.0,0.0,0.10610372379863735,0.11897054517060875
6905.0,53.0,54.0,6848.0,5758.0,0.0,5621.0,1.0262520611286163,1.2691848278045654,0.22280756729575618,0.0,0.0,0.0,0.0,0.0,0.0,0.0,0.0,0.1020394314566778,0.0906573099119687
6936.0,160.0,195.0,1253.0,2912.0,0.0,254.0,0.5325727462768555,-6.826114654541016,0.01462651105335273,0.0,0.0,0.0,0.0,0.0,0.0,0.0,0.0,0.10367263671940317,0.11347476398369119
6994.0,42.0,97.0,1121.0,1464.0,0.0,20.0,0.6508388519287109,5.225905418395996,0.5229759710210679,0.0,0.0,0.0,0.0,0.0,0.0,0.0,0.0,0.14323252914262866,0.11465182365554068
6994.0,6.0,62.0,5423.0,146.0,0.0,16.0,0.379885196685791,6.803045272827148,0.4867461066622089,0.0,0.0,0.0,0.0,0.0,0.0,0.0,0.0,0.11641676474633925,0.09060553643800401
2432.0,53.0,288.0,2688.0,1170.0,1.0,1.0,4.8245849609375,8.65401554107666,0.9858849807622023,0.0,0.0,0.0,0.0,0.0,0.0,0.0,0.0,0.41164429112812645,0.2942508903025314
5491.0,154.0,346.0,5451.0,3211.0,0.0,84.0,1.115516185760498,4.713860988616943,0.5898328103619097,0.0,0.0,0.0,0.0,0.0,0.0,0.0,0.0,0.17832968973214705,0.1426290834660402
385.0,61.0,327.0,2560.0,4847.0,0.0,170.0,5.657640695571899,9.555218696594238,0.983099378027711,1.0,0.6931471805599453,0.24029143701452027,0.0,1.0,0.9999999999958383,0.5,1.0,0.4215292440174065,0.7141026136084253
385.0,156.0,320.0,4043.0,917.0,0.0,6555.0,8.026138916611671,7.890749931335449,0.9990489281758462,1.0,0.6931471805599453,1.0,0.0,1.0,0.9999999999989999,0.5,1.0,0.540574970773878,0.7478241134769563
1163.0,56.0,131.0,1588.0,2671.0,0.0,6765.0,0.9975738525390625,3.445054054260254,0.606604716070591,0.0,0.0,0.0,0.0,0.0,0.0,0.0,0.0,0.19601644813978855,0.16154195198046406
3490.0,155.0,93.0,146.0,6785.0,1.0,1.0,13.176064491271973,8.953296661376953,0.9999579127909628,0.0,0.0,0.0,0.0,0.0,0.0,0.0,0.0,0.6865837309680838,0.5061325938895175
5469.0,38.0,104.0,2266.0,7016.0,0.0,320.0,2.5186863839626312,2.2531588077545166,0.6807625709013846,0.0,0.0,0.0,0.0,0.0,0.0,0.0,0.0,0.2807496461717676,0.23123361212026622
6372.0,53.0,70.0,5370.0,5395.0,1.0,1.0,10.015856385231018,8.162435531616211,0.9999123982036804,0.0,0.0,0.0,0.0,0.0,0.0,0.0,0.0,0.6020657864490875,0.4405440989882407
655.0,160.0,318.0,7117.0,5445.0,0.0,1293.0,0.07166576385498047,-8.270726203918457,0.019045590366728014,0.0,0.0,0.0,0.0,0.0,0.0,0.0,0.0,0.10869421517548294,0.12380459539366606
1242.0,160.0,66.0,6890.0,1146.0,0.0,9.0,4.387048244476318,6.3848443031311035,0.9729115786725965,1.0,0.6931471805599453,1.0,0.0,1.0,0.9999999999989999,0.5,1.0,0.42964320983565973,0.6859943281403769
660.0,156.0,44.0,1540.0,2442.0,1.0,1.0,1.7657203078269958,2.5171256065368652,0.6570272543978103,1.0,0.6931471805599453,0.9803906099397734,0.0,1.0,0.99999999999898,0.5,1.0,0.24622463238682718,0.5402581356936016
3870.0,160.0,124.0,6332.0,1389.0,0.0,6627.0,0.015874505043029785,0.35005587339401245,0.2190805875992065,0.0,0.0,0.0,0.0,0.0,0.0,0.0,0.0,0.09502141943046387,0.0883042980230327
4404.0,53.0,64.0,6410.0,1171.0,1.0,1.0,6.182312488555908,8.713973999023438,0.9953605463462714,0.0,0.0,0.0,0.0,0.0,0.0,0.0,0.0,0.46129877380482837,0.32884787582324093
657.0,146.0,303.0,1928.0,6890.0,0.0,3.0,3.1986780986189842,3.2725002765655518,0.5863425570467851,0.0,0.0,0.0,0.0,0.0,0.0,0.0,0.0,0.24046706888196018,0.19153776825073554
657.0,56.0,104.0,1928.0,2545.0,1.0,1.0,7.447904348373413,11.005435943603516,0.9991253018831148,0.0,0.0,0.0,0.0,0.0,0.0,0.0,0.0,0.4648507069823037,0.3125102240323821
2258.0,160.0,226.0,2594.0,2277.0,0.0,3650.0,3.1382296681404114,0.3141651749610901,0.649588724584562,0.0,0.0,0.0,0.0,0.0,0.0,0.0,0.0,0.3117989532153602,0.2650348956032421
1124.0,6.0,135.0,1283.0,3380.0,0.0,791.0,1.1677284240722656,5.780590534210205,0.7486333710064444,0.0,0.0,0.0,0.0,0.0,0.0,0.0,0.0,0.22877674952582963,0.17798222605114833
1392.0,56.0,350.0,6579.0,5046.0,0.0,2747.0,1.9558210372924805,3.999314069747925,0.6875087380541168,0.0,0.0,0.0,0.0,0.0,0.0,0.0,0.0,0.24471394965395743,0.1956667240712257
5760.0,155.0,20.0,5992.0,1694.0,0.0,4922.0,0.24697613716125488,-3.1554219722747803,0.13946128338949856,0.0,0.0,0.0,0.0,0.0,0.0,0.0,0.0,0.10334229421440123,0.10389327812341935
3800.0,6.0,289.0,1121.0,928.0,1.0,1.0,0.20405668765306473,-0.02398916333913803,0.20971982624065694,0.0,0.0,0.0,0.0,0.0,0.0,0.0,0.0,0.09762976994661626,0.09114401886153102
3499.0,86.0,149.0,3729.0,904.0,0.0,3821.0,0.21489763259887695,-4.781759738922119,0.0041017631467907675,0.0,0.0,0.0,0.0,0.0,0.0,0.0,0.0,0.08522507129882646,0.09035028253785475
128.0,53.0,189.0,2243.0,2445.0,1.0,1.0,8.4793221950531,7.371919631958008,0.9992414478711353,0.0,0.0,0.0,0.0,0.0,0.0,0.0,0.0,0.5651165138031805,0.4183199925763197
4241.0,46.0,306.0,2207.0,2202.0,0.0,1.0,3.356309413909912,7.7540154457092285,0.9402736018001908,2.0,1.0986122886681098,1.0,0.0,1.0,0.35534623958550504,0.5,1.0,0.3542450974592505,0.4824087668958714
5743.0,34.0,287.0,2912.0,7117.0,0.0,6774.0,0.26580333709716797,-2.9176437854766846,0.0029202530563339907,0.0,0.0,0.0,0.0,0.0,0.0,0.0,0.0,0.07555707775242396,0.07691523818852872
2517.0,160.0,98.0,2100.0,5305.0,0.0,1883.0,1.5342063903808594,1.2165647745132446,0.5295575805259958,0.0,0.0,0.0,0.0,0.0,0.0,0.0,0.0,0.2037299785009979,0.1750000374385946
2517.0,53.0,289.0,1755.0,6348.0,1.0,1.0,7.140905320644379,6.6319050788879395,0.9965627121024624,0.0,0.0,0.0,0.0,0.0,0.0,0.0,0.0,0.531986026553796,0.39926653305908594
1891.0,168.0,17.0,2153.0,2752.0,0.0,2693.0,0.2961094379425049,-2.1620655059814453,0.0034506803383871263,0.0,0.0,0.0,0.0,0.0,0.0,0.0,0.0,0.07218307042563919,0.0722327574883202
5989.0,156.0,300.0,5929.0,2906.0,0.0,23.0,0.1705641746520996,-4.9131669998168945,0.030072629425558575,0.0,0.0,0.0,0.0,0.0,0.0,0.0,0.0,0.09052150034500105,0.0959844987522235
3176.0,0.0,299.0,3402.0,7117.0,0.0,7120.0,0.057613372802734375,-4.95838737487793,0.006562394993741394,0.0,0.0,0.0,0.0,0.0,0.0,0.0,0.0,0.08502659104203934,0.0908123858351555
3281.0,53.0,43.0,6317.0,3984.0,0.0,1.0,0.501093864440918,8.938078880310059,0.6223827699055381,1.0,0.6931471805599453,1.0,0.0,1.0,0.2703662113747399,0.5,1.0,0.13726861023024492,0.21155448512008895
4574.0,142.0,80.0,5111.0,4723.0,1.0,1.0,4.638594150543213,7.6040120124816895,0.9766492098298346,0.0,0.0,0.0,0.0,0.0,0.0,0.0,0.0,0.4185921132807559,0.306779976897379
4574.0,155.0,146.0,6328.0,885.0,1.0,1.0,5.0296754240989685,5.6026387214660645,0.9807721486089533,1.0,0.6931471805599453,0.12500000000000003,0.0,1.0,0.999999999992,0.5,1.0,0.4698233385812076,0.779587974634283
278.0,127.0,337.0,4160.0,2683.0,0.0,7.0,0.38704538345336914,7.586632251739502,0.5023952772532234,1.0,0.6931471805599453,1.0,0.0,0.0,0.0,0.0,1.0,0.11457256103385231,0.1271456842359237
278.0,155.0,339.0,6284.0,733.0,1.0,1.0,3.03910756111145,5.0719523429870605,0.8854455240008731,0.0,0.0,0.0,0.0,0.0,0.0,0.0,0.0,0.3586434893452562,0.27863248409126623
4145.0,176.0,206.0,328.0,4019.0,0.0,718.0,0.6193399578332901,0.4129236042499542,0.040349053265927935,0.0,0.0,0.0,0.0,0.0,0.0,0.0,0.0,0.06866116539167919,0.06410234376241405
4792.0,58.0,235.0,5845.0,2590.0,0.0,6531.0,0.06375962495803833,-0.785129725933075,0.0009446375419880589,0.0,0.0,0.0,0.0,0.0,0.0,0.0,0.0,0.06352037563707337,0.06207646809101346
16.0,129.0,250.0,616.0,5963.0,0.0,5532.0,0.16729092597961426,0.42678701877593994,0.003864324068183868,0.0,0.0,0.0,0.0,0.0,0.0,0.0,0.0,0.05966597420134913,0.056594808355466694
7098.0,127.0,44.0,920.0,4569.0,0.0,5203.0,1.3979034423828125,4.501392841339111,0.47680898457234444,0.0,0.0,0.0,0.0,0.0,0.0,0.0,0.0,0.148491191349509,0.11928205360577138
3205.0,224.0,31.0,62.0,4407.0,0.0,2.0,0.549619197845459,3.697197675704956,0.374988156400903,0.0,0.0,0.0,0.0,0.0,0.0,0.0,0.0,0.1142245715947323,0.0958554879144495
623.0,6.0,91.0,4319.0,2417.0,0.0,5671.0,1.3601534962654114,-0.7258478999137878,0.26672302722731683,0.0,0.0,0.0,0.0,0.0,0.0,0.0,0.0,0.1324611040368105,0.12139646839309617
286.0,160.0,120.0,2694.0,1175.0,0.0,108.0,1.2637939453125,4.123241424560547,0.49744574506986905,0.0,0.0,0.0,0.0,0.0,0.0,0.0,0.0,0.15610318431683284,0.1266787394331574
6170.0,160.0,167.0,2784.0,4068.0,0.0,72.0,0.8634204864501953,-3.352550506591797,0.32000656418819157,0.0,0.0,0.0,0.0,0.0,0.0,0.0,0.0,0.16410808807615776,0.1597177515695771
5267.0,56.0,329.0,1189.0,18.0,0.0,4.0,1.5372745990753174,4.128448486328125,0.7742957606646987,0.0,0.0,0.0,0.0,0.0,0.0,0.0,0.0,0.27213388372591424,0.21855663695176022
2597.0,160.0,139.0,3233.0,3060.0,0.0,2919.0,0.004194676876068115,0.979812741279602,0.27088357173794314,0.0,0.0,0.0,0.0,0.0,0.0,0.0,0.0,0.10191212242104726,0.09291105102420912
2240.0,105.0,97.0,2648.0,6888.0,0.0,2695.0,0.253037691116333,1.700750708580017,0.16504803705517695,0.0,0.0,0.0,0.0,0.0,0.0,0.0,0.0,0.0794585807331459,0.07169969205715283
4497.0,174.0,293.0,6934.0,3688.0,0.0,6982.0,0.05453479290008545,-1.7098109722137451,0.0015556971068135716,0.0,0.0,0.0,0.0,0.0,0.0,0.0,0.0,0.06763505784216586,0.06745891409007733
2915.0,156.0,265.0,2083.0,5527.0,0.0,36.0,0.5939726829528809,3.63116192817688,0.6189440261179339,0.0,0.0,0.0,0.0,0.0,0.0,0.0,0.0,0.19004952173835868,0.15710306416461742
1554.0,53.0,157.0,6871.0,1755.0,1.0,1.0,7.311957895755768,7.960237979888916,0.9988337738455483,0.0,0.0,0.0,0.0,0.0,0.0,0.0,0.0,0.5151330518489462,0.37468531168876146
4881.0,222.0,336.0,4048.0,4319.0,0.0,6725.0,0.30699586868286133,-1.9119925498962402,0.04093013111158818,0.0,0.0,0.0,0.0,0.0,0.0,0.0,0.0,0.07727563868956039,0.0765142318263219
1198.0,160.0,79.0,1154.0,3377.0,0.0,6031.0,2.19158673286438,-1.208266019821167,0.5965943070193539,0.0,0.0,0.0,0.0,0.0,0.0,0.0,0.0,0.2814694664587972,0.2504974205629551
3532.0,156.0,187.0,1148.0,150.0,1.0,1.0,7.4774563908576965,8.43122673034668,0.9979062996171295,0.0,0.0,0.0,0.0,0.0,0.0,0.0,0.0,0.5116462143997111,0.3678161174836237
3532.0,205.0,318.0,920.0,2684.0,0.0,74.0,0.7116462588310242,-0.30566662549972534,0.06537620326429903,0.0,0.0,0.0,0.0,0.0,0.0,0.0,0.0,0.07708482042767657,0.07272315167529156
3845.0,207.0,56.0,5963.0,3322.0,1.0,1.0,2.807448148727417,5.49220085144043,0.8525616859730512,0.0,0.0,0.0,0.0,0.0,0.0,0.0,0.0,0.3269003405262222,0.25144953873632386
2127.0,156.0,91.0,4035.0,5489.0,0.0,12.0,1.217381240800023,1.1962559223175049,0.5364508877370416,0.0,0.0,0.0,0.0,0.0,0.0,0.0,0.0,0.1997436125795422,0.17264182554786348
6690.0,53.0,275.0,5911.0,5195.0,1.0,1.0,6.77565136551857,7.1508870124816895,0.9976681606708943,0.0,0.0,0.0,0.0,0.0,0.0,0.0,0.0,0.5109551290355032,0.3787436421268465
422.0,224.0,233.0,5565.0,1158.0,0.0,1646.0,0.5359804630279541,-2.212184190750122,0.13189560049365634,0.0,0.0,0.0,0.0,0.0,0.0,0.0,0.0,0.09902800868556234,0.09698988806578247
6116.0,160.0,249.0,2454.0,2446.0,0.0,3466.0,0.8084995746612549,-2.8348073959350586,0.1559272755395695,0.0,0.0,0.0,0.0,0.0,0.0,0.0,0.0,0.1122218162855946,0.11028818456811669
4206.0,61.0,244.0,4284.0,5484.0,0.0,2197.0,1.1080448925495148,0.7922886610031128,0.36807951416074947,0.0,0.0,0.0,0.0,0.0,0.0,0.0,0.0,0.1444095760653868,0.12765729731327138
2662.0,103.0,327.0,7109.0,6890.0,1.0,1.0,2.2611083984375,5.735538005828857,0.8685727583276417,0.0,0.0,0.0,0.0,0.0,0.0,0.0,0.0,0.31536818583047566,0.24296210270947066
484.0,224.0,136.0,4702.0,6704.0,0.0,3.0,0.18860316276550293,-2.985029935836792,0.09131549779534251,0.0,0.0,0.0,0.0,0.0,0.0,0.0,0.0,0.09138280924615498,0.09225304514905219
801.0,160.0,146.0,4740.0,2327.0,0.0,4.0,4.946958422660828,6.064196586608887,0.9862866529792573,0.0,0.0,0.0,0.0,0.0,0.0,0.0,0.0,0.4620320807551363,0.35140111879199093
3410.0,160.0,96.0,3410.0,4224.0,0.0,5767.0,4.461239576339722,2.0248701572418213,0.9444529244978417,0.0,0.0,0.0,0.0,0.0,0.0,0.0,0.0,0.4934500280220984,0.40776676358281627
4060.0,156.0,184.0,1077.0,7038.0,0.0,6.0,0.04614830017089844,5.649733543395996,0.45768921710879634,0.0,0.0,0.0,0.0,0.0,0.0,0.0,0.0,0.11320141955468437,0.09132540115326808
5477.0,53.0,106.0,3155.0,4807.0,1.0,1.0,18.60855346918106,17.733654022216797,0.999999976382668,1.0,0.6931471805599453,0.9611657480580811,0.0,1.0,0.9999999999989596,0.5,1.0,0.7074648579759658,0.7852805446598564
4596.0,169.0,187.0,5782.0,6430.0,0.0,25.0,0.12480670213699341,-0.7229289412498474,0.06826922847512171,0.0,0.0,0.0,0.0,0.0,0.0,0.0,0.0,0.07413830149674729,0.07162051212800426
6929.0,160.0,261.0,711.0,359.0,0.0,214.0,3.460390090942383,8.027235984802246,0.9687199297987107,0.0,0.0,0.0,0.0,0.0,0.0,0.0,0.0,0.3687470352627665,0.26891678534819724
2236.0,53.0,265.0,6052.0,986.0,1.0,1.0,2.782963514328003,4.642558574676514,0.8506119880904374,0.0,0.0,0.0,0.0,0.0,0.0,0.0,0.0,0.3387801687521834,0.26568718125281354
1828.0,38.0,128.0,4407.0,1943.0,1.0,1.0,3.042336493730545,-0.19967004656791687,0.7271129808762908,1.0,0.6931471805599453,0.9611657480580811,0.0,1.0,0.9999999999989596,0.5,1.0,0.3587746929865444,0.6735653548220554
1828.0,160.0,149.0,4407.0,235.0,1.0,1.0,1.0916315615177155,1.528889775276184,0.6598256932748586,2.0,1.0986122886681098,0.0663258139583358,0.0,1.0,0.9999999999923868,0.5,1.0,0.24384766369422894,0.6351854326775415
6478.0,224.0,248.0,6603.0,3308.0,0.0,46.0,0.45602840185165405,1.0308701992034912,0.257931658530962,0.0,0.0,0.0,0.0,0.0,0.0,0.0,0.0,0.10433366249245596,0.09411709735493214
5894.0,53.0,338.0,3494.0,1155.0,0.0,839.0,1.9967460632324219,-4.586806297302246,0.1734135859437706,0.0,0.0,0.0,0.0,0.0,0.0,0.0,0.0,0.14948843007659093,0.1476749621003625
4705.0,160.0,292.0,4456.0,5361.0,0.0,3987.0,3.3804068565368652,0.8373630046844482,0.7397121175326585,0.0,0.0,0.0,0.0,0.0,0.0,0.0,0.0,0.3590020302781109,0.301593927237893
3733.0,53.0,184.0,6293.0,2442.0,1.0,1.0,3.227090358734131,9.702651977539062,0.9424257563094619,1.0,0.6931471805599453,0.9423178739918808,0.0,0.0,0.0,0.0,1.0,0.31999586711458716,0.3088593409498534
5979.0,156.0,134.0,6505.0,5700.0,0.0,3929.0,0.21442818641662598,-3.7064270973205566,0.023251689718027373,0.0,0.0,0.0,0.0,0.0,0.0,0.0,0.0,0.08278057767146371,0.0855729314776302
6445.0,38.0,68.0,1361.0,2442.0,0.0,4.0,2.137995719909668,6.500735282897949,0.8001302682686073,0.0,0.0,0.0,0.0,0.0,0.0,0.0,0.0,0.26656891860665216,0.2013073041003745
2600.0,127.0,271.0,2290.0,1115.0,0.0,9.0,1.2274365425109863,6.577536582946777,0.6031056832861296,0.0,0.0,0.0,0.0,0.0,0.0,0.0,0.0,0.16582424495757347,0.12676018348838095
2095.0,156.0,229.0,2547.0,6795.0,0.0,1.0,6.450217008590698,8.126532554626465,0.9970995527409097,1.0,0.6931471805599453,1.0,0.0,1.0,0.9999999999989999,0.5,1.0,0.4819640426707664,0.7090878972046192
5802.0,156.0,195.0,4614.0,4883.0,0.0,6910.0,0.4352273941040039,-5.872987747192383,0.024891760044126864,0.0,0.0,0.0,0.0,0.0,0.0,0.0,0.0,0.09845617996090003,0.10582320411239882
3830.0,155.0,135.0,669.0,3159.0,1.0,1.0,0.18126773834228516,9.258277893066406,0.5428944444551322,0.0,0.0,0.0,0.0,0.0,0.0,0.0,0.0,0.10947457828489043,0.08052123648273703
1219.0,6.0,237.0,1755.0,2272.0,0.0,3932.0,0.3285410404205322,-2.923759698867798,0.1037920304881627,0.0,0.0,0.0,0.0,0.0,0.0,0.0,0.0,0.09514958811652025,0.09543645702654519
4247.0,191.0,76.0,4723.0,1883.0,0.0,68.0,0.2387712001800537,1.9607609510421753,0.20475794036774445,0.0,0.0,0.0,0.0,0.0,0.0,0.0,0.0,0.08511503255805632,0.07605096848704336
4247.0,107.0,170.0,1416.0,1128.0,0.0,2893.0,0.05023193359375,0.7870728373527527,0.0902186940317131,0.0,0.0,0.0,0.0,0.0,0.0,0.0,0.0,0.06970008530033996,0.06508064057603395
794.0,53.0,251.0,1626.0,5036.0,1.0,1.0,1.4581708908081055,7.959278106689453,0.8095360571525454,0.0,0.0,0.0,0.0,0.0,0.0,0.0,0.0,0.2338060468789804,0.17230554925274372
4703.0,6.0,244.0,6785.0,4703.0,0.0,1950.0,2.167398750782013,1.6993616819381714,0.4910745046997584,0.0,0.0,0.0,0.0,0.0,0.0,0.0,0.0,0.19698973362808264,0.1657401418193355
5082.0,160.0,141.0,776.0,6350.0,1.0,1.0,2.425187408924103,0.47993701696395874,0.7450349216626679,0.0,0.0,0.0,0.0,0.0,0.0,0.0,0.0,0.33846498354709004,0.28988742089854685
1114.0,56.0,92.0,3569.0,7048.0,0.0,75.0,0.2226877212524414,-2.394307851791382,0.029226453121312532,0.0,0.0,0.0,0.0,0.0,0.0,0.0,0.0,0.07694249800636963,0.07726557040526044
2270.0,18.0,159.0,2906.0,1115.0,0.0,1806.0,0.45676088333129883,3.829416275024414,0.29493490479498724,0.0,0.0,0.0,0.0,0.0,0.0,0.0,0.0,0.09420681871272882,0.07956493127942957
4192.0,156.0,198.0,4575.0,2719.0,0.0,273.0,0.00565648078918457,-3.139573335647583,0.05445510193223969,0.0,0.0,0.0,0.0,0.0,0.0,0.0,0.0,0.08323138430139085,0.08511140170255463
512.0,207.0,331.0,7117.0,3402.0,0.0,5976.0,0.18686771392822266,-4.656136989593506,0.008577912616504393,0.0,0.0,0.0,0.0,0.0,0.0,0.0,0.0,0.08506159449808894,0.08994972895053574
6353.0,155.0,233.0,5037.0,3262.0,1.0,1.0,7.994541108608246,7.702430248260498,0.9992024518685683,0.0,0.0,0.0,0.0,0.0,0.0,0.0,0.0,0.5429908843119513,0.3980935255731058
741.0,103.0,37.0,3155.0,4133.0,1.0,1.0,1.4384906589984894,-0.3960551917552948,0.5031835699795462,3.0,1.3862943611198906,0.9803906099397734,0.32675415021192744,1.0,0.9999999999996532,0.6633770751059638,1.0,0.2103386363058147,0.5936543898079856
78.0,16.0,332.0,7117.0,5445.0,0.0,6795.0,0.12016153335571289,-3.3034133911132812,0.002351581404277201,0.0,0.0,0.0,0.0,0.0,0.0,0.0,0.0,0.07603815183866877,0.07834799805912744
3370.0,155.0,351.0,362.0,2266.0,1.0,1.0,9.284639596939087,8.119494438171387,0.9997060393278566,2.0,1.0986122886681098,0.6597539553864471,0.03812239013122165,0.9618776098687783,0.9176698141647452,0.5,1.0,0.5787954664870303,0.787053882540103
521.0,55.0,162.0,3688.0,3676.0,0.0,19.0,0.0852709412574768,-0.2275683581829071,0.010306506526260356,0.0,0.0,0.0,0.0,0.0,0.0,0.0,0.0,0.06263983379380807,0.0603618665951021
1469.0,224.0,342.0,4555.0,1469.0,0.0,4.0,0.46379613876342773,4.555215358734131,0.4204371225144908,0.0,0.0,0.0,0.0,0.0,0.0,0.0,0.0,0.11789619756817336,0.09687502225998915
1469.0,154.0,235.0,1128.0,1469.0,1.0,1.0,1.9912457466125488,6.70032262802124,0.8526188970142842,2.0,1.0986122886681098,0.01307411536551412,0.46047423385563946,1.0,0.9999999999587333,0.7302371169278197,1.0,0.28497512329217134,0.7300856604524346
6519.0,160.0,323.0,1226.0,5173.0,0.0,5.0,1.4460195004940033,-0.3958909809589386,0.26926960591808663,0.0,0.0,0.0,0.0,0.0,0.0,0.0,0.0,0.13175682846582173,0.11963737833576103
685.0,156.0,258.0,1130.0,6508.0,1.0,1.0,2.1280852556228638,1.3099474906921387,0.5976887484928826,1.0,0.6931471805599453,0.39423912305778674,0.0,1.0,0.9999999999974635,0.5,1.0,0.2450030240123513,0.5976654670859373
3926.0,142.0,258.0,7038.0,1077.0,1.0,1.0,3.8338680267333984,7.917758941650391,0.9698432595172511,2.0,1.0986122886681098,0.9803906099397734,0.470328596005128,1.0,0.9926780198793066,0.735164298002564,1.0,0.38308630840398605,0.7290545730565652
3926.0,115.0,105.0,3262.0,1077.0,1.0,1.0,5.755301475524902,8.589263916015625,0.9964998958259291,1.0,0.6931471805599453,0.9803906099397734,0.0,1.0,0.99999999999898,0.5,1.0,0.44990034289712005,0.6852311196105159
1519.0,6.0,105.0,1182.0,2926.0,1.0,1.0,4.016806721687317,4.877054214477539,0.9308552710020395,0.0,0.0,0.0,0.0,0.0,0.0,0.0,0.0,0.4193255476165439,0.32635099165653136
6172.0,53.0,277.0,4473.0,2596.0,1.0,1.0,10.424937009811401,7.803045749664307,0.9997565547835403,0.0,0.0,0.0,0.0,0.0,0.0,0.0,0.0,0.6212909213007802,0.4598335398121836
1653.0,160.0,337.0,2442.0,1013.0,0.0,20.0,1.2389662265777588,2.40346622467041,0.5361800866526432,2.0,1.0986122886681098,0.20918584584822575,0.0,0.0,0.0,0.0,0.0,0.1864825112839075,0.1576380802814321
5089.0,157.0,334.0,1361.0,1653.0,0.0,1649.0,1.016185462474823,-0.7048763632774353,0.033673416456058605,0.0,0.0,0.0,0.0,0.0,0.0,0.0,0.0,0.07663675251424025,0.0726563523907101
1826.0,155.0,195.0,1826.0,20.0,0.0,11.0,0.2604847252368927,0.40147289633750916,0.29777637098572013,0.0,0.0,0.0,0.0,0.0,0.0,0.0,0.0,0.11559359624489962,0.10576349892097037
2450.0,139.0,341.0,1179.0,2786.0,0.0,6349.0,0.3325192332267761,0.7282593250274658,0.0259603144612971,0.0,0.0,0.0,0.0,0.0,0.0,0.0,0.0,0.06275432979926981,0.0587118045147865
1355.0,12.0,43.0,6943.0,4157.0,0.0,5684.0,0.5280974507331848,-0.8728987574577332,0.00536264779272172,0.0,0.0,0.0,0.0,0.0,0.0,0.0,0.0,0.06843455718695762,0.06617041523190169
1844.0,53.0,120.0,6293.0,1077.0,1.0,1.0,8.391459882259369,8.686812400817871,0.9992055668488277,0.0,0.0,0.0,0.0,0.0,0.0,0.0,0.0,0.5386214673735248,0.38578961712158694
2446.0,160.0,5.0,711.0,3341.0,0.0,2.0,5.6346282958984375,14.420968055725098,0.9951668533211181,0.0,0.0,0.0,0.0,0.0,0.0,0.0,0.0,0.34461445758630627,0.21100406885842451
875.0,222.0,239.0,1287.0,4359.0,0.0,39.0,0.9471006393432617,2.560976266860962,0.3344490406259437,0.0,0.0,0.0,0.0,0.0,0.0,0.0,0.0,0.11815898925170748,0.10113711941101401
1786.0,155.0,172.0,1127.0,3432.0,0.0,6916.0,0.07014608383178711,-1.141581416130066,0.015417076387882638,0.0,0.0,0.0,0.0,0.0,0.0,0.0,0.0,0.06728106200413654,0.06613197637922438
5653.0,160.0,19.0,5305.0,6147.0,0.0,160.0,4.887622594833374,1.351243019104004,0.9376298305623086,0.0,0.0,0.0,0.0,0.0,0.0,0.0,0.0,0.5159379831726011,0.43083504811260515
322.0,156.0,230.0,2273.0,4004.0,0.0,901.0,1.1961667090654373,1.3706659078598022,0.5232053028559193,0.0,0.0,0.0,0.0,0.0,0.0,0.0,0.0,0.1922728595078092,0.16575428541761328
6450.0,160.0,175.0,359.0,2417.0,0.0,922.0,0.18429243564605713,0.6083592772483826,0.4320335448768686,0.0,0.0,0.0,0.0,0.0,0.0,0.0,0.0,0.14974379899562826,0.13489663672682822
5901.0,127.0,135.0,6293.0,2661.0,0.0,54.0,0.6914002895355225,3.2551815509796143,0.5028462408742322,0.0,0.0,0.0,0.0,0.0,0.0,0.0,0.0,0.15590170047662075,0.1304790317275399
5582.0,18.0,47.0,2278.0,5196.0,0.0,79.0,0.3756048083305359,0.9207994937896729,0.08395800460092029,0.0,0.0,0.0,0.0,0.0,0.0,0.0,0.0,0.07095693928395685,0.06556398405940331
1611.0,160.0,217.0,3922.0,1077.0,0.0,7.0,7.792453050613403,10.852137565612793,0.9993445671361345,3.0,1.3862943611198906,0.5412194958693883,0.3178208168081431,0.0,0.0,0.15891040840407156,0.0,0.4793568373362077,0.3618108817524195
605.0,229.0,286.0,5480.0,4457.0,1.0,1.0,0.8581979274749756,-0.20481717586517334,0.22731962847745008,0.0,0.0,0.0,0.0,0.0,0.0,0.0,0.0,0.1110655809736075,0.10226161559911788
1881.0,142.0,105.0,734.0,2142.0,1.0,1.0,7.441437482833862,8.022262573242188,0.9983580054822923,0.0,0.0,0.0,0.0,0.0,0.0,0.0,0.0,0.5180970002341202,0.3762979865882643
2341.0,155.0,244.0,3014.0,6477.0,0.0,4216.0,5.919789671897888,7.455691814422607,0.990348688362644,1.0,0.6931471805599453,1.0,0.0,1.0,0.9999999999989999,0.5,1.0,0.47213159869628535,0.7074334879977549
5588.0,156.0,177.0,669.0,5558.0,0.0,2429.0,0.5067480802536011,-0.8199635744094849,0.21707144751070614,0.0,0.0,0.0,0.0,0.0,0.0,0.0,0.0,0.10836245686426811,0.10207234079085753
4491.0,222.0,70.0,776.0,4339.0,0.0,171.0,3.893030285835266,0.783385157585144,0.8047659819251757,0.0,0.0,0.0,0.0,0.0,0.0,0.0,0.0,0.4134476727496508,0.34704556990322377
1133.0,52.0,127.0,20.0,6805.0,0.0,1080.0,0.826148271560669,1.120937705039978,0.14845592521671405,0.0,0.0,0.0,0.0,0.0,0.0,0.0,0.0,0.08547001826376643,0.07716571270009515
4961.0,156.0,124.0,4004.0,96.0,0.0,65.0,2.5937055945396423,3.5200648307800293,0.8318703904330818,0.0,0.0,0.0,0.0,0.0,0.0,0.0,0.0,0.34114022624724233,0.27448810301740983
1422.0,143.0,186.0,6321.0,2926.0,0.0,6572.0,0.03874713182449341,-0.9923902153968811,0.007261868174415308,0.0,0.0,0.0,0.0,0.0,0.0,0.0,0.0,0.0651361101346219,0.0639347036981393
1422.0,38.0,326.0,5196.0,5019.0,0.0,1030.0,1.6730172634124756,-2.02903151512146,0.11223845909473151,0.0,0.0,0.0,0.0,0.0,0.0,0.0,0.0,0.10765045292463814,0.10236436832043172
1641.0,131.0,184.0,6411.0,6017.0,0.0,1597.0,2.6971712708473206,2.3137454986572266,0.2622260949377258,0.0,0.0,0.0,0.0,0.0,0.0,0.0,0.0,0.12680612037062125,0.10555597372565279
64.0,207.0,343.0,2442.0,4004.0,1.0,1.0,8.59514057636261,9.596114158630371,0.9992632452249945,2.0,1.0986122886681098,0.008128150650170597,0.32894702012216626,1.0,0.9999999999174408,0.6644735100610831,1.0,0.5291270829984964,0.8390970148948081
2434.0,207.0,111.0,5527.0,1185.0,0.0,18.0,3.13972806930542,3.6694867610931396,0.7879159397344976,0.0,0.0,0.0,0.0,0.0,0.0,0.0,0.0,0.331563075156518,0.2635994012186841
6298.0,18.0,21.0,1627.0,3671.0,0.0,1294.0,0.15149545669555664,-3.984513282775879,0.004069318721691644,0.0,0.0,0.0,0.0,0.0,0.0,0.0,0.0,0.08019129834163273,0.0837421727470529
5920.0,115.0,149.0,3450.0,2278.0,1.0,1.0,6.609914422035217,8.062259674072266,0.9942288052777967,0.0,0.0,0.0,0.0,0.0,0.0,0.0,0.0,0.4867910495301267,0.3525833507182902
2261.0,53.0,280.0,2315.0,2675.0,1.0,1.0,11.906687021255493,9.765769958496094,0.9999696304579002,0.0,0.0,0.0,0.0,0.0,0.0,0.0,0.0,0.6350128463594531,0.4527874858013989
5071.0,53.0,314.0,4004.0,3563.0,1.0,1.0,16.443899393081665,13.715035438537598,0.999999346519417,0.0,0.0,0.0,0.0,0.0,0.0,0.0,0.0,0.7071069294772948,0.47987596433253765
4697.0,160.0,210.0,6321.0,4533.0,0.0,6948.0,0.6986541748046875,-3.156095504760742,0.03780618761686937,0.0,0.0,0.0,0.0,0.0,0.0,0.0,0.0,0.08750731791354087,0.08813270783498231
4866.0,160.0,141.0,6017.0,1115.0,0.0,12.0,1.1335536241531372,2.2135560512542725,0.5427183578421418,0.0,0.0,0.0,0.0,0.0,0.0,0.0,0.0,0.1888073436570049,0.15987214130460664
4670.0,87.0,346.0,6661.0,4361.0,0.0,9.0,0.5474567413330078,2.208683490753174,0.14351312994339357,0.0,0.0,0.0,0.0,0.0,0.0,0.0,0.0,0.07595755751619303,0.06743816178249279
881.0,107.0,301.0,4313.0,3688.0,0.0,3270.0,0.07524633407592773,-1.8565728664398193,0.004607510832585771,0.0,0.0,0.0,0.0,0.0,0.0,0.0,0.0,0.06895721752633811,0.06893246442179161
2814.0,6.0,230.0,4587.0,776.0,0.0,20.0,1.6421895027160645,5.273524284362793,0.8138009079804309,0.0,0.0,0.0,0.0,0.0,0.0,0.0,0.0,0.27740959536807325,0.21706083008326296
6789.0,160.0,186.0,2700.0,5740.0,0.0,6544.0,0.044116973876953125,-6.082243919372559,0.026890634996003443,0.0,0.0,0.0,0.0,0.0,0.0,0.0,0.0,0.09557314938962842,0.10418769680625385
3587.0,156.0,303.0,2300.0,3587.0,0.0,319.0,2.1617684364318848,3.961225748062134,0.8076697741685281,0.0,0.0,0.0,0.0,0.0,0.0,0.0,0.0,0.30855846606472337,0.24686286626037876
6567.0,127.0,222.0,2460.0,151.0,0.0,7128.0,2.3621539175510406,2.084108352661133,0.45992183033832207,0.0,0.0,0.0,0.0,0.0,0.0,0.0,0.0,0.18515506532373155,0.15411450586616623
1520.0,224.0,260.0,1185.0,1520.0,1.0,1.0,1.542488545179367,0.4664897620677948,0.5625810460634088,5.0,1.791759469228055,0.20508383900190946,0.08782574969298473,0.9121742503070153,0.4593856273419725,0.5,1.0,0.22650584158505566,0.5159023302921325
4333.0,127.0,223.0,2266.0,1135.0,0.0,3.0,1.7003841996192932,0.17439669370651245,0.5948492666157315,0.0,0.0,0.0,0.0,0.0,0.0,0.0,0.0,0.24826254073386667,0.21670498055754123
6343.0,160.0,121.0,2596.0,5226.0,0.0,10.0,3.628627061843872,2.5701398849487305,0.9589831771609831,0.0,0.0,0.0,0.0,0.0,0.0,0.0,0.0,0.46425232011758566,0.3818290574425441
1956.0,222.0,271.0,4362.0,3080.0,0.0,17.0,3.423499584197998,11.361023902893066,0.9294069218396912,0.0,0.0,0.0,0.0,0.0,0.0,0.0,0.0,0.2934540985723203,0.19586654832592154
1801.0,160.0,173.0,4393.0,1130.0,0.0,28.0,2.573600858449936,2.4511594772338867,0.6697283875705626,0.0,0.0,0.0,0.0,0.0,0.0,0.0,0.0,0.2740353801209786,0.22453396865948988
227.0,156.0,156.0,1753.0,703.0,0.0,4214.0,0.5641219615936279,-1.4524810314178467,0.049712722658106986,0.0,0.0,0.0,0.0,0.0,0.0,0.0,0.0,0.07890685820032027,0.07676312745541693
2416.0,156.0,115.0,2234.0,1115.0,0.0,6.0,0.2954045534133911,-1.7264612913131714,0.14979809288443177,0.0,0.0,0.0,0.0,0.0,0.0,0.0,0.0,0.09685879083734622,0.09424734435540909
7071.0,160.0,16.0,1928.0,6509.0,0.0,5.0,0.1093595027923584,-2.8700032234191895,0.1353976632952223,0.0,0.0,0.0,0.0,0.0,0.0,0.0,0.0,0.09888383945489888,0.09921339363147132
47.0,169.0,168.0,6865.0,2234.0,0.0,6681.0,0.320122167468071,0.09735213220119476,0.14560994587313608,0.0,0.0,0.0,0.0,0.0,0.0,0.0,0.0,0.08537874172296141,0.07985899994222175
5426.0,202.0,85.0,1170.0,7067.0,0.0,25.0,1.336755558848381,1.2472010850906372,0.15798906338371455,0.0,0.0,0.0,0.0,0.0,0.0,0.0,0.0,0.09217351852986622,0.08187208316540401
3294.0,155.0,210.0,4304.0,4723.0,1.0,1.0,5.389326095581055,10.996615409851074,0.9954029003562327,2.0,1.0986122886681098,0.9803906099397734,0.0,1.0,0.9449923542924047,0.5,1.0,0.39472791825415837,0.6195147074628385
2555.0,222.0,263.0,2555.0,244.0,0.0,91.0,2.3292309641838074,3.028946876525879,0.5648746853932929,0.0,0.0,0.0,0.0,0.0,0.0,0.0,0.0,0.21386788832807851,0.17383322426280726
1958.0,155.0,189.0,3159.0,2459.0,1.0,1.0,6.38359534740448,7.135806083679199,0.9916328329800831,0.0,0.0,0.0,0.0,0.0,0.0,0.0,0.0,0.49434287153071427,0.3660519943978852
4248.0,38.0,225.0,5758.0,956.0,0.0,7102.0,0.5724347829818726,-0.2917972207069397,0.2462682994855056,0.0,0.0,0.0,0.0,0.0,0.0,0.0,0.0,0.11238749999304488,0.10417081481669951
3215.0,191.0,93.0,5421.0,6156.0,0.0,48.0,7.23625910282135,8.257940292358398,0.9936264556437252,0.0,0.0,0.0,0.0,0.0,0.0,0.0,0.0,0.5040539172382555,0.3634100725482496
786.0,160.0,201.0,976.0,5488.0,0.0,5.0,1.3716669082641602,-2.050542116165161,0.3356202661874369,0.0,0.0,0.0,0.0,0.0,0.0,0.0,0.0,0.1657714171947703,0.15511628343004194
3969.0,155.0,173.0,362.0,829.0,1.0,1.0,5.890275478363037,8.222846031188965,0.9916104773992556,0.0,0.0,0.0,0.0,0.0,0.0,0.0,0.0,0.45807895872000337,0.3304330752166202
3910.0,160.0,91.0,4004.0,2524.0,0.0,3818.0,0.21969890594482422,-2.1723294258117676,0.1200090962403517,0.0,0.0,0.0,0.0,0.0,0.0,0.0,0.0,0.09259449455463599,0.09146900483342331
1794.0,142.0,170.0,3569.0,4950.0,0.0,13.0,0.06975167617201805,-0.05738246813416481,0.26588539405737843,0.0,0.0,0.0,0.0,0.0,0.0,0.0,0.0,0.10868466725488561,0.10123154953390072
5759.0,53.0,348.0,1759.0,3459.0,1.0,1.0,4.6396825313568115,7.455804347991943,0.9894448543194887,0.0,0.0,0.0,0.0,0.0,0.0,0.0,0.0,0.42877606091645803,0.3160679100531134
2688.0,169.0,115.0,5454.0,1611.0,0.0,2498.0,0.7512590885162354,0.3505007326602936,0.1699862889914733,0.0,0.0,0.0,0.0,0.0,0.0,0.0,0.0,0.09340818473032733,0.08572656733954598
5784.0,6.0,117.0,3936.0,327.0,0.0,6772.0,0.29518043994903564,-1.9267483949661255,0.023838201575572603,0.0,0.0,0.0,0.0,0.0,0.0,0.0,0.0,0.07435324629727227,0.07383040364453008
6400.0,160.0,202.0,5626.0,2912.0,0.0,6975.0,0.2491321563720703,-7.697888374328613,0.011133980024486484,0.0,0.0,0.0,0.0,0.0,0.0,0.0,0.0,0.10520434983490314,0.11809306945382807
3557.0,53.0,294.0,5445.0,2668.0,0.0,260.0,0.19762563705444336,-7.030757427215576,0.026847914212458447,0.0,0.0,0.0,0.0,0.0,0.0,0.0,0.0,0.10357778791748594,0.11462250156332608
426.0,39.0,362.0,5745.0,3264.0,0.0,6702.0,0.445071816444397,-1.0324445962905884,0.014463026491120233,0.0,0.0,0.0,0.0,0.0,0.0,0.0,0.0,0.06986694893638899,0.06785826393176045
4822.0,158.0,173.0,4319.0,6699.0,0.0,2077.0,0.1558530330657959,2.605876922607422,0.18791361360505007,0.0,0.0,0.0,0.0,0.0,0.0,0.0,0.0,0.0777514643730716,0.0687473395957969
2654.0,123.0,207.0,1128.0,1138.0,1.0,1.0,6.199451446533203,7.445104598999023,0.9878006850031,0.0,0.0,0.0,0.0,0.0,0.0,0.0,0.0,0.480222337723059,0.35268793603512066
6493.0,56.0,69.0,1173.0,3262.0,0.0,25.0,1.8754830360412598,5.472030162811279,0.7696562745857016,0.0,0.0,0.0,0.0,0.0,0.0,0.0,0.0,0.25988867760403433,0.2015014863818245
5369.0,42.0,288.0,2446.0,1140.0,0.0,1688.0,0.3687974810600281,-0.9923376441001892,0.0202879538193774,0.0,0.0,0.0,0.0,0.0,0.0,0.0,0.0,0.06992023476070612,0.0679331802898055
4789.0,155.0,290.0,4319.0,545.0,1.0,1.0,5.710076093673706,6.886537075042725,0.9915860690097252,0.0,0.0,0.0,0.0,0.0,0.0,0.0,0.0,0.47607925124161304,0.35486899609251016
2660.0,155.0,315.0,1762.0,3262.0,0.0,452.0,0.18171605467796326,-0.3410617411136627,0.2311257850600496,0.0,0.0,0.0,0.0,0.0,0.0,0.0,0.0,0.1041138366250281,0.09768123742701557
6351.0,103.0,59.0,4702.0,2266.0,1.0,1.0,8.979465149343014,9.092803955078125,0.9997078821040131,0.0,0.0,0.0,0.0,0.0,0.0,0.0,0.0,0.5513460473782086,0.39181807697089427
5159.0,38.0,124.0,1478.0,711.0,0.0,3437.0,2.669816017150879,7.082117557525635,0.928062060000848,1.0,0.6931471805599453,1.0,0.0,1.0,0.9999999999989999,0.5,1.0,0.33759577618584075,0.605580124909649
5133.0,86.0,244.0,1277.0,3635.0,0.0,344.0,0.26829057931900024,1.013006329536438,0.2514263794366169,0.0,0.0,0.0,0.0,0.0,0.0,0.0,0.0,0.10067582452011098,0.09132575528624233
4666.0,38.0,35.0,1196.0,1315.0,0.0,3590.0,0.905724048614502,-4.987687110900879,0.10387170554135826,0.0,0.0,0.0,0.0,0.0,0.0,0.0,0.0,0.11663695599055812,0.12032886156457707
5952.0,208.0,180.0,5445.0,7117.0,0.0,7128.0,0.05150914192199707,-3.8573660850524902,0.0048565766833012025,0.0,0.0,0.0,0.0,0.0,0.0,0.0,0.0,0.07866850542949715,0.08213627931418484
6036.0,6.0,118.0,5445.0,4135.0,0.0,5246.0,0.2873353958129883,-6.318374156951904,0.010353779479572972,0.0,0.0,0.0,0.0,0.0,0.0,0.0,0.0,0.09645249957368066,0.10523815756495218
5667.0,170.0,14.0,5457.0,6792.0,1.0,1.0,4.743040680885315,3.700469970703125,0.9333295539625531,0.0,0.0,0.0,0.0,0.0,0.0,0.0,0.0,0.46599943750689704,0.3708484849621321
1853.0,169.0,211.0,3402.0,7017.0,0.0,7121.0,0.41968774795532227,-4.903069019317627,0.009832478996343645,0.0,0.0,0.0,0.0,0.0,0.0,0.0,0.0,0.0892275184791945,0.09425220406924344
2824.0,169.0,262.0,3573.0,3572.0,0.0,5311.0,0.881624698638916,-1.6837642192840576,0.029456765104998627,0.0,0.0,0.0,0.0,0.0,0.0,0.0,0.0,0.07969996241434468,0.07749481478736696
1400.0,160.0,303.0,5626.0,4707.0,0.0,5857.0,0.7973690032958984,-8.176949501037598,0.02319979879504369,0.0,0.0,0.0,0.0,0.0,0.0,0.0,0.0,0.11890792291838939,0.132552577392017
462.0,224.0,311.0,29.0,1167.0,0.0,2.0,1.037903368473053,1.9968786239624023,0.4822455504356759,0.0,0.0,0.0,0.0,0.0,0.0,0.0,0.0,0.16787853438560493,0.143586810287713
3460.0,53.0,118.0,2460.0,3792.0,0.0,6997.0,0.30982375144958496,-3.6958706378936768,0.040982082303260406,0.0,0.0,0.0,0.0,0.0,0.0,0.0,0.0,0.0870421541416622,0.08952055792536519
2065.0,53.0,259.0,6310.0,4463.0,1.0,1.0,6.440547004342079,6.268240451812744,0.9945240749639799,0.0,0.0,0.0,0.0,0.0,0.0,0.0,0.0,0.5137080884352452,0.3885333888066061
3585.0,53.0,118.0,2378.0,1181.0,1.0,1.0,10.286932349205017,8.432467460632324,0.9998695738197085,0.0,0.0,0.0,0.0,0.0,0.0,0.0,0.0,0.606130820176219,0.44131842862783427
