query_id,subject,relation,timestamp,winner,runner,correct,certificate,fragility_cost,counter_evidence_cost,diversity,support,event_flip,window_flip,counter_flip
0,230,4,337,35,58,1,0.5,0.5785605957536449,0.2761487868525631,0.42143940424635506,2.0,1,1,1
1,230,12,318,223,38,0,0.5,0.9883609830011217,0.11375990859287693,0.01163901699887826,5.0,1,1,1
2,230,14,290,305,320,1,0.5,0.5626741606833183,0.3551205717825795,0.4373258393166817,17.0,0,1,0
3,230,0,226,223,454,0,0.5,0.4171515544154811,0.044164837542043235,0.5828484455845189,10.0,1,1,1
4,230,15,15,78,181,0,0.5,0.5049508894765015,0.019213780246116783,0.49504911052349854,2.0,1,1,1
5,230,2,154,454,223,0,0.5,0.3305154793992686,0.07256933119949287,0.6694845206007314,6.0,1,1,1
6,230,16,134,472,471,0,0.5,0.38191372864763135,0.039365681794313996,0.6180862713523687,4.0,1,1,1
7,230,18,279,467,95,0,0.5,0.5272366732981669,0.17843832067651763,0.4727633267018331,3.0,1,1,1
8,334,18,69,465,474,0,0.6767588312125672,0.5525294065456385,0.28867155289248947,0.800988255879496,28.0,0,0,0
9,334,18,83,465,474,0,0.6969842005294932,0.5906624878392761,0.3893231486604349,0.8033059132197102,33.0,0,0,0
10,334,0,266,474,314,0,0.6122762185768988,0.36770919806679575,0.20015229426319806,0.856843239087002,171.0,0,0,0
11,334,0,68,465,474,0,0.5723191232783376,0.2937037504601836,0.1221922182737482,0.8509344960964916,50.0,0,0,0
12,334,0,176,474,465,0,0.5,0.17187104079075746,0.07062284366495362,0.8281289592092426,106.0,0,1,0
13,334,0,255,474,314,0,0.6594073139608074,0.45532764429455325,0.22667430819596823,0.8634869836270616,162.0,0,0,0
14,334,0,212,474,465,0,0.5535569427730728,0.22081992658746294,0.08507948946893719,0.8862939589586827,127.0,0,0,0
15,334,2,183,474,118,0,0.7213202215476116,0.630901872306001,0.45283319190742705,0.811738570789222,42.0,0,0,0
16,334,14,29,465,118,0,0.6266201163314147,0.5279996249658342,0.3318723216986154,0.725240607696995,19.0,0,0,0
17,334,14,301,474,465,0,0.6989020449334422,0.5243211831773662,0.3141612507531263,0.8734829066895182,108.0,0,0,0
18,334,14,364,474,465,1,0.7002223421214684,0.560598130317754,0.34612202581081114,0.8398465539251827,129.0,0,0,0
19,334,13,324,465,206,1,0.7503515890172158,0.6214128786544806,0.4451682785563023,0.879290299379951,192.0,0,0,0
20,334,13,243,465,474,0,0.7609710063711639,0.6980898995296222,0.5308452688145965,0.8238521132127055,139.0,0,0,0
21,334,13,276,465,474,0,0.7949580234380648,0.7103690358422242,0.5158932039235636,0.8795470110339053,154.0,0,0,0
22,334,1,26,465,314,0,0.6221495577708971,0.5615984121735623,0.20116937785546488,0.6827007033682317,18.0,0,0,0
23,334,1,252,314,474,0,0.5,0.18451181171077707,0.06587111101372976,0.8154881882892229,83.0,0,1,0
24,334,1,274,214,314,0,0.5,0.2503554560285039,0.05911353097969511,0.749644543971496,61.0,0,1,0
25,334,1,257,314,474,0,0.5,0.1740264239600594,0.030190878728943677,0.8259735760399406,84.0,0,1,1
26,334,12,211,474,465,1,0.6168768631291741,0.3592542151589352,0.15871467231812086,0.8744995110994129,55.0,0,0,0
27,334,12,108,465,118,0,0.5875794544947728,0.3846555918677826,0.19219747654818772,0.790503317121763,36.0,0,0,0
28,334,12,126,465,214,0,0.5749076827011427,0.3185767800933876,0.1396261555851293,0.8312385853088978,43.0,0,0,0
29,334,15,81,214,206,0,0.5680497905360302,0.4791055790622114,0.27205145273885756,0.656994002009849,23.0,0,0,0
30,334,15,232,465,25,0,0.5,0.2971148672611804,0.039558322671388015,0.7028851327388196,33.0,1,1,1
31,334,16,15,465,314,1,0.5,0.5132835374836436,0.0844286588379593,0.48671646251635636,11.0,0,1,0
32,334,16,347,465,214,0,0.666919970013129,0.6523287388419713,0.3782241379540565,0.6815112011842867,72.0,0,0,0
33,334,6,1,36,87,0,0.0,0.0,0.0,0.0,1.0,1,1,1
34,334,9,27,206,463,0,0.5,1.0,0.1369556275342761,0.0,3.0,1,1,1
35,334,19,75,465,206,1,0.6469322443534025,0.4678634485492606,0.2670996406314783,0.8260010401575444,29.0,0,0,0
36,334,7,211,302,112,0,0.5,0.5208445039128085,0.16709837850124956,0.47915549608719155,20.0,0,1,0
37,334,17,245,465,23,0,0.6968589648066169,0.642576806045597,0.38882950114116466,0.7511411235676368,67.0,0,0,0
38,334,3,199,465,110,1,0.5,0.3976262924306915,0.21048484197748984,0.6023737075693085,18.0,0,1,0
39,334,4,16,118,459,0,0.5,1.0,0.16654992944146266,0.0,3.0,1,1,1
40,45,17,56,480,90,0,0.7458738756423606,0.719488233538513,0.5032360535836886,0.7722595177462083,19.0,0,0,0
41,45,0,286,480,468,1,0.8040946262928799,0.7368318976259862,0.5413916182062053,0.8713573549597736,164.0,0,0,0
42,45,0,123,480,61,0,0.7569714940194474,0.6639544839613808,0.45130741885397346,0.8499885040775139,75.0,0,0,0
43,45,0,76,480,492,0,0.788484805262299,0.742718891985454,0.5480913311916481,0.8342507185391441,48.0,0,0,0
44,45,0,46,480,487,0,0.7011694148039131,0.6519287603624428,0.4005225318001429,0.7504100692453833,28.0,0,0,0
45,45,1,140,480,16,1,0.8892952362785271,0.9179008887962279,0.8378750038617747,0.8606895837608263,72.0,0,0,0
46,45,2,324,16,480,0,0.5,0.25468468417767187,0.07589370036479441,0.7453153158223281,18.0,1,1,1
47,45,12,74,480,468,1,0.8511106533549638,0.8570809908179372,0.7176891511002049,0.8451403158919905,28.0,0,0,0
48,45,12,241,480,337,0,0.801068184808683,0.8597736804982654,0.7508692281080176,0.7423626891191006,83.0,0,0,0
49,45,14,16,480,468,0,0.5,0.7854996548759154,0.31751886905026877,0.21450034512408456,5.0,0,1,0
50,45,14,292,480,468,0,0.670017586627522,0.6297455023673562,0.45608920329680164,0.7102896708876877,59.0,0,0,0
51,45,3,210,480,312,1,0.6941110874326105,0.7264225827134148,0.475634795264383,0.6617995921518063,17.0,0,0,0
52,45,19,336,480,16,1,0.7400484061056334,0.6855301518430832,0.504374979704893,0.7945666603681837,45.0,0,0,0
53,45,10,342,206,82,0,0.6847602819065142,1.0,0.5095802469038968,0.36952056381302845,5.0,0,0,0
54,232,1,161,56,276,0,0.5,0.5301137837510072,0.2880721052669705,0.46988621624899285,11.0,0,1,0
55,232,0,35,56,315,0,0.5,0.5909949175918963,0.3326462042160038,0.40900508240810374,6.0,0,1,0
56,232,12,28,56,145,0,0.5,0.4126125612743856,0.11878717835264632,0.5873874387256144,4.0,1,1,1
57,232,16,92,57,56,0,0.5,1.0,0.20640079890252466,0.0,3.0,1,1,1
58,232,14,131,56,478,0,0.6306037365907928,0.561256067938205,0.28068383561881266,0.6999514052433805,7.0,0,0,0
59,232,8,139,226,263,0,0.5,1.0,0.1763740635242886,0.0,1.0,1,1,1
60,225,17,296,57,479,0,0.7169237268096447,0.583093555120719,0.39141197315022547,0.8507538984985703,76.0,0,0,0
61,225,13,1,57,11,0,0.5,1.0,0.009901778952998064,0.0,1.0,1,1,1
62,225,1,321,57,11,1,0.831363379316777,0.8123063859499103,0.6575319887206413,0.8504203726836436,116.0,0,0,0
63,225,0,263,57,243,0,0.7782745828052617,0.7105279246979901,0.504426480947764,0.8460212409125335,136.0,0,0,0
64,225,0,243,57,294,0,0.8430865131489431,0.7843938909788702,0.6031931988665494,0.9017791353190159,128.0,0,0,0
66,225,16,21,495,168,0,0.5,0.5217502162568214,0.007190273461304639,0.4782497837431786,6.0,1,1,1
67,225,5,76,342,57,0,0.5,0.35070083503179533,0.05185123741953104,0.6492991649682047,6.0,1,1,1
68,225,9,27,495,57,0,0.5,0.41542910807976013,0.07433583204891489,0.5845708919202399,3.0,1,1,1
69,474,17,121,118,73,0,0.5,0.49529621947837277,0.31437163902983684,0.5047037805216272,13.0,0,1,0
70,474,0,226,334,119,0,0.6475783963837851,0.44623472710447737,0.280735994803475,0.8489220656630929,122.0,0,0,0
71,474,0,190,334,119,0,0.6282061083409396,0.4109831296822673,0.24634334979054656,0.845429086999612,101.0,0,0,0
72,474,0,252,334,19,0,0.5777547321460823,0.315057066778913,0.17367502515636865,0.8404523975132516,143.0,0,0,0
73,474,0,113,334,119,0,0.5781558127011713,0.36051410165158126,0.12059855388210819,0.7957975237507614,47.0,0,0,0
74,474,16,140,334,390,1,0.5,0.4295855764633959,0.2625153467154005,0.5704144235366041,10.0,0,1,0
75,474,16,157,334,390,0,0.5,0.36683967432718506,0.12559086511945844,0.6331603256728149,11.0,0,1,0
76,474,14,300,334,118,0,0.7751196765431654,0.6567948928586501,0.46775629561138937,0.8934444602276808,103.0,0,0,0
77,474,13,112,334,119,1,0.5,0.36341618961268457,0.19566249575213043,0.6365838103873154,14.0,0,1,0
78,474,15,248,334,361,0,0.6541524653877091,0.622293417814902,0.3219825225935858,0.6860115129605161,35.0,0,0,0
79,474,15,231,334,368,0,0.691261050517421,0.6481004476440723,0.385323952531079,0.7344216533907697,29.0,0,0,0
80,474,1,156,334,18,0,0.6077825754474422,0.48904913678965944,0.2604994408906854,0.726516014105225,24.0,0,0,0
81,474,1,306,168,452,0,0.5,0.3044628170895394,0.02534540133794494,0.6955371829104606,33.0,1,1,1
82,474,12,12,334,119,0,0.5,1.0,0.012716048889794105,0.0,4.0,1,1,1
83,474,12,161,334,73,0,0.6780017122775991,0.5552376582339731,0.3224908051881507,0.8007657663212251,50.0,0,0,0
84,474,19,364,73,334,0,0.5,0.284262932285616,0.004896429083392105,0.715737067714384,36.0,1,1,1
85,474,2,145,334,214,0,0.6799961375192143,0.8058366715624278,0.6502901376446696,0.5541556034760009,23.0,0,0,0
86,474,3,149,118,73,0,0.5,0.26081237669901947,0.02881319816201113,0.7391876233009805,11.0,1,1,1
87,303,13,278,60,13,1,0.706053835771018,0.7590675486259153,0.5559633279313474,0.6530401229161206,13.0,0,0,0
88,303,14,148,268,323,0,0.6044751960475412,0.7366989665229634,0.470907869348522,0.4722514255721191,11.0,0,0,0
89,303,0,278,467,135,0,0.632321019455992,0.4316290947421958,0.26357150089454057,0.8330129441697881,40.0,0,0,0
90,303,4,358,79,14,0,0.5,1.0,0.04784236128761781,0.0,1.0,1,1,1
91,303,1,95,13,164,0,0.5,0.6249624687214613,0.17032544605012548,0.37503753127853867,4.0,1,1,1
92,303,18,281,10,301,0,0.5,0.9924736151173106,0.07426687688959258,0.007526384882689419,3.0,1,1,1
93,410,0,126,112,68,0,0.5,0.35369357470947804,0.18573606322147734,0.646306425290522,7.0,1,1,1
94,410,12,20,112,49,1,0.6463275537172026,0.807070991130965,0.6765456998115699,0.48558411630344034,6.0,0,0,0
95,410,1,46,487,312,0,0.5,1.0,0.08533227493268572,0.0,2.0,1,1,1
97,240,1,307,168,463,0,0.6433575497586882,0.6503460569088757,0.43506279390736,0.6363690426085007,10.0,0,0,0
98,240,0,86,493,2,0,0.5,0.5489532957389424,0.029705617282587776,0.45104670426105764,6.0,1,1,1
99,240,14,121,101,463,0,0.5,1.0,0.18456820138231406,0.0,3.0,1,1,1
100,240,13,331,126,391,0,0.5,0.8295546879392558,0.19963872068171568,0.1704453120607442,4.0,1,1,1
101,240,12,329,207,318,0,0.5,0.6312998440336296,0.1656016055739895,0.3687001559663704,4.0,1,1,1
103,479,0,202,246,434,0,0.5,0.17130998667739386,0.044421490830911285,0.8286900133226062,72.0,0,1,0
104,479,0,219,246,434,0,0.5694188426133916,0.2788786838718296,0.08370352107053809,0.8599590013549536,76.0,0,0,0
105,479,0,293,246,308,0,0.5631699792663492,0.29301928992212145,0.13164522432879794,0.833320668610577,119.0,0,0,0
106,479,1,17,434,112,1,0.5,0.5831796453915767,0.12692879419057318,0.41682035460842326,5.0,0,1,0
107,479,1,177,434,308,0,0.6109131676128088,0.45196050495160484,0.27190704925210224,0.7698658302740128,58.0,0,0,0
108,479,16,288,434,57,0,0.5,0.28809028650454316,0.08318230896405467,0.7119097134954568,43.0,0,1,0
109,479,17,288,135,57,0,0.5,0.5390295486014395,0.06478862363762476,0.4609704513985605,9.0,1,1,1
110,479,13,147,246,434,1,0.5,0.2946084625542421,0.03544607882038523,0.7053915374457579,48.0,0,1,0
111,479,13,150,246,434,0,0.5,0.2815363629604471,0.0580882749184535,0.718463637039553,49.0,0,1,0
112,479,4,223,309,113,1,0.5,1.0,0.009901778952998064,0.0,1.0,1,1,1
113,479,15,112,434,401,0,0.5,0.3494201286304018,0.10921838467314264,0.6505798713695983,8.0,1,1,1
114,479,12,273,246,308,0,0.5,0.20823316199027342,0.0532364902585926,0.7917668380097266,56.0,0,1,0
115,479,5,208,157,408,0,0.5832363294500023,0.5823050498479333,0.3092495103791662,0.5841676090520713,26.0,0,0,0
116,479,14,189,246,308,0,0.5611799612164299,0.3007439864945354,0.11571834364791338,0.8216159359383244,35.0,0,0,0
117,479,14,208,246,308,0,0.5665290522580052,0.27139641542983245,0.1020553514841934,0.861661689086178,37.0,0,0,0
118,479,3,92,434,59,0,0.5,0.4299690272292966,0.24723016601778347,0.5700309727707034,9.0,0,1,0
119,394,16,244,237,112,0,0.5,1.0,0.1119903101598301,0.0,4.0,1,1,1
120,394,1,53,13,10,0,0.5,0.41969820949162867,0.24658948919932464,0.5803017905083714,5.0,0,1,0
121,394,0,166,164,466,0,0.5928736268538346,0.4382446920746618,0.1669817783489953,0.7475025616330073,14.0,0,0,0
122,394,0,295,466,30,0,0.5,0.1813547761469943,0.0912325989122998,0.8186452238530058,26.0,0,1,1
123,394,19,221,73,110,0,0.5,0.9929101952461744,0.27402320990833895,0.00708980475382559,5.0,0,1,0
124,312,0,303,9,2,0,0.5790977088367293,0.38493625990741737,0.17665692126676028,0.7732591577660413,64.0,0,0,0
125,312,0,85,9,0,0,0.6587063807197794,0.5514205024947036,0.348197715143279,0.7659922589448551,23.0,0,0,0
126,312,0,348,9,2,0,0.5,0.13016423063567342,0.003285684100858968,0.8698357693643266,74.0,1,1,1
127,312,0,269,9,2,0,0.5550719981651748,0.3138144236881994,0.1307968537227947,0.7963295726421502,51.0,0,0,0
128,312,1,24,263,63,0,0.5,1.0,0.16882018361022738,0.0,5.0,0,1,0
129,312,1,261,64,380,0,0.5,0.7053447831015167,0.10943866378299807,0.2946552168984833,14.0,1,1,1
130,312,1,13,263,499,0,0.5,1.0,0.416511449324209,0.0,5.0,0,1,0
131,312,12,84,24,346,0,0.5,0.5715899751963475,0.20228005416332576,0.42841002480365253,5.0,0,1,0
132,312,4,147,363,320,0,0.5,0.3792978720332046,0.1078395562376059,0.6207021279667955,10.0,0,1,1
133,312,16,356,2,268,0,0.5,0.6839006858859255,0.22751896761689153,0.31609931411407455,17.0,0,1,0
134,312,3,86,103,481,0,0.5,1.0,0.0986986509927208,0.0,2.0,1,1,1
135,312,13,90,90,9,0,0.58667388484685,0.36049784369379484,0.19573921041056508,0.8128499259999052,16.0,0,0,0
136,312,13,199,90,84,0,0.5,0.256466914022006,0.07804414173755757,0.7435330859779941,26.0,0,1,1
137,312,18,333,377,491,0,0.6148070524409586,0.577644007555895,0.2932171296856118,0.6519700973260221,16.0,0,0,0
138,312,19,237,231,223,0,0.5,0.6328740882994872,0.01268445224829248,0.3671259117005128,3.0,1,1,1
139,312,17,50,224,468,0,0.5,0.6511008167782287,0.01640382374432914,0.34889918322177127,3.0,1,1,1
140,312,2,293,29,156,0,0.0,0.0,0.0,0.0,1.0,1,1,1
141,197,0,317,104,412,0,0.5,0.16129173040500874,0.048403531464516425,0.8387082695949912,80.0,0,1,0
142,197,0,63,104,412,0,0.5,0.24179200400779127,0.09995448995474085,0.7582079959922088,25.0,0,1,0
143,197,0,6,412,104,1,0.5,1.0,0.016414402997986206,0.0,3.0,1,1,1
144,197,14,20,104,464,1,0.5,0.6936981327819148,0.14024446476292005,0.30630186721808517,7.0,0,1,0
145,197,14,362,104,464,0,0.671893976068203,0.5027999188364903,0.3041576176374057,0.8409880332999156,62.0,0,0,0
146,197,19,144,412,301,0,0.6343478863800991,0.6882628555398179,0.4561633947625531,0.5804329172203804,5.0,0,0,0
147,197,12,76,104,412,0,0.5,0.4064630625180203,0.03979747933699975,0.5935369374819797,10.0,1,1,1
148,197,15,245,412,464,0,0.5,0.23778193606565978,0.06164309532628537,0.7622180639343402,19.0,1,1,1
149,197,8,299,224,99,0,0.5,0.8662112605763987,0.23805550912590068,0.13378873942360126,6.0,0,1,1
150,18,14,342,138,300,0,0.5,0.39367782293845094,0.037880746129892964,0.606322177061549,22.0,1,1,1
151,18,15,44,65,360,0,0.5,0.4113857794814453,0.052709403252636594,0.5886142205185547,3.0,1,1,1
152,18,0,350,300,450,1,0.6397228278248845,0.600444420605727,0.3214951915417326,0.6790012350440422,41.0,0,0,0
153,18,0,44,79,138,0,0.7027294493831426,0.6920252441450584,0.4903496168858607,0.7134336546212268,19.0,0,0,0
154,18,0,357,300,450,0,0.6216704211989728,0.5228660677640584,0.28782234602717754,0.7204747746338871,47.0,0,0,0
155,18,0,278,323,489,0,0.5,0.4136521949610949,0.005576849136725179,0.586347805038905,29.0,1,1,1
156,18,0,33,79,418,0,0.7072093900431677,0.6375901696702011,0.3965760439210189,0.7768286104161345,14.0,0,0,0
157,18,1,342,12,154,0,0.5,0.3177677590599842,0.08498388647454597,0.6822322409400158,8.0,1,1,1
158,18,13,335,273,8,0,0.5,0.5505533083354167,0.1643539685040082,0.4494466916645833,9.0,0,1,0
159,18,12,333,292,273,0,0.5,0.5700452760895098,0.10433239695983672,0.42995472391049017,4.0,1,1,1
160,18,16,56,323,372,0,0.5,0.6454932344980842,0.4338786197988442,0.35450676550191584,5.0,0,1,0
161,18,18,352,135,268,0,0.5,0.6754526642287132,0.33176983499328394,0.3245473357712868,3.0,0,1,1
162,357,0,208,275,47,0,0.656309066995845,0.45756974226214714,0.23947644852170516,0.855048391729543,87.0,0,0,0
163,357,0,319,91,228,0,0.5743591685525554,0.31900720411434064,0.10015941729392845,0.8297111329907702,126.0,0,0,0
164,357,0,240,275,228,0,0.5559545787535938,0.23350059142081026,0.08360751233506676,0.8784085660863774,96.0,0,0,0
165,357,0,142,275,47,1,0.5,0.2418492124120123,0.022051832738140473,0.7581507875879877,36.0,1,1,1
166,357,1,270,168,82,0,0.5529175612375333,0.21302661917765237,0.07231207497141387,0.8928085032974142,110.0,0,0,0
167,357,1,127,168,82,0,0.5,0.24602281110714413,0.09605744712551835,0.7539771888928559,47.0,0,1,0
168,357,1,308,168,82,0,0.6353836897995175,0.4383726738915511,0.2709666115285982,0.8323947057074839,137.0,0,0,0
169,357,1,265,168,82,0,0.5,0.11790513938136359,0.053136624185624856,0.8820948606186364,108.0,0,1,0
170,357,14,208,91,47,0,0.5,0.2280999804388134,0.04846220119514574,0.7719000195611866,44.0,0,1,0
171,357,14,281,196,228,0,0.5,0.16857885701724715,0.04721026682397202,0.8314211429827528,36.0,0,1,1
172,357,12,225,91,133,0,0.564592011841978,0.326630490950772,0.17066846952145606,0.8025535327331841,54.0,0,0,0
173,357,12,26,228,133,0,0.5,0.5256358949760473,0.20188410332623757,0.47436410502395265,12.0,0,1,0
174,357,15,264,196,222,0,0.6071999291876818,0.525506490159336,0.22152232482475354,0.6888933682160276,29.0,0,0,0
175,357,13,131,228,91,1,0.5,0.35249835765374216,0.12294962501210474,0.6475016423462578,7.0,1,1,1
176,357,4,311,222,228,0,0.6847669380355332,0.6539353570509105,0.44991897390534413,0.7155985190201559,27.0,0,0,0
177,357,18,314,222,47,0,0.5,0.7470433943404104,0.3397932085726266,0.25295660565958955,17.0,0,1,0
178,357,17,149,222,145,0,0.5,0.5914398536278365,0.16235600498698557,0.40856014637216354,9.0,0,1,0
179,357,19,324,91,222,0,0.6242805272404552,0.5701078781998705,0.19908372877628833,0.67845317628104,17.0,0,0,0
180,357,16,181,91,482,0,0.5,0.3729806871625519,0.21433567229964562,0.6270193128374482,12.0,0,1,0
181,357,2,193,47,163,0,0.6020886606278246,0.4960298800352169,0.22055888129397427,0.7081474412204324,18.0,0,0,0
182,357,9,352,200,91,0,0.5,0.7879736591734516,0.2777192718427671,0.21202634082654837,5.0,0,1,1
183,56,15,39,265,49,0,0.5,1.0,0.014876568775804986,0.0,4.0,1,1,1
184,56,1,358,480,257,0,0.5,0.5473663434717648,0.03845917322475022,0.4526336565282352,7.0,1,1,1
185,56,14,12,37,272,0,0.5,1.0,0.02969757256547226,0.0,1.0,1,1,1
186,56,0,316,108,232,0,0.6343678760153831,0.47334362785106915,0.23257545971823132,0.7953921241796972,47.0,0,0,0
187,56,0,70,108,232,0,0.5814481620899238,0.4223457510300014,0.1782072108590744,0.7405505731498462,10.0,0,0,0
188,56,16,91,323,156,0,0.5,0.6420500475197326,0.0942836027518962,0.3579499524802674,3.0,1,1,1
189,56,12,82,232,286,0,0.8218192139673353,0.84087025165955,0.6245747030117935,0.8027681762751206,15.0,0,0,0
190,56,4,203,454,223,0,0.5,0.4627954094337305,0.15584240264960061,0.5372045905662695,7.0,1,1,1
191,6,17,223,475,55,0,0.5,0.20854967349679487,0.0022991662703805565,0.7914503265032051,14.0,1,1,1
192,6,6,345,90,399,0,0.6084244959017772,0.6175163614355716,0.42763512575489837,0.5993326303679827,13.0,0,0,0
193,6,0,207,399,467,0,0.5,0.2377448222127713,0.004733198902352826,0.7622551777872287,19.0,1,1,1
194,6,0,312,346,20,0,0.5,0.7764544496701167,0.25131181860287405,0.22354555032988332,7.0,0,1,0
195,6,13,18,90,226,0,0.5,0.6388855025380659,0.031772449744524735,0.36111449746193414,9.0,1,1,1
196,6,13,258,493,20,0,0.5,0.22010462137130446,0.060984260849641175,0.7798953786286955,44.0,0,1,0
197,6,13,5,90,475,0,0.5,1.0,0.10728790792047957,0.0,5.0,1,1,1
198,6,5,263,20,475,0,0.6195959891173853,0.3737879078856911,0.17674598652872983,0.8654040703490795,94.0,0,0,0
199,6,5,121,65,475,0,0.5,0.1902059841539803,0.06613794721335445,0.8097940158460197,45.0,0,1,0
200,6,19,202,251,475,0,0.5,1.0,0.05578781640453341,0.0,3.0,1,1,1
201,6,16,223,61,303,0,0.5,0.6541768868652752,0.0345654048843507,0.3458231131347248,4.0,1,1,1
202,6,15,280,303,61,0,0.5,1.0,0.021015440114625552,0.0,2.0,1,1,1
203,6,11,232,157,0,1,0.5,1.0,0.999999999982681,0.0,1.0,1,1,1
204,223,0,153,301,454,0,0.5,0.15255525199010644,0.053560257658175243,0.8474447480098936,61.0,0,1,0
205,223,0,282,454,301,0,0.651981638817489,0.4603795720411401,0.25392298884941983,0.843583705593838,114.0,0,0,0
206,223,0,14,301,454,0,0.5,0.5361374513073098,0.06178101058889504,0.46386254869269017,6.0,1,1,1
207,223,0,167,454,301,0,0.5,0.22699555791332593,0.07619942299005064,0.7730044420866741,56.0,0,1,0
208,223,0,13,301,2,0,0.5,0.5361374513073097,0.08275230955176778,0.4638625486926903,6.0,1,1,1
209,223,12,57,454,103,0,0.5,0.33513465702274176,0.03822145216622669,0.6648653429772582,7.0,1,1,1
210,223,12,244,454,124,0,0.6289978007760209,0.5627674361308779,0.22603686503580722,0.6952281654211638,21.0,0,0,0
211,223,4,213,454,446,0,0.8738765051028461,0.8762262544854854,0.7788943427055197,0.8715267557202067,114.0,0,0,0
212,223,1,22,124,212,0,0.5,0.44584789629806054,0.16319859413950208,0.5541521037019395,5.0,0,1,0
213,223,1,355,454,301,0,0.6804908680222299,0.51152482146284,0.28314103503889326,0.84945691458162,56.0,0,0,0
214,223,1,143,315,454,0,0.5,0.33747084643707737,0.11291126342283646,0.6625291535629226,15.0,0,1,0
215,223,1,131,279,301,0,0.5,0.4161418096886473,0.03185514617392734,0.5838581903113527,16.0,1,1,1
216,223,14,21,454,301,1,0.5,0.905813938586687,0.2056865780101771,0.09418606141331298,8.0,0,1,0
217,223,14,92,454,301,0,0.6940263465887242,0.6071165503732662,0.336635807074832,0.7809361428041822,20.0,0,0,0
218,223,15,285,454,301,0,0.5974443476511087,0.41940439098822946,0.13516429593117357,0.7754843043139877,49.0,0,0,0
219,223,15,75,454,301,0,0.654424376620053,0.47517203643159356,0.2001689692504347,0.8336767168085125,12.0,0,0,0
220,223,18,345,301,410,0,0.5,0.29887394901795433,0.009495148451753354,0.7011260509820456,21.0,1,1,1
221,223,13,278,90,126,0,0.5,0.30704828905060405,0.12118997483758649,0.6929517109493959,15.0,1,1,1
222,223,13,118,399,84,0,0.5,0.729790447490936,0.20300199701019767,0.270209552509064,4.0,0,1,0
223,223,16,55,63,121,0,0.5,0.4248137239086794,0.023467900956400303,0.5751862760913207,5.0,1,1,1
224,223,19,299,498,49,0,0.5,0.5128694847316384,0.003945966050493491,0.4871305152683616,8.0,1,1,1
225,223,2,24,454,257,0,0.5,0.6600439093131496,0.18088325471765648,0.3399560906868504,3.0,1,1,1
226,223,3,206,135,454,0,0.5,0.9787966085404267,0.17943188172217142,0.021203391459573284,3.0,1,1,1
227,179,0,316,212,205,0,0.5,0.2312173574470266,0.08827340799696315,0.7687826425529733,121.0,0,1,0
228,179,0,113,205,25,0,0.6168152729080529,0.3821089675706273,0.17329428525872584,0.8515215782454786,50.0,0,0,0
229,179,0,66,205,212,0,0.5711849152276594,0.30926364486760255,0.09783986301369665,0.8331061855877162,25.0,0,0,0
230,179,0,72,205,212,0,0.5632577373825729,0.35240753067223135,0.14642339567032273,0.7741079440929144,29.0,0,0,0
231,179,0,170,205,212,0,0.5,0.17219496498682008,0.04649744915010442,0.8278050350131799,76.0,0,1,0
232,179,16,328,205,294,0,0.5,0.30092188092551486,0.07570295899152595,0.6990781190744851,33.0,1,1,1
233,179,2,167,480,16,0,0.6216713141563454,0.6546459309744523,0.3538805212006317,0.5886966973382384,8.0,0,0,0
234,179,5,86,64,481,0,0.5,0.8298177833238833,0.08317983011025086,0.17018221667611666,2.0,1,1,1
235,179,1,197,312,224,0,0.5,0.21708247548350676,0.000376712056315794,0.7829175245164932,25.0,1,1,1
236,179,1,78,168,205,0,0.5960885345583825,0.41293055227934466,0.2060548801397831,0.7792465168374204,14.0,0,0,0
237,179,13,81,205,459,1,0.5794638553915269,0.3975619172401817,0.23870654748533654,0.7613657935428721,24.0,0,0,0
238,179,13,140,205,459,0,0.5918371574345858,0.41437428458048065,0.13955423402009814,0.7693000302886909,32.0,0,0,0
239,179,14,349,205,212,0,0.7267126229502097,0.7287107389715627,0.4452307880282858,0.7247145069288567,64.0,0,0,0
240,179,15,180,112,212,1,0.5,0.30164067129655536,0.06771026245210837,0.6983593287034446,17.0,0,1,0
241,179,15,313,205,25,0,0.6402134744771522,0.5781504677032598,0.20905539320903785,0.7022764812510446,33.0,0,0,0
242,179,19,10,205,224,1,0.5,1.0,0.543270647298163,0.0,3.0,0,1,0
243,179,12,285,205,212,0,0.5,0.20552789578659741,0.027443137473926564,0.7944721042134026,54.0,1,1,1
244,179,12,251,205,212,0,0.5,0.36005124152143303,0.03227776022690389,0.639948758478567,48.0,1,1,1
245,179,17,213,224,32,0,0.5,0.279022321169532,0.11192349996853365,0.720977678830468,13.0,0,1,0
246,179,18,15,315,1,1,0.5,0.6096029727632838,0.19029626057248686,0.3903970272367162,3.0,1,1,1
247,9,12,344,453,471,0,0.6938847476076719,0.6896145866935967,0.41031429648898343,0.6981549085217471,34.0,0,0,0
248,9,0,99,212,453,1,0.5,0.20577960094680747,0.0038198879581629107,0.7942203990531925,23.0,1,1,1
249,9,0,209,453,79,0,0.6883607746744698,0.5577570807298543,0.3080624518183221,0.8189644686190851,75.0,0,0,0
250,9,0,15,453,312,0,0.5,0.4482886824310157,0.13705378892968956,0.5517113175689843,8.0,0,1,0
251,9,0,47,312,490,0,0.5,0.33086764606826446,0.01950818345377221,0.6691323539317355,17.0,1,1,1
252,9,13,258,312,79,1,0.7786996534722981,0.7555415155317461,0.5195674815067259,0.80185779141285,44.0,0,0,0
253,9,13,113,79,60,0,0.5,0.5594969362322991,0.002717069853472376,0.4405030637677009,10.0,1,1,1
254,9,1,328,312,453,0,0.5,0.3380977895564607,0.16907565716428968,0.6619022104435393,40.0,0,1,0
255,9,1,173,168,312,0,0.5796604408153753,0.3820135000272758,0.1349048415571819,0.7773073816034747,21.0,0,0,0
256,9,19,187,79,113,0,0.6222363720937594,0.5117460561687436,0.22067728983581358,0.7327266880187752,8.0,0,0,0
257,9,16,89,49,79,0,0.5,0.7407738104037139,0.09427795997824068,0.25922618959628607,6.0,1,1,1
258,9,17,89,453,79,0,0.5,0.26289335997052204,0.1458458827262234,0.7371066400294779,7.0,1,1,1
259,9,4,286,2,51,0,0.5,1.0,0.056221108559668484,0.0,4.0,1,1,1
260,9,14,173,79,481,0,0.5,0.43155094945432365,0.2033164207642112,0.5684490505456763,14.0,0,1,0
261,9,3,83,79,6,0,0.5,0.6492419306483104,0.29146571934905013,0.3507580693516896,4.0,0,1,1
262,190,0,34,401,475,0,0.5,0.47133834862075596,0.09301988735668933,0.528661651379244,12.0,0,1,0
263,190,0,242,34,467,0,0.5,0.19417807737486492,0.07443511584855662,0.8058219226251351,44.0,0,1,0
264,190,0,214,34,12,0,0.5,0.2649386489529591,0.07900523131617375,0.735061351047041,40.0,0,1,0
265,190,0,175,35,467,0,0.5,0.16654005327784008,0.08510350167982421,0.83345994672216,39.0,0,1,0
266,190,2,197,334,282,0,0.5,0.27962138384155405,0.038729823219941055,0.720378616158446,8.0,1,1,1
267,190,12,117,21,35,0,0.5869604537109685,0.3737913697529496,0.16731031325156628,0.8001295376689873,13.0,0,0,0
268,190,12,257,323,21,0,0.5,0.4842853075240496,0.20581639043620628,0.5157146924759504,18.0,0,1,0
269,190,1,79,141,467,0,0.5,0.2603987185284164,0.05680046205269587,0.7396012814715835,12.0,1,1,1
270,190,1,22,361,141,0,0.5,0.3285335845317263,0.02940690944948112,0.6714664154682737,5.0,1,1,1
271,190,1,13,141,361,0,0.5,0.7609974226660575,0.16241337810197495,0.23900257733394248,4.0,0,1,0
272,190,15,159,34,21,0,0.5,0.33355409471740716,0.07214576796339475,0.6664459052825928,12.0,1,1,1
273,190,15,245,457,21,0,0.5,0.2944359870225164,0.030331371840316493,0.7055640129774836,19.0,1,1,1
274,190,13,21,462,3,0,0.5,1.0,0.22861151659463552,0.0,2.0,1,1,1
275,190,16,359,21,467,0,0.5,0.3139490245125862,0.00563815056709046,0.6860509754874138,17.0,1,1,1
276,190,7,273,484,113,0,0.5,0.6511629876654955,0.11474926357832031,0.3488370123345045,8.0,1,1,1
277,190,14,293,21,93,0,0.5874759490621361,0.5390643485286947,0.34375233800458227,0.6358875495955775,21.0,0,0,0
278,190,18,200,40,223,0,0.5,0.5097088967457559,0.30760200015593553,0.4902911032542441,5.0,0,1,0
279,190,4,176,201,204,0,0.5,0.5395257661443604,0.04437579932136763,0.46047423385563957,2.0,1,1,1
280,190,19,89,323,50,0,0.5,0.7271790829864275,0.03517890479823171,0.2728209170135725,3.0,1,1,1
281,339,13,42,75,157,0,0.5,0.8572366534856353,0.1259814095458053,0.14276334651436473,5.0,0,1,1
282,339,17,309,224,152,1,0.6692654568290448,0.6067303398749367,0.32595934958913453,0.731800573783153,36.0,0,0,0
283,339,4,193,475,57,0,0.5,1.0,0.03114663908637995,0.0,2.0,1,1,1
284,339,2,280,423,147,0,0.5,1.0,0.522190314487814,0.0,2.0,0,1,0
285,339,3,302,458,57,0,0.5,1.0,0.06920392276148778,0.0,1.0,1,1,1
286,136,19,114,309,456,0,0.5,0.5493493254963753,0.028332462283650182,0.4506506745036247,2.0,1,1,1
287,136,0,110,453,8,0,0.5,0.3065346077628164,0.1603375239997687,0.6934653922371836,13.0,0,1,0
288,136,0,109,453,8,0,0.5,0.3065346077628164,0.16033752399976903,0.6934653922371836,13.0,0,1,0
289,136,13,161,261,126,0,0.6595251363352119,0.4792392177631406,0.2937250745460412,0.8398110549072832,19.0,0,0,0
290,136,16,256,50,461,0,0.5,1.0,0.030257735544183886,0.0,2.0,1,1,1
291,136,1,135,312,353,0,0.5,0.7409898072314562,0.20128890191188878,0.25901019276854376,8.0,0,1,0
292,136,1,71,13,82,0,0.5,0.27662865988604,0.1324402769996482,0.72337134011396,7.0,0,1,1
293,136,6,313,157,28,0,0.5,1.0,0.3377486972983105,0.0,2.0,1,1,1
294,359,1,42,0,481,0,0.6844479027185859,1.0,0.5394999838632216,0.36889580543717193,5.0,0,0,0
295,359,0,75,0,497,0,0.5,0.32491405311480603,0.09449050140011886,0.675085946885194,10.0,0,1,1
296,359,2,161,412,470,0,0.598666693261285,0.44760457345097315,0.27901988417023615,0.7497288130715969,10.0,0,0,1
297,359,16,168,45,257,1,0.5,0.6107665260433686,0.18174414799747007,0.38923347395663144,5.0,1,1,1
298,442,13,118,157,244,1,0.6874850650164572,0.6875534150235791,0.45960684938368845,0.6874167150093354,15.0,0,0,0
299,442,16,194,373,157,0,0.6440625630803848,0.5938872623921493,0.19010812553297826,0.6942378637686203,19.0,0,0,0
300,442,19,221,15,394,0,0.5,0.3259389622023638,0.15414885328668734,0.6740610377976362,10.0,0,1,1
301,442,1,10,157,36,0,0.5,1.0,0.05355284750545626,0.0,2.0,1,1,1
302,442,15,112,135,489,0,0.5,0.603216655365691,0.27362662640480984,0.396783344634309,7.0,0,1,0
303,442,9,162,486,382,1,0.5,0.8512463373177495,0.08035325158171197,0.14875366268225054,4.0,1,1,1
304,27,0,272,428,2,0,0.7930137652012541,0.7801273079591743,0.6281272893134884,0.805900222443334,80.0,0,0,0
305,27,0,321,428,17,0,0.7680229229414114,0.6816125126297953,0.45911062826307664,0.8544333332530275,98.0,0,0,0
306,27,0,261,428,2,0,0.74435589302475,0.6846687150838568,0.5065139520395039,0.8040430709656433,73.0,0,0,0
307,27,15,195,234,292,0,0.5,0.913661656503782,0.09384526415937083,0.08633834349621805,5.0,1,1,1
308,27,13,99,483,499,0,0.5,0.5346019613807635,0.24475268885308377,0.46539803861923645,2.0,1,1,1
309,27,14,191,428,498,0,0.6129859516492783,0.4633160788924103,0.27173613484898695,0.7626558244061463,42.0,0,0,0
310,27,12,273,428,348,0,0.6524311978013411,0.5571707031254811,0.36904151563476456,0.747691692477201,25.0,0,0,0
311,27,16,98,212,451,0,0.5,0.757376831044005,0.21878119521670453,0.242623168955995,4.0,0,1,1
312,27,3,235,236,24,0,0.5,0.7674430109643511,0.03726093614988554,0.23255698903564892,5.0,1,1,1
313,27,1,166,106,223,0,0.5,0.469693230114343,0.0250328076010357,0.530306769885657,6.0,1,1,1
314,27,9,56,128,130,1,0.5,1.0,0.3508193530275926,0.0,1.0,1,1,1
315,342,13,286,57,7,0,0.6256534822005864,0.38184348920140354,0.18732864284352416,0.8694634751997691,56.0,0,0,0
316,342,13,173,90,57,0,0.5,0.15239270619025078,0.08160352555412453,0.8476072938097492,37.0,0,1,0
317,342,13,166,90,57,0,0.5704484325747932,0.2932895713398372,0.13478625601439234,0.8476072938097492,37.0,0,0,0
318,342,5,294,7,57,0,0.5864990663278793,0.5323927077794505,0.28185423153389966,0.6406054248763082,19.0,0,0,0
319,342,0,256,210,90,0,0.6653171608384016,0.7026910198958138,0.4679683737580383,0.6279433017809894,9.0,0,0,0
320,265,18,188,443,491,0,0.5,0.6189873008966164,0.27972837382894095,0.38101269910338365,3.0,0,1,0
321,265,0,60,217,223,0,0.5,1.0,0.062434771789056945,0.0,4.0,1,1,1
322,265,0,121,338,469,0,0.6641967103949994,0.524774443811909,0.27294292268398107,0.8036189769780898,13.0,0,0,0
323,265,1,351,383,478,0,0.5928703687610887,0.39089557223279287,0.17965484915850832,0.7948451652893844,40.0,0,0,0
324,265,14,31,67,415,0,0.5,1.0,0.08404269244697482,0.0,2.0,1,1,1
325,265,7,0,162,0,0,0.5,1.0,0.9999999999989999,0.0,1.0,1,1,1
326,35,1,71,278,63,0,0.5,0.37910670695099186,0.07684925189987804,0.6208932930490081,8.0,1,1,1
327,35,1,92,464,63,0,0.5,0.536147230447272,0.06795587201709131,0.46385276955272803,4.0,1,1,1
328,35,0,126,246,460,0,0.5984277099716404,0.42298291700437785,0.18562477899194693,0.7738725029389029,32.0,0,0,0
329,35,0,303,455,278,0,0.5,0.16962189375299364,0.06684873830150997,0.8303781062470064,44.0,0,1,0
330,35,0,148,190,278,1,0.5,0.20428577189888245,0.0760814692785813,0.7957142281011176,38.0,0,1,0
331,35,0,27,278,475,0,0.5,0.5519098678652388,0.04879505705093004,0.44809013213476123,8.0,1,1,1
332,35,0,67,135,278,0,0.5,0.44006636172515623,0.060646431733230324,0.5599336382748438,17.0,0,1,0
333,35,0,108,315,246,0,0.5,0.29310528068136793,0.08492480534081022,0.7068947193186321,24.0,0,1,0
334,35,14,40,278,15,0,0.5,0.31231381200418756,0.062225620359325176,0.6876861879958125,6.0,1,1,1
335,35,14,250,464,278,0,0.8588976651553437,0.8553041614537558,0.7170543914871801,0.8624911688569317,118.0,0,0,0
336,35,14,195,464,278,0,0.8263698050614383,0.8200630357811317,0.6568480343652442,0.8326765743417449,82.0,0,0,0
337,35,14,137,464,278,0,0.820405392679615,0.8735369986848317,0.6124304206318321,0.7672737866743983,40.0,0,0,0
338,35,4,122,439,304,0,0.5,1.0,0.07905153228869616,0.0,2.0,1,1,1
339,35,12,349,467,63,0,0.5,0.5198609437048801,0.03646525151043902,0.4801390562951199,13.0,1,1,1
340,35,15,223,447,20,0,0.5,0.6155521195463398,0.14109458815165737,0.3844478804536602,8.0,1,1,1
341,35,15,319,446,447,0,0.5,0.45745343946786354,0.1376169154107698,0.5425465605321365,6.0,0,1,1
342,35,3,155,231,445,0,0.5,0.3779544807255174,0.09504542839158947,0.6220455192744826,3.0,1,1,1
343,35,16,121,190,67,0,0.5,0.3169188256022849,0.1312163733098777,0.6830811743977151,8.0,1,1,1
344,35,8,142,72,111,0,0.5,1.0,0.20966572225711524,0.0,2.0,1,1,1
345,35,13,253,490,79,0,0.5,0.9937572527297155,0.29932939634706357,0.00624274727028451,3.0,1,1,1
346,127,15,212,456,112,0,0.689344597664316,0.6618031935969225,0.4801682075902464,0.7168860017317094,45.0,0,0,0
347,127,14,243,456,112,0,0.7669543229735538,0.7317035224752461,0.5332016337238787,0.8022051234718616,60.0,0,0,0
348,127,12,41,112,456,0,0.6634457968303145,0.7012543127219053,0.24480911358351237,0.6256372809387237,13.0,0,0,0
349,127,1,321,456,112,0,0.5,0.2271493339557409,0.11816802097011825,0.7728506660442591,80.0,0,1,0
350,127,0,271,456,460,1,0.7862392368128608,0.7426125259341939,0.5636459134908063,0.8298659476915276,115.0,0,0,0
351,127,0,264,456,460,0,0.7857142379877895,0.7600605953732916,0.567732947024934,0.8113678806022873,112.0,0,0,0
352,127,16,210,456,172,0,0.7106101281603159,0.7845311136538552,0.6057157363593996,0.6366891426667767,29.0,0,0,0
353,127,19,34,112,446,0,0.5,1.0,0.029697572565470908,0.0,1.0,1,1,1
354,184,5,307,191,157,0,0.6715095646318496,0.5375989696998852,0.3295231970927012,0.8054201595638142,107.0,0,0,0
355,184,5,238,191,451,0,0.5,0.3251156746089166,0.07835657612534898,0.6748843253910835,55.0,0,1,0
356,184,5,272,191,299,1,0.6395057795996718,0.5299774896856564,0.26939126312332473,0.7490340695136872,79.0,0,0,0
357,184,5,280,191,299,0,0.6429127794901065,0.49435629862263153,0.2683538629601954,0.7914692603575815,84.0,0,0,0
358,184,19,116,423,461,0,0.5,1.0,0.08888373742519819,0.0,1.0,1,1,1
359,184,13,360,109,157,0,0.5,0.38724878361831877,0.050450569876084726,0.6127512163816813,19.0,1,1,1
360,184,1,274,312,284,1,0.5,0.5099008082260186,0.12023629179758288,0.4900991917739814,4.0,1,1,1
361,445,17,33,57,71,0,0.5,0.8238680266820877,0.07089988360060212,0.1761319733179123,6.0,1,1,1
362,445,17,313,53,15,0,0.5,0.4720676217985221,0.013339966076707652,0.527932378201478,8.0,1,1,1
363,445,17,61,466,57,0,0.5,0.3439124084960653,0.1219991269184763,0.6560875915039347,7.0,0,1,1
364,445,19,113,68,242,0,0.5,0.5192763682944465,0.09996439533931456,0.48072363170555354,11.0,0,1,0
365,445,0,67,12,253,0,0.5,0.19474365770477325,0.0337747174944436,0.8052563422952268,19.0,1,1,1
366,445,0,231,123,469,0,0.5,0.28228083157795275,0.1632256660316368,0.7177191684220472,27.0,0,1,0
367,445,0,118,12,79,0,0.5,0.26465588354957065,0.11004496577843814,0.7353441164504293,30.0,0,1,0
368,445,0,201,469,477,0,0.578425990194003,0.4548388906718217,0.17790989291643772,0.7020130897161841,34.0,0,0,0
369,445,13,182,157,57,0,0.5,0.33028166150423266,0.059554026448206655,0.6697183384957673,28.0,1,1,1
370,445,13,287,157,126,0,0.7337131518177529,0.6720995416306532,0.4205718971668943,0.7953267620048526,54.0,0,0,0
371,445,8,157,112,490,0,0.5,0.31188688612187115,0.10636494694158057,0.6881131138781289,12.0,0,1,0
372,445,8,272,495,112,0,0.5,0.3245662921144168,0.05936224960407425,0.6754337078855832,17.0,1,1,1
373,445,8,8,290,278,0,0.5,1.0,0.0005880599414981631,0.0,2.0,1,1,1
374,445,12,141,12,3,0,0.5,0.5838572366067534,0.167404891418981,0.41614276339324663,12.0,0,1,0
375,445,12,247,18,124,0,0.5,0.6764907911666039,0.04148113513944881,0.32350920883339607,5.0,1,1,1
376,445,1,357,486,157,0,0.5,0.30528790189951754,0.10783356871838218,0.6947120981004824,31.0,0,1,0
377,445,1,225,293,368,0,0.58637505170899,0.34620003559184725,0.11667730992065434,0.8265500678261326,43.0,0,0,0
378,445,1,147,293,312,0,0.6359359347065207,0.4597627071609323,0.2171223431223339,0.812109162252109,27.0,0,0,0
379,445,15,135,478,368,0,0.6290767607074896,0.639177344103306,0.3246509171051899,0.6189761773116733,15.0,0,0,0
380,445,15,244,451,68,0,0.5,0.5915890275777543,0.0005079132988250756,0.40841097242224567,8.0,1,1,1
381,445,15,84,86,300,0,0.5,0.4588527390032295,0.11539007500705299,0.5411472609967705,8.0,0,1,1
382,445,16,330,478,368,0,0.5,0.4442115307393021,0.062468241445070155,0.5557884692606979,10.0,1,1,1
383,445,16,89,68,57,0,0.5,0.8472649664318451,0.050052288112525364,0.15273503356815488,5.0,1,1,1
384,445,16,303,368,135,0,0.5,0.2797376876604498,0.05390950226593991,0.7202623123395502,25.0,1,1,1
385,445,18,104,301,65,0,0.5590065094507713,0.5331086960805911,0.32967006622837686,0.5849043228209516,11.0,0,0,0
386,445,5,12,57,459,1,0.5,0.7193220710271582,0.3302752510766956,0.28067792897284183,4.0,0,1,0
387,445,14,316,361,47,0,0.5,1.0,0.02041038242895542,0.0,3.0,1,1,1
388,445,2,31,273,361,0,0.5,1.0,0.21530555299745993,0.0,2.0,1,1,1
389,445,6,15,285,200,1,0.5,0.711093530527227,0.5517029725344905,0.288906469472773,4.0,0,1,0
390,445,9,230,231,433,0,0.5,0.5049508894765016,0.004975522739670646,0.4950491105234984,2.0,1,1,1
391,301,18,329,257,13,0,0.6876152303619741,0.5832939516418079,0.3798937514682644,0.7919365090821404,68.0,0,0,0
392,301,18,146,257,279,1,0.6623010673657481,0.6542387298984259,0.4726038727885485,0.6703634048330704,36.0,0,0,0
393,301,1,105,346,462,0,0.5,0.5848649438242767,0.08042554190392737,0.4151350561757233,18.0,0,1,0
394,301,1,211,223,323,0,0.5,0.15137599981152053,0.046918805286230575,0.8486240001884795,27.0,1,1,1
395,301,0,70,223,462,0,0.7541466829032637,0.6833485470057097,0.445553446176068,0.8249448188008177,30.0,0,0,0
396,301,0,36,223,257,0,0.6896123938109611,0.6018194476177774,0.4141762184104714,0.7774053400041447,17.0,0,0,0
397,301,0,107,223,103,0,0.7129548549536289,0.6012210129324927,0.38262791918359906,0.8246886969747649,42.0,0,0,0
398,301,0,177,223,257,0,0.5683022470351354,0.28180410707292874,0.1047250729278935,0.8548003869973421,62.0,0,0,0
399,301,15,225,223,481,0,0.6093682417519646,0.46741330061850084,0.210864566629146,0.7513231828854283,30.0,0,0,0
400,301,15,134,223,279,0,0.6009473558388434,0.4361531483914741,0.14547932391107374,0.7657415632862128,19.0,0,0,0
401,301,15,267,223,279,0,0.6579568573373641,0.5158495720146203,0.28372264700853694,0.8000641426601078,43.0,0,0,0
402,301,14,112,481,223,0,0.5,0.1914561284326724,0.030669160546440973,0.8085438715673277,15.0,1,1,1
403,301,14,160,223,481,0,0.5,0.1515307812171708,0.0727455763150928,0.8484692187828292,26.0,0,1,1
404,301,12,85,223,445,0,0.599270644053262,0.4311669872255384,0.14568520103969326,0.7673743008809857,8.0,0,0,0
405,301,19,23,223,257,0,0.5,0.5247350488174024,0.08888373742524362,0.4752649511825976,2.0,1,1,1
406,301,16,21,286,18,0,0.5,1.0,0.1185824078449789,0.0,4.0,1,1,1
407,301,2,57,181,79,0,0.5,0.33246828542975604,0.15394856175684907,0.667531714570244,4.0,1,1,1
408,301,4,278,192,454,0,0.6123731335434374,0.5791613520742371,0.34386306096368485,0.6455849150126376,7.0,0,0,0
409,449,14,169,24,231,0,0.5812890523647758,0.3443372781114642,0.18799416908963676,0.8182408266180873,39.0,0,0,0
410,449,14,177,24,231,0,0.6912755645175942,0.6396121137622448,0.40295661303655955,0.7429390152729436,46.0,0,0,0
411,449,0,57,24,338,0,0.6652897062206411,0.5362420297135122,0.3247109948825424,0.79433738272777,28.0,0,0,0
412,449,0,83,24,338,0,0.7150208851881976,0.614522855824309,0.38272825603318633,0.8155189145520862,39.0,0,0,0
413,449,0,159,24,231,0,0.7198730502936204,0.633658568538849,0.4589108158906564,0.8060875320483917,79.0,0,0,0
414,449,0,339,24,338,0,0.744851875957738,0.6186452988486323,0.44186825468809016,0.8710584530668437,173.0,0,0,0
415,449,12,48,486,24,0,0.5,1.0,0.13638212292104027,0.0,6.0,0,1,0
416,449,13,22,326,44,0,0.5,1.0,0.03457004501080936,0.0,2.0,1,1,1
417,449,1,356,338,24,0,0.5,0.26704165478397085,0.09842403637290367,0.7329583452160291,26.0,0,1,0
418,449,1,80,146,87,0,0.5,0.7333767978360114,0.19439226960793607,0.2666232021639886,7.0,0,1,0
419,449,15,107,24,478,0,0.624524615579999,0.5110469192913988,0.20716544774491186,0.7380023118685992,16.0,0,0,0
420,449,19,90,24,68,0,0.5,0.58009316628463,0.10397358568434456,0.41990683371536996,6.0,1,1,1
421,449,16,91,24,146,0,0.5,0.40802321928424273,0.04886045803313688,0.5919767807157572,13.0,1,1,1
422,449,17,16,484,478,0,0.5,1.0,0.2931771384567266,0.0,2.0,1,1,1
423,449,7,89,24,113,0,0.5,0.4759373055053433,0.20804423758530857,0.5240626944946567,4.0,1,1,1
424,499,0,6,89,170,1,0.0,0.0,0.0,0.0,2.0,1,1,1
425,499,0,183,89,482,1,0.5675611065447779,0.2903368769890873,0.1005025965502736,0.8447853361004685,89.0,0,0,0
426,499,0,199,482,89,0,0.5,0.1656500018168912,0.023226662483467254,0.8343499981831088,75.0,0,1,0
427,499,0,27,89,347,0,0.5,0.41089151640103905,0.07185525266720601,0.589108483598961,8.0,1,1,1
428,499,12,251,347,89,1,0.5,0.21709471556675328,0.08296102759847424,0.7829052844332467,36.0,0,1,0
429,499,17,149,89,347,0,0.5,0.2363609877179521,0.03282321195043436,0.7636390122820479,14.0,1,1,1
430,499,15,171,89,196,0,0.5,0.3245128012051738,0.12219304387274826,0.6754871987948262,20.0,0,1,0
431,499,9,172,89,80,1,0.7645873801943779,0.8752048845831284,0.6488848119113242,0.6539698758056275,20.0,0,0,0
432,499,14,260,107,175,0,0.5,0.3235414219722185,0.09798571234080508,0.6764585780277814,28.0,0,1,0
433,499,14,36,89,170,0,0.5,0.4239625452838096,0.17475047754745796,0.5760374547161904,6.0,0,1,0
434,499,13,153,89,482,1,0.5914543489810522,0.5652635759929614,0.3427267219205151,0.617645121969143,26.0,0,0,0
435,499,10,174,89,202,1,0.7710580828196703,0.7468448609208569,0.587774735163883,0.7952713047184836,56.0,0,0,0
436,499,1,329,347,492,0,0.5,0.23352979853974654,0.0709771310771632,0.7664702014602535,55.0,0,1,1
437,499,1,84,89,347,0,0.5,0.5137084514766334,0.008453634942467982,0.48629154852336665,6.0,1,1,1
438,499,3,177,175,492,0,0.5,0.43062885952929914,0.12030885817160386,0.5693711404707009,13.0,0,1,0
439,499,7,176,196,496,0,0.5,0.5083170193605282,0.15489064185705284,0.4916829806394718,5.0,0,1,0
440,499,16,334,175,347,0,0.5621995578594913,0.27213050009889056,0.11609764675415203,0.8522686156200919,78.0,0,0,0
441,499,2,351,89,492,0,0.5792130641955592,0.31713194997872995,0.09439338897428591,0.8412941784123884,56.0,0,0,1
442,24,15,13,148,4,0,0.5,0.8661661464419603,0.4121575692202038,0.13383385355803967,8.0,0,1,0
443,24,15,204,126,449,0,0.5,0.37406484644299925,0.013378709244946751,0.6259351535570008,8.0,1,1,1
444,24,13,249,126,449,0,0.5,0.24106855694980472,0.01461241969142238,0.7589314430501952,18.0,1,1,1
445,24,0,110,449,334,0,0.5770718203048375,0.3471389888221689,0.10892479352330456,0.807004651787506,57.0,0,0,0
446,24,0,334,449,176,0,0.6720276869794644,0.48658746333039377,0.24614976590844795,0.8574679106285349,178.0,0,0,0
447,24,0,216,449,334,1,0.5733035296111321,0.29990907428986874,0.1514009889516004,0.8466979849323953,116.0,0,0,0
448,24,0,62,449,106,0,0.5701574125121647,0.29732978335811483,0.13579422530662827,0.8429850416662145,29.0,0,0,0
449,24,0,17,42,106,0,0.5,0.4974920030543746,0.04636164854114675,0.5025079969456254,14.0,0,1,0
450,24,1,221,449,1,0,0.7026840468441775,0.6187226350422534,0.27628417957676094,0.7866454586461017,52.0,0,0,0
451,24,1,354,449,68,0,0.602115764971912,0.36574862855279583,0.1872606967688414,0.8384829013910282,87.0,0,0,0
452,24,1,197,449,1,0,0.5,0.38946708555748344,0.16563381880032335,0.6105329144425166,45.0,0,1,0
453,24,14,208,449,308,0,0.7761945116946959,0.7258169373415552,0.48565850468522775,0.8265720860478366,67.0,0,0,0
454,24,14,40,334,42,0,0.5,0.4309196783823426,0.07078257938276374,0.5690803216176574,11.0,1,1,1
455,24,16,121,334,449,0,0.5889594644755347,0.7017128569779727,0.43816790781039944,0.4762060719730967,12.0,0,0,0
456,24,16,210,1,176,0,0.5,0.7751829049977597,0.006115048330652132,0.22481709500224034,3.0,1,1,1
457,24,12,56,42,234,1,0.5882616221103473,0.49216636684158804,0.21070267247160812,0.6843568773791064,15.0,0,0,0
458,24,12,313,42,469,0,0.6483179932092209,0.46331359873618705,0.2887963692165041,0.8333223876822549,75.0,0,0,0
459,24,19,303,17,68,0,0.5,0.40208680032672656,0.09509776744968963,0.5979131996732734,14.0,1,1,1
460,24,3,196,478,78,0,0.5,0.5010800116727948,0.017207600472577245,0.4989199883272052,12.0,1,1,1
461,24,5,351,157,332,0,0.5,0.549212445269009,0.12958075294516314,0.45078755473099097,7.0,1,1,1
462,24,18,256,423,191,0,0.5,0.35804040199784753,0.09351916376556305,0.6419595980021524,15.0,1,1,1
463,228,0,65,357,488,0,0.6061117304557307,0.4391949929228406,0.27245976655474025,0.7730284679886209,24.0,0,0,0
464,228,0,70,357,488,0,0.6937273871879301,0.6700871831200201,0.32943210704714015,0.7173675912558402,26.0,0,0,0
465,228,14,145,357,91,0,0.5,0.19878616891269657,0.047948574925816216,0.8012138310873034,19.0,1,1,1
466,228,12,335,357,133,1,0.5,0.24391780479684214,0.09409457736448125,0.7560821952031579,66.0,0,1,0
467,228,15,77,357,488,0,0.5,0.46351886071910703,0.13321956176830022,0.536481139280893,4.0,1,1,1
468,228,3,304,488,196,0,0.5,0.7524096881919697,0.05146198936116638,0.24759031180803026,4.0,1,1,1
469,228,1,217,196,168,0,0.5,0.272536585761862,0.14727209945500255,0.727463414238138,10.0,0,1,0
470,228,1,196,357,168,0,0.6668817675518379,0.5534251616483156,0.2973441894091715,0.7803383734553602,21.0,0,0,0
471,247,0,33,113,366,0,0.5,0.7879237952728287,0.06749687261514435,0.21207620472717126,5.0,1,1,1
472,247,0,34,113,366,0,0.5,0.7879237952728287,0.06749687261514417,0.21207620472717126,5.0,1,1,1
473,247,13,152,88,60,0,0.5,0.5099008082260186,0.018129658104431862,0.4900991917739814,2.0,1,1,1
474,247,15,193,112,257,0,0.6024926070697829,0.4863930901433707,0.31253506279917814,0.7185921239961952,11.0,0,0,0
475,247,1,347,470,207,0,0.5,0.37783881006784925,0.007674518159342927,0.6221611899321507,19.0,1,1,1
476,247,1,282,28,323,0,0.5,0.3897847116603541,0.09169749942832618,0.6102152883396459,16.0,1,1,1
477,247,2,260,234,101,0,0.5,0.5395257661443605,0.1488361291383625,0.46047423385563946,2.0,1,1,1
478,247,4,76,113,204,0,0.5,0.5195002791966683,0.02027993341012356,0.4804997208033317,4.0,1,1,1
479,175,1,189,402,499,0,0.5978498486809262,0.40948346404447417,0.1495822523196461,0.7862162333173782,27.0,0,0,0
480,175,0,175,499,492,0,0.5,0.22724311811199868,0.0744623150015256,0.7727568818880013,47.0,0,1,0
481,175,0,356,402,492,0,0.5558948709994823,0.25359919466594766,0.11328649191840727,0.8581905473330169,116.0,0,0,0
482,175,0,257,499,402,1,0.5,0.12319175943195254,0.06033198789716753,0.8768082405680475,83.0,0,1,0
483,175,12,279,402,499,0,0.5,0.15493286979145487,0.033843573260535574,0.8450671302085451,30.0,1,1,1
484,175,2,279,492,499,1,0.5,0.48075897359140934,0.07086163970736528,0.5192410264085907,6.0,1,1,1
485,175,14,317,492,499,1,0.5,0.34700628186110555,0.1285516526766778,0.6529937181388945,55.0,0,1,0
486,175,19,110,46,452,0,0.5,1.0,0.01492557810140718,0.0,2.0,1,1,1
487,175,16,174,492,499,0,0.5,0.4606083754039397,0.08625034375522739,0.5393916245960604,9.0,1,1,1
488,478,1,234,57,439,0,0.5,0.42828978896667586,0.05067369925777607,0.5717102110333241,19.0,1,1,1
489,478,1,272,439,448,0,0.5,0.310387951797162,0.18304739614459867,0.6896120482028381,35.0,0,1,0
490,478,1,212,448,361,1,0.5700901380167023,0.32707237183083443,0.11207637189756933,0.8131079042025702,27.0,0,0,0
491,478,1,67,82,40,0,0.5,0.5571862477077614,0.040534732149932154,0.4428137522922386,7.0,1,1,1
492,478,19,177,68,499,0,0.5,0.283168611892121,0.08130499895447846,0.7168313881078789,10.0,1,1,1
493,478,3,331,24,250,0,0.5895079801198533,0.39944287438522474,0.18520396085917495,0.7795730858544817,17.0,0,0,0
494,478,14,74,219,242,0,0.5,0.6840015849838976,0.30486734638312835,0.3159984150161024,7.0,0,1,0
495,478,12,139,477,24,0,0.5,0.3438139136063134,0.1424155326856403,0.6561860863936866,12.0,0,1,0
496,478,12,200,448,484,0,0.5926746567421404,0.511546827069436,0.28269584199681663,0.6738024864148446,14.0,0,0,0
497,478,0,286,2,250,0,0.5,0.7094226558659148,0.0101415606380601,0.2905773441340852,28.0,1,1,1
498,478,0,71,124,219,0,0.5,0.43884144987969126,0.01662904382108128,0.5611585501203087,8.0,1,1,1
499,478,0,135,268,439,0,0.5,0.55256468109705,0.18070176054889805,0.44743531890294996,19.0,0,1,0
500,478,0,364,477,159,0,0.5745254107147199,0.32199449156731025,0.14543568839741125,0.8270563298621294,42.0,0,0,0
501,478,17,112,79,2,0,0.5,0.5403076706430513,0.05681838833491453,0.4596923293569487,6.0,1,1,1
502,478,6,273,46,358,0,0.5,0.46119676351679495,0.13834354189438702,0.538803236483205,4.0,1,1,1
503,478,15,85,84,439,0,0.5,0.5550762512424274,0.10310790717987715,0.44492374875757257,9.0,0,1,0
504,478,15,12,216,2,0,0.5,0.7837684025019686,0.07370671459611847,0.21623159749803145,5.0,1,1,1
505,478,15,237,121,268,0,0.5752717605910198,0.3810624852624268,0.14935917187248013,0.7694810359196128,26.0,0,0,0
506,478,16,154,484,464,0,0.5,0.3704461124618854,0.09258190173134721,0.6295538875381146,15.0,0,1,0
507,478,16,237,484,156,0,0.5,0.32917398297396455,0.18163009089701662,0.6708260170260354,22.0,0,1,0
508,478,16,310,24,445,0,0.5,0.28217322650577387,0.026010396340789936,0.7178267734942261,18.0,1,1,1
509,478,18,90,40,495,0,0.5,0.343731908542041,0.06697008059494516,0.6562680914579591,7.0,1,1,1
510,478,4,254,70,41,1,0.5,0.49544642025381236,0.19833067932527712,0.5045535797461876,15.0,0,1,1
511,478,13,287,325,76,0,0.5,0.5888850472426065,0.1108899820721833,0.4111149527573935,15.0,1,1,1
512,478,7,321,126,242,1,0.5,0.9813389112245822,0.005749581039010793,0.018661088775417833,5.0,1,1,1
513,88,17,72,397,457,0,0.6140563635036793,0.4953193923317234,0.24298551362351625,0.7327933346756352,16.0,0,0,0
514,88,17,357,397,93,0,0.5683666910676549,0.33270259333067204,0.10868469743152427,0.8040307888046379,82.0,0,0,0
515,88,17,8,255,152,0,0.5,0.6492386411239163,0.17532271749714895,0.35076135887608373,3.0,1,1,1
516,88,16,253,457,397,0,0.5,0.31248832278221395,0.09452123971875871,0.687511677217786,33.0,0,1,0
517,88,14,236,80,16,0,0.5,1.0,0.02487266390396322,0.0,2.0,1,1,1
518,88,0,336,57,152,0,0.5,0.33375048214597186,0.16364396505399523,0.6662495178540282,26.0,0,1,0
519,88,19,190,397,458,0,0.6063088883149461,0.4338260095069589,0.15107053745925297,0.7787917671229333,15.0,0,0,0
520,88,1,237,457,323,0,0.5,0.23560693179815903,0.11164848315425392,0.7643930682018409,33.0,0,1,0
521,88,1,324,457,397,0,0.6811038399716287,0.5040458737248692,0.28896342994686625,0.8581618062183882,57.0,0,0,0
522,88,13,145,211,468,0,0.5,0.3029993737201816,0.04760475044846464,0.6970006262798184,7.0,1,1,1
523,88,12,208,457,334,0,0.5,0.45208155461097443,0.01996973293124079,0.5479184453890256,7.0,1,1,1
524,88,6,83,351,475,0,0.5,0.671052979877834,0.024502779587427075,0.32894702012216603,2.0,1,1,1
525,456,12,358,201,127,0,0.6600503254709551,0.5101939562842365,0.2861458367586388,0.8099066946576738,83.0,0,0,0
526,456,12,180,5,354,0,0.5912171306717061,0.3951529389539921,0.13063779776504258,0.7872813223894202,35.0,0,0,0
527,456,12,21,460,201,0,0.5,0.6398050343611537,0.020397116350762624,0.36019496563884634,3.0,1,1,1
528,456,13,200,157,127,0,0.5,0.406674607587863,0.12267378190764772,0.593325392412137,21.0,0,1,0
529,456,17,83,364,153,0,0.5,0.7191621462234178,0.16598243460221473,0.2808378537765822,4.0,0,1,1
530,456,1,232,201,127,0,0.5,0.24403654772779065,0.1378207789743081,0.7559634522722094,37.0,0,1,0
531,456,1,61,201,496,0,0.5,0.4088487742224636,0.08264218706374997,0.5911512257775364,12.0,0,1,0
532,456,16,244,127,181,0,0.5,0.4701640327673305,0.19462230625922128,0.5298359672326696,28.0,0,1,0
533,456,16,363,496,201,0,0.5,0.26200951430738334,0.03767518570008029,0.7379904856926167,28.0,1,1,1
534,456,18,109,201,175,0,0.5,0.2960017541579223,0.03949867364753543,0.7039982458420777,5.0,1,1,1
535,456,0,346,127,201,0,0.5454735786636755,0.24153292791258196,0.0954221589716814,0.849414229414769,147.0,0,0,0
536,456,0,253,127,220,0,0.7042352632205686,0.5616621110418138,0.36926707418928795,0.8468084153993234,105.0,0,0,0
537,456,0,115,122,54,0,0.5,0.21636758102117387,0.08120312722408755,0.7836324189788262,19.0,0,1,0
538,456,0,150,127,46,0,0.6682715882257214,0.5751826176163557,0.39065544763531007,0.7613605588350871,39.0,0,0,0
539,456,0,209,127,220,0,0.6472296350831299,0.5210378857029472,0.29688963995264495,0.7734213844633125,77.0,0,0,0
540,456,14,198,5,201,1,0.5860105805952107,0.26559788916492194,0.12761882866277646,0.9064232720254995,75.0,0,0,0
541,456,14,289,201,496,0,0.6271681448839828,0.4018360799790843,0.18703534194426466,0.8525002097888812,65.0,0,0,0
542,456,14,316,201,496,0,0.5754125176920166,0.319653699927571,0.09512184200650055,0.8311713354564622,75.0,0,0,0
543,456,19,235,201,127,0,0.580110980552656,0.41072660315122983,0.19893676447649192,0.7494953579540822,26.0,0,0,0
544,456,3,138,57,220,0,0.5,1.0,0.1303977435209184,0.0,3.0,1,1,1
545,456,6,69,201,301,1,0.5,0.42798014397366885,0.025608259900777513,0.5720198560263312,3.0,1,1,1
546,456,15,250,201,127,0,0.5847396554918118,0.4233631783774282,0.24001368462373832,0.7461161326061956,28.0,0,0,0
547,456,15,207,201,270,0,0.5,0.4731453990205701,0.0025171996891782127,0.5268546009794299,21.0,1,1,1
548,456,9,146,5,200,1,0.5840527494552712,0.721156298187228,0.3864971723516576,0.44694920072331423,15.0,0,0,0
549,29,15,148,268,156,0,0.5,0.2018916703818514,0.0354795020872588,0.7981083296181486,13.0,1,1,1
550,29,15,199,410,68,0,0.5,0.3049900970058992,0.11106180738870089,0.6950099029941008,5.0,1,1,1
551,29,12,278,271,484,0,0.7114131748154295,0.7101253554033374,0.4288372794386674,0.7127009942275218,13.0,0,0,0
552,29,19,327,232,126,1,0.5,1.0,0.07559342870986825,0.0,2.0,1,1,1
553,29,18,360,68,481,0,0.6048961334140264,0.5506175183182754,0.22997416357615447,0.6591747485097774,11.0,0,0,0
554,29,3,205,154,126,1,0.8450064921031681,0.8973848865929825,0.7903559140033872,0.7926280976133537,55.0,0,0,0
555,29,0,300,268,446,0,0.6033412746272047,0.44814889266039165,0.2670429429690608,0.7585336565940176,34.0,0,0,0
556,29,0,109,268,79,0,0.5,0.4175211628911012,0.11053058207910323,0.5824788371088988,15.0,0,1,0
557,29,1,76,2,267,0,0.5,0.3813953091885494,0.06180061162183393,0.6186046908114506,6.0,1,1,1
558,29,6,115,86,268,0,0.5,1.0,0.4771037882061818,0.0,4.0,0,1,0
559,276,19,102,285,185,0,0.5,1.0,0.26495194107839687,0.0,3.0,0,1,1
560,276,16,328,445,268,1,0.8832564496317515,0.8939189429930117,0.7971985532100193,0.8725939562704914,135.0,0,0,0
561,276,17,225,159,325,0,0.5,0.24112283953434896,0.05044676065616508,0.758877160465651,14.0,1,1,1
562,276,17,216,159,179,0,0.5,0.27660553606776994,0.07257728521118435,0.7233944639322301,13.0,1,1,1
563,276,0,190,479,481,0,0.5,0.6600439093131496,0.038109792440845794,0.3399560906868504,3.0,1,1,1
564,276,15,252,79,13,0,0.5,0.7893669098009761,0.02953036539361297,0.21063309019902388,6.0,1,1,1
565,3,13,225,390,157,0,0.5,0.13766910955281347,0.006366854141736505,0.8623308904471865,90.0,1,1,1
566,3,13,145,157,390,1,0.5565828243280907,0.33853372344520377,0.1777549471371828,0.7746319252109777,70.0,0,0,0
567,3,0,82,390,334,0,0.6996681034511789,0.7614128859224603,0.5448047510632107,0.6379233209798976,21.0,0,0,0
568,3,17,324,42,445,0,0.5,0.4304243819507717,0.0806208098953132,0.5695756180492283,29.0,1,1,1
569,3,17,26,115,386,0,0.5,0.6904276445877299,0.05101633590226739,0.30957235541227013,3.0,1,1,1
570,3,1,174,5,471,0,0.5,0.7639801180460721,0.1240684454703909,0.23601988195392787,11.0,0,1,0
571,3,12,62,15,457,0,0.5,0.7879237952728287,0.030954815962208563,0.21207620472717126,5.0,1,1,1
572,3,3,282,463,484,0,0.5,0.45651049056748944,0.10283505475518845,0.5434895094325105,11.0,0,1,1
573,3,16,123,157,116,0,0.5,0.26569558697642987,0.05178598716400879,0.7343044130235701,16.0,1,1,1
574,3,19,34,175,326,0,0.5,1.0,0.06859502733234484,0.0,3.0,1,1,1
575,3,18,348,484,109,0,0.5,0.541524860756275,0.07533725823798627,0.45847513924372496,11.0,0,1,1
576,3,7,59,484,291,0,0.5,1.0,0.013202200066632282,0.0,2.0,1,1,1
577,3,11,248,92,463,1,0.6633770751059638,1.0,0.5362535617229672,0.32675415021192744,3.0,0,0,0
578,81,1,94,293,446,0,0.5,0.37018625752203194,0.00876571363868514,0.6298137424779681,13.0,1,1,1
579,81,13,55,468,256,0,0.5908385541403314,0.49810687289001987,0.22513786898429874,0.683570235390643,15.0,0,0,0
580,81,5,91,468,446,0,0.5,0.8249740193204486,0.027682965527525673,0.17502598067955144,6.0,1,1,1
581,81,14,68,79,321,0,0.5,1.0,0.024484226426324644,0.0,3.0,1,1,1
582,81,0,187,446,256,0,0.754285249706339,0.7145239296720155,0.4918538328379932,0.7940465697406626,77.0,0,0,0
583,81,0,318,446,25,0,0.7267964504822007,0.655436580737232,0.4455316203905837,0.7981563202271692,117.0,0,0,0
584,81,12,202,134,47,0,0.5,0.7232969415892296,0.003578401124887648,0.27670305841077036,9.0,1,1,1
585,81,19,136,446,468,0,0.7527264902377028,0.8018605289003886,0.4827929340421091,0.7035924515750169,15.0,0,0,0
586,81,17,59,446,134,0,0.636619866375332,0.5871097642811811,0.3775597251859298,0.6861299684694828,8.0,0,0,0
587,81,2,71,420,46,0,0.5,1.0,0.0043384515521442315,0.0,1.0,1,1,1
588,224,8,238,32,448,0,0.5533833059863412,0.40819009114277244,0.1866767518788138,0.6985765208299101,66.0,0,0,0
589,224,8,274,90,493,1,0.5,0.21935756074687743,0.06966302617350745,0.7806424392531226,64.0,0,1,0
590,224,8,89,32,90,0,0.5,0.2445445363111632,0.06308626763628547,0.7554554636888368,22.0,0,1,0
591,224,1,108,490,471,0,0.5,0.39451891407957657,0.014307446261677946,0.6054810859204234,6.0,1,1,1
592,224,1,197,293,312,0,0.5835993268699319,0.49810694454834953,0.1989752181907976,0.6690917091915143,16.0,0,0,0
593,224,13,165,32,90,0,0.588670343146928,0.362914598705888,0.11624889954857384,0.8144260875879681,46.0,0,0,0
594,224,13,259,90,32,0,0.5,0.257550050501946,0.06420153887178114,0.742449949498054,76.0,0,1,0
595,224,13,236,32,90,0,0.6380487084588787,0.4374899534688054,0.23094662737651808,0.8386074634489521,81.0,0,0,0
596,224,19,343,90,229,0,0.6055477270046483,0.42812787559173116,0.26782618649996776,0.7829675784175654,32.0,0,0,0
597,224,15,158,179,3,0,0.5,0.636670756943683,0.36554943532873935,0.363329243056317,7.0,0,1,0
598,224,15,53,111,90,0,0.5,0.6943854551002274,0.01705789146361514,0.3056145448997726,6.0,1,1,1
599,224,17,302,90,85,0,0.6321021354723588,0.4748641943706893,0.22883249313466733,0.7893400765740284,59.0,0,0,0
600,224,0,199,112,179,0,0.5,0.24993418783661941,0.078354813442337,0.7500658121633805,26.0,0,1,0
601,224,0,14,90,35,0,0.5,0.7350345703601573,0.14979090071029522,0.2649654296398427,4.0,1,1,1
602,224,0,134,340,368,0,0.5,0.42588460682868956,0.07862833285694444,0.5741153931713104,10.0,1,1,1
603,224,0,210,112,179,0,0.5,0.21649168348454145,0.0784479859324304,0.7835083165154586,27.0,0,1,0
604,224,16,133,90,135,1,0.5,0.24832167329210425,0.09628858138525553,0.7516783267078957,13.0,1,1,1
605,224,16,302,90,493,0,0.5833988735127194,0.45173799430993017,0.1726139521938447,0.7150597527155085,35.0,0,0,0
606,224,12,119,3,90,0,0.5,0.5736169420647158,0.33085495953624966,0.4263830579352842,5.0,0,1,0
607,224,12,252,159,18,0,0.5,0.673552178615748,0.09273996501499843,0.326447821384252,8.0,1,1,1
608,224,5,161,90,339,0,0.6160517664375236,0.47852307557343166,0.3004938585838955,0.7535804573016156,25.0,0,0,0
609,224,3,344,379,472,0,0.5,0.6600439093131496,0.03620425192002014,0.3399560906868504,3.0,1,1,1
610,224,9,260,200,448,0,0.7161769395884572,0.8733555317768655,0.31538014811432785,0.5589983474000488,3.0,0,0,1
611,16,14,122,337,151,0,0.5832617384901385,0.42196499305237695,0.2515302867133643,0.7445584839279001,25.0,0,0,0
612,16,14,315,337,45,0,0.5,0.2822590104579922,0.030656426355319368,0.7177409895420078,51.0,1,1,1
613,16,14,50,151,211,0,0.5900365077595058,0.6106287822680206,0.28502598743020224,0.569444233250991,15.0,0,0,0
614,16,0,82,151,167,1,0.5,0.34758723930042096,0.04728931959069541,0.6524127606995791,20.0,1,1,1
615,16,0,354,487,257,0,0.5,0.2838937607429921,0.003521600823969566,0.7161062392570079,41.0,1,1,1
616,16,0,273,151,337,0,0.5,0.20776970509033557,0.029308003060489522,0.7922302949096645,60.0,1,1,1
617,16,1,235,151,168,0,0.6126748935394013,0.41280162578047186,0.24023428283410986,0.8125481612983309,58.0,0,0,0
618,16,1,233,151,168,0,0.6126748935394013,0.41280162578047186,0.24023428283411044,0.8125481612983309,58.0,0,0,0
619,16,15,215,151,124,0,0.6550586637872152,0.5235569889814073,0.25288224480844634,0.7865603385930231,32.0,0,0,0
620,16,2,153,341,15,0,0.5,0.5148487862827442,0.23815956050362502,0.4851512137172558,4.0,0,1,0
621,16,18,11,458,161,0,0.5,1.0,0.01980161645202719,0.0,1.0,1,1,1
622,16,19,72,467,151,0,0.7029628087800852,0.6561488496000686,0.40513899167155526,0.7497767679601017,7.0,0,0,0
623,16,12,219,487,151,0,0.5,0.5147553378045262,0.05464275922395532,0.4852446621954738,11.0,1,1,1
624,16,17,359,2,151,1,0.5,0.7428410883614377,0.10966781317064239,0.2571589116385623,5.0,1,1,1
625,16,9,210,151,337,0,0.6096528665799126,0.6451001737216641,0.2960672604841645,0.574205559438161,8.0,0,0,0
626,16,16,331,151,223,0,0.6268346954033555,0.5718295885693673,0.30608439827969885,0.6818398022373435,52.0,0,0,0
628,434,5,285,246,199,0,0.5,0.13947285129900078,0.017743768603691198,0.8605271487009992,95.0,1,1,1
629,434,13,131,246,199,0,0.6595310875025072,0.46672363249810006,0.23023888178955063,0.8523385425069143,106.0,0,0,0
630,434,13,9,246,199,0,0.5,0.8464086962433173,0.24786700543501936,0.15359130375668273,7.0,0,1,0
631,434,13,174,246,479,0,0.6073243121504281,0.3572675153710415,0.1810424824225371,0.8573811089298147,133.0,0,0,0
632,434,13,187,246,479,0,0.5957986109551756,0.35413536080798536,0.17240194214822432,0.8374618611023658,142.0,0,0,0
633,434,14,119,246,199,0,0.6909176683975248,0.6225821731206491,0.41097692814971426,0.7592531636744004,36.0,0,0,0
634,434,1,365,246,199,1,0.6104793196549558,0.33860813292821085,0.20174260778578373,0.8823505063817009,150.0,0,0,0
635,434,1,128,246,208,0,0.676477196170769,0.6084345432630206,0.43343098893663917,0.7445198490785174,56.0,0,0,0
636,434,7,194,246,17,1,0.7457299359641627,0.8954437089791718,0.8088395553720418,0.5960161629491536,30.0,0,0,0
637,434,0,280,246,199,1,0.6643763422297613,0.4606358231340918,0.2517493780333634,0.8681168613254306,228.0,0,0,0
638,434,0,145,246,199,0,0.6747240884776672,0.4836913186007535,0.2655211728736003,0.8657568583545808,118.0,0,0,0
639,434,0,166,246,199,1,0.7306850401944256,0.5814993228818489,0.3658623310592534,0.8798707575070022,135.0,0,0,0
640,434,3,343,246,59,0,0.7016524157712338,0.6596027823818044,0.4498904017172059,0.7437020491606634,78.0,0,0,0
641,434,15,125,246,479,0,0.7719523758008198,0.7937112740600569,0.5733813992435889,0.7501934775415825,27.0,0,0,0
642,434,12,125,246,199,1,0.7297353243283837,0.7356893198055882,0.542919774908948,0.7237813288511793,51.0,0,0,0
643,434,12,104,246,199,0,0.6083532819847566,0.6248077136693357,0.39886276511926355,0.5918988503001775,35.0,0,0,0
644,434,16,248,246,199,0,0.6020584376340834,0.524018171318254,0.33482780328076367,0.6800987039499129,62.0,0,0,0
645,75,13,126,157,468,0,0.5,0.21421441291775575,0.019962278353433345,0.7857855870822442,46.0,1,1,1
646,75,13,93,334,468,0,0.5,0.22306001802232955,0.04794126069652733,0.7769399819776704,48.0,0,1,0
647,75,13,186,339,157,0,0.5,0.22913223618383718,0.003138463988817379,0.7708677638161628,57.0,1,1,1
648,75,13,364,157,32,0,0.5851711477902802,0.4025224325034475,0.14102354928926386,0.767819863077113,124.0,0,0,0
649,75,13,273,468,90,1,0.567957364447413,0.29384241656671883,0.1281248603195225,0.8420723123281071,97.0,0,0,0
650,75,0,340,53,210,1,0.5,0.3866491003132937,0.12862018035036726,0.6133508996867063,8.0,0,1,1
651,75,16,64,2,264,1,0.757452930001126,0.8503975970352011,0.517990220485563,0.6645082629670509,11.0,0,0,0
652,75,5,4,334,214,0,0.5,1.0,0.007333622964744307,0.0,4.0,1,1,1
653,75,5,200,246,44,0,0.682988607692089,0.5595953736535382,0.3225181513666641,0.8063818417306399,35.0,0,0,0
654,75,17,35,334,494,0,0.6569256994131861,0.6915229573043609,0.2877017793955411,0.6223284415220114,7.0,0,0,0
655,138,13,327,90,217,0,0.739958172684922,0.8352922262020603,0.6316879638516163,0.6446241191677837,36.0,0,0,0
656,138,0,1,86,67,0,0.5,1.0,0.32894702012205573,0.0,2.0,1,1,1
657,138,0,226,19,452,0,0.6626667038720205,0.4447255746732343,0.258402658082,0.8806078330708067,92.0,0,0,0
658,138,1,168,19,86,0,0.6461586531418984,0.5666839166062871,0.38653724483934104,0.7256333896775096,15.0,0,0,0
659,138,5,232,90,387,0,0.5,1.0,0.26326376522148504,0.0,3.0,0,1,1
660,138,12,171,312,452,0,0.7843372940119302,0.7649220879527906,0.5818803586963014,0.8037525000710698,49.0,0,0,0
661,138,17,26,17,186,0,0.5,1.0,0.2690723664620047,0.0,3.0,0,1,0
662,138,3,177,124,311,0,0.5,0.43344777792368955,0.20224506316746266,0.5665522220763104,3.0,1,1,1
663,279,12,105,488,38,0,0.5,0.2205241281660379,0.06288645362014716,0.779475871833962,10.0,1,1,1
664,279,13,157,60,157,0,0.5,0.3182071919753298,0.14326154738933905,0.6817928080246702,13.0,0,1,0
665,279,14,252,1,295,0,0.5,0.9356347549658363,0.0310847575376977,0.06436524503416374,4.0,1,1,1
666,279,14,202,190,21,0,0.5,0.2488304163061266,0.09662582711703148,0.7511695836938734,7.0,1,1,1
667,279,0,312,295,139,0,0.5,0.16549640116838918,0.013308379628222011,0.8345035988316108,37.0,1,1,1
668,279,0,64,448,31,0,0.5952220792237016,0.43158808733978576,0.16635667809709642,0.7588560711076175,14.0,0,0,0
669,279,0,205,368,139,0,0.581302012621046,0.3593984363038086,0.1651449686978478,0.8032055889382834,27.0,0,0,0
670,279,0,93,401,448,0,0.5,0.5896092267545981,0.04597290794506285,0.41039077324540185,10.0,1,1,1
671,279,17,14,296,111,0,0.5,0.6421401653791093,0.023843531845345153,0.35785983462089066,3.0,1,1,1
672,279,1,184,368,28,0,0.6217972433361127,0.5716203637706844,0.22159772355061896,0.6719741229015411,14.0,0,0,0
673,279,1,244,181,190,0,0.5,0.29569474479870156,0.03178052898825547,0.7043052552012985,21.0,1,1,1
674,279,3,11,67,269,0,0.5,1.0,0.1537704371831654,0.0,3.0,1,1,1
675,279,15,7,223,29,0,0.5,0.6535133730018663,0.18611378922372865,0.3464866269981337,3.0,1,1,1
676,279,15,334,240,181,0,0.5,0.49440306946743295,0.1315045434197647,0.505596930532567,10.0,1,1,1
677,279,18,23,301,37,0,0.5,1.0,0.05756677681625011,0.0,3.0,1,1,1
678,279,16,236,24,28,0,0.5,0.5262840490777536,0.06613597032017773,0.4737159509222464,4.0,1,1,1
679,279,7,201,56,453,1,0.5,1.0,0.3333333333332211,0.0,2.0,1,1,1
680,279,2,79,448,240,0,0.5,0.3014271420720515,0.07355884504309342,0.6985728579279484,6.0,1,1,1
681,279,19,342,0,434,0,0.5,0.9686000148717261,0.18636591198920885,0.03139998512827391,8.0,0,1,0
682,279,9,282,151,223,0,0.6329243212408806,0.6728296702507006,0.44575255011241127,0.5930189722310606,6.0,0,0,0
683,246,0,284,434,479,0,0.6594768531466717,0.4500753238694281,0.2700927572496985,0.8688783824239154,239.0,0,0,0
684,246,0,198,434,479,0,0.697004692032509,0.5352042742084481,0.32476643643616854,0.8588051098565701,166.0,0,0,0
685,246,0,231,434,479,0,0.7139437602074868,0.5512744095942167,0.33858227151612585,0.876613110820757,189.0,0,0,0
686,246,0,295,434,59,0,0.6555919321925496,0.44718112127677156,0.22061555355340687,0.8640027431083278,250.0,0,0,0
687,246,0,123,434,479,1,0.6825960613286143,0.5153223168015162,0.33876414621196965,0.8498698058557124,99.0,0,0,0
688,246,14,116,434,479,0,0.755344638043902,0.7419524819612301,0.498380322365071,0.7687367941265739,40.0,0,0,0
689,246,14,297,434,59,0,0.7028270234675242,0.5678966980330657,0.3304378565143632,0.8377573489019828,110.0,0,0,0
690,246,5,200,434,476,1,0.7357615396203524,0.7191326712305421,0.5304726390684794,0.7523904080101627,55.0,0,0,0
691,246,13,119,434,208,1,0.6043038512653938,0.37964584721668476,0.19488254148622255,0.8289618553141027,100.0,0,0,0
692,246,13,259,434,157,1,0.7168873623792928,0.5704417308602194,0.3936032561196491,0.8633329938983663,229.0,0,0,0
693,246,13,35,434,208,0,0.6093503242418202,0.46910409557820937,0.18157756844494946,0.749596552905431,31.0,0,0,0
694,246,13,286,434,208,1,0.7271365041071882,0.5893723062964413,0.39934114260724146,0.8649007019179352,256.0,0,0,0
695,246,13,132,434,208,1,0.5703829755673111,0.3024635676425555,0.16038363458543017,0.8383023834920666,113.0,0,0,0
696,246,16,260,434,479,0,0.6670485020677744,0.6063956529527346,0.3895951776723184,0.7277013511828143,106.0,0,0,0
697,246,17,252,434,479,0,0.7450601234457939,0.7505824474488696,0.5837308721323051,0.739537799442718,55.0,0,0,0
698,246,18,69,32,434,1,0.5,0.4067101697159835,0.13469992430523398,0.5932898302840165,9.0,0,1,0
699,246,12,267,434,479,0,0.656413791651268,0.48109838140136196,0.3044876275054636,0.8317292019011739,122.0,0,0,0
700,246,1,144,434,479,0,0.7615148472665786,0.6952980844548902,0.4716625520580841,0.827731610078267,78.0,0,0,0
701,246,1,310,434,157,1,0.7752400738196883,0.7052611133202157,0.5414662509012852,0.845219034319161,176.0,0,0,0
702,246,1,105,434,479,0,0.6762769529189476,0.5882588091071587,0.39439290255549253,0.7642950967307365,51.0,0,0,0
703,246,15,94,434,479,0,0.6731216279888482,0.5903937501948741,0.283136950045907,0.7558495057828224,16.0,0,0,0
704,246,4,143,199,434,0,0.5,0.5418389410209031,0.10979148243085363,0.45816105897909687,17.0,0,1,0
705,246,8,79,199,68,0,0.5,0.4245539858175905,0.0025676365649367496,0.5754460141824095,3.0,1,1,1
706,464,14,225,35,497,1,0.7694960938728677,0.6657956181461813,0.48205712989003474,0.873196569599554,96.0,0,0,0
707,464,14,350,35,146,0,0.8276274196599758,0.7751751499240565,0.5970059521207214,0.880079689395895,185.0,0,0,0
708,464,0,146,192,74,1,0.7152048102524384,0.61877792089448,0.34839240781300185,0.8116316996103969,80.0,0,0,0
709,464,0,271,192,146,1,0.5,0.1893060873020671,0.04231311662224702,0.8106939126979329,128.0,0,1,0
710,464,0,137,192,497,0,0.6674847412903726,0.5349937101232373,0.3474226537392013,0.7999757724575078,74.0,0,0,0
711,464,0,144,192,74,0,0.6585677817389589,0.5118873692971714,0.33366741493605107,0.8052481941807464,79.0,0,0,0
712,464,17,297,332,412,0,0.5,0.6490155072037518,0.11670450180027188,0.3509844927962482,6.0,0,1,0
713,464,13,238,497,59,0,0.5,0.5512241933597941,0.16045723567879844,0.4487758066402059,11.0,0,1,0
714,464,1,172,412,497,1,0.6010058856870507,0.46715873026671373,0.22197271746731848,0.7348530411073877,27.0,0,0,0
715,464,1,214,497,98,0,0.5,0.30185609767198296,0.10203225980362736,0.698143902328017,38.0,0,1,0
716,464,12,55,335,197,0,0.5,0.3838121101268153,0.002056429970563844,0.6161878898731847,13.0,1,1,1
717,464,12,289,146,497,0,0.5,0.33317715862769426,0.0017868779183966633,0.6668228413723057,21.0,1,1,1
718,464,12,168,104,335,0,0.5,0.3745451552867273,0.015921810018036147,0.6254548447132726,20.0,1,1,1
719,464,16,321,98,497,0,0.5,0.21516865464361265,0.06903327305626002,0.7848313453563873,62.0,0,1,0
720,464,4,330,146,231,0,0.5,0.4884603170234576,0.11350193452768742,0.5115396829765424,6.0,1,1,1
721,464,15,363,146,220,0,0.5,0.3273242548550428,0.04999802791005713,0.6726757451449572,32.0,0,1,0
722,464,19,335,98,497,0,0.5,0.3297479069057674,0.14808397600371367,0.6702520930942326,19.0,0,1,0
723,464,2,85,146,82,1,0.5,1.0,0.12802097993888983,0.0,2.0,1,1,1
724,464,9,26,59,468,0,0.5,1.0,0.26411365499150213,0.0,3.0,0,1,0
725,131,0,295,309,174,0,0.5594023634337104,0.24717696104244988,0.07767746096738351,0.8716277658249709,48.0,0,0,1
726,131,0,332,174,309,0,0.5,0.35080807906173367,0.12112544687941738,0.6491919209382664,39.0,0,1,0
727,131,12,295,309,68,0,0.6206777006022515,0.650519634341773,0.26742975685291254,0.59083576686273,32.0,0,0,0
728,131,13,253,445,60,0,0.5,0.648765618124345,0.01976897715428836,0.35123438187565503,4.0,1,1,1
729,131,1,102,41,309,0,0.8728831785496184,0.8877727346444985,0.790727555797123,0.8579936224547383,65.0,0,0,0
730,131,1,336,41,309,0,0.8509925547471142,0.805696234250175,0.6396159508663242,0.8962888752440533,224.0,0,0,0
731,131,16,343,309,174,0,0.7676091490534231,0.7797475961041546,0.5455956570896386,0.7554707020026916,36.0,0,0,0
732,131,17,173,309,235,0,0.5,0.34678424148535736,0.10813980067703606,0.6532157585146426,10.0,1,1,1
733,116,12,12,86,113,0,0.5,1.0,0.1724363023354819,0.0,4.0,0,1,0
734,116,16,319,85,3,0,0.6893674028331364,0.6269155964356989,0.30643914632008845,0.7518192092305738,36.0,0,0,0
735,116,0,333,36,487,1,0.6425284790424396,0.49840713393884944,0.31596759398275454,0.7866498241460298,96.0,0,0,0
736,116,0,353,36,487,0,0.5773690382148543,0.39452799749956163,0.22826822219320855,0.760210078930147,108.0,0,0,0
737,116,0,221,36,487,0,0.5,0.20544015211868372,0.05747737976315209,0.7945598478813163,50.0,0,1,0
738,116,1,331,312,43,0,0.5762816032206468,0.47638377956988354,0.2032217997249479,0.67617942687141,18.0,0,0,0
739,116,15,124,92,193,1,0.5,0.48280152928745157,0.2421812038681127,0.5171984707125484,5.0,0,1,0
740,116,7,277,92,158,1,0.6870336113569311,0.872462438229889,0.6733823967320508,0.501604784483973,17.0,0,0,0
741,116,8,82,92,445,0,0.6783122463148443,0.7915166676883366,0.5807869601316723,0.5651078249413519,7.0,0,0,0
742,116,2,247,32,486,0,0.5878634534887732,0.8500206701218866,0.6028955729502699,0.3257062368556597,7.0,0,0,0
743,46,0,19,52,30,0,0.5,0.5379485976375225,0.17303995430195382,0.46205140236247755,10.0,0,1,0
744,46,0,100,52,267,0,0.5,0.23226373590072738,0.039123172727043326,0.7677362640992726,53.0,0,1,0
745,46,0,121,52,267,0,0.5,0.18401325375731226,0.01883596210111076,0.8159867462426877,64.0,1,1,1
746,46,0,40,52,30,0,0.5,0.3239475877794423,0.1726833812467481,0.6760524122205577,25.0,0,1,0
747,46,0,42,52,30,0,0.5,0.29083158190538455,0.1523413236057301,0.7091684180946154,27.0,0,1,0
748,46,0,117,52,267,0,0.5,0.1522035775239658,0.04259584323990109,0.8477964224760342,63.0,0,1,0
749,46,15,295,52,301,0,0.6210449081462301,0.4578010800610366,0.26576272920736027,0.7842887362314237,47.0,0,0,0
750,46,13,317,307,52,0,0.8513765765066594,0.8176445996257827,0.6508878654932346,0.8851085533875362,107.0,0,0,0
751,46,13,192,307,52,0,0.7144740381113841,0.6839262743071479,0.4014357048660725,0.7450218019156202,27.0,0,0,0
752,46,14,41,52,267,1,0.5,0.46188239716170076,0.11837326760223515,0.5381176028382992,7.0,0,1,0
753,46,14,199,52,267,0,0.5845155148058843,0.39505038853981034,0.20231443185391018,0.7739806410719582,34.0,0,0,0
754,46,19,246,30,267,0,0.5,0.45842679711268963,0.061545767122452,0.5415732028873104,9.0,1,1,1
755,46,1,154,223,312,0,0.5,0.2071143802257705,0.10846363725615012,0.7928856197742296,34.0,0,1,0
756,46,1,201,223,52,0,0.5712099621090925,0.30284206503818323,0.1024409635102564,0.8395778591800017,45.0,0,0,0
757,46,1,202,223,52,1,0.5712099621090925,0.30284206503818323,0.10244096351025642,0.8395778591800017,45.0,0,0,0
758,46,1,75,312,52,0,0.5,0.26431196085600206,0.041539342002553235,0.7356880391439979,22.0,1,1,1
759,46,12,237,133,52,0,0.5,0.21343233940610895,0.08526048428981127,0.786567660593891,36.0,0,1,0
760,46,12,353,133,134,0,0.5,0.17958140447959092,0.04359776270686903,0.8204185955204091,58.0,1,1,1
761,46,4,345,454,455,0,0.5,0.5778377147731119,0.010488312887226809,0.42216228522688815,10.0,1,1,1
762,46,17,8,399,334,1,0.5,1.0,0.019801616452032194,0.0,2.0,1,1,1
763,46,17,342,52,134,0,0.5454185787892651,0.3899812811792272,0.23894047720363837,0.700855876399303,62.0,0,0,0
764,46,3,124,463,172,0,0.5,0.5088701049852254,0.05381834279571177,0.49112989501477455,5.0,1,1,1
765,46,16,196,52,392,0,0.5,0.24468673307441802,0.10549353552528067,0.755313266925582,24.0,0,1,1
766,46,16,62,30,52,0,0.6192060058329972,0.4866026023070306,0.23744705635197572,0.7518094093589638,13.0,0,0,0
767,46,8,255,30,379,0,0.5,0.9622615168509485,0.16397293103439675,0.03773848314905148,10.0,0,1,0
768,46,5,8,90,144,0,0.5,1.0,0.30702674600362406,0.0,2.0,1,1,1
769,335,2,302,5,390,0,0.5,0.30940424766546787,0.13441229998520296,0.6905957523345321,21.0,1,1,1
770,335,14,306,176,5,0,0.5,0.3347671558995568,0.0713863112149034,0.6652328441004431,30.0,0,1,0
771,335,14,231,5,132,0,0.7050154190712261,0.597947164666886,0.35445385949795727,0.8120836734755661,42.0,0,0,0
772,335,0,216,176,109,0,0.5,0.24560181331540412,0.07876248777202767,0.7543981866845959,54.0,0,1,0
773,335,0,329,5,109,0,0.5,0.19868280859544754,0.08300460033725858,0.8013171914045525,62.0,0,1,0
774,335,0,358,5,4,0,0.5,0.22934166573502726,0.1086017583230024,0.7706583342649728,68.0,0,1,0
775,335,0,256,109,176,0,0.5784604206671424,0.38119231622672256,0.13313206633219046,0.7757285251075623,39.0,0,0,0
776,335,12,146,464,5,1,0.5,0.12859920473962203,0.002198335441027003,0.871400795260378,34.0,1,1,1
777,335,12,38,5,464,0,0.5,0.3678168001236729,0.05194531855706771,0.6321831998763271,11.0,1,1,1
778,335,1,19,488,471,0,0.5,0.5672206437768935,0.16295705994287837,0.4327793562231065,5.0,0,1,0
779,335,1,333,109,488,0,0.6610851708649674,0.49563868642584524,0.273986178984478,0.8265316553040897,42.0,0,0,0
780,335,7,51,464,5,0,0.5,1.0,0.22587902306458493,0.0,4.0,0,1,0
781,335,15,246,488,37,0,0.5,0.3331101839977892,0.1520312499171257,0.6668898160022108,14.0,0,1,0
782,335,13,360,390,262,0,0.5,0.2096100011922931,0.03425224431703869,0.7903899988077069,25.0,1,1,1
783,335,13,313,421,390,1,0.5,0.2802658353706901,0.029195146089269944,0.7197341646293098,21.0,1,1,1
784,335,16,278,109,390,0,0.6221594660782512,0.5026197414190591,0.20505684838985153,0.7416991907374433,29.0,0,0,0
785,335,16,252,109,37,0,0.5,0.4282185374795794,0.23736871654681335,0.5717814625204206,17.0,0,1,0
786,335,19,39,5,346,0,0.5,1.0,0.08907825623905384,0.0,2.0,1,1,1
787,335,4,225,63,128,0,0.5,0.968301692495889,0.09560838546216154,0.031698307504110956,4.0,1,1,1
788,483,5,241,445,6,0,0.5,0.5833817616108397,0.09378797372721147,0.41661823838916034,2.0,1,1,1
789,483,18,186,179,1,0,0.5,0.16823698606451049,0.07635571748267508,0.8317630139354895,71.0,0,1,0
790,483,18,193,179,1,0,0.5691345898822487,0.31639770548904744,0.15063852105758027,0.82187147427545,76.0,0,0,0
791,483,18,29,265,59,0,0.5,0.41408341587421316,0.14709723941821043,0.5859165841257868,16.0,0,1,0
792,483,18,231,179,1,0,0.5,0.17412237517869747,0.06569007170279396,0.8258776248213026,92.0,0,1,0
793,483,18,266,179,1,0,0.5,0.1648742033031623,0.032492112325739265,0.8351257966968377,108.0,0,1,0
794,483,18,297,179,1,0,0.5,0.13101388871494787,0.05504387236408338,0.8689861112850521,122.0,0,1,0
795,483,15,308,478,121,1,0.5842781103089277,0.4710118440545879,0.23491020928373416,0.6975443765632676,16.0,0,0,0
796,483,15,11,90,158,0,0.0,0.0,0.0,0.0,1.0,1,1,1
797,483,1,65,223,121,0,0.5,0.8237946823125315,0.043608500578928115,0.1762053176874685,4.0,1,1,1
798,483,1,329,223,455,0,0.5,0.3721623203678065,0.0913207052826891,0.6278376796321935,16.0,1,1,1
799,483,13,71,90,76,0,0.5,0.29301910403107684,0.07884210029930128,0.7069808959689232,17.0,0,1,0
800,483,13,199,90,84,0,0.5,0.17224352276670257,0.08105845653648396,0.8277564772332975,42.0,0,1,0
801,483,13,188,90,84,0,0.5,0.21215918677871592,0.03945352225174582,0.7878408132212841,40.0,0,1,1
802,483,17,190,79,90,0,0.5,0.33978481254367865,0.2026945080587909,0.6602151874563214,23.0,0,1,0
803,483,3,62,437,84,0,0.5,0.5252549047778003,0.07420008556263924,0.47474509522219965,4.0,1,1,1
804,483,0,350,268,263,0,0.5,0.39608759324353854,0.21776340959381316,0.6039124067564614,27.0,0,1,0
805,483,0,363,268,263,0,0.6275484076193389,0.5501437248902368,0.25910469346790904,0.704953090348441,29.0,0,0,0
806,483,12,112,68,232,0,0.5,0.46442012165907187,0.028292595023532457,0.5355798783409281,9.0,1,1,1
807,483,12,274,272,24,0,0.5,0.8266543055550444,0.01652329258749403,0.17334569444495562,4.0,1,1,1
808,483,19,134,68,498,0,0.773760211736187,0.7868638016539474,0.6137577649661757,0.7606566218184265,15.0,0,0,0
809,483,16,36,2,261,0,0.5,0.44421071535468365,0.1291791490718898,0.5557892846453163,5.0,0,1,0
810,483,16,221,268,498,0,0.5,0.41441623071416833,0.014078449795440453,0.5855837692858317,19.0,1,1,1
811,483,4,33,156,325,0,0.6307879636330652,0.8168603637786944,0.4035558720350791,0.444715563487436,4.0,0,0,0
812,483,6,300,300,268,0,0.5,1.0,0.17998618067040054,0.0,2.0,1,1,1
813,62,1,101,274,81,0,0.5,0.24212377044600333,0.023716087585635124,0.7578762295539967,9.0,1,1,1
814,62,18,169,446,494,0,0.5,0.5623059445697725,0.16749392891560325,0.43769405543022755,6.0,0,1,1
815,62,12,359,153,152,0,0.7147354324472672,0.7321589356798591,0.3954017664357406,0.6973119292146754,13.0,0,0,0
816,62,0,305,456,35,0,0.5974654610044436,0.4848244065834952,0.2267293567887942,0.7101065154253922,31.0,0,0,0
817,62,0,205,71,274,0,0.5,0.21459289839658957,0.06588621478192871,0.7854071016034104,18.0,1,1,1
818,62,14,119,81,456,0,0.5,0.7854005463319103,0.10927353759651996,0.21459945366808975,5.0,1,1,1
819,62,15,177,274,289,0,0.635173937593825,0.72204116132116,0.3166794669271362,0.5483067138664899,10.0,0,0,0
820,62,16,57,452,168,0,0.594504589517695,0.6959985428098995,0.462709924406383,0.4930106362254906,7.0,0,0,0
821,62,8,137,11,485,0,0.5,1.0,0.05583290707849324,0.0,1.0,1,1,1
822,62,7,324,456,227,0,0.7006776312567997,0.9802251347015166,0.5680859115941806,0.4211301278120828,5.0,0,0,0
823,186,1,55,276,481,0,0.5,0.6818033167920993,0.015982334680466653,0.31819668320790073,4.0,1,1,1
824,186,15,7,29,18,0,0.5,1.0,0.039587710403894597,0.0,1.0,1,1,1
825,186,0,287,469,172,0,0.5,0.3149853569143732,0.044647729089272996,0.6850146430856268,23.0,1,1,1
826,186,0,45,477,41,0,0.5,0.30861715057077943,0.15619914572856247,0.6913828494292206,6.0,0,1,0
827,186,16,121,318,90,0,0.5,1.0,0.023801792137141516,0.0,3.0,1,1,1
828,186,17,6,470,18,0,0.5,1.0,0.01980161645202675,0.0,1.0,1,1,1
829,186,2,226,452,477,0,0.0,0.0,0.0,0.0,2.0,1,1,1
830,201,0,321,460,235,0,0.691932284236056,0.5336770500295187,0.31655697546404693,0.8501875184425932,156.0,0,0,0
831,201,0,109,460,346,1,0.695932279350874,0.5590656248573538,0.3152172850596044,0.8327989338443942,54.0,0,0,0
832,201,0,239,460,456,1,0.6545151061639183,0.4601654208688608,0.2924446383302905,0.8488647914589759,113.0,0,0,0
833,201,0,56,460,446,0,0.5827212262217468,0.4022624953556763,0.23324024193223516,0.7631799570878174,25.0,0,0,0
834,201,19,360,456,115,0,0.5,0.3377198839624344,0.049476169868532587,0.6622801160375655,34.0,0,1,1
835,201,12,351,456,488,0,0.6461359345633694,0.5214400109361133,0.2790157806319879,0.7708318581906255,65.0,0,0,0
836,201,12,1,490,322,0,0.5,1.0,0.32894702012205573,0.0,2.0,1,1,1
837,201,12,187,15,89,0,0.5,0.23228541468579603,0.10810821418269764,0.767714585314204,30.0,0,1,0
838,201,14,246,460,456,0,0.5,0.23810586145503876,0.053345307054240274,0.7618941385449612,51.0,0,1,0
839,201,14,71,456,460,0,0.5817802121456972,0.4165021020489063,0.25444255181999814,0.747058322242488,22.0,0,0,0
840,201,14,75,456,460,0,0.5755735860096421,0.38489209805804997,0.23180540939685418,0.7662550739612344,23.0,0,0,0
841,201,2,232,497,456,0,0.66704845607579,0.6765520182093934,0.3658130755040488,0.6575448939421866,17.0,0,0,0
842,201,13,322,335,456,0,0.5,0.2900405029225317,0.023022892393911552,0.7099594970774683,6.0,1,1,1
843,201,15,47,194,241,0,0.5,0.7514557272265717,0.08413055040636742,0.24854427277342828,6.0,1,1,1
844,201,15,14,16,454,0,0.5,1.0,0.014981392906757828,0.0,4.0,1,1,1
845,201,1,217,460,235,1,0.5,0.3026603284620372,0.010282455020385058,0.6973396715379627,37.0,1,1,1
846,201,1,345,456,460,0,0.5924402563791997,0.39319648820399605,0.14285237489834468,0.7916840245544033,47.0,0,0,0
847,201,1,302,492,460,0,0.5,0.27193735902444444,0.12366691747023109,0.7280626409755555,24.0,0,1,0
848,201,18,189,456,170,0,0.5,0.4163553678757509,0.0526111189782713,0.5836446321242491,14.0,1,1,1
849,201,6,191,460,135,0,0.5,0.6335191142953034,0.23057429659344464,0.3664808857046966,5.0,0,1,0
850,201,16,215,454,499,0,0.5,0.3202830898014282,0.03962781302685673,0.6797169101985718,24.0,1,1,1
851,201,9,179,46,335,0,0.5,0.9552120750198526,0.17396318036976158,0.04478792498014739,5.0,0,1,0
852,201,17,87,446,321,0,0.5,0.550356688736141,0.012136390419641437,0.44964331126385904,7.0,1,1,1
853,310,12,361,447,30,0,0.5,0.43893723754352787,0.014434971115140171,0.5610627624564721,5.0,1,1,1
854,310,1,331,168,297,0,0.5,0.2638929876841414,0.08062484509325939,0.7361070123158586,46.0,0,1,0
855,310,0,166,30,261,0,0.7989674562025014,0.7285831894661405,0.5615932496272723,0.8693517229388623,39.0,0,0,0
856,310,0,184,30,472,0,0.7749081406696408,0.8271009776547248,0.656223015157253,0.7227153036845567,52.0,0,0,0
857,310,19,44,38,58,0,0.5,1.0,0.1280209799388329,0.0,1.0,1,1,1
858,310,14,121,30,1,1,0.723031387906335,0.7367925820856039,0.44688703847380046,0.7092701937270662,19.0,0,0,0
859,13,13,21,467,303,1,0.5,0.5812431205818724,0.3403100075829941,0.41875687941812756,11.0,0,1,0
860,13,13,288,0,467,0,0.5,0.4016017272371303,0.039202337582802095,0.5983982727628697,19.0,1,1,1
861,13,16,37,0,467,0,0.5,0.6205627583758787,0.12716846882776162,0.3794372416241213,11.0,0,1,0
862,13,0,261,467,0,0,0.5,0.11801602648885302,0.008229468998739132,0.881983973511147,139.0,1,1,1
863,13,0,81,467,0,1,0.5,0.23991738876367769,0.09053370987284334,0.7600826112363224,52.0,0,1,0
864,13,0,286,0,467,0,0.5,0.11144683272601669,0.024947277818264366,0.8885531672739833,118.0,0,1,1
865,13,0,363,467,0,0,0.5627490865551731,0.3216243837950375,0.12471168280602819,0.8038737893153086,173.0,0,0,0
866,13,0,121,467,0,0,0.5,0.11942005227244115,0.025815700567122228,0.8805799477275589,68.0,0,1,0
867,13,12,303,467,164,0,0.5,0.26272750621429064,0.09002426044068004,0.7372724937857094,57.0,0,1,0
868,13,12,263,467,164,0,0.5,0.2190333968616453,0.0486479695774252,0.7809666031383546,53.0,1,1,1
869,13,18,249,301,467,0,0.5,0.24541499296063857,0.009463400403295907,0.7545850070393614,32.0,1,1,1
870,13,18,111,301,289,0,0.5719849537502739,0.42534498212676164,0.22576364042556044,0.7186249253737862,16.0,0,0,0
871,13,2,279,467,0,0,0.5767225725119846,0.33498466527140974,0.11521775802814115,0.8184604797525594,46.0,0,0,0
872,13,1,92,0,164,0,0.5,0.19643816059515654,0.038218722616552646,0.8035618394048435,35.0,0,1,0
873,13,1,179,230,164,0,0.5,0.16129317585645858,0.0394871855210723,0.8387068241435414,38.0,0,1,0
874,13,1,258,230,467,0,0.7336546757492713,0.6462321594243634,0.45845301168798636,0.8210771920741793,90.0,0,0,0
875,13,15,331,0,289,0,0.637477272968831,0.4342074035963026,0.22312772765659483,0.8407471423413595,45.0,0,0,0
876,13,3,23,0,196,1,0.5,0.430837500249062,0.11492442691457197,0.569162499750938,4.0,1,1,1
877,13,19,98,0,181,0,0.6514784231608381,0.6951823783286941,0.4091203193125511,0.6077744679929823,14.0,0,0,0
878,13,14,269,467,0,0,0.76531776069965,0.6621721388115671,0.48464531168461494,0.8684633825877329,71.0,0,0,0
879,13,14,5,54,467,0,0.5,1.0,0.1340163681297231,0.0,4.0,1,1,1
880,13,4,164,463,74,0,0.5,0.43183926601360995,0.0517674405102553,0.5681607339863901,4.0,1,1,1
881,13,17,317,0,94,0,0.5,0.23764763823949844,0.09920207268690334,0.7623523617605016,49.0,0,1,1
882,13,17,215,467,0,0,0.6530642218916789,0.6128785832569059,0.23124947268979212,0.6932498605264519,24.0,0,0,0
883,13,5,255,357,0,0,0.6821582904793734,0.7287218532954178,0.5195172403398551,0.6355947276633289,18.0,0,0,0
884,52,19,338,46,269,1,0.6616980877191351,0.5403445980770094,0.3651300113091372,0.7830515773612607,48.0,0,0,0
885,52,12,284,46,494,0,0.8655491331454692,0.8470458415614791,0.7293851899845858,0.8840524247294594,90.0,0,0,0
886,52,0,334,79,46,0,0.5907335652604143,0.31269776907525065,0.16125404417722478,0.8687693614455779,144.0,0,0,0
887,52,0,209,79,46,0,0.5,0.15854039083357097,0.019064978105851723,0.841459609166429,64.0,0,1,0
888,52,0,315,79,46,0,0.6379345372833963,0.39745841531834913,0.1945172969301911,0.8784106592484435,133.0,0,0,0
889,52,1,136,46,223,0,0.7722928694970872,0.7262423968108133,0.5187655408141689,0.818343342183361,64.0,0,0,0
890,52,1,263,46,223,1,0.8032912032152459,0.8101260048404421,0.6673708386014569,0.7964564015900497,132.0,0,0,0
891,52,5,256,46,90,0,0.5,0.6167490329218893,0.41320411901009707,0.3832509670781107,15.0,0,1,0
892,52,16,300,46,44,1,0.8142939967762383,0.8032219210094875,0.66207634252561,0.825366072542989,83.0,0,0,0
893,52,15,61,46,49,0,0.809390860735501,0.8326368611137689,0.7020915339936618,0.7861448603572332,25.0,0,0,0
894,52,14,356,46,346,1,0.8651257765372362,0.8555068762306581,0.7348482179273931,0.8747446768438143,107.0,0,0,0
895,52,13,200,46,468,0,0.6370516611955878,0.5532643504446784,0.3122596989348955,0.7208389719464972,31.0,0,0,0
896,52,17,70,46,6,0,0.5726339771112787,0.48397589822421083,0.270763050759804,0.6612920559983466,15.0,0,0,0
897,52,4,303,46,379,0,0.8146910898897484,0.8222576189357869,0.680175539467094,0.8071245608437098,58.0,0,0,0
898,52,6,364,157,469,0,0.5,1.0,0.01980161645202287,0.0,1.0,1,1,1
899,496,0,168,460,346,1,0.5,0.22440946508967705,0.031610890784160905,0.7755905349103229,51.0,1,1,1
900,496,0,18,460,433,0,0.5,0.8401081443778962,0.10294159774970484,0.15989185562210384,5.0,1,1,1
901,496,0,327,460,107,0,0.5,0.2522563644555792,0.10110313955507126,0.7477436355444208,89.0,0,1,0
902,496,0,214,460,1,0,0.5,0.19250514923506615,0.08617093906213959,0.8074948507649339,63.0,0,1,0
903,496,1,319,1,460,0,0.5,0.4734985294106411,0.20358554573054005,0.5265014705893589,22.0,0,1,0
904,496,16,14,332,454,0,0.2475245552617492,0.0,0.0,0.4950491105234984,2.0,1,1,1
905,496,14,262,460,456,0,0.620798591971756,0.5865319656143728,0.25899068886742893,0.6550652183291393,35.0,0,0,0
906,496,14,319,456,145,0,0.5996048551849369,0.49301859361299055,0.2346161351975461,0.7061911167568832,53.0,0,0,0
907,496,12,258,456,482,0,0.639332793935799,0.47228922334334666,0.2603247715340664,0.8063763645282513,28.0,0,0,0
908,496,12,189,456,346,0,0.5,0.40823719029647787,0.03561245367677164,0.5917628097035221,16.0,1,1,1
909,496,19,171,115,499,0,0.5,0.401833776537437,0.13864712008524124,0.598166223462563,6.0,0,1,0
910,496,15,249,454,1,0,0.5,0.3440277192363136,0.01140545281284171,0.6559722807636864,12.0,1,1,1
911,496,18,160,46,456,1,0.5,1.0,0.059653327625548556,0.0,3.0,1,1,1
912,496,3,321,492,460,0,0.5,0.46771866613274354,0.05263270294923912,0.5322813338672565,4.0,1,1,1
913,496,7,49,135,488,0,0.5,0.7622743751498109,0.05008038158222904,0.2377256248501891,4.0,1,1,1
914,496,9,315,492,142,0,0.5,0.6555192410805287,0.0005812044289242558,0.3444807589194713,5.0,1,1,1
915,466,13,77,57,390,1,0.5,0.5988688524332009,0.016952061230503752,0.40113114756679913,14.0,1,1,1
916,466,14,364,135,0,0,0.5441518305745168,0.4148432571950144,0.2056863689662619,0.6734604039540191,73.0,0,0,0
917,466,17,56,57,445,0,0.600591518494747,0.5657227079870611,0.3371879135698155,0.635460329002433,12.0,0,0,0
918,466,0,322,135,112,1,0.56783066578529,0.2922533813103776,0.15726186095601088,0.8434079502602023,175.0,0,0,0
919,466,0,349,135,112,0,0.6642686640244159,0.4586942549720073,0.24245405536248826,0.8698430730768245,189.0,0,0,0
920,466,0,306,135,112,1,0.6607336411846214,0.5150081533842161,0.3193575773136648,0.8064591289850268,167.0,0,0,0
921,466,0,223,135,83,0,0.6270071321103218,0.37446658697240504,0.21416965863660445,0.8795476772482385,129.0,0,0,0
922,466,15,237,112,476,0,0.5,0.5727434954977713,0.008855145292513534,0.42725650450222874,14.0,1,1,1
923,466,1,307,135,112,0,0.5677315044052242,0.37847733782358517,0.22773453469050794,0.7569856709868633,68.0,0,0,0
924,466,1,197,135,57,0,0.6635971571887034,0.4584981300831489,0.2761095907601349,0.8686961842942579,42.0,0,0,0
925,466,12,315,112,135,0,0.5760886396000461,0.3185146382573203,0.11581217881276414,0.8336626409427719,44.0,0,0,0
926,466,12,235,135,112,0,0.5,0.1646313244664851,0.022566759760735647,0.8353686755335149,76.0,1,1,1
927,466,2,220,135,0,0,0.6478131998057387,0.4737316010499133,0.30671142446879524,0.8218947985615641,29.0,0,0,0
928,466,19,220,251,157,0,0.790977711843294,0.7456168884361183,0.5372141495035994,0.8363385352504698,90.0,0,0,0
929,466,16,46,135,57,1,0.5,0.6178721150151024,0.20809722112343063,0.3821278849848976,7.0,0,1,0
930,466,10,135,208,57,0,0.5,1.0,0.051040357457053084,0.0,2.0,1,1,1
931,203,15,63,130,12,0,0.5,0.6732458497880727,0.24194984944906187,0.32675415021192733,3.0,0,1,1
932,203,0,140,12,469,0,0.5,0.43836932291362046,0.26813430597384424,0.5616306770863795,18.0,0,1,0
933,203,0,287,12,469,0,0.6131169805226351,0.581348118232976,0.2539659801203183,0.6448858428122941,39.0,0,0,0
934,203,16,348,469,268,0,0.5,0.3113781147502112,0.09834984543570215,0.6886218852497887,28.0,0,1,0
935,203,1,273,24,469,0,0.5,0.7394358582414348,0.04140870695944357,0.26056414175856524,7.0,1,1,1
936,203,9,303,12,22,1,0.5,1.0,0.8018917041388566,0.0,3.0,0,1,0
937,203,14,158,268,138,1,0.5,1.0,0.27016256286251056,0.0,3.0,0,1,0
938,19,0,41,26,117,1,0.5,0.3726139094411303,0.11660932146340627,0.6273860905588697,18.0,0,1,0
939,19,0,356,26,117,0,0.5997400666976282,0.3844882178987439,0.226567105378716,0.8149919154965125,183.0,0,0,0
940,19,0,316,26,117,0,0.5443972246859627,0.2548607451030381,0.12469138740531834,0.8339337042688874,162.0,0,0,0
941,19,0,158,138,26,0,0.5,0.19562199267648228,0.07232357277173965,0.8043780073235177,53.0,0,1,0
942,19,1,110,222,22,0,0.5,0.44138186677562113,0.042982215946497856,0.5586181332243789,13.0,1,1,1
943,19,1,189,26,22,0,0.5,0.21308066690073618,0.02485720117255155,0.7869193330992639,55.0,0,1,0
944,19,15,176,245,361,0,0.5,0.47600164954339663,0.024098246575913213,0.5239983504566034,20.0,1,1,1
945,19,15,320,22,26,1,0.5,0.44243960356613454,0.18417328210784673,0.5575603964338655,42.0,0,1,0
946,19,12,160,26,245,1,0.5,0.3502195294730537,0.188157899862984,0.6497804705269463,22.0,0,1,0
947,19,14,13,138,22,0,0.5,1.0,0.009901778952998064,0.0,1.0,1,1,1
948,19,14,97,138,424,0,0.6127998811304839,0.4865940510441888,0.22800346367446814,0.7390057112167789,17.0,0,0,0
949,19,16,180,11,26,0,0.5,0.8249740193204484,0.009578721337463666,0.17502598067955155,6.0,1,1,1
950,19,13,324,55,26,0,0.5,0.9902187972868961,0.14278317749785185,0.009781202713103898,4.0,1,1,1
951,453,1,328,28,312,0,0.7357071394145984,0.6001374839138909,0.36616074989653086,0.871276794915306,130.0,0,0,0
952,453,1,5,247,223,0,0.5,1.0,0.4165114493242103,0.0,5.0,0,1,0
953,453,1,180,28,21,0,0.6432138898897103,0.47274795395095076,0.2904460143075802,0.8136798258284698,72.0,0,0,0
954,453,14,307,9,491,0,0.5,0.22197114504826984,0.06167598263190079,0.7780288549517301,21.0,1,1,1
955,453,14,62,21,218,0,0.5,0.5265353109732192,0.07711010293699302,0.47346468902678085,6.0,1,1,1
956,453,16,191,472,61,0,0.6685365438990494,0.4895930191805726,0.29929833788452115,0.8474800686175262,49.0,0,0,0
957,453,0,41,61,9,0,0.5,0.31425086804148833,0.13888107245301243,0.6857491319585116,16.0,0,1,0
958,453,0,285,9,491,1,0.5,0.2012433914164364,0.09310270153074082,0.7987566085835636,97.0,0,1,0
959,453,0,55,61,471,0,0.603749293327936,0.48274650446472167,0.17387461218463168,0.7247520821911503,21.0,0,0,0
960,453,0,353,61,471,0,0.5,0.21242492000538873,0.05530897207701841,0.7875750799946113,137.0,0,1,0
961,453,15,293,21,223,0,0.5,0.3589293523982133,0.1820846140616341,0.6410706476017867,23.0,0,1,0
962,453,15,272,223,21,0,0.5,0.6490999142819937,0.10133150662648557,0.35090008571800635,10.0,1,1,1
963,453,12,3,79,263,0,0.5,1.0,0.009901778952997927,0.0,1.0,1,1,1
964,453,12,13,186,199,0,0.5,0.6884649193897258,0.02982335743919439,0.31153508061027424,3.0,1,1,1
965,453,3,331,479,61,1,0.5,0.5800624158777625,0.31692414472947816,0.4199375841222375,6.0,0,1,0
966,453,19,53,477,374,0,0.5,0.5170622123242554,0.10130685253186322,0.4829377876757446,4.0,1,1,1
967,453,13,266,61,110,0,0.5,0.26335856031445565,0.049947524397474484,0.7366414396855443,33.0,1,1,1
968,453,18,346,460,315,0,0.5,0.3738597776826152,0.09753292808584889,0.6261402223173849,3.0,1,1,1
969,453,4,364,448,280,0,0.5,0.994622044851477,0.027688072468966513,0.005377955148523017,6.0,1,1,1
970,158,15,312,77,455,0,0.5,0.302094144656454,0.04148780142175836,0.697905855343546,10.0,1,1,1
971,158,14,318,321,246,0,0.5,0.3593389645414514,0.16907245852247815,0.6406610354585486,11.0,1,1,1
972,158,1,312,459,446,0,0.5,0.6003031606694659,0.004076823272271635,0.3996968393305341,10.0,1,1,1
973,158,16,40,332,334,0,0.5,0.5810089131586127,0.1785055341294609,0.4189910868413873,4.0,0,1,0
974,158,0,241,489,212,0,0.5,0.3382972165840713,0.08072277853388268,0.6617027834159287,14.0,1,1,1
975,158,12,55,346,334,0,0.5,0.562884341700732,0.17255409979576022,0.437115658299268,6.0,0,1,0
976,158,3,356,409,134,0,0.6776416673533426,0.7716054233409928,0.3030086208622458,0.5836779113656925,13.0,0,0,0
977,158,9,178,53,5,0,0.5,0.5099008082260186,0.16652240270575913,0.4900991917739814,2.0,1,1,1
978,158,5,261,412,133,0,0.5,1.0,0.23327528820170643,0.0,1.0,1,1,1
979,491,0,191,21,453,0,0.567129327772455,0.28386819942326097,0.1099853135775586,0.850390456121649,83.0,0,0,0
980,491,0,42,21,179,0,0.6143339980301561,0.46201763155970493,0.23096337598368252,0.7666503645006073,16.0,0,0,0
981,491,0,180,21,453,0,0.6270783144163512,0.38664065642428247,0.21456651289304424,0.8675159724084199,79.0,0,0,0
982,491,18,164,312,9,0,0.5,0.23554501294827,0.021905364770549048,0.76445498705173,41.0,1,1,1
983,491,18,210,312,9,0,0.6246596480832984,0.5766579823603571,0.3464613275215066,0.6726613138062398,55.0,0,0,0
984,491,18,283,312,9,0,0.6914536438237642,0.5235582024099715,0.30845349800716965,0.8593490852375569,71.0,0,0,0
985,491,13,229,429,57,0,0.5,0.503778742520249,0.028782185271266716,0.496221257479751,7.0,1,1,1
986,491,14,279,20,267,0,0.6428806505926141,0.46124628567817005,0.257655300361776,0.8245150155070582,20.0,0,0,0
987,491,16,135,445,21,0,0.6170435278830547,0.5822119791518108,0.2167196000166762,0.6518750766142987,9.0,0,0,0
988,491,1,2,141,159,1,0.5,1.0,0.009901778952998064,0.0,1.0,1,1,1
989,491,1,51,57,62,0,0.5,0.5381110151783041,0.28609892997006225,0.46188898482169594,7.0,0,1,0
990,491,1,95,453,445,0,0.5,0.3068598486630534,0.031152388546109994,0.6931401513369466,9.0,1,1,1
991,491,12,242,21,429,0,0.5906374357236502,0.38950501808111376,0.140905688034238,0.7917698533661868,12.0,0,0,1
992,491,15,302,453,325,0,0.6083844151643126,0.5033019848354358,0.24586806178566367,0.7134668454931895,18.0,0,0,0
993,491,15,19,228,325,0,0.5,0.36710313061368416,0.1966101458953785,0.6328968693863158,3.0,1,1,1
994,491,4,350,452,20,1,0.5,0.5464138003983631,0.34489321979848697,0.45358619960163693,8.0,0,1,0
995,491,9,266,207,224,0,0.5,1.0,0.11826912311833315,0.0,1.0,1,1,1
996,92,18,94,423,87,0,0.5,0.44794580103402226,0.2611657418253899,0.5520541989659777,9.0,0,1,0
997,92,13,74,294,85,1,0.5,0.1787578245511704,0.04857052530968621,0.8212421754488296,50.0,0,1,0
998,92,13,205,294,85,0,0.5,0.1462802066705272,0.050168078733468416,0.8537197933294728,127.0,0,1,0
999,92,12,127,85,294,1,0.590578930558677,0.5895282118624482,0.3997907875265631,0.5916296492549058,31.0,0,0,0
1000,92,12,62,85,423,1,0.6149654107623449,0.48532284789035135,0.26595554179410835,0.7446079736343385,19.0,0,0,0
1001,92,16,281,85,294,0,0.5816775617939136,0.3593586055654012,0.2142984104007328,0.803996518022426,131.0,0,0,0
1002,92,1,272,85,11,0,0.5,0.31091994655832644,0.06551611434894423,0.6890800534416736,55.0,0,1,0
1003,92,1,262,85,11,0,0.5,0.22088940246669167,0.0037134272065452965,0.7791105975333084,52.0,1,1,1
1004,92,0,276,294,179,0,0.6067591031044149,0.45092542413786085,0.2845301776987692,0.762592782070969,51.0,0,0,0
1005,92,9,323,85,5,1,0.6007500766648385,0.42745918645180553,0.22204284643928957,0.7740409668778715,19.0,0,0,0
1006,92,6,281,294,85,0,0.5,0.27911838225692365,0.001074672696582533,0.7208816177430764,25.0,1,1,1
1007,92,14,353,85,294,0,0.5,0.2547750706541246,0.032013829007901486,0.7452249293458755,41.0,1,1,1
1008,368,0,210,279,181,0,0.5814082172118706,0.3522932515784916,0.11050710397043755,0.8105231828452497,27.0,0,0,0
1009,368,0,49,334,174,0,0.5,0.4856280892506449,0.05420892508411492,0.5143719107493552,8.0,1,1,1
1010,368,0,358,112,181,0,0.5,0.3311788257872592,0.11370895545245925,0.6688211742127408,43.0,0,1,0
1011,368,1,218,112,124,0,0.5,0.2830689266387352,0.12685549725257628,0.7169310733612648,22.0,0,1,0
1012,368,1,100,445,84,0,0.5,0.42606388013097346,0.1879473343124488,0.5739361198690265,12.0,0,1,0
1013,368,1,216,112,124,0,0.5,0.3373766360304087,0.15496461787448593,0.6626233639695913,21.0,0,1,0
1014,368,16,197,495,361,0,0.5,0.4428012213687967,0.15179739378153898,0.5571987786312034,11.0,0,1,0
1015,368,16,99,84,439,0,0.5,0.5197938552019579,0.013419457066121214,0.48020614479804213,6.0,1,1,1
1016,368,16,158,224,361,0,0.5,0.439826543965822,0.012157703799160192,0.560173456034178,8.0,1,1,1
1017,368,19,218,361,112,0,0.7082558165038112,0.5943840853187692,0.3889240756423233,0.8221275476888532,39.0,0,0,0
1018,368,3,153,25,479,0,0.5,0.379628945564819,0.027874555935614893,0.620371054435181,3.0,1,1,1
1019,368,12,168,445,14,0,0.5,0.4723947681630829,0.023072138316737736,0.5276052318369171,12.0,1,1,1
1020,368,13,244,445,176,0,0.5,0.3570056971095982,0.0886588447398958,0.6429943028904018,8.0,1,1,1
1021,368,15,361,1,445,0,0.6257289984830564,0.48838861212630486,0.265510912554807,0.763069384839808,45.0,0,0,0
1022,368,15,135,469,84,0,0.5,0.41595390106992514,0.04299156818129662,0.5840460989300749,10.0,1,1,1
1023,368,14,342,14,68,1,0.6027443864384185,0.5737823073992803,0.2861735702754168,0.6317064654775568,11.0,0,0,0
1024,368,17,353,379,474,1,0.6905579059264088,0.8354112200135193,0.5371448919474658,0.5457045918392982,11.0,0,0,0
1025,368,2,206,108,257,0,0.5,1.0,0.10871150370055536,0.0,2.0,1,1,1
1026,368,6,329,457,323,0,0.5,1.0,0.03635360211391835,0.0,3.0,1,1,1
1027,5,16,179,160,262,1,0.6300628474769545,0.5599069639662075,0.21719769895577698,0.7002187309877015,23.0,0,0,0
1028,5,12,182,335,10,0,0.7552723804700445,0.7390475027969186,0.5265951434352972,0.7714972581431706,40.0,0,0,0
1029,5,12,273,335,3,1,0.7232156145459591,0.623156183906829,0.4399678804251026,0.8232750451850891,67.0,0,0,0
1030,5,1,4,160,85,1,0.5,1.0,0.18913230529179612,0.0,3.0,1,1,1
1031,5,0,327,160,10,0,0.5,0.23381021101885296,0.009940353532879198,0.7661897889811471,47.0,1,1,1
1032,5,0,264,10,335,0,0.5,0.21521710440397296,0.03198744013880712,0.784782895596027,62.0,0,1,1
1033,5,0,54,335,479,0,0.5,0.37021468932244644,0.07816511924746562,0.6297853106775535,10.0,1,1,1
1034,5,3,304,39,409,0,0.5,0.7180709568561535,0.03191665830876736,0.2819290431438465,4.0,1,1,1
1035,5,14,121,456,455,0,0.7113620721330518,0.6197918993050183,0.42738548850710556,0.8029322449610854,46.0,0,0,0
1036,5,14,222,456,335,0,0.5724698834649423,0.38957479142258583,0.22354301958019548,0.7553649755072989,70.0,0,0,0
1037,5,17,301,200,445,0,0.5,0.623589716183585,0.3161368845527481,0.37641028381641495,10.0,0,1,0
1038,5,15,36,390,92,0,0.5,0.719241339627111,0.20860952402402166,0.280758660372889,4.0,0,1,0
1039,5,19,290,160,39,0,0.5,0.6156586093064497,0.13914310373865704,0.38434139069355033,7.0,1,1,1
1040,77,14,132,215,112,0,0.5,0.28835589043173254,0.07071274276145618,0.7116441095682675,16.0,0,1,1
1041,77,0,344,489,1,1,0.5860152434403563,0.35345113660488003,0.14516080736625656,0.8185793502758326,131.0,0,0,0
1042,77,0,148,489,1,0,0.5,0.1540465128684074,0.031225408650453614,0.8459534871315926,52.0,1,1,1
1043,77,0,71,489,1,0,0.6058799198585979,0.43977247632532307,0.14659935239857294,0.7719873633918728,29.0,0,0,0
1044,77,4,255,489,455,0,0.5,0.2815550078982519,0.09801780660734132,0.7184449921017482,7.0,1,1,1
1045,77,1,318,489,1,0,0.5,0.21807833031538623,0.025048873137790077,0.7819216696846137,35.0,1,1,1
1046,77,1,187,455,1,0,0.5748081318982673,0.3765700226531519,0.16099055269889975,0.7730462411433827,27.0,0,0,0
1047,77,9,170,321,5,0,0.5,0.5664559208252291,0.2077895822011088,0.4335440791747709,3.0,1,1,1
1048,77,8,29,22,455,0,0.0,0.0,0.0,0.0,1.0,1,1,1
1049,77,17,175,455,446,1,0.6034618026417803,0.48087698342785173,0.23631171729992984,0.7260466218557088,14.0,0,0,0
1050,219,0,347,124,327,0,0.5,0.4833370955993835,0.08606543858035444,0.5166629044006166,15.0,0,1,0
1051,219,0,328,327,185,0,0.6560189965482501,0.734865658646518,0.2763277312371678,0.5771723344499824,20.0,0,0,0
1052,219,5,310,51,120,0,0.5,0.9947700733074631,0.3713417353476638,0.005229926692536857,2.0,1,1,1
1053,219,13,184,217,90,0,0.6322350335318191,0.533939450218857,0.23415540117320494,0.7305306168447812,27.0,0,0,0
1054,219,1,250,223,137,1,0.7720255613404341,0.7197468804498669,0.5103201415282348,0.8243042422310014,40.0,0,0,0
1055,219,2,162,223,217,0,0.6619494637565713,0.5402734443356717,0.3573463870878483,0.7836254831774709,23.0,0,0,0
1056,219,15,71,29,68,0,0.5,0.3025861277653757,0.07588290512145622,0.6974138722346244,7.0,1,1,1
1057,90,1,180,168,312,0,0.5695630888922498,0.39114592086051675,0.23697474852456385,0.7479802569239828,29.0,0,0,0
1058,90,1,351,168,82,0,0.5,0.3631994837423749,0.19971342103756481,0.6368005162576251,50.0,0,1,0
1059,90,1,242,80,384,0,0.5,0.27695067342995194,0.07715376620604751,0.7230493265700481,12.0,0,1,1
1060,90,16,222,224,268,0,0.5815656513613907,0.3826897544817405,0.17585318025698754,0.7804415482410411,17.0,0,0,0
1061,90,16,358,60,224,0,0.5,0.6225722267033129,0.028394896943451764,0.3774277732966871,5.0,1,1,1
1062,90,14,102,2,84,0,0.5,0.585774542113167,0.060936891901490056,0.41422545788683296,3.0,1,1,1
1063,90,0,334,140,224,0,0.5,0.39513492101968406,0.05380781208056936,0.6048650789803159,13.0,0,1,1
1064,90,0,48,224,60,0,0.5,0.22512687653546462,0.10543564410392169,0.7748731234645354,12.0,0,1,0
1065,90,0,232,470,60,0,0.5,0.22599739696578708,0.004354525766716752,0.7740026030342129,27.0,1,1,1
1066,90,15,291,114,60,0,0.5,0.7870565780657276,0.07209905829329288,0.2129434219342724,3.0,1,1,1
1067,90,13,315,157,76,0,0.7977127496535392,0.7298163765348066,0.5711609812146667,0.8656091227722719,164.0,0,0,0
1068,90,13,118,120,159,0,0.5,0.4264664173458946,0.07330278883611094,0.5735335826541055,24.0,0,1,0
1069,90,13,91,159,84,0,0.5,0.4064978003681232,0.08662027328365325,0.5935021996318768,27.0,0,1,0
1070,90,13,94,159,84,0,0.5,0.37779310149936746,0.1228304245746177,0.6222068985006326,28.0,0,1,0
1071,90,13,59,84,159,0,0.5738207070094804,0.300612988988414,0.11666763217792585,0.8470284250305469,21.0,0,0,0
1072,90,5,138,157,470,0,0.5,0.4100219599469638,0.01770028487125147,0.5899780400530362,10.0,1,1,1
1073,90,19,19,218,442,0,0.5,1.0,0.004877479892600735,0.0,2.0,1,1,1
1074,90,3,349,157,498,0,0.5,0.8068769505762151,0.2536226201876577,0.1931230494237849,8.0,1,1,1
1075,90,17,332,224,457,1,0.681550769641716,0.5815370240051344,0.3581602012454798,0.7815645152782977,75.0,0,0,0
1076,90,17,357,224,457,0,0.5759406787711165,0.3137010167864268,0.17581816276113363,0.8381803407558062,79.0,0,0,0
1077,90,17,342,224,457,0,0.6342186327155553,0.46964859741683596,0.2491422646624506,0.7987886680142747,76.0,0,0,0
1078,90,2,289,257,483,0,0.6899666313684929,0.7752170766937303,0.30547232474324565,0.6047161860432554,5.0,0,0,0
1079,101,0,249,467,2,0,0.5,0.16225000388729055,0.002032214789956809,0.8377499961127095,33.0,1,1,1
1080,101,0,212,467,2,0,0.5,0.22954283473894285,0.009527633569759202,0.7704571652610571,25.0,1,1,1
1081,101,0,284,2,14,0,0.5,0.27972447234579617,0.05735269632757,0.7202755276542039,48.0,0,1,0
1082,101,0,360,166,124,0,0.5,0.23054205736760414,0.04377198945113456,0.7694579426323959,57.0,0,1,1
1083,101,0,53,79,9,0,0.5,0.35306641553282997,0.07275109069099475,0.64693358446717,12.0,0,1,0
1084,101,1,252,79,13,1,0.5665922921110702,0.31337451964029334,0.18555060601781212,0.8198100645818471,85.0,0,0,0
1085,101,1,301,79,14,0,0.6300057965746604,0.40469752269762915,0.18114885187563173,0.8553140704516915,108.0,0,0,0
1086,101,1,240,79,13,0,0.5826794317246128,0.34792985057653525,0.18100056647235177,0.8174290128726903,79.0,0,0,0
1087,101,1,239,79,13,0,0.5826794317246127,0.34792985057653525,0.18100056647235194,0.8174290128726902,79.0,0,0,0
1088,101,1,220,79,13,0,0.5,0.15512218731732022,0.011626018728443212,0.8448778126826798,68.0,1,1,1
1089,101,12,115,166,467,0,0.5,0.26362676794874645,0.04054109565864712,0.7363732320512535,18.0,1,1,1
1090,101,12,20,67,57,0,0.5,1.0,0.018430694157040167,0.0,3.0,1,1,1
1091,101,12,248,323,467,0,0.5,0.2594354084277586,0.05335658042469968,0.7405645915722414,24.0,1,1,1
1092,101,16,105,493,368,0,0.5,0.4774081033602692,0.2903257909957344,0.5225918966397308,11.0,0,1,0
1093,101,16,88,493,72,0,0.5,0.5639292398508051,0.33695191356040577,0.4360707601491949,10.0,0,1,0
1094,101,14,238,79,2,0,0.5,0.2023670190879556,0.07699323321244275,0.7976329809120444,16.0,1,1,1
1095,101,4,149,467,72,0,0.6037746888892721,0.5069540559488414,0.27630419442111476,0.700595321829703,9.0,0,0,0
1096,101,4,319,2,392,0,0.5,0.3859877203668725,0.030540998105891892,0.6140122796331275,13.0,1,1,1
1097,101,15,42,323,467,0,0.5,0.6417220627620782,0.06122003200448615,0.3582779372379218,5.0,1,1,1
1098,101,15,119,223,323,0,0.6454702540427881,0.5833381136179926,0.2719853296909498,0.7076023944675837,13.0,0,0,0
1099,101,15,23,204,114,0,0.5,0.631104194562828,0.07019037709163642,0.36889580543717204,5.0,1,1,1
1100,101,13,351,159,79,0,0.6656795987856066,0.6761063946500562,0.24466385686260955,0.6552528029211568,11.0,0,0,0
1101,101,18,221,301,94,0,0.5,0.8560507255920039,0.1703747044558592,0.1439492744079961,5.0,0,1,0
1102,101,3,23,169,470,0,0.5,1.0,0.016369014514991963,0.0,3.0,1,1,1
1103,101,2,110,121,123,0,0.5,0.7576566025522861,0.13256472130995234,0.24234339744771394,4.0,1,1,1
1104,101,19,43,57,79,0,0.5,0.8283593404759263,0.16691513947619646,0.1716406595240737,4.0,0,1,1
1105,101,17,148,303,224,0,0.5,0.5247350488174024,0.003288821051038796,0.4752649511825976,2.0,1,1,1
1106,286,0,163,126,128,0,0.5650693490275883,0.34160146320626744,0.1658539043506134,0.7885372348489093,22.0,0,0,0
1107,286,0,167,126,113,0,0.5650693490275883,0.34160146320626744,0.1472871064125857,0.7885372348489093,22.0,0,0,0
1108,286,17,20,463,259,0,0.5,0.6754526642287133,0.11498926056811185,0.3245473357712867,3.0,1,1,1
1109,286,1,114,162,259,0,0.5,0.31256943348384886,0.033807447191167,0.6874305665161511,5.0,1,1,1
1110,286,14,310,113,126,0,0.5,0.5149481536874254,0.05826987461985754,0.4850518463125746,5.0,1,1,1
1111,286,2,7,279,51,1,0.5,1.0,0.04947009763477877,0.0,1.0,1,1,1
1112,286,8,302,244,113,0,0.5,0.9735157900194044,0.1701821676911,0.02648420998059564,2.0,1,1,1
1113,489,15,185,458,201,0,0.5855144079234685,0.415307018083457,0.14975450829706588,0.75572179776348,25.0,0,0,0
1114,489,15,160,201,458,0,0.5,0.4858964581439453,0.08975504203407918,0.5141035418560547,19.0,0,1,0
1115,489,4,86,146,77,0,0.5,0.4401307001080464,0.06861648110388828,0.5598692998919537,6.0,1,1,1
1116,489,13,94,157,374,0,0.7600320877046753,0.6994036542464791,0.47654481439709556,0.8206605211628715,32.0,0,0,0
1117,489,13,25,157,210,0,0.6452329372248877,0.6063101772330842,0.39547053972943685,0.6841556972166912,13.0,0,0,0
1118,489,6,239,142,446,0,0.5,0.49367698281530803,0.27087912763239447,0.506323017184692,20.0,0,1,0
1119,489,1,55,157,413,0,0.7200201740859429,0.6576344217370896,0.42561591526864,0.7824059264347961,29.0,0,0,0
1120,489,1,113,157,77,1,0.5,0.18122553560770333,0.036756983856912555,0.8187744643922967,37.0,1,1,1
1121,489,1,260,355,157,0,0.5,0.25715388255313487,0.03148918697415084,0.7428461174468651,29.0,1,1,1
1122,489,0,97,77,446,0,0.6904645317349272,0.5285802737363545,0.2705475005557996,0.8523487897334998,37.0,0,0,0
1123,489,0,169,77,458,0,0.5,0.2231311429529001,0.04777582014582742,0.7768688570470998,64.0,0,1,0
1124,489,0,122,77,465,0,0.5592775086637688,0.2512250516972732,0.12247053682569467,0.8673299656302643,40.0,0,0,0
1125,489,0,76,77,142,1,0.5955866797252642,0.41181302060513225,0.2548306887296778,0.7793603388453962,28.0,0,0,0
1126,489,0,135,77,446,0,0.5636809678119811,0.3264709889211849,0.19229310814989672,0.8008909467027773,45.0,0,0,0
1127,489,12,56,178,466,0,0.5,0.36258932063859495,0.10441641734383347,0.637410679361405,9.0,0,1,0
1128,489,12,126,178,465,0,0.5,0.25024472835839356,0.028914311124085715,0.7497552716416065,19.0,1,1,1
1129,489,12,306,446,458,0,0.5,0.23320464487824222,0.07443338389719034,0.7667953551217578,41.0,0,1,0
1130,489,17,317,146,357,0,0.5,0.8999212702821975,0.040749016098871216,0.10007872971780252,7.0,1,1,1
1131,489,16,101,73,157,0,0.5,0.33154729578332665,0.06661037666586858,0.6684527042166734,17.0,0,1,0
1132,489,16,169,157,77,0,0.6261708863251505,0.4339918071348953,0.22645144634160508,0.8183499655154057,35.0,0,0,0
1133,489,9,173,446,73,0,0.5,0.32172920160267476,0.10425321613176824,0.6782707983973253,13.0,0,1,0
1134,489,3,230,456,3,0,0.5,0.39041251381757125,0.024891344548190208,0.6095874861824288,8.0,1,1,1
1135,489,14,344,77,146,0,0.5,0.29049735170766927,0.07681522109763343,0.7095026482923308,60.0,0,1,0
1136,489,14,171,458,77,0,0.5,0.23523935810443067,0.0674635826056173,0.7647606418955694,17.0,0,1,0
1137,489,14,271,142,77,0,0.5,0.46286787763619935,0.15690898485003021,0.5371321223638006,28.0,0,1,0
1138,489,18,182,195,157,0,0.5,0.44524526542714077,0.04023562639459435,0.5547547345728592,12.0,1,1,1
1139,489,19,35,119,479,1,0.5,0.49191502124846387,0.25940732029398567,0.5080849787515361,6.0,0,1,0
1140,489,8,119,3,448,0,0.5,1.0,0.23327528820181517,0.0,1.0,1,1,1
1141,193,0,327,160,385,0,0.5,0.2465184768698715,0.024174803850914618,0.7534815231301285,37.0,1,1,1
1142,193,0,77,149,212,0,0.5,0.5683222914628814,0.07009885923082776,0.4316777085371186,7.0,1,1,1
1143,193,17,284,294,17,0,0.7230618695330122,0.929025469371385,0.37726730327635044,0.5170982696946393,7.0,0,0,0
1144,193,15,252,301,201,0,0.5,0.5766987922501129,0.0175650412204662,0.4233012077498871,4.0,1,1,1
1145,193,5,31,479,32,0,0.5,1.0,0.009901778953000522,0.0,2.0,1,1,1
1146,193,14,84,470,113,1,0.5,0.37247346778445467,0.11688015468914945,0.6275265322155453,4.0,1,1,1
1147,117,1,296,26,494,0,0.6439442105221462,0.547723411955691,0.2853391030537897,0.7401650090886016,34.0,0,0,0
1148,117,0,200,19,26,0,0.5,0.18435208278772044,0.009439043036395593,0.8156479172122796,77.0,1,1,1
1149,117,0,8,22,253,0,0.5,0.7258674056875708,0.12633954997414645,0.2741325943124292,4.0,1,1,1
1150,117,0,270,26,22,0,0.6260169801648159,0.39450244065228,0.18042071478701482,0.8575315196773519,123.0,0,0,0
1151,117,0,226,22,26,0,0.5,0.1792804291473486,0.05297798929550881,0.8207195708526513,59.0,0,1,0
1152,117,17,189,494,204,0,0.5,0.4253259618316878,0.2441776666336823,0.5746740381683122,13.0,0,1,0
1153,117,14,56,19,26,0,0.5,0.6385100467405425,0.024378821216938795,0.36148995325945754,6.0,1,1,1
1154,117,15,37,290,26,0,0.5,1.0,0.1559825494076215,0.0,4.0,0,1,1
1155,117,3,334,232,457,0,0.5,0.4971250209609162,0.23655505456151696,0.5028749790390838,4.0,0,1,0
1156,117,4,313,468,494,0,0.5,0.4464683266657798,0.14273440073467192,0.5535316733342202,6.0,0,1,1
1157,117,18,263,19,446,0,0.5,0.6933039127123423,0.11528832456768656,0.30669608728765774,8.0,1,1,1
1158,188,8,338,20,490,0,0.5,1.0,0.04947009763477877,0.0,1.0,1,1,1
1159,188,13,132,90,283,1,0.5,0.5156982624888459,0.3138071642973705,0.48430173751115413,11.0,0,1,0
1160,188,0,126,493,63,0,0.5,0.5414077056444814,0.3174800445887497,0.4585922943555186,12.0,0,1,0
1161,188,0,59,63,168,0,0.6178588002046798,0.55687836391529,0.2838938137315412,0.6788392364940695,13.0,0,0,0
1162,188,1,67,63,101,0,0.6048245284724576,0.6930382086391654,0.35736058603683085,0.5166108483057497,12.0,0,0,0
1163,188,12,247,411,25,0,0.5,1.0,0.05934280798972712,0.0,2.0,1,1,1
1164,188,15,343,1,158,0,0.5,0.7189652309618877,0.27488501761399375,0.2810347690381123,5.0,0,1,0
1165,7,0,286,105,113,0,0.5853658929876236,0.4088918632941151,0.23708809435247674,0.7618399226811322,70.0,0,0,0
1166,7,0,163,105,212,0,0.5,0.23660510274470842,0.05367055857969459,0.7633948972552915,33.0,0,1,0
1167,7,17,316,96,105,0,0.6430595040692735,0.5443697619606073,0.261739604853571,0.7417492461779396,52.0,0,0,0
1168,7,13,184,105,290,1,0.5,0.32322262319244943,0.07834348917679397,0.6767773768075506,34.0,0,1,0
1169,7,16,191,96,290,0,0.7180123055978662,0.7255801655785011,0.5547452998860075,0.7104444456172314,22.0,0,0,0
1170,7,19,337,105,290,0,0.6682793333819843,0.6795816393402961,0.3693024369261288,0.6569770274236726,18.0,0,0,0
1171,7,1,209,293,82,0,0.5,0.30439408737839235,0.0066261887540385285,0.6956059126216076,30.0,1,1,1
1172,7,7,289,290,158,0,0.5,0.8609610772719883,0.12372629871309135,0.13903892272801166,4.0,1,1,1
1173,336,0,268,34,475,0,0.6884304593944862,0.5987227436984464,0.42535930685309165,0.7781381750905261,47.0,0,0,0
1174,336,17,26,90,434,0,0.5,0.529671403994872,0.14344179632651258,0.470328596005128,2.0,1,1,1
1175,336,12,124,68,282,0,0.5,0.6754096765139171,0.16479884513710902,0.32459032348608285,4.0,1,1,1
1176,336,16,291,178,308,0,0.5,0.216913057841489,0.056635924308993724,0.7830869421585109,13.0,1,1,1
1177,336,1,309,34,308,0,0.7488972198939539,0.6582493532634769,0.48728989416733365,0.8395450865244309,41.0,0,0,0
1178,495,0,365,475,231,0,0.5,0.2331885783409517,0.07394595337755268,0.7668114216590483,59.0,1,1,1
1179,495,0,303,475,35,0,0.65414545055764,0.43291120096727514,0.2468846684108653,0.8753797001480047,52.0,0,0,0
1180,495,0,106,475,121,0,0.6057734441895047,0.4240053915230609,0.12474221751070469,0.7875414968559485,17.0,0,0,0
1181,495,15,363,232,475,0,0.5,0.4363373618385438,0.17591265259388844,0.5636626381614562,21.0,0,1,0
1182,495,15,252,475,232,0,0.5,0.44947424858369517,0.07090099851093469,0.5505257514163049,21.0,1,1,1
1183,495,3,231,38,225,0,0.5,0.5346019613807635,0.029739496697776997,0.46539803861923645,2.0,1,1,1
1184,495,14,106,58,475,0,0.5,0.5566590925614253,0.10316156916374254,0.4433409074385747,5.0,1,1,1
1185,495,1,138,141,223,0,0.6934470969158788,0.6308466022430333,0.356836923475943,0.7560475915887243,26.0,0,0,0
1186,495,1,76,57,141,0,0.5,0.1989509473491421,0.09047473263824742,0.8010490526508579,8.0,1,1,1
1187,495,16,98,368,334,1,0.5,0.3931625648173242,0.02226893731891949,0.6068374351826757,3.0,1,1,1
1188,495,12,290,268,475,0,0.8149799690566855,0.7600693238320614,0.565543506124768,0.8698906142813095,114.0,0,0,0
1189,495,12,153,268,239,0,0.8178236187312707,0.7870945447310347,0.6344687688177907,0.8485526927315068,63.0,0,0,0
1190,495,18,30,232,454,0,0.5,0.6883387653715404,0.020376629486956312,0.3116612346284596,3.0,1,1,1
1191,495,2,194,35,239,0,0.5,0.5185940501673052,0.07966766723273566,0.4814059498326948,3.0,1,1,1
1192,495,6,91,79,71,1,0.5,1.0,0.11826912311833448,0.0,1.0,1,1,1
1193,176,0,274,464,335,0,0.6495436268531071,0.4160491230423365,0.2528386251484871,0.8830381306638776,105.0,0,0,0
1194,176,0,225,464,335,0,0.7066806921016056,0.5660039028791825,0.34435253213977124,0.8473574813240288,71.0,0,0,0
1195,176,0,174,464,335,0,0.6029521186877178,0.43309479975552245,0.24632747258978613,0.7728094376199133,35.0,0,0,0
1197,176,12,314,335,291,0,0.5,0.4084495252873404,0.05145978040500015,0.5915504747126596,11.0,1,1,1
1198,154,15,298,130,478,0,0.6814922592624301,0.7699497133363411,0.2984480585792358,0.593034805188519,25.0,0,0,0
1199,154,18,266,78,28,0,0.8921425090324144,0.9271780411995683,0.8628627161333589,0.8571069768652607,86.0,0,0,0
1200,154,17,195,453,463,1,0.5,1.0,0.15793775006411245,0.0,4.0,0,1,0
1201,154,1,64,130,469,0,0.5,0.7628735786616774,0.03977707899015138,0.23712642133832262,7.0,1,1,1
1202,154,0,251,439,469,0,0.8200328319663907,0.7687477688600146,0.611892654341751,0.8713178950727667,85.0,0,0,0
1203,154,0,336,439,469,0,0.6146440563738717,0.401399528951658,0.23553002733139805,0.8278885837960853,139.0,0,0,0
1204,154,19,294,130,29,1,0.804612158440372,0.7586967578360814,0.5840127514660648,0.8505275590446628,110.0,0,0,0
1205,154,13,229,217,407,0,0.5,0.6365147625301368,0.023547728213015297,0.36348523746986316,4.0,1,1,1
1206,154,4,217,41,168,0,0.5,1.0,0.02969757256547134,0.0,1.0,1,1,1
1207,39,13,118,249,120,0,0.5,0.5133422833590057,0.2080389577319725,0.48665771664099433,11.0,0,1,0
1208,39,6,214,8,61,0,0.5,0.788419625267909,0.27525457703340683,0.21158037473209101,9.0,0,1,1
1209,39,0,363,313,458,0,0.5,0.30316059116981864,0.035741316139540104,0.6968394088301814,55.0,1,1,1
1210,39,0,268,65,493,0,0.5,0.2474088256099505,0.06029487321228652,0.7525911743900495,30.0,1,1,1
1211,39,0,196,65,313,0,0.5,0.30110083171134333,0.046852335648333784,0.6988991682886567,23.0,1,1,1
1212,39,4,89,287,135,0,0.5,1.0,0.028255333603763144,0.0,2.0,1,1,1
1213,39,14,309,313,337,0,0.5,0.42074241242471505,0.010587536173935099,0.579257587575285,15.0,1,1,1
1214,39,1,316,313,98,0,0.6000188368612527,0.4862532535146314,0.19602890849832671,0.713784420207874,17.0,0,0,0
1215,39,12,273,304,459,1,0.895318930762265,0.9358508444604738,0.8484691441316196,0.8547870170640561,102.0,0,0,0
1216,39,5,354,412,233,1,0.5,0.6872042298477893,0.4847761589592202,0.3127957701522107,5.0,0,1,0
1217,39,2,156,163,98,0,0.5,0.7071193333539697,0.3491575698659597,0.2928806666460303,4.0,0,1,0
1218,39,16,264,259,357,0,0.5,1.0,0.09469219914519511,0.0,3.0,1,1,1
1219,8,2,131,238,90,0,0.5,0.7919686261171426,0.11609096880984786,0.20803137388285742,3.0,1,1,1
1220,8,18,23,401,2,0,0.5,1.0,0.04751629323942727,0.0,2.0,1,1,1
1221,8,17,119,33,451,0,0.5,0.4748626754690284,0.034503960987090514,0.5251373245309716,4.0,1,1,1
1222,8,1,196,101,168,0,0.5864760930130483,0.36951996940841864,0.15225143789719012,0.8034322166176778,21.0,0,0,0
1223,8,1,328,58,12,0,0.5,0.4333350963048914,0.027938626775624184,0.5666649036951086,29.0,1,1,1
1224,8,0,140,450,2,0,0.5,0.31399773876548215,0.021920345308370736,0.6860022612345178,10.0,1,1,1
1225,8,0,19,447,279,0,0.5,0.6555861405913614,0.006086456565188285,0.34441385940863856,3.0,1,1,1
1226,8,0,170,268,2,0,0.5,0.34409949522522754,0.07199440621902357,0.6559005047747725,17.0,0,1,0
1227,8,15,48,335,323,0,0.5,1.0,0.07844352643827723,0.0,3.0,1,1,1
1228,8,14,301,137,79,0,0.6504365949552757,0.6151507277864241,0.2561041895994542,0.6857224621241272,22.0,0,0,0
1229,8,12,68,137,249,0,0.5,0.5013429581020921,0.0874516508890974,0.49865704189790794,6.0,1,1,1
1230,8,12,343,268,2,0,0.6298383434689697,0.5440452447850606,0.29075070752311294,0.7156314421528789,13.0,0,0,0
1231,8,13,76,60,51,0,0.5,0.8485356659225232,0.004107711720286971,0.15146433407747684,3.0,1,1,1
1232,8,16,231,245,90,0,0.5,0.5192843488576975,0.1289402577131294,0.4807156511423025,11.0,0,1,1
1233,8,7,142,467,132,0,0.5,1.0,0.02477469830436277,0.0,2.0,1,1,1
1234,215,0,78,77,160,0,0.6315276352567311,0.6210360714704628,0.2502002380416423,0.6420191990429993,20.0,0,0,0
1235,215,0,288,455,160,0,0.5,0.48222327870722614,0.0390274935906077,0.5177767212927739,21.0,1,1,1
1236,215,1,174,293,312,0,0.5,0.5098081105795249,0.13093258757907492,0.4901918894204751,10.0,0,1,0
1237,215,13,200,157,390,0,0.5,0.2926240695838126,0.10455541887020643,0.7073759304161874,35.0,0,1,0
1238,215,19,62,465,160,0,0.5,0.2606849084944234,0.08765893982481307,0.7393150915055766,8.0,1,1,1
1239,215,2,39,4,238,0,0.5,1.0,0.029697572565471987,0.0,1.0,1,1,1
1240,215,15,184,157,390,1,0.5,0.5173095032772499,0.1219367344309861,0.4826904967227501,3.0,1,1,1
1241,362,0,118,35,369,0,0.5,1.0,0.031041575587243204,0.0,3.0,1,1,1
1242,362,7,315,146,488,1,0.5,1.0,0.338269571328547,0.0,2.0,1,1,1
1243,362,14,285,488,176,0,0.5,0.9982850614037684,0.06104604923661015,0.0017149385962316188,4.0,1,1,1
1244,284,1,294,423,370,0,0.6944511513128475,0.6088170924508753,0.4325088817814663,0.7800852101748197,36.0,0,0,0
1245,284,13,20,423,157,0,0.5,0.43676833120892394,0.025078152273672726,0.5632316687910761,8.0,1,1,1
1246,284,13,85,423,157,1,0.5,0.24755811304255246,0.06956380075256077,0.7524418869574475,23.0,0,1,0
1247,284,0,0,5,212,0,0.0,0.0,0.0,0.0,1.0,1,1,1
1248,284,5,350,423,157,1,0.7655415715802527,0.6676954047215281,0.49089425272553666,0.8633877384389774,84.0,0,0,0
1249,284,15,251,5,489,0,0.5,0.942799813050079,0.06970613115366454,0.05720018694992102,8.0,1,1,1
1250,284,16,262,109,489,1,0.5,0.43027425424755605,0.15612329956784596,0.569725745752444,9.0,0,1,0
1251,284,8,345,85,32,0,0.5,0.5778848988461497,0.1444455869211183,0.4221151011538503,5.0,1,1,1
1252,402,0,200,175,499,1,0.7072530287470369,0.6040280220797842,0.348422103112167,0.8104780354142895,54.0,0,0,0
1253,402,1,249,175,11,0,0.7651084700239574,0.6728838674830623,0.48660498537409796,0.8573330725648527,71.0,0,0,0
1254,402,12,363,175,492,1,0.67323677491581,0.7125538519561304,0.5329763529189496,0.6339196978754896,49.0,0,0,0
1255,402,15,357,175,423,1,0.7566540116634417,0.6923823887045575,0.4712502988800122,0.8209256346223258,59.0,0,0,0
1256,402,16,81,175,80,0,0.6563280679791769,0.8271401766376677,0.6515503723035811,0.48551595932068603,12.0,0,0,0
1257,402,3,169,175,496,0,0.5,0.4606245682668893,0.2987676205086441,0.5393754317331108,15.0,0,1,0
1258,220,0,226,456,464,0,0.5,0.20264564353844072,0.08639500219697639,0.7973543564615593,45.0,0,1,0
1259,220,0,339,257,24,0,0.5,0.2097752766216466,0.07088467588405836,0.7902247233783534,55.0,0,1,0
1260,220,0,29,59,464,0,0.5,0.5898438600730465,0.13087339074365908,0.41015613992695354,9.0,0,1,0
1261,220,1,4,24,112,0,0.5,1.0,0.00990177895299781,0.0,1.0,1,1,1
1262,220,14,226,497,257,0,0.5,0.6597919986657568,0.08771796865650666,0.3402080013342432,20.0,0,1,0
1263,220,6,340,497,425,1,0.5053576480190183,1.0,0.9939845086750476,0.010715296038036448,3.0,0,0,0
1264,1,1,263,489,150,0,0.5,0.1889408984108152,0.019265428280129445,0.8110591015891848,55.0,1,1,1
1265,1,1,314,150,77,0,0.5,0.14938979997468835,0.059642083477991714,0.8506102000253116,99.0,0,1,0
1266,1,1,187,150,142,0,0.5,0.14511133590176442,0.011895987749945151,0.8548886640982356,71.0,1,1,1
1267,1,15,189,489,355,0,0.5,0.2974472138792423,0.03612203167744825,0.7025527861207577,22.0,1,1,1
1268,1,15,345,146,409,0,0.5929920205761933,0.4754807238699014,0.17018928995811525,0.7105033172824851,39.0,0,0,0
1269,1,15,322,146,332,0,0.5,0.434902972569026,0.2633283201364278,0.565097027430974,35.0,0,1,0
1270,1,15,190,489,355,0,0.5,0.2974472138792423,0.03612203167744813,0.7025527861207577,22.0,1,1,1
1271,1,0,318,77,465,0,0.6551091070266952,0.4599975434480286,0.2549986051059477,0.8502206706053618,117.0,0,0,0
1272,1,0,225,355,77,0,0.5,0.14460107836734257,0.04619920423423236,0.8553989216326574,49.0,0,1,0
1273,1,0,11,464,46,0,0.5,0.5124118441835468,0.009277075449419869,0.4875881558164532,4.0,1,1,1
1274,1,0,147,77,472,0,0.7076026228022807,0.6204393880707758,0.39925026691093457,0.7947658575337857,55.0,0,0,0
1275,1,0,59,77,146,0,0.5,0.41581914241837575,0.1348933981076005,0.5841808575816243,17.0,0,1,0
1276,1,13,43,157,210,1,0.7716566173114867,0.821423952546211,0.5928079581821374,0.7218892820767623,22.0,0,0,0
1277,1,12,133,195,465,0,0.5,0.4331652908293193,0.09811611605083144,0.5668347091706807,14.0,0,1,0
1278,1,12,271,446,142,0,0.5,0.24466746247586618,0.007541278603051897,0.7553325375241338,20.0,1,1,1
1279,1,12,358,146,446,0,0.5,0.3946894075493014,0.14128437464718666,0.6053105924506986,36.0,0,1,0
1280,1,18,30,55,448,0,0.5,0.6732458497880726,0.006385137810733637,0.32675415021192744,3.0,1,1,1
1281,1,16,197,157,499,0,0.7599081650773215,0.7154404104432472,0.5028480384200276,0.8043759197113958,59.0,0,0,0
1282,1,16,250,157,142,0,0.5527914034644466,0.39343480736241887,0.20757616350634206,0.7121479995664743,65.0,0,0,0
1283,1,16,201,157,499,0,0.7259081401209773,0.6474403605305586,0.42861923923796963,0.8043759197113958,59.0,0,0,0
1284,1,14,184,263,77,0,0.5,0.6079594832461533,0.009904964355735622,0.39204051675384666,11.0,1,1,1
1285,1,14,249,146,458,1,0.6194857986062912,0.6618299445160056,0.40534066971208743,0.5771416526965768,19.0,0,0,0
1286,1,2,331,57,23,0,0.5,0.6421912931490459,0.2530044330751232,0.3578087068509541,9.0,0,1,0
1287,1,6,93,146,118,0,0.5,0.3398316372754513,0.0814102091879278,0.6601683627245487,8.0,1,1,1
1288,1,19,238,212,179,0,0.5,0.32998692535831514,0.1626374129079756,0.6700130746416848,14.0,0,1,0
1289,1,4,156,3,157,0,0.5,0.25666050527750806,0.04639063912901367,0.743339494722492,9.0,1,1,1
1290,1,17,171,135,146,0,0.5,0.30403479267237626,0.01057948646648691,0.6959652073276237,9.0,1,1,1
1291,1,3,128,409,142,0,0.5,0.4674762592966408,0.274383510724502,0.5325237407033592,7.0,0,1,0
1292,1,9,125,496,270,1,0.5,0.4473023027027374,0.1737212747055405,0.5526976972972626,9.0,0,1,0
1293,82,16,104,235,473,0,0.5,1.0,0.06324938564899335,0.0,2.0,1,1,1
1294,82,1,249,473,335,0,0.5,0.29283260562626384,0.010071533872261363,0.7071673943737362,17.0,1,1,1
1295,82,1,173,117,5,0,0.5,0.7700417046214878,0.07367569456884104,0.2299582953785122,5.0,1,1,1
1296,82,13,258,90,79,0,0.626182137364532,0.517382244569998,0.25870667400636005,0.7349820301590659,17.0,0,0,0
1297,82,0,1,75,334,0,0.0,0.0,0.0,0.0,1.0,1,1,1
1298,82,0,39,146,448,0,0.5,0.5164975953770811,0.03480572747484653,0.48350240462291894,5.0,1,1,1
1299,82,17,9,5,402,0,0.5,1.0,0.29317713845672866,0.0,2.0,1,1,1
1300,82,6,40,238,39,1,0.5,1.0,0.019801616452026938,0.0,1.0,1,1,1
1301,48,1,303,459,38,0,0.5,0.30180143959270106,0.15646892144384328,0.6981985604072989,31.0,0,1,0
1302,48,0,163,79,459,0,0.6088072530469424,0.5076233886034761,0.2791757465121717,0.7099911174904086,49.0,0,0,0
1303,48,0,130,79,459,0,0.5,0.2091459078179127,0.0038847483372579403,0.7908540921820872,34.0,1,1,1
1304,48,0,45,448,2,0,0.6389991813215838,0.6039262517507853,0.3297436220833092,0.6740721108923824,17.0,0,0,0
1305,48,16,94,268,459,0,0.5,0.36080671701786676,0.061315980848319,0.6391932829821332,7.0,1,1,1
1306,48,10,220,459,2,0,0.5,0.28550944230290864,0.06221438467286944,0.7144905576970914,10.0,1,1,1
1307,48,13,280,423,459,0,0.5,0.19930469598479988,0.032070578923142176,0.8006953040152001,31.0,1,1,1
1308,48,13,64,157,423,0,0.5,0.4132046822407597,0.22254668828672305,0.5867953177592403,6.0,0,1,0
1309,48,2,222,337,32,0,0.6678549682093345,0.7328695183321491,0.29309618249788405,0.60284041808652,6.0,0,0,0
1310,48,18,362,324,268,0,0.5,0.7365633129142427,0.07895592347779255,0.2634366870857573,6.0,1,1,1
1311,48,12,156,488,79,0,0.5,0.8057123433973175,0.11970006079684514,0.19428765660268255,4.0,1,1,1
1312,48,3,299,157,340,1,0.5,1.0,0.15221681917477922,0.0,2.0,1,1,1
1313,443,17,89,268,2,0,0.5,0.6687953526732413,0.07933161354708496,0.3312046473267587,7.0,1,1,1
1314,443,16,251,65,121,0,0.5,0.7560647511710434,0.036594619447651584,0.24393524882895656,4.0,1,1,1
1315,443,1,363,90,481,0,0.5,0.798671178353742,0.00130926413908421,0.20132882164625798,5.0,1,1,1
1316,443,3,303,65,2,0,0.5,0.43277406601255464,0.16900279468172624,0.5672259339874454,9.0,0,1,0
1317,443,13,71,216,472,0,0.5,0.7091355273548482,0.018345148053776326,0.2908644726451518,2.0,1,1,1
1318,132,17,101,485,293,0,0.585542832043679,0.4926873982810786,0.2860172845062821,0.6783982658062793,23.0,0,0,0
1319,132,14,123,53,473,0,0.5,0.4186466505999186,0.11404514290462926,0.5813533494000813,8.0,0,1,1
1320,132,15,219,485,305,0,0.7255770260736887,0.7484551292698993,0.5924179527406804,0.702698922877478,12.0,0,0,0
1321,132,0,146,226,485,0,0.6481924995553173,0.6368419600348181,0.2631158134852935,0.6595430390758166,21.0,0,0,0
1322,132,0,340,226,485,0,0.6376357360416688,0.395067541080181,0.19126446909562642,0.8802039310031566,142.0,0,0,0
1323,132,0,34,485,160,0,0.7365479348060668,0.752372459220232,0.478856670767017,0.7207234103919016,15.0,0,0,0
1324,132,16,73,96,32,1,0.5,0.462761272989463,0.26229002340651036,0.537238727010537,5.0,0,1,0
1325,132,13,40,485,339,0,0.6894657712431558,0.726451395770786,0.3901681622656383,0.6524801467155257,12.0,0,0,0
1326,132,6,332,96,339,0,0.5,1.0,0.31117228118261586,0.0,2.0,1,1,1
1327,132,1,89,485,446,0,0.6350875035494212,0.5444661123360385,0.30410365042211546,0.7257088947628039,13.0,0,0,0
1328,132,19,47,485,215,0,0.5,0.6397598431847239,0.06480661142321253,0.3602401568152761,2.0,1,1,1
1329,132,10,220,311,221,0,0.5,1.0,0.009901778952998064,0.0,1.0,1,1,1
1330,257,14,103,0,13,0,0.6030691495110241,0.415566568501817,0.2413464827839848,0.7905717305202312,20.0,0,0,0
1331,257,14,139,0,192,0,0.5,0.16674990706800533,0.0017200227244751527,0.8332500929319947,26.0,1,1,1
1332,257,1,338,462,112,0,0.5,0.2131406359843862,0.07349710350017778,0.7868593640156138,42.0,0,1,0
1333,257,1,148,74,248,0,0.5,0.2781275231628072,0.056812539270619744,0.7218724768371928,17.0,1,1,1
1334,257,1,121,112,74,0,0.5948377510000582,0.3952292749386519,0.15695406708365559,0.7944462270614644,15.0,0,0,0
1335,257,0,122,0,135,1,0.5,0.12794109601259943,0.02089621987051404,0.8720589039874006,52.0,1,1,1
1336,257,0,176,0,135,1,0.5,0.12510187868191472,0.06640506303633752,0.8748981213180853,80.0,0,1,0
1337,257,0,355,0,135,0,0.6158379085840157,0.38830062735732646,0.195026541207006,0.8433751898107049,175.0,0,0,0
1338,257,0,113,0,135,0,0.5,0.1586134695551572,0.02061404720373928,0.8413865304448428,48.0,1,1,1
1339,257,0,137,0,135,1,0.5,0.15633149715476158,0.03302270057100966,0.8436685028452384,60.0,0,1,0
1340,257,17,111,111,83,0,0.5,0.3090519334353939,0.15813017051982475,0.6909480665646062,9.0,0,1,0
1341,257,12,338,0,98,0,0.5,0.20047838951845043,0.027112221207375546,0.7995216104815496,82.0,1,1,1
1342,257,12,329,0,98,0,0.5,0.2172613964283482,0.03408686381043803,0.7827386035716518,81.0,1,1,1
1343,257,7,294,464,301,0,0.5,0.616637644100981,0.040872691482240604,0.383362355899019,2.0,1,1,1
1344,257,18,274,301,0,0,0.5807168061694289,0.3466905550749993,0.15584898672815162,0.8147430572638585,44.0,0,0,0
1345,257,2,165,0,135,0,0.5,0.43108236520512894,0.07784779812276112,0.568917634794871,17.0,1,1,1
1346,257,16,356,0,67,0,0.6319091346202452,0.5908105459286702,0.35079041816724005,0.6730077233118201,48.0,0,0,0
1347,257,16,252,0,111,0,0.5,0.3870048578712425,0.06124315143072654,0.6129951421287575,36.0,0,1,1
1348,257,15,191,0,301,1,0.7051100713441028,0.6486625008931493,0.3293615173929024,0.7615576417950564,20.0,0,0,0
1349,257,19,170,412,484,1,0.5,0.35625322487598693,0.06894025417855582,0.6437467751240131,10.0,1,1,1
1350,257,5,334,372,124,0,0.5,1.0,0.12312388357896056,0.0,1.0,1,1,1
1351,59,14,341,434,246,1,0.5,0.2867413385877776,0.03553752955126743,0.7132586614122224,35.0,1,1,1
1352,59,14,229,308,401,0,0.5,0.23335823608044193,0.1128462927666818,0.7666417639195581,32.0,0,1,0
1353,59,0,350,246,434,0,0.546690951654045,0.2142264301683808,0.09234086066535953,0.8791554731397093,119.0,0,0,0
1354,59,0,253,246,308,0,0.5,0.2646335722606225,0.03923139670417832,0.7353664277393774,75.0,0,1,0
1355,59,0,362,308,246,0,0.5,0.21477096803816478,0.007110074419970903,0.7852290319618352,120.0,1,1,1
1356,59,16,319,68,401,0,0.5,0.22692064360479547,0.047520626103720494,0.7730793563952045,28.0,1,1,1
1357,59,1,175,308,246,0,0.5,0.18116091081245755,0.041167553865148955,0.8188390891875424,45.0,0,1,0
1358,59,1,218,308,246,1,0.6463727298690203,0.4342856179277784,0.23647915042097153,0.8584598418102621,55.0,0,0,0
1359,59,7,45,308,368,0,0.5,0.4873188056294811,0.10648500052287431,0.512681194370519,3.0,1,1,1
1360,59,17,345,246,68,0,0.5,0.38623291621509176,0.09538673350814121,0.6137670837849083,28.0,1,1,1
1361,59,19,358,16,297,0,0.5,0.3950234243711362,0.05761856545710119,0.6049765756288639,5.0,1,1,1
1362,59,15,268,308,297,0,0.5,0.17626866002504285,0.08980701230103409,0.8237313399749572,33.0,1,1,1
1363,59,12,22,464,199,0,0.5,0.6600439093131496,0.01980161645203382,0.3399560906868504,3.0,1,1,1
1364,59,10,239,308,32,0,0.5,1.0,0.22840329243461785,0.0,3.0,0,1,1
1365,25,1,91,334,168,0,0.7070364902026314,0.6535225485859026,0.4226512693293635,0.7605504318193601,24.0,0,0,0
1366,25,1,28,334,112,0,0.5,0.6252706523169468,0.000358148577326172,0.3747293476830532,6.0,1,1,1
1367,25,1,105,334,168,0,0.7020773841158239,0.5775003225137415,0.3213188569502838,0.8266544457179061,28.0,0,0,0
1368,25,0,123,179,57,0,0.5,0.160097865399714,0.07306350277024486,0.839902134600286,28.0,0,1,0
1369,25,0,53,57,179,0,0.5,0.2906607367953741,0.15945215478705946,0.7093392632046259,16.0,0,1,0
1370,25,0,113,179,57,1,0.5,0.16593991271680308,0.08494164288960404,0.8340600872831969,26.0,0,1,0
1371,25,15,326,112,334,0,0.5,0.4370002157076658,0.10770586522868032,0.5629997842923342,51.0,0,1,0
1372,25,15,344,112,334,0,0.5995900187906602,0.4523850935857558,0.23297462070913835,0.7467949439955646,57.0,0,0,0
1373,25,14,167,112,334,0,0.6019508791341762,0.44455886243985027,0.21593603549767404,0.7593428958285021,21.0,0,0,0
1374,25,14,20,334,187,0,0.5,0.6775874572601007,0.18263399176986903,0.3224125427398993,3.0,1,1,1
1375,25,2,286,112,57,1,0.6836335389668744,0.7826818773145015,0.5024341294442478,0.5845852006192472,23.0,0,0,0
1376,25,17,21,450,135,0,0.5,0.6732458497880727,0.1375326108580947,0.32675415021192733,3.0,1,1,1
1377,25,12,300,334,57,0,0.5,0.3425038602401436,0.07449338690996155,0.6574961397598564,23.0,0,1,0
1378,25,7,37,111,197,0,0.5,0.5148487862827442,0.1282138328428894,0.4851512137172558,2.0,1,1,1
1379,25,16,65,334,190,1,0.5,0.35782959892659355,0.21634749627892402,0.6421704010734064,7.0,0,1,0
1380,25,18,276,334,118,0,0.6130320897050292,0.6079951965708774,0.3159915932291432,0.6180689828391811,14.0,0,0,0
1381,403,0,14,160,179,0,0.5,0.7740303030798759,0.14262094951505333,0.22596969692012414,4.0,1,1,1
1382,403,14,290,284,146,0,0.5,1.0,0.14564065057290126,0.0,4.0,1,1,1
1383,403,1,62,82,335,0,0.5,0.7099074719263568,0.206499665080973,0.29009252807364316,9.0,0,1,0
1384,403,13,182,15,63,0,0.5,0.5686069281563341,0.1257009481745234,0.43139307184366593,6.0,0,1,0
1385,403,16,180,63,490,0,0.5,0.7646598593501173,0.12606727406872778,0.23534014064988273,3.0,1,1,1
1386,399,17,314,46,441,0,0.5,0.8251414891329393,0.010120129210804659,0.17485851086706072,4.0,1,1,1
1387,399,0,99,307,441,0,0.5,0.3198442686592644,0.07449130137232862,0.6801557313407356,13.0,0,1,0
1388,399,0,154,307,6,0,0.5,0.29644817795957185,0.10693699741857393,0.7035518220404282,21.0,0,1,0
1389,399,14,323,307,422,0,0.6187084230081584,0.6059818226323745,0.3822003000812568,0.6314350233839423,20.0,0,0,0
1390,399,15,308,106,30,1,0.5,0.5208810998125831,0.2626111647026057,0.4791189001874169,12.0,0,1,0
1391,399,18,194,441,3,0,0.5,0.928272264391522,0.3403377598195574,0.071727735608478,6.0,0,1,1
1392,87,13,139,210,434,0,0.5,0.35183580412988397,0.014291230818280045,0.6481641958701161,20.0,1,1,1
1393,87,13,215,434,459,0,0.601464415563158,0.5003941276366,0.2661103370625929,0.702534703489716,36.0,0,0,0
1394,87,13,115,434,334,0,0.5,0.2750976640017239,0.06327860805318526,0.724902335998276,18.0,0,1,0
1395,87,1,42,57,465,1,0.5,0.43826235536414115,0.2291943652112122,0.5617376446358588,7.0,0,1,0
1396,87,6,128,434,64,1,0.652410618632277,0.8712086635239547,0.5407140964403235,0.43361257374059936,7.0,0,0,0
1397,87,0,222,434,465,0,0.6054460486782833,0.6072782114670313,0.36341261947501285,0.6036138858895355,22.0,0,0,0
1398,87,7,232,11,294,1,0.912528397703978,0.9901040980304697,0.9661241409904542,0.8349526973774863,68.0,0,0,0
1399,87,16,277,11,64,1,0.5,0.5074362463717516,0.10919429391825897,0.49256375362824845,11.0,0,1,0
1400,87,15,56,434,64,0,0.5,0.8436642437764227,0.11031904448159613,0.15633575622357732,6.0,0,1,1
1401,383,0,335,265,76,0,0.5,0.40448245174388725,0.07231886814884311,0.5955175482561128,21.0,1,1,1
1402,383,13,53,76,124,0,0.5,1.0,0.019801616452023708,0.0,1.0,1,1,1
1403,383,1,82,475,162,0,0.5,1.0,0.05919896892760312,0.0,3.0,1,1,1
1404,110,1,323,323,223,0,0.5,0.3625736160203657,0.04506955703199737,0.6374263839796344,19.0,1,1,1
1405,110,1,90,451,467,0,0.5,0.32058888388826995,0.19007030353763446,0.67941111611173,8.0,0,1,0
1406,110,0,243,453,4,0,0.6612131269672645,0.586664731956457,0.33123101336582467,0.735761521978072,26.0,0,0,0
1407,110,0,132,48,182,0,0.5,0.5346019613807635,0.04274841161302882,0.46539803861923645,4.0,1,1,1
1408,110,15,182,69,451,0,0.5,1.0,0.008073890917732834,0.0,4.0,1,1,1
1409,110,14,254,464,470,0,0.5,0.6732458497880726,0.2672226955347218,0.32675415021192744,3.0,0,1,0
1410,110,16,143,351,470,0,0.5,1.0,0.07496911555789455,0.0,2.0,1,1,1
1411,110,12,208,378,467,0,0.5,0.549652227140976,0.15357385413176247,0.45034777285902405,7.0,0,1,1
1412,110,3,348,383,300,0,0.5,0.8510385721118948,0.08047451313674302,0.14896142788810518,2.0,1,1,1
1413,33,15,153,475,495,0,0.686687164950828,0.5580483348681071,0.3760355497809607,0.815325995033549,25.0,0,0,0
1414,33,15,303,475,444,0,0.6362951314827447,0.5424414176414819,0.32794684799324136,0.7301488453240077,48.0,0,0,0
1415,33,17,90,453,152,0,0.5,0.4070486537974722,0.16600157914104705,0.5929513462025278,11.0,0,1,0
1416,33,16,149,457,406,0,0.5,0.3097624095774447,0.0848868455111351,0.6902375904225553,9.0,1,1,1
1417,33,16,124,34,161,0,0.5,0.2709597361816114,0.03227075219021744,0.7290402638183886,9.0,1,1,1
1418,33,3,362,161,16,0,0.5,0.3330398815095839,0.03749474471875767,0.6669601184904161,15.0,1,1,1
1419,33,13,272,57,467,0,0.5,0.5017820359291586,0.1802434347573678,0.4982179640708414,11.0,0,1,0
1420,33,19,212,276,57,0,0.5,0.7718508676492448,0.0182771710947241,0.22814913235075518,5.0,1,1,1
1421,33,1,100,475,3,0,0.5,0.23872267350642276,0.09906832322722338,0.7612773264935773,10.0,1,1,1
1422,33,1,16,444,242,0,0.5,0.5493493254963753,0.007177639731444412,0.4506506745036247,2.0,1,1,1
1423,33,0,143,8,34,0,0.5,0.35855068339172913,0.15103929865837898,0.6414493166082709,9.0,0,1,0
1424,33,12,118,334,34,0,0.5,0.4472715458811032,0.11453892052835181,0.5527284541188968,4.0,1,1,1
1425,33,14,257,34,475,0,0.5,0.8941179663228798,0.23711771432177797,0.10588203367712024,7.0,0,1,0
1426,332,0,351,104,95,0,0.5464559023038356,0.19131432453000122,0.08699375457563331,0.9015974800776698,96.0,0,0,0
1427,332,0,97,104,464,0,0.7128559458745218,0.5752600307509029,0.3194663130340886,0.8504518609981409,22.0,0,0,0
1428,332,12,281,104,464,1,0.5,0.3359865492468521,0.1493339890440754,0.6640134507531479,23.0,0,1,0
1429,332,1,49,412,104,0,0.5,0.3207466575790759,0.07781943443591283,0.6792533424209242,8.0,1,1,1
1430,332,16,55,95,412,0,0.5,0.3505164752536721,0.046603204784020705,0.649483524746328,8.0,1,1,1
1431,239,18,248,334,182,0,0.5,0.3579275098558466,0.19346549633166224,0.6420724901441535,22.0,0,1,0
1432,239,14,328,323,180,0,0.5,0.896307073861036,0.009595169436746863,0.10369292613896397,12.0,1,1,1
1433,239,12,12,485,322,0,0.5,1.0,0.0831182297049312,0.0,2.0,1,1,1
1434,239,0,63,180,1,0,0.5,0.30803143273464595,0.16055591533841299,0.691968567265354,11.0,0,1,0
1435,239,0,363,179,1,1,0.5,0.8072530939390272,0.008035844382496538,0.19274690606097278,11.0,1,1,1
1436,239,1,303,53,312,0,0.6310904111048603,0.6219978496174526,0.2812760540347858,0.6401829725922679,25.0,0,0,0
1437,239,3,156,314,334,0,0.5,1.0,0.045680383391179184,0.0,3.0,1,1,1
1438,239,2,51,0,375,0,0.5,0.5712649318488203,0.33569492464540984,0.4287350681511797,4.0,0,1,0
1439,195,12,86,375,496,0,0.6675356990457258,0.5918565998496104,0.2973454978913854,0.7432147982418413,18.0,0,0,0
1440,195,0,313,375,323,0,0.5,0.15241578286622365,0.02905014000532053,0.8475842171337764,73.0,1,1,1
1441,195,0,266,375,323,0,0.5792812305446231,0.3577096146782767,0.18527545346584537,0.8008528464109694,71.0,0,0,0
1442,195,1,105,316,486,0,0.5,0.5396416120966921,0.0017590977316889172,0.46035838790330785,6.0,1,1,1
1443,195,1,331,29,375,0,0.5,0.2689984725695126,0.137075664149556,0.7310015274304874,25.0,0,1,0
1444,195,14,30,375,134,0,0.5,0.5759766017735014,0.07803905083605944,0.4240233982264986,5.0,1,1,1
1445,195,19,46,334,38,1,0.5,1.0,0.33774869729831786,0.0,2.0,1,1,1
1446,137,13,121,246,157,0,0.5,0.38052126485363885,0.19803293889377377,0.6194787351463611,17.0,0,1,0
1447,137,1,209,246,312,0,0.6188178103477229,0.36074687532524363,0.16456746827106142,0.876888745370202,88.0,0,0,0
1448,137,1,55,246,168,0,0.5946519956124721,0.40466895269172887,0.24433151243693527,0.7846350385332154,27.0,0,0,0
1449,137,1,302,168,246,0,0.5,0.23938359883554963,0.011822760569622897,0.7606164011644504,78.0,1,1,1
1450,137,17,194,83,84,0,0.5,0.3610163037181449,0.059504617164958015,0.6389836962818551,8.0,1,1,1
1451,137,4,177,135,57,1,0.6654606439823931,0.7734947027176758,0.49090096551917634,0.5574265852471105,11.0,0,0,0
1452,137,0,271,224,35,0,0.5,0.3700652825106285,0.09151008710965516,0.6299347174893715,8.0,1,1,1
1453,137,0,62,464,9,0,0.5,0.31130398929790437,0.14404140758387365,0.6886960107020956,4.0,1,1,1
1454,137,15,34,179,139,0,0.5,1.0,0.3174737796604705,0.0,6.0,0,1,0
1455,137,19,302,438,159,0,0.5,1.0,0.08701261559115542,0.0,2.0,1,1,1
1456,413,12,259,212,279,0,0.5,0.44073506873685286,0.08774664059155322,0.5592649312631471,5.0,1,1,1
1457,413,13,72,119,179,0,0.5,0.6304794361869716,0.3309451940143295,0.36952056381302845,5.0,0,1,0
1458,413,0,168,246,465,0,0.6337840151090297,0.496777532270735,0.31500024340237176,0.7707904979473245,34.0,0,0,0
1459,413,1,365,201,77,0,0.5,0.5210250913761842,0.125044131289774,0.47897490862381575,16.0,0,1,0
1460,413,15,172,201,489,0,0.5,0.5744774037448802,0.1184362166025208,0.4255225962551198,15.0,0,1,0
1461,413,18,267,125,473,0,0.5,0.6465885692284161,0.09389532473742994,0.3534114307715839,3.0,1,1,1
1462,271,1,118,478,29,0,0.5954478413143472,0.7359637039247027,0.47443758823476956,0.4549319787039918,8.0,0,0,0
1463,271,0,137,478,223,0,0.5,0.4759131592492454,0.016714135982553276,0.5240868407507546,12.0,1,1,1
1464,271,16,331,463,477,0,0.5,0.948883043920928,0.25895888299209796,0.05111695607907196,3.0,1,1,1
1465,271,12,133,478,24,0,0.5,0.8097589823990486,0.30564997901322916,0.19024101760095136,7.0,0,1,0
1466,271,13,160,29,470,0,0.5,0.7734184710554081,0.2986262847353114,0.22658152894459194,8.0,0,1,0
1467,477,14,14,478,455,0,0.5,1.0,0.2111861358809628,0.0,3.0,0,1,1
1468,477,12,240,190,79,0,0.5,0.36852521624211876,0.1704400519048402,0.6314747837578812,8.0,0,1,0
1469,477,12,322,124,84,0,0.5,0.7686781059269934,0.01864791352732302,0.23132189407300663,20.0,1,1,1
1470,477,0,140,303,478,0,0.5,0.7168895239266849,0.0749491732729726,0.2831104760733151,8.0,1,1,1
1471,477,0,177,445,79,0,0.5,0.2521152403096615,0.13788826298788168,0.7478847596903385,15.0,0,1,0
1472,477,0,265,478,35,0,0.5,0.522400571978946,0.18977285224731333,0.47759942802105404,31.0,0,1,0
1473,477,1,157,463,478,0,0.6230060868024803,0.5218155853882674,0.19200723316509927,0.724196588216693,22.0,0,0,0
1474,477,1,12,472,478,0,0.5,0.6732458497880726,0.014099937640599167,0.32675415021192744,3.0,1,1,1
1475,477,1,214,463,46,0,0.6435784540803663,0.5200064622392195,0.2531491606230291,0.767150445921513,30.0,0,0,0
1476,477,19,273,79,208,0,0.6716214300120055,0.5310760436748391,0.3496353596952225,0.8121668163491719,20.0,0,0,0
1477,477,15,321,478,268,0,0.6259141424975044,0.48393478699881,0.2999384157188043,0.7678934979961989,74.0,0,0,0
1478,477,15,278,478,268,1,0.6173085883238143,0.46898153446820956,0.2720868707644752,0.7656356421794192,59.0,0,0,0
1479,477,16,148,478,475,0,0.5,0.23920993847431915,0.08752698489938202,0.7607900615256808,14.0,1,1,1
1480,477,16,167,478,151,0,0.5575857918261131,0.5364138487221749,0.2842127527037058,0.5787577349300512,18.0,0,0,0
1481,477,18,206,292,478,0,0.5,0.9742612356359813,0.2027908714765003,0.025738764364018674,4.0,0,1,1
1482,477,17,183,325,118,0,0.5,1.0,0.1265323200215734,0.0,2.0,1,1,1
1483,477,2,73,240,230,0,0.5,0.4094566499135631,0.22476453042234926,0.5905433500864369,6.0,0,1,0
1484,477,3,68,29,478,0,0.6168192772382027,0.5543823195512838,0.258538127108209,0.6792562349251217,5.0,0,0,0
1485,217,17,118,2,162,0,0.5,0.8170702948907469,0.4100765992316288,0.1829297051092531,6.0,0,1,0
1486,217,1,168,470,65,0,0.5,0.2511883242122093,0.12641384450153517,0.7488116757877907,9.0,0,1,1
1487,217,0,229,65,219,0,0.5,0.370805604479225,0.07224794459883153,0.629194395520775,7.0,1,1,1
1488,217,13,118,407,470,0,0.5,0.7066913463621867,0.031203756312840173,0.29330865363781333,9.0,1,1,1
1490,217,5,145,57,396,0,0.5,0.5049508894765015,0.0845402185931017,0.49504911052349854,2.0,1,1,1
1491,321,0,362,446,134,0,0.7576867839234569,0.7027510370757973,0.4952048411416549,0.8126225307711165,99.0,0,0,0
1492,321,16,76,446,256,0,0.7296693625871465,0.6373258082707348,0.4198231683033548,0.8220129169035583,11.0,0,0,0
1493,321,1,285,446,244,0,0.8275400355194782,0.8238017212697365,0.6962814615459223,0.83127834976922,72.0,0,0,0
1494,321,13,68,446,81,0,0.6978339528985367,0.7377161638322518,0.576779930766819,0.6579517419648215,22.0,0,0,0
1495,321,12,257,446,1,0,0.7521027771283672,0.726311344235757,0.47982965370268227,0.7778942100209773,31.0,0,0,0
1496,321,19,208,446,149,0,0.5,0.45949527943248386,0.2657527230644332,0.5405047205675162,21.0,0,1,0
1497,321,5,303,446,179,0,0.7079304950754562,0.7654913029726376,0.5824637860920433,0.6503696871782749,24.0,0,0,0
1498,0,14,167,111,135,1,0.6223794098360679,0.4837391231055382,0.25871635795344483,0.7610196965665976,34.0,0,0,0
1499,0,14,78,135,57,0,0.5,0.2515910656799935,0.12563676752317127,0.7484089343200064,24.0,0,1,0
1500,0,12,36,111,135,0,0.5,0.43211246894774186,0.03539832552923434,0.5678875310522582,11.0,1,1,1
1501,0,12,51,135,111,1,0.5,0.42738686100563655,0.1192648537270304,0.5726131389943634,21.0,0,1,0
1502,0,12,24,135,229,0,0.5,0.38936598567316527,0.1627989264095929,0.6106340143268347,9.0,0,1,0
1503,0,15,166,111,248,0,0.6834204188436266,0.6441996237782089,0.4402625916803126,0.7226412139090443,52.0,0,0,0
1504,0,15,138,111,248,0,0.6053306609237357,0.35166979677256927,0.18508554791528567,0.8589915250749022,44.0,0,0,0
1505,0,3,125,135,111,0,0.5,0.2797985076722367,0.0461255492752364,0.7202014923277633,8.0,1,1,1
1506,0,0,17,111,257,0,0.5,0.45831330298819795,0.2289086401358736,0.541686697011802,12.0,0,1,0
1507,0,0,238,111,452,0,0.5,0.16342549459535852,0.07290976772518998,0.8365745054046415,154.0,0,1,0
1508,0,0,309,452,111,0,0.5,0.1461928849423139,0.0033235589725794197,0.8538071150576861,126.0,1,1,1
1509,0,0,178,111,257,0,0.5,0.12933336371069856,0.06889652898593125,0.8706666362893014,112.0,0,1,0
1510,0,0,141,135,111,0,0.5,0.1268842264233187,0.023914706285372685,0.8731157735766812,84.0,0,1,0
1511,0,16,68,111,13,0,0.6032901196430621,0.4152059904377181,0.20149450002244557,0.7913742488484061,17.0,0,0,0
1512,0,2,363,135,111,0,0.5,0.16698040589659197,0.0071474234630534775,0.833019594103408,60.0,1,1,1
1513,0,17,319,296,111,0,0.5,0.38537519440013857,0.021386760008550828,0.6146248055998614,24.0,1,1,1
1514,0,17,7,135,6,0,0.5,0.7920009310171021,0.11550204290572974,0.20799906898289788,5.0,1,1,1
1515,0,19,357,111,296,0,0.741281846282509,0.676698535959391,0.4275923338946903,0.8058651566056272,43.0,0,0,0
1516,0,4,145,135,13,0,0.5,0.6052913614037361,0.024057001772939027,0.3947086385962639,7.0,1,1,1
1517,0,1,8,296,427,0,0.5,0.6500509442399396,0.08895590588258663,0.3499490557600604,6.0,1,1,1
1518,0,1,92,296,13,1,0.5,0.17090474315461146,0.044089529633836444,0.8290952568453885,43.0,0,1,0
1519,0,1,330,296,111,0,0.5,0.1535517310407825,0.07630269565475033,0.8464482689592174,110.0,0,1,0
1520,0,13,171,13,257,0,0.5,0.35712908648241865,0.07251445992335452,0.6428709135175814,17.0,1,1,1
1521,0,7,32,135,111,0,0.5,0.4429150832246561,0.032565537134710144,0.5570849167753439,6.0,1,1,1
1522,0,18,15,246,296,0,0.5,1.0,0.08888373742525292,0.0,3.0,1,1,1
1523,0,5,36,13,451,1,0.5,0.5890861865041028,0.15493746082679516,0.4109138134958972,12.0,0,1,0
1524,14,19,314,357,79,0,0.5,0.410371167878613,0.11005369728179652,0.589628832121387,7.0,1,1,1
1525,14,15,180,213,19,0,0.7407346626370964,0.6677034279186811,0.47714318491315705,0.8137658973555117,38.0,0,0,0
1526,14,12,242,213,101,0,0.694365167514881,0.6352708624041501,0.40254702529093617,0.7534594726256119,31.0,0,0,0
1527,14,12,140,213,124,0,0.5,0.4049802805530735,0.011111566119981767,0.5950197194469264,11.0,1,1,1
1528,14,1,333,213,379,0,0.5,0.32493461340773677,0.07519937048298612,0.6750653865922632,76.0,0,1,0
1529,14,1,200,213,79,0,0.55414442159171,0.22209079915424346,0.11837446346839275,0.8861980440291765,55.0,0,0,0
1530,14,1,214,213,79,1,0.5929019337410933,0.2897132014813194,0.11392138171864934,0.8960906660008673,56.0,0,0,0
1531,14,4,207,213,470,1,0.5,0.37971050179519417,0.16400952735524613,0.6202894982048058,30.0,0,1,0
1532,14,0,283,213,79,0,0.5,0.17002163349454583,0.07700779279482933,0.8299783665054542,78.0,0,1,0
1533,14,0,68,213,19,0,0.5,0.24276106977925466,0.13282975536136454,0.7572389302207454,17.0,0,1,0
1534,14,0,65,213,19,0,0.5977526809935784,0.46662147227880973,0.23536051158229732,0.7288838897083469,16.0,0,0,0
1535,14,17,181,65,27,0,0.5,1.0,0.07699733305212733,0.0,4.0,1,1,1
1536,14,18,181,470,79,0,0.5,0.40285892043166177,0.22654899311285034,0.5971410795683383,8.0,0,1,0
1537,14,14,243,213,139,0,0.7054704241508485,0.6444607852217145,0.4551379335896695,0.7664800630799824,28.0,0,0,0
1538,14,7,161,19,31,0,0.6057564430055776,0.5759888578150456,0.24264696373620243,0.6355240281961096,7.0,0,0,1
1539,14,16,55,470,213,0,0.5,0.7349658968973571,0.1333622020633983,0.26503410310264286,3.0,1,1,1
1540,409,9,347,146,332,1,0.592321338034783,0.4670232561870362,0.2954508972455955,0.7176194198825299,42.0,0,0,0
1541,409,0,146,73,1,0,0.5,0.30910675296833523,0.12872025876183257,0.6908932470316648,6.0,1,1,1
1542,409,14,70,1,365,0,0.5,0.36273966399138236,0.12512035236919164,0.6372603360086176,5.0,1,1,1
1543,409,15,17,215,157,0,0.5,0.5049508894765016,0.07905153228869807,0.4950491105234984,2.0,1,1,1
1544,409,7,264,142,146,1,0.5,1.0,0.6865810842471096,0.0,3.0,0,1,0
1545,341,0,37,448,117,0,0.5,0.7984066144308244,0.4081287559060226,0.2015933855691756,9.0,0,1,0
1546,341,13,176,11,479,1,0.5,0.5049508894765015,0.12514292869324103,0.49504911052349854,2.0,1,1,1
1548,129,1,74,114,463,0,0.6811440884970771,0.5988985634582122,0.40162570409370035,0.7633896135359419,37.0,0,0,0
1549,129,1,85,114,463,0,0.621330556505381,0.48563154736800895,0.254630910231458,0.757029565642753,44.0,0,0,0
1550,129,0,200,114,112,0,0.8426241048201458,0.8214282944725945,0.6708035570603312,0.8638199151676972,114.0,0,0,0
1551,129,18,20,11,114,0,0.5,1.0,0.07778570251540359,0.0,2.0,1,1,1
1552,129,14,8,223,0,1,0.5,1.0,0.999999999999495,0.0,2.0,0,1,0
1553,129,12,40,114,456,1,0.6778159389226655,0.7627204945505174,0.5890560451578254,0.5929113832948136,18.0,0,0,0
1554,129,15,213,114,181,0,0.8678543307435457,0.8700302872001542,0.7580677884577269,0.8656783742869372,102.0,0,0,0
1555,129,15,188,114,112,1,0.8049273338047526,0.8180779938422968,0.6917682661650137,0.7917766737672083,89.0,0,0,0
1556,129,3,293,114,329,0,0.8083759440927551,0.8979454624242119,0.805616711027876,0.7188064257612985,44.0,0,0,0
1557,79,1,1,56,28,0,0.5,1.0,0.32894702012205573,0.0,2.0,1,1,1
1558,79,1,84,14,9,0,0.5,0.17435335512093972,0.03544335725819413,0.8256466448790603,14.0,1,1,1
1559,79,1,273,312,103,1,0.5,0.24733425966171493,0.06422469561211769,0.752665740338285,39.0,0,1,0
1560,79,14,59,223,14,0,0.5,0.7130445638275194,0.05475568824171237,0.28695543617248065,6.0,1,1,1
1561,79,18,335,103,301,0,0.5939869402235562,0.4791008300496478,0.23710820411205527,0.7088730503974647,22.0,0,0,0
1562,79,4,294,313,454,0,0.5890929362332352,0.38325987926522537,0.22407036485970244,0.7949259932012451,27.0,0,0,0
1563,79,19,212,124,224,0,0.5,0.2638894716958403,0.04488542104923507,0.7361105283041597,22.0,1,1,1
1564,79,19,194,240,224,0,0.5,0.25876531356170185,0.004949330176591256,0.7412346864382982,25.0,1,1,1
1565,79,0,329,52,48,0,0.7196130114338006,0.5795380962594154,0.39590367523810066,0.8596879266081857,138.0,0,0,0
1566,79,0,323,52,48,0,0.7095670245556633,0.5586005841394666,0.3736136652478433,0.8605334649718601,134.0,0,0,0
1567,79,0,255,52,454,0,0.7247114744958487,0.5766124846174512,0.400194455584369,0.8728104643742463,91.0,0,0,0
1568,79,0,114,18,213,0,0.6634326858416453,0.5380786383533227,0.25152206109104763,0.7887867333299678,48.0,0,0,0
1569,79,0,131,18,48,0,0.7322910843742192,0.6642124538648859,0.4356347240048211,0.8003697148835525,64.0,0,0,0
1570,79,12,167,68,113,0,0.5980046896133353,0.40634456360684695,0.23726721673550014,0.7896648156198237,13.0,0,0,0
1571,79,12,41,55,477,0,0.5,0.5116042062963254,0.05941006113285442,0.4883957937036746,4.0,1,1,1
1572,79,15,258,124,9,0,0.5943767623744569,0.4734490737328671,0.2472223993482148,0.7153044510160467,41.0,0,0,0
1573,79,15,200,124,181,0,0.5,0.2724402209113873,0.0988596442330997,0.7275597790886127,28.0,0,1,0
1574,79,16,82,471,445,0,0.8070016536689337,0.8088354296275151,0.6114922792742868,0.8051678777103525,29.0,0,0,0
1575,79,13,122,60,9,1,0.7510011027628459,0.7453417957371848,0.5807054787447459,0.756660409788507,30.0,0,0,0
1576,79,13,294,60,479,0,0.5891028232716518,0.3670760277000757,0.21313272382885468,0.8111296188432278,89.0,0,0,0
1577,79,17,119,453,17,0,0.5,0.4760485102929039,0.0954980585673999,0.523951489707096,9.0,1,1,1
1578,79,17,323,453,454,0,0.6118718581651491,0.47401609734301303,0.20926455930879997,0.7497276189872852,28.0,0,0,0
1579,79,5,328,385,192,0,0.5,0.6775874572601007,0.15398493086395754,0.3224125427398993,3.0,1,1,1
1580,79,11,249,160,368,0,0.0,0.0,0.0,0.0,1.0,1,1,1
1581,113,0,39,116,46,0,0.5,0.3794527823127109,0.19084450592818056,0.620547217687289,13.0,0,1,0
1582,113,0,276,46,212,0,0.5,0.16577165690611184,0.07064288470321708,0.8342283430938882,56.0,0,1,0
1583,113,0,136,212,135,0,0.5,0.21797962841632068,0.023114559052195234,0.7820203715836793,19.0,1,1,1
1584,113,0,21,247,357,0,0.5,0.695829224271858,0.05614767681139191,0.304170775728142,7.0,1,1,1
1585,113,0,271,212,46,0,0.5,0.22674950355669746,0.019220628595258367,0.7732504964433026,48.0,1,1,1
1586,113,16,145,12,46,0,0.5,0.4740981674409147,0.05540136613772666,0.5259018325590853,8.0,1,1,1
1587,113,14,56,134,116,0,0.5,0.4276059501096543,0.18892027901862643,0.5723940498903457,9.0,0,1,0
1588,113,14,211,212,448,0,0.5,0.6969035502010449,0.10009241474511794,0.3030964497989551,13.0,0,1,1
1589,113,12,320,116,12,0,0.5808862520228548,0.37975837524403666,0.15890848721211426,0.782014128801673,47.0,0,0,0
1590,113,12,224,116,134,0,0.5,0.6731952111161894,0.016144616075952387,0.3268047888838106,33.0,1,1,1
1591,113,1,16,357,168,0,0.5,0.4901923277116948,0.03664182432830038,0.5098076722883051,4.0,1,1,1
1592,113,1,82,31,116,0,0.5,0.5394505718644371,0.012594666123003424,0.4605494281355629,10.0,1,1,1
1593,113,1,181,229,160,0,0.5,0.22273904867559446,0.11991261806092139,0.7772609513244055,21.0,0,1,0
1594,113,1,205,229,14,0,0.5,0.21272692627207296,0.0632608058779203,0.787273073727927,24.0,1,1,1
1595,113,7,160,116,24,0,0.5,0.40905466589108963,0.24390890787764238,0.5909453341089104,5.0,0,1,1
1596,113,17,62,311,46,0,0.5,0.5148487862827442,0.011337349769107379,0.4851512137172558,4.0,1,1,1
1597,113,19,292,459,46,0,0.5,0.2977913207337873,0.06523889645322638,0.7022086792662128,5.0,1,1,1
1598,113,13,195,46,52,0,0.5,0.8590975039255481,0.31984995953979806,0.14090249607445193,7.0,0,1,0
1599,113,13,199,46,52,0,0.5,0.6211605091347676,0.21244419895594563,0.3788394908652324,9.0,0,1,0
1600,113,15,144,68,112,0,0.5,0.29942037507182456,0.08119060510138737,0.7005796249281755,12.0,1,1,1
1601,113,15,178,223,125,0,0.5,0.29645282057104977,0.14686954478290856,0.7035471794289503,11.0,0,1,0
1602,113,4,293,253,301,0,0.5,1.0,0.10729184084078176,0.0,2.0,1,1,1
1603,492,0,257,288,499,0,0.5,0.15092499217368124,0.05119938755819272,0.8490750078263187,117.0,0,1,0
1604,492,0,49,288,290,0,0.5,0.23870741041422822,0.11454784056589218,0.7612925895857718,19.0,0,1,0
1605,492,0,141,288,440,0,0.6710130228929353,0.4849290377046966,0.27102921675148334,0.8570970080811741,63.0,0,0,0
1606,492,0,119,288,488,0,0.699977721336041,0.5307780180141023,0.3275197869124271,0.8691774246579798,56.0,0,0,0
1607,492,0,2,332,344,0,0.0,0.0,0.0,0.0,1.0,1,1,1
1608,492,1,23,223,288,0,0.5,0.48738590525056485,0.03118108402187049,0.5126140947494351,7.0,1,1,1
1609,492,1,183,288,312,1,0.6161766950844616,0.5399411718430852,0.2975846937479259,0.6924122183258379,40.0,0,0,0
1610,492,14,349,499,175,1,0.5,0.21719829892965467,0.09817619480594034,0.7828017010703453,55.0,0,1,0
1611,492,14,216,288,499,0,0.5,0.2952805901839073,0.051333378243691205,0.7047194098160927,32.0,1,1,1
1612,492,15,8,288,236,0,0.5,0.5099008082260187,0.3245903234859732,0.4900991917739813,2.0,1,1,1
1613,492,15,48,288,407,1,0.5,0.22836399074080593,0.12666586405338118,0.7716360092591941,6.0,1,1,1
1614,492,12,64,288,133,0,0.5,0.2901045513154339,0.1482235563271774,0.7098954486845661,14.0,0,1,0
1615,492,12,79,288,133,0,0.6655561972078707,0.505684266330492,0.3177757428460195,0.8254281280852495,19.0,0,0,0
1616,492,3,360,270,499,0,0.6662335614229765,0.7092629512547364,0.2496247821856206,0.6232041715912167,12.0,0,0,0
1617,492,16,323,175,499,0,0.5558535641993976,0.3118195723959079,0.1466174159121403,0.7998875560028873,60.0,0,0,0
1618,492,13,116,290,27,0,0.581911082213235,0.43526177417258316,0.2505646686018893,0.7285603902538866,17.0,0,0,0
1619,492,2,252,454,499,0,0.5,0.7361984995484713,0.1158222133905445,0.2638015004515287,4.0,1,1,1
1620,471,0,122,453,263,0,0.5928999316467594,0.45813269229850556,0.2875958673498149,0.7276671709950131,27.0,0,0,0
1621,471,0,135,453,151,1,0.5,0.259815960152205,0.02496676103098077,0.740184039847795,31.0,1,1,1
1622,471,0,177,151,453,0,0.5866574180210122,0.37332084213323397,0.1941053545681117,0.7999939939087904,37.0,0,0,0
1623,471,0,253,151,453,0,0.7342435192289067,0.6016683849827948,0.3923667193581756,0.8668186534750186,87.0,0,0,0
1624,471,1,52,463,142,0,0.5,0.6065196024431121,0.045842927558413696,0.3934803975568879,5.0,1,1,1
1625,471,1,149,112,447,0,0.5,0.3521659430935721,0.1063824036444781,0.6478340569064279,13.0,0,1,0
1626,471,18,167,9,123,0,0.6861073362656409,0.9144774225168694,0.595792827608778,0.45773725001441257,9.0,0,0,0
1627,471,15,163,61,475,0,0.5,0.9778160515997397,0.10622550341603203,0.022183948400260278,4.0,1,1,1
1628,471,12,324,453,312,0,0.7659696495960218,0.7392464725385902,0.47742192571211384,0.7926928266534532,28.0,0,0,0
1629,471,13,283,21,65,0,0.5,0.3155346589762979,0.060570379524910636,0.684465341023702,6.0,1,1,1
1630,471,4,232,423,27,1,0.5,0.3418464301590652,0.15441589784683066,0.6581535698409349,13.0,1,1,1
1631,471,5,188,391,455,0,0.5,1.0,0.2207529513806345,0.0,3.0,0,1,1
1632,471,16,239,203,401,0,0.5,0.9089077992309592,0.29663089091006667,0.09109220076904079,4.0,0,1,0
1633,471,8,121,453,401,0,0.6879976824632565,0.7271723893990808,0.46099578478551273,0.6488229755274324,12.0,0,0,0
1634,494,12,55,52,452,0,0.5,0.3921107669951907,0.039124715901600646,0.6078892330048093,6.0,1,1,1
1635,494,12,163,456,52,0,0.8021973623342094,0.7650147142674709,0.6042710804792041,0.8393800104009477,65.0,0,0,0
1636,494,16,195,360,225,0,0.5,0.40271747745963077,0.01739103938534385,0.5972825225403693,4.0,1,1,1
1637,494,13,365,446,132,0,0.5,0.37521858641475025,0.19891371730726415,0.6247814135852497,19.0,0,1,0
1638,494,1,168,132,446,0,0.5,0.3339067455775747,0.007613274011184995,0.6660932544224253,18.0,1,1,1
1639,494,1,66,446,334,0,0.5805854148902316,0.43628285971520697,0.2678726011814398,0.7248879700652562,11.0,0,0,0
1640,494,0,105,26,117,0,0.5,0.41580846668792537,0.11915188626882946,0.5841915333120746,23.0,0,1,0
1641,494,0,76,26,117,0,0.5,0.4462328823956663,0.08421257098500529,0.5537671176043337,22.0,0,1,0
1642,494,0,147,117,446,0,0.5,0.28804011360844456,0.041469861505705925,0.7119598863915555,34.0,0,1,1
1643,494,0,351,446,117,0,0.5,0.3546244272853594,0.08419324872147174,0.6453755727146406,63.0,0,1,0
1644,494,17,111,26,117,0,0.5,0.5934296014426609,0.11898754646961882,0.4065703985573391,7.0,0,1,1
1645,494,14,317,241,117,1,0.7846180461830086,0.8062716323099739,0.5808465985230479,0.7629644600560432,43.0,0,0,0
1646,494,15,332,485,232,0,0.5,0.555399810389252,0.025103047791155162,0.444600189610748,10.0,1,1,1
1647,494,4,215,461,113,0,0.6008794509740357,0.5093723840321331,0.3106870473678337,0.6923865179159383,19.0,0,0,0
1648,494,19,4,20,0,0,0.5,1.0,0.99999999999898,0.0,1.0,1,1,1
1649,494,18,229,446,496,0,0.7070111488073318,0.6091810535400648,0.36381543418706813,0.8048412440745989,35.0,0,0,0
1650,227,18,99,2,463,0,0.817786125851223,0.9152753890305356,0.7503573615631461,0.7202968626719104,13.0,0,0,0
1651,227,0,183,2,453,1,0.7881812697471832,0.7337446986628341,0.5773138624480869,0.8426178408315322,63.0,0,0,0
1652,227,0,257,2,453,0,0.821603740806311,0.8066749923278779,0.6382465217084314,0.8365324892847441,84.0,0,0,0
1653,227,13,229,2,493,0,0.6167193064015125,0.783308700186188,0.46786881030906774,0.450129912616837,15.0,0,0,0
1654,227,1,246,2,311,0,0.6382227770631423,0.4333880039532531,0.2222770943191816,0.8430575501730315,30.0,0,0,0
1655,227,6,230,335,2,0,0.6313583026731641,0.6269862280435508,0.35497734317467544,0.6357303773027774,5.0,0,0,1
1656,227,12,162,2,477,1,0.727584079623893,0.6573548471894013,0.4677582893652108,0.7978133120583848,36.0,0,0,0
1657,227,3,99,164,68,0,0.5,0.5912696075810246,0.23316674800066847,0.40873039241897535,7.0,0,1,0
1658,315,15,225,112,457,0,0.5,0.5192885055881618,0.09041858250786482,0.48071149441183825,10.0,1,1,1
1659,315,1,126,246,112,0,0.5,0.26248585227654236,0.09314380627438656,0.7375141477234577,6.0,1,1,1
1660,315,0,76,35,357,0,0.5,0.24146221743617996,0.10468291861881474,0.75853778256382,20.0,0,1,0
1661,315,0,217,35,1,0,0.7243316840777028,0.6059770640116456,0.4331003664900913,0.84268630414376,59.0,0,0,0
1662,315,8,317,199,179,0,0.5,0.5126133062994532,0.33091429063852773,0.48738669370054677,11.0,0,1,0
1663,315,12,81,495,425,0,0.5,0.7178620559326633,0.06990344600947197,0.2821379440673367,4.0,1,1,1
1664,315,7,313,374,326,1,0.5,1.0,0.21467391228856128,0.0,2.0,1,1,1
1665,469,16,301,12,415,1,0.5,0.3399220651145757,0.0054914386251000025,0.6600779348854243,29.0,1,1,1
1666,469,16,286,415,203,0,0.5,0.3517857003016068,0.07665358910756087,0.6482142996983933,27.0,0,1,0
1667,469,15,80,12,4,0,0.5997565723799685,0.5571498631200268,0.31437216177010835,0.6423632816399103,14.0,0,0,0
1668,469,15,128,12,450,0,0.5,0.22411920099188135,0.023214875854670917,0.7758807990081187,16.0,1,1,1
1669,469,12,328,12,450,0,0.5,0.23251815390783548,0.04036262170284717,0.7674818460921645,51.0,0,1,0
1670,469,12,314,12,154,0,0.6868233616354057,0.6435890543767745,0.3071485102339199,0.7300576688940369,49.0,0,0,0
1671,469,13,314,12,174,0,0.5,0.3067436519407173,0.1225873813971665,0.6932563480592827,16.0,0,1,0
1672,469,14,317,12,174,0,0.5,0.39551783961204406,0.013516961291999802,0.604482160387956,37.0,1,1,1
1673,469,14,18,12,174,0,0.5,0.7912142059394618,0.06510601099343859,0.2087857940605382,5.0,1,1,1
1674,469,1,321,174,12,0,0.6257526396136167,0.5069113133851744,0.20120472185835275,0.7445939658420591,62.0,0,0,0
1675,469,1,362,174,203,0,0.5,0.19923453662408372,0.043226946282773654,0.8007654633759163,67.0,0,1,0
1676,469,0,184,174,12,0,0.5,0.2514145891894104,0.005920213523132232,0.7485854108105896,50.0,1,1,1
1677,469,0,344,174,12,0,0.5637167993260094,0.2738163637949452,0.10318276823385682,0.8536172348570736,123.0,0,0,0
1678,469,0,139,12,450,0,0.5651299248879399,0.3745664051278486,0.1919545590054797,0.7556934446480312,53.0,0,0,0
1679,469,19,188,4,174,0,0.6809546175354702,0.7369171898901997,0.4769545063486856,0.6249920451807406,18.0,0,0,0
1680,469,6,265,24,203,0,0.5,0.36569263561813475,0.05525364789931009,0.6343073643818653,7.0,1,1,1
1681,469,8,65,11,446,0,0.5,0.6775874572601007,0.20151804693571831,0.3224125427398993,3.0,1,1,1
1682,283,15,309,112,11,0,0.5,0.47623340110798174,0.09807888200405425,0.5237665988920183,4.0,1,1,1
1683,283,12,18,148,322,0,0.5,0.4406562140893596,0.05575688365664386,0.5593437859106404,7.0,1,1,1
1684,283,0,310,148,322,1,0.5,0.11660689335352693,0.02764243613924212,0.8833931066464731,90.0,1,1,1
1685,283,0,239,322,148,0,0.5,0.17397367833373828,0.08524965701937989,0.8260263216662618,101.0,0,1,0
1686,283,2,303,148,36,0,0.5,0.6710854669692592,0.15479453869047047,0.3289145330307408,10.0,1,1,1
1687,283,1,40,180,82,0,0.5,0.5509276322775686,0.19176111104744642,0.4490723677224314,5.0,0,1,0
1688,364,1,13,28,467,0,0.5,0.6861788625768088,0.4700630938198337,0.3138211374231912,3.0,0,1,0
1689,364,12,96,54,207,0,0.5,0.3639354160979106,0.10036895194311413,0.6360645839020894,6.0,1,1,1
1690,364,0,268,54,113,1,0.6757447154257178,0.6174443830884093,0.440026536274434,0.7340450477630263,38.0,0,0,0
1691,364,0,282,54,113,1,0.6931422239108082,0.7754707447645734,0.6283577155752719,0.6108137030570429,43.0,0,0,0
1692,364,4,44,108,90,0,0.5,0.7111837905176921,0.3039982819387877,0.2888162094823079,3.0,0,1,1
1693,364,15,132,49,323,0,0.5,0.7832178330865005,0.09057969231804608,0.2167821669134995,4.0,1,1,1
1694,462,1,310,93,301,0,0.608203528274727,0.361891070755101,0.19487156394104313,0.854515985794353,206.0,0,0,0
1695,462,1,9,93,301,0,0.5,0.6976113427744645,0.2662479921101371,0.30238865722553554,7.0,0,1,0
1696,462,1,62,93,301,0,0.5613535240615207,0.3486089277731857,0.20497775633006676,0.7740981203498557,40.0,0,0,0
1697,462,1,291,93,301,1,0.6186566593344365,0.37122587507357124,0.15586211981598397,0.8660874435953017,190.0,0,0,0
1698,462,1,107,93,301,0,0.5568527571667452,0.2500145641777534,0.12423636475653263,0.863690950155737,66.0,0,0,0
1699,462,0,99,467,323,0,0.5634818269459566,0.5337467706979095,0.34218764751795705,0.5932168831940037,25.0,0,0,0
1700,462,0,211,467,301,0,0.6371546426913883,0.46768434394995545,0.23995422667454952,0.8066249414328213,47.0,0,0,0
1701,462,0,260,467,301,0,0.5,0.19595157581025258,0.10086807981439878,0.8040484241897474,59.0,0,1,0
1702,462,16,252,323,334,0,0.6357618129294251,0.5894115303514451,0.29435792109906744,0.6821120955074051,25.0,0,0,0
1703,462,16,69,323,467,1,0.5,0.4311355907231623,0.2093823608662228,0.5688644092768377,8.0,0,1,0
1704,462,14,63,301,467,0,0.6875751523349949,0.7828155321988727,0.5341316589928877,0.5923347724711171,12.0,0,0,0
1705,462,12,143,467,323,0,0.6338703247188722,0.5070186669018195,0.33532422174322646,0.7607219825359248,33.0,0,0,0
1706,462,12,27,13,323,0,0.5,0.6350812814312844,0.032198541579933654,0.3649187185687156,5.0,1,1,1
1707,462,12,165,467,323,0,0.579979858773793,0.39923773501166104,0.17239897526861309,0.7607219825359249,33.0,0,0,0
1708,462,19,132,21,223,0,0.5,1.0,0.08842573136244107,0.0,4.0,1,1,1
1709,462,18,148,301,323,1,0.5669910873799863,0.4639011605343428,0.26937182796978765,0.6700810142256297,17.0,0,0,0
1710,462,15,297,301,495,0,0.606966175975988,0.4549752807957774,0.27794728552398,0.7589570711561986,31.0,0,0,0
1711,462,15,296,301,495,0,0.606966175975988,0.4549752807957774,0.2779472855239805,0.7589570711561986,31.0,0,0,0
1712,462,17,2,323,74,1,0.5,1.0,0.009901778952997927,0.0,1.0,1,1,1
1713,277,0,37,455,0,0,0.6597909185717568,0.6866849677571976,0.23299336696968342,0.6328968693863158,3.0,0,0,1
1714,277,0,97,123,460,0,0.5,0.7647205086540612,0.12050325991445177,0.23527949134593884,4.0,1,1,1
1715,277,15,234,223,100,0,0.5836248278087378,0.608710700749762,0.34032346117176365,0.5585389548677137,7.0,0,0,0
1716,277,1,25,30,494,0,0.5,0.5493493254963753,0.032361994233613384,0.4506506745036247,4.0,1,1,1
1717,277,1,43,301,247,0,0.5,0.6545277212180157,0.007568177250384599,0.3454722787819843,6.0,1,1,1
1718,277,6,12,274,0,0,0.5,1.0,0.9999999999988739,0.0,1.0,1,1,1
1719,277,18,62,301,91,0,0.6596109376422647,0.6448287018372028,0.2159320893209165,0.6743931734473266,4.0,0,0,1
1720,206,12,74,465,334,0,0.5919522983856875,0.46047951596884157,0.19666755715811354,0.7234250808025335,21.0,0,0,0
1721,206,16,1,334,445,0,0.0,0.0,0.0,0.0,1.0,1,1,1
1722,206,0,110,465,334,0,0.5979610120258838,0.3676883711874354,0.20273858450832327,0.8282336528643321,65.0,0,0,0
1723,206,0,364,465,334,0,0.7002914063581265,0.5958026194492942,0.39654393734386184,0.8047801932669586,189.0,0,0,0
1724,206,5,260,465,286,1,0.7884918127649423,0.7272798206914571,0.5374338957060694,0.8497038048384276,38.0,0,0,0
1725,206,19,138,465,334,0,0.5,0.1815935815212376,0.021329402039630945,0.8184064184787624,26.0,1,1,1
1726,206,13,310,23,326,0,0.5,0.14386842062015442,0.037015060756879804,0.8561315793798456,111.0,0,1,0
1727,206,13,17,334,214,0,0.5,0.4659207418767459,0.038783413206732634,0.5340792581232541,12.0,1,1,1
1728,206,6,220,23,326,1,0.5,0.4487798094445881,0.0794012532738951,0.5512201905554119,11.0,0,1,0
1729,206,1,53,465,334,0,0.684819840814004,0.6061166348294788,0.38749928659988414,0.7635230467985293,30.0,0,0,0
1730,206,1,316,465,214,1,0.7606758430811431,0.7173726673976208,0.5404249667586368,0.8039790187646654,124.0,0,0,0
1731,206,2,79,302,214,0,0.5,0.6026548423113913,0.16955646655240236,0.3973451576886087,7.0,0,1,1
1732,206,10,11,334,215,0,0.5,1.0,0.4620078316890266,0.0,3.0,0,1,0
1733,290,0,223,105,344,1,0.6329722185983779,0.42027198303486785,0.21654381140951695,0.845672454161888,78.0,0,0,0
1734,290,0,304,105,344,0,0.6371375985309122,0.44558322022096275,0.2401987246146641,0.8286919768408616,120.0,0,0,0
1735,290,0,139,344,105,1,0.5703391533161547,0.3473646866429057,0.20750262184130078,0.7933136199894038,51.0,0,0,0
1736,290,0,3,344,105,0,0.5,1.0,0.009901778953001353,0.0,3.0,1,1,1
1737,290,12,261,105,344,0,0.5,0.3210263094977434,0.044466867952825145,0.6789736905022565,27.0,1,1,1
1738,290,12,294,344,105,0,0.661318572604506,0.6274769207375668,0.3896789786516097,0.6951602244714452,43.0,0,0,0
1739,290,15,57,7,344,0,0.5,0.8102132551008207,0.14590206219210625,0.18978674489917935,6.0,0,1,0
1740,290,1,251,344,105,0,0.6813005576289541,0.5292050382979201,0.31447738165336625,0.8333960769599882,60.0,0,0,0
1741,290,1,323,105,344,1,0.5,0.21939387226328638,0.022086701616691476,0.7806061277367136,45.0,1,1,1
1742,290,17,123,105,7,0,0.5,0.2794512123583031,0.1274726327949438,0.7205487876416969,8.0,1,1,1
1743,290,13,193,7,105,0,0.6230181939199705,0.4879094132852007,0.29860429816351575,0.7581269745547402,43.0,0,0,0
1744,290,13,53,105,492,0,0.5,0.3172445070443989,0.12529063488507242,0.6827554929556011,8.0,0,1,0
1745,290,14,187,452,134,0,0.5,0.41598320029278885,0.03495751038355389,0.5840167997072112,11.0,1,1,1
1746,290,16,205,7,96,0,0.5,0.24326369169897863,0.13313409388596048,0.7567363083010213,12.0,1,1,1
1747,290,18,64,173,448,0,0.5,1.0,0.10296178682380194,0.0,3.0,1,1,1
1748,290,7,47,447,7,0,0.5,1.0,0.04947009763477185,0.0,1.0,1,1,1
1749,323,16,129,190,472,0,0.5,0.419464316677786,0.040838757157921256,0.580535683322214,7.0,1,1,1
1750,323,0,140,124,334,0,0.6615077815949547,0.6692537617310009,0.22611343328149777,0.6537618014589085,21.0,0,0,0
1751,323,0,233,35,112,0,0.5,0.3498100839305443,0.012456628577958213,0.6501899160694558,25.0,1,1,1
1752,323,0,157,124,334,0,0.6403415404995312,0.5815453780548299,0.18708307606127927,0.6991377029442324,23.0,0,0,0
1753,323,0,314,350,112,0,0.6326830425100995,0.535748423689557,0.19525347999993914,0.729617661330642,24.0,0,0,0
1754,323,1,337,112,190,0,0.5731135773799927,0.4484477819949366,0.19248680706763502,0.6977793727650489,84.0,0,0,0
1755,323,1,195,190,462,1,0.5,0.2138143436497557,0.10300443929774772,0.7861856563502443,42.0,0,1,0
1756,323,1,19,462,112,0,0.5,0.7904055902661258,0.17929289999533918,0.20959440973387422,5.0,0,1,0
1757,323,15,180,190,124,0,0.5,0.3567966834121216,0.035054045578217716,0.6432033165878783,21.0,1,1,1
1758,323,15,308,462,112,0,0.5725036214056844,0.3400577724531161,0.18228936288420944,0.8049494703582529,40.0,0,0,0
1759,323,12,337,190,447,0,0.7153516748306582,0.6220905560742604,0.3838110674692488,0.808612793587056,58.0,0,0,0
1760,323,12,191,124,462,0,0.5,0.3189720116228284,0.01260093730009259,0.6810279883771716,14.0,1,1,1
1761,323,2,229,190,468,0,0.5,0.38585129425213016,0.054049719406307956,0.6141487057478698,6.0,1,1,1
1762,323,19,297,473,112,0,0.5,1.0,0.06379343703546575,0.0,4.0,1,1,1
1763,323,4,192,33,108,0,0.5,0.5557814407176408,0.3038120610322901,0.4442185592823592,4.0,0,1,0
1764,323,13,338,190,414,0,0.6194241988957875,0.6190055677183282,0.27906148512200846,0.6198428300732468,15.0,0,0,0
1765,323,14,140,190,124,0,0.5,0.5585165935433785,0.02825417310619974,0.44148340645662154,8.0,1,1,1
1766,323,7,5,101,68,0,0.5,1.0,0.18554967268199446,0.0,3.0,1,1,1
1767,323,18,317,118,119,0,0.5,0.4451051363928289,0.08520614125318968,0.5548948636071711,10.0,1,1,1
1768,344,1,15,290,266,1,0.6628940690557786,0.8449821039666553,0.5371679167640124,0.480806034144902,7.0,0,0,0
1769,344,0,298,290,105,0,0.7657865313273715,0.7138771004608014,0.5353241092860415,0.8176959621939416,104.0,0,0,0
1770,344,12,47,290,499,0,0.6574672006084291,0.6733979162262833,0.4298410118799779,0.6415364849905749,7.0,0,0,0
1771,344,13,269,167,290,0,0.5,0.44608514827688595,0.28418199881691253,0.553914851723114,7.0,0,1,0
1772,344,18,208,223,290,0,0.5,0.5049508894765016,0.16481373652201697,0.4950491105234984,2.0,1,1,1
1773,12,12,266,18,450,0,0.7856037068804653,0.7166746141569893,0.4969475100846011,0.8545327996039414,69.0,0,0,0
1774,12,16,308,469,450,0,0.5,0.39756847348846003,0.11970463436330626,0.60243152651154,42.0,0,1,0
1775,12,19,181,190,69,0,0.5884468111870778,0.6538965833643288,0.3605379443750784,0.5229970390098266,8.0,0,0,0
1776,12,0,218,450,469,0,0.7260579406406446,0.6209664260396505,0.4081386610409645,0.8311494552416386,125.0,0,0,0
1777,12,0,75,450,469,0,0.5771255176396016,0.3728072104324274,0.19268913593080103,0.7814438248467758,40.0,0,0,0
1778,12,0,327,450,469,0,0.6069332550098229,0.3405724040563934,0.1373520569859236,0.8732941059632524,198.0,0,0,0
1779,12,1,145,18,450,0,0.7150860500056662,0.7260922305666472,0.3959258532858724,0.7040798694446851,18.0,0,0,0
1780,12,1,208,18,450,0,0.8390168336632168,0.816635895119977,0.6371017354452301,0.8613977722064565,54.0,0,0,0
1781,12,13,306,469,2,0,0.5,0.4229680289347484,0.004787969059129423,0.5770319710652516,15.0,1,1,1
1782,12,15,280,469,162,0,0.5,0.31184755419719906,0.12671043330894247,0.688152445802801,15.0,0,1,0
1783,12,15,183,450,368,0,0.6040216177787311,0.4317572192434105,0.14877567673688938,0.7762860163140517,20.0,0,0,0
1784,12,14,106,450,190,0,0.5,0.24732346116975132,0.13339309178679687,0.7526765388302487,17.0,0,1,0
1785,12,3,97,124,174,0,0.5,0.7375296304713516,0.4042433287268101,0.26247036952864844,4.0,0,1,0
1786,476,13,224,157,434,0,0.5,0.35899409782183667,0.004266205008212798,0.6410059021781633,27.0,1,1,1
1787,476,13,245,459,434,0,0.5,0.34136711559886257,0.12306292315300017,0.6586328844011374,33.0,0,1,0
1788,476,6,216,290,459,0,0.5,0.5428544913294768,0.2790393386838557,0.45714550867052317,7.0,0,1,0
1789,476,0,75,84,458,1,0.8692353553625456,0.8787895757466463,0.6778541124701996,0.859681134978445,50.0,0,0,0
1790,476,0,97,84,488,1,0.8429843988558452,0.7896886324716228,0.6311956229290606,0.8962801652400675,59.0,0,0,0
1791,476,0,337,84,466,0,0.8293888375092262,0.7625365355677687,0.5757880780216104,0.8962411394506837,217.0,0,0,0
1792,476,16,149,434,486,0,0.5,0.3685065441316243,0.14069876552159805,0.6314934558683757,10.0,0,1,0
1793,476,16,186,73,434,0,0.5,0.2952784988871656,0.040867296411719815,0.7047215011128344,7.0,1,1,1
1794,476,15,216,29,204,0,0.5,0.719834492523498,0.10368222199925808,0.28016550747650204,4.0,1,1,1
1795,476,12,176,246,32,0,0.5,0.2771457407098977,0.06010344057290231,0.7228542592901023,9.0,1,1,1
1796,476,1,65,423,312,0,0.5,0.4376148698505786,0.21161271248387026,0.5623851301494214,9.0,0,1,0
1797,476,1,296,459,246,0,0.6053314316891338,0.34126916844316724,0.19214900347653588,0.8693936949351005,46.0,0,0,0
1798,476,1,79,423,312,0,0.5,0.4376148698505786,0.07820969103020589,0.5623851301494214,9.0,1,1,1
1799,476,14,100,456,205,0,0.5,0.5227220826002323,0.0677004382718107,0.47727791739976766,4.0,1,1,1
1800,476,14,104,456,205,0,0.5,0.5227220826002323,0.06770043827180958,0.47727791739976766,4.0,1,1,1
1801,476,10,114,423,65,1,0.5,0.8776720485821667,0.09466315327799726,0.12232795141783326,3.0,1,1,1
1802,476,18,343,463,246,0,0.8807807789211388,0.9186663602563486,0.8483577410948967,0.8428951975859291,138.0,0,0,0
1803,105,1,48,290,63,0,0.5,0.43295492490082393,0.13089472173825636,0.567045075099176,6.0,0,1,0
1804,105,5,264,7,290,0,0.5767773902325634,0.3288179206773009,0.1315756160466569,0.8247368597878257,34.0,0,0,0
1805,105,17,47,445,326,0,0.6171452082373857,0.6462932858897126,0.2642560518713307,0.5879971305850589,5.0,0,0,0
1806,105,0,349,53,7,0,0.5876502113907335,0.36350737280048245,0.16099536814680893,0.8117930499809844,70.0,0,0,0
1807,105,0,166,290,67,0,0.5,0.1440821741672318,0.053689672373305734,0.8559178258327682,46.0,0,1,0
1808,105,8,110,224,22,0,0.5,0.6818773653758954,0.07739892150272235,0.3181226346241046,3.0,1,1,1
1809,105,16,190,7,290,1,0.5,0.419171057638305,0.10009935744012785,0.580828942361695,10.0,1,1,1
1810,105,13,139,7,290,0,0.6303493141021487,0.5637086500728814,0.31622325046471667,0.6969899781314159,29.0,0,0,0
1811,105,13,194,7,290,0,0.6120882752679111,0.45417432806364266,0.17297943593702278,0.7700022224721796,58.0,0,0,0
1812,105,12,205,7,99,0,0.7417255896636699,0.8736544955817686,0.58379630062391,0.6097966837455713,10.0,0,0,0
1813,105,10,184,7,53,1,0.5,0.7768953867957378,0.2402599964005639,0.22310461320426223,2.0,1,1,1
1814,66,1,113,168,424,0,0.5,0.358015479801112,0.015515338022678226,0.6419845201988881,8.0,1,1,1
1815,66,15,107,379,424,0,0.5,0.36399771429810057,0.18640622621805011,0.6360022857018994,8.0,0,1,0
1816,66,0,79,133,379,1,0.631726443526162,0.4186262311321179,0.20439793586125307,0.8448266559202062,43.0,0,0,0
1817,66,0,276,133,379,0,0.5,0.1900649363949667,0.04833870734544854,0.8099350636050333,125.0,0,1,0
1818,66,0,167,133,379,0,0.5,0.15062234651970335,0.01845403302726179,0.8493776534802966,81.0,1,1,1
1819,66,16,127,456,361,0,0.5999828585942323,0.47262870749974367,0.23677534600245356,0.7273370096887208,17.0,0,0,0
1820,66,12,363,379,133,0,0.6005293100442726,0.5087938755807742,0.2672375500944523,0.692264744507771,48.0,0,0,0
1821,66,17,169,357,224,0,0.5,1.0,0.2455377055856236,0.0,2.0,1,1,1
1822,66,14,363,379,133,0,0.5,0.2527978475041858,0.11432786654478087,0.7472021524958141,55.0,0,1,0
1823,66,3,97,379,478,0,0.5,0.5777961587368708,0.07816309584482131,0.42220384126312915,3.0,1,1,1
1824,66,18,296,379,50,1,0.7705799836861923,0.8975631847596237,0.48212442960732316,0.6435967826127609,9.0,0,0,0
1825,125,16,220,135,287,1,0.8072017461577417,0.7311985032131373,0.5652291041434062,0.8832049891023461,90.0,0,0,0
1826,125,14,211,135,287,0,0.69624546288813,0.5343938986564236,0.30682188082603995,0.8580970271198364,56.0,0,0,0
1827,125,17,179,135,287,0,0.7167640639636492,0.5847579403860211,0.37465458503061316,0.8487701875412774,99.0,0,0,0
1828,125,17,128,135,455,1,0.809639185061802,0.7508757323370628,0.5648831570697801,0.8684026377865411,59.0,0,0,0
1829,125,0,120,135,287,1,0.7495334523847805,0.6767492648371577,0.4756318329137935,0.8223176399324034,79.0,0,0,0
1830,125,0,14,135,111,0,0.5,0.6011012147039825,0.301891845223219,0.3988987852960175,11.0,0,1,0
1831,125,19,64,135,74,1,0.7100214357449461,0.7026008649375021,0.5366483601487656,0.7174420065523901,18.0,0,0,0
1832,125,2,359,135,287,0,0.7625751143471311,0.75010573710527,0.5547459185907989,0.7750444915889922,67.0,0,0,0
1833,125,1,294,135,466,1,0.8273531261821128,0.8181655823737146,0.6718830107947713,0.8365406699905109,183.0,0,0,0
1834,125,1,151,135,287,1,0.8007278314860138,0.7682723444178866,0.5997727467698177,0.8331833185541409,102.0,0,0,0
1835,125,18,33,135,448,0,0.5994087350428952,0.6422326367644069,0.40474379976841107,0.5565848333213834,9.0,0,0,0
1836,125,15,56,135,74,0,0.737083193329382,0.7255738386555001,0.5112991434442622,0.7485925480032638,27.0,0,0,0
1837,125,13,58,135,83,1,0.6502258759305831,0.7830179909118181,0.5573273421410616,0.5174337609493481,12.0,0,0,0
1838,125,12,9,412,135,0,0.5,1.0,0.014680578788545354,0.0,2.0,1,1,1
1839,125,7,109,135,11,1,0.6049962200073548,0.7274347537686315,0.4836705825041163,0.482557686246078,8.0,0,0,0
1840,135,0,250,125,466,0,0.5527332544259218,0.22260084798228058,0.07874261540035414,0.8828656608695631,150.0,0,0,0
1841,135,0,192,125,466,0,0.5621243999915384,0.2541095946173337,0.12303148647817544,0.8701392053657431,123.0,0,0,0
1842,135,0,189,125,466,1,0.5658197973691013,0.26922500707508545,0.11258934117941298,0.862414587663117,121.0,0,0,0
1843,135,0,231,125,466,0,0.5539127905716301,0.2643489151272358,0.10882288967019156,0.8434766660160244,142.0,0,0,0
1844,135,0,273,125,466,1,0.5851980205278342,0.36612969311432203,0.11009891549782679,0.8042663479413464,169.0,0,0,0
1845,135,13,139,51,125,0,0.5,0.35378093572220703,0.08349962242713244,0.646219064277793,13.0,0,1,0
1846,135,13,296,51,466,0,0.767517698392721,0.6879006766310458,0.4800724730614295,0.8471347201543963,100.0,0,0,0
1847,135,14,230,83,466,0,0.5,0.20225200976026406,0.07091781404470895,0.797747990239736,48.0,0,1,0
1848,135,14,103,466,0,0,0.5,0.15400142769272318,0.04618487973718755,0.8459985723072768,28.0,0,1,0
1849,135,14,220,83,466,0,0.5,0.20090333481679803,0.08549766833103548,0.799096665183202,46.0,0,1,0
1850,135,1,108,125,287,0,0.5,0.20361031991502027,0.11088220007887098,0.7963896800849797,37.0,0,1,0
1851,135,1,144,125,287,0,0.5716454247179319,0.3276662648246559,0.15374232173177244,0.8156245846112079,55.0,0,0,0
1852,135,1,328,125,287,0,0.5,0.18380906038628478,0.04515254121623143,0.8161909396137152,120.0,0,1,0
1853,135,17,114,125,455,1,0.5699006933032854,0.45537445570249796,0.2603127121272544,0.6844269309040729,29.0,0,0,0
1854,135,17,163,125,287,0,0.5811675196572538,0.4093464317365972,0.17156821748505074,0.7529886075779103,43.0,0,0,0
1855,135,15,294,125,466,1,0.5912673125134863,0.384001273695056,0.11616655290834456,0.7985333513319166,59.0,0,0,0
1856,135,16,271,125,466,0,0.7478543032933838,0.713005817283564,0.46368008491188095,0.7827027893032035,50.0,0,0,0
1857,135,16,178,125,287,1,0.5,0.2784672271840411,0.08376156823912405,0.7215327728159588,31.0,0,1,0
1858,135,12,236,0,257,0,0.5,0.2620080536941775,0.14960106732060582,0.7379919463058224,65.0,0,1,0
1859,135,12,160,466,0,0,0.5681929391453986,0.32294513334614217,0.18388065944656898,0.8134407449446551,49.0,0,0,0
1860,135,12,82,0,466,0,0.5,0.25737069562537923,0.017549615509314193,0.7426293043746208,28.0,1,1,1
1861,135,19,146,125,0,0,0.5,0.3734606151181987,0.15851767429339583,0.6265393848818013,20.0,0,1,0
1862,135,2,273,125,0,0,0.5865989528287993,0.3545391489554415,0.19514049582030507,0.818658756702157,31.0,0,0,0
1863,135,7,286,125,448,0,0.6043430419635778,0.4786493232659177,0.3076658933521087,0.7300367606612378,26.0,0,0,0
1864,455,0,340,236,77,0,0.5827602794058335,0.34029548626535755,0.1487840746960535,0.8252250725463096,139.0,0,0,0
1865,455,0,149,236,1,0,0.7598923187253497,0.636926100756921,0.46605790410814546,0.8828585366937782,72.0,0,0,0
1866,455,0,309,236,77,0,0.5,0.19324689448061433,0.03192839716152148,0.8067531055193857,126.0,0,1,0
1867,455,0,318,236,77,0,0.5754351162659528,0.3065026693392985,0.11154736758576148,0.8443675631926071,130.0,0,0,0
1868,455,0,64,236,77,0,0.7235453373761314,0.6790463730293156,0.44932789776295506,0.7680443017229471,32.0,0,0,0
1869,455,14,17,5,236,0,0.5,0.43020381821337184,0.14867596463343136,0.5697961817866282,5.0,0,1,0
1870,455,15,87,236,77,0,0.6666539095213686,0.7005616464310017,0.5095328175383883,0.6327461726117354,18.0,0,0,0
1871,455,15,201,236,201,0,0.6801901717379601,0.5309288520298459,0.3365064317708781,0.8294514914460744,32.0,0,0,0
1872,455,12,325,133,201,0,0.5,0.21946079895582646,0.11852438658179809,0.7805392010441735,42.0,0,1,0
1873,455,1,41,77,14,0,0.5,0.4476337654921547,0.11378038553505522,0.5523662345078453,8.0,0,1,0
1874,455,1,118,77,168,0,0.5616031143984908,0.3265402917943404,0.13111603246450923,0.7966659370026412,33.0,0,0,0
1875,455,1,315,77,168,0,0.5,0.4123471461390324,0.08507271963792551,0.5876528538609676,71.0,0,1,0
1876,455,16,357,236,484,0,0.5,0.26290846084888786,0.14565655525640736,0.7370915391511121,22.0,0,1,0
1877,455,6,287,453,467,0,0.5,0.6776731197928146,0.10355255312525684,0.32232688020718536,3.0,1,1,1
1878,455,18,253,301,77,0,0.7175180958893874,0.7577653835219221,0.46030921469723163,0.6772708082568528,15.0,0,0,0
1879,455,13,288,489,157,0,0.5,0.597503489116359,0.18273204095294437,0.402496510883641,6.0,0,1,1
1880,455,17,313,236,175,0,0.5,0.44673222926604594,0.103245918099844,0.5532677707339541,16.0,0,1,0
1881,455,2,131,236,46,0,0.7484962253787514,0.7276618801115453,0.4671957404787491,0.7693305706459574,19.0,0,0,0
1882,202,12,169,89,499,0,0.6238614177372832,0.6435626880984157,0.24727268827814403,0.6041601473761509,14.0,0,0,0
1883,202,0,186,89,499,0,0.5,0.2966884109166143,0.044573886719809594,0.7033115890833856,34.0,0,1,0
1884,202,0,221,89,499,0,0.5,0.1723329461915038,0.07193345010079957,0.8276670538084963,53.0,0,1,0
1885,202,1,169,112,223,1,0.5,0.43174808992766334,0.011852119068121296,0.5682519100723367,10.0,1,1,1
1886,202,16,209,89,499,0,0.5,0.2956177325410457,0.12069485384524133,0.7043822674589544,28.0,0,1,0
1887,202,19,184,89,499,1,0.5,0.633257799930073,0.20483746312933077,0.36674220006992697,13.0,0,1,0
1888,202,17,348,89,270,0,0.5,0.20485351993716927,0.11115458975001213,0.7951464800628307,49.0,0,1,0
1890,337,14,252,213,48,1,0.5,0.37191762065009826,0.049809014883089024,0.6280823793499017,41.0,1,1,1
1891,337,14,138,192,48,0,0.5,0.29326008143271176,0.010520416674220805,0.7067399185672882,21.0,1,1,1
1892,337,12,119,16,151,0,0.5949422374956851,0.4963999604842004,0.24141486926179598,0.6934845145071699,18.0,0,0,0
1893,337,0,189,253,192,0,0.5,0.4245898346640857,0.06963330757375423,0.5754101653359143,26.0,0,1,0
1894,337,0,155,192,16,1,0.6676335035558454,0.5898940116333797,0.3609684036247256,0.745372995478311,31.0,0,0,0
1895,337,0,4,48,128,0,0.5,1.0,0.019801616452026938,0.0,1.0,1,1,1
1896,337,18,16,326,324,0,0.5,1.0,0.08888373742524561,0.0,2.0,1,1,1
1897,465,15,357,206,334,1,0.8847516083640138,0.9145786602878606,0.826476030434416,0.854924556440167,176.0,0,0,0
1898,465,15,104,334,206,0,0.5597531207775274,0.2953506614462056,0.09847846828542162,0.8241555801088492,22.0,0,0,0
1899,465,13,358,334,214,0,0.5611059119837902,0.26404199745070955,0.13673063625284185,0.8581698265168709,220.0,0,0,0
1900,465,13,70,334,206,0,0.712364443969369,0.6014411992781971,0.3945999880568228,0.8232876886605411,51.0,0,0,0
1901,465,13,109,334,214,1,0.7046386534400055,0.5882429729380252,0.36042008903472533,0.8210343339419859,81.0,0,0,0
1902,465,1,179,293,334,0,0.5,0.3212784748455787,0.03801312498291907,0.6787215251544213,21.0,1,1,1
1903,465,1,54,334,23,0,0.6217042201617943,0.5175284734780077,0.1739779056136445,0.7258799668455809,19.0,0,0,0
1904,465,1,10,334,312,1,0.5,0.5760968709949014,0.34866827513803894,0.42390312900509863,10.0,0,1,0
1905,465,5,275,334,324,1,0.5,0.532739581007532,0.13796214134254528,0.46726041899246795,29.0,0,1,0
1906,465,16,59,334,206,0,0.5,0.2430399511300569,0.02708068255191398,0.7569600488699431,17.0,1,1,1
1907,465,0,20,334,206,0,0.5,0.3502286182679771,0.12560283142790005,0.649771381732023,20.0,0,1,0
1908,465,0,251,206,334,0,0.5,0.15496520916222437,0.009775936590927833,0.8450347908377757,137.0,1,1,1
1909,465,0,7,334,206,1,0.5,0.8661661464419604,0.22060081907537119,0.13383385355803956,8.0,0,1,0
1910,465,0,62,334,206,0,0.5,0.16245388888504103,0.0503724919613236,0.8375461111149589,50.0,0,1,0
1911,465,7,12,334,214,1,0.701243622496303,1.0,0.5825323516825671,0.40248724499260613,7.0,0,0,0
1912,465,19,76,334,206,0,0.5683446269809169,0.3419730016747584,0.18613322388582038,0.7947162522870755,32.0,0,0,0
1913,465,17,225,334,23,0,0.6797885297526012,0.5463060943620839,0.3558978392006309,0.8132709651431186,37.0,0,0,0
1914,465,3,294,334,459,1,0.5,0.3871900753843626,0.106597531469254,0.6128099246156373,15.0,1,1,1
1915,465,12,321,446,206,0,0.7800523197417716,0.7337224760315895,0.566470907885175,0.8263821634519537,86.0,0,0,0
1916,465,14,261,334,206,1,0.65072592826997,0.6580132770942109,0.41540435747970694,0.6434385794457291,63.0,0,0,0
1917,465,18,261,23,326,0,0.5892184314877741,0.3834069939463918,0.12520631629977308,0.7950298690291564,57.0,0,0,0
1918,465,18,195,334,206,1,0.5,0.2196386048594517,0.09090630631029081,0.7803613951405484,25.0,1,1,1
1919,465,4,156,334,206,0,0.5,0.4599046749474522,0.2070910936285129,0.5400953250525478,4.0,1,1,1
1920,64,1,117,11,127,0,0.5,0.6398834970787266,0.031915153837253005,0.3601165029212734,7.0,1,1,1
1921,64,17,72,423,11,0,0.5,0.6001368216353742,0.013823313395905742,0.3998631783646258,3.0,1,1,1
1922,64,5,129,446,10,0,0.5,0.6062617911819069,0.04406324139831901,0.39373820881809307,6.0,1,1,1
1923,64,13,120,423,157,0,0.5,0.22180006519096296,0.09134760895907534,0.778199934809037,27.0,0,1,0
1924,64,13,61,423,459,0,0.5823662156101246,0.46300546626531586,0.19660000570171451,0.7017269649549334,15.0,0,0,0
1925,64,0,360,461,459,0,0.5,0.7115013097507741,0.05271673323821847,0.2884986902492259,14.0,1,1,1
1926,64,0,60,11,283,0,0.5,0.8734205793714955,0.12434920055639925,0.12657942062850447,5.0,1,1,1
1927,64,6,336,446,11,0,0.5,0.3489448387859144,0.08165366719989539,0.6510551612140856,13.0,1,1,1
1928,64,9,342,469,463,0,0.5,1.0,0.36624721695693646,0.0,1.0,1,1,1
1929,487,0,336,480,30,0,0.5,0.1642372832199221,0.017802593561655953,0.8357627167800779,118.0,1,1,1
1930,487,0,5,96,480,0,0.5,1.0,0.009901778953001966,0.0,5.0,1,1,1
1931,487,0,163,36,480,1,0.5957599467919916,0.40049621303526284,0.1920979764028246,0.7910236805487205,64.0,0,0,0
1932,487,0,260,480,36,0,0.5,0.20902810700888405,0.07932493035230083,0.7909718929911159,94.0,0,1,0
1933,487,14,342,30,36,1,0.6576670085906386,0.6355587496831991,0.4422284244420218,0.679775267498078,25.0,0,0,0
1934,487,14,208,94,36,0,0.5,0.5318937046270595,0.1562448517827009,0.46810629537294046,9.0,0,1,0
1935,487,9,322,472,5,0,0.5,0.49404181571518535,0.05484759860494299,0.5059581842848146,15.0,1,1,1
1936,487,18,10,480,301,0,0.5,0.6600439093131496,0.1761611938200705,0.3399560906868504,3.0,1,1,1
1937,487,17,207,2,480,1,0.5,0.6501353697883461,0.29242319998599176,0.3498646302116539,5.0,0,1,0
1938,487,1,207,447,16,0,0.5,0.22551534158263564,0.03668816417229794,0.7744846584173644,11.0,1,1,1
1939,487,16,47,16,434,1,0.5,0.47193159229810633,0.18451293717155662,0.5280684077018937,7.0,0,1,0
1940,487,2,120,36,337,0,0.6893569407371977,0.8734332621254617,0.4233579528452793,0.5052806193489336,6.0,0,0,0
1941,487,12,323,16,462,1,0.5,0.25169383954269564,0.05753320788933418,0.7483061604573044,33.0,1,1,1
1942,487,12,134,36,233,0,0.5,0.4236284721235048,0.20268584106938176,0.5763715278764951,22.0,0,1,0
1943,487,8,81,99,463,1,0.5,1.0,0.13774814446148953,0.0,1.0,1,1,1
1944,78,0,223,396,475,0,0.5,0.31328697095631597,0.16828258514706976,0.686713029043684,9.0,0,1,0
1945,78,0,352,439,477,0,0.6469462892120648,0.4887016204873374,0.22214166803199054,0.8051909579367922,32.0,0,0,0
1946,78,15,148,41,497,0,0.6205786354126952,0.6868853482378944,0.48501738691011326,0.5542719225874959,14.0,0,0,0
1947,78,16,147,475,155,0,0.5,0.4878176464071145,0.03727194969016417,0.5121823535928856,6.0,1,1,1
1948,78,1,71,439,457,0,0.5,0.31595200535841855,0.08484182888066615,0.6840479946415814,5.0,1,1,1
1949,78,12,78,204,155,0,0.5,0.43596206297449414,0.11594538897320097,0.5640379370255059,5.0,1,1,1
1950,78,5,191,438,58,0,0.5,0.544441868712635,0.13483515255221307,0.455558131287365,2.0,1,1,1
1951,78,3,64,484,219,0,0.5,0.4531834687079751,0.014472641243422313,0.5468165312920249,3.0,1,1,1
1952,78,18,301,477,261,0,0.5,0.7297902670754022,0.14710979162084378,0.2702097329245978,5.0,1,1,1
1953,78,13,21,219,339,0,0.5,1.0,0.019801616452024256,0.0,1.0,1,1,1
1954,427,0,315,135,83,1,0.5820755670778534,0.37909699013924164,0.126571044209511,0.785054144016465,128.0,0,0,0
1955,427,3,247,177,425,0,0.5,1.0,0.12802097993880057,0.0,1.0,1,1,1
1956,427,14,299,83,24,0,0.5,0.6487596338837617,0.28236305924529265,0.3512403661162383,40.0,0,1,0
1957,427,1,298,135,146,0,0.5,0.3109117988166011,0.11816948919200256,0.689088201183399,12.0,0,1,1
1958,143,14,284,1,262,1,0.5,0.4698944574099175,0.1584691376562316,0.5301055425900825,13.0,0,1,0
1959,143,12,182,1,489,0,0.5,0.6142664950228873,0.2881601450464684,0.3857335049771127,12.0,0,1,0
1960,143,3,113,98,346,0,0.5,0.5148487862827442,0.04966568712338462,0.4851512137172558,2.0,1,1,1
1961,143,0,177,368,489,0,0.5,0.31593187674456896,0.0633004601884103,0.6840681232554311,29.0,0,1,0
1962,143,0,7,296,31,0,0.5,1.0,0.15690691204534274,0.0,3.0,1,1,1
1963,143,0,8,296,31,0,0.5,1.0,0.15690691204534205,0.0,3.0,1,1,1
1964,143,1,160,312,142,0,0.5,0.33116387203666187,0.14286319229407665,0.6688361279633381,12.0,0,1,0
1965,143,1,325,319,484,0,0.5,0.3871994371625798,0.17259014256433403,0.6128005628374202,12.0,0,1,0
1966,143,18,36,457,488,1,0.5,1.0,0.019801616452026938,0.0,1.0,1,1,1
1967,143,19,306,17,5,0,0.5,0.619961631161465,0.056736025896321526,0.38003836883853503,7.0,1,1,1
1968,143,4,181,467,122,0,0.5,1.0,0.10411215562526852,0.0,1.0,1,1,1
1969,49,0,238,19,62,0,0.5,0.37629564217381933,0.05836371086401006,0.6237043578261807,14.0,1,1,1
1970,49,0,342,2,19,0,0.6132323542136381,0.5311297065223652,0.21460065675305415,0.6953350019049109,30.0,0,0,0
1971,49,17,194,55,2,0,0.5,0.6002675654586466,0.0893233779960411,0.39973243454135343,7.0,1,1,1
1972,49,14,101,17,71,0,0.5,0.8414748274375329,0.4543394183606933,0.15852517256246712,6.0,0,1,0
1973,49,1,9,148,71,0,0.7450495958869907,1.0,0.5840018620340828,0.4900991917739813,4.0,0,0,0
1974,49,15,283,42,1,0,0.5,0.748843543643757,0.15837241497976387,0.25115645635624295,5.0,0,1,1
1975,49,8,301,2,244,0,0.5,0.31246527414890407,0.004143117128562001,0.687534725851096,10.0,1,1,1
1976,49,13,188,103,196,0,0.7075759083860949,0.584733872085427,0.32938450489361415,0.8304179446867628,32.0,0,0,0
1977,49,5,231,250,6,0,0.5,1.0,0.29317713845671095,0.0,2.0,1,1,1
1978,428,0,193,27,2,0,0.7531694103906492,0.6630954900020615,0.42126411483142523,0.843243330779237,48.0,0,0,0
1979,428,14,154,27,179,0,0.8659595547032373,0.879925911030644,0.7557686057586896,0.8519931983758307,35.0,0,0,0
1980,428,12,178,27,167,0,0.8557632535757651,0.8945796793329537,0.7803949261397495,0.8169468278185766,57.0,0,0,0
1981,428,1,41,2,462,1,0.5,0.6988289740926056,0.10141164610308973,0.3011710259073944,3.0,1,1,1
1982,140,0,250,340,79,0,0.5,0.2218513156274015,0.10381983415148775,0.7781486843725984,35.0,0,1,0
1983,140,0,145,340,101,0,0.5,0.2702910024066841,0.09800580573474496,0.729708997593316,21.0,0,1,0
1984,140,17,198,340,179,0,0.5,0.28446713721093364,0.12826745215556065,0.7155328627890664,23.0,0,1,0
1985,140,1,246,478,340,0,0.5,0.2901172072174372,0.02384131047851508,0.7098827927825628,7.0,1,1,1
1986,140,15,106,124,223,0,0.5,0.518026394072164,0.15779561339425444,0.481973605927836,10.0,0,1,0
1987,140,13,339,90,8,1,0.5,0.21423466168420194,0.04901379540134769,0.7857653383157981,14.0,1,1,1
1988,140,12,278,340,481,0,0.5,0.4073262881005936,0.08620062563975438,0.5926737118994063,8.0,1,1,1
1989,140,3,300,453,181,0,0.5,1.0,0.08510232288077559,0.0,2.0,1,1,1
1990,472,16,310,456,26,1,0.5,0.7886136913459056,0.1635515033614549,0.21138630865409436,4.0,0,1,0
1991,472,1,139,1,248,0,0.6571764596797084,0.6382802615401424,0.3793134137743918,0.6760726578192744,31.0,0,0,0
1992,472,1,186,489,1,0,0.5,0.14832253899437645,0.01901519302633824,0.8516774610056236,30.0,1,1,1
1993,472,1,280,1,458,0,0.5,0.3242535757168938,0.1082693598937292,0.6757464242831062,54.0,0,1,0
1994,472,0,81,487,197,0,0.5,0.23381914251814545,0.05231382561739311,0.7661808574818545,12.0,1,1,1
1995,472,0,309,490,489,0,0.5,0.18160541685807233,0.05960339014364963,0.8183945831419277,57.0,0,1,0
1996,472,0,330,490,1,0,0.5,0.23281974657208243,0.05007364388675175,0.7671802534279175,66.0,0,1,0
1997,472,0,150,212,1,0,0.5,0.5478918596067848,0.0015266624062181885,0.45210814039321523,22.0,1,1,1
1998,472,0,9,36,212,0,0.5,0.819181078525192,0.06944101230956297,0.18081892147480805,6.0,1,1,1
1999,472,15,357,489,457,0,0.6036634259928395,0.45758313306262766,0.14840529943119887,0.7497437189230514,25.0,0,0,0
2000,472,15,191,1,465,0,0.5978216714823475,0.4892757161708263,0.20900447464963584,0.7063676267938688,18.0,0,0,0
2001,472,12,111,490,15,0,0.5,0.2119555457226326,0.036207815882233436,0.7880444542773675,16.0,1,1,1
2002,472,12,255,489,201,0,0.5,0.352521223759925,0.054866668985631,0.647478776240075,24.0,1,1,1
2003,472,12,57,455,201,0,0.5,0.3130652198256631,0.014205306060632857,0.6869347801743368,9.0,1,1,1
2004,472,12,304,489,1,0,0.5,0.21855204950123322,0.06978743700115783,0.7814479504987668,31.0,1,1,1
2005,472,14,28,448,201,0,0.5,0.6160241128423394,0.22448026910717328,0.3839758871576606,5.0,0,1,0
2006,472,14,249,489,122,0,0.5,0.31439253173768716,0.09033647675500048,0.6856074682623128,16.0,0,1,1
2007,472,13,206,446,212,0,0.7262843608246776,0.9136563532854683,0.8119024636418958,0.538912368363887,26.0,0,0,0
2008,472,17,356,167,235,0,0.5,0.616637644100981,0.11253088131301321,0.383362355899019,2.0,1,1,1
2009,472,6,155,335,315,0,0.5,0.7628643887528621,0.07752690450758609,0.2371356112471379,2.0,1,1,1
2010,194,0,40,117,366,0,0.5,0.3064846317539464,0.07525028704449402,0.6935153682460535,6.0,1,1,1
2011,194,0,258,456,54,0,0.5,0.4557196683743116,0.0010624254290708427,0.5442803316256883,13.0,1,1,1
2012,194,14,34,112,357,0,0.5,1.0,0.04424163028844223,0.0,2.0,1,1,1
2013,194,12,301,256,201,0,0.5,0.9142142582885531,0.24086354455736067,0.08578574171144693,4.0,0,1,0
2014,194,1,307,168,88,0,0.549951156857488,0.3913312076124134,0.18292937000456766,0.7085711061025625,34.0,0,0,0
2015,194,15,14,452,463,0,0.5,1.0,0.3289470201220535,0.0,2.0,1,1,1
2016,194,4,292,16,241,0,0.5,1.0,0.5185262648778073,0.0,1.0,1,1,1
2017,268,1,140,463,450,0,0.5,0.4270986503022681,0.06047564398892994,0.5729013496977319,11.0,1,1,1
2018,268,1,126,450,312,0,0.5,0.4073561117399698,0.13026329801911257,0.5926438882600302,12.0,0,1,0
2019,268,19,8,217,12,0,0.5,0.5099008082260186,0.04460338006529438,0.4900991917739814,2.0,1,1,1
2020,268,12,287,478,18,0,0.5,0.43933473993113437,0.08484953808259046,0.5606652600688656,22.0,1,1,1
2021,268,12,354,203,18,0,0.5,0.5286218650448065,0.13017788447848563,0.47137813495519354,12.0,0,1,0
2022,268,0,118,450,385,0,0.5,0.28627882942881233,0.018516767197653862,0.7137211705711877,20.0,1,1,1
2023,268,0,294,385,450,0,0.7854296013897502,0.6748873043383035,0.46491942331352387,0.895971898441197,139.0,0,0,0
2024,268,0,300,385,450,0,0.7469349719059217,0.633716143899344,0.4186503978901146,0.8601537999124993,143.0,0,0,0
2025,268,0,102,385,42,0,0.5,0.24343513708534778,0.021653002471781004,0.7565648629146522,28.0,1,1,1
2026,268,7,282,28,42,0,0.7222175868791735,0.6824777192011595,0.35310194117088817,0.7619574545571874,10.0,0,0,0
2027,268,15,159,478,29,0,0.6957774888904007,0.5156672667775039,0.2717871799531796,0.8758877110032975,23.0,0,0,0
2028,268,16,360,18,450,1,0.7200346764828578,0.7470946815834445,0.49083256535872355,0.6929746713822711,29.0,0,0,0
2029,268,16,10,24,269,1,0.5,1.0,0.5074382843877745,0.0,3.0,0,1,0
2030,268,13,218,70,212,0,0.5898477564097809,0.38197486277317,0.2033374608128069,0.7977206500463919,28.0,0,0,0
2031,268,13,198,70,69,0,0.6236747731276769,0.49394011489759726,0.2761238088944293,0.7534094313577566,26.0,0,0,0
2032,268,17,138,69,312,0,0.5,0.3257606703025068,0.17282599650447542,0.6742393296974931,9.0,0,1,0
2033,268,14,214,481,29,0,0.5,0.2434547741116408,0.10376672419720781,0.7565452258883592,19.0,0,1,1
2034,268,14,49,213,131,0,0.5,0.45382377400574075,0.0929021960657094,0.5461762259942593,5.0,1,1,1
2035,268,2,357,68,240,0,0.5,0.5817867409688132,0.19624309912107865,0.4182132590311868,7.0,0,1,1
2036,268,18,315,29,491,0,0.5,0.388609304039211,0.16211177428114393,0.611390695960789,15.0,1,1,1
2037,268,5,74,6,102,0,0.5,0.34208219498356457,0.016465731058182834,0.6579178050164354,5.0,1,1,1
2038,251,0,301,44,399,0,0.6429058987140202,0.8438411861931171,0.4047195399346412,0.4419706112349233,17.0,0,0,0
2039,251,0,353,159,379,0,0.5,0.4638131702131859,0.15424514579485393,0.5361868297868141,17.0,0,1,0
2040,251,0,162,450,207,0,0.5,0.4701560330011645,0.06748062869119101,0.5298439669988355,8.0,1,1,1
2041,251,1,308,312,111,0,0.7131676701884864,0.7168068373312131,0.473934034448107,0.7095285030457597,39.0,0,0,0
2042,251,9,315,44,327,0,0.7172109727437126,0.9999999999999999,0.6932205073776672,0.4344219454874253,5.0,0,0,0
2043,251,14,319,112,472,0,0.5,0.8776931000439548,0.36759066839587373,0.12230689995604516,5.0,0,1,0
2044,20,0,137,44,103,0,0.6606876965355477,0.6479526521326445,0.2198261449093943,0.673422740938451,14.0,0,0,0
2045,20,0,315,44,493,0,0.8391121699493587,0.829110650897619,0.6733898747447371,0.8491136890010984,131.0,0,0,0
2046,20,0,185,44,35,0,0.8018505827238753,0.7613680530440229,0.5997272449499814,0.8423331124037277,45.0,0,0,0
2047,20,16,140,253,268,0,0.5,0.40389608632613444,0.0022613921777894495,0.5961039136738655,3.0,1,1,1
2048,20,1,280,6,105,0,0.5,0.28097283486682545,0.13361107549871237,0.7190271651331746,11.0,1,1,1
2049,20,17,300,371,284,0,0.5,0.7686862638216463,0.3253055581412096,0.2313137361783537,7.0,0,1,0
2050,20,13,216,493,90,1,0.7375741101656317,0.6445803616909749,0.42363483196194746,0.8305678586402885,77.0,0,0,0
2051,20,13,8,356,103,0,0.5,0.742525133341485,0.3200878186262437,0.25747486665851504,4.0,0,1,0
2052,20,5,196,493,431,0,0.6439161911601246,0.6715405640470292,0.29391734304581235,0.61629181827322,13.0,0,0,0
2053,20,12,42,35,79,0,0.5,0.6732458497880727,0.10136985279041,0.32675415021192733,3.0,1,1,1
2054,20,7,303,181,8,0,0.5,1.0,0.01980161645202675,0.0,1.0,1,1,1
2055,189,6,106,81,235,0,0.5,1.0,0.24261666140343696,0.0,2.0,1,1,1
2056,189,17,208,235,375,1,0.6914846754825366,0.6716618509773145,0.34919666288898255,0.7113074999877588,18.0,0,0,0
2057,189,1,362,235,460,1,0.7007623977211995,0.6430408434694659,0.43656824364664076,0.7584839519729332,103.0,0,0,0
2058,189,4,268,235,460,1,0.6601103108938833,0.5127028059027104,0.2234953862345951,0.8075178158850561,41.0,0,0,0
2059,189,0,89,235,460,1,0.6529929973659265,0.5948179663217364,0.3580478398748095,0.7111680284101165,17.0,0,0,0
2060,189,10,359,235,262,0,0.6707347638238594,0.7106549970035928,0.33630124549457885,0.6308145306441262,15.0,0,0,0
2061,189,2,12,171,260,1,0.5,1.0,0.00990177895299774,0.0,1.0,1,1,1
2062,189,12,269,235,134,0,0.8457675994922444,0.8879143410981446,0.7491214239207362,0.8036208578863442,38.0,0,0,0
2063,212,16,3,208,193,0,0.5,1.0,0.31117228118261586,0.0,2.0,1,1,1
2064,212,0,34,179,36,0,0.5,0.2661110411427612,0.011894999095838979,0.7338889588572388,14.0,1,1,1
2065,212,0,176,179,149,1,0.6133912782212987,0.4563328898482957,0.15726566418053153,0.7704496665943017,61.0,0,0,0
2066,212,0,295,179,149,0,0.5990677176091119,0.3135227013249366,0.1537410644992121,0.8846127338932873,112.0,0,0,0
2067,212,0,98,179,149,0,0.5,0.16894950842808573,0.06671961499021473,0.8310504915719142,28.0,0,1,0
2068,212,0,220,179,149,0,0.5,0.22332438807493485,0.07302445084769284,0.7766756119250652,86.0,0,1,0
2069,212,12,346,179,233,0,0.5920523074907296,0.42689368917168236,0.26071136147737733,0.7572109258097768,48.0,0,0,0
2070,212,12,316,179,193,0,0.6139341678380764,0.3524651165443122,0.13938852754636558,0.8754032191318407,44.0,0,0,0
2071,212,1,8,312,298,0,0.5,1.0,0.18492217731415062,0.0,6.0,0,1,0
2072,212,1,227,312,223,0,0.5889375061680225,0.4255003364855489,0.22608002747770284,0.7523746758504961,44.0,0,0,0
2073,212,1,35,168,312,0,0.5,0.5000985045643922,0.010437415735458698,0.4999014954356078,6.0,1,1,1
2074,212,14,156,229,179,0,0.5634217933278822,0.5798027744671511,0.3167910504414533,0.5470408121886132,16.0,0,0,0
2075,212,14,299,179,97,0,0.6718763409847568,0.4828407127109535,0.27785820413317003,0.8609119692585602,38.0,0,0,0
2076,212,17,289,486,382,0,0.5,0.781282968303152,0.12278623643112968,0.21871703169684797,6.0,1,1,1
2077,212,13,333,7,268,0,0.5,0.3029832652744813,0.029770763838391757,0.6970167347255187,18.0,1,1,1
2078,212,13,16,390,11,0,0.5,1.0,0.05912388310078903,0.0,3.0,1,1,1
2079,212,18,0,446,0,0,0.5,1.0,0.9999999999989999,0.0,1.0,1,1,1
2080,212,3,202,498,288,1,0.5,1.0,0.18045167057701048,0.0,3.0,1,1,1
2081,212,15,89,126,179,0,0.5,0.3141349550266266,0.11994466363289244,0.6858650449733734,10.0,0,1,1
2082,212,6,300,382,105,0,0.5,1.0,0.40086045524468167,0.0,6.0,0,1,0
2083,467,14,202,13,98,0,0.5,0.16760692876709551,0.07400476708171762,0.8323930712329045,55.0,0,1,0
2084,467,14,192,13,112,0,0.5475557536662199,0.249810018897171,0.1048420618189715,0.8453014884352689,52.0,0,0,0
2085,467,14,71,13,54,0,0.5,0.15262990246148272,0.004027589973254837,0.8473700975385172,21.0,1,1,1
2086,467,0,136,13,462,1,0.6415733252128459,0.4842063723084036,0.2837598137324809,0.7989402781172884,69.0,0,0,0
2087,467,0,358,13,255,1,0.5564394209881646,0.28482611134949015,0.14639312015203407,0.8280527306268389,162.0,0,0,0
2088,467,0,44,13,54,0,0.5964283297057693,0.38744615067981236,0.19495189342248745,0.8054105087317263,35.0,0,0,0
2089,467,0,279,13,257,0,0.637497147946426,0.3925257225085763,0.18869394104406398,0.8824685733842756,131.0,0,0,0
2090,467,0,79,13,54,0,0.6112283416308559,0.43297852281119487,0.20151033894682976,0.7894781604505169,47.0,0,0,0
2091,467,17,315,68,13,0,0.5,0.4263555863364653,0.056894307161369964,0.5736444136635347,8.0,1,1,1
2092,467,1,351,102,190,0,0.5,0.4331150912097968,0.058346546115327434,0.5668849087902033,31.0,0,1,0
2093,467,1,245,13,190,0,0.5,0.15781469628720368,0.02617206035648871,0.8421853037127963,54.0,1,1,1
2094,467,1,18,447,190,0,0.5,0.7083042523683666,0.15494354779079728,0.2916957476316334,7.0,0,1,0
2095,467,12,110,13,462,0,0.5,0.31430955897574364,0.07273494590764011,0.6856904410242564,17.0,1,1,1
2096,467,12,73,98,54,0,0.5,0.33717243041000783,0.07574878567771777,0.6628275695899921,8.0,1,1,1
2097,467,12,289,412,257,0,0.8220606014186451,0.77064160958006,0.6233895121788728,0.8734795932572303,105.0,0,0,0
2098,467,2,3,497,255,0,0.5,1.0,0.32894702012205573,0.0,2.0,1,1,1
2099,467,16,128,412,13,1,0.5,0.5663874262594006,0.14157142555498128,0.43361257374059936,7.0,0,1,0
2100,467,13,230,13,33,0,0.6589228061999846,0.46098714997385115,0.2650812830045862,0.8568584624261181,48.0,0,0,0
2101,467,15,99,190,462,0,0.587547410116242,0.3722818933819941,0.1615630446000019,0.80281292685049,16.0,0,0,0
2102,467,15,123,190,13,0,0.5,0.2877988098122117,0.1273032824623569,0.7122011901877883,22.0,0,1,0
2103,467,15,138,190,13,0,0.5,0.3195699770562124,0.09849966062152597,0.6804300229437876,24.0,0,1,0
2104,467,19,114,112,13,0,0.5,0.3746550193169497,0.05313550819533988,0.6253449806830502,8.0,1,1,1
2105,467,18,145,301,278,0,0.5,0.3275746368885242,0.09525636128291327,0.6724253631114758,10.0,1,1,1
2106,467,7,346,301,13,0,0.5,0.5230100414841901,0.05700131854697032,0.47698995851580994,6.0,1,1,1
2107,141,0,69,57,448,0,0.5,0.6897479036704581,0.2065934089774328,0.31025209632954187,12.0,0,1,0
2108,141,0,168,448,341,0,0.5,0.19175734172318176,0.08882829278116829,0.8082426582768183,26.0,0,1,0
2109,141,1,150,101,67,0,0.5,0.36618793795014276,0.12761754798833988,0.6338120620498573,9.0,1,1,1
2110,141,12,299,448,125,0,0.5,0.22743838599672783,0.02079833792834207,0.7725616140032722,32.0,1,1,1
2111,141,16,127,257,57,0,0.5,0.701620470527325,0.26517608372740353,0.298379529472675,5.0,0,1,0
2112,141,18,132,57,266,1,0.5,0.805343333491605,0.10803965579905128,0.19465666650839497,4.0,1,1,1
2113,144,0,151,379,66,0,0.5,0.17366595525900352,0.041878311673083875,0.8263340447409965,46.0,0,1,0
2114,144,0,323,432,44,0,0.5,0.19453610395878743,0.06643098644488979,0.8054638960412126,71.0,0,1,0
2115,144,0,343,432,133,0,0.5,0.20155503200487274,0.012993830348667695,0.7984449679951273,76.0,1,1,1
2116,144,12,196,133,44,0,0.5,0.22271257253192778,0.08464032528069773,0.7772874274680722,20.0,0,1,0
2117,144,1,285,133,312,0,0.5,0.28023742512646527,0.03838366408041792,0.7197625748735348,14.0,1,1,1
2118,144,4,49,44,222,0,0.5,0.5049508894765016,0.0692039227615055,0.4950491105234984,2.0,1,1,1
2119,144,14,49,44,133,0,0.5,0.5426914905333386,0.04051005989114632,0.45730850946666135,10.0,1,1,1
2120,144,17,155,379,417,0,0.5,0.5742436714913746,0.2113897250686227,0.42575632850862544,4.0,0,1,1
2121,144,16,336,46,301,0,0.7174210715192704,0.8783818287820153,0.30101090837650774,0.5564603142565253,5.0,0,0,0
2122,142,15,153,489,119,0,0.60024776784546,0.401736674506014,0.16482247346094603,0.7987588611849059,16.0,0,0,0
2123,142,1,55,293,82,0,0.5,0.5446272794245334,0.033417114483993864,0.4553727205754666,10.0,1,1,1
2124,142,3,99,362,143,0,0.5,1.0,0.004877479892600759,0.0,2.0,1,1,1
2125,142,0,119,118,119,0,0.5,0.22010321866392818,0.0859333031998355,0.7798967813360718,48.0,0,1,0
2126,142,0,345,119,118,1,0.5783489720961393,0.3147236183192186,0.11172025487982282,0.8419743258730601,105.0,0,0,0
2127,142,16,272,119,484,0,0.7548981156033103,0.7375531816516696,0.49731391676220493,0.7722430495549509,54.0,0,0,0
2128,142,5,161,484,224,1,0.5,0.3041684121032413,0.07948195667314008,0.6958315878967587,5.0,1,1,1
2129,142,19,49,119,118,1,0.6163629739642045,0.5435574931660986,0.20855759750498598,0.6891684547623105,28.0,0,0,0
2130,142,12,72,119,118,1,0.5,0.3128234771419649,0.0027231548971503247,0.6871765228580351,10.0,1,1,1
2131,142,13,114,119,224,0,0.5708458173837228,0.31869224304524457,0.13439257490309175,0.8229993917222008,27.0,0,0,0
2132,142,6,229,75,49,0,0.5,1.0,0.019801616452030678,0.0,2.0,1,1,1
2133,211,0,219,451,302,0,0.5,0.46867379693687783,0.007956739000379869,0.5313262030631222,9.0,1,1,1
2134,211,0,283,451,457,0,0.5,0.301479718401779,0.01887771927437345,0.698520281598221,16.0,1,1,1
2135,211,14,190,400,331,0,0.5,0.758579054717194,0.01763689899954732,0.241420945282806,3.0,1,1,1
2136,211,17,132,50,90,0,0.5,0.6482384975047117,0.01629843425380286,0.35176150249528826,7.0,1,1,1
2137,211,16,182,90,88,0,0.5,0.23864415978793083,0.12843040890038834,0.7613558402120691,13.0,0,1,0
2138,211,7,258,56,400,0,0.5,1.0,0.333333333332954,0.0,1.0,1,1,1
2139,4,0,53,334,458,0,0.5,0.3265523781790547,0.002782899345251355,0.6734476218209453,15.0,1,1,1
2140,4,0,229,122,212,0,0.6269377011104276,0.5233432500913346,0.2344494255623911,0.7305321521295205,48.0,0,0,0
2141,4,0,317,122,335,0,0.5,0.2938368556554436,0.03227842704276171,0.7061631443445564,63.0,1,1,1
2142,4,1,229,482,122,0,0.5,0.5650692607575415,0.027882132995676937,0.4349307392424585,17.0,1,1,1
2143,4,1,306,146,455,0,0.6602431100200599,0.6542639575482495,0.2611473214651518,0.6662222624918701,21.0,0,0,0
2144,4,1,310,146,455,0,0.6430369232699412,0.5840120269907509,0.31324006708411484,0.7020618195491315,22.0,0,0,0
2145,4,16,171,335,162,0,0.5,0.7388706224264303,0.14527791074186416,0.2611293775735697,4.0,1,1,1
2146,4,14,36,334,324,0,0.5,0.5253292840040621,0.03455365810981376,0.4746707159959379,10.0,1,1,1
2147,4,13,187,203,290,1,0.5,0.7304298656270884,0.3525059186452676,0.26957013437291155,5.0,0,1,0
2148,4,15,258,446,275,0,0.5,0.5170010493768429,0.10346266753908694,0.4829989506231571,12.0,1,1,1
2149,4,12,190,343,469,0,0.7027262700800394,0.6675883571122497,0.4818382329667433,0.737864183047829,33.0,0,0,0
2150,4,19,363,17,459,1,0.7345271447674273,0.7624259504864268,0.4418506387334955,0.7066283390484278,12.0,0,0,0
2151,4,17,205,478,68,0,0.5,1.0,0.4776868475421061,0.0,4.0,0,1,0
2152,448,3,172,141,278,0,0.6329656126180669,0.6851089737813656,0.2903519144633341,0.5808222514547683,10.0,0,0,0
2153,448,0,13,257,278,0,0.5,0.7735651845413175,0.20771835756047696,0.2264348154586825,5.0,0,1,0
2154,448,0,287,401,458,0,0.5664603239327837,0.28613478885308863,0.14825025729439018,0.8467858590124786,63.0,0,0,0
2155,448,0,145,57,468,0,0.5753472905727302,0.31820621896111917,0.11532438713341081,0.8324883621843411,48.0,0,0,0
2156,448,14,271,401,468,0,0.5,0.3688599052221462,0.08291494788306383,0.6311400947778538,19.0,1,1,1
2157,448,18,181,58,467,0,0.5,0.3483374149188559,0.05213456500275211,0.6516625850811442,9.0,1,1,1
2158,448,16,359,401,224,0,0.6926133406915163,0.5901282906130907,0.36821194581561845,0.7950983907699418,51.0,0,0,0
2159,448,12,267,57,141,0,0.5,0.354855169923799,0.0209183929925413,0.645144830076201,41.0,1,1,1
2160,448,12,195,278,57,0,0.5,0.49263447650351805,0.13312957540604178,0.507365523496482,14.0,0,1,0
2161,448,15,33,158,124,0,0.5,0.5248328435617025,0.23685845587305365,0.47516715643829754,8.0,0,1,0
2162,448,5,338,224,6,0,0.5,0.7280315426917663,0.0195620780411093,0.2719684573082337,11.0,1,1,1
2163,448,1,130,478,452,0,0.5829986915385044,0.3510155861159402,0.15499874932417756,0.8149817969610684,18.0,0,0,0
2164,448,1,223,401,141,0,0.5,0.2700798226519202,0.10461353795468673,0.7299201773480798,29.0,0,1,0
2165,448,19,168,278,489,0,0.5,0.5395257661443604,0.007712601360883273,0.46047423385563957,2.0,1,1,1
2166,448,13,44,406,468,0,0.5,0.5213754846010452,0.14876311878616869,0.4786245153989548,5.0,0,1,0
2167,169,0,238,31,235,0,0.5,0.2837648515419509,0.039292024124837004,0.7162351484580491,60.0,0,1,0
2168,169,0,20,31,57,0,0.5,0.39886207062434387,0.0409183793265259,0.6011379293756561,5.0,1,1,1
2169,169,0,23,31,235,1,0.5,0.31578047106665175,0.13159659767704962,0.6842195289333483,6.0,0,1,0
2170,169,12,328,91,423,0,0.5,0.3175319378955011,0.13648897943233707,0.682468062104499,29.0,0,1,0
2171,169,1,57,31,101,0,0.5,0.6087094200784555,0.23976808632045207,0.3912905799215445,6.0,0,1,0
2172,169,1,189,31,235,0,0.8317276853837615,0.8285963694192658,0.7005725197099529,0.8348590013482572,57.0,0,0,0
2173,169,14,64,235,91,1,0.5,0.4414679775689238,0.14043576588502818,0.5585320224310761,7.0,0,1,0
2174,169,15,47,31,279,0,0.5,1.0,0.10494828724702507,0.0,3.0,1,1,1
2175,169,17,14,212,279,0,0.5,1.0,0.04947009763477877,0.0,1.0,1,1,1
2176,41,1,196,68,478,0,0.6303228102580638,0.41806497381997243,0.2544586091077682,0.8425806466961551,45.0,0,0,0
2177,41,1,86,68,112,1,0.5,0.2529458860800088,0.09510258988049117,0.7470541139199912,17.0,0,1,0
2178,41,1,276,312,68,0,0.5,0.23790902413520598,0.0911233192890578,0.762090975864794,29.0,0,1,0
2179,41,19,342,481,17,0,0.5,0.5436106292480203,0.0685616565831708,0.4563893707519797,7.0,1,1,1
2180,41,15,23,68,323,1,0.5,0.7837684025019686,0.1872393503371484,0.21623159749803145,5.0,0,1,0
2181,41,15,365,68,478,0,0.5,0.4407523321944242,0.08963117010192498,0.5592476678055758,61.0,0,1,0
2182,41,0,223,400,477,0,0.5,0.7586199171612719,0.018364974879986794,0.24138008283872814,4.0,1,1,1
2183,41,0,334,35,108,0,0.5,0.3514194770291413,0.05082011282421612,0.6485805229708588,11.0,1,1,1
2184,41,2,201,268,312,0,0.5,0.5049508894765015,0.0346679727326419,0.49504911052349854,2.0,1,1,1
2185,41,16,184,2,307,0,0.5,0.35850388768235425,0.07892180569717565,0.6414961123176457,10.0,1,1,1
2186,41,16,119,68,159,0,0.5,0.5972454105422355,0.09985338098131974,0.40275458945776454,8.0,0,1,1
2187,41,5,190,258,124,1,0.5,1.0,0.05934280798971252,0.0,1.0,1,1,1
2188,41,18,118,481,186,0,0.5,0.3398811258267679,0.13764079229650988,0.6601188741732321,5.0,1,1,1
2189,95,0,26,146,104,1,0.5,0.536934381359165,0.10453742670565086,0.46306561864083495,9.0,0,1,0
2190,95,0,351,146,412,0,0.7103118766599635,0.5765469654151376,0.36496737911967153,0.8440767879047895,174.0,0,0,0
2191,95,0,274,146,412,0,0.550862887441226,0.2507263422503844,0.1049560988091117,0.8509994326320676,119.0,0,0,0
2192,95,1,286,146,104,0,0.7015194586215211,0.6508861455311689,0.4560939096748212,0.7521527717118733,103.0,0,0,0
2193,95,1,309,146,332,0,0.6954744396464017,0.5519746519609348,0.367564429429993,0.8389742273318684,117.0,0,0,0
2194,95,6,350,146,280,1,0.774371694282408,0.7112962868032391,0.5430475397764482,0.837447101761577,54.0,0,0,0
2195,95,16,79,146,280,0,0.6517260033391336,0.5077116633395037,0.3148465718589391,0.7957403433387634,21.0,0,0,0
2196,95,12,215,412,146,1,0.5,0.44522119873551275,0.13923196005031344,0.5547788012644872,30.0,0,1,0
2197,95,13,321,146,280,1,0.62858096937824,0.6292283192911656,0.3800188940680943,0.6279336194653143,70.0,0,0,0
2198,95,14,326,412,146,0,0.5,0.18553820191272566,0.00978290025345785,0.8144617980872744,52.0,1,1,1
2199,95,15,12,445,146,0,0.5,1.0,0.21748515935797827,0.0,3.0,0,1,1
2200,95,18,273,412,474,0,0.6440691253288104,0.8475749032043041,0.5989269071740588,0.4405633474533168,5.0,0,0,0
2201,95,9,324,146,332,0,0.6371857612722707,0.6267648396330896,0.28308080112388706,0.6476066829114517,30.0,0,0,0
2202,57,15,237,225,466,0,0.5,0.3120378643363867,0.09941368593430654,0.6879621356636133,31.0,0,1,0
2203,57,0,169,225,466,0,0.5645785922499191,0.35604681946844663,0.15610911479946446,0.7731103650313915,87.0,0,0,0
2204,57,0,22,225,324,0,0.5,0.45268737607523124,0.20212926395818348,0.5473126239247688,13.0,0,1,0
2205,57,0,176,225,466,0,0.5739763897017878,0.3401160327799001,0.1811731674672647,0.8078367466236756,91.0,0,0,0
2206,57,0,148,466,225,0,0.5,0.15111276603183288,0.0484356772294704,0.8488872339681671,66.0,0,1,0
2207,57,0,151,466,225,0,0.5,0.14462033513071132,0.0703145922957924,0.8553796648692886,67.0,0,1,0
2208,57,13,198,11,225,1,0.5,0.2494228723414121,0.05101987136730051,0.7505771276585879,25.0,0,1,0
2209,57,13,152,6,466,0,0.5,0.52934818440288,0.03591379967542183,0.47065181559712,13.0,1,1,1
2210,57,18,54,0,448,1,0.5,0.41126666626491537,0.049043490868796336,0.5887333337350846,8.0,1,1,1
2211,57,14,118,234,466,0,0.5,0.3478077233595774,0.005014203257107797,0.6521922766404227,14.0,1,1,1
2212,57,1,19,495,225,0,0.5,0.40457703169222,0.08013954822176973,0.5954229683077801,9.0,0,1,0
2213,57,1,145,225,11,0,0.6195456119257399,0.3857717723598035,0.20598606026275781,0.8533194514916762,74.0,0,0,0
2214,57,1,4,225,495,0,0.5,1.0,0.18734458629977535,0.0,3.0,1,1,1
2215,57,1,93,225,466,0,0.560397432566761,0.3002430373993764,0.12094655670723724,0.8205518277341456,49.0,0,0,0
2216,57,12,234,141,448,0,0.5,0.2633953904769542,0.134510304337719,0.7366046095230459,19.0,0,1,0
2217,57,12,233,141,448,0,0.5,0.2633953904769542,0.13451030433771932,0.7366046095230459,19.0,0,1,0
2218,57,5,172,225,342,0,0.5,0.25872910799153814,0.10162470323816804,0.7412708920084619,32.0,0,1,0
2219,57,16,240,11,479,0,0.5656945057983255,0.2914850197496343,0.1112376941682856,0.8399039918470166,39.0,0,0,0
2220,57,16,216,11,342,0,0.7434608696822905,0.6978294203608266,0.5229673545043791,0.7890923190037544,36.0,0,0,0
2221,57,4,353,178,180,0,0.5,0.363317489846971,0.18394171950591173,0.636682510153029,26.0,0,1,0
2222,57,19,223,11,64,0,0.5,0.5003420198791226,0.2490394067690546,0.49965798012087737,14.0,0,1,0
2223,57,17,64,466,178,0,0.5,0.37065879954290787,0.02001582191996334,0.6293412004570922,11.0,1,1,1
2224,57,8,191,224,58,0,0.7726985286564263,0.8645633152532374,0.49398292081313167,0.6808337420596153,7.0,0,0,0
2225,57,3,139,67,466,0,0.5,1.0,0.09611652143983095,0.0,4.0,1,1,1
2226,400,0,197,93,118,0,0.5,0.3463309309522967,0.06370929968281396,0.6536690690477033,21.0,1,1,1
2227,400,0,165,457,327,0,0.5,0.2485315337460158,0.11803913418563006,0.7514684662539842,24.0,0,1,0
2228,400,17,338,211,93,0,0.5,0.4576519837211111,0.19484120840268673,0.542348016278889,6.0,0,1,1
2229,400,1,300,457,112,0,0.5,0.31214784717845934,0.008914078106169265,0.6878521528215407,17.0,1,1,1
2230,68,3,360,268,24,0,0.8085186648897063,0.7347731739815254,0.5649178195680679,0.882264155797887,150.0,0,0,0
2231,68,3,210,268,187,1,0.8119432367598189,0.7914953890546129,0.590538898541566,0.8323910844650251,59.0,0,0,0
2232,68,3,36,121,79,0,0.5,0.7235650076972516,0.025759994609795927,0.2764349923027484,6.0,1,1,1
2233,68,13,258,2,209,0,0.5,0.271289077745985,0.09826965233691604,0.728710922254015,33.0,0,1,0
2234,68,13,5,444,61,0,0.5,1.0,0.19528161402775476,0.0,3.0,1,1,1
2235,68,0,117,2,65,1,0.5,0.34766400268352926,0.015956193095024863,0.6523359973164707,18.0,1,1,1
2236,68,0,321,2,323,0,0.6561588237008976,0.6373610105250938,0.38848083254275956,0.6749566368767015,44.0,0,0,0
2237,68,1,330,2,209,0,0.5,0.4492852029026375,0.06919457542699267,0.5507147970973625,40.0,0,1,0
2238,68,1,154,2,67,0,0.5,0.22432157461074073,0.0932510413798056,0.7756784253892592,21.0,0,1,0
2239,68,1,345,2,209,1,0.5,0.2829248744643985,0.0794864704507569,0.7170751255356015,44.0,0,1,0
2240,68,19,92,232,9,0,0.5,0.44526795873580577,0.06882922668233907,0.5547320412641943,12.0,0,1,0
2241,68,19,11,121,171,0,0.5,0.6754526642287133,0.20803137388281243,0.3245473357712867,3.0,0,1,1
2242,68,4,41,357,17,0,0.5,1.0,0.11826912311836854,0.0,2.0,1,1,1
2243,68,16,127,2,457,0,0.5,0.3042802701330895,0.047892278161665434,0.6957197298669104,12.0,1,1,1
2244,68,16,302,268,475,0,0.5,0.40115308155610335,0.14992035319683514,0.5988469184438967,18.0,0,1,0
2245,68,15,243,323,2,0,0.5,0.40605160376430655,0.05432002678795756,0.5939483962356935,10.0,1,1,1
2246,68,15,36,219,478,0,0.5,0.5395257661443604,0.07807431537730283,0.46047423385563957,4.0,1,1,1
2247,68,14,161,478,2,1,0.5,0.6887835180559695,0.11514343018249028,0.3112164819440305,8.0,0,1,0
2248,68,12,153,2,140,0,0.5840756331983405,0.34868770137797267,0.14647026886026607,0.8194635650187085,23.0,0,0,0
2249,68,12,321,2,130,0,0.5,0.3125674515548008,0.11196816287884483,0.6874325484451992,47.0,0,1,0
2250,68,17,281,475,187,0,0.7073748867175256,0.6619298379138265,0.4761169034564744,0.7528199355212245,31.0,0,0,0
2251,68,17,313,475,368,0,0.5747822395925386,0.3152023527457747,0.13956480237686436,0.8343621264393026,37.0,0,0,0
2252,68,17,320,475,209,0,0.5690812523799788,0.2911730565898496,0.12968743566903346,0.8469894481701079,38.0,0,0,0
2253,68,18,364,2,495,0,0.5,0.33918231962356676,0.13397609855376955,0.6608176803764332,10.0,0,1,0
2254,68,7,121,147,475,0,0.5,0.36286057532049715,0.0785033614610851,0.6371394246795028,7.0,1,1,1
2255,68,6,260,11,2,0,0.5,1.0,0.03609944373243705,0.0,3.0,1,1,1
2256,97,1,57,63,346,0,0.5,0.4211055241373772,0.12963341828953492,0.5788944758626229,7.0,1,1,1
2257,97,0,123,346,150,0,0.7415525872601163,0.6127251812393163,0.38697988747740075,0.8703799932809162,67.0,0,0,0
2258,97,0,128,346,489,0,0.7380554852409795,0.5945562834493682,0.3990498711304671,0.8815546870325909,69.0,0,0,0
2259,97,0,184,346,489,0,0.6342778296879569,0.4419616049935658,0.2533592229922603,0.8265940543823479,83.0,0,0,0
2260,97,17,214,205,179,0,0.572902553705826,0.34876997436372387,0.14980208781889143,0.7970351330479282,16.0,0,0,1
2261,97,3,117,346,270,0,0.6276528591595848,0.7290036504148201,0.46787368699595483,0.5263020679043495,9.0,0,0,0
2262,97,12,318,346,201,0,0.5,0.43315426248027306,0.1882993644442466,0.5668457375197269,41.0,0,1,0
2263,97,13,295,346,75,1,0.6110815303798626,0.5866594878398765,0.29854971608624287,0.6355035729198486,10.0,0,0,0
2264,69,1,170,470,173,0,0.6721862765921218,0.6624278052539972,0.37431342323536476,0.6819447479302464,18.0,0,0,0
2265,69,4,324,470,20,0,0.5,0.26791213598164987,0.09220486395534848,0.7320878640183501,31.0,0,1,0
2266,69,13,114,470,79,0,0.5,0.26310434769667995,0.09978900850827281,0.7368956523033201,10.0,1,1,1
2267,69,0,299,470,112,0,0.7860606350367775,0.7624145320567239,0.5727601684326722,0.809706738016831,90.0,0,0,0
2268,69,0,127,470,112,0,0.7249782146918979,0.6555641476044366,0.4174670354056153,0.7943922817793593,39.0,0,0,0
2269,69,17,345,2,268,0,0.6373099863556101,0.6123199311151348,0.2872236010368815,0.6623000415960854,21.0,0,0,0
2270,69,5,9,159,133,0,0.5,1.0,0.07905153228867828,0.0,1.0,1,1,1
2271,69,2,28,345,159,0,0.5,0.7813901410930322,0.10875589585432309,0.21860985890696782,6.0,1,1,1
2272,69,14,104,477,265,0,0.5,1.0,0.021128090942026587,0.0,2.0,1,1,1
2273,69,18,351,340,159,0,0.5,0.6776731197928145,0.029611317709985437,0.3223268802071855,3.0,1,1,1
2274,235,14,363,460,189,0,0.629139883859889,0.4880518118419562,0.29496011441852393,0.7702279558778218,66.0,0,0,0
2275,235,14,348,460,201,0,0.6281235677946108,0.43574853689213083,0.27517247422672014,0.8204985986970906,58.0,0,0,0
2276,235,17,240,189,460,0,0.5,0.5574469686926579,0.07715935642948928,0.44255303130734214,11.0,0,1,0
2277,235,1,293,460,189,0,0.5,0.2261676364852332,0.009163458366021266,0.7738323635147668,64.0,1,1,1
2278,235,1,97,460,346,0,0.5,0.22129157027488036,0.04804368857963767,0.7787084297251197,19.0,1,1,1
2279,235,1,254,460,189,0,0.5,0.2571327643617377,0.034060579244155134,0.7428672356382623,50.0,1,1,1
2280,235,0,37,460,150,1,0.5,0.40273029612321604,0.15986706523419114,0.597269703876784,10.0,0,1,0
2281,235,0,54,460,169,1,0.5,0.38787441146513324,0.09909545903959685,0.6121255885348668,15.0,0,1,0
2282,235,0,78,460,150,0,0.5,0.2334041635032097,0.0966800498732634,0.7665958364967903,27.0,0,1,0
2283,235,0,34,460,352,0,0.5,0.5389178601421492,0.11270940025899301,0.46108213985785085,8.0,0,1,0
2284,235,12,126,169,31,0,0.6385003104478224,0.5050631222486832,0.31106099081455146,0.7719374986469616,29.0,0,0,0
2285,235,12,9,133,47,0,0.5,1.0,0.053894764035671325,0.0,2.0,1,1,1
2286,235,15,226,189,201,0,0.5,0.410211562887412,0.011201964117578182,0.589788437112588,13.0,1,1,1
2287,235,2,27,172,124,0,0.5,1.0,0.05156440318595577,0.0,2.0,1,1,1
2288,235,3,70,150,172,0,0.5,0.6468572801624425,0.28767950482971644,0.3531427198375575,3.0,0,1,0
2289,235,13,247,189,290,0,0.5,0.579896334700795,0.0021009343129086747,0.42010366529920495,12.0,1,1,1
2290,235,5,134,81,36,0,0.5,1.0,0.005024541724296896,0.0,2.0,1,1,1
2291,235,4,255,169,75,0,0.5,0.3145966676864433,0.053784318770297185,0.6854033323135567,9.0,1,1,1
2292,235,18,283,459,201,0,0.5,0.5298648274587946,0.07711610335654638,0.4701351725412054,6.0,1,1,1
2293,235,10,144,169,120,0,0.5,0.7813480518366458,0.12274521418645068,0.2186519481633542,4.0,1,1,1
2294,326,12,14,382,23,0,0.5,1.0,0.02533557009260116,0.0,3.0,1,1,1
2295,326,13,106,465,23,1,0.5,0.35247690032797435,0.010159769670484558,0.6475230996720256,14.0,1,1,1
2296,326,0,304,324,23,0,0.7424377062182909,0.6318851556680039,0.4217917124683254,0.8529902567685779,101.0,0,0,0
2297,326,0,227,23,324,0,0.5471686772932876,0.2467073470974806,0.12045205528618746,0.8476300074890946,79.0,0,0,0
2298,326,18,114,23,465,0,0.5,0.5771351808246296,0.25692693931598065,0.42286481917537044,7.0,0,1,1
2299,326,16,138,23,290,1,0.8245802594136441,0.8836815853711083,0.7360435677761074,0.7654789334561799,39.0,0,0,0
2300,326,14,105,23,147,0,0.674327172969349,0.5354661081524871,0.2428366680504497,0.8131882377862107,16.0,0,0,0
2301,490,15,362,15,63,0,0.5861937604572778,0.38670988461441863,0.20421854566534606,0.785677636300137,69.0,0,0,0
2302,490,13,175,15,418,0,0.726843422443427,0.6576652932482521,0.4424823697122507,0.796021551638602,78.0,0,0,0
2303,490,12,9,63,283,0,0.5,0.757376831044005,0.04340039949117406,0.242623168955995,4.0,1,1,1
2304,490,12,268,15,63,0,0.5705384855452007,0.3022673055372236,0.10838310319066523,0.8388096655531778,83.0,0,0,0
2305,490,14,291,15,63,0,0.6617339190040836,0.4953453100020844,0.28779801721837817,0.8281225280060829,76.0,0,0,0
2306,490,14,107,63,115,0,0.5,0.3080422885358488,0.14650992177207595,0.6919577114641512,23.0,0,1,0
2307,490,0,154,63,15,1,0.5660778141719324,0.2809760195027063,0.09442818056433822,0.8511796088411585,103.0,0,0,0
2308,490,0,274,15,63,0,0.5,0.14319457981850944,0.02486490371938023,0.8568054201814905,181.0,0,1,0
2309,490,0,2,63,109,0,0.0,0.0,0.0,0.0,3.0,1,1,1
2310,490,0,110,63,15,0,0.5,0.1338609088162,0.059022816750479004,0.8661390911838001,78.0,0,1,0
2311,490,1,146,63,15,0,0.7226338944351209,0.5888442244634433,0.3568964637665667,0.8564235644067986,85.0,0,0,0
2312,490,1,72,63,15,0,0.6225964639273007,0.4051481817440428,0.24510255445741977,0.8400447461105586,42.0,0,0,0
2313,490,1,128,63,15,0,0.770443456203143,0.6800328526785571,0.4875914021759621,0.860854059727729,78.0,0,0,0
2314,490,16,313,15,63,0,0.6995910784229651,0.6188931241758734,0.43855965629513805,0.7802890326700567,91.0,0,0,0
2315,490,18,288,346,15,0,0.5,1.0,0.008859084347550393,0.0,2.0,1,1,1
2316,490,17,177,15,418,1,0.5975731142003946,0.41948618851819525,0.23709518901959736,0.7756600398825939,19.0,0,0,0
2317,470,17,363,198,173,0,0.5,0.35323843495080653,0.03376673366677945,0.6467615650491935,12.0,1,1,1
2318,470,0,360,69,124,0,0.7218821458800075,0.6734960296967885,0.4774231760984113,0.7702682620632266,80.0,0,0,0
2319,470,0,345,69,124,0,0.640086969070071,0.5289038735611087,0.3241982482267975,0.7512700645790334,75.0,0,0,0
2320,470,0,353,69,124,0,0.7012859248452896,0.6493165394502666,0.44937785321387325,0.7532553102403126,79.0,0,0,0
2321,470,13,95,84,90,0,0.5,0.7871058649717632,0.2691043150954019,0.21289413502823684,5.0,0,1,0
2322,470,16,190,219,31,0,0.5,0.5210469149022633,0.05379298209229504,0.4789530850977367,3.0,1,1,1
2323,470,1,197,168,101,0,0.5,0.5697775125110969,0.16853097667109193,0.4302224874889031,14.0,0,1,0
2324,470,1,76,69,312,0,0.6569418722920957,0.7280558286260501,0.3189813504112005,0.5858279159581411,7.0,0,0,0
2325,470,19,349,497,463,0,0.5,0.7786492504814837,0.14433563443858946,0.2213507495185163,5.0,0,1,1
2326,470,5,301,357,90,0,0.5,0.33628378495372335,0.13723039413791993,0.6637162150462766,10.0,1,1,1
2327,470,2,355,445,427,0,0.5,0.5148487862827443,0.14734413082448425,0.48515121371725567,2.0,1,1,1
2328,91,16,183,357,107,0,0.6949797013690662,0.664462722105711,0.49594692239342736,0.7254966806324215,19.0,0,0,0
2329,91,12,79,357,47,0,0.5,0.2152776827680197,0.008861012754431567,0.7847223172319803,25.0,1,1,1
2330,91,0,169,357,47,0,0.5758085958519381,0.40732726683865583,0.17339646990449434,0.7442899248652204,63.0,0,0,0
2331,91,0,215,357,47,1,0.7011111292596088,0.5408518833897996,0.3339287414740346,0.8613703751294179,81.0,0,0,0
2332,91,0,195,357,47,0,0.6774221199270666,0.5135126810019826,0.29640247467463615,0.8413315588521506,73.0,0,0,0
2333,91,14,286,357,47,0,0.6984375471874684,0.651766163254219,0.4598646629438115,0.7451089311207177,45.0,0,0,0
2334,91,13,96,290,357,0,0.5,0.5377916613201313,0.18293805188430634,0.46220833867986866,5.0,0,1,1
2335,91,1,272,168,357,0,0.5,0.24950145627210804,0.12543095100019883,0.7504985437278919,38.0,0,1,0
2336,91,18,257,228,357,0,0.5,0.44718273267503306,0.06222294909122601,0.5528172673249669,7.0,1,1,1
2337,91,15,159,357,228,0,0.5,0.388625353809074,0.12971790397700605,0.611374646190926,11.0,0,1,0
2338,91,2,297,357,47,1,0.5,0.460906453350671,0.12453780014471144,0.539093546649329,26.0,0,1,0
2339,91,8,106,87,0,0,0.5,1.0,0.9999999999981707,0.0,2.0,0,1,1
2340,180,0,26,346,460,0,0.5,0.6500145867881522,0.10759053568300632,0.34998541321184784,8.0,0,1,0
2341,180,0,177,346,460,0,0.5,0.21030803615315197,0.0048418290180385634,0.789691963846848,63.0,1,1,1
2342,180,14,87,346,460,0,0.5,0.32442839029212817,0.07377041565730359,0.6755716097078719,21.0,0,1,0
2343,180,19,189,33,234,1,0.0,0.0,0.0,0.0,2.0,1,1,1
2344,180,1,121,346,112,0,0.5,0.23552634630959232,0.08080130791465036,0.7644736536904077,29.0,0,1,0
2345,180,1,109,346,112,0,0.5,0.2508035546280087,0.09221867494550776,0.7491964453719913,28.0,0,1,0
2346,180,3,111,346,235,0,0.7872347957679812,0.9300017498940902,0.7232946458002281,0.6444678416418721,16.0,0,0,0
2347,180,15,190,346,112,0,0.6299981327835409,0.5218785796943392,0.3417153892419842,0.7381176858727425,29.0,0,0,0
2348,180,5,139,0,346,1,0.5,1.0,0.7759020638569687,0.0,2.0,0,1,0
2349,180,7,326,112,175,0,0.6168195933098548,0.7580606056479354,0.38627846952774053,0.4755785809717743,11.0,0,0,0
2350,160,12,315,193,3,0,0.6238928207142156,0.6325869616177423,0.3258208884865559,0.615198679810689,18.0,0,0,0
2351,160,13,175,459,215,1,0.8569332444359109,0.8663675126718609,0.7553182627526626,0.847498976199961,126.0,0,0,0
2352,160,13,321,459,5,0,0.7130557645461129,0.526348751740657,0.3247268728087955,0.8997627773515686,195.0,0,0,0
2353,160,9,341,5,205,1,0.8110934686919054,0.84539757144027,0.6324955314459325,0.7767893659435409,47.0,0,0,0
2354,160,0,195,215,356,0,0.5,0.26953067405726483,0.01951890108028815,0.7304693259427352,31.0,1,1,1
2355,160,0,208,215,335,0,0.5,0.42407811931957373,0.06440922143607335,0.5759218806804263,34.0,1,1,1
2356,160,0,21,20,193,0,0.5,0.6945795772022446,0.09580788695700597,0.3054204227977554,7.0,0,1,1
2357,160,15,108,215,473,0,0.5706816162475927,0.38749091585127515,0.23765481522575618,0.7538723166439104,19.0,0,0,0
2358,160,14,22,113,36,0,0.5,0.4601337724133644,0.13359300999357676,0.5398662275866356,4.0,1,1,1
2359,160,2,360,205,487,0,0.5,0.6511008167782287,0.22040133659475622,0.34889918322177127,3.0,0,1,1
2360,155,15,12,259,353,0,0.5,1.0,0.00990177895299774,0.0,1.0,1,1,1
2361,155,17,126,457,190,1,0.5,0.8524589773354233,0.34930114006469726,0.1475410226645767,9.0,0,1,0
2362,155,1,238,457,204,0,0.5,0.5600562034922563,0.1040269800186645,0.43994379650774373,15.0,0,1,1
2363,155,0,216,457,79,0,0.5,0.22010850694331124,0.06797564734334607,0.7798914930566887,22.0,0,1,1
2364,155,0,341,115,491,0,0.5,0.4583501257416939,0.03026727516040417,0.541649874258306,6.0,1,1,1
2366,155,13,308,86,470,0,0.8423519481490235,0.8319274948267918,0.667729802129753,0.8527764014712551,115.0,0,0,0
2367,155,16,139,457,204,1,0.5,0.609223546969614,0.4010151378927482,0.390776453030386,11.0,0,1,0
2368,155,19,127,204,457,0,0.5,1.0,0.19996862737305787,0.0,3.0,1,1,1
2369,2,14,250,227,164,1,0.5,0.24794168456623003,0.00800699659098837,0.75205831543377,23.0,1,1,1
2370,2,15,315,318,68,0,0.6928199135492172,0.5492965175866321,0.35501705782603776,0.8363433095118025,89.0,0,0,0
2371,2,15,252,318,68,0,0.7363540107794007,0.6402715669397844,0.4625178372313489,0.8324364546190168,62.0,0,0,0
2372,2,19,292,49,164,0,0.5,0.60349524494244,0.07350155161535107,0.39650475505756,12.0,1,1,1
2373,2,1,237,164,227,0,0.5821065130486027,0.35978987996089895,0.2048030463557317,0.8044231461363065,69.0,0,0,0
2374,2,1,309,227,164,0,0.5,0.24818762102764166,0.08374298247882722,0.7518123789723583,48.0,0,1,0
2375,2,1,325,68,164,0,0.5,0.39148248910396083,0.11955201761347327,0.6085175108960392,36.0,0,1,0
2376,2,0,92,55,164,0,0.5,0.1691790790572772,0.025735590183325677,0.8308209209427229,34.0,1,1,1
2377,2,0,232,55,227,1,0.6356661093144537,0.46584075773305333,0.22475381454272642,0.805491460895854,90.0,0,0,0
2378,2,0,129,227,55,0,0.5,0.16822965743419951,0.023556552332880686,0.8317703425658005,43.0,1,1,1
2379,2,0,311,55,227,0,0.5728419542500569,0.3097981744409054,0.15277553226203205,0.8358857340592083,119.0,0,0,0
2380,2,0,1,227,48,0,0.5,1.0,0.32894702012205573,0.0,2.0,1,1,1
2381,2,13,43,90,75,1,0.5,0.2763878486165225,0.03872101218489212,0.7236121513834775,11.0,1,1,1
2382,2,13,205,173,90,0,0.5,0.37362424961998153,0.09027169573400766,0.6263757503800185,23.0,0,1,0
2383,2,12,43,164,227,0,0.5,0.40733412035486105,0.04405343709616358,0.592665879645139,9.0,1,1,1
2384,2,12,202,264,164,0,0.6221903600964432,0.4825460184602505,0.2731390145283273,0.761834701732636,28.0,0,0,0
2385,2,16,17,227,164,0,0.5,0.523198005206713,0.17118288396201242,0.476801994793287,6.0,0,1,0
2386,2,16,119,164,217,0,0.5,0.26099224120143627,0.11239795475359605,0.7390077587985637,25.0,0,1,0
2387,2,17,85,164,68,1,0.5,0.28347481815838843,0.15830051412246574,0.7165251818416116,16.0,0,1,0
2388,2,17,8,60,90,1,0.5,0.6732458497880726,0.19528161402775726,0.32675415021192744,3.0,1,1,1
2389,2,3,79,68,164,0,0.6176837137862593,0.5338430619866865,0.34667832528779186,0.7015243655858321,14.0,0,0,0
2390,2,18,130,190,49,0,0.5,0.3226665033804522,0.018114109436654216,0.6773334966195478,7.0,1,1,1
2391,2,18,78,289,164,0,0.5,0.594283212266043,0.19786329961672577,0.40571678773395703,8.0,0,1,0
2392,2,4,226,164,69,0,0.6760646432869912,0.6477105946571402,0.4261333702897735,0.7044186919168423,39.0,0,0,0
2393,304,14,121,449,144,0,0.5,0.5450026000759723,0.2593865564349664,0.45499739992402766,5.0,0,1,0
2394,304,0,169,83,257,0,0.5,0.2015026602319076,0.018841139680011134,0.7984973397680923,22.0,1,1,1
2395,304,0,298,135,83,0,0.5,0.3158467951749339,0.03810600710111196,0.684153204825066,26.0,1,1,1
2396,304,12,198,427,412,1,0.5981688764282898,0.4554069709342097,0.25537646140229214,0.7409307819223698,8.0,0,0,0
2397,304,18,233,235,457,0,0.5,1.0,0.13291184165039932,0.0,2.0,1,1,1
2398,304,15,58,402,248,0,0.5,0.6732458497880726,0.11805249479386738,0.32675415021192744,3.0,1,1,1
2399,108,16,157,445,323,0,0.5,1.0,0.09044436564393933,0.0,3.0,1,1,1
2400,108,1,173,475,447,1,0.5,0.38072816190416386,0.013054429751892515,0.6192718380958362,12.0,1,1,1
2401,108,1,349,475,41,0,0.5,0.4005300132410217,0.0640338160209049,0.5994699867589783,27.0,1,1,1
2402,108,0,223,56,26,0,0.5863855865574829,0.41740603899150575,0.16527092130599025,0.75536513412346,31.0,0,0,0
2403,108,0,105,56,41,0,0.6423598286671608,0.484320527315146,0.2206862254760348,0.8003991300191755,14.0,0,0,0
2404,108,12,96,140,86,0,0.5,0.45405397128497993,0.029611433649444862,0.5459460287150201,3.0,1,1,1
2405,108,3,328,475,397,0,0.5,0.5640104899694631,0.08857156753669858,0.4359895100305369,4.0,1,1,1
2406,108,15,296,481,269,1,0.5993743174041765,0.5065631229265763,0.29250927408799066,0.6921855118817766,14.0,0,0,0
2407,108,4,244,152,124,0,0.5,0.6622513027015611,0.17599097508608172,0.3377486972984389,2.0,1,1,1
2408,108,18,362,41,481,0,0.5,0.4299528176110766,0.18546886143609956,0.5700471823889234,7.0,1,1,1
2409,306,15,23,33,457,0,0.5,1.0,0.08074497675584255,0.0,3.0,1,1,1
2410,306,1,340,112,190,0,0.5,0.43331141471570195,0.08147481435751484,0.566688585284298,38.0,1,1,1
2411,306,0,209,93,457,0,0.5819684225821372,0.3403368286506661,0.19165369861734927,0.8236000165136084,36.0,0,0,0
2412,306,0,164,93,457,0,0.5,0.17291708797241606,0.09090767236639621,0.827082912027584,27.0,0,1,0
2413,306,5,320,400,453,0,0.5,0.568874072230784,0.29300680171333415,0.431125927769216,2.0,1,1,1
2414,168,0,260,493,456,0,0.5,0.23082658702285838,0.05174818610788584,0.7691734129771416,36.0,1,1,1
2415,168,0,33,478,455,0,0.5,0.5330070619001485,0.0009119134226210178,0.46699293809985154,4.0,1,1,1
2416,168,0,156,493,323,0,0.6155671097607449,0.40186461242335025,0.19732851203885404,0.8292696070981397,22.0,0,0,0
2417,168,15,123,147,323,0,0.6481364346828367,0.47391293697701736,0.30631206205968425,0.8223599323886559,26.0,0,0,0
2418,168,15,7,195,147,0,0.5,0.5099008082260187,0.0048284752521383315,0.4900991917739813,2.0,1,1,1
2419,168,14,9,490,299,0,0.5,1.0,0.2612549507428899,0.0,2.0,1,1,1
2420,168,16,188,140,283,0,0.8364033211777047,0.8483695118019063,0.6946381058140376,0.8244371305535029,42.0,0,0,0
2421,168,16,177,140,283,0,0.8192844959377115,0.8065733372672819,0.6261983634923429,0.8319956546081411,37.0,0,0,0
2422,168,1,254,268,0,0,0.8457309932022459,0.8432278908565584,0.6636006705447934,0.8482340955479334,71.0,0,0,0
2423,168,1,355,268,310,0,0.8573537834171618,0.8426105775757448,0.7276109917629479,0.872096989258579,131.0,0,0,0
2424,168,1,72,293,346,0,0.5,0.473039628462506,0.049741952124529136,0.526960371537494,8.0,1,1,1
2425,168,1,159,268,112,0,0.7889414202089977,0.8066107026390574,0.479809057814512,0.771272137778938,24.0,0,0,0
2426,168,12,170,140,494,0,0.8203783100587583,0.8641109100183755,0.70072315896999,0.776645710099141,26.0,0,0,0
2427,168,12,213,140,451,1,0.8403873999696374,0.8472579576920284,0.7304731018319729,0.8335168422472463,50.0,0,0,0
2428,168,4,294,450,268,0,0.5,0.5299234914822788,0.2088982844174744,0.4700765085177212,5.0,0,1,0
2429,168,13,233,179,141,0,0.5,0.7520040406791818,0.12075215253070579,0.2479959593208182,5.0,1,1,1
2430,168,19,83,412,46,0,0.5,0.5533784276159285,0.03165787690950474,0.4466215723840715,4.0,1,1,1
2431,168,17,287,451,445,0,0.5,0.3028867931660863,0.07148968119895115,0.6971132068339136,10.0,1,1,1
2432,168,5,63,400,2,0,0.5,0.7310039158445792,0.30039673881851725,0.26899608415542076,4.0,0,1,1
2433,168,9,27,1,124,0,0.5,0.5049508894765016,0.14262591581630088,0.4950491105234984,2.0,1,1,1
2434,146,0,284,95,104,1,0.5,0.18296583708169362,0.04459758941696273,0.8170341629183064,139.0,0,1,0
2435,146,0,110,95,104,0,0.569838539360053,0.2964758753010836,0.09655472525214068,0.8432012034190225,47.0,0,0,0
2436,146,0,255,95,104,0,0.5575664010282619,0.2507329038921595,0.14141428044973975,0.8643998981643644,127.0,0,0,0
2437,146,19,188,95,104,0,0.5,0.49587916563458717,0.1722863300008497,0.5041208343654129,12.0,0,1,0
2438,146,1,336,95,104,0,0.6252244804995916,0.4561248644816054,0.2415736008161981,0.7943240965175777,106.0,0,0,0
2439,146,1,42,95,82,0,0.5,0.27468217593631483,0.004944019927458912,0.7253178240636852,9.0,1,1,1
2440,146,1,201,95,104,1,0.5,0.17315060035877206,0.040171760575113485,0.826849399641228,50.0,1,1,1
2441,146,14,294,104,95,0,0.6816612009716942,0.5528080286297469,0.3148176445690854,0.8105143733136415,51.0,0,0,0
2442,146,13,9,95,476,1,0.6772337445931818,1.0,0.48035591024423546,0.3544674891863635,6.0,0,0,0
2443,146,15,230,95,412,0,0.5,0.3053033506278084,0.15780899655494482,0.6946966493721916,20.0,0,1,0
2444,146,9,291,95,409,0,0.5,0.4535499327818708,0.18843875408310828,0.5464500672181292,14.0,0,1,0
2445,146,6,139,104,95,0,0.5,0.4453495066369695,0.02583545092467612,0.5546504933630305,15.0,1,1,1
2446,146,12,285,104,464,0,0.5980174145320589,0.5289438311955069,0.27105580652914985,0.6670909978686109,26.0,0,0,0
2447,146,17,120,95,409,0,0.7720111016630962,0.7561274539472824,0.5622646895533485,0.78789474937891,39.0,0,0,0
2448,146,16,23,104,95,0,0.5,0.5364014590586628,0.10642039578461103,0.46359854094133723,5.0,1,1,1
2449,146,16,8,104,95,0,0.5,0.7285382656426507,0.3007281797740021,0.2714617343573493,4.0,0,1,0
2450,146,2,342,157,430,0,0.5,0.7368501069350195,0.046997113678702886,0.2631498930649805,7.0,1,1,1
2451,146,18,90,95,327,0,0.5,0.5688740722307839,0.24711870831124144,0.4311259277692161,2.0,1,1,1
2452,124,0,314,379,221,0,0.5,0.4517805431041389,0.12140376179286888,0.5482194568958612,26.0,0,1,0
2453,124,0,232,453,268,0,0.5,0.25838251353602487,0.05699965182682794,0.7416174864639751,37.0,1,1,1
2454,124,0,76,448,104,1,0.5923858033946012,0.42713767499309174,0.2218213024124923,0.7576339317961107,21.0,0,0,0
2455,124,0,358,379,101,0,0.5,0.21680613523087816,0.04629575115658004,0.7831938647691219,34.0,1,1,1
2456,124,0,44,448,46,0,0.641170846674252,0.652691052192224,0.2995783244040068,0.6296506411562799,16.0,0,0,0
2457,124,15,309,470,30,0,0.5,0.3090827901741766,0.0633870428890528,0.6909172098258234,14.0,1,1,1
2458,124,15,59,71,467,0,0.5,1.0,0.1540792311546421,0.0,5.0,0,1,0
2459,124,14,39,477,448,0,0.5,0.4912902484790983,0.053564196039066196,0.5087097515209017,4.0,1,1,1
2460,124,14,157,448,323,0,0.5,0.642518496379979,0.22591809756930586,0.35748150362002096,11.0,0,1,0
2461,124,1,14,249,168,0,0.5,1.0,0.017506271199934607,0.0,3.0,1,1,1
2462,124,1,257,168,448,0,0.5770079773145957,0.38505835309284336,0.15262304996220752,0.7689576015363482,31.0,0,0,0
2463,124,1,96,455,157,0,0.5,0.545973175597201,0.0068902838692709,0.45402682440279896,8.0,1,1,1
2464,124,1,42,101,238,0,0.5,0.36732880922276895,0.05515329228200441,0.6326711907772311,6.0,1,1,1
2465,124,19,45,137,136,0,0.5,0.5226862802475591,0.10613937461231067,0.47731371975244086,4.0,1,1,1
2466,124,17,238,276,9,0,0.5,0.5014578612660617,0.24768142536420404,0.49854213873393827,5.0,0,1,0
2467,124,12,286,14,54,0,0.6268298244596053,0.45362554876059585,0.2468924497256644,0.8000341001586148,26.0,0,0,0
2468,124,16,299,79,316,0,0.5,0.510238006914364,0.09369490337444318,0.48976199308563595,16.0,1,1,1
2469,124,5,342,132,90,0,0.5,0.7098258978384213,0.1902619216882959,0.2901741021615787,4.0,0,1,1
2470,124,3,156,323,477,0,0.5,0.390373695123474,0.09376921878595842,0.609626304876526,4.0,1,1,1
2471,124,4,253,257,19,0,0.5,0.5937391474563075,0.0962962181967985,0.4062608525436925,5.0,1,1,1
2472,253,0,12,123,467,0,0.5,0.6352285436466953,0.15827094566338934,0.36477145635330466,6.0,0,1,0
2473,253,0,46,224,445,1,0.5,0.4518554787696774,0.13705001485896645,0.5481445212303226,11.0,0,1,0
2474,253,16,360,163,450,0,0.5,0.2575387111427034,0.048272837830245864,0.7424612888572966,8.0,1,1,1
2475,253,1,288,291,218,0,0.6356299652523872,0.7380916035354528,0.42091094579096416,0.5331683269693217,13.0,0,0,0
2476,253,14,160,113,471,0,0.6378508201382517,0.6774376802544724,0.3116529716629379,0.598263960022031,6.0,0,0,0
2477,253,13,33,20,60,0,0.6335777483582918,0.6199458406231728,0.25018049902090833,0.647209656093411,5.0,0,0,0
2478,253,4,209,217,468,0,0.5,0.5346019613807635,0.12917719651001103,0.46539803861923645,2.0,1,1,1
2479,486,1,21,73,168,0,0.5,0.5232350622261618,0.34640988830323627,0.4767649377738382,8.0,0,1,0
2480,486,1,301,73,487,0,0.6993190934902207,0.5684293938051906,0.33193795504876594,0.8302087931752506,106.0,0,0,0
2481,486,15,110,73,1,0,0.5832739071004314,0.38630897256083546,0.14854465486652682,0.7802388416400273,28.0,0,0,0
2482,486,16,278,73,382,0,0.6755191260795406,0.5966970085126669,0.371376873109417,0.7543412436464142,87.0,0,0,0
2483,486,14,264,23,73,0,0.5,0.20528159948627356,0.07070704601537282,0.7947184005137264,61.0,0,1,0
2484,486,14,22,23,382,0,0.5,0.637522082445834,0.03710187925586225,0.36247791755416603,5.0,1,1,1
2485,486,0,9,23,73,0,0.5,0.6789455914844803,0.3269942738370961,0.3210544085155197,10.0,0,1,0
2486,486,0,326,73,23,0,0.5,0.17502095682998373,0.03773148989408598,0.8249790431700162,194.0,0,1,0
2487,486,0,292,23,73,0,0.5706847020184384,0.2854111344519543,0.09969933447356116,0.8559582695849224,144.0,0,0,0
2488,486,0,173,73,382,0,0.6538047704850921,0.43733718114741904,0.2532755389293367,0.8702723598227652,120.0,0,0,0
2489,486,12,340,73,23,1,0.5,0.21933377769007187,0.1104146806367199,0.7806662223099281,120.0,0,1,0
2490,486,12,74,23,73,0,0.59030889663841,0.4602471007000352,0.2319223137441472,0.7203706925767848,31.0,0,0,0
2491,486,13,240,73,390,1,0.776841075419543,0.7526430102242951,0.5708878789009745,0.8010391406147906,107.0,0,0,0
2492,486,2,140,73,23,0,0.573166116846818,0.34134979443184,0.11592010619306395,0.8049824392617959,15.0,0,0,1
2493,486,17,17,382,168,0,0.5,0.5148487862827442,0.08051553377590105,0.4851512137172558,4.0,1,1,1
2494,486,8,255,134,81,0,0.9167631514069825,0.9742349435650878,0.9324914857166733,0.8592913592488773,83.0,0,0,0
2495,486,19,116,73,382,0,0.5,0.15293154344499135,0.057059548709122096,0.8470684565550086,19.0,1,1,1
2496,486,4,24,101,49,0,0.5,1.0,0.009901778952997032,0.0,1.0,1,1,1
2497,351,0,63,309,164,0,0.5,0.4816729624130768,0.15769780314505213,0.5183270375869232,6.0,0,1,0
2498,351,1,195,462,323,1,0.5,0.3328553924550116,0.009244749943121565,0.6671446075449884,8.0,1,1,1
2499,351,15,201,323,13,0,0.66462430558755,0.687843131709231,0.29391223941837796,0.641405479465869,14.0,0,0,0
2500,351,12,322,124,462,0,0.5,0.5808216368629168,0.2109211164114222,0.41917836313708323,5.0,0,1,0
2501,351,19,152,323,22,0,0.632534132138588,0.745225463479571,0.4355841336041713,0.5198428007976051,3.0,0,0,0
2502,37,1,90,390,335,0,0.5,0.5300890108791364,0.09507466516813692,0.4699109891208636,7.0,1,1,1
2503,37,14,11,395,279,1,0.5,1.0,0.5760105625108806,0.0,4.0,0,1,0
2504,37,16,365,390,335,0,0.5,0.1600342248042916,0.03305358523164211,0.8399657751957084,65.0,1,1,1
2505,37,15,13,17,445,0,0.5,1.0,0.005465524157606332,0.0,2.0,1,1,1
2506,37,13,343,390,481,0,0.5,0.33646386367330994,0.15530647877374976,0.6635361363266901,75.0,0,1,0
2507,37,12,205,390,431,0,0.5,0.2512612509850556,0.060952953694861596,0.7487387490149444,21.0,1,1,1
2508,37,2,195,223,488,0,0.5,0.7098695027112694,0.2553829359186463,0.29013049728873064,6.0,0,1,0
2509,37,0,303,395,492,0,0.5,0.34940698389477565,0.13165866970030468,0.6505930161052244,78.0,0,1,0
2510,37,0,74,395,335,1,0.6673957285814841,0.5406696132962272,0.32083801670691475,0.794121843866741,32.0,0,0,0
2511,37,3,5,390,201,0,0.5,1.0,0.3245903234859732,0.0,2.0,1,1,1
2512,37,17,296,335,395,0,0.5,0.32306109941278505,0.10912329927259483,0.676938900587215,12.0,1,1,1
2513,387,17,99,334,466,0,0.5,0.5453296787107993,0.25763533395392196,0.4546703212892007,5.0,0,1,0
2514,387,1,210,57,461,0,0.5,0.39924588555945995,0.05106534922652668,0.60075411444054,12.0,1,1,1
2515,387,0,302,340,243,0,0.5,0.5704095910112275,0.04387548181139696,0.42959040898877254,6.0,1,1,1
2516,387,4,58,138,374,0,0.6762324641819939,0.8977338562773808,0.5544521280111689,0.454731072086607,8.0,0,0,0
2517,191,5,173,184,157,1,0.6103338736307561,0.5586350292015669,0.3556380428742939,0.6620327180599452,16.0,0,0,0
2518,191,0,98,281,165,0,0.5,0.3790564746795695,0.04412149785143651,0.6209435253204305,18.0,1,1,1
2519,191,1,136,165,281,0,0.5,0.3035512169546258,0.11055854321790085,0.6964487830453743,22.0,0,1,0
2520,191,14,110,281,165,0,0.5,0.38792715402621875,0.007515823075798358,0.6120728459737812,13.0,1,1,1
2521,191,13,249,165,281,0,0.66088811849545,0.4943722254280226,0.2655626020214389,0.8274040115628774,104.0,0,0,0
2522,191,7,361,451,262,1,0.7672769290154453,0.8037562056230035,0.5488662148822249,0.7307976524078872,19.0,0,0,0
2523,191,12,219,165,281,1,0.5,0.20809260604917237,0.07823398894092332,0.7919073939508277,31.0,0,1,0
2524,191,15,159,451,157,0,0.5,0.6578074727904687,0.21112451453654912,0.3421925272095313,4.0,0,1,1
2525,185,1,20,46,276,0,0.7237138157400703,1.0,0.39973578181483616,0.44742763148014064,6.0,0,0,0
2526,185,18,259,156,259,0,0.5,0.5591345615592009,0.12173998814247934,0.44086543844079906,2.0,1,1,1
2527,185,0,337,102,327,0,0.6309217119771114,0.464833622178497,0.2075666944821683,0.7970098017757259,47.0,0,0,0
2528,185,12,260,323,102,0,0.5,0.2852109384996006,0.10920605270841523,0.7147890615003993,10.0,1,1,1
2529,185,3,87,133,68,0,0.68683611091754,1.0,0.5659890933372982,0.3736722218350801,5.0,0,0,0
2530,185,13,149,113,159,0,0.6086986665034055,0.4391429625576346,0.2065958806408401,0.7782543704491764,12.0,0,0,0
2531,185,17,335,327,219,0,0.5,0.4648460232273326,0.11438488591422771,0.5351539767726674,28.0,0,1,0
2532,36,1,233,485,323,0,0.5,0.39734220474241916,0.02570446596295094,0.6026577952575809,8.0,1,1,1
2533,36,1,339,480,205,0,0.5,0.3959926749198901,0.09807583123001097,0.6040073250801099,15.0,1,1,1
2534,36,0,200,487,212,0,0.6115916053876942,0.3449476911253119,0.1981240509502991,0.8782355196500765,71.0,0,0,0
2535,36,0,355,116,487,0,0.6449440336147403,0.5154064788692888,0.249761341295411,0.7744815883601919,110.0,0,0,0
2536,36,0,358,116,487,0,0.6392584481909771,0.49518910606344224,0.2376360269335622,0.7833277903185121,111.0,0,0,0
2537,36,12,357,487,116,0,0.5,0.42032768979335516,0.07149461518696001,0.5796723102066448,38.0,1,1,1
2538,36,12,180,116,489,0,0.5,0.2930429411928476,0.08334701864699962,0.7069570588071524,28.0,0,1,0
2539,36,16,170,116,480,0,0.5990154242060258,0.4442615912613912,0.156808471157635,0.7537692571506605,15.0,0,0,0
2540,36,14,58,480,233,0,0.5,0.2923621011719275,0.12411195497939706,0.7076378988280725,14.0,0,1,0
2541,36,14,287,487,322,0,0.7233832799350864,0.6246032864066425,0.4167721571302394,0.8221632734635304,39.0,0,0,0
2542,36,18,140,489,465,0,0.5,0.3609572162137567,0.1662920953349085,0.6390427837862434,6.0,1,1,1
2543,36,15,361,179,116,0,0.5,0.6033895995743976,0.03528456235638432,0.39661040042560236,11.0,1,1,1
2544,36,19,98,67,28,0,0.5,0.6555861405913616,0.12139225277661365,0.34441385940863845,3.0,1,1,1
2545,36,6,193,205,160,0,0.5,0.6754526642287133,0.1473677995852671,0.3245473357712867,3.0,1,1,1
2546,451,0,20,50,161,1,0.7295854699190589,1.0,0.41254710460230315,0.45917093983811785,8.0,0,0,0
2547,451,0,360,191,70,0,0.5,0.3281787747362167,0.09989844256554022,0.6718212252637833,46.0,0,1,0
2548,451,15,68,297,50,0,0.5,0.3622842962110228,0.03965164133124848,0.6377157037889771,6.0,1,1,1
2549,451,15,30,50,297,0,0.6511093665777652,0.6392653436940903,0.34869076272601823,0.6629533894614401,7.0,0,0,0
2550,451,12,151,191,234,0,0.5,0.8007598517779021,0.06042509371933563,0.1992401482220979,9.0,1,1,1
2551,451,1,98,495,297,0,0.5,0.2850965952546029,0.05318769811924338,0.714903404745397,13.0,1,1,1
2552,451,1,252,495,208,0,0.6717050915214302,0.5793131424729862,0.3219704530020226,0.7640970405698742,46.0,0,0,0
2553,451,13,311,208,85,0,0.5,0.20017670427208487,0.061988491435584575,0.7998232957279151,93.0,0,1,0
2554,451,13,3,191,281,0,0.0,0.0,0.0,0.0,3.0,1,1,1
2555,451,17,347,208,161,0,0.5,0.41655310509541144,0.14634335802956336,0.5834468949045886,23.0,0,1,1
2556,451,18,51,495,152,0,0.5,0.5050563677864276,0.013360665342362622,0.4949436322135724,4.0,1,1,1
2557,451,16,320,85,168,0,0.5,0.18395764545585522,0.01386444092456872,0.8160423545441448,13.0,1,1,1
2558,451,14,47,297,338,0,0.0,0.0,0.0,0.0,2.0,1,1,1
2559,451,9,133,191,64,0,0.5,0.5469088849538013,0.08205433713034385,0.4530911150461987,3.0,1,1,1
2560,451,19,309,191,281,0,0.6690255663141611,0.6078639523581582,0.40408604956946614,0.730187180270164,56.0,0,0,0
2561,451,6,226,50,168,0,0.5,0.9265804540236803,0.0054859735486083964,0.07341954597631972,12.0,1,1,1
2562,93,15,300,190,368,0,0.6734729811100993,0.5967260592405655,0.2932724344756805,0.7502199029796331,29.0,0,0,0
2563,93,0,118,457,118,0,0.5619189580965954,0.39610389055524253,0.21021933858816788,0.7277340256379483,34.0,0,0,0
2564,93,0,255,416,306,0,0.5,0.39578600731568614,0.11455175169754671,0.6042139926843139,39.0,0,1,0
2565,93,0,168,457,306,1,0.6442114558947857,0.48831546460744474,0.2728869936274898,0.8001074471821266,48.0,0,0,0
2566,93,7,11,457,0,0,0.5,1.0,0.9999999999989388,0.0,1.0,1,1,1
2567,93,1,36,112,457,0,0.5,0.41205037448466636,0.05498646849011963,0.5879496255153336,6.0,1,1,1
2568,93,1,112,112,190,0,0.7092546236541304,0.6749678090467961,0.5039691352849065,0.7435414382614648,26.0,0,0,0
2569,93,2,90,190,334,0,0.5,0.44254892222255027,0.00016950680417795663,0.5574510777774497,3.0,1,1,1
2570,93,14,164,118,457,0,0.5,0.3519781738807177,0.0244587837023501,0.6480218261192823,10.0,1,1,1
2571,93,16,187,400,368,0,0.7594507329321993,0.8210665074637852,0.6291641641153201,0.6978349584006134,23.0,0,0,0
2572,241,13,21,390,321,0,0.5,0.6904276445877299,0.10560994124258989,0.30957235541227013,3.0,1,1,1
2573,241,0,262,65,313,0,0.5,0.3999237737039641,0.058550386654128796,0.600076226296036,14.0,1,1,1
2574,241,0,57,257,498,0,0.5,0.5819045158468167,0.005863042390411499,0.4180954841531833,4.0,1,1,1
2575,241,12,141,356,488,0,0.5,0.934851268883614,0.02386496485697691,0.06514873111638597,3.0,1,1,1
2576,241,2,71,197,147,0,0.5,0.6237388683178063,0.08191415362577043,0.37626113168219366,3.0,1,1,1
2577,183,16,139,223,32,0,0.5,0.32925617996630446,0.15628495298133058,0.6707438200336955,7.0,1,1,1
2578,183,1,344,482,471,1,0.5,0.250843117847333,0.0491186818956397,0.7491568821526671,42.0,1,1,1
2579,183,1,132,82,312,0,0.5,0.2592923972851626,0.14004136328431252,0.7407076027148374,20.0,0,1,0
2580,183,1,127,82,36,0,0.5774707044093257,0.41423380610381394,0.20724777744326067,0.7407076027148374,20.0,0,0,0
2581,183,17,75,135,461,0,0.5,0.7501803813039276,0.014245109131392243,0.2498196186960724,3.0,1,1,1
2582,183,15,19,226,463,0,0.5,1.0,0.20975945551647895,0.0,2.0,1,1,1
2583,183,0,60,179,35,1,0.5,0.5874916361438455,0.30352895015902986,0.4125083638561545,7.0,0,1,0
2584,183,0,42,59,112,0,0.5,0.40504358928151907,0.028464656938719142,0.5949564107184809,4.0,1,1,1
2585,183,13,287,339,434,1,0.5,0.548781119713907,0.07246947946759918,0.451218880286093,15.0,1,1,1
2587,183,6,362,411,46,0,0.5,0.6259566299622094,0.06609929219750524,0.37404337003779065,2.0,1,1,1
2588,349,14,261,76,346,0,0.620010436976765,0.5444311416254524,0.2840322700500704,0.6955897323280774,17.0,0,0,0
2589,349,0,215,76,301,1,0.7575863927925957,0.6876273959543406,0.44713021412084164,0.8275453896308508,34.0,0,0,0
2590,349,0,340,76,16,0,0.6614295631831504,0.5729711083363984,0.35878961076049837,0.7498880180299023,56.0,0,0,0
2591,349,15,255,76,68,0,0.7153242508381548,0.6965708182933864,0.44663616032680376,0.7340776833829232,19.0,0,0,0
2592,349,8,362,76,83,0,0.5,0.34480010768179237,0.13839026779331637,0.6551998923182076,7.0,0,1,1
2593,236,7,225,88,455,0,0.5,0.5148487862827442,0.11493322492759103,0.4851512137172558,2.0,1,1,1
2594,236,1,261,455,290,1,0.8205030766001293,0.8275182696797446,0.6973515747911839,0.8134878835205139,115.0,0,0,0
2595,236,16,300,455,378,0,0.8303051587114672,0.8168234239402301,0.6901965485006253,0.8437868934827042,67.0,0,0,0
2596,236,12,29,455,45,1,0.8011490276108985,0.8769158032913787,0.6469796867737042,0.7253822519304182,9.0,0,0,0
2597,236,19,305,455,17,0,0.6494254134817775,0.6003049578493518,0.3404575474420493,0.6985458691142032,53.0,0,0,0
2598,236,15,273,455,112,0,0.8701286488966126,0.8555841579736159,0.7442510422848578,0.8846731398196093,101.0,0,0,0
2599,236,0,332,455,160,0,0.8923761184727939,0.8975374765822096,0.8049958501426344,0.887214760363378,212.0,0,0,0
2600,236,0,28,455,35,0,0.6460742030130364,0.6091795146491811,0.4331312209720417,0.6829688913768919,16.0,0,0,0
2601,236,13,86,455,77,0,0.7070261639915011,0.680274381539653,0.4116670517044818,0.7337779464433491,6.0,0,0,0
2602,236,14,66,5,455,1,0.5,0.24464467215430252,0.08666557771370277,0.7553553278456975,18.0,0,1,0
2603,236,8,263,455,235,1,0.7418256411859585,0.9562577071537386,0.884192516897578,0.5273935752181784,7.0,0,0,0
2604,107,1,44,80,201,0,0.5,0.5455243498882523,0.1390274494841625,0.45447565011174773,8.0,0,1,0
2605,107,0,43,80,112,0,0.6598637378186367,0.656852934278137,0.2342459291623699,0.6628745413591366,15.0,0,0,0
2606,107,0,334,80,499,0,0.5,0.2605467640141621,0.01595583610728666,0.7394532359858379,82.0,1,1,1
2607,107,0,350,499,492,0,0.5,0.27726695646551963,0.129795307755556,0.7227330435344803,80.0,0,1,0
2608,107,16,315,175,499,0,0.7376018165705825,0.6865956890024507,0.4729367248989177,0.7886079441387144,60.0,0,0,0
2609,107,12,315,80,365,0,0.5,0.6377545741141627,0.19087459869036053,0.3622454258858373,52.0,0,1,0
2610,107,3,246,175,499,0,0.5,0.3082690576796599,0.003368304001107018,0.6917309423203402,6.0,1,1,1
2611,107,17,365,476,3,1,0.5,0.406094905340938,0.17155298273534728,0.593905094659062,4.0,1,1,1
2612,107,14,177,80,499,0,0.5,0.16774039735144397,0.030532495278016387,0.832259602648556,30.0,1,1,1
2613,107,6,279,169,499,0,0.5,0.840714405907716,0.008442637046685094,0.15928559409228404,2.0,1,1,1
2614,213,0,307,300,268,1,0.7893183340902334,0.7009421713412884,0.4926610964649538,0.8776944968391784,117.0,0,0,0
2615,213,0,306,300,268,1,0.7893183340902333,0.7009421713412882,0.49266109646495393,0.8776944968391784,117.0,0,0,0
2616,213,6,141,337,102,0,0.5,1.0,0.3117033031745533,0.0,2.0,1,1,1
2617,213,14,1,498,39,0,0.5,1.0,0.009901778952998064,0.0,1.0,1,1,1
2618,213,12,173,14,337,1,0.8290748913731225,0.839214321432813,0.6164152669211419,0.8189354613134321,41.0,0,0,0
2619,213,8,90,60,65,1,0.5,1.0,0.1543781457768122,0.0,2.0,1,1,1
2620,213,1,92,14,173,1,0.7449560213106602,0.7268212841723622,0.47343856273283685,0.7630907584489581,17.0,0,0,0
2621,213,16,142,14,79,0,0.5,0.27744622819031856,0.11539340927110434,0.7225537718096815,10.0,1,1,1
2622,213,15,336,14,58,1,0.5,0.2590198346119607,0.1201516038387458,0.7409801653880392,42.0,0,1,0
2623,458,0,68,374,393,1,0.5,0.20506752915418905,0.07600684575636403,0.794932470845811,33.0,0,1,0
2624,458,0,235,393,374,0,0.5609460611450802,0.29265274152716575,0.1403629391533045,0.8292393807629945,103.0,0,0,0
2625,458,0,341,393,374,0,0.6776607174448244,0.4845869539498617,0.29153795887786493,0.870734480939787,159.0,0,0,0
2626,458,0,174,374,393,0,0.5,0.2649752603041192,0.13950995916347467,0.7350247396958808,73.0,0,1,0
2627,458,0,120,393,374,0,0.5,0.19614832660731724,0.06868143091252307,0.8038516733926828,46.0,0,1,0
2628,458,13,362,374,157,0,0.648857892271497,0.4668879854196201,0.2987838635741439,0.8308277991233739,89.0,0,0,0
2629,458,1,252,112,374,0,0.5,0.30724672127552655,0.10901119545519344,0.6927532787244735,78.0,0,1,0
2630,458,1,364,112,374,0,0.7171565023481188,0.6470388894942634,0.42377829323396937,0.7872741152019742,133.0,0,0,0
2631,458,3,238,374,426,0,0.5,0.31445719853910753,0.07238111464576562,0.6855428014608924,25.0,1,1,1
2632,458,7,311,88,374,0,0.6366758161880279,0.5936306795870638,0.263853856409793,0.679720952788992,15.0,0,0,0
2633,458,15,29,112,374,0,0.5,0.3890831676037851,0.05934974308183566,0.6109168323962149,7.0,1,1,1
2634,458,12,173,374,112,1,0.5,0.28121791174907507,0.11022316309783443,0.7187820882509249,38.0,0,1,0
2635,458,12,36,374,324,0,0.7151265899965402,0.8134650096153522,0.5427525699374776,0.6167881703777283,13.0,0,0,0
2636,458,19,119,374,489,1,0.5780491392532829,0.4386404944884059,0.27560520629189356,0.71745778401816,14.0,0,0,0
2637,458,14,319,393,374,0,0.5,0.22551680344745598,0.01968425463230388,0.774483196552544,47.0,1,1,1
2638,458,14,344,467,393,0,0.5,0.6451204597399166,0.002372309793501218,0.3548795402600834,11.0,1,1,1
2639,458,17,308,393,374,0,0.6131849814210948,0.3879469975563129,0.2201641025581093,0.8384229652858768,75.0,0,0,0
2640,458,16,232,374,393,1,0.7118766077717682,0.606347884877267,0.41868811355584606,0.8174053306662695,60.0,0,0,0
2641,458,9,20,47,83,0,0.5,0.5346019613807635,0.29425137587987166,0.46539803861923645,2.0,1,1,1
2642,458,6,31,393,39,0,0.5,0.5737244051811554,0.15765190350341485,0.4262755948188446,2.0,1,1,1
2643,415,16,110,24,67,0,0.5,0.6395250151044659,0.17505799644000597,0.3604749848955341,4.0,1,1,1
2644,415,0,333,469,174,0,0.5710746121134969,0.4035595649200456,0.16069466392850656,0.7385896593069482,52.0,0,0,0
2645,415,1,326,469,18,0,0.7486865890669792,0.762454534693986,0.5989999996349733,0.7349186434399722,35.0,0,0,0
2646,415,12,319,469,174,0,0.7417486778508879,0.7267659460772448,0.4379321248155831,0.7567314096245311,34.0,0,0,0
2647,415,2,189,38,186,1,0.8107207997501309,0.9503876524598571,0.8990312190128454,0.6710539470404046,22.0,0,0,0
2648,243,13,214,479,339,0,0.5,0.27562908915026146,0.002594052351336238,0.7243709108497385,17.0,1,1,1
2649,243,0,341,34,45,0,0.6106960818170398,0.35039402931407126,0.19597179282837382,0.8709981343200084,61.0,0,0,0
2650,243,0,158,34,308,0,0.5,0.2366847042584486,0.07050801566040242,0.7633152957415514,26.0,0,1,0
2651,243,15,135,488,495,0,0.5,1.0,0.05863741861674885,0.0,3.0,1,1,1
2652,243,1,320,34,124,0,0.6740822798035448,0.6019301538553182,0.3409295837628651,0.7462344057517714,21.0,0,0,0
2653,243,2,232,45,61,0,0.5,0.6207172718294751,0.005715804416554763,0.3792827281705249,4.0,1,1,1
2654,243,17,165,33,434,0,0.5,0.463486999327257,0.01579839417377757,0.536513000672743,9.0,1,1,1
2655,44,0,351,20,379,0,0.6472774057603388,0.4449822571554969,0.22703047278428756,0.8495725543651806,136.0,0,0,0
2656,44,0,219,20,30,0,0.571012878122514,0.30288332651618816,0.12371294203010516,0.8391424297288399,56.0,0,0,0
2657,44,0,320,20,379,0,0.5556888467537059,0.24601540184590245,0.13771127518210394,0.8653622916615094,116.0,0,0,0
2658,44,0,273,20,222,1,0.6665574183884058,0.47687422988472983,0.2713045091968287,0.8562406068920817,90.0,0,0,0
2659,44,15,211,30,468,0,0.6983558058846715,0.649944200626695,0.32373903022051986,0.7467674111426481,25.0,0,0,0
2660,44,12,209,30,379,0,0.7120963433198844,0.5788681727393186,0.3546787132500292,0.8453245139004503,32.0,0,0,0
2661,44,16,95,390,30,0,0.5,0.5864482458175461,0.041311481172773876,0.41355175418245393,5.0,1,1,1
2662,44,1,225,30,379,0,0.6464850666226634,0.4780024209087239,0.22054672069410752,0.8149677123366029,30.0,0,0,0
2663,44,13,228,30,390,0,0.7527686648474493,0.668481317582959,0.4249851868625886,0.8370560121119396,31.0,0,0,0
2664,44,19,225,30,79,0,0.5,0.3339540846321045,0.05817172221024813,0.6660459153678955,13.0,1,1,1
2665,44,14,214,30,379,0,0.5863294255488971,0.3662941752384486,0.1452246243808166,0.8063646758593456,26.0,0,0,0
2666,44,17,173,30,239,0,0.7876538391267185,0.8611874398573461,0.7447545442249023,0.7141202383960907,30.0,0,0,0
2667,447,17,173,15,46,1,0.5,0.6282135493716198,0.10417327191170438,0.3717864506283802,6.0,1,1,1
2668,447,18,73,0,284,0,0.5,0.4154291080797601,0.0874485526582528,0.5845708919202399,3.0,1,1,1
2669,447,0,282,35,334,0,0.6543730164663722,0.4994852234693621,0.27345183679056173,0.8092608094633824,67.0,0,0,0
2670,447,0,108,35,467,0,0.5,0.2269751073896348,0.1227094192912098,0.7730248926103652,24.0,0,1,0
2671,447,0,365,35,401,0,0.723620183915928,0.570293557864992,0.35925144803057885,0.876946809966864,93.0,0,0,0
2672,447,0,112,35,467,0,0.5871444981578617,0.3617048400497653,0.21564689789731317,0.8125841562659581,26.0,0,0,0
2673,447,14,36,448,255,0,0.5,0.5273871392841287,0.056998710912159245,0.4726128607158713,4.0,1,1,1
2674,447,14,33,448,255,1,0.5,0.5273871392841287,0.05699871091215979,0.4726128607158713,4.0,1,1,1
2675,447,1,215,82,475,0,0.5,0.13495458473566274,0.06496811665134686,0.8650454152643372,57.0,0,1,0
2676,447,1,15,255,82,0,0.5,0.8532876755881738,0.13111180763840205,0.14671232441182624,6.0,0,1,0
2677,447,1,34,82,255,0,0.625825330887089,0.5034612938070088,0.21001460326541338,0.7481893679671693,12.0,0,0,0
2678,447,1,180,82,0,0,0.575636599664406,0.3285476618781469,0.19039298730311896,0.8227255374506651,52.0,0,0,0
2679,447,12,183,255,452,0,0.5,0.3331104871209087,0.04269260381820178,0.6668895128790913,11.0,1,1,1
2680,447,12,7,190,32,0,0.5,0.6490155072037518,0.19897375019395708,0.3509844927962482,3.0,1,1,1
2681,447,15,91,190,223,0,0.5,0.429822922761276,0.15384987660701382,0.570177077238724,11.0,0,1,0
2682,447,15,147,190,475,0,0.5,0.2522145022649688,0.08239097555453441,0.7477854977350312,15.0,0,1,1
2683,447,13,207,32,7,0,0.5,0.256500641723103,0.035778164552083956,0.743499358276897,14.0,1,1,1
2684,447,19,315,475,412,0,0.5,0.5366869546111185,0.013537505692235332,0.4633130453888815,7.0,1,1,1
2685,447,4,186,341,230,0,0.5,0.6437784915576762,0.047552329242367554,0.3562215084423238,7.0,1,1,1
2686,447,16,112,168,467,0,0.5,0.24817200285198082,0.014237569590965038,0.7518279971480192,7.0,1,1,1
2687,447,2,224,0,468,0,0.5,0.5389527262344757,0.16390454011572986,0.46104727376552435,9.0,0,1,0
2688,447,3,205,0,452,0,0.5,0.55366621541017,0.1712004527004593,0.44633378458983,4.0,0,1,1
2689,282,12,308,257,31,0,0.5,0.6219966417954157,0.09463994115845235,0.3780033582045843,6.0,1,1,1
2690,282,1,287,70,319,0,0.5,0.23836143427382106,0.09100539133237263,0.7616385657261789,16.0,1,1,1
2691,282,0,264,305,122,0,0.8514477080139098,0.8514846479697777,0.708703309225057,0.8514107680580418,151.0,0,0,0
2692,282,0,326,305,257,0,0.8417901927329738,0.8200554479638256,0.668750515957246,0.8635249375021222,184.0,0,0,0
2693,282,2,169,190,334,0,0.6028741331670606,0.4826648976269885,0.19221953589784854,0.7230833687071327,10.0,0,0,0
2694,282,14,136,346,279,0,0.5,0.6384081381003859,0.13445076143208545,0.3615918618996141,4.0,1,1,1
2695,282,8,178,315,17,0,0.5,0.9787966085404268,0.2003950981874593,0.021203391459573173,3.0,1,1,1
2696,498,13,145,139,90,0,0.5,0.3406206253998911,0.0028306326482992242,0.6593793746001089,11.0,1,1,1
2697,498,0,207,223,300,0,0.5,0.17716365013889387,0.010352208448113217,0.8228363498611061,27.0,1,1,1
2698,498,0,172,223,12,0,0.5,0.25607921040673176,0.028368662656884005,0.7439207895932682,24.0,1,1,1
2699,498,1,349,312,18,1,0.5,0.6307820107654343,0.12811628670411748,0.3692179892345657,29.0,0,1,0
2700,498,1,214,312,212,0,0.5,0.3168045081250722,0.1486546156209504,0.6831954918749278,15.0,0,1,0
2701,498,14,332,450,39,0,0.5,0.5804287530672722,0.08065455738849606,0.41957124693272785,13.0,1,1,1
2702,498,15,353,18,24,0,0.5,0.7535070358264411,0.028775824842639543,0.24649296417355893,7.0,1,1,1
2703,498,17,43,68,300,0,0.5,0.6030779652019495,0.14658942315061357,0.39692203479805055,7.0,0,1,0
2704,498,19,356,146,477,0,0.5,0.9293625099788219,0.023249584217814694,0.07063749002117814,6.0,1,1,1
2705,498,12,328,90,478,0,0.5,0.32173686594788004,0.04225932126006681,0.6782631340521199,13.0,1,1,1
2706,498,16,173,90,445,0,0.5,0.2548275954315995,0.06013775131599303,0.7451724045684005,19.0,1,1,1
2707,498,18,124,478,78,0,0.6339344638662618,0.58172403152638,0.21623373825798417,0.6861448962061438,4.0,0,0,0
2708,498,4,273,276,90,0,0.5,0.9636538888461788,0.03824270791379979,0.03634611115382125,3.0,1,1,1
2709,426,0,334,180,458,0,0.5,0.32470095730236,0.14932920577024394,0.67529904269764,21.0,0,1,0
2710,426,1,349,458,141,0,0.5,0.6724886215876859,0.10837062803245354,0.32751137841231415,10.0,1,1,1
2711,426,12,274,456,458,0,0.6483129807194314,0.5547526169858308,0.29591121616327637,0.7418733444530321,15.0,0,0,0
2712,426,17,240,393,458,0,0.5,1.0,0.001460445038426483,0.0,5.0,1,1,1
2713,245,0,175,19,452,0,0.5,0.5348832831839354,0.02237447745006831,0.4651167168160646,29.0,1,1,1
2714,245,7,175,42,19,0,0.5,1.0,0.2615024821205016,0.0,2.0,1,1,1
2715,245,1,353,452,447,0,0.7085694571564727,0.5890044874019683,0.40887978675122816,0.828134426910977,68.0,0,0,0
2716,245,16,49,323,452,0,0.5,0.7029806230824563,0.35770792149480235,0.29701937691754365,3.0,0,1,0
2717,245,15,293,452,26,0,0.622646112525262,0.7570148352668046,0.6075438156303297,0.4882773897837194,23.0,0,0,0
2718,245,14,84,452,26,0,0.6427012149594155,0.6402706380461642,0.26301055098886317,0.6451317918726667,5.0,0,0,0
2719,473,0,357,57,460,0,0.5,0.3047505523548311,0.05352107461030631,0.6952494476451689,60.0,0,1,0
2720,473,0,319,489,59,0,0.5,0.23868218500984537,0.005627727342737157,0.7613178149901546,66.0,1,1,1
2721,473,0,183,489,132,0,0.5,0.3051090409569524,0.16554825403883539,0.6948909590430477,33.0,0,1,0
2722,473,0,51,0,57,0,0.5,0.3326231081960996,0.10730629488337892,0.6673768918039005,12.0,0,1,0
2723,473,0,225,489,122,0,0.5,0.3577956886965189,0.03980487786008902,0.6422043113034811,44.0,0,1,0
2724,473,0,139,248,487,0,0.5,0.4823836797882285,0.06223239155177652,0.5176163202117715,23.0,0,1,0
2725,473,15,331,104,482,0,0.5,0.5220233004257742,0.09533605387014918,0.47797669957422584,9.0,1,1,1
2726,473,16,10,66,479,0,0.0,0.0,0.0,0.0,1.0,1,1,1
2727,473,1,312,82,168,0,0.7021261965564223,0.5769749688431457,0.379206564900817,0.827277424269699,80.0,0,0,0
2728,473,1,164,82,202,0,0.557409933109497,0.24369453241200129,0.09215364848619294,0.8711253338069929,34.0,0,0,0
2729,473,1,235,82,426,0,0.6809635322885432,0.5223244623509339,0.2693281240443621,0.8396026022261527,55.0,0,0,0
2730,473,1,4,296,334,0,0.5,1.0,0.009901778953000522,0.0,2.0,1,1,1
2731,473,12,201,490,149,0,0.5,0.5154296281313201,0.02963490164475462,0.4845703718686799,9.0,1,1,1
2732,473,18,56,448,489,0,0.5,0.7348802985545877,0.09411217519229462,0.2651197014454123,4.0,1,1,1
2733,473,14,81,352,404,0,0.5,0.6383697405216479,0.2116487969283966,0.36163025947835215,10.0,0,1,0
2734,473,14,167,352,489,0,0.5,0.32983156573262756,0.14270410306436312,0.6701684342673724,17.0,0,1,0
2735,473,14,287,59,458,0,0.5,0.44950380990081007,0.012340413186702894,0.5504961900991899,13.0,1,1,1
2736,473,13,358,64,146,0,0.5,0.6454791555943767,0.011352305608296986,0.35452084440562326,4.0,1,1,1
2737,473,6,112,89,499,0,0.5,0.6118409838242775,0.11106270626579864,0.38815901617572246,5.0,1,1,1
2738,450,13,206,126,469,0,0.6841655725796241,0.7741883557552357,0.482331088406488,0.5941427894040123,14.0,0,0,0
2739,450,16,349,469,12,0,0.5,0.24895449065441136,0.09049081113890445,0.7510455093455887,62.0,0,1,0
2740,450,16,309,24,12,0,0.5,0.1645440985678137,0.014592361932208874,0.8354559014321863,65.0,1,1,1
2741,450,16,251,24,76,0,0.685264603342506,0.6379664514388402,0.3967766345270958,0.7325627552461718,51.0,0,0,0
2742,450,0,219,12,174,1,0.6764945011117711,0.5194639542271582,0.3050801155075974,0.8335250479963842,120.0,0,0,0
2743,450,0,223,12,174,1,0.6904198161832138,0.5369959902811682,0.3060110833245861,0.8438436420852593,122.0,0,0,0
2744,450,0,238,12,174,0,0.6860549289076319,0.5638006670017467,0.3410886846905452,0.808309190813517,134.0,0,0,0
2745,450,0,299,12,469,0,0.6719530700776597,0.5131964569282994,0.30948939539243137,0.83070968322702,172.0,0,0,0
2746,450,0,146,12,174,0,0.5,0.18991504697362568,0.009413689399428788,0.8100849530263743,71.0,1,1,1
2747,450,1,266,12,268,0,0.5,0.2838926531598061,0.13382737535826744,0.716107346840194,53.0,0,1,0
2748,450,1,226,12,174,0,0.5607069552585964,0.32442959844046665,0.11676589481419755,0.796984312076726,47.0,0,0,0
2749,450,1,31,63,24,0,0.5,0.6141551799784069,0.07714191253139879,0.38584482002159315,5.0,1,1,1
2750,450,14,134,12,174,0,0.6433103436908327,0.5102315741193587,0.2713194821923231,0.7763891132623066,25.0,0,0,0
2751,450,12,314,12,469,0,0.6268331810634519,0.5450524950201603,0.2516294922283526,0.7086138671067435,52.0,0,0,0
2752,450,12,166,12,445,0,0.5,0.3575813443388785,0.18090217060775368,0.6424186556611216,17.0,0,1,0
2753,450,18,296,423,79,1,0.9052482081440016,0.9417315231510652,0.8805988818885315,0.8687648931369382,85.0,0,0,0
2754,450,15,117,68,84,0,0.5,0.322165232327769,0.07041319629905489,0.6778347676722309,13.0,0,1,1
2755,450,15,279,49,12,1,0.5,0.24168770037740572,0.12161870556817572,0.7583122996225943,30.0,0,1,0
2756,450,7,218,497,19,0,0.5,0.5953750671493881,0.2044062519159514,0.40462493285061185,3.0,1,1,1
2757,450,4,315,12,323,0,0.5,0.7555088559879742,0.33471257541930016,0.24449114401202576,5.0,0,1,0
2758,468,15,338,135,448,0,0.6277574618466519,0.5266706883726712,0.2199045753417082,0.7288442353206328,15.0,0,0,0
2759,468,13,130,81,75,0,0.6799884240912442,0.6008521973653209,0.3117927648202098,0.7591246508171673,28.0,0,0,0
2760,468,0,82,448,135,0,0.5762385387166689,0.30807578351825604,0.11722066647299635,0.8444012939150816,29.0,0,0,0
2761,468,0,244,135,46,0,0.6555307123440857,0.5055598845784398,0.3012738411612698,0.8055015401097314,101.0,0,0,0
2762,468,0,220,135,46,0,0.6495184300945179,0.46075631744397044,0.2653092409320081,0.8382805427450655,88.0,0,0,0
2763,468,0,318,135,0,0,0.5,0.15856716677435567,0.03141838768401854,0.8414328332256443,122.0,0,1,1
2764,468,0,342,135,0,0,0.5700230810607124,0.37444642003607786,0.15613481315733885,0.765599742085347,136.0,0,0,0
2765,468,6,97,120,81,0,0.5,1.0,0.06390885286667039,0.0,2.0,1,1,1
2766,468,14,211,135,448,0,0.5762785474469295,0.4193580859169063,0.2304606875173962,0.7331990089769528,27.0,0,0,0
2767,468,14,287,135,197,0,0.6006394667506825,0.4365080789033336,0.2468405975991134,0.7647708545980313,38.0,0,0,0
2768,468,19,269,46,467,1,0.5,0.5884269028722169,0.37339469762700955,0.4115730971277831,5.0,0,1,0
2769,468,1,275,345,135,0,0.5,1.0,0.0672896421039681,0.0,4.0,1,1,1
2770,468,1,220,135,485,0,0.6418244439195049,0.581896642368345,0.32871379670516326,0.7017522454706647,21.0,0,0,0
2771,468,2,14,275,80,0,0.5,1.0,0.03958771040389503,0.0,1.0,1,1,1
2772,401,0,182,59,34,0,0.5,0.18063218378289728,0.008405761369439215,0.8193678162171028,45.0,1,1,1
2773,401,0,26,34,406,0,0.6279645904165726,0.5617925864036564,0.27461874097932276,0.6941365944294888,12.0,0,0,0
2774,401,0,40,190,34,0,0.5,0.33131195017214565,0.009187300779597962,0.6686880498278543,13.0,1,1,1
2775,401,0,286,59,34,0,0.5872008451252237,0.4121692496702073,0.18531073666137438,0.7622324405802403,83.0,0,0,0
2776,401,0,123,34,479,0,0.6214996922268123,0.4430745503430823,0.21736195460249025,0.7999248341105425,44.0,0,0,0
2777,401,12,307,475,25,0,0.5,0.22480396812108178,0.09428821714000148,0.7751960318789182,30.0,0,1,0
2778,401,12,139,25,5,0,0.5,0.2590145933372838,0.029071053496072544,0.7409854066627162,17.0,1,1,1
2779,401,17,290,475,68,0,0.6824927132819347,0.5765806314477584,0.26985136002442384,0.7884047951161111,67.0,0,0,0
2780,401,17,238,475,57,0,0.6461327351446933,0.3980225464525722,0.1831083778895649,0.8942429238368143,48.0,0,0,0
2781,401,15,9,34,475,0,0.5,0.5148487862827442,0.13332024124706485,0.4851512137172558,4.0,1,1,1
2782,401,15,87,475,489,0,0.683577084062633,0.5550445056577806,0.32880367018339596,0.8121096624674854,22.0,0,0,0
2783,401,1,290,475,112,0,0.5,0.16751563910607414,0.05318670799929727,0.8324843608939259,96.0,0,1,0
2784,401,1,236,68,475,0,0.5,0.16215595106793407,0.018485318143618038,0.837844048932066,67.0,1,1,1
2785,401,1,238,68,475,0,0.5,0.1519115074307975,0.051073131841856814,0.8480884925692025,68.0,0,1,0
2786,401,5,193,6,475,1,0.5887323249888838,0.3874954618831929,0.1625537621210977,0.7899691880945747,16.0,0,0,0
2787,401,16,71,475,59,1,0.7161354224666292,0.670414643584746,0.4327689023604572,0.7618562013485123,28.0,0,0,0
2788,401,16,20,475,190,0,0.6634683646124535,0.7096967957782753,0.494812300009642,0.6172399334466317,9.0,0,0,0
2789,401,3,341,68,475,0,0.5,0.17549200510859056,0.020335229637273317,0.8245079948914095,57.0,1,1,1
2790,401,18,14,495,301,0,0.5,1.0,0.12477285363163633,0.0,3.0,1,1,1
2791,401,4,293,475,454,1,0.6106652116636089,0.45221496875612827,0.21485181843757967,0.7691154545710894,41.0,0,0,0
2792,401,19,53,475,301,0,0.5,0.3872398995187257,0.030222130900121533,0.6127601004812743,6.0,1,1,1
2793,401,14,345,57,59,0,0.5,0.30217970919665543,0.05238915190238012,0.6978202908033446,45.0,1,1,1
2794,401,14,235,59,34,0,0.5,0.2996841575252469,0.011606537909734286,0.7003158424747531,22.0,1,1,1
2795,401,13,361,48,475,1,0.5631994021965832,0.38275504819716943,0.1698320095272022,0.7436437561959969,25.0,0,0,0
2796,401,13,200,475,68,0,0.6485715499485301,0.4955027083993424,0.2603735514038659,0.8016403914977176,38.0,0,0,0
2797,401,8,10,34,475,0,0.5,0.7622277822690069,0.32026379009595674,0.2377722177309931,4.0,0,1,0
2798,11,15,8,67,358,0,0.5,0.7297380437763819,0.3382748278885731,0.27026195622361815,4.0,0,1,0
2799,11,19,349,67,57,0,0.8002304947668673,0.7888243167791581,0.5963606991909998,0.8116366727545765,46.0,0,0,0
2800,11,12,230,67,57,0,0.6569046142844658,0.5895128416941977,0.4160448232224425,0.7242963868747339,34.0,0,0,0
2801,11,13,200,57,291,0,0.652912740153361,0.5509370579693299,0.3662920126655747,0.7548884223373921,39.0,0,0,0
2802,11,0,117,57,225,0,0.6651281143454841,0.5697765137644387,0.3892166809642241,0.7604797149265297,31.0,0,0,0
2803,11,0,61,57,67,0,0.7111375091416938,0.6553529847051561,0.30762493560582643,0.7669220335782316,17.0,0,0,0
2804,11,1,19,225,57,0,0.5,0.3841657803156409,0.09862407786164817,0.6158342196843591,8.0,0,1,0
2805,11,1,72,67,57,0,0.5,0.2292226498579794,0.10231409044795936,0.7707773501420205,25.0,0,1,0
2806,11,1,314,57,225,0,0.5493124457072163,0.24074544381077864,0.11669119060428695,0.8578794476036539,135.0,0,0,0
2807,11,14,267,57,67,0,0.7537552908379686,0.778346585785972,0.4909689031894998,0.7291639958899652,22.0,0,0,0
2808,11,4,160,57,149,0,0.770363685404206,0.7941817016053293,0.541017606610909,0.7465456692030825,10.0,0,0,0
2809,11,16,34,67,486,0,0.5,0.5793758606972715,0.09656206004041677,0.42062413930272846,6.0,1,1,1
2810,11,16,108,486,57,0,0.5,0.2450913600406381,0.07913550038325974,0.7549086399593619,24.0,0,1,0
2811,99,14,99,404,346,0,0.5,0.2946737277536428,0.17179506128333777,0.7053262722463571,16.0,0,1,0
2812,99,15,253,496,270,1,0.5,0.5312070768847871,0.02163739467599792,0.4687929231152129,9.0,1,1,1
2813,99,1,215,404,196,0,0.5,0.26009463591256665,0.02386581098647891,0.7399053640874333,9.0,1,1,1
2814,99,0,57,492,288,0,0.5,0.2881887983568794,0.05877679179523361,0.7118112016431206,10.0,1,1,1
2815,99,0,65,346,288,0,0.5,0.3196803650122638,0.07749059512567556,0.6803196349877362,15.0,0,1,0
2816,99,0,51,335,346,0,0.5,0.3632073417562598,0.05845669361295509,0.6367926582437402,10.0,1,1,1
2817,99,12,335,124,404,0,0.5,0.7441906600995132,0.051885980497564946,0.2558093399004868,6.0,1,1,1
2818,99,16,161,196,404,0,0.5,0.6059186869231453,0.09630604365337622,0.3940813130768547,4.0,1,1,1
2819,99,17,297,196,64,0,0.5,0.6072254878927719,0.21616658840410904,0.39277451210722814,9.0,0,1,1
2820,99,10,24,115,175,0,0.0,0.0,0.0,0.0,1.0,1,1,1
2821,152,0,332,451,70,0,0.5,0.41775851570132466,0.03743082273800906,0.5822414842986754,20.0,1,1,1
2822,152,17,209,282,88,0,0.5,0.4181990530644048,0.0017904841129056585,0.5818009469355951,18.0,1,1,1
2823,152,1,159,70,130,1,0.5,0.4712617580064436,0.22091209691083374,0.5287382419935565,21.0,0,1,0
2824,152,15,173,451,130,1,0.6834353791781758,0.6014852303120315,0.30153418391951764,0.76538552804432,19.0,0,0,0
2825,152,13,222,329,339,0,0.5,0.7006519585971499,0.13395031106120972,0.2993480414028501,10.0,0,1,1
2827,30,13,180,44,310,1,0.7488381381042873,0.820082154844749,0.6407089056483748,0.6775941213638257,24.0,0,0,0
2828,30,12,145,310,44,0,0.602928306875563,0.47831362503268576,0.27406969168862394,0.7275429887184401,21.0,0,0,0
2829,30,16,160,44,310,1,0.6747226698349911,0.7043104488013395,0.24294216248738254,0.6451348908686425,28.0,0,0,0
2830,30,0,116,46,310,0,0.5,0.13862143462156817,0.0724964052171609,0.8613785653784318,47.0,0,1,0
2831,30,0,24,46,269,0,0.5,0.4253712811135827,0.12181191412873169,0.5746287188864173,12.0,0,1,0
2832,30,0,125,310,46,1,0.5,0.2514365766143803,0.02225973425258067,0.7485634233856198,30.0,1,1,1
2833,30,0,289,310,46,0,0.5,0.1704147957876274,0.03163292433488974,0.8295852042123726,75.0,1,1,1
2834,30,14,316,487,21,0,0.5,0.6707040901562112,0.04287147497310352,0.32929590984378876,10.0,1,1,1
2835,30,17,267,44,251,0,0.5,0.36108609973267675,0.1867826273634099,0.6389139002673232,59.0,0,1,0
2836,30,1,122,310,297,0,0.7085666847392393,0.6755275170107004,0.4343093466474389,0.7416058524677782,26.0,0,0,0
2837,30,1,253,484,44,0,0.5,0.4407713393722504,0.033783455876051284,0.5592286606277497,14.0,1,1,1
2838,30,2,147,44,172,1,0.7115981976034738,0.8131899727128228,0.662725741163274,0.6100064224941248,19.0,0,0,0
2839,30,4,239,274,368,0,0.6915255203058961,0.8230611408424607,0.3719416434873142,0.5599898997693316,3.0,0,0,0
2840,30,3,286,310,466,0,0.5,0.2661995260755584,0.015885349043339155,0.7338004739244416,25.0,1,1,1
2841,192,0,288,464,248,1,0.5,0.14398888506497046,0.068515983168391,0.8560111149350296,128.0,0,1,0
2842,192,0,336,464,248,1,0.6381622839262686,0.4618523029104774,0.23889522832911228,0.8144722649420598,161.0,0,0,0
2843,192,17,121,74,394,1,0.6583880458922662,0.5640687249301585,0.3282850766303262,0.752707366854374,13.0,0,0,0
2844,192,1,54,112,88,0,0.5,0.5211298074949315,0.07709652182261563,0.47887019250506846,5.0,1,1,1
2845,192,19,292,462,139,0,0.5,0.8198114717917583,0.11428799736094239,0.18018852820824172,3.0,1,1,1
2846,192,14,222,248,464,0,0.5,0.3785552135034472,0.012126396309947714,0.6214447864965529,33.0,1,1,1
2847,192,16,9,74,112,1,0.5,0.5197938552019578,0.005318592665005404,0.48020614479804224,2.0,1,1,1
2848,192,5,288,13,296,0,0.5,0.609602972763284,0.020611588641974026,0.390397027236716,3.0,1,1,1
2849,192,6,98,368,406,0,0.5,1.0,0.11826912311827736,0.0,1.0,1,1,1
2850,324,0,2,48,401,0,0.0,0.0,0.0,0.0,3.0,1,1,1
2851,324,0,227,23,326,1,0.6009023333237598,0.4760631683025209,0.20019727878918703,0.7257414983449986,47.0,0,0,0
2852,324,0,363,23,326,0,0.5,0.15226942057112902,0.02165634576869593,0.847730579428871,170.0,0,1,0
2853,324,12,247,23,464,1,0.8219347795039098,0.8764408297974332,0.7724787114580612,0.7674287292103864,45.0,0,0,0
2854,324,14,106,464,334,0,0.5,0.48576992122570617,0.09035512158562484,0.5142300787742938,7.0,1,1,1
2855,324,1,148,326,23,0,0.5,0.6600439093131497,0.17034926216853535,0.3399560906868503,3.0,1,1,1
2856,352,0,305,235,150,0,0.617897019556254,0.39027295486768454,0.18232613942488188,0.8455210842448234,53.0,0,0,0
2857,352,0,174,201,180,0,0.5,0.2546924754461169,0.028210084535266654,0.7453075245538832,34.0,1,1,1
2858,352,12,82,235,169,0,0.5,0.22971828272373318,0.04466804432484899,0.7702817172762668,8.0,1,1,1
2859,352,14,140,235,201,0,0.5,0.2977720418088613,0.10597575495350425,0.7022279581911387,8.0,1,1,1
2860,352,1,282,169,460,0,0.5,0.7247650486838729,0.38615467976032464,0.2752349513161271,13.0,0,1,0
2861,352,18,189,346,235,0,0.5,0.840714405907716,0.04214268340429282,0.15928559409228404,2.0,1,1,1
2862,460,0,69,346,201,0,0.5,0.3519391549898175,0.013396718130959443,0.6480608450101826,29.0,1,1,1
2863,460,0,337,201,488,0,0.5787917999434999,0.32115083637477077,0.08938824589092542,0.8364327635122291,161.0,0,0,0
2864,460,0,226,201,488,1,0.5533007712208985,0.2299792353364233,0.10248585773324957,0.8766223071053737,100.0,0,0,0
2865,460,0,322,201,488,0,0.5,0.18038366361705813,0.028862250930164705,0.8196163363829418,150.0,0,1,0
2866,460,14,345,201,488,0,0.621373723992818,0.41169905380911437,0.2268753132465304,0.8310483941765217,90.0,0,0,0
2867,460,14,158,201,180,1,0.5,0.20118987221348664,0.03829154018316047,0.7988101277865134,34.0,1,1,1
2868,460,14,287,201,488,0,0.6605287160170721,0.4463634297948186,0.21472642646360596,0.8746940022393257,69.0,0,0,0
2869,460,1,240,235,189,0,0.6055171896552004,0.4393766598100291,0.22843122459772378,0.7716577195003718,33.0,0,0,0
2870,460,19,235,115,496,0,0.5,0.4609849847260864,0.20761893718007143,0.5390150152739136,9.0,0,1,0
2871,460,17,357,189,235,0,0.5,0.6079584861441256,0.08878201296130445,0.3920415138558744,22.0,0,1,0
2872,460,16,129,346,201,0,0.6075416946125873,0.5256145223730434,0.33983334037823826,0.6894688668521313,16.0,0,0,0
2873,460,12,248,109,235,0,0.5,0.40309524876009845,0.07681383771823254,0.5969047512399015,8.0,1,1,1
2874,460,13,229,99,290,0,0.5,0.48125441743512787,0.02690230888593139,0.5187455825648721,4.0,1,1,1
2875,460,5,357,189,235,0,0.5,0.7008616683935758,0.015605026831353536,0.2991383316064242,8.0,1,1,1
2876,460,15,110,346,226,0,0.6779116377053611,0.6639809278122772,0.39632262006892527,0.6918423475984451,31.0,0,0,0
2877,460,18,121,346,150,1,0.6492936389571686,0.6217897899659584,0.25534303512914885,0.6767974879483789,9.0,0,0,0
2878,460,3,292,365,492,0,0.5,0.6237714479395391,0.00015929117399734484,0.3762285520604609,5.0,1,1,1
2879,328,13,84,459,92,0,0.5,0.5148353632439416,0.21230732912092273,0.48516463675605837,9.0,0,1,0
2880,328,0,58,423,3,1,0.5,0.5566801536661157,0.0747979535430155,0.4433198463338843,3.0,1,1,1
2881,328,1,112,109,423,0,0.5,0.5737244051811553,0.1621999083138747,0.4262755948188447,4.0,1,1,1
2882,207,1,79,51,22,0,0.5,0.4328502920410868,0.025506787504557097,0.5671497079589132,3.0,1,1,1
2883,207,0,292,268,167,0,0.6128229650127102,0.44085598301472056,0.21144744677189573,0.7847899470106997,47.0,0,0,0
2884,207,0,266,268,167,0,0.5704246081940332,0.4099925336596289,0.1794032626144941,0.7308566827284374,45.0,0,0,0
2885,207,15,232,29,371,0,0.5,0.41724730953350914,0.21053162399051575,0.5827526904664908,4.0,1,1,1
2886,207,14,273,260,106,0,0.5,0.5148487862827442,0.1209565554413024,0.4851512137172558,4.0,1,1,1
2887,207,12,193,230,30,0,0.5,1.0,0.02928216720084024,0.0,3.0,1,1,1
2888,207,9,322,227,491,0,0.5,1.0,0.2049978814684647,0.0,1.0,1,1,1
2889,263,0,21,1,20,0,0.5993507627660264,0.7363712238263082,0.5396497929392289,0.46233030170574463,8.0,0,0,0
2890,263,0,191,1,468,0,0.5983883576193469,0.6386629439414472,0.3499779932716339,0.5581137712972467,31.0,0,0,0
2891,263,17,118,329,56,0,0.5,0.4396748083815103,0.14949792899443645,0.5603251916184897,4.0,1,1,1
2892,263,16,360,146,460,0,0.5,0.757376831044005,0.2702753484561774,0.242623168955995,4.0,0,1,0
2893,263,18,93,240,495,0,0.5,1.0,0.04287404840608927,0.0,1.0,1,1,1
2894,263,14,166,301,279,0,0.5,0.5929109482761099,0.16581387544425197,0.4070890517238901,6.0,1,1,1
2895,298,1,92,312,82,0,0.5,0.19462156616670315,0.025360417025347914,0.8053784338332969,12.0,1,1,1
2896,298,0,126,268,207,0,0.5,0.47713110969577993,0.08549774009432484,0.52286889030422,9.0,1,1,1
2897,298,0,346,346,268,0,0.5,0.4563799871173279,0.020499349626075483,0.543620012882672,17.0,1,1,1
2898,298,18,303,156,207,0,0.7538056490303309,0.8782178538125799,0.5922533797423376,0.629393444248082,32.0,0,0,0
2899,298,4,123,268,42,0,0.5,0.47499580756214005,0.18596209434705038,0.5250041924378599,11.0,0,1,0
2900,298,4,55,221,209,0,0.5,0.5932142098959644,0.031055961908392153,0.4067857901040356,7.0,1,1,1
2901,298,19,291,216,32,1,0.5,1.0,0.04772581257287524,0.0,2.0,1,1,1
2902,22,0,240,26,452,0,0.5,0.13239117333382436,0.05299694206374622,0.8676088266661757,84.0,0,1,0
2903,22,0,357,452,26,1,0.622755495065676,0.42261983009962684,0.25431274145427635,0.822891160031725,158.0,0,0,0
2904,22,0,175,452,26,0,0.6420702787285422,0.45357732962927705,0.2598218246054161,0.8305632278278072,80.0,0,0,0
2905,22,0,142,452,26,0,0.7552933569358786,0.6903984743189389,0.472555600791658,0.8201882395528184,69.0,0,0,0
2906,22,16,133,68,94,0,0.5,0.4658890991208046,0.022210450139500897,0.5341109008791953,6.0,1,1,1
2907,22,1,351,452,19,0,0.7685887397103234,0.6738120229680105,0.4434613201193052,0.8633654564526363,166.0,0,0,0
2908,22,1,212,452,26,0,0.6895273994047618,0.5239164362800867,0.3327982642824808,0.855138362529437,102.0,0,0,0
2909,22,1,200,452,26,0,0.7161087058038148,0.5705798332778038,0.3875112358451591,0.8616375783298258,97.0,0,0,0
2910,22,15,257,452,19,0,0.7252827567366237,0.6472818247580889,0.46526284520150496,0.8032836887151584,73.0,0,0,0
2911,22,15,342,19,452,1,0.6047374641191147,0.45094080880039183,0.17462894639749035,0.7585341194378376,61.0,0,0,0
2912,22,12,75,452,19,0,0.6777630370320985,0.7121341193040229,0.5216917129063696,0.6433919547601741,18.0,0,0,0
2913,22,12,285,452,26,0,0.7781965234052729,0.7140877807731869,0.5448234650435704,0.8423052660373589,90.0,0,0,0
2914,22,17,364,356,71,0,0.5,0.6275971253844598,0.05478354905486877,0.3724028746155402,6.0,1,1,1
2915,22,14,143,26,19,0,0.5,0.30359486770207317,0.029813778022164644,0.6964051322979268,20.0,1,1,1
2916,22,3,226,452,26,0,0.6179202355128302,0.5828619342959097,0.2512600871580386,0.6529785367297506,15.0,0,0,0
2917,22,7,77,452,13,1,0.5,0.40182949178076377,0.11372257255139806,0.5981705082192362,3.0,1,1,1
2918,329,17,64,6,152,1,0.5,0.590294558264595,0.36119355337342196,0.409705441735405,6.0,0,1,0
2919,329,13,324,161,370,0,0.6002620522747588,0.6534494924443287,0.39071616624743816,0.5470746121051888,13.0,0,0,0
2920,329,15,77,12,227,0,0.5,0.8047183859722031,0.10820614204721654,0.19528161402779687,3.0,1,1,1
2921,329,0,91,190,490,0,0.5,0.3261856083685284,0.061732362901322044,0.6738143916314716,4.0,1,1,1
2922,329,16,115,305,24,0,0.5,0.5049508894765016,0.039587710403901015,0.4950491105234984,2.0,1,1,1
2923,329,2,130,69,100,1,0.0,0.0,0.0,0.0,1.0,1,1,1
2924,307,0,316,432,399,0,0.6060075325728578,0.3638080999890228,0.18457118142776635,0.8482069651566927,128.0,0,0,0
2925,307,0,7,432,348,1,0.5,1.0,0.21425473065702558,0.0,3.0,0,1,1
2926,307,1,157,312,432,0,0.5,0.6653055022421307,0.06055164779072514,0.3346944977578693,10.0,1,1,1
2927,307,12,70,432,441,0,0.5,0.3792095505488862,0.18435390860146897,0.6207904494511138,9.0,0,1,0
2928,307,15,288,441,432,0,0.5,0.5328237041023293,0.2675151726012627,0.46717629589767073,16.0,0,1,0
2929,34,4,95,61,368,0,0.5,1.0,0.2050918045418694,0.0,4.0,0,1,0
2930,34,1,78,190,475,1,0.5838879960068761,0.3958440110953413,0.13759168750887002,0.771931980918411,23.0,0,0,0
2931,34,12,3,278,339,0,0.0,0.0,0.0,0.0,1.0,1,1,1
2932,34,12,59,475,57,0,0.5,0.422202744265632,0.10540976152108521,0.577797255734368,5.0,1,1,1
2933,34,0,152,475,401,0,0.6077412597179062,0.38630947991847087,0.18185087183200563,0.8291730395173414,81.0,0,0,0
2934,34,0,54,475,401,0,0.5,0.30413703404806675,0.16718383550151608,0.6958629659519333,24.0,0,1,0
2935,34,0,52,475,401,0,0.5,0.2563515279403513,0.13473594782818452,0.7436484720596487,23.0,0,1,0
2936,34,19,182,475,78,1,0.5,0.32799235680818806,0.07380599812093987,0.6720076431918119,10.0,1,1,1
2937,34,15,85,475,190,0,0.5,0.22783292184664114,0.11980906492435955,0.7721670781533588,17.0,0,1,0
2938,34,14,52,190,475,0,0.6255775919597564,0.5834076344910124,0.3160026375496756,0.6677475494285003,11.0,0,0,0
2939,34,16,348,484,475,0,0.5,0.22265626948219355,0.002117116228453634,0.7773437305178065,37.0,1,1,1
2940,34,3,278,475,374,0,0.6420273686055127,0.5915266605563511,0.33535293343203043,0.6925280766546744,12.0,0,0,0
2941,34,7,56,57,458,0,0.5,0.5929755471634777,0.0029644365294935523,0.40702445283652233,2.0,1,1,1
2942,51,0,120,467,9,0,0.617452255060819,0.4783944429376865,0.21614149509979455,0.7565100671839515,13.0,0,0,0
2943,51,0,80,6,453,0,0.5,0.4387967893899199,0.062240025825106085,0.5612032106100802,8.0,1,1,1
2944,51,13,134,470,57,0,0.5,0.25709584822158,0.10448202593204568,0.7429041517784201,15.0,0,1,0
2945,51,1,61,470,114,0,0.6574242629686817,0.6817431401269561,0.22916565216648221,0.6331053858104074,9.0,0,0,0
2946,51,1,143,218,470,0,0.5,0.5050648655708178,0.03486037178482732,0.49493513442918224,15.0,1,1,1
2947,51,5,279,6,470,0,0.7509573194928809,0.7280248916179995,0.44894153435070666,0.7738897473677624,15.0,0,0,0
2948,51,16,259,6,175,0,0.5,0.4960573812776561,0.17060913076584872,0.5039426187223439,14.0,0,1,1
2949,51,4,114,467,218,0,0.5,0.4672523697264518,0.1961387859169756,0.5327476302735482,11.0,0,1,0
2950,51,15,337,323,309,0,0.5,0.5573876471927919,0.23471507500739275,0.4426123528072081,8.0,0,1,0
2951,51,12,306,225,348,0,0.5,1.0,0.3290294642899983,0.0,2.0,1,1,1
2952,51,17,217,57,11,0,0.6955896883469225,0.5307250668172998,0.3599964881663068,0.8604543098765451,46.0,0,0,0
2953,51,19,24,7,340,0,0.5,1.0,0.029697572565472855,0.0,1.0,1,1,1
2954,163,1,31,100,454,1,0.5,0.31243135790208804,0.08961442457054213,0.6875686420979119,8.0,0,1,0
2955,163,15,100,454,320,1,0.719386898583809,0.7194615546918325,0.5349415911669525,0.7193122424757854,12.0,0,0,0
2956,163,4,153,454,223,1,0.7995699918439342,0.8133936328200968,0.645141035796768,0.7857463508677716,46.0,0,0,0
2957,163,0,257,454,100,0,0.6691041994453961,0.557434928229031,0.3289833223493772,0.7807734706617614,69.0,0,0,0
2958,163,0,354,454,103,1,0.7607005582782873,0.6827534269640769,0.49450638966150373,0.8386476895924976,97.0,0,0,0
2959,163,17,93,9,274,0,0.5,0.5493493254963753,0.28177422479353553,0.4506506745036247,2.0,1,1,1
2960,163,14,341,454,253,0,0.8036724807463375,0.7885768128383502,0.6202120384854374,0.8187681486543247,76.0,0,0,0
2961,163,18,342,82,454,0,0.5,0.6776731197928145,0.10121154663065596,0.3223268802071855,3.0,1,1,1
2962,133,0,346,66,144,1,0.666024376680465,0.48754133727500454,0.27821851928852903,0.8445074160859255,157.0,0,0,0
2963,133,0,325,66,144,0,0.6926240609772931,0.544675899958355,0.36424197219830257,0.8405722219962314,146.0,0,0,0
2964,133,0,69,379,44,0,0.5,0.18983735751353678,0.04755678282695526,0.8101626424864632,40.0,0,1,0
2965,133,1,150,223,144,0,0.5,0.4479078607700037,0.22421685030009134,0.5520921392299962,10.0,0,1,0
2966,133,16,168,214,44,0,0.5,1.0,0.00815335844879003,0.0,2.0,1,1,1
2967,133,15,100,147,144,0,0.5,0.5980070075727247,0.0038963780398254795,0.40199299242727526,3.0,1,1,1
2968,133,12,100,144,257,0,0.5,0.230213521649098,0.002563630967026306,0.769786478350902,9.0,1,1,1
2969,133,14,187,144,467,1,0.6452192456834142,0.46492332319795776,0.2674462726645443,0.8255151681688706,30.0,0,0,0
2970,133,14,63,144,44,0,0.5,0.370430797540472,0.19043741228577507,0.6295692024595281,14.0,0,1,0
2971,133,2,195,379,98,0,0.5,0.4115418109664089,0.08564281523463169,0.5884581890335912,8.0,1,1,1
2972,480,14,39,487,254,0,0.5,0.40514443520120924,0.05770096069171228,0.5948555647987908,6.0,1,1,1
2973,480,16,189,487,116,0,0.5,0.35643437552890217,0.14436076718643276,0.6435656244710979,17.0,0,1,0
2974,480,1,185,45,238,0,0.5747681473747641,0.48984556385672884,0.235131310910095,0.6596907308927995,47.0,0,0,0
2975,480,1,101,45,254,0,0.6763329047983839,0.501984595313488,0.26797169476303007,0.8506812142832798,28.0,0,0,0
2976,480,0,357,45,254,0,0.5457989022466154,0.24739700894722594,0.1118085073508454,0.8442007955460049,198.0,0,0,0
2977,480,0,351,45,254,0,0.5504315481000241,0.2724216857718718,0.10307469602694296,0.8284414104281765,195.0,0,0,0
2978,480,0,238,45,254,0,0.5,0.14052288513678896,0.07386271856190167,0.859477114863211,125.0,0,1,0
2979,480,0,19,254,233,0,0.5,0.6634737912861773,0.05457375157212514,0.33652620871382266,8.0,1,1,1
2980,480,0,110,45,254,0,0.642791898906812,0.441839827897497,0.2657793912118631,0.8437439699161269,60.0,0,0,0
2981,480,12,169,45,254,0,0.5587618935814807,0.2924458241374521,0.15447329449271935,0.8250779630255092,36.0,0,0,0
2982,480,12,331,45,254,0,0.5,0.18866513455582645,0.042082335212269915,0.8113348654441735,83.0,0,1,0
2983,480,13,182,356,390,0,0.6497710082939991,0.7026956744152691,0.27866018658729,0.596846342172729,16.0,0,0,0
2984,480,17,14,45,233,0,0.5,0.7086285696395911,0.2773724525047061,0.2913714303604089,4.0,0,1,0
2985,480,2,13,296,257,0,0.5,0.5346019613807635,0.01804220357564288,0.46539803861923645,2.0,1,1,1
2986,480,4,120,301,58,0,0.5,1.0,0.0016746976255424411,0.0,3.0,1,1,1
2987,128,13,214,31,390,1,0.5,0.2701153377350073,0.1371298164167821,0.7298846622649927,23.0,0,1,0
2988,128,0,27,31,210,0,0.5,0.4963211716717754,0.324891024015655,0.5036788283282245,12.0,0,1,0
2989,128,0,276,31,169,0,0.7360497400404289,0.6601935542817566,0.44936468610395397,0.8119059257991013,108.0,0,0,0
2990,128,12,363,31,201,0,0.6967047733551086,0.6050286768221795,0.4157764766009316,0.7883808698880376,86.0,0,0,0
2991,128,12,342,31,169,1,0.750630943657054,0.7165639768186447,0.49457967292034605,0.7846979104954633,81.0,0,0,0
2992,128,14,217,31,2,1,0.712945041493802,0.5884975600324804,0.4028321920485805,0.8373925229551236,54.0,0,0,0
2993,128,15,118,31,346,0,0.6658781144411734,0.57785337594757,0.39030759397342346,0.7539028529347767,39.0,0,0,0
2994,128,1,15,31,210,0,0.5,0.6897700203507616,0.3949848818672043,0.3102299796492384,7.0,0,1,0
2995,128,1,39,31,301,0,0.7618155705846088,0.8251585785825851,0.6522681213973824,0.6984725625866326,20.0,0,0,0
2996,128,16,296,33,31,0,0.6974705394557439,0.525680106112904,0.31944059601988,0.8692609727985837,192.0,0,0,0
2997,128,4,292,31,213,0,0.7703702964000749,0.744597263575503,0.5890093291228046,0.7961433292246468,51.0,0,0,0
2998,128,18,337,31,98,1,0.6350306749602176,0.5111929572467269,0.27970504178803873,0.7588683926737083,63.0,0,0,0
2999,128,17,151,31,280,0,0.840403756800735,0.8177308647609886,0.6741791427303278,0.8630766488404815,39.0,0,0,0
3000,438,12,50,445,214,0,0.5,0.6555861405913614,0.3005588260369059,0.34441385940863856,3.0,0,1,1
3001,438,1,229,470,296,0,0.5938865880287048,0.403637130402895,0.22020170701168995,0.7841360456545144,14.0,0,0,0
3002,438,17,362,460,23,1,0.5,0.8434474807866977,0.17737618183695333,0.15655251921330227,4.0,1,1,1
3003,15,1,156,490,63,0,0.5,0.18439968408029944,0.0969900517901338,0.8156003159197005,44.0,0,1,0
3004,15,1,68,63,490,1,0.5770894966065183,0.3222183970456825,0.10043730157168972,0.8319605961673541,22.0,0,0,0
3005,15,12,188,490,148,0,0.5711650297964042,0.5093319995490225,0.32524298014808783,0.6329980600437857,43.0,0,0,0
3006,15,12,250,490,115,1,0.6253751087518898,0.4742384732668548,0.24028058554188603,0.7765117442369248,58.0,0,0,0
3007,15,0,247,490,418,0,0.6001059888252076,0.3694207053141964,0.2182095789965028,0.8307912723362187,165.0,0,0,0
3008,15,0,299,490,418,0,0.6720788892687966,0.44694208027894794,0.2325331871505453,0.8972156982586451,198.0,0,0,0
3009,15,0,19,490,418,1,0.5,0.4643644692028458,0.10846314245527147,0.5356355307971542,11.0,0,1,0
3010,15,14,202,490,63,1,0.7902342681023742,0.7887129294241926,0.5875332965693582,0.7917556067805558,61.0,0,0,0
3011,15,14,133,490,481,0,0.7259805651768743,0.6734046657207473,0.4058049316179747,0.7785564646330011,34.0,0,0,0
3012,15,13,285,490,63,0,0.5,0.13788159451942122,0.02463475156213705,0.8621184054805788,148.0,0,1,0
3013,15,2,209,490,148,0,0.5,0.25326511133546903,0.10417597751931948,0.746734888664531,20.0,0,1,1
3014,15,16,285,490,63,0,0.651694263707966,0.5222904896175753,0.3248606899036561,0.7810980377983567,91.0,0,0,0
3015,15,17,164,490,315,0,0.5904803653845838,0.37111574208448256,0.15862446199499877,0.8098449886846851,19.0,0,0,0
3016,15,15,234,490,63,0,0.7272627968807319,0.6120480240288975,0.37689903272996406,0.8424775697325664,42.0,0,0,0
3017,15,11,17,490,0,0,0.5,1.0,0.9999999999988284,0.0,1.0,1,1,1
3018,145,0,216,249,380,0,0.6571437233398959,0.5583270000217093,0.3515312779061464,0.7559604466580825,35.0,0,0,0
3019,145,19,348,454,323,0,0.5,0.5178687938890535,0.12533649587672782,0.4821312061109465,7.0,1,1,1
3020,145,1,86,76,129,0,0.5,0.8498852303203188,0.013087006737162931,0.15011476967968118,5.0,1,1,1
3021,145,14,29,442,255,0,0.5,0.5882345285679232,0.1600287795004129,0.41176547143207676,3.0,1,1,1
3022,145,12,329,323,453,0,0.5,0.4131930828422341,0.048861059342231415,0.5868069171577659,6.0,1,1,1
3023,145,16,135,368,129,0,0.5,1.0,0.006013276870603611,0.0,3.0,1,1,1
3024,145,13,128,331,213,0,0.5,0.5197938552019578,0.31596794733326894,0.48020614479804224,2.0,1,1,1
3025,145,6,207,412,454,0,0.6468663325952448,0.728361535385871,0.3638693932225863,0.5653711298046186,9.0,0,0,0
3026,418,13,264,63,238,1,0.6096913061799951,0.3589165032323676,0.2160133068496972,0.8604661091276226,117.0,0,0,0
3027,418,0,2,15,35,1,0.5,1.0,0.19528161402775726,0.0,3.0,1,1,1
3028,418,0,287,63,15,1,0.5,0.19356032211014065,0.04277030603276933,0.8064396778898594,90.0,0,1,0
3029,418,1,152,15,490,0,0.793269688573844,0.7569794307796827,0.5263778279761409,0.8295599463680052,47.0,0,0,0
3030,418,12,306,15,63,0,0.5696336659349452,0.28992709044302545,0.13425281368163977,0.8493402414268652,49.0,0,0,0
3031,418,19,56,63,490,0,0.8338761432153747,0.9086984696240982,0.68857702539253,0.7590538168066512,7.0,0,0,0
3032,418,6,177,15,490,1,0.5,0.616637644100981,0.11841533572599872,0.383362355899019,2.0,1,1,1
3033,234,0,97,58,14,0,0.5,0.5587306164557179,0.015558654111163348,0.44126938354428213,6.0,1,1,1
3034,234,0,52,453,99,0,0.6676278351900129,0.702575019058281,0.28416382997433526,0.6326806513217447,9.0,0,0,0
3035,234,1,105,18,334,0,0.5,0.6420500475197326,0.03022671967489167,0.3579499524802674,3.0,1,1,1
3036,234,15,243,190,497,0,0.5,0.33581055969028034,0.055158232340858884,0.6641894403097197,6.0,1,1,1
3037,234,14,2,12,126,0,0.0,0.0,0.0,0.0,1.0,1,1,1
3038,234,17,350,115,129,0,0.5,0.9977614707809268,0.289649476374478,0.002238529219073193,2.0,1,1,1
3039,89,12,63,201,436,0,0.5,0.4753479823101982,0.1176135990031131,0.5246520176898017,9.0,0,1,0
3040,89,0,33,499,170,0,0.5,0.3487154615113843,0.11943704336223494,0.6512845384886157,9.0,0,1,0
3041,89,0,102,499,347,0,0.6003303714864809,0.46539091118955084,0.24950707467857644,0.735269831783411,30.0,0,0,0
3042,89,0,344,170,202,1,0.5798090212142709,0.4183824923689359,0.2072278183709823,0.741235550059606,118.0,0,0,0
3043,89,1,141,499,168,0,0.5,0.25474381138992613,0.1382511047436242,0.7452561886100739,13.0,0,1,0
3044,89,14,65,80,490,1,0.5,0.4565108592822653,0.040697374285587395,0.5434891407177347,6.0,1,1,1
3045,89,16,80,202,499,0,0.5,0.2181073774940284,0.03671131762364098,0.7818926225059716,11.0,1,1,1
3046,89,15,121,496,202,1,0.5,0.24581571245930833,0.13983456506957295,0.7541842875406917,10.0,0,1,0
3047,89,13,191,499,202,0,0.592419795989135,0.4127969912883081,0.13511837364455953,0.7720426006899618,41.0,0,0,0
3048,89,18,168,499,170,0,0.6836225018880218,0.8005006946051489,0.33564383596365854,0.5667443091708945,8.0,0,0,0
3049,89,9,187,202,499,1,0.5,0.6931625040114987,0.049322443371132736,0.3068374959885013,7.0,1,1,1
3050,89,4,106,21,496,0,0.5,1.0,0.12802097993877307,0.0,1.0,1,1,1
3051,259,15,273,478,29,0,0.6528347973037596,0.6531788013847867,0.4321696688759014,0.6524907932227324,20.0,0,0,0
3052,259,0,334,29,491,0,0.6138648365572237,0.47181625944620065,0.19094483264094,0.7559134136682466,19.0,0,0,0
3053,259,1,314,266,162,0,0.6470817750047198,0.4940026888527428,0.2177522115795868,0.8001608611566966,20.0,0,0,0
3054,259,12,358,29,113,0,0.678268164522171,0.7351941548363263,0.3262757123477795,0.6213421742080156,11.0,0,0,0
3055,259,16,88,452,478,0,0.5,0.46743561080478024,0.051300259034059714,0.5325643891952198,4.0,1,1,1
3056,259,17,57,286,38,0,0.5,1.0,0.07563834867708147,0.0,3.0,1,1,1
3057,348,0,134,65,478,0,0.6443920301558999,0.5660325119499029,0.38551717626094845,0.7227515483618967,16.0,0,0,0
3058,348,17,293,10,445,1,0.5,1.0,0.29104391562947496,0.0,4.0,0,1,0
3059,348,19,365,478,172,0,0.5,0.7271790829864275,0.27576441675170726,0.2728209170135725,3.0,0,1,1
3060,348,18,304,172,60,0,0.5,1.0,0.0012499367966731583,0.0,1.0,1,1,1
3061,159,12,146,90,68,0,0.5,0.3109914286630326,0.10453685424868796,0.6890085713369674,6.0,1,1,1
3062,159,4,199,90,41,1,0.8929390656940026,0.9533321953120099,0.8988787737478287,0.8325459360759955,54.0,0,0,0
3063,159,1,132,90,478,0,0.5,0.9502817843288994,0.031749288617965075,0.049718215671100574,5.0,1,1,1
3064,159,0,164,224,90,0,0.5,0.2579302386349918,0.0369969932242551,0.7420697613650082,9.0,1,1,1
3065,159,13,157,90,290,0,0.6353731867502562,0.46750904634004814,0.20940392375829717,0.8032373271604644,49.0,0,0,0
3066,159,17,212,90,155,1,0.8481711174932173,0.8904997051582735,0.7733705118638052,0.8058425298281611,61.0,0,0,0
3067,159,15,348,478,41,0,0.6070821961150007,0.5635490306590615,0.3333866109461589,0.6506153615709399,29.0,0,0,0
3068,159,19,21,90,0,0,0.5,1.0,0.9999999999993595,0.0,2.0,0,1,0
3069,187,15,314,124,90,0,0.6978321429030685,0.8303649277899278,0.5643296847386284,0.5652993580162093,17.0,0,0,0
3070,187,13,16,68,495,0,0.5,1.0,0.0395877104038934,0.0,1.0,1,1,1
3071,187,0,349,449,124,0,0.5,0.38332527129320065,0.05555701591401787,0.6166747287067993,9.0,1,1,1
3072,187,14,98,25,68,0,0.5,0.6144226105236217,0.14049610021346207,0.3855773894763783,8.0,0,1,1
3073,187,1,209,312,68,1,0.5937281018440712,0.46320275772654246,0.2766755206032182,0.7242534459615999,14.0,0,0,0
3074,187,19,361,25,217,0,0.5,0.8198732178739558,0.17736879339712494,0.18012678212604416,13.0,0,1,1
3075,346,0,296,97,226,0,0.5,0.16224975744498338,0.03919185547425517,0.8377502425550166,115.0,0,1,0
3076,346,0,42,97,335,0,0.5,0.22748355876949664,0.04175183567082117,0.7725164412305033,24.0,0,1,0
3077,346,0,154,460,226,0,0.5,0.12187240274099027,0.02695960183605277,0.8781275972590097,77.0,0,1,0
3078,346,0,312,97,226,0,0.5,0.19175497299751343,0.030715248170900208,0.8082450270024866,122.0,0,1,0
3079,346,15,139,112,460,0,0.5,0.2636637635459141,0.06614637259149336,0.736336236454086,23.0,0,1,0
3080,346,15,198,112,496,0,0.6784434580717273,0.5830001654111925,0.33338606820954875,0.7738867507322621,33.0,0,0,0
3081,346,3,221,97,201,1,0.6687187282620157,0.6028226663843921,0.35276987074170335,0.7346147901396393,19.0,0,0,0
3082,346,12,27,335,63,0,0.5,0.4466763851350762,0.11037242698377195,0.5533236148649239,5.0,1,1,1
3083,346,12,336,97,226,0,0.5,0.2515998688591778,0.05345567886594252,0.7484001311408222,44.0,1,1,1
3084,346,1,189,436,112,1,0.7619598150781575,0.7314274943848567,0.566884292137713,0.7924921357714583,89.0,0,0,0
3085,346,1,228,436,112,1,0.8441434599149634,0.832094651945775,0.6976119624626208,0.8561922678841518,119.0,0,0,0
3086,346,1,350,170,436,1,0.5,0.32867142980282793,0.06578316247897133,0.6713285701971721,17.0,0,1,0
3087,346,14,308,97,226,0,0.5,0.2866527817256542,0.0804936374867993,0.7133472182743458,57.0,0,1,0
3088,346,2,34,21,97,0,0.5,0.544441868712635,0.04154289752820925,0.455558131287365,2.0,1,1,1
3089,346,18,228,246,489,1,0.6146044573314796,0.5019259826764044,0.2777108800784982,0.7272829319865548,16.0,0,0,0
3090,346,13,169,170,97,1,0.6376762318219633,0.6818704595439674,0.3431498128490876,0.5934820040999593,12.0,0,0,0
3091,346,17,234,226,224,0,0.5,0.41680945743906006,0.0076131925528466985,0.5831905425609399,13.0,1,1,1
3092,346,16,105,201,496,0,0.6301519485773752,0.5983601097505322,0.3919607327490475,0.6619437874042182,23.0,0,0,0
3093,94,18,220,411,196,0,0.644258885798282,0.6210495795483475,0.3268209356594173,0.6674681920482167,7.0,0,0,0
3094,94,0,64,467,13,0,0.6037294951429865,0.4472195346965961,0.19344511023141187,0.7602394555893769,17.0,0,0,0
3095,94,0,99,467,13,0,0.5920786529141868,0.42638103558828633,0.15606231630811992,0.7577762702400872,23.0,0,0,0
3096,94,0,184,454,467,0,0.680638792233329,0.5276748658412386,0.312482265435926,0.8336027186254193,44.0,0,0,0
3097,94,6,59,101,16,0,0.5,1.0,0.04654116226042443,0.0,2.0,1,1,1
3098,94,17,265,412,113,0,0.5,0.44798151714183637,0.08928354657486316,0.5520184828581636,6.0,1,1,1
3099,94,12,306,28,113,0,0.5,0.5966746082484385,0.0038253149855151654,0.40332539175156146,4.0,1,1,1
3100,94,15,27,478,13,0,0.5,1.0,0.28410009503935935,0.0,2.0,1,1,1
3101,94,14,41,467,43,0,0.5,0.6649634649584758,0.17342402913000027,0.3350365350415242,6.0,0,1,0
3102,94,8,336,196,224,0,0.5,0.5419970091373181,0.15021789445982664,0.4580029908626819,3.0,1,1,1
3103,112,1,245,82,466,0,0.5848977732101076,0.3441331404201846,0.09766601971819173,0.8256624060000306,29.0,0,0,0
3104,112,1,153,466,458,0,0.5,0.39907136010915445,0.07099872459016963,0.6009286398908456,10.0,1,1,1
3105,112,0,38,484,458,0,0.5,0.345997422230724,0.11875650423239699,0.654002577769276,14.0,0,1,0
3106,112,0,86,484,323,0,0.5903321296662372,0.40502675884466977,0.1650356322747339,0.7756375004878047,28.0,0,0,0
3107,112,0,250,484,458,0,0.5461670592076883,0.300404437205205,0.12646736449406562,0.7919296812101715,86.0,0,0,0
3108,112,0,183,484,458,0,0.6135689635972363,0.41095159958303046,0.2516721914326053,0.8161863276114423,66.0,0,0,0
3109,112,0,79,484,323,0,0.5681741503944279,0.36927187555007246,0.15656997211038404,0.7670764252387833,25.0,0,0,0
3110,112,15,123,484,346,0,0.5803587367798466,0.4400911517019352,0.18762411802736867,0.720626321857758,12.0,0,0,0
3111,112,15,231,278,25,0,0.5,0.40701513459589395,0.0061820569490371995,0.5929848654041061,18.0,1,1,1
3112,112,15,295,484,25,0,0.5,0.34063671584939503,0.13649851333319904,0.659363284150605,29.0,0,1,0
3113,112,19,168,484,467,0,0.5,0.27242021249702913,0.11979934995564,0.7275797875029708,11.0,1,1,1
3114,112,12,69,57,127,0,0.5,0.46941827373979655,0.2242921374939489,0.5305817262602035,13.0,0,1,0
3115,112,12,70,57,127,0,0.5,0.42613045785224885,0.26970476486086964,0.5738695421477511,14.0,0,1,0
3116,112,12,17,238,410,0,0.5,0.7886136913459056,0.04818742068547488,0.21138630865409436,4.0,1,1,1
3117,112,14,302,25,458,0,0.5,0.38310783666515774,0.10443978240657928,0.6168921633348423,32.0,0,1,0
3118,112,14,21,490,239,0,0.5,0.5209887257167929,0.1777244285964953,0.4790112742832071,4.0,0,1,0
3119,112,3,303,489,25,1,0.5,0.3307479487113421,0.1346421601242317,0.669252051288658,12.0,0,1,0
3120,112,16,306,484,10,0,0.5738496092398834,0.4461514184244747,0.24813877835792547,0.701547800055292,43.0,0,0,0
3121,112,16,199,484,368,0,0.5,0.2874027559897908,0.15580106261915758,0.7125972440102092,27.0,0,1,0
3122,112,13,159,25,90,0,0.5,0.5059644085068798,0.10603853448029335,0.49403559149312015,6.0,1,1,1
3123,112,2,98,25,130,0,0.5,0.28383957684043004,0.018546491594923418,0.71616042315957,7.0,1,1,1
3124,112,8,57,475,445,0,0.6375191057740057,0.5909741527145389,0.23668603177223552,0.6840640588334725,4.0,0,0,1
3125,112,4,98,368,107,0,0.5,0.7009397574827703,0.17250090434439988,0.29906024251722974,3.0,1,1,1
3126,112,17,37,393,484,0,0.5,0.5065349951482072,0.21469251031390912,0.4934650048517928,5.0,0,1,0
3127,292,0,151,450,272,0,0.6984275980059564,0.6283497122656698,0.3758821567588095,0.768505483746243,33.0,0,0,0
3128,292,0,107,450,272,1,0.6775897951953471,0.7305981499735297,0.5334706911042167,0.6245814404171646,25.0,0,0,0
3129,292,12,188,389,162,0,0.5,1.0,0.046165291572942,0.0,2.0,1,1,1
3130,292,14,29,429,12,0,0.5,0.6166839979728184,0.018973220086063763,0.38331600202718163,3.0,1,1,1
3131,292,17,280,272,217,0,0.5,0.4153831819523578,0.1747791568917543,0.5846168180476422,10.0,1,1,1
3132,76,1,81,349,56,0,0.5,0.3388336958400736,0.16880279172054377,0.6611663041599264,8.0,0,1,0
3133,76,0,21,422,349,0,0.5,1.0,0.04411405750493675,0.0,4.0,1,1,1
3134,76,0,311,349,223,0,0.6460901184705901,0.5652107715133031,0.35879512745775843,0.7269694654278769,52.0,0,0,0
3135,76,14,323,349,478,0,0.5,0.34111099283418034,0.14699699108421457,0.6588890071658197,15.0,0,1,1
3136,76,15,55,349,240,0,0.5,0.534645592706768,0.026529113535431602,0.46535440729323196,4.0,1,1,1
3137,76,13,23,383,469,1,0.5,0.6436265431189624,0.46780725685342556,0.3563734568810376,5.0,0,1,0
3138,76,2,225,223,495,0,0.5,0.4365467651611924,0.15764041817161975,0.5634532348388076,5.0,1,1,1
3139,76,18,162,171,463,0,0.5,0.5658543191475334,0.3256046894198701,0.43414568085246663,4.0,0,1,0
3140,76,12,268,113,48,0,0.5,0.3616508093968685,0.06971751609272288,0.6383491906031316,11.0,1,1,1
3141,76,8,279,29,18,0,0.5,1.0,0.11340870208088923,0.0,2.0,1,1,1
3142,412,16,208,435,104,0,0.5,0.2587398491513064,0.1064733068500732,0.7412601508486936,19.0,1,1,1
3143,412,1,141,197,145,0,0.5,0.28382636073268247,0.046594377290902135,0.7161736392673175,14.0,1,1,1
3144,412,1,253,464,197,0,0.5695995259289769,0.4201717200498596,0.22070739166143258,0.7190273318080942,29.0,0,0,0
3145,412,15,291,104,95,0,0.5,0.4072054352293567,0.009567507826607395,0.5927945647706433,14.0,1,1,1
3146,412,0,313,95,104,0,0.6188249900575298,0.40104802623904395,0.17688074757572272,0.8366019538760157,96.0,0,0,0
3147,412,0,143,197,104,0,0.6155117104539637,0.4237753458172504,0.24538838398605614,0.807248075090677,49.0,0,0,0
3148,412,0,364,146,95,1,0.5,0.34294081483078326,0.038424523079295614,0.6570591851692167,58.0,0,1,0
3149,412,0,350,95,197,0,0.5570977626759775,0.2715540725181949,0.12449221546697162,0.8426414528337602,105.0,0,0,0
3150,412,2,99,135,0,0,0.5,0.6309925986875546,0.1273178537129389,0.36900740131244536,3.0,1,1,1
3151,412,12,233,464,458,0,0.6555196579816411,0.5284855218085055,0.30282450750325485,0.7825537941547769,19.0,0,0,0
3152,412,12,258,95,464,0,0.5,0.32542839009151703,0.0807078979260275,0.674571609908483,23.0,1,1,1
3153,412,14,239,104,95,0,0.5,0.3544147002483429,0.20416399283587852,0.6455852997516571,21.0,0,1,0
3154,412,14,301,95,104,0,0.6850418722976821,0.5733860483088251,0.3229892148752307,0.7966976962865391,44.0,0,0,0
3155,412,17,198,17,257,0,0.7687655101388255,0.739729066494467,0.5119382930955206,0.7978019537831842,28.0,0,0,0
3156,412,19,344,95,146,0,0.5,0.4942433344492241,0.13955364332411285,0.5057566655507759,10.0,0,1,1
3157,412,13,120,464,435,0,0.5,0.3907908610659085,0.10398004730691932,0.6092091389340915,6.0,1,1,1
3158,412,5,133,82,146,0,0.5,0.7348802985545877,0.01870341814574032,0.2651197014454123,4.0,1,1,1
3159,61,0,347,453,444,0,0.6536726708385809,0.5461301249080722,0.3680722974074464,0.7612152167690895,131.0,0,0,0
3160,61,0,1,317,48,0,0.5,1.0,0.32894702012205573,0.0,2.0,1,1,1
3161,61,0,259,453,34,0,0.6426756911508901,0.45365752811643467,0.22900802918880273,0.8316938541853455,96.0,0,0,0
3162,61,12,132,453,444,0,0.7569870906708083,0.7362890521803822,0.531171188224817,0.7776851291612344,23.0,0,0,0
3163,61,17,282,453,451,0,0.6202834698256209,0.5515746087491094,0.3530033210497971,0.6889923309021324,59.0,0,0,0
3164,61,13,44,453,301,1,0.7533251783309693,0.7870947570435332,0.6174759906013529,0.7195555996184057,14.0,0,0,0
3165,61,5,94,453,475,0,0.6178275492863041,0.4907373658696445,0.1745551013575063,0.7449177327029638,8.0,0,0,1
3166,61,14,170,453,301,0,0.5,0.2289222721583151,0.12187657270865773,0.7710777278416849,26.0,0,1,0
3167,61,16,213,88,444,1,0.5,0.3146680023558442,0.12123613532453194,0.6853319976441559,11.0,0,1,0
3168,61,19,335,453,444,0,0.7372597485728416,0.7681831182043903,0.6017664590240422,0.706336378941293,47.0,0,0,0
3169,61,1,153,453,444,1,0.5648609196879406,0.28475364715650975,0.11901916551763167,0.8449681922193715,24.0,0,0,0
3170,61,1,14,444,453,0,0.5,0.6213876311113505,0.39381427492969456,0.37861236888864946,5.0,0,1,0
3171,61,7,360,444,33,0,0.5,0.48726646682328706,0.01463175222390139,0.5127335331767129,15.0,1,1,1
3172,249,16,297,469,68,0,0.8504410034175366,0.8311725841597036,0.6989188698094265,0.8697094226753695,112.0,0,0,0
3173,249,0,339,145,90,1,0.6929608048516938,0.5493294648540307,0.3664521041918155,0.8365921448493567,46.0,0,0,0
3174,249,12,314,223,478,0,0.5,0.8628364208876272,0.02986416543926942,0.13716357911237276,5.0,1,1,1
3175,249,1,142,312,68,0,0.5,0.46896331864843416,0.16637891423681667,0.5310366813515659,8.0,0,1,0
3176,249,17,13,56,212,0,0.5,0.5049508894765016,0.2749718383588954,0.4950491105234984,2.0,1,1,1
3177,157,13,241,390,32,0,0.5,0.17070641270731368,0.0598594200051639,0.8292935872926863,74.0,0,1,0
3178,157,13,287,390,246,0,0.5,0.17933612028766996,0.0957361868383256,0.82066387971233,88.0,0,1,0
3179,157,13,50,459,390,0,0.5,0.40702453267010663,0.18593898380426885,0.5929754673298934,15.0,0,1,0
3180,157,13,209,390,32,0,0.6197889678792781,0.48489593091020516,0.31169847281439456,0.754682004848351,68.0,0,0,0
3181,157,0,147,73,39,0,0.5,0.39485814993785584,0.1795101574644057,0.6051418500621442,16.0,0,1,0
3182,157,0,349,53,39,0,0.5,0.20873504910308083,0.09545906258749266,0.7912649508969192,29.0,0,1,0
3183,157,0,47,458,39,0,0.5,0.360281047579525,0.07661185672372792,0.6397189524204749,6.0,1,1,1
3184,157,16,326,390,32,0,0.5798828181559265,0.4830791491093507,0.19963956501346866,0.6766864872025022,47.0,0,0,0
3185,157,15,205,215,1,0,0.6411120029831134,0.5909243875369674,0.25547492788515935,0.6912996184292595,16.0,0,0,0
3186,157,12,321,3,474,0,0.5,0.4596840828845701,0.10871665133990234,0.5403159171154299,12.0,1,1,1
3187,157,17,11,445,339,0,0.5,1.0,0.26152891776137976,0.0,2.0,1,1,1
3188,157,5,207,479,1,1,0.5,0.47329751766888756,0.1301959756952116,0.5267024823311124,16.0,0,1,0
3189,157,11,22,237,441,1,0.5,1.0,0.009901778952997927,0.0,1.0,1,1,1
3190,157,1,256,208,489,0,0.890738367465822,0.909373752705586,0.8116206741915073,0.8721029822260582,83.0,0,0,0
3191,157,18,1,16,314,0,0.0,0.0,0.0,0.0,1.0,1,1,1
3192,157,7,322,32,91,0,0.5,0.7280988036487358,0.16698285955994238,0.2719011963512642,4.0,1,1,1
3193,150,15,76,196,346,0,0.6536569454903247,0.6309841360976207,0.2088352229820253,0.6763297548830286,20.0,0,0,0
3194,150,15,240,346,196,0,0.5,0.24916543662199242,0.008678562341981794,0.7508345633780076,32.0,1,1,1
3195,150,12,83,223,499,0,0.8290201303124658,0.8048735296677757,0.6270194265796234,0.8531667309571558,42.0,0,0,0
3196,150,0,327,460,235,1,0.5,0.202995336836095,0.10913248020273716,0.797004663163905,102.0,0,1,0
3197,150,0,69,460,235,0,0.5,0.3073179783929931,0.16573223441274268,0.6926820216070069,25.0,0,1,0
3198,150,1,71,194,460,0,0.5,0.5226023445679111,0.17611436233096628,0.4773976554320889,12.0,0,1,0
3199,150,1,89,346,460,0,0.6246214080242364,0.5314026346395853,0.2499973960822759,0.7178401814088875,18.0,0,0,0
3200,150,14,57,460,46,0,0.5,0.23175316265419715,0.008520390482231332,0.7682468373458029,7.0,1,1,1
3201,150,13,26,454,206,0,0.6562790940812027,0.693570887265789,0.4792958298688653,0.6189873008966164,3.0,0,0,0
3202,150,2,24,62,458,1,0.5,1.0,0.3637972681418136,0.0,2.0,0,1,0
3203,389,14,32,448,406,1,0.6526777492760443,1.0,0.5461957927561386,0.30535549855208866,3.0,0,0,0
3204,389,1,215,34,141,0,0.6946773350418416,0.7552754727779588,0.5352942526582013,0.6340791973057245,19.0,0,0,0
3205,389,4,98,68,339,1,0.0,0.0,0.0,0.0,1.0,1,1,1
3206,270,0,19,460,335,0,0.5,0.48309989731460573,0.17717022516700945,0.5169001026853943,4.0,0,1,0
3207,270,0,27,460,352,0,0.6144750757812518,0.7273231637315267,0.3567054055566771,0.5016269878309769,9.0,0,0,0
3208,270,14,79,460,346,0,0.5,0.32626932370241124,0.08976978684482526,0.6737306762975888,7.0,1,1,1
3209,270,12,12,194,78,0,0.5,1.0,0.02969757256547318,0.0,1.0,1,1,1
3210,270,15,163,1,346,0,0.5,0.6812795171387898,0.1937301484385833,0.31872048286121024,7.0,0,1,0
3211,270,8,274,142,189,0,0.0,0.0,0.0,0.0,2.0,1,1,1
3212,285,13,334,60,217,0,0.7434275796888031,0.7715703169740028,0.40295740587643747,0.7152848424036035,10.0,0,0,0
3213,285,17,116,67,68,0,0.6577106870846783,0.7360732521830938,0.26661922391735077,0.5793481219862626,6.0,0,0,0
3214,285,1,309,27,276,0,0.5,0.3493695228850303,0.15794063094565175,0.6506304771149697,5.0,1,1,1
3215,285,14,88,217,305,0,0.5,0.7501068827627145,0.14278734613211078,0.24989311723728547,3.0,1,1,1
3216,26,0,54,117,19,0,0.6561629992648026,0.5023834286138368,0.27486025322255914,0.8099425699157684,37.0,0,0,0
3217,26,0,226,19,22,0,0.5542174994227,0.21920021350619226,0.07149877451394902,0.8892347853392079,118.0,0,0,0
3218,26,0,203,19,22,0,0.5714263859302997,0.3054862417199835,0.12767074886458396,0.8373665301406159,105.0,0,0,0
3219,26,0,178,19,117,0,0.5746638700274688,0.3475192703043703,0.1329464296933171,0.8018084697505672,85.0,0,0,0
3220,26,1,103,19,452,0,0.5641411438648873,0.36717083325103045,0.21851227675032397,0.7611114544787443,50.0,0,0,0
3221,26,1,185,19,452,1,0.7169741597012428,0.6159580447444439,0.4325143212004438,0.8179902746580416,86.0,0,0,0
3222,26,1,129,19,452,1,0.5659367889546145,0.33179766942238903,0.12163547105411762,0.8000759084868401,54.0,0,0,0
3223,26,15,189,19,452,0,0.5,0.3465471060053869,0.05375774199750279,0.6534528939946131,45.0,0,1,0
3224,26,15,55,158,19,0,0.5,0.3024550303510778,0.002140307521726375,0.6975449696489222,12.0,1,1,1
3225,26,16,12,158,452,0,0.5,1.0,0.2887125075175781,0.0,4.0,0,1,0
3226,26,19,237,19,46,0,0.6320385428931896,0.541017272074943,0.18452536471785635,0.7230598137114361,26.0,0,0,0
3227,26,14,99,19,452,1,0.6458039480703432,0.5657947775072952,0.3169804019577473,0.7258131186333913,19.0,0,0,0
3228,26,13,177,452,19,0,0.6285848341435358,0.6961477983647845,0.4023355615167293,0.5610218699222873,9.0,0,0,0
3229,26,12,302,452,19,0,0.5,0.28264659047462304,0.005278238986909756,0.717353409525377,63.0,1,1,1
3230,26,12,28,452,490,0,0.5,0.5427906887273973,0.020127888643954362,0.45720931127260267,8.0,1,1,1
3231,26,3,306,19,452,0,0.5,0.2212266703584768,0.05923817288558772,0.7787733296415232,30.0,1,1,1
3232,26,18,190,414,19,1,0.5,0.7375296304713517,0.3435999437434367,0.26247036952864833,4.0,0,1,0
3233,103,14,325,79,38,0,0.594504185008169,0.6797893149752658,0.3673301641221747,0.5092190550410722,17.0,0,0,0
3234,103,0,177,454,154,0,0.5946938006143125,0.4441628713115075,0.26701175440072566,0.7452247299171175,47.0,0,0,0
3235,103,0,330,79,16,0,0.5,0.2312379190766812,0.10449055341469857,0.7687620809233188,41.0,0,1,0
3236,103,0,81,454,301,0,0.6398580779212033,0.6205458696029571,0.32117946454362345,0.6591702862394495,21.0,0,0,0
3237,103,17,15,20,79,0,0.5,0.5395257661443604,0.016394360423631123,0.46047423385563957,2.0,1,1,1
3238,103,1,54,478,79,0,0.5,1.0,0.08153329361466617,0.0,4.0,1,1,1
3239,103,12,205,79,493,0,0.5,0.28370551541728173,0.043854679178472536,0.7162944845827183,16.0,1,1,1
3240,103,13,286,312,20,0,0.5,0.45707883422134465,0.013799091183208415,0.5429211657786553,5.0,1,1,1
3241,103,18,34,123,454,0,0.5,1.0,0.10645149003331537,0.0,4.0,1,1,1
3242,367,1,253,481,112,0,0.5,0.24836091104570285,0.1291575637017423,0.7516390889542972,17.0,1,1,1
3243,367,0,97,102,52,0,0.5,0.8797359699441901,0.06056063816312272,0.12026403005580988,4.0,1,1,1
3244,367,13,197,90,50,0,0.6350244078263867,0.6367469057644379,0.3724140620232094,0.6333019098883355,9.0,0,0,0
3245,367,8,314,112,484,1,0.6228991269674847,0.7136253319192682,0.4347090635442313,0.5321729220157012,8.0,0,0,0
3246,311,13,216,209,113,0,0.682636442959178,0.6688931462438537,0.4497551077879429,0.6963797396745023,31.0,0,0,0
3247,311,0,12,77,209,0,0.5,0.7879237952728287,0.41424451271985263,0.21207620472717126,5.0,0,1,0
3248,311,1,112,209,64,0,0.7424012768367493,0.8252988552018257,0.633274716547328,0.6595036984716729,17.0,0,0,0
3249,311,17,259,209,51,0,0.794913747463214,0.8259236521368755,0.6550892321577781,0.7639038427895525,27.0,0,0,0
3250,311,14,315,209,11,0,0.6766776754398012,0.5634771446309261,0.32249740712298247,0.7898782062486763,29.0,0,0,0
3251,311,18,85,209,364,1,0.8123254404165243,0.9403804559544776,0.8458971342017881,0.6842704248785709,9.0,0,0,0
3252,446,13,314,382,459,0,0.5,0.5916542224146505,0.048589144904874385,0.4083457775853495,11.0,1,1,1
3253,446,13,202,472,237,0,0.5963018205011615,0.5634349674403106,0.35625025023265094,0.6291686735620124,35.0,0,0,0
3254,446,13,361,81,157,0,0.7216057331283208,0.6504228376813738,0.4259230370625912,0.7927886285752677,62.0,0,0,0
3255,446,15,37,158,1,0,0.5,0.41436769617238106,0.013407046374729708,0.585632303827619,5.0,1,1,1
3256,446,0,161,81,485,1,0.6777897501669281,0.5329361573950278,0.34492796132348436,0.8226433429388285,68.0,0,0,0
3257,446,0,301,321,81,0,0.5,0.29818453342551676,0.09132447980062595,0.7018154665744832,83.0,0,1,0
3258,446,0,358,81,321,0,0.5,0.17053454868517848,0.05149815098315743,0.8294654513148215,134.0,0,1,0
3259,446,0,282,81,489,0,0.560410945073199,0.2932562645312176,0.1052048789963267,0.8275656256151803,103.0,0,0,0
3260,446,3,275,112,489,0,0.5,0.5063373243001851,0.09472294978333286,0.4936626756998149,21.0,1,1,1
3261,446,12,22,81,472,0,0.5,0.4196094633992106,0.17461470590382513,0.5803905366007893,5.0,0,1,0
3262,446,1,226,489,469,0,0.5,0.18005797545852456,0.008849091106815202,0.8199420245414755,31.0,1,1,1
3263,446,1,49,312,489,0,0.5,0.3904413579874254,0.15945650304503536,0.6095586420125746,16.0,0,1,0
3264,446,1,259,489,461,0,0.5,0.3315819976936617,0.02327839722799394,0.6684180023063383,36.0,1,1,1
3265,446,17,222,81,485,0,0.5,0.18738970296884055,0.08518939739591716,0.8126102970311595,32.0,1,1,1
3266,446,14,353,81,321,0,0.5,0.4398830757064275,0.09166133213264896,0.5601169242935725,25.0,1,1,1
3267,446,16,61,321,237,0,0.5,0.4798770007421859,0.05474021402726462,0.520122999257814,6.0,1,1,1
3268,446,5,27,485,326,1,0.5,0.5694923086665546,0.2324032118061123,0.43050769133344535,14.0,0,1,0
3269,446,18,98,352,62,0,0.5,1.0,0.01600452250492168,0.0,3.0,1,1,1
3270,446,9,342,487,81,0,0.5,1.0,0.1603022767138657,0.0,3.0,1,1,1
3271,358,0,251,379,119,0,0.5,0.49077547389552806,0.011466828037986794,0.5092245261044719,6.0,1,1,1
3272,358,1,20,323,57,0,0.5,1.0,0.3022016335563499,0.0,2.0,1,1,1
3273,358,12,31,495,110,0,0.5,0.5049508894765016,0.3111722811826137,0.4950491105234984,2.0,1,1,1
3274,358,16,13,351,195,0,0.5,1.0,0.3111722811826137,0.0,2.0,1,1,1
3275,166,15,316,454,11,0,0.5,0.37157088289630524,0.15112357466050236,0.6284291171036948,8.0,0,1,0
3276,166,0,56,101,99,0,0.5,0.41037528727780354,0.060458065935974685,0.5896247127221965,5.0,1,1,1
3277,166,0,97,101,57,0,0.5,0.5133371906584582,0.30930933799145915,0.4866628093415418,12.0,0,1,0
3278,166,1,342,101,168,0,0.6621369749031369,0.4920769409342881,0.26758272089929824,0.8321970088719857,56.0,0,0,0
3279,166,16,64,132,37,0,0.5,1.0,0.1472569964021457,0.0,2.0,1,1,1
3280,166,6,7,112,129,0,0.5,1.0,0.009901778952997462,0.0,1.0,1,1,1
3281,166,5,146,185,56,0,0.5,0.6555861405913614,0.4249674587411754,0.34441385940863856,3.0,0,1,1
3282,313,0,233,79,39,0,0.5,0.1998332201928636,0.008485462477364284,0.8001667798071364,25.0,1,1,1
3283,313,14,57,124,38,0,0.5,0.5099008082260187,4.601346255926411e-05,0.4900991917739813,2.0,1,1,1
3284,313,1,323,168,312,0,0.5,0.41463579550240337,0.03504457609843835,0.5853642044975966,12.0,1,1,1
3285,313,16,364,79,435,0,0.5,0.37462322593991926,0.16775859899294945,0.6253767740600807,19.0,1,1,1
3286,313,18,260,301,60,0,0.5,0.5493493254963753,0.11318698584899627,0.4506506745036247,2.0,1,1,1
3287,420,1,365,235,112,0,0.5,0.4068053023567274,0.22234268864349815,0.5931946976432726,14.0,0,1,0
3288,420,12,33,63,490,0,0.6591980772538406,0.7094832080953164,0.4153348964285473,0.6089129464123649,16.0,0,0,0
3289,420,6,155,474,346,0,0.5,1.0,0.30683443559408624,0.0,1.0,1,1,1
3290,420,0,313,492,460,0,0.5,0.2820077434172145,0.08454937153140456,0.7179922565827854,22.0,0,1,0
3291,420,14,215,460,235,0,0.5,0.3918651943698796,0.09682528226195092,0.6081348056301203,10.0,1,1,1
3292,379,3,268,15,148,0,0.22408205493116712,0.0,0.0,0.44816410986233424,4.0,1,1,1
3293,379,0,94,330,133,0,0.5,0.16306839077758653,0.0054198654642817895,0.8369316092224135,51.0,1,1,1
3294,379,0,101,330,66,0,0.5,0.174802252879173,0.015142568785016243,0.8251977471208269,55.0,1,1,1
3295,379,0,126,133,66,0,0.5,0.20810711427817571,0.013105115752050516,0.7918928857218243,65.0,1,1,1
3296,379,0,63,133,330,0,0.5,0.22600135980283984,0.09478032554460063,0.7739986401971601,37.0,0,1,0
3297,379,0,74,133,330,0,0.5,0.18001009564961193,0.09474824519449976,0.8199899043503881,42.0,0,1,0
3298,379,16,310,330,368,0,0.5678273984745026,0.44083721587673547,0.25129312006732324,0.6948175810722698,25.0,0,0,0
3299,379,15,160,68,330,0,0.5,0.7616434913594654,0.10025134218852075,0.2383565086405346,9.0,1,1,1
3300,379,9,183,291,66,0,0.5,0.5049508894765016,0.006771854012731774,0.4950491105234984,2.0,1,1,1
3301,379,12,26,133,66,0,0.5,0.5281113415202385,0.3181961694643972,0.47188865847976147,8.0,0,1,0
3302,379,1,95,168,301,0,0.5,0.25178787036330386,0.03949574355416739,0.7482121296366961,15.0,1,1,1
3303,379,1,323,330,168,0,0.5,0.23500802369511847,0.07615625912142503,0.7649919763048816,38.0,0,1,0
3304,379,1,316,168,330,0,0.5,0.18146024676941522,0.019299761916721614,0.8185397532305848,54.0,1,1,1
3305,379,2,83,66,330,0,0.6003428451620256,0.4359203708270501,0.17850454468448385,0.7647653194970011,23.0,0,0,0
3306,379,6,333,44,330,0,0.621268061591179,0.5689655380937985,0.20499978227597504,0.6735705850885596,9.0,0,0,0
3307,379,14,241,330,133,0,0.5976425903971925,0.40659823895139124,0.21703460926549198,0.7886869418429938,37.0,0,0,0
3308,379,8,119,30,330,0,0.5,1.0,0.11379604393875606,0.0,1.0,1,1,1
3309,379,13,64,0,66,0,0.5,0.6180420670407422,0.05221410448498624,0.38195793295925784,5.0,1,1,1
3310,379,19,357,330,101,0,0.7231422380934017,0.6436758595914551,0.45573605863050315,0.8026086165953483,27.0,0,0,0
3311,262,0,284,256,465,0,0.5,0.25675477913147143,0.08799922837261255,0.7432452208685285,10.0,1,1,1
3312,262,17,106,122,482,0,0.5,1.0,0.3377486972983249,0.0,2.0,0,1,0
3313,262,13,312,334,157,0,0.5,0.6111335472726408,0.17306478272056394,0.3888664527273592,17.0,0,1,0
3314,262,16,329,96,157,0,0.5,0.9976002548472497,0.07023658482117302,0.002399745152750321,4.0,1,1,1
3315,297,14,354,451,43,0,0.5,0.4912340987412686,0.2625054671317113,0.5087659012587313,6.0,1,1,1
3316,297,0,36,490,243,0,0.5,0.33254411729624034,0.017538811064069584,0.6674558827037597,4.0,1,1,1
3317,297,16,113,451,484,0,0.5,0.35241733312683254,0.05120244518079081,0.6475826668731675,5.0,1,1,1
3318,297,1,71,490,63,0,0.5888963842814898,0.6808608445937453,0.5122856872300287,0.49693192396923447,8.0,0,0,0
3319,297,15,302,69,490,0,0.5,0.5581732137847121,0.17263803080467274,0.4418267862152879,8.0,0,1,0
3320,459,10,213,48,39,0,0.5,0.49244729673935045,0.17522449756978403,0.5075527032606495,15.0,0,1,1
3321,459,13,187,390,157,0,0.5,0.16516606242300969,0.03529389637671527,0.8348339375769903,78.0,0,1,0
3322,459,13,19,356,423,0,0.5,0.4473766855278944,0.04710491633926862,0.5526233144721056,14.0,0,1,0
3323,459,13,252,157,423,0,0.5,0.18638063623761203,0.07208897583265407,0.813619363762388,97.0,0,1,0
3324,459,13,191,390,157,0,0.5,0.15648609524031368,0.06222020737569011,0.8435139047596864,79.0,0,1,0
3325,459,19,209,87,451,0,0.5,0.47377684482741195,0.019808270405520762,0.526223155172588,10.0,1,1,1
3326,459,1,172,87,390,0,0.5,0.28217401714692236,0.08369548613662461,0.7178259828530776,9.0,1,1,1
3327,459,0,121,48,465,0,0.6056788619171198,0.4557023868189526,0.2143263826046466,0.755655337015287,25.0,0,0,0
3328,459,0,19,157,48,0,0.5,0.8414748274375329,0.18275954382972784,0.15852517256246712,6.0,0,1,0
3329,459,0,2,87,497,0,0.5,1.0,0.004877479892600829,0.0,2.0,1,1,1
3330,459,2,33,3,487,1,0.5,1.0,0.02477469830436277,0.0,2.0,1,1,1
3331,459,16,200,328,191,1,0.5,0.6808960159336109,0.1856085260187257,0.31910398406638907,6.0,0,1,0
3332,459,17,49,390,334,0,0.5,0.711093530527227,0.04249107866439529,0.288906469472773,4.0,1,1,1
3333,459,18,257,370,48,0,0.5,0.5279883592281518,0.17255827883935293,0.4720116407718482,7.0,0,1,0
3334,459,15,331,489,201,0,0.5,0.9950712212431279,0.13476528107392816,0.004928778756872143,3.0,1,1,1
3335,452,12,319,22,153,0,0.6317865826586572,0.41531584519965553,0.18816919407361918,0.8482573201176589,60.0,0,0,0
3336,452,12,349,22,245,0,0.5,0.1226417111070651,0.01967245702472787,0.8773582888929349,62.0,1,1,1
3337,452,12,265,153,22,0,0.5846578882640057,0.3676986986010006,0.1641417071585782,0.8016170779270109,55.0,0,0,0
3338,452,16,181,26,245,0,0.5,0.6304937058288161,0.16398241740791716,0.36950629417118386,18.0,0,1,0
3339,452,0,173,22,0,1,0.5593435802060057,0.2554311088961188,0.08168956635304284,0.8632560515158926,73.0,0,0,0
3340,452,0,42,22,26,0,0.5,0.37901318818863927,0.0408409385960166,0.6209868118113607,12.0,1,1,1
3341,452,0,131,22,245,1,0.5910575651289501,0.4086085197083255,0.2566352661457421,0.7735066105495747,55.0,0,0,0
3342,452,0,70,22,26,0,0.5,0.21218720868826843,0.09584596535007148,0.7878127913117315,28.0,0,1,0
3343,452,18,93,26,491,0,0.5984584290041255,0.5396481602946382,0.25256003188117737,0.6572686977136126,9.0,0,0,0
3344,452,15,50,26,361,0,0.5,0.47066999916406044,0.06561104598661971,0.5293300008359396,5.0,1,1,1
3345,452,1,157,67,245,1,0.5,0.23194087811886743,0.11647589094176274,0.7680591218811326,35.0,0,1,0
3346,452,1,345,67,22,0,0.7901865972929047,0.7019588996583471,0.4894274413456978,0.8784142949274625,153.0,0,0,0
3347,452,1,132,245,22,0,0.5890436536817698,0.36262326580681536,0.2061771535776512,0.8154640415567243,33.0,0,0,0
3348,452,14,226,138,474,0,0.5803908663170914,0.4382076383863891,0.20958070375380763,0.7225740942477936,39.0,0,0,0
3349,452,14,98,245,138,0,0.5,0.2673699758371608,0.009831500058609175,0.7326300241628392,6.0,1,1,1
3350,452,17,347,124,245,1,0.5,1.0,0.08294380966975219,0.0,3.0,1,1,1
3351,452,13,78,399,361,0,0.5,0.7337278355398377,0.13107271304559415,0.26627216446016233,4.0,1,1,1
3352,452,19,146,22,83,0,0.6333745857782402,0.5642095212834467,0.18808274911163458,0.7025396502730337,8.0,0,0,1
3353,452,5,202,153,470,1,0.5,0.7086832365952113,0.4174126725601694,0.29131676340478874,4.0,0,1,0
3354,205,1,61,179,10,0,0.7133336059310764,0.6919253405039952,0.4284961087597976,0.7347418713581575,20.0,0,0,0
3355,205,13,16,179,459,1,0.5,0.7071688311187899,0.11412259189176259,0.2928311688812101,4.0,1,1,1
3356,205,0,156,179,299,0,0.6921444487605418,0.5271484323911351,0.3388634821341445,0.8571404651299486,75.0,0,0,0
3357,205,0,295,179,291,0,0.7593106852927781,0.6693209809403935,0.4648209263119425,0.8493003896451627,126.0,0,0,0
3358,205,15,81,179,453,1,0.8119371308053132,0.8625415133275512,0.7113921815758163,0.761332748283075,12.0,0,0,0
3359,205,12,23,179,487,1,0.5,0.3311346196998649,0.04260653520299177,0.6688653803001351,5.0,1,1,1
3360,205,16,328,179,193,1,0.8344254548433021,0.885896995319994,0.7513307037634023,0.7829539143666102,62.0,0,0,0
3361,205,5,256,179,455,0,0.629328451746699,0.5770228714559827,0.3361740167890022,0.6816340320374152,29.0,0,0,0
3362,164,1,199,13,112,1,0.5,0.16346505399840414,0.03837381609444604,0.8365349460015958,68.0,0,1,0
3363,164,1,62,13,2,0,0.5,0.2555948639232658,0.05357502919743367,0.7444051360767342,18.0,0,1,0
3364,164,0,265,2,13,0,0.6600090092314599,0.5034580649506215,0.3261491852055038,0.8165599535122984,59.0,0,0,0
3365,164,0,157,2,13,0,0.5,0.19795995493021312,0.0443377326228494,0.8020400450697869,39.0,1,1,1
3366,164,14,276,2,351,0,0.5773808271684385,0.3549664631289811,0.15162371811055397,0.799795191207896,33.0,0,0,0
3367,164,12,215,13,2,0,0.5,0.17226679022767363,0.07373802013706533,0.8277332097723263,30.0,1,1,1
3368,164,15,153,13,2,1,0.5786143439090067,0.36256722070013914,0.12078004629094792,0.7946614671178742,32.0,0,0,0
3369,164,17,146,94,41,0,0.5,0.4205934045645603,0.051742635432197065,0.5794065954354397,3.0,1,1,1
3370,164,2,110,13,2,0,0.6450963613975784,0.6231448041243185,0.22025254214790901,0.6670479186708383,7.0,0,0,1
3371,164,9,173,273,0,0,0.5,0.5049508894765015,0.1343719214927204,0.49504911052349854,2.0,1,1,1
3372,126,16,99,49,128,0,0.5,0.5049508894765015,0.029721176193709807,0.49504911052349854,2.0,1,1,1
3373,126,0,199,24,286,0,0.5,0.5678091356080707,0.06371779411116672,0.43219086439192933,13.0,1,1,1
3374,126,18,237,361,492,0,0.5,1.0,0.059342807989726826,0.0,2.0,1,1,1
3375,126,2,93,240,124,0,0.6711110986217399,0.6399911946476762,0.3640167057342045,0.7022310025958036,25.0,0,0,0
3376,126,1,244,120,286,0,0.5,0.3551050095646244,0.007220564643290631,0.6448949904353756,10.0,1,1,1
3377,126,12,60,29,286,0,0.5,0.5446338183071618,0.20468741496766832,0.45536618169283816,6.0,0,1,0
3378,126,3,49,78,286,0,0.5,1.0,0.27388986733871756,0.0,2.0,1,1,1
3379,80,1,48,82,384,0,0.5,0.515354917349756,0.0024153741583303975,0.484645082650244,10.0,1,1,1
3380,80,1,181,82,384,0,0.6601736792325223,0.4689231390016938,0.24027805401862004,0.851424219463351,54.0,0,0,0
3381,80,18,251,201,488,1,0.7085333380220702,0.8183673252159667,0.5936520726040531,0.5986993508281737,21.0,0,0,0
3382,80,12,342,384,107,0,0.5,0.12027703529596254,0.06293153398649029,0.8797229647040374,60.0,1,1,1
3383,80,0,258,384,107,0,0.6939006246254031,0.591931902517316,0.39706071313506386,0.7958693467334904,134.0,0,0,0
3384,80,0,317,384,107,0,0.7246688905527572,0.6335639885094113,0.44146893023885325,0.815773792596103,172.0,0,0,0
3385,80,0,211,384,107,0,0.6678172634338392,0.5200976233145288,0.3404372081002199,0.8155369035531496,108.0,0,0,0
3386,80,14,322,384,170,0,0.5755221753361568,0.5756549082084057,0.28039338441736444,0.5753894424639079,62.0,0,0,0
3387,80,14,152,384,107,0,0.5967685865659049,0.41240349394257486,0.20040837562739366,0.7811336791892349,30.0,0,0,0
3388,80,19,190,384,196,0,0.5,0.5214860029114835,0.011618624133128181,0.4785139970885165,4.0,1,1,1
3389,80,15,42,384,170,0,0.5,0.44581731611140457,0.050837180661443215,0.5541826838885955,5.0,1,1,1
3390,80,8,120,112,82,0,0.7071008334797071,1.0,0.4975935688238472,0.4142016669594142,3.0,0,0,0
3391,58,15,78,274,179,0,0.5,0.3636891080488016,0.025665507957655438,0.6363108919511984,5.0,1,1,1
3392,58,0,83,124,448,0,0.5,0.3196236121905844,0.030022013778767016,0.6803763878094156,8.0,1,1,1
3393,58,0,161,79,103,0,0.5,0.3119962118833314,0.10155709475403724,0.6880037881166686,18.0,0,1,0
3394,58,0,283,213,79,0,0.5,0.28730105464434796,0.062194747968893564,0.712698945355652,23.0,1,1,1
3395,58,14,339,255,48,0,0.5,0.576667964299901,0.2928645995378937,0.42333203570009903,6.0,0,1,0
3396,58,2,26,57,446,0,0.5,0.6988289740926056,0.3251651505043588,0.3011710259073944,3.0,0,1,0
3397,58,1,154,141,57,0,0.5,0.30659181554916093,0.11922539037008426,0.6934081844508391,17.0,0,1,0
3398,58,1,168,57,141,0,0.5,0.325260269325969,0.05025979177654805,0.674739730674031,18.0,1,1,1
3399,58,12,100,467,157,0,0.5,0.44401340678901396,0.02956369998991614,0.555986593210986,3.0,1,1,1
3400,58,17,218,144,265,0,0.5,0.3760771588711169,0.14970119707139878,0.6239228411288831,3.0,1,1,1
3401,72,0,318,493,223,0,0.5,0.28802740690170964,0.032076686457608396,0.7119725930982903,50.0,1,1,1
3402,72,0,178,223,203,0,0.5635628339399388,0.30359915284062594,0.11799558672879129,0.8235265150392516,29.0,0,0,0
3403,72,15,106,478,29,0,0.6965639562051118,0.6584166729245297,0.4298310478455049,0.7347112394856941,14.0,0,0,0
3404,72,12,142,241,493,0,0.5,1.0,0.20213257477439753,0.0,3.0,1,1,1
3405,72,6,354,203,78,0,0.5,0.5049508894765016,0.008726221633524668,0.4950491105234984,2.0,1,1,1
3406,72,1,25,493,478,0,0.5,0.5712169326877908,0.13027490975348377,0.42878306731220917,4.0,1,1,1
3407,72,13,114,478,212,0,0.5,0.39921866468675526,0.03842653203542598,0.6007813353132447,4.0,1,1,1
3408,72,3,300,463,493,0,0.6423252999083781,0.6707532971006058,0.35604538742775704,0.6138973027161503,13.0,0,0,0
3409,72,19,349,493,319,0,0.5,0.6730455496318622,0.41663441042228727,0.32695445036813775,21.0,0,1,0
3410,17,12,134,66,101,0,0.5,1.0,0.029478069184752008,0.0,3.0,1,1,1
3411,17,17,282,15,113,0,0.5,0.4309077601112402,0.034095832577398275,0.5690922398887598,12.0,1,1,1
3412,17,1,195,19,406,0,0.5,0.6552547128304286,0.21275054823873824,0.3447452871695714,6.0,0,1,0
3413,17,0,179,19,49,1,0.5,0.47215635571803155,0.07232702837013173,0.5278436442819685,13.0,0,1,0
3414,17,0,208,19,49,0,0.6579484533355469,0.655913380736108,0.3555544976735131,0.6599835259349858,21.0,0,0,0
3415,17,13,23,492,312,0,0.5,0.6282836006473441,0.15197839798694904,0.3717163993526559,3.0,1,1,1
3416,17,19,307,434,179,0,0.5,0.2338736970813965,0.11929668255172281,0.7661263029186035,28.0,0,1,0
3417,17,5,162,77,157,0,0.5,0.959237664204674,0.12273359753012698,0.040762335795325955,4.0,1,1,1
3418,17,16,226,15,276,0,0.5,0.7412942911676783,0.2759428412704949,0.2587057088323217,4.0,0,1,0
3419,50,17,20,49,211,0,0.5,1.0,0.009901778953001334,0.0,3.0,1,1,1
3420,50,1,308,457,124,0,0.5,0.648606948066157,0.01139226644681533,0.35139305193384296,11.0,1,1,1
3421,50,13,86,49,211,0,0.5,0.33193183475274185,0.10666499760459561,0.6680681652472582,11.0,0,1,1
3422,50,6,236,201,367,0,0.5,1.0,0.029697572565447326,0.0,1.0,1,1,1
3423,50,0,75,302,457,0,0.5,0.6743021243604967,0.08231435665634135,0.32569787563950325,10.0,0,1,0
3424,50,0,126,486,302,0,0.5,0.34117493800971654,0.10175595210405348,0.6588250619902835,10.0,0,1,0
3425,50,12,50,451,457,0,0.5,0.5715890088386111,0.24182423898056446,0.4284109911613889,7.0,0,1,0
3426,50,16,13,171,49,0,0.5,1.0,0.6095479930538156,0.0,5.0,0,1,0
3427,319,0,182,377,469,0,0.5,0.751801737997721,0.5277446096941453,0.248198262002279,11.0,0,1,0
3428,319,1,8,123,301,0,0.5,0.5099008082260186,0.005024541724298863,0.4900991917739814,2.0,1,1,1
3429,319,16,335,368,174,0,0.5,0.36382089937773543,0.0728562987457263,0.6361791006222646,5.0,1,1,1
3430,319,13,115,469,74,0,0.5,0.9027378337235641,0.21124363059056053,0.09726216627643591,3.0,1,1,1
3431,376,0,167,246,489,0,0.5,0.5688700229948654,0.029692787108912867,0.43112997700513456,8.0,1,1,1
3432,376,0,208,335,448,0,0.5,0.4830502307948249,0.19701355333483897,0.5169497692051751,16.0,0,1,0
3433,376,1,292,448,134,0,0.5,0.4465484511882961,0.14848812361328942,0.5534515488117039,11.0,0,1,1
3434,376,3,332,485,446,0,0.5,1.0,0.13774814446146663,0.0,1.0,1,1,1
3435,376,14,313,5,484,0,0.6181255208509412,0.48235768807572826,0.28283015897494573,0.7538933536261542,15.0,0,0,0
3436,376,2,334,465,334,0,0.5,0.6178619229267011,0.08501643887823726,0.38213807707329894,6.0,1,1,1
3437,289,14,203,84,95,0,0.5,0.4474375446663865,0.25754734348001784,0.5525624553336135,4.0,0,1,0
3438,289,0,189,482,448,0,0.5,0.43485859445984576,0.04837708515840708,0.5651414055401542,7.0,1,1,1
3439,289,1,223,146,82,0,0.5,0.7191621462234178,0.13939737628141408,0.2808378537765822,4.0,1,1,1
3440,289,18,242,84,279,0,0.5,0.3635697962927741,0.18555341472494363,0.6364302037072259,7.0,0,1,1
3441,289,15,317,251,56,0,0.5,0.6465746188052237,0.005113571351495697,0.3534253811947763,12.0,1,1,1
3442,23,0,165,334,73,0,0.5699916371597771,0.281674980222025,0.0979598064723129,0.8583082940975292,75.0,0,0,0
3443,23,0,314,324,486,0,0.6735350138886319,0.4797242346002646,0.2502488159804031,0.8673457931769992,124.0,0,0,0
3444,23,0,220,326,486,0,0.5,0.10505814791289378,0.016460700583574732,0.8949418520871062,88.0,1,1,1
3445,23,0,74,486,326,1,0.579345239408332,0.3196586707876591,0.1120457766484918,0.8390318080290049,33.0,0,0,0
3446,23,1,261,486,334,1,0.5,0.36372503685133223,0.027980642574164764,0.6362749631486677,26.0,1,1,1
3447,23,13,9,465,334,0,0.5,0.6479054712777448,0.07830338149172679,0.3520945287222552,6.0,1,1,1
3448,23,4,219,334,463,1,0.7062890721186991,0.9243224822162931,0.7173856725044895,0.48825566202110504,11.0,0,0,0
3449,23,14,140,486,334,0,0.5,0.16957323753390102,0.05476948467106535,0.830426762466099,35.0,0,1,0
3450,23,14,18,486,326,0,0.5,0.6404862564539398,0.356244550966171,0.35951374354606025,5.0,0,1,0
3451,23,12,116,486,326,0,0.5,0.3281894133175583,0.1207303122525414,0.6718105866824418,35.0,0,1,0
3452,23,12,13,486,334,1,0.7492710611470283,1.0,0.45125141573764155,0.4985421222940567,13.0,0,0,0
3453,23,18,164,486,465,0,0.5,0.31973838190024806,0.06868192233686744,0.6802616180997519,26.0,0,1,0
3454,23,15,105,326,302,0,0.5,0.6771024055925245,0.11218232849146666,0.32289759440747545,10.0,0,1,0
3455,23,3,111,446,486,0,0.5,0.46915376557171046,0.07092932725939478,0.5308462344282896,8.0,1,1,1
3456,23,2,214,334,465,0,0.5,0.3109016021573024,0.08496168387818706,0.6890983978426977,18.0,1,1,1
3457,23,8,335,326,224,0,0.5,0.7437207754102538,0.04261734935950883,0.25627922458974617,14.0,1,1,1
3458,31,0,2,455,128,0,0.5,1.0,0.1999686273730621,0.0,3.0,1,1,1
3459,31,0,40,128,169,0,0.6969385735651934,0.6863456813320147,0.4589214217776698,0.7075314657983721,24.0,0,0,0
3460,31,0,94,128,169,0,0.7304437765054883,0.6373800965353464,0.445038540942792,0.8235074564756302,46.0,0,0,0
3461,31,0,175,360,128,0,0.5,0.17396592985275505,0.04287781388519247,0.826034070147245,30.0,0,1,0
3462,31,1,340,128,168,0,0.5,0.23140563108401146,0.036504115130880706,0.7685943689159885,63.0,1,1,1
3463,31,1,114,128,168,0,0.5,0.20091098157739823,0.08993167768866955,0.7990890184226018,28.0,0,1,0
3464,31,14,343,128,169,0,0.7309414533758358,0.7215385792383463,0.5174215465890515,0.7403443275133252,59.0,0,0,0
3465,31,12,323,128,169,0,0.5687281712054144,0.3534582549685118,0.19698067305578376,0.7839980874423171,48.0,0,0,0
3466,31,12,93,128,301,0,0.6480788681507567,0.5161898795573182,0.32018919830759857,0.7799678567441951,19.0,0,0,0
3467,31,16,363,128,172,1,0.5919750954511849,0.42910135562942964,0.19625221019542496,0.7548488352729402,21.0,0,0,0
3468,31,17,359,128,235,0,0.5,0.38970575042603256,0.027800696726563767,0.6102942495739674,25.0,1,1,1
3469,31,4,9,467,47,0,0.5,1.0,0.00990177895299781,0.0,1.0,1,1,1
3470,31,7,158,128,487,0,0.718912959127492,0.8356516333688039,0.6004116486728849,0.6021742848861801,10.0,0,0,0
3471,31,2,185,128,169,1,0.6281289012960991,0.5712076042229158,0.32521678219185834,0.6850501983692823,17.0,0,0,0
3472,123,0,222,445,223,0,0.7293754313103715,0.8221556218960887,0.5467634481572553,0.6365952407246545,24.0,0,0,0
3473,123,0,251,445,51,0,0.8359784439326485,0.8807381679028002,0.7306755344146276,0.7912187199624969,44.0,0,0,0
3474,123,1,7,67,265,0,0.5,1.0,0.0001492166924657028,0.0,4.0,1,1,1
3475,123,14,298,495,213,1,0.6308221897399267,0.43754624577470297,0.2783963178015241,0.8240981337051503,36.0,0,0,0
3476,123,16,52,235,72,0,0.5,1.0,0.00886671923137852,0.0,5.0,1,1,1
3477,123,4,136,58,216,0,0.5,1.0,0.24916183065231545,0.0,2.0,1,1,1
3478,216,0,3,298,209,1,0.5,1.0,0.5074382843877745,0.0,3.0,0,1,0
3479,216,0,82,124,328,0,0.5,0.6563584000374377,0.07262173328675983,0.34364159996256227,6.0,1,1,1
3480,216,5,47,124,69,0,0.5,0.5049508894765016,0.009901778952999398,0.4950491105234984,2.0,1,1,1
3481,216,13,142,90,68,1,0.5,0.28671433254530926,0.019524586248449483,0.7132856674546908,8.0,1,1,1
3482,216,12,177,68,19,0,0.5,0.5686779578723842,0.17791837744295802,0.4313220421276158,7.0,0,1,1
3483,216,2,155,69,65,0,0.5,0.692529653900293,0.17207093623133857,0.307470346099707,2.0,1,1,1
3484,365,1,335,115,433,0,0.5,0.7321973586763842,0.07663849138847015,0.26780264132361575,12.0,1,1,1
3485,365,0,34,290,492,0,0.5,0.460277484796342,0.22217862696899407,0.539722515203658,14.0,0,1,0
3486,365,0,9,290,433,0,0.5,0.7621275465031858,0.28548851347475135,0.23787245349681418,9.0,0,1,0
3487,365,12,113,492,433,0,0.5,0.33567255872398344,0.11721466791957509,0.6643274412760165,16.0,0,1,0
3488,365,13,205,492,109,0,0.5,0.614438115651748,0.17729099594313777,0.385561884348252,9.0,1,1,1
3489,365,7,105,488,433,0,0.5,0.4163691046356994,0.24981948614988314,0.5836308953643006,6.0,0,1,0
3490,122,15,246,482,107,0,0.5,0.37377970829123686,0.06688145338463847,0.6262202917087631,16.0,1,1,1
3491,122,0,70,357,5,0,0.5952317883119813,0.47637959381460726,0.28951959159013113,0.7140839828093553,15.0,0,0,0
3492,122,0,335,482,143,0,0.5,0.16994122808374906,0.0790293531220452,0.8300587719162509,92.0,0,1,0
3493,122,0,244,143,482,0,0.5,0.24229031279191676,0.018752504192550864,0.7577096872080833,37.0,1,1,1
3494,122,12,363,482,489,1,0.5,0.726378444459468,0.34123365297670166,0.273621555540532,25.0,0,1,0
3495,122,16,29,482,113,0,0.5,0.6119453304645462,0.042512909819780564,0.38805466953545376,2.0,1,1,1
3496,122,19,300,17,482,0,0.5,0.9745180764845248,0.07195327473109642,0.02548192351547518,4.0,1,1,1
3497,84,0,83,476,450,0,0.7758685081411941,0.7465348408471398,0.503764112377575,0.8052021754352484,50.0,0,0,0
3498,84,0,208,476,450,0,0.8090186262480763,0.74070329917662,0.5461417254475969,0.8773339533195325,131.0,0,0,0
3499,84,0,217,476,450,0,0.7828663485339027,0.723351099212848,0.5282513596132762,0.8423815978549573,139.0,0,0,0
3500,84,16,105,120,223,0,0.5,0.5603277599226328,0.2618122349160715,0.43967224007736716,10.0,0,1,0
3501,84,1,208,312,446,0,0.5,0.585546179883218,0.20527132124448652,0.414453820116782,11.0,0,1,0
3502,84,14,162,495,450,0,0.5,0.7633057475866887,0.051279006299480775,0.23669425241331132,6.0,1,1,1
3503,84,13,217,90,120,0,0.6776879799256199,0.5335734641781897,0.3602511161760767,0.8218024956730501,53.0,0,0,0
3504,84,12,121,478,430,0,0.6503887469093865,0.6464019445022869,0.2376635691369363,0.6543755493164862,10.0,0,0,0
3505,84,4,324,203,450,0,0.5,0.8031808558498315,0.05427900704258672,0.19681914415016855,3.0,1,1,1
3506,172,15,39,174,313,0,0.5,0.3630943962721024,0.008272267158745007,0.6369056037278976,5.0,1,1,1
3507,172,17,140,174,60,0,0.5792842286466862,0.5413722479098371,0.3431177717596196,0.6171962093835353,12.0,0,0,0
3508,172,6,284,263,110,0,0.5,0.5049508894765016,0.09381776990753797,0.4950491105234984,2.0,1,1,1
3509,172,1,349,174,46,0,0.6839057912890065,0.6383494792335914,0.4209118498159588,0.7294621033444217,31.0,0,0,0
3510,172,0,311,174,43,1,0.5,0.20725877556569536,0.11550747422589258,0.7927412244343046,98.0,0,1,0
3511,172,0,161,174,46,0,0.5897403044553141,0.4807988941720277,0.22191614932561204,0.6986817147386005,43.0,0,0,0
3512,172,13,271,43,174,1,0.7549456046305103,0.6990002103066917,0.463926439941938,0.8108909989543289,25.0,0,0,0
3513,172,12,354,46,174,1,0.6315059987508392,0.5643509161383802,0.22817560478536034,0.6986610813632983,27.0,0,0,0
3514,172,18,200,154,46,0,0.5,0.5049508894765015,0.03764255411937904,0.49504911052349854,2.0,1,1,1
3515,347,0,33,499,346,0,0.6384172125714215,0.6421196390930908,0.380499399842948,0.6347147860497522,6.0,0,0,0
3516,347,0,156,499,89,0,0.5591510510285876,0.32069245655145767,0.15117846364951534,0.7976096455057176,44.0,0,0,0
3517,347,14,324,15,499,0,0.5,0.3941767331366837,0.10568138879111079,0.6058232668633163,12.0,0,1,0
3518,347,2,199,89,202,0,0.671444007596391,0.6152367086347575,0.3508114049527406,0.7276513065580246,19.0,0,0,0
3519,347,1,173,499,354,1,0.7257139420655887,0.7072285669761131,0.5008170403746434,0.7441993171550642,42.0,0,0,0
3520,347,12,82,499,201,0,0.7039075866112048,0.7044912765517061,0.4620818343333392,0.7033238966707034,12.0,0,0,0
3521,347,10,148,499,89,1,0.5,0.23752796798328993,0.11907050577356218,0.7624720320167101,7.0,1,1,1
3522,484,16,35,190,112,0,0.5,0.7036590525983734,0.10179607221740374,0.29634094740162664,5.0,1,1,1
3523,484,16,359,112,3,0,0.5,0.24644014298269662,0.09569377458952229,0.7535598570173034,53.0,0,1,0
3524,484,16,152,112,490,0,0.5,0.16314661810847028,0.0273395549574994,0.8368533818915297,24.0,1,1,1
3525,484,12,178,112,73,0,0.7587019327452122,0.7129720744305466,0.5419888431581964,0.8044317910598778,41.0,0,0,0
3526,484,15,36,112,334,0,0.5,0.8460373867844306,0.09646279245324096,0.15396261321556937,5.0,1,1,1
3527,484,1,288,112,130,0,0.6959697119821796,0.5197073137496695,0.317886131603031,0.8722321102146897,83.0,0,0,0
3528,484,1,352,112,77,0,0.682470688563169,0.5866991824133411,0.3674754446874817,0.7782421947129968,103.0,0,0,0
3529,484,0,305,112,3,0,0.5,0.34827833780592354,0.0031250046674152557,0.6517216621940765,96.0,1,1,1
3530,484,0,365,77,112,0,0.5,0.1369226164842391,0.041439028979324846,0.8630773835157609,45.0,0,1,0
3531,484,0,338,77,112,0,0.5,0.20555290946927723,0.038529001544845426,0.7944470905307228,38.0,0,1,0
3532,484,14,69,57,390,0,0.5,0.4166552191507467,0.05837166003752402,0.5833447808492533,5.0,1,1,1
3533,484,2,153,130,458,0,0.5,0.7850294885391784,0.02540645276803452,0.21497051146082158,5.0,1,1,1
3534,484,13,218,157,3,0,0.5,0.5388761768802127,0.0567772760322416,0.4611238231197873,6.0,1,1,1
3535,484,3,246,112,89,0,0.6782112380748881,0.5932993441342315,0.37618426052733794,0.7631231320155447,38.0,0,0,0
3536,484,9,144,112,466,0,0.809916721137858,0.7823152530837748,0.5346642539424433,0.8375181891919412,19.0,0,0,0
3537,484,7,111,34,457,0,0.6376190349798317,0.5911407950885017,0.3863360742638043,0.6840972748711618,11.0,0,0,0
3538,484,5,308,112,334,0,0.5,0.7882474446802631,0.17651588650346442,0.2117525553197369,3.0,1,1,1
3539,28,0,83,493,453,0,0.7737130823722529,0.7801606366929416,0.5942320310747176,0.7672655280515641,32.0,0,0,0
3540,28,0,49,493,453,0,0.7400928041564434,0.7759815074987234,0.5174596357433521,0.7042041008141635,19.0,0,0,0
3541,28,15,251,230,456,1,0.5811650697412172,0.3990071213235069,0.2015328606199244,0.7633230181589276,31.0,0,0,0
3542,28,16,295,368,11,0,0.5,0.6908845331498846,0.06260936026857514,0.3091154668501154,4.0,1,1,1
3543,28,13,201,453,9,0,0.5912127660790982,0.3960012627880563,0.19068550932679637,0.7864242693701401,11.0,0,0,0
3544,28,1,258,268,453,0,0.833074123606531,0.8429653217416703,0.7006482610841251,0.8231829254713917,86.0,0,0,0
3545,28,1,347,268,230,0,0.8405618211480931,0.794141280020209,0.6428220488694986,0.8869823622759772,141.0,0,0,0
3546,28,12,15,65,492,0,0.5,0.5197938552019579,0.004730547519010108,0.48020614479804213,2.0,1,1,1
3547,28,14,91,417,242,0,0.5,0.4455979280282424,0.03777334395516615,0.5544020719717576,3.0,1,1,1
3548,28,18,104,346,465,1,0.5,1.0,0.3467281323860653,0.0,2.0,0,1,0
3549,378,0,285,80,78,1,0.5,0.3645576452251661,0.06520836940972244,0.6354423547748339,5.0,1,1,1
3550,378,13,175,60,212,0,0.7514539060349028,0.811253433959264,0.5518268475296902,0.6916543781105418,18.0,0,0,0
3551,378,1,201,21,333,0,0.5,0.9553721291395795,0.14465673963067266,0.04462787086042053,6.0,0,1,0
3552,378,12,7,166,217,0,0.5,1.0,0.06920392276149004,0.0,1.0,1,1,1
3553,100,0,233,86,163,0,0.8090340447077816,0.7408732654577728,0.5431580036141841,0.8771948239577905,111.0,0,0,0
3554,100,0,104,86,454,1,0.5,0.6443868065807792,0.2991978389031362,0.3556131934192208,8.0,0,1,0
3555,100,0,69,454,257,0,0.5,0.34932619360520856,0.16053599741035238,0.6506738063947914,8.0,0,1,0
3556,100,12,146,9,307,0,0.5,0.3373462502591871,0.08516731334073886,0.6626537497408129,9.0,0,1,1
3557,100,15,286,498,454,0,0.5,0.46325520674881016,0.0054783883564774915,0.5367447932511898,10.0,1,1,1
3558,100,1,292,119,454,0,0.5,0.13282518977433544,0.04014196100592317,0.8671748102256646,117.0,0,1,1
3559,100,1,21,454,119,0,0.5,0.5255831444108211,0.0930513266533464,0.4744168555891789,10.0,0,1,0
3560,100,16,338,446,454,0,0.7596554325241276,0.7094445338340508,0.5018340028390345,0.8098663312142044,93.0,0,0,0
3561,100,4,104,454,467,0,0.8234843546127883,0.8020577410365465,0.6585846422831151,0.8449109681890303,40.0,0,0,0
3562,100,13,237,48,65,0,0.6177871876002394,0.5464166268528928,0.20704295865499636,0.6891577483475861,11.0,0,0,0
3563,100,6,298,251,499,0,0.5,1.0,0.02472570331915445,0.0,1.0,1,1,1
3564,281,12,345,191,165,0,0.5808024424357663,0.32385863482615757,0.09078168461842112,0.837746250045375,42.0,0,0,0
3565,281,13,199,165,191,1,0.5533672432995292,0.258122815970521,0.12291093652647894,0.8486116706285375,100.0,0,0,0
3566,281,0,71,165,161,0,0.5,0.47365785941143856,0.06606261652367665,0.5263421405885614,19.0,0,1,0
3567,281,1,265,165,471,0,0.605593811122786,0.5682817990318515,0.250178376260549,0.6429058232137205,20.0,0,0,0
3568,281,14,132,165,191,0,0.5,0.3218530609284716,0.1147986686141062,0.6781469390715285,28.0,0,1,0
3569,281,18,254,165,451,0,0.5815913579259961,0.3602215514979276,0.20755054599491077,0.8029611643540647,27.0,0,0,0
3570,281,2,73,165,208,0,0.5919063261310271,0.716233732880932,0.41848953170456,0.4675789193811223,10.0,0,0,0
3571,21,0,183,491,453,0,0.6499990436523705,0.5476135078872165,0.3453647698842838,0.7523845794175245,79.0,0,0,0
3572,21,0,145,491,453,0,0.6805623933125571,0.5099701150044863,0.2626259089074217,0.8511546716206277,63.0,0,0,0
3573,21,0,264,491,453,0,0.5873711718470265,0.37194127573268343,0.2002689649564347,0.8028010679613696,99.0,0,0,0
3574,21,15,112,453,491,0,0.592647500933481,0.39401016803257866,0.14630371028994313,0.7912848338343832,10.0,0,0,0
3575,21,1,164,453,45,0,0.704513806498179,0.6221074156980948,0.4294061214342255,0.7869201972982631,45.0,0,0,0
3576,21,1,22,312,190,0,0.5,0.7819354148463296,0.06081417821683219,0.21806458515367044,4.0,1,1,1
3577,21,1,181,453,45,0,0.7224164900519464,0.6034297102872281,0.4023688736170825,0.8414032698166647,49.0,0,0,0
3578,21,12,296,453,190,0,0.5617088230043601,0.456659337974313,0.23093582376999622,0.6667583080344073,35.0,0,0,0
3579,21,16,223,190,453,0,0.5964296723832634,0.4740478399204262,0.19540326529093546,0.7188115048461005,16.0,0,0,0
3580,21,19,245,453,491,0,0.5,0.3397509763233293,0.19432601945085845,0.6602490236766707,7.0,1,1,1
3581,21,14,320,30,190,0,0.5,0.485763348762328,0.15026950031779016,0.5142366512376719,12.0,0,1,0
3582,21,14,65,190,491,0,0.5,0.30647256020157865,0.15927184489056898,0.6935274397984214,9.0,0,1,0
3583,21,17,114,285,379,0,0.5,0.6306318852514371,0.009369089389672928,0.3693681147485629,5.0,1,1,1
3584,21,13,230,490,491,0,0.5,1.0,0.11893984931826163,0.0,3.0,1,1,1
3585,360,15,341,498,478,0,0.5896249513845605,0.37921547900259545,0.2197578531038936,0.8000344237665256,47.0,0,0,0
3586,360,1,335,498,4,1,0.6721390182053915,0.6460346055656205,0.45641914743959255,0.6982434308451624,40.0,0,0,0
3587,360,0,179,31,325,0,0.8410051637928975,0.8850181503857787,0.7306371287534904,0.7969921772000161,38.0,0,0,0
3588,360,14,124,498,452,0,0.664633230899158,0.7871758710327249,0.481044458484781,0.5420905907655911,10.0,0,0,0
3589,360,12,138,498,68,0,0.6120775535517188,0.551100862889391,0.22785867075048755,0.6730542442140466,12.0,0,0,0
3590,360,13,260,498,120,0,0.5,0.4330007568069475,0.27561655856612666,0.5669992431930525,22.0,0,1,0
3591,165,15,245,191,281,0,0.5,0.5360674259582708,0.21439667544734511,0.46393257404172916,19.0,0,1,0
3592,165,0,213,281,191,0,0.6214629245510243,0.4308365686335383,0.2609760893785706,0.8120892804685101,72.0,0,0,0
3593,165,0,133,281,191,0,0.6309065760345527,0.46039999064440457,0.23152836422839485,0.8014131614247009,46.0,0,0,0
3594,165,13,156,191,281,0,0.6044706432436853,0.35516296693612504,0.15105661492672753,0.8537783195512455,71.0,0,0,0
3595,165,13,325,191,281,1,0.5,0.17742233578391603,0.06864730220758564,0.822577664216084,132.0,0,1,0
3596,165,1,94,191,281,0,0.5,0.45466551799112587,0.20792126293593072,0.5453344820088741,12.0,0,1,0
3597,165,5,76,1,184,1,0.0,0.0,0.0,0.0,2.0,1,1,1
3599,165,18,255,191,451,1,0.6226155700130132,0.616640665006529,0.23893301662914804,0.6285904750194974,10.0,0,0,0
3600,380,19,301,29,133,0,0.5,0.46752482869649953,0.08778830198563063,0.5324751713035005,3.0,1,1,1
3601,380,0,328,478,52,0,0.5,0.4369167790974359,0.10824401038101758,0.563083220902564,11.0,0,1,1
3602,380,16,174,90,55,0,0.5,0.6509894848800336,0.19855717812792284,0.3490105151199664,8.0,0,1,0
3603,380,14,135,481,151,1,0.5,0.48310398812991395,0.059013768135928464,0.516896011870086,6.0,1,1,1
3604,380,18,194,4,478,0,0.5,0.6533357805404174,0.06842588533717217,0.3466642194595826,2.0,1,1,1
3605,210,13,11,342,75,0,0.5,1.0,0.009901778953000227,0.0,2.0,1,1,1
3606,210,0,89,256,128,0,0.6895270313770645,0.6004230478801825,0.28662421047395736,0.7786310148739466,17.0,0,0,0
3607,210,12,42,390,256,0,0.5,0.5395257661443604,0.19699975382068802,0.46047423385563957,4.0,0,1,1
3608,210,1,364,87,23,0,0.5,0.3469810469393405,0.0892964869357048,0.6530189530606595,19.0,1,1,1
3609,210,14,147,489,390,1,0.655631165381749,0.8749318963009116,0.5671625104915134,0.43633043446258657,7.0,0,0,0
3610,210,15,173,489,1,0,0.5,0.4123679037288449,0.19302944045798484,0.5876320962711551,18.0,0,1,0
3611,454,0,105,223,103,1,0.5,0.25232620979533255,0.11883422082251706,0.7476737902046675,35.0,0,1,0
3612,454,0,98,223,103,0,0.5,0.21512862471100053,0.056843903452861604,0.7848713752889995,32.0,0,1,0
3613,454,0,357,70,223,0,0.6342237571580305,0.39858050605255324,0.20946418022111224,0.8698670082635078,101.0,0,0,0
3614,454,0,244,223,94,0,0.5580828518195207,0.31666207890568904,0.1409123991202206,0.7995036247333522,99.0,0,0,0
3615,454,4,15,223,163,1,0.6816544824407429,0.8485487413569327,0.49079601316442717,0.5147602235245532,15.0,0,0,0
3616,454,4,307,223,163,1,0.8621519028254545,0.8549365861574404,0.7432125923426444,0.8693672194934687,269.0,0,0,0
3617,454,4,160,223,163,1,0.8311858270185557,0.7864104362541973,0.6041864389429399,0.8759612177829142,149.0,0,0,0
3618,454,16,100,163,223,0,0.5,0.23306059393524664,0.010134798927533524,0.7669394060647534,15.0,1,1,1
3619,454,14,153,223,163,0,0.5779191543231932,0.36236948743362796,0.14503111553011652,0.7934688212127584,28.0,0,0,0
3620,454,14,98,223,163,1,0.5,0.2381385342754236,0.06492055371734384,0.7618614657245764,17.0,1,1,1
3621,454,12,169,320,163,0,0.5,0.2918673540524653,0.02906399862428174,0.7081326459475348,19.0,1,1,1
3622,454,12,313,163,320,0,0.6850387422230462,0.5165830365187967,0.2797812307372344,0.8534944479272958,75.0,0,0,0
3623,454,15,274,223,230,0,0.5560993179628327,0.43933541699201883,0.2364493088675427,0.6728632189336466,60.0,0,0,0
3624,454,1,348,335,100,1,0.7245477855873823,0.5761416865117949,0.35194972626113435,0.8729538846629696,235.0,0,0,0
3625,454,1,260,335,100,1,0.7089490411642492,0.5414705638062547,0.3431499824449907,0.8764275185222437,172.0,0,0,0
3626,454,1,331,335,100,0,0.6765798404417716,0.48038991918655416,0.311816556002131,0.8727697616969888,222.0,0,0,0
3627,454,13,346,163,79,0,0.5,0.34636410718529154,0.18652528298469154,0.6536358928147085,53.0,0,1,0
3628,454,18,83,79,445,1,0.6448480349211145,0.6291254722692041,0.36370788190480474,0.660570597573025,4.0,0,0,0
3629,454,19,326,94,163,1,0.5630687050720162,0.2617248755943324,0.14938028049778374,0.8644125345497001,94.0,0,0,0
3630,454,3,274,163,223,0,0.5963023408884239,0.41827461259695603,0.195033462841031,0.7743300691798918,15.0,0,0,0
3631,454,7,312,201,79,0,0.5,0.9952140929528106,0.270326521716635,0.004785907047189397,3.0,1,1,1
3632,308,13,276,48,215,0,0.5,0.8908298477735872,0.06355288680615061,0.1091701522264128,2.0,1,1,1
3633,308,0,9,59,112,0,0.5,0.6423203003388734,0.003703520545461747,0.35767969966112656,6.0,1,1,1
3634,308,0,135,59,479,0,0.5,0.20196828341185194,0.09985854444996695,0.7980317165881481,44.0,0,1,0
3635,308,8,228,449,0,0,0.5,1.0,0.9999999999995015,0.0,3.0,0,1,0
3636,390,17,212,291,3,1,0.7266052682148006,0.6958320699145404,0.3341095591005424,0.7573784665150609,16.0,0,0,0
3637,390,0,186,3,157,0,0.5838480835535919,0.36032847840251353,0.21742524248269124,0.8073676887046701,62.0,0,0,0
3638,390,0,97,3,84,0,0.6947885752822784,0.650996763681836,0.3951180181270059,0.738580386882721,29.0,0,0,0
3639,390,0,275,3,291,0,0.6517342117336052,0.6353046534519072,0.22125063651338417,0.6681637700153032,74.0,0,0,0
3640,390,13,97,157,356,0,0.6292748858051121,0.4260814558160781,0.17941775886988964,0.8324683157941462,57.0,0,0,0
3641,390,13,159,157,3,0,0.5964717619965755,0.3404734190645133,0.1641292618029486,0.8524701049286376,93.0,0,0,0
3642,390,13,178,157,3,0,0.555050574588944,0.22566566740730198,0.06836043427363417,0.8844354817705861,101.0,0,0,0
3643,390,13,166,157,3,0,0.5512502922632805,0.23490857911796661,0.08218346190737187,0.8675920054085944,96.0,0,0,0
3644,390,16,142,37,73,0,0.5,0.31799222142983263,0.08804283378863216,0.6820077785701674,21.0,0,1,0
3645,390,1,29,312,335,0,0.5,0.4886373943669663,0.0679726480142553,0.5113626056330337,4.0,1,1,1
3646,390,1,75,82,312,0,0.5,0.42652254300729386,0.1504527127248687,0.5734774569927061,7.0,0,1,0
3647,390,19,186,87,73,0,0.5,0.524728648631881,0.35332911360261576,0.47527135136811904,9.0,0,1,0
3648,390,5,210,157,459,1,0.7336410808679958,0.6391273763776669,0.4087641136035999,0.8281547853583249,31.0,0,0,0
3649,390,12,134,73,215,0,0.6851359212918107,0.6337344853927559,0.376090844284529,0.7365373571908654,12.0,0,0,0
3650,390,14,80,37,77,0,0.5,0.43271600717745384,0.2586398999690395,0.5672839928225462,7.0,0,1,0
3651,390,3,78,73,64,0,0.5,0.5744369125438963,0.07897563712987538,0.4255630874561037,4.0,1,1,1
3652,390,8,78,446,70,0,0.5,0.7700417046214878,0.5236978762301762,0.2299582953785122,5.0,0,1,0
3653,63,16,93,490,15,1,0.5,0.3462488940844614,0.2008216508194662,0.6537511059155385,22.0,0,1,0
3654,63,0,90,490,15,0,0.7475977417707917,0.6502795352482194,0.44625064002836895,0.844915948293364,68.0,0,0,0
3655,63,0,153,490,418,1,0.75365321816558,0.6767839445639793,0.5029208923246505,0.8305224917671807,110.0,0,0,0
3656,63,0,61,490,15,0,0.7474775640216503,0.6669934090572582,0.4142252551609425,0.8279617189860424,49.0,0,0,0
3657,63,1,231,490,15,1,0.7579575208467975,0.673662967800472,0.45453623656759623,0.842252073893123,126.0,0,0,0
3658,63,1,95,490,15,0,0.8439984243432074,0.8461223347831202,0.6929364623755931,0.8418745139032946,57.0,0,0,0
3659,63,12,5,490,2,0,0.5,1.0,0.14503871626006032,0.0,4.0,1,1,1
3660,63,19,229,490,15,0,0.5907778544874035,0.5042381551296156,0.1946893285781458,0.6773175538451914,38.0,0,0,0
3661,63,13,86,490,15,0,0.5,0.2200481876036664,0.1002233967429557,0.7799518123963336,29.0,0,1,0
3662,63,14,168,490,418,0,0.7026333009560559,0.6609179690212132,0.48596633880258455,0.7443486328908986,43.0,0,0,0
3663,63,15,114,490,418,0,0.6905029289793752,0.5734622515910461,0.39355296881228413,0.8075436063677041,25.0,0,0,0
3664,63,11,21,490,157,1,0.5,0.7375296304713516,0.37235772515355064,0.26247036952864844,4.0,0,1,0
3665,204,1,355,29,101,0,0.5,0.7893354146906657,0.09582105412514799,0.2106645853093343,11.0,1,1,1
3666,204,14,83,124,78,0,0.5,1.0,0.18658808788370848,0.0,3.0,1,1,1
3667,204,0,67,465,78,0,0.7254082972430735,0.6333203688113157,0.46086455933233883,0.8174962256748314,21.0,0,0,0
3668,204,0,307,441,465,0,0.5,0.9776878941837596,0.10751395934105017,0.022312105816240435,8.0,0,1,0
3669,204,16,307,41,388,0,0.5,0.564058708527638,0.03385544298892978,0.43594129147236205,3.0,1,1,1
3670,204,13,118,155,90,1,0.5,0.5591345615592009,0.04849606349039894,0.44086543844079906,2.0,1,1,1
3671,204,5,278,217,184,0,0.5,1.0,0.2127866486458368,0.0,3.0,0,1,1
3672,222,0,175,424,19,0,0.6555153105926109,0.5575343485857788,0.31692363858384787,0.7534962725994431,56.0,0,0,0
3673,222,0,197,424,19,0,0.6305407947644841,0.5079996731472699,0.31143082127958005,0.7530819163816983,65.0,0,0,0
3674,222,2,278,238,0,0,0.5,1.0,0.3179015902116168,0.0,2.0,1,1,1
3675,222,15,350,357,106,0,0.5,0.3160514254301852,0.16575192784672974,0.6839485745698148,40.0,0,1,0
3676,222,1,315,357,312,1,0.5,0.5553164946432266,0.3109610293449848,0.44468350535677337,38.0,0,1,0
3677,222,14,324,357,144,0,0.6022349823692912,0.523778182562538,0.2541347738120137,0.6806917821760443,33.0,0,0,0
3678,222,18,327,357,200,1,0.6108894814129984,0.6397993041580592,0.3746507223433823,0.5819796586679377,32.0,0,0,0
3679,134,14,240,201,46,0,0.5,0.3686468766089364,0.024787185656482698,0.6313531233910636,10.0,1,1,1
3680,134,1,42,293,46,1,0.5,0.37688337484976425,0.06567748899935902,0.6231166251502358,3.0,1,1,1
3681,134,1,62,296,46,0,0.5,0.6214117070886286,0.034925699521417906,0.3785882929113714,5.0,1,1,1
3682,134,17,337,350,46,0,0.5,0.4450920450283375,0.11159443274699128,0.5549079549716625,5.0,1,1,1
3683,134,0,335,113,46,0,0.5,0.3698321313041417,0.011686727649345247,0.6301678686958583,48.0,1,1,1
3684,134,0,350,256,113,0,0.5,0.33530758432278107,0.0021698599657017743,0.6646924156772189,53.0,1,1,1
3685,134,0,7,490,4,0,0.5,0.5049508894765016,0.009901778953000522,0.4950491105234984,2.0,1,1,1
3686,134,19,334,46,256,0,0.5,0.4381829161136017,0.09082701200099592,0.5618170838863983,8.0,1,1,1
3687,134,12,254,81,489,0,0.6283571185141952,0.587245693718971,0.250529674027183,0.6694685433094194,19.0,0,0,0
3688,134,16,181,256,113,0,0.5,0.2522101635254315,0.018082405704923192,0.7477898364745685,14.0,1,1,1
3689,134,3,336,489,146,0,0.5705807338976285,0.6156490435792766,0.3564034264150571,0.5255124242159803,13.0,0,0,0
3690,493,13,290,90,20,0,0.6542201017325842,0.48951359179259823,0.23086283007458738,0.81892661167257,67.0,0,0,0
3691,493,4,253,20,312,0,0.5,0.4246209566744938,0.24081269548221693,0.5753790433255062,13.0,0,1,0
3692,493,0,274,38,20,0,0.5469314047470465,0.35166524106881875,0.18675437914360632,0.7421975684252742,48.0,0,0,0
3693,493,0,156,28,72,0,0.5708549738705075,0.2887541834602142,0.11055708335818315,0.8529557642808009,53.0,0,0,0
3694,493,0,67,28,20,0,0.5819228470116784,0.3625009098756734,0.17297832299559976,0.8013447841476835,24.0,0,0,0
3695,493,0,86,28,16,0,0.6795734664829408,0.5842005790289088,0.3503769538963997,0.7749463539369729,32.0,0,0,0
3696,493,14,260,38,72,0,0.6979095125062136,0.6549488468548864,0.38685164112585,0.7408701781575407,19.0,0,0,0
3697,493,12,162,72,495,0,0.6002987301016349,0.4134740974185778,0.1294442394256233,0.7871233627846921,17.0,0,0,1
3698,493,12,264,90,72,0,0.6396663013339591,0.7024728242841793,0.3182070676080366,0.5768597783837388,12.0,0,0,0
3699,493,1,212,72,117,0,0.5,0.3821989415292499,0.04190450173948767,0.6178010584707501,18.0,1,1,1
3700,493,16,126,412,90,0,0.5,0.30628654465560745,0.12775131856185135,0.6937134553443925,6.0,1,1,1
3701,493,17,250,90,224,1,0.6420113432535188,0.706581523881113,0.3010672441723674,0.5774411626259248,18.0,0,0,0
3702,493,15,119,72,227,1,0.5,0.47602770615365664,0.24949302228771256,0.5239722938463434,12.0,0,1,0
3703,493,18,195,72,100,0,0.5,0.31596890129036403,0.11093679341268714,0.684031098709636,15.0,0,1,1
3704,493,8,335,224,90,0,0.5,0.3509264331012134,0.19676852848248638,0.6490735668987866,17.0,0,1,0
3705,32,13,299,157,434,0,0.5,0.18085831209664874,0.02554883490554551,0.8191416879033513,90.0,0,1,0
3706,32,13,222,434,224,0,0.5,0.20400076252653176,0.04667723896731024,0.7959992374734682,99.0,0,1,0
3707,32,13,223,434,224,0,0.5,0.2040007625265318,0.04667723896731024,0.7959992374734682,99.0,0,1,0
3708,32,13,246,224,157,0,0.5,0.17591421527744777,0.09452981419124133,0.8240857847225522,97.0,0,1,0
3709,32,13,362,224,75,0,0.583771089436218,0.3562236706326259,0.16961307352504085,0.8113185082398102,156.0,0,0,0
3710,32,1,75,157,183,0,0.5985333041457135,0.5720148843702993,0.23961144946588978,0.6250517239211277,7.0,0,0,0
3711,32,17,339,224,438,0,0.7560870380668443,0.7680271773958753,0.6052934977342015,0.7441468987378133,96.0,0,0,0
3712,32,18,223,179,33,0,0.5,1.0,0.12317216510981664,0.0,2.0,1,1,1
3713,32,16,100,476,157,0,0.5,1.0,0.03660313238629003,0.0,2.0,1,1,1
3714,32,5,1,75,116,0,0.0,0.0,0.0,0.0,1.0,1,1,1
3715,32,2,158,238,423,0,0.5,0.6236468324511872,0.16489360869299305,0.37635316754881276,3.0,1,1,1
3716,32,0,240,476,75,0,0.5,0.5973228540885946,0.015026460903057882,0.40267714591140535,7.0,1,1,1
3717,32,9,10,442,0,0,0.5,1.0,0.9999999999989999,0.0,1.0,1,1,1
3718,177,1,208,475,312,0,0.5,0.29779410019252184,0.0721973583121216,0.7022058998074782,27.0,0,1,0
3719,177,1,327,141,312,0,0.5,0.1643010640102997,0.08120480862488401,0.8356989359897002,32.0,0,1,0
3720,177,0,120,35,334,0,0.5,0.15921733226441556,0.06101610445732507,0.8407826677355844,19.0,1,1,1
3721,177,0,341,1,35,0,0.5,0.4167021637649891,0.0017060176125658164,0.583297836235011,17.0,1,1,1
3722,177,0,277,35,458,0,0.618870129907347,0.4423383505216274,0.23357104268707365,0.7954019092930666,49.0,0,0,0
3723,177,17,15,118,0,0,0.5,1.0,0.999999999998781,0.0,1.0,1,1,1
3724,177,14,254,466,334,0,0.5,0.7388055855972366,0.003572452877644133,0.26119441440276336,3.0,1,1,1
3725,177,12,73,93,442,0,0.5,0.48685655784070847,0.18839750495817825,0.5131434421592915,3.0,1,1,1
3726,177,7,101,66,119,0,0.5,1.0,0.059342807989704885,0.0,1.0,1,1,1
3727,338,12,74,451,334,0,0.637051679546919,0.7945234395680655,0.48680450008832865,0.4795799195257725,7.0,0,0,0
3728,338,0,180,449,457,0,0.6079309970662132,0.6254548193029299,0.4083069532380398,0.5904071748294965,38.0,0,0,0
3729,338,0,56,449,0,0,0.678749862863754,0.6619656603683323,0.37630287394976053,0.6955340653591757,13.0,0,0,0
3730,338,1,135,93,209,0,0.5,0.421934567058026,0.12482521898882239,0.578065432941974,7.0,1,1,1
3731,338,13,30,449,0,1,0.7376324755912989,1.0,0.9999999999992355,0.4752649511825976,2.0,0,0,0
3732,170,14,254,89,436,1,0.6918260171236597,0.6248863409610684,0.34292796599034986,0.758765693286251,29.0,0,0,0
3733,170,13,160,89,346,0,0.6898882423670766,0.6926248421827033,0.48318096243045483,0.6871516425514499,19.0,0,0,0
3734,170,0,97,80,436,0,0.5,0.29691285448938265,0.027599272098736315,0.7030871455106174,19.0,1,1,1
3735,170,0,161,89,499,0,0.5,0.280113933180184,0.08368383724500898,0.7198860668198159,42.0,0,1,0
3736,170,2,224,89,80,0,0.5,0.8818613436689385,0.2995257787471477,0.11813865633106146,3.0,0,1,1
3737,170,17,172,346,80,0,0.5,0.5148487862827442,0.08680624128225133,0.4851512137172558,4.0,1,1,1
3738,170,19,233,489,246,0,0.5,0.8559903096661178,0.06774210020669098,0.14400969033388222,2.0,1,1,1
3739,356,0,14,324,470,0,0.5,0.569560504369049,0.2461857905976371,0.43043949563095096,9.0,0,1,0
3740,356,14,107,459,39,1,0.5,1.0,0.0237827970197673,0.0,1.0,1,1,1
3741,356,13,346,87,390,1,0.5,0.33416053656162037,0.1187241331223042,0.6658394634383796,26.0,0,1,0
3742,356,1,78,334,237,0,0.5,0.4145023745060654,0.09402796595543918,0.5854976254939346,7.0,1,1,1
3743,356,7,310,334,237,0,0.5,0.5335553948944108,0.03207044826084342,0.46644460510558916,6.0,1,1,1
3744,149,14,187,212,193,0,0.7032395349851611,0.61739584123979,0.36569767570284206,0.7890832287305323,15.0,0,0,0
3745,149,0,211,212,480,0,0.7074706929827697,0.6459742993971035,0.3862589946400427,0.7689670865684359,62.0,0,0,0
3746,149,0,212,212,473,0,0.6974038468978396,0.6146304804058048,0.39830640859419963,0.7801772133898743,63.0,0,0,0
3747,149,0,194,212,480,0,0.580271598367635,0.4192315821118976,0.25756177275177217,0.7413116146233723,53.0,0,0,0
3748,149,16,216,260,212,0,0.5,0.6065580557896041,0.03715767067339206,0.3934419442103959,4.0,1,1,1
3749,149,12,14,212,36,0,0.6954655057742619,0.8370995981178477,0.3829646270663653,0.5538314134306761,7.0,0,0,0
3750,149,15,147,212,323,0,0.7508390613564013,0.7468710017816069,0.45412620175824114,0.7548071209311957,14.0,0,0,0
3751,149,1,246,212,480,0,0.5,0.2908059847638793,0.16019581921630896,0.7091940152361207,45.0,0,1,0
3752,149,1,159,480,312,1,0.5,0.23358807979571825,0.09247937095890837,0.7664119202042817,22.0,0,1,0
3753,149,7,141,160,183,0,0.5,1.0,0.41808977825586946,0.0,3.0,0,1,0
3754,149,18,202,480,487,0,0.5,0.35896079370090683,0.16898729189378878,0.6410392062990932,7.0,1,1,1
3755,288,1,167,492,290,0,0.8434852383665747,0.828917749025676,0.7003452115604177,0.8580527277074733,71.0,0,0,0
3756,288,0,230,492,402,0,0.8251896067189577,0.8125698901326714,0.6786829254252775,0.8378093233052439,105.0,0,0,0
3757,288,0,358,492,115,0,0.80118638531284,0.8066509103508441,0.6326188493708798,0.7957218602748359,163.0,0,0,0
3758,288,15,182,492,488,0,0.7186788871291552,0.5934308999575073,0.33588616252054426,0.843926874300803,36.0,0,0,0
3759,288,3,293,492,460,1,0.7240953542763486,0.5841433704708051,0.3722279609837299,0.8640473380818923,37.0,0,0,0
3760,288,12,238,492,37,0,0.8407699356073037,0.8144040453920186,0.6401047280102481,0.8671358258225889,63.0,0,0,0
3761,288,19,250,492,290,0,0.7842119844493647,0.840062930962994,0.6931489451591895,0.7283610379357355,27.0,0,0,0
3762,288,8,317,492,112,0,0.7319525599229681,0.7546849431728275,0.39214464131860804,0.7092201766731089,12.0,0,0,0
3763,288,4,21,290,454,0,0.5,1.0,0.02969757256547134,0.0,1.0,1,1,1
3764,167,0,2,42,29,1,0.5,1.0,0.32008781862619035,0.0,2.0,1,1,1
3765,167,0,257,42,207,0,0.5776869001836635,0.4426536067608587,0.26591974170250754,0.7127201936064684,65.0,0,0,0
3766,167,0,94,42,343,0,0.6855791784611375,0.5367425806880484,0.2925562033862754,0.8344157762342266,26.0,0,0,0
3767,167,18,177,491,290,0,0.7649275811050683,0.7711284169386343,0.5789068752415671,0.7587267452715023,42.0,0,0,0
3768,167,13,98,279,90,0,0.5,0.4692145427731841,0.04446462288251104,0.5307854572268159,13.0,1,1,1
3769,167,1,57,101,279,0,0.5,0.5197938552019579,0.06168953855918812,0.48020614479804213,4.0,1,1,1
3770,167,17,46,279,312,0,0.5,0.455074258171347,0.12914784704565288,0.544925741828653,5.0,1,1,1
3771,167,12,51,3,42,0,0.5,0.3611583112046138,0.18286161166915813,0.6388416887953863,3.0,1,1,1
3772,167,9,207,428,165,0,0.5,1.0,0.009901778952989361,0.0,1.0,1,1,1
3773,111,0,245,0,257,0,0.7224885735952603,0.5998283266938382,0.39420732737176173,0.8451488204966824,150.0,0,0,0
3774,111,0,314,0,296,1,0.8047841810752985,0.7524083849667473,0.595828914570827,0.8571599771838496,191.0,0,0,0
3775,111,12,232,0,74,1,0.8149252234655047,0.7989827771015529,0.6629521106828298,0.8308676698294566,85.0,0,0,0
3776,111,12,160,0,74,0,0.7698323697300874,0.8159306303160263,0.665414999423293,0.7237341091441485,55.0,0,0,0
3777,111,1,198,0,257,1,0.8004616355710853,0.7533912832068616,0.5900189558264506,0.847531987935309,119.0,0,0,0
3778,111,14,215,0,257,1,0.8368602144953818,0.86186702922756,0.7499351271100385,0.8118533997632036,86.0,0,0,0
3779,111,13,55,0,13,0,0.6703561518796222,0.5636462260918494,0.37153503479941186,0.7770660776673949,20.0,0,0,0
3780,111,15,91,0,13,0,0.8108312045833462,0.7261718199603695,0.5088731634031194,0.895490589206323,47.0,0,0,0
3781,111,4,361,0,296,1,0.837118094238188,0.8488717270292614,0.6968768165902891,0.8253644614471145,80.0,0,0,0
3782,111,17,51,0,125,0,0.7774058995264366,0.7945997529190112,0.5831547141837146,0.760212046133862,28.0,0,0,0
3783,111,16,350,0,296,1,0.8426217417945479,0.8550057032919989,0.7276103298562662,0.8302377802970968,111.0,0,0,0
3784,111,2,272,0,496,1,0.8297720708497343,0.8748202918818254,0.7540724963569244,0.784723849817643,53.0,0,0,0
3785,111,19,116,0,157,0,0.7984345248621668,0.879819089110706,0.775425898730218,0.7170499606136276,32.0,0,0,0
3786,161,17,310,33,64,0,0.5,0.45760267917579794,0.2898864243816591,0.5423973208242021,16.0,0,1,0
3787,161,0,144,70,451,0,0.5836832321969775,0.33814747167380316,0.11944357973438993,0.8292189927201519,32.0,0,0,0
3788,161,0,244,451,70,0,0.6656712657579433,0.4905355163940416,0.26092088654661894,0.8408070151218452,48.0,0,0,0
3789,161,12,149,451,447,0,0.642060565487636,0.5977547857023955,0.21491011804141022,0.6863663452728765,9.0,0,0,1
3790,161,15,327,33,130,0,0.5,0.2111478738671849,0.027729712580990933,0.7888521261328151,15.0,1,1,1
3791,161,14,261,451,323,0,0.7342932997424994,0.7589328095297362,0.5548122725352407,0.7096537899552626,11.0,0,0,0
3792,161,1,263,451,130,1,0.5,0.4186346735193957,0.16124415775942152,0.5813653264806042,22.0,0,1,0
3793,161,3,111,430,297,0,0.5,0.7008986507521296,0.11756850219452128,0.29910134924787035,2.0,1,1,1
3794,119,1,92,142,168,0,0.5,0.2900101914277933,0.03717126213194824,0.7099898085722067,19.0,1,1,1
3795,119,15,87,474,142,0,0.5,0.30108896894720116,0.11231504373258375,0.6989110310527988,11.0,0,1,0
3796,119,12,328,142,334,0,0.5,0.30193010064524506,0.12815347585593714,0.6980698993547549,37.0,0,1,0
3797,119,14,198,474,334,0,0.767365814979468,0.7078161128466752,0.4497783471072074,0.8269155171122606,31.0,0,0,0
3798,119,0,112,142,474,0,0.5,0.21802466847929944,0.05967326476293259,0.7819753315207005,53.0,0,1,0
3799,119,0,180,474,334,0,0.5,0.1643954502623285,0.06066118509976401,0.8356045497376715,61.0,0,1,0
3800,119,0,154,474,142,0,0.5,0.15816483411736193,0.010467797983046577,0.8418351658826381,52.0,1,1,1
3801,119,16,10,390,63,0,0.5,1.0,0.2472936649022814,0.0,2.0,1,1,1
3802,119,10,301,190,157,0,0.5,1.0,0.4889758934948694,0.0,1.0,1,1,1
3803,294,12,293,92,160,1,0.7762367697022566,0.7515560020108987,0.5104400960769072,0.8009175373936146,59.0,0,0,0
3804,294,13,199,92,390,0,0.7608923897907143,0.7128063112416324,0.5507482821713391,0.8089784683397963,79.0,0,0,0
3805,294,0,274,92,225,0,0.5616638243572238,0.4411217049109064,0.22576975244283504,0.6822059438035413,43.0,0,0,0
3806,294,5,278,92,463,0,0.5,0.44279681571251595,0.24564752620330807,0.557203184287484,18.0,0,1,0
3807,294,8,281,160,92,0,0.5,0.5865225739536908,0.01756495912264292,0.4134774260463092,5.0,1,1,1
3808,294,18,341,92,423,0,0.5,0.4978583205934929,0.07512151537909087,0.5021416794065071,13.0,1,1,1
3809,73,16,264,486,390,0,0.7757474404994593,0.7242331063979761,0.5446946511777244,0.8272617746009424,104.0,0,0,0
3810,73,9,196,486,1,0,0.7801082011095821,0.7540177142356829,0.5954210064301086,0.8061986879834814,41.0,0,0,0
3811,73,12,151,486,23,0,0.5787112657221659,0.335685407696405,0.1380293483521171,0.8217371237479268,48.0,0,0,0
3812,73,0,309,486,474,0,0.714058995367993,0.5664963935457575,0.39043614965856765,0.8616215971902283,175.0,0,0,0
3813,73,0,195,486,23,0,0.6835753480420301,0.4810715549731047,0.2774387177023635,0.8860791411109556,120.0,0,0,0
3814,73,0,334,486,474,1,0.6508467527133863,0.44816723719776974,0.28570004246569697,0.853526268229003,188.0,0,0,0
3815,73,1,183,486,390,1,0.7689945479956758,0.6580314464678777,0.42858287443458803,0.8799576495234739,81.0,0,0,0
3816,73,1,364,486,489,0,0.812451355039193,0.7815029682778747,0.6234933564448226,0.8433997418005112,157.0,0,0,0
3817,73,14,139,486,23,1,0.6421802725521648,0.5536798882252885,0.3640552059417524,0.7306806568790412,28.0,0,0,0
3818,73,3,139,390,157,0,0.6698176344437935,0.643334307474006,0.42300931169783196,0.696300961413581,23.0,0,0,0
3819,73,13,167,486,390,0,0.6506240640508232,0.4827682980180313,0.3177380948982693,0.818479830083615,74.0,0,0,0
3820,73,13,41,486,157,0,0.6168274548883694,0.5694688941678262,0.22059222780998097,0.6641860156089128,15.0,0,0,0
3821,73,15,268,486,489,0,0.5719180627771174,0.4547772212145367,0.29076641853551544,0.6890589043396983,46.0,0,0,0
3822,73,2,62,157,118,0,0.5,1.0,0.009901778952998064,0.0,1.0,1,1,1
3823,102,1,332,168,33,1,0.5,0.2816249882294668,0.09569535465851638,0.7183750117705332,11.0,1,1,1
3824,102,1,99,472,467,0,0.5,0.4132386363506923,0.027497221778756797,0.5867613636493076,6.0,1,1,1
3825,102,0,135,457,367,0,0.5,0.23901551433025464,0.12136229134209735,0.7609844856697454,27.0,0,1,0
3826,102,0,190,457,185,0,0.718317531190011,0.6021903217731925,0.43037177732698045,0.8344447406068295,52.0,0,0,0
3827,102,17,175,118,303,0,0.5,0.9360705649916016,0.09822352748066891,0.06392943500839843,3.0,1,1,1
3828,102,15,6,385,0,0,0.5,1.0,0.9999999999989596,0.0,1.0,1,1,1
3829,102,5,322,69,16,0,0.8241003996184598,0.8837445993484818,0.7237643245097872,0.7644561998884378,32.0,0,0,0
3830,102,12,183,185,252,0,0.5,0.5179765331072855,0.2151514012442359,0.48202346689271447,10.0,0,1,0
3831,102,18,247,23,351,0,0.5,1.0,0.06158263828007119,0.0,2.0,1,1,1
3832,475,8,132,34,190,0,0.6171189428861201,0.5494987013548943,0.2288529456326975,0.684739184417346,16.0,0,0,0
3833,475,14,88,34,495,0,0.5,0.26018513577548474,0.09776040870330346,0.7398148642245153,17.0,0,1,0
3834,475,0,183,34,401,0,0.6801067985214624,0.48858706152917275,0.2831310322059639,0.8716265355137521,85.0,0,0,0
3835,475,0,145,34,401,0,0.6569183230772182,0.48085488219513617,0.26099171997120546,0.8329817639593001,70.0,0,0,0
3836,475,0,52,34,190,0,0.6593642578359795,0.559887440279999,0.2819102250178522,0.75884107539196,26.0,0,0,0
3837,475,16,354,33,34,0,0.6271635530731208,0.430229635691371,0.2384060499637701,0.8240974704548706,109.0,0,0,0
3838,475,16,116,34,33,0,0.5,0.18795149449416843,0.069795900718997,0.8120485055058315,34.0,0,1,0
3839,475,12,198,103,495,0,0.5,0.6378092440049048,0.10462834049730735,0.3621907559950952,7.0,1,1,1
3840,475,1,285,34,33,0,0.5582741432498294,0.31846560712166777,0.1244301372654461,0.798082679377991,81.0,0,0,0
3841,475,6,34,390,124,0,0.5,1.0,0.029697572565460156,0.0,1.0,1,1,1
3842,475,15,187,34,33,0,0.5,0.2118023382790378,0.044716311482014263,0.7881976617209622,40.0,1,1,1
3843,475,4,272,33,34,0,0.5,0.44490463653620127,0.19671551209030225,0.5550953634637987,20.0,0,1,0
3844,475,7,315,33,34,0,0.5,0.3388589056985265,0.10238217244719655,0.6611410943014735,21.0,0,1,1
3845,475,17,263,33,401,0,0.5,0.35450564630468295,0.13498227711123023,0.645494353695317,48.0,0,1,0
3846,475,17,201,33,401,0,0.5,0.18805795255977714,0.09969382536156818,0.8119420474402228,34.0,0,1,0
3847,475,13,68,34,33,0,0.5,0.3497387397047962,0.08638171404528731,0.6502612602952038,8.0,0,1,1
3848,475,19,133,34,495,1,0.5,0.3093415151099687,0.06073904158255729,0.6906584848900312,16.0,0,1,1
3849,71,17,267,156,20,0,0.5980789804586811,0.40228234557963627,0.24940449805281112,0.793875615337726,23.0,0,0,0
3850,71,0,223,372,156,0,0.8231210849468009,0.7758032720733721,0.6286605473649653,0.8704388978202298,154.0,0,0,0
3851,71,0,172,372,156,0,0.8471272095242747,0.8255428091743461,0.6668266101856478,0.8687116098742033,119.0,0,0,0
3852,71,0,34,372,439,0,0.5,0.6891636810288608,0.29113753015797755,0.31083631897113917,9.0,0,1,0
3853,71,14,104,301,251,0,0.6094370625776853,0.5109118280487238,0.18312019576341101,0.7079622971066466,7.0,0,0,1
3854,71,1,58,51,156,0,0.5,0.43512445821887885,0.14635217649880927,0.5648755417811211,5.0,1,1,1
3855,71,15,233,245,156,0,0.5,0.44930062195411985,0.025246909650365676,0.5506993780458802,5.0,1,1,1
3856,71,2,329,49,20,0,0.5,0.8981791922724578,0.013868622163265633,0.1018208077275422,4.0,1,1,1
3857,71,16,303,156,245,0,0.6680345231465521,0.544941962653338,0.28062123741094824,0.7911270836397661,21.0,0,0,0
3858,71,13,317,6,20,1,0.5,0.2863636377937941,0.013462105626339042,0.7136363622062059,12.0,1,1,1
3859,391,1,30,46,195,0,0.5,0.6555861405913616,0.24559647798360654,0.34441385940863845,3.0,0,1,1
3860,391,0,113,52,447,0,0.5,0.46731895376740695,0.029334648896935198,0.532681046232593,16.0,1,1,1
3861,391,15,162,451,498,0,0.5,0.6555861405913616,0.052630469117138964,0.34441385940863845,3.0,1,1,1
3862,391,7,146,413,465,1,0.5,1.0,0.4852182558539694,0.0,2.0,0,1,0
3863,305,0,187,272,435,0,0.5,0.4256242086095537,0.25828454497087694,0.5743757913904464,13.0,0,1,0
3864,305,14,26,480,77,0,0.5,1.0,0.24270893321406672,0.0,2.0,1,1,1
3865,305,7,343,469,301,0,0.5,1.0,0.11327460130635165,0.0,1.0,1,1,1
3866,305,5,226,107,335,0,0.5,1.0,0.010293843000960083,0.0,2.0,1,1,1
3867,254,0,135,480,103,1,0.7565391870571294,0.685378339077497,0.5051565914108426,0.8277000350367619,49.0,0,0,0
3868,254,0,317,480,238,0,0.7785102150654701,0.7726247534551096,0.5980792514785709,0.7843956766758307,141.0,0,0,0
3869,254,0,116,480,221,0,0.6514343860979863,0.5088414865088942,0.31807362424221913,0.7940272856870785,41.0,0,0,0
3870,254,1,22,279,238,0,0.5,0.5197938552019579,0.13990158845962947,0.48020614479804213,4.0,1,1,1
3871,254,14,173,480,467,0,0.6082792653679749,0.6548023290571188,0.45730014366306776,0.5617562016788311,22.0,0,0,0
3872,254,12,179,480,151,0,0.8081098508843232,0.8113019525156835,0.6358342090100113,0.8049177492529629,38.0,0,0,0
3873,254,15,63,467,480,0,0.5,1.0,0.07603232175276511,0.0,2.0,1,1,1
3874,485,1,197,293,55,0,0.5,0.2588001557909651,0.07052748460289204,0.7411998442090348,16.0,0,1,1
3875,485,1,217,446,293,0,0.6066284677535072,0.6913552154704211,0.35155460453343224,0.5219017200365934,25.0,0,0,0
3876,485,0,8,132,449,0,0.5,0.584921199067166,0.2829957293012484,0.415078800932834,5.0,0,1,0
3877,485,0,166,132,446,0,0.5882908431579078,0.39479839912533204,0.16361249217388804,0.7817832871904836,46.0,0,0,0
3878,485,0,280,132,446,0,0.5538396246695737,0.2737819385026483,0.14017731709581194,0.8338973108364991,77.0,0,0,0
3879,485,16,169,96,487,0,0.643517374645375,0.6090523641771217,0.2898422664618753,0.6779823851136282,20.0,0,0,0
3880,485,15,353,96,112,0,0.5,0.5632667836472436,0.15750193460778997,0.4367332163527564,10.0,0,1,0
3881,485,17,279,293,132,0,0.5,0.3469260710770387,0.023870486540978484,0.6530739289229612,49.0,1,1,1
3882,485,17,363,494,132,0,0.5,0.5787566319362683,0.1266694826820908,0.42124336806373175,13.0,0,1,0
3883,485,13,281,446,53,0,0.5,0.431613066098702,0.03408178026574284,0.568386933901298,67.0,1,1,1
3884,485,7,328,489,491,0,0.5,0.6821536950637864,0.3200090605399167,0.3178463049362136,3.0,0,1,0
3885,485,12,322,36,494,1,0.6102227248246213,0.45197780224988304,0.17342085810876298,0.7684676473993595,11.0,0,0,0
3886,485,14,324,468,494,0,0.5,0.35906733889896914,0.06709642214374513,0.6409326611010309,16.0,0,1,1
3887,485,19,238,17,293,0,0.5,0.238148835421798,0.04396245704288651,0.761851164578202,25.0,1,1,1
3888,485,2,59,236,293,0,0.5,0.6351831056874558,0.014000350312359662,0.36481689431254416,2.0,1,1,1
3889,199,5,97,434,184,0,0.5743714810568928,0.32522412335719897,0.1787827755409711,0.8235188387565867,14.0,0,0,0
3890,199,17,340,434,329,0,0.5,0.425035979763176,0.08711337992379391,0.574964020236824,16.0,1,1,1
3891,199,13,237,434,157,0,0.755323373859065,0.6748463831868793,0.47154149314802307,0.8358003645312508,106.0,0,0,0
3892,199,16,227,434,246,0,0.5856710481128016,0.46085051922202525,0.21793522351504876,0.710491577003578,45.0,0,0,0
3893,199,12,148,434,246,0,0.5,0.29283040424968876,0.13991424484517476,0.7071695957503112,19.0,0,1,0
3894,199,0,339,434,246,1,0.5647507846835764,0.30324309184263093,0.14197929006997384,0.8262584775245219,147.0,0,0,0
3895,199,0,4,224,312,0,0.5,1.0,0.009901778952998064,0.0,1.0,1,1,1
3896,199,0,350,434,246,0,0.6256753732031264,0.45092441122479165,0.26251672499606443,0.800426335181461,156.0,0,0,0
3897,199,19,198,434,31,0,0.7534197588111027,0.7800717894926901,0.5860448969857622,0.7267677281295153,20.0,0,0,0
3898,199,15,122,434,447,0,0.5,0.5097702884831196,0.20081987962352557,0.49022971151688044,6.0,0,1,1
3899,386,0,39,283,335,0,0.6507300698843261,0.6603589619898066,0.2665019516304235,0.6411011777788458,12.0,0,0,0
3900,386,0,27,283,481,1,0.5,0.513784313041623,0.2773972038229354,0.486215686958377,9.0,0,1,0
3901,386,12,228,381,322,0,0.5,0.18804919512286492,0.025864175850115325,0.8119508048771351,35.0,1,1,1
3902,386,13,136,322,283,0,0.6593003198109944,0.5929147889898891,0.38552459692133473,0.7256858506320996,26.0,0,0,0
3903,386,2,167,148,4,0,0.6694257749924091,0.5212306889739993,0.2232247127110206,0.8176208610108189,16.0,0,0,0
3904,404,1,315,168,196,0,0.5,0.43099155447892085,0.19432149800105306,0.5690084455210791,12.0,0,1,0
3905,404,0,69,346,99,0,0.5,0.46645162508165783,0.059071208450323966,0.5335483749183422,11.0,1,1,1
3906,404,19,110,346,352,0,0.5,0.5148487862827442,0.2842803307581018,0.4851512137172558,2.0,1,1,1
3907,381,14,317,148,283,0,0.5,0.33406861226222845,0.12891681047268969,0.6659313877377715,29.0,0,1,0
3908,381,0,255,322,283,0,0.5,0.1660487462986183,0.05706207490002982,0.8339512537013817,75.0,0,1,0
3909,381,0,142,322,283,0,0.6517769967609117,0.4649515319608498,0.21648809686850987,0.8386024615609736,35.0,0,0,0
3910,381,13,167,283,322,0,0.0779296285882285,0.0,0.0,0.155859257176457,6.0,1,1,1
3911,432,0,246,307,144,0,0.6440390217762717,0.5024780248182558,0.2861685781809003,0.7856000187342876,103.0,0,0,0
3912,432,0,10,307,144,0,0.5,0.6312542007758399,0.11631177817132111,0.36874579922416006,5.0,1,1,1
3913,432,16,169,307,298,0,0.7342094859265526,0.7711231711357007,0.5757635290200794,0.6972958007174044,15.0,0,0,0
3914,432,15,301,307,422,0,0.5973108005822085,0.7533063171085176,0.5462755258273602,0.4413152840558995,12.0,0,0,0
3915,432,1,325,88,447,1,0.6669589683379331,0.6030744624498069,0.31762078226011664,0.7308434742260594,21.0,0,0,0
3916,174,15,159,445,450,0,0.5,0.7951209582688129,0.026793185081373898,0.2048790417311871,7.0,1,1,1
3917,174,1,221,450,312,0,0.5,0.2893158553046757,0.09064998492541684,0.7106841446953243,13.0,1,1,1
3918,174,0,300,469,172,0,0.6422144217808108,0.4643895407254949,0.19839848982571012,0.8200393028361268,105.0,0,0,0
3919,174,0,30,450,469,0,0.636564053064574,0.6528784554518,0.3034890508114148,0.6202496506773478,16.0,0,0,0
3920,174,0,303,469,450,0,0.5731708527707109,0.32630240270529504,0.15760233476233684,0.8200393028361268,105.0,0,0,0
3921,174,16,317,469,24,0,0.5,0.35292723675351106,0.17065769466860586,0.647072763246489,24.0,0,1,0
3923,174,13,126,172,10,0,0.5,0.6599046823866374,0.19538306855618862,0.34009531761336265,4.0,1,1,1
3924,10,0,175,5,465,0,0.5,0.22868837223159239,0.0943990378956859,0.7713116277684076,39.0,0,1,0
3925,10,0,125,465,5,0,0.5,0.2746442566315096,0.05213607326282619,0.7253557433684904,33.0,0,1,0
3926,10,0,116,465,5,0,0.5,0.1902648082186412,0.022416616454737543,0.8097351917813588,29.0,1,1,1
3927,10,16,71,179,465,1,0.5,0.39305879971626667,0.05191662359797432,0.6069412002837333,6.0,1,1,1
3928,10,17,242,179,224,1,0.5,0.5282912586629387,0.1192136858204422,0.4717087413370613,5.0,1,1,1
3929,10,13,141,465,46,0,0.5,0.3647610240119913,0.051556356679028734,0.6352389759880087,10.0,1,1,1
3930,10,15,24,0,112,0,0.5,1.0,0.059342807989733085,0.0,3.0,1,1,1
3931,10,1,324,465,5,0,0.5,0.21112481208091527,0.021959068452379295,0.7888751879190847,53.0,1,1,1
3933,10,1,342,465,5,0,0.5,0.2668616813158637,0.017467655477609013,0.7331383186841363,62.0,1,1,1
3934,10,14,91,27,5,0,0.5,0.5834636795804649,0.054083383230618134,0.41653632041953514,5.0,1,1,1
3935,10,14,29,5,116,0,0.5,0.6002309213921487,0.12712676532484996,0.39976907860785127,3.0,1,1,1
3936,10,12,74,5,465,0,0.5,0.3909196567101063,0.21982453411062078,0.6090803432898937,10.0,0,1,0
3937,10,12,144,179,465,0,0.5,0.497343776785274,0.17937814023867266,0.502656223214726,11.0,0,1,0
3938,10,8,167,299,445,0,0.5,0.6143057582973619,0.13389917442870325,0.3856942417026381,3.0,1,1,1
3939,226,14,158,346,209,0,0.5,0.37123796262105396,0.08036399444701586,0.628762037378946,17.0,1,1,1
3940,226,1,72,460,346,0,0.5,0.4369271023343882,0.15696616708994374,0.5630728976656119,5.0,0,1,1
3941,226,0,332,132,346,0,0.7552681920999015,0.6294798251572655,0.45393251867842566,0.8810565590425374,131.0,0,0,0
3942,226,0,38,460,346,0,0.5,0.2853563202302004,0.08655778270889786,0.7146436797697996,9.0,0,1,0
3943,226,12,111,346,460,0,0.5,0.3950310089635321,0.21311954793476798,0.604968991036468,14.0,0,1,0
3944,226,18,70,346,150,0,0.7570150946133098,0.8249341591595075,0.5256647671165626,0.6890960300671123,4.0,0,0,0
3945,98,0,303,464,257,0,0.5,0.28476422166635706,0.10778357122877812,0.7152357783336429,31.0,0,1,0
3946,98,0,78,257,0,0,0.6410121924366436,0.583399998792827,0.3231497025096817,0.6986243860804602,24.0,0,0,0
3947,98,1,238,248,11,0,0.5,0.464743735927206,0.29043066768338266,0.535256264072794,14.0,0,1,0
3948,98,14,218,257,467,0,0.5,0.28313572244106283,0.09006351248964871,0.7168642775589371,29.0,0,1,0
3949,98,12,365,467,257,0,0.5,0.18885629045070157,0.042167171665062696,0.8111437095492984,46.0,1,1,1
3950,98,15,79,497,248,0,0.5,0.607232165674059,0.16204840957318575,0.392767834325941,4.0,1,1,1
3951,98,2,106,31,4,0,0.5,1.0,0.07328105796084068,0.0,2.0,1,1,1
3952,482,0,162,499,122,1,0.5,0.3008280338449734,0.1545032834438426,0.6991719661550266,43.0,0,1,0
3953,482,0,78,354,455,0,0.5,0.1899115591924412,0.07164848947254734,0.8100884408075588,21.0,0,1,0
3954,482,0,131,122,499,0,0.5765785679361887,0.34207233797784603,0.17487043567543537,0.8110847978945313,43.0,0,0,0
3955,482,0,125,122,354,0,0.5808537806416392,0.3611694828438182,0.20120631753639898,0.8005380784394602,42.0,0,0,0
3956,482,15,196,499,354,0,0.5,0.41524262127167033,0.2612609197562908,0.5847573787283297,15.0,0,1,0
3957,482,1,321,168,122,0,0.6280319362279498,0.5206600311206974,0.28952745428000615,0.7354038413352024,57.0,0,0,0
3958,482,1,121,354,122,0,0.616216642074977,0.4775124550201064,0.14029430475356114,0.7549208291298475,27.0,0,0,0
3959,482,12,198,499,46,0,0.5,0.22189637619714983,0.0030224688980383862,0.7781036238028501,25.0,1,1,1
3960,482,12,355,133,170,0,0.5,0.21553986835192787,0.023079898205723707,0.7844601316480722,51.0,1,1,1
3961,482,16,285,499,122,0,0.5,0.30448706369354295,0.11326466591210008,0.695512936306457,17.0,1,1,1
3962,482,17,293,499,357,0,0.5855518822171961,0.37356671322282387,0.22643869165250144,0.7975370512115685,33.0,0,0,0
3963,482,14,92,122,80,0,0.5,0.5768505834830077,0.25691884319731206,0.42314941651699234,9.0,0,1,0
3964,482,13,34,63,354,1,0.5,0.7030624954664394,0.41589208645087494,0.2969375045335606,9.0,0,1,0
3965,482,18,292,290,201,0,0.5,0.5006162797025846,0.13455892994028956,0.4993837202974154,8.0,1,1,1
3966,482,7,324,170,499,0,0.5,0.7375296304713516,0.21660493983003468,0.26247036952864844,4.0,0,1,0
3967,74,0,119,257,192,0,0.5,0.23154716891216479,0.08843916407874974,0.7684528310878352,25.0,0,1,0
3968,74,0,34,257,192,0,0.5,0.8433553109476581,0.19392814241838585,0.15664468905234186,7.0,0,1,0
3969,74,0,308,257,464,0,0.6640980307711508,0.49865214605984504,0.28488351074772883,0.8295439154824565,83.0,0,0,0
3970,74,12,304,111,34,0,0.5,0.8132502084912673,0.26767356958646765,0.18674979150873272,17.0,0,1,0
3971,74,15,122,57,1,0,0.6382376833155985,0.5299571431303167,0.3032675647163768,0.7465182235008804,13.0,0,0,0
3972,74,1,228,112,111,0,0.5,0.4659095673138167,0.17849998917195906,0.5340904326861833,14.0,0,1,0
3973,74,19,206,125,192,1,0.5,0.4805379942633774,0.0840833410480803,0.5194620057366226,7.0,1,1,1
3974,74,17,224,135,223,0,0.5,0.3718117482149264,0.1507656852453017,0.6281882517850736,18.0,0,1,0
3975,74,16,145,33,13,0,0.5,0.28214091789437806,0.1271929166713343,0.7178590821056219,7.0,1,1,1
3976,74,8,184,112,473,0,0.5,0.3810126991033837,0.1728608727430015,0.6189873008966162,3.0,1,1,1
3977,74,2,84,303,448,1,0.5,0.5591345615592009,0.13133969505233561,0.44086543844079906,2.0,1,1,1
3978,423,0,338,284,370,0,0.566931577168861,0.2831088787614211,0.14845518038414857,0.8507542755763009,75.0,0,0,0
3979,423,0,119,370,284,0,0.5,0.233549834429352,0.005793039041846293,0.7664501655706479,31.0,1,1,1
3980,423,0,73,284,370,0,0.5,0.22983446373514077,0.052344452330571535,0.7701655362648592,21.0,0,1,0
3981,423,2,295,92,284,0,0.5,0.46422104305183515,0.14389158422020912,0.5357789569481648,22.0,0,1,0
3982,423,13,313,459,284,0,0.6709686084572374,0.4654606139289091,0.23569946261269784,0.8764766029855657,119.0,0,0,0
3983,423,13,155,459,284,0,0.5,0.13426421478280076,0.030916808518936776,0.8657357852171992,60.0,1,1,1
3984,423,13,341,459,284,0,0.6810618028977794,0.5168869168003661,0.2975965395135958,0.8452366889951927,130.0,0,0,0
3985,423,16,301,85,294,0,0.5,0.44841369366696143,0.1466431965351647,0.5515863063330386,23.0,0,1,0
3986,423,1,188,92,223,0,0.5,0.18345529970733315,0.06970899542903758,0.8165447002926669,22.0,1,1,1
3987,423,1,132,284,312,0,0.5,0.26740836526246076,0.14224338829767846,0.7325916347375392,17.0,0,1,0
3988,423,15,124,92,328,0,0.5,0.2552930671454936,0.06328622550669796,0.7447069328545064,19.0,1,1,1
3989,423,3,275,92,36,1,0.898928149576815,0.9450402531223513,0.8949587092410116,0.8528160460312787,103.0,0,0,0
3990,423,14,69,92,85,0,0.5,0.36172374050252104,0.03218047288484823,0.6382762594974789,11.0,1,1,1
3991,423,7,286,109,328,0,0.5,0.6584523941451647,0.17811355343789742,0.34154760585483535,7.0,0,1,0
3992,423,12,89,92,85,0,0.5,0.18137329127755256,0.09818898599725702,0.8186267087224475,21.0,0,1,0
3993,423,19,334,36,284,0,0.6261802534537548,0.536506392708221,0.23379600295645514,0.7158541141992887,22.0,0,0,0
3994,423,10,39,85,87,1,0.5,0.6374859191794976,0.46010452816967307,0.3625140808205024,3.0,0,1,0
3995,266,0,329,445,344,0,0.5,0.35715392344059044,0.06903502004563904,0.6428460765594095,32.0,1,1,1
3996,266,0,330,445,344,0,0.5,0.29637095481256215,0.16100910050435058,0.7036290451874379,33.0,0,1,0
3997,266,16,194,141,491,0,0.5,0.6982013492031681,0.2479410568197651,0.3017986507968319,6.0,0,1,0
3998,266,1,237,11,68,0,0.6560719259093437,0.7323629557342256,0.4880632088774641,0.5797808960844617,23.0,0,0,0
3999,266,13,106,63,11,0,0.5,0.45547085700757256,0.13006595749227984,0.5445291429924275,7.0,0,1,1
4000,266,12,196,246,14,0,0.5772036382145931,0.5127950345370816,0.23308889439919347,0.6416122418921046,21.0,0,0,0
4001,266,18,309,441,14,0,0.5,1.0,0.04947009763477821,0.0,1.0,1,1,1
4002,266,5,296,52,83,0,0.5,1.0,0.20499788146852302,0.0,1.0,1,1,1
4003,86,1,191,138,217,0,0.5706713012647548,0.4629419080692484,0.26976005628499494,0.6784006944602613,18.0,0,0,0
4004,86,14,14,481,171,0,0.5,1.0,0.13774814446148953,0.0,1.0,1,1,1
4005,86,0,237,100,70,0,0.6908211668188387,0.5019867775596314,0.3141518809378781,0.8796555560780458,109.0,0,0,0
4006,86,0,120,100,7,0,0.6346583184197032,0.5776009723463856,0.3089953992998054,0.6917156644930209,20.0,0,0,0
4007,86,2,245,100,186,1,0.9111022327355609,0.9593091825041743,0.9060856046360476,0.8628952829669474,125.0,0,0,0
4008,86,13,243,217,90,0,0.5,0.6553053555498591,0.2540615844815838,0.34469464445014086,17.0,0,1,0
4009,86,15,72,478,12,0,0.5,0.31598284130346993,0.17206933437725921,0.68401715869653,5.0,1,1,1
4010,86,18,188,301,11,0,0.5,0.9277339898496033,0.03748754264379353,0.07226601015039669,4.0,1,1,1
4011,65,15,334,154,18,0,0.8896523430339973,0.9031799355450727,0.8229996121727826,0.8761247505229219,133.0,0,0,0
4012,65,1,260,124,168,1,0.5,0.6600439093131496,0.03401518833063588,0.3399560906868504,3.0,1,1,1
4013,65,14,250,39,54,0,0.7273704884774453,0.779588600655267,0.5468838565610412,0.6751523762996237,25.0,0,0,0
4014,65,0,286,39,348,0,0.6344431059876208,0.43203227986205306,0.189478889444404,0.8368539321131885,40.0,0,0,0
4015,65,0,79,348,39,0,0.6200444371141343,0.5601190260853983,0.2392769934286505,0.6799698481428702,10.0,0,0,0
4016,65,0,126,68,101,0,0.679786584678029,0.5735696137358349,0.3396192119129027,0.7860035556202231,17.0,0,0,0
4017,65,13,149,90,120,0,0.5,0.3511836103431558,0.10306909287361962,0.6488163896568442,16.0,0,1,0
4018,65,7,30,78,155,0,0.5,1.0,0.16278105282383828,0.0,2.0,1,1,1
4019,65,12,344,18,469,0,0.5743485385739143,0.34706058120889866,0.20060337454719818,0.80163649593893,17.0,0,0,0
4020,65,6,168,223,206,0,0.5,1.0,0.31561494558072567,0.0,1.0,1,1,1
4021,70,1,278,154,8,0,0.5661760565987224,0.2771761935939003,0.1167334116524056,0.8551759196035446,78.0,0,0,0
4022,70,1,63,269,161,0,0.7331081684135481,0.7236349903311955,0.5362527379975175,0.7425813464959008,20.0,0,0,0
4023,70,0,205,161,449,0,0.5,0.21636880505492687,0.01976733021995528,0.7836311949450732,47.0,1,1,1
4024,70,0,231,454,86,0,0.6256618030974794,0.5151419643345478,0.18444266440620652,0.736181641860411,25.0,0,0,0
4025,70,0,334,86,454,0,0.5,0.14762648322226352,0.03857889653662545,0.8523735167777364,88.0,0,1,0
4026,70,13,236,268,363,0,0.5,0.2609789133525241,0.1337945990463737,0.7390210866474759,27.0,0,1,0
4027,70,18,176,154,109,0,0.6877618912203108,0.6048964899774529,0.421467445402622,0.7706272924631687,25.0,0,0,0
4028,70,15,189,178,451,0,0.5,1.0,0.11017375824770909,0.0,2.0,1,1,1
4029,70,19,342,244,249,0,0.5,1.0,0.19093906428964944,0.0,4.0,0,1,1
4030,70,16,207,142,184,0,0.5,1.0,0.029697572565480057,0.0,2.0,1,1,1
4031,70,7,222,57,106,0,0.5,0.7646475795285101,0.22905426942315923,0.23535242047148985,3.0,1,1,1
4032,406,0,120,401,317,0,0.5885829267735212,0.384746508102307,0.12518288737350547,0.7924193454447355,21.0,0,0,0
4033,406,1,343,57,112,0,0.5,0.2318771443978794,0.06906889561917434,0.7681228556021206,49.0,0,1,0
4034,406,16,345,57,61,0,0.6014089192687707,0.529049958653127,0.34511946521374964,0.6737678798844144,20.0,0,0,0
4035,406,14,77,475,448,0,0.5,0.5484899803789168,0.01096909186224658,0.45151001962108317,3.0,1,1,1
4036,406,4,353,61,453,0,0.5,0.49215853099563894,0.27767630955527334,0.5078414690043611,3.0,1,1,1
4037,162,16,49,247,378,0,0.5,0.5271672335980323,0.05027990281672188,0.4728327664019677,4.0,1,1,1
4038,162,16,62,467,219,0,0.5,0.5024902794263703,0.10405165522869092,0.49750972057362974,5.0,1,1,1
4039,162,0,10,149,230,1,0.5,1.0,0.06920392276150836,0.0,2.0,1,1,1
4040,162,17,350,292,79,0,0.5,0.43206858209530363,0.024875350687795117,0.5679314179046964,8.0,1,1,1
4041,162,17,358,292,79,0,0.5,0.43206858209530363,0.024875350687794527,0.5679314179046964,8.0,1,1,1
4042,162,14,213,204,268,0,0.6952759275952922,0.688168242706153,0.4674311650653748,0.7023836124844314,9.0,0,0,0
4043,162,18,124,242,249,0,0.5,0.5099008082260187,0.0752091496081405,0.4900991917739813,2.0,1,1,1
4044,162,1,165,2,79,0,0.5,0.26557296548681736,0.14488407900541408,0.7344270345131827,9.0,0,1,1
4045,162,15,122,79,104,0,0.5,0.38555763513896696,0.0011952353641429057,0.6144423648610331,5.0,1,1,1
4046,42,0,190,343,167,1,0.5,0.1823735700673044,0.03993303259713972,0.8176264299326956,46.0,0,1,0
4047,42,0,241,343,422,0,0.5731758559313147,0.34338444826044295,0.14694534303633616,0.8029672636021864,58.0,0,0,0
4048,42,0,50,269,24,0,0.5,0.2875455818154968,0.11563675332762413,0.7124544181845032,24.0,0,1,0
4049,42,12,5,3,268,0,0.5,1.0,0.502585794461622,0.0,3.0,0,1,0
4050,42,16,9,269,3,1,0.5,1.0,0.009901778952998064,0.0,1.0,1,1,1
4051,42,15,49,39,268,0,0.5,1.0,0.059342807989727485,0.0,2.0,1,1,1
4052,42,14,263,269,222,0,0.7165162050638154,0.6030488164316068,0.4060914671496676,0.829983593696024,96.0,0,0,0
4053,42,1,259,312,422,0,0.5,0.3453587228857072,0.0955526714732352,0.6546412771142929,10.0,0,1,1
4054,42,13,34,3,476,0,0.5,1.0,0.01999761003978423,0.0,2.0,1,1,1
4055,42,3,102,212,309,1,0.5,1.0,0.07638354512767453,0.0,2.0,1,1,1
4056,320,15,129,454,95,0,0.6140133449329661,0.50604885048228,0.19813508462117752,0.7219778393836523,7.0,0,0,0
4057,320,4,278,68,230,0,0.5,0.6600439093131496,0.4086832005360523,0.3399560906868504,3.0,0,1,0
4058,320,1,198,454,223,0,0.6655069845341617,0.5278190960081578,0.3107178347376621,0.8031948730601657,17.0,0,0,0
4059,320,0,93,104,230,0,0.6714739677495818,0.6982473488367824,0.4780429777908555,0.6447005866623812,20.0,0,0,0
4060,320,2,265,163,230,0,0.5,0.9636384959945411,0.15969503535096477,0.0363615040054589,4.0,1,1,1
4061,320,18,347,46,481,0,0.5,0.5977464612973162,0.29298572913341736,0.40225353870268377,2.0,1,1,1
4062,47,0,349,357,372,0,0.5598037335202966,0.3465873319158054,0.17348668332517808,0.7730201351247876,138.0,0,0,0
4063,47,0,259,372,357,0,0.5,0.18598370022819674,0.0433848090116492,0.8140162997718032,96.0,0,1,0
4064,47,0,28,357,91,0,0.5,0.3415307555277096,0.030738430390869608,0.6584692444722904,14.0,1,1,1
4065,47,14,341,455,357,0,0.5,0.17784339258032492,0.04995164622963615,0.8221566074196751,38.0,1,1,1
4066,47,14,261,357,372,0,0.6427736842006125,0.40806502984603804,0.24542483305627308,0.8774823385551871,60.0,0,0,0
4067,47,12,31,357,91,0,0.5,0.35385714249429856,0.004001311248350649,0.6461428575057014,12.0,1,1,1
4068,47,12,329,372,455,0,0.6369450301384411,0.4819462299224387,0.3167908125570112,0.7919438303544435,51.0,0,0,0
4069,47,16,159,372,451,0,0.8622944225874878,0.9579173771716641,0.8633279026311501,0.7666714680033115,29.0,0,0,0
4070,47,13,148,143,64,0,0.8044962954268233,0.8598575085991617,0.6006739883284943,0.7491350822544849,24.0,0,0,0
4071,47,2,125,201,372,0,0.5,0.4595259375660374,0.06752294282498117,0.5404740624339626,8.0,1,1,1
4072,47,1,145,168,372,0,0.7323871780200718,0.6559009690945281,0.4250703016720783,0.8088733869456155,35.0,0,0,0
4073,47,1,268,168,372,0,0.5821578826347567,0.34176992032295,0.1960974105239105,0.8225458449465634,73.0,0,0,0
4074,47,15,183,468,357,0,0.5,0.8084592928260388,0.0009769569424744474,0.1915407071739612,7.0,1,1,1
4075,47,6,215,372,305,0,0.5,0.5470125707411478,0.25154151635448857,0.45298742925885216,3.0,1,1,1
4076,488,0,205,460,235,0,0.5951985651816758,0.41438665847462025,0.21600465580796738,0.7760104718887313,72.0,0,0,0
4077,488,0,14,440,107,0,0.5,1.0,0.07141137997228592,0.0,4.0,1,1,1
4078,488,0,75,460,357,0,0.5980196645479086,0.4080502816777608,0.2285479480697468,0.7879890474180564,25.0,0,0,0
4079,488,0,146,460,492,0,0.5765499152815277,0.3318234230889699,0.11022441300310622,0.8212764074740854,50.0,0,0,0
4080,488,18,67,246,496,0,0.7143011851093475,0.8305091090988702,0.6097186525285889,0.5980932611198246,10.0,0,0,0
4081,488,14,43,357,107,0,0.5,0.643262622236145,0.06710236505495504,0.35673737776385495,6.0,1,1,1
4082,488,12,57,246,431,1,0.5,0.519795710904037,0.12353164458586878,0.480204289095963,8.0,0,1,0
4083,488,12,9,433,107,0,0.5,0.5346019613807635,0.015659941483430362,0.46539803861923645,2.0,1,1,1
4084,488,1,169,246,335,0,0.5,0.31741508353282527,0.15239174512312204,0.6825849164671747,20.0,0,1,0
4085,488,1,102,335,246,0,0.5,0.3932342029254576,0.21582165055686942,0.6067657970745424,13.0,0,1,0
4086,488,15,39,176,446,0,0.5,1.0,0.1087300786426517,0.0,3.0,1,1,1
4087,488,13,364,199,246,0,0.7780944626817903,0.6976652525351882,0.49355811543333283,0.8585236728283923,165.0,0,0,0
4088,488,13,65,446,246,0,0.5,0.3584193670137716,0.17340725387788883,0.6415806329862284,14.0,0,1,0
4089,488,19,289,246,423,0,0.658351622778155,0.7687224964999462,0.40989654654098356,0.5479807490563637,25.0,0,0,0
4090,488,5,19,157,446,1,0.5,0.7029806230824565,0.16953551219285667,0.29701937691754354,3.0,1,1,1
4091,173,0,139,2,213,0,0.5,0.2500985866592865,0.09227823433821639,0.7499014133407135,33.0,0,1,0
4092,173,0,356,213,2,1,0.5,0.3476474743011774,0.1617329111482183,0.6523525256988226,69.0,0,1,0
4093,173,19,356,213,298,0,0.5,0.5274439011411888,0.3447425232307522,0.4725560988588112,7.0,0,1,0
4094,173,1,1,123,266,0,0.5,1.0,0.009901778952998064,0.0,1.0,1,1,1
4095,173,12,176,2,428,0,0.5984870921765357,0.5537825443883879,0.23551555759915396,0.6431916399646835,7.0,0,0,0
4096,173,17,280,2,30,0,0.5891800286192771,0.4567460323237787,0.1669059570923116,0.7216140249147756,21.0,0,0,0
4097,173,13,46,2,368,0,0.5,0.5388721877743669,0.016621954798098505,0.46112781222563315,8.0,1,1,1
4098,173,7,289,279,212,1,0.5,1.0,0.3680641053329942,0.0,1.0,1,1,1
4099,153,0,35,368,26,0,0.5,0.6065905818286726,0.042244314826910004,0.39340941817132735,5.0,1,1,1
4100,153,0,336,452,124,0,0.6648050556019487,0.5123473321487836,0.3292654332794265,0.8172627790551139,56.0,0,0,0
4101,153,1,196,452,138,0,0.5722717997794604,0.47993859676051925,0.2201391464717617,0.6646050027984016,19.0,0,0,0
4102,153,12,327,452,247,0,0.6431754515020359,0.4591906459149872,0.25395085747898866,0.8271602570890846,43.0,0,0,0
4103,153,13,167,138,309,0,0.5,0.5049508894765016,0.16223911630140123,0.4950491105234984,2.0,1,1,1
4104,153,14,311,452,447,0,0.6850909431079699,0.6126579057751297,0.3690744854757384,0.7575239804408102,27.0,0,0,0
4105,200,12,299,423,343,0,0.5,0.7425251333414848,0.22795009162608898,0.25747486665851516,4.0,0,1,0
4106,200,0,58,448,334,0,0.5,0.4448256116570929,0.1760389411254738,0.5551743883429071,10.0,0,1,0
4107,200,0,301,304,491,0,0.5,0.2860024634227273,0.014402921261316969,0.7139975365772727,20.0,1,1,1
4108,200,16,362,37,495,0,0.5,0.5197938552019578,0.08540980511730432,0.48020614479804224,4.0,1,1,1
4109,200,18,266,169,195,0,0.5,0.671052979877834,0.10777727809649229,0.32894702012216603,2.0,1,1,1
4110,200,17,211,222,357,1,0.8670540119814629,0.8903542857410702,0.791646604849573,0.8437537382218557,50.0,0,0,0
4111,200,7,315,357,1,1,0.5,1.0,0.40510512419857125,0.0,5.0,0,1,0
4112,200,2,230,359,357,0,0.5,0.8841923046425604,0.36132378909984386,0.11580769535743962,6.0,0,1,0
4113,200,1,217,82,457,0,0.5,0.4642332395673081,0.1311796818144571,0.5357667604326919,8.0,1,1,1
4114,231,0,197,24,48,0,0.6472149705453139,0.5208188723521215,0.3124712378014168,0.773611068738506,31.0,0,0,0
4115,231,0,172,24,128,0,0.6020126267792236,0.5133333356633466,0.27481851364303167,0.6906919178951005,26.0,0,0,0
4116,231,1,30,312,16,0,0.5,0.440865438440799,0.029788184429115804,0.5591345615592009,4.0,1,1,1
4117,231,19,338,29,217,0,0.5,0.959500852069857,0.4105361889099313,0.040499147930142976,9.0,0,1,0
4118,231,4,362,217,476,1,0.8422624694717,0.8981356014601615,0.7720336127708365,0.7863893374832386,62.0,0,0,0
4119,231,15,361,217,78,0,0.6027530151439602,0.7740857354682358,0.47233223978555794,0.43142029481968447,25.0,0,0,0
4120,231,12,159,128,101,0,0.5,0.37147355429441664,0.07762581118891235,0.6285264457055834,5.0,1,1,1
4121,296,0,336,0,111,0,0.794973531038554,0.754361114200013,0.5429138587955163,0.8355859478770951,135.0,0,0,0
4122,296,0,287,0,111,1,0.7391985493207256,0.6510951361773519,0.43574397980966983,0.8273019624640993,101.0,0,0,0
4123,296,17,141,0,111,0,0.7127909643859509,0.8220489584272289,0.6738606203100954,0.6035329703446728,25.0,0,0,0
4124,296,12,76,0,111,0,0.5,0.8573085851605295,0.24920890034467955,0.14269141483947045,6.0,0,1,0
4125,296,14,22,197,21,0,0.5,1.0,0.0038159595976032593,0.0,3.0,1,1,1
4126,296,1,230,0,111,1,0.7777551806553464,0.7579183458489632,0.5773676423143382,0.7975920154617298,68.0,0,0,0
4127,296,3,6,13,6,1,0.5,1.0,0.3377486972983249,0.0,2.0,1,1,1
4128,296,5,305,0,184,1,0.5,0.3782588663400049,0.008733562320881232,0.6217411336599952,15.0,1,1,1
4129,433,0,48,201,365,0,0.5,0.23124075102488448,0.0620701482096362,0.7687592489751155,12.0,1,1,1
4130,433,18,97,492,481,0,0.5,0.7091355273548482,0.06775375669724529,0.2908644726451518,2.0,1,1,1
4131,433,12,6,440,472,0,0.5,1.0,0.28410009503936356,0.0,2.0,1,1,1
4132,433,13,344,155,492,0,0.5,1.0,0.490480357087271,0.0,1.0,1,1,1
4133,433,16,301,440,365,0,0.5,0.5145712863820455,0.0729158328868342,0.4854287136179545,11.0,1,1,1
4134,248,1,20,192,83,1,0.5,1.0,0.06920392276148929,0.0,1.0,1,1,1
4135,248,0,158,192,257,0,0.6013134706594604,0.5097519530973393,0.18723077754423795,0.6928749882215814,52.0,0,0,0
4136,248,0,225,192,98,0,0.7221253076299974,0.6148182872028983,0.37995844278738694,0.8294323280570965,80.0,0,0,0
4137,248,16,72,466,98,1,0.5,0.5467184894105724,0.0856655476805345,0.45328151058942756,7.0,1,1,1
4138,248,14,309,427,192,0,0.5,0.26400154408529153,0.10825682308507102,0.7359984559147085,20.0,0,1,0
4139,248,14,249,192,427,0,0.6973899976612463,0.7539978755539223,0.5304916231057981,0.6407821197685704,39.0,0,0,0
4140,248,19,132,473,158,0,0.5,1.0,0.46748474460203354,0.0,3.0,0,1,0
4141,396,0,158,34,479,1,0.5,0.25651392449577526,0.09843927672775375,0.7434860755042247,20.0,0,1,0
4142,396,15,194,78,137,0,0.5,1.0,0.024823688367086826,0.0,2.0,1,1,1
4143,396,8,191,33,32,0,0.5,1.0,0.03618036182073904,0.0,2.0,1,1,1
4144,396,16,278,34,294,0,0.5,0.4051170694008261,0.0921339699995737,0.5948829305991739,17.0,0,1,1
4145,171,0,207,375,76,0,0.5,0.2657004824878011,0.05666347268033283,0.7342995175121989,19.0,1,1,1
4146,171,0,360,334,9,0,0.5,0.4073150980904053,0.048857385951214395,0.5926849019095948,19.0,1,1,1
4147,171,19,182,474,470,0,0.5,0.7050338115560839,0.1825862785394548,0.2949661884439161,2.0,1,1,1
4148,171,14,171,334,154,0,0.6634180708568864,0.7097816070556453,0.2831512708597874,0.6170545346581275,3.0,0,0,0
4149,171,1,89,375,8,0,0.5,0.6288560817776113,0.02109535004186964,0.3711439182223887,6.0,1,1,1
4150,171,12,92,145,441,0,0.6114464284231129,0.44801482162515815,0.1691004603973436,0.7748780352210676,7.0,0,0,0
4152,322,14,50,283,148,0,0.5,0.4075400041612858,0.14575515529078498,0.5924599958387142,8.0,0,1,0
4153,322,0,215,148,283,1,0.5,0.2571797534282341,0.027130540710715034,0.7428202465717659,78.0,0,1,0
4154,322,0,208,148,283,0,0.5,0.187739564350433,0.009231360908540027,0.812260435649567,71.0,1,1,1
4155,322,1,138,82,381,0,0.5,0.4409869841098611,0.06332018161643904,0.559013015890139,11.0,1,1,1
4156,322,7,24,115,386,0,0.5,1.0,0.04947009763477313,0.0,1.0,1,1,1
4157,322,12,344,283,148,0,0.5991872521339998,0.3235806394839374,0.14472135888575302,0.8747938647840622,84.0,0,0,0
4158,115,0,239,395,490,0,0.5,0.21865530995963697,0.08968730623065937,0.781344690040363,55.0,0,1,0
4159,115,0,175,490,395,1,0.5,0.24907171184413676,0.04099377191579584,0.7509282881558632,42.0,0,1,0
4160,115,0,337,395,365,0,0.5,0.25631032464700626,0.08446061572955006,0.7436896753529938,73.0,0,1,0
4161,115,12,191,148,490,0,0.5,0.20125650507613135,0.044734162315922726,0.7987434949238686,43.0,1,1,1
4162,115,14,233,148,365,0,0.5,0.13841479961562017,0.057460319186364156,0.8615852003843798,36.0,1,1,1
4163,115,1,40,490,148,0,0.5,0.6260490435039057,0.0298582784892629,0.37395095649609433,5.0,1,1,1
4164,115,16,187,15,157,0,0.5,1.0,0.19530433748579307,0.0,2.0,1,1,1
4165,115,7,81,37,35,0,0.5,1.0,0.07905153228866994,0.0,1.0,1,1,1
4167,444,0,134,61,495,0,0.6700842232356728,0.6157815020302935,0.35914469525882103,0.7243869444410522,16.0,0,0,0
4168,444,1,361,33,34,0,0.6914275182319797,0.6043859836835497,0.40365764244538205,0.7784690527804097,53.0,0,0,0
4169,444,8,224,445,484,0,0.5,1.0,0.2886226322980368,0.0,2.0,1,1,1
4170,444,17,301,33,445,0,0.5,0.3391670418496933,0.07806623806034539,0.6608329581503067,20.0,1,1,1
4172,43,12,54,116,351,0,0.5847010067841654,0.4951765647463007,0.3081819144449816,0.6742254488220301,9.0,0,0,0
4173,43,0,59,133,144,1,0.5,0.6231259895565592,0.0012924986894705364,0.3768740104434408,8.0,1,1,1
4174,43,0,296,172,351,0,0.7765489788266817,0.7410172164542266,0.5418542949775282,0.8120807411991369,71.0,0,0,0
4175,43,0,214,172,257,0,0.691978155271342,0.6196689800945673,0.4229325790283784,0.7642873304481167,41.0,0,0,0
4176,43,16,236,487,112,0,0.5,0.5531500200276022,0.07516911342220545,0.44684997997239784,6.0,1,1,1
4177,43,1,177,112,458,0,0.7157425358798108,0.6786360556442569,0.4487461606265326,0.7528490161153647,31.0,0,0,0
4178,43,1,270,112,94,0,0.7161872664861852,0.6309649067992804,0.4298877404160795,0.8014096261730902,48.0,0,0,0
4179,43,14,49,379,94,0,0.5,0.5962726926230503,0.13088870993136278,0.40372730737694973,5.0,0,1,0
4180,43,18,27,112,102,0,0.5,0.5499083493526327,0.11183475860212407,0.45009165064736734,4.0,1,1,1
4181,43,15,296,124,94,0,0.5,0.7132435152382215,0.05167219486011085,0.2867564847617785,3.0,1,1,1
4182,43,15,190,164,351,0,0.5,0.5007883176916156,0.1623895279998878,0.4992116823083844,11.0,0,1,0
4183,343,0,95,44,167,1,0.5,0.30658315400320896,0.17899848379004557,0.6934168459967911,20.0,0,1,0
4184,343,0,178,42,4,0,0.5700363145586429,0.4191622729072688,0.24126798873588842,0.720910356210017,39.0,0,0,0
4185,343,15,36,42,51,0,0.5,1.0,0.5522218180028873,0.0,4.0,0,1,0
4186,343,12,183,200,44,0,0.5,0.31209067680826114,0.1495994319875003,0.6879093231917388,20.0,0,1,0
4187,343,3,133,4,346,0,0.5,1.0,0.13774814446150668,0.0,2.0,1,1,1
4188,244,16,243,157,434,0,0.5,0.9195617528481427,0.15632242387751713,0.08043824715185732,5.0,0,1,1
4189,244,0,155,179,188,0,0.5,0.6842015208182936,0.08343848951637285,0.31579847918170645,3.0,1,1,1
4190,244,8,277,200,112,1,0.5,0.31333884260469563,0.06577704062427217,0.6866611573953043,13.0,1,1,1
4191,244,8,45,90,49,0,0.660054747476658,0.699923214183597,0.2853343685782245,0.6201862807697189,9.0,0,0,0
4192,244,13,213,246,90,0,0.8354109351634136,0.8365201217034308,0.6706914910212938,0.8343017486233965,60.0,0,0,0
4193,244,13,316,246,90,0,0.8391903872835178,0.8215958085395062,0.6634844930362636,0.8567849660275293,127.0,0,0,0
4194,244,12,82,80,99,0,0.5,1.0,0.2472936649022814,0.0,2.0,1,1,1
4195,198,1,192,139,495,0,0.5771788018653343,0.3462852136753697,0.15274406870519605,0.8080723900552989,24.0,0,0,0
4196,198,0,189,139,40,0,0.5962044652218241,0.47821540342966146,0.23555466539378989,0.7141935270139868,18.0,0,0,0
4197,198,0,230,79,295,0,0.5,0.32530491597040834,0.1831685958714481,0.6746950840295917,35.0,0,1,0
4198,198,12,247,295,232,0,0.5,0.43370119262151435,0.019939279833210467,0.5662988073784856,6.0,1,1,1
4199,198,15,50,279,240,0,0.5,0.46332873887036563,0.17629964385547892,0.5366712611296344,5.0,0,1,1
4200,198,16,205,139,43,0,0.5,0.6667608978387288,0.29321132867289723,0.3332391021612712,10.0,0,1,0
4201,198,13,141,60,139,0,0.6165479157215289,0.5062617564531808,0.18280369598660665,0.726834074989877,9.0,0,0,0
4202,405,0,14,94,13,0,0.5,0.6600439093131496,0.019413542698407366,0.3399560906868504,3.0,1,1,1
4203,405,1,107,54,81,0,0.5,0.3675691320331069,0.030258003221561018,0.6324308679668931,6.0,1,1,1
4204,405,18,125,66,488,0,0.5,1.0,0.05266669462795826,0.0,2.0,1,1,1
4205,405,15,99,134,492,0,0.5,0.5099008082260186,0.12302734243365764,0.4900991917739814,2.0,1,1,1
4206,461,15,238,449,172,0,0.5,0.619633066976533,0.0331219299680868,0.380366933023467,5.0,1,1,1
4207,461,1,195,478,168,0,0.5,0.3616985234545028,0.005037058886150802,0.6383014765454972,18.0,1,1,1
4208,461,1,168,168,3,0,0.5,0.32737103850228766,0.16967511407379068,0.6726289614977123,21.0,0,1,0
4209,461,1,6,423,2,0,0.5,1.0,0.4774415730123247,0.0,3.0,0,1,0
4210,461,16,122,146,390,0,0.5,0.2698569877379556,0.016220016136377524,0.7301430122620445,9.0,1,1,1
4211,461,16,331,390,387,0,0.5,0.393109654770946,0.11359037743785189,0.6068903452290539,11.0,1,1,1
4212,461,0,101,334,454,0,0.5,0.4200015028020575,0.12181167270323995,0.5799984971979425,9.0,0,1,0
4213,461,0,67,446,108,0,0.5,0.39644530078634754,0.002046818326574084,0.6035546992136525,6.0,1,1,1
4214,461,0,175,260,66,0,0.5,0.24905336733691444,0.047657091982894306,0.7509466326630856,8.0,1,1,1
4215,461,17,189,246,138,0,0.5960623627364093,0.5266333014397699,0.25726716547184425,0.6654914240330487,12.0,0,0,0
4216,461,13,243,57,434,0,0.5,0.3048618596151633,0.0523451966272024,0.6951381403848367,11.0,1,1,1
4217,461,4,205,454,64,0,0.5,0.24375447635102696,0.11948798296456242,0.756245523648973,13.0,1,1,1
4218,461,19,176,57,190,0,0.5,0.929857195848682,0.05610734648916534,0.07014280415131802,3.0,1,1,1
4219,461,3,49,116,335,0,0.5,1.0,0.3942293141409153,0.0,3.0,0,1,0
4220,461,5,363,235,61,0,0.5,0.5247350488174024,0.2622532966338854,0.4752649511825976,2.0,1,1,1
4221,256,1,328,134,446,0,0.5,0.3117394014729137,0.1394478627147417,0.6882605985270863,21.0,0,1,0
4222,256,12,115,446,46,0,0.5,0.23263934568046005,0.013614606707257868,0.7673606543195399,11.0,1,1,1
4223,256,0,48,446,210,0,0.5,0.24158496579032576,0.04672153863717698,0.7584150342096743,13.0,1,1,1
4224,256,0,153,446,134,0,0.5,0.19477917672342607,0.06631034527961499,0.805220823276574,33.0,1,1,1
4225,256,14,68,446,321,0,0.6016529673122162,0.6162711131034602,0.338390632889397,0.5870348215209722,11.0,0,0,0
4226,256,2,231,81,194,0,0.5,0.4894972782237174,0.32072716889886005,0.5105027217762825,6.0,0,1,1
4227,256,9,350,446,262,0,0.7149092555980378,1.0,0.7703946220035104,0.4298185111960755,6.0,0,0,0
4228,384,1,187,80,82,0,0.8110589935182482,0.7750406736823391,0.6029890230902673,0.8470773133541573,81.0,0,0,0
4229,384,14,343,80,346,0,0.6925377949609666,0.625297569129858,0.3918473196722383,0.7597780207920751,93.0,0,0,0
4230,384,0,180,80,82,1,0.8267953979007533,0.8009158378904223,0.6564405951064415,0.8526749579110843,85.0,0,0,0
4231,384,0,325,80,35,0,0.8330174618904473,0.8128352352129132,0.6488698674552045,0.8531996885679813,171.0,0,0,0
4232,384,15,81,80,476,1,0.783387525766025,0.8740437745449045,0.7715770224521632,0.6927312769871454,26.0,0,0,0
4233,384,12,57,80,170,1,0.7509055203093982,0.7753496521633462,0.5463458459065257,0.72646138845545,16.0,0,0,0
4234,384,5,265,468,80,1,0.5,1.0,0.5480181771615544,0.0,1.0,1,1,1
4235,437,3,96,29,478,1,0.5,0.8087082044180222,0.022617777247804803,0.19129179558197784,9.0,1,1,1
4236,437,12,62,29,190,0,0.5,0.7693771859371835,0.12949143969499827,0.23062281406281648,4.0,1,1,1
4237,437,0,262,190,21,1,0.5,0.27728664987602947,0.010102196080677445,0.7227133501239705,10.0,1,1,1
4238,267,0,135,46,379,0,0.7656643474997893,0.6644308817463189,0.4168623398626551,0.8668978132532595,57.0,0,0,0
4239,267,0,158,46,379,0,0.6990170160783787,0.5864446618316055,0.40002262352606704,0.811589370325152,67.0,0,0,0
4240,267,0,145,46,379,0,0.6768354325320659,0.5250186257283179,0.34406579831370204,0.8286522393358139,58.0,0,0,0
4241,267,12,217,133,46,0,0.5,0.30037076203616875,0.1274378507045987,0.6996292379638313,34.0,0,1,0
4242,267,1,190,46,69,0,0.5,0.2660705161923373,0.04560249514119626,0.7339294838076627,12.0,1,1,1
4243,267,14,139,46,290,0,0.7161604338056553,0.6966877771712752,0.46950986468325473,0.7356330904400354,17.0,0,0,0
4244,267,2,108,25,290,0,0.5,1.0,0.19549292259456488,0.0,2.0,1,1,1
4245,295,1,286,279,112,0,0.5,0.3042949256035584,0.019688106574180367,0.6957050743964416,14.0,1,1,1
4246,295,13,184,279,112,0,0.5,0.41353462048061385,0.031992925800309824,0.5864653795193862,10.0,1,1,1
4247,295,0,349,112,279,1,0.5,0.24212453896384467,0.03375051497822237,0.7578754610361553,48.0,1,1,1
4248,295,0,360,112,279,0,0.5,0.21045179363156452,0.10348928822593888,0.7895482063684355,49.0,0,1,0
4249,295,15,238,297,419,0,0.5,1.0,0.08540521324270277,0.0,3.0,1,1,1
4250,295,14,131,279,102,1,0.6212689868834271,0.7130699790725433,0.4040921207962263,0.5294679946943108,10.0,0,0,0
4251,497,15,280,412,464,0,0.612193453510185,0.5909523006265485,0.24499580357437056,0.6334346063938215,22.0,0,0,0
4252,497,12,183,464,35,0,0.5,0.3931220994649338,0.03315369616724956,0.6068779005350662,17.0,1,1,1
4253,497,0,339,464,257,0,0.5,0.1364122989917998,0.043804237334885095,0.8635877010082003,105.0,0,1,0
4254,497,0,334,464,257,0,0.5,0.13641229899179982,0.04380423733488516,0.8635877010082001,105.0,0,1,0
4255,497,0,230,464,257,0,0.5,0.26693961491826335,0.008966460078309755,0.7330603850817367,75.0,1,1,1
4256,497,19,145,412,224,0,0.6047201897077776,0.6160806796913096,0.36181498762146297,0.5933596997242456,8.0,0,0,0
4257,497,18,112,301,448,0,0.6706597597140871,0.7657148067871727,0.2981806651183911,0.5756047126410014,3.0,0,0,1
4258,497,1,64,301,98,0,0.5,0.4065618719293846,0.0602503660179724,0.5934381280706154,8.0,1,1,1
4259,497,4,163,18,464,0,0.5,0.5905952909478469,0.02501584600038039,0.4094047090521531,3.0,1,1,1
4260,497,14,275,257,98,0,0.5,0.32901101293683516,0.09006596266353172,0.6709889870631649,28.0,0,1,0
4261,497,16,344,98,412,1,0.660583137411491,0.523734715218099,0.31477681315296413,0.7974315596048829,47.0,0,0,0
4262,309,12,205,131,29,1,0.5846936016428572,0.3973654728174135,0.2414498407528505,0.7720217304683009,16.0,0,0,0
4263,309,0,104,131,20,0,0.7997244659325463,0.8010040193242558,0.6293753558726749,0.7984449125408368,20.0,0,0,0
4264,309,1,108,131,312,0,0.6386097236480179,0.6042762696259071,0.3307993942886295,0.6729431776701289,14.0,0,0,0
4265,309,16,329,131,24,0,0.7446836614013193,0.7897287610247604,0.5427123784759006,0.6996385617778782,20.0,0,0,0
4266,309,7,85,224,131,0,0.5,1.0,0.44247239666616783,0.0,1.0,1,1,1
4267,309,19,195,131,263,0,0.5,0.559193610678761,0.2365526432873661,0.44080638932123895,4.0,1,1,1
4268,340,0,112,450,140,0,0.5,0.5565463744046516,0.07844762376463686,0.4434536255953484,10.0,0,1,0
4269,340,1,319,140,203,1,0.7444247816840197,0.8666722931795007,0.7062002194294746,0.6221772701885386,25.0,0,0,0
4270,340,17,119,140,155,0,0.5,0.388015055908308,0.04822586257052496,0.611984944091692,7.0,1,1,1
4271,340,4,128,137,155,0,0.0,0.0,0.0,0.0,2.0,1,1,1
4272,340,13,350,140,90,0,0.5,0.2194704154200997,0.05867520739972034,0.7805295845799003,17.0,1,1,1
4273,209,0,49,311,68,0,0.5,0.18763099353806165,0.09910475972861343,0.8123690064619383,8.0,1,1,1
4274,209,0,265,311,113,1,0.7802852583015653,0.7823103273010759,0.6181116022139093,0.7782601893020547,93.0,0,0,0
4275,209,17,110,276,443,0,0.5,0.3293926141103005,0.09028594298808236,0.6706073858896995,12.0,1,1,1
4276,209,13,174,217,311,0,0.557205406446516,0.25382999110929155,0.14073322103074662,0.8605808217837404,31.0,0,0,0
4277,209,15,149,68,29,1,0.6119856754170564,0.4712557706534153,0.17773736254822173,0.7527155801806975,10.0,0,0,0
4278,209,1,302,24,311,1,0.7965935996095737,0.7599416410297182,0.5756378436354533,0.8332455581894291,113.0,0,0,0
4279,209,3,303,68,311,0,0.5,0.5336544148386815,0.3492092730535478,0.4663455851613185,17.0,0,1,0
4280,331,13,154,327,90,0,0.6227057752491606,0.5692340327758976,0.30387820840683333,0.6761775177224236,5.0,0,0,0
4281,331,0,138,327,416,0,0.5,0.21046991741605733,0.026158756937544412,0.7895300825839426,21.0,1,1,1
4282,331,0,36,457,367,0,0.5,0.31883097088379125,0.02580999496535217,0.6811690291162087,8.0,1,1,1
4283,331,1,354,447,124,0,0.5890460017862147,0.40200863358296635,0.22950367993109033,0.7760833699894629,36.0,0,0,0
4284,331,14,257,327,447,0,0.5,0.27954736262963437,0.012421856829542204,0.7204526373703657,12.0,1,1,1
4285,331,9,169,476,211,0,0.5,0.5099008082260187,0.3334204817974422,0.4900991917739813,2.0,1,1,1
4286,372,0,356,71,47,0,0.7302769200340301,0.6009749708082945,0.4033829871506057,0.8595788692597657,247.0,0,0,0
4287,372,0,82,71,47,0,0.6485116950604315,0.4573813033798462,0.21381783963633832,0.8396420867410168,50.0,0,0,0
4288,372,3,291,47,201,0,0.7321103876452066,0.7147863988964718,0.5152631682430092,0.7494343763939416,19.0,0,0,0
4289,372,12,57,47,357,0,0.6642901439783822,0.5654882252369285,0.3457114151806777,0.7630920627198359,10.0,0,0,0
4290,372,17,35,47,91,0,0.6822476725163069,0.9005044223351544,0.7468002326497535,0.46399092269745956,7.0,0,0,0
4291,372,1,218,47,357,0,0.8008896352915443,0.7961825069408937,0.6400084220386826,0.805596763642195,65.0,0,0,0
4292,372,8,290,47,83,0,0.5,0.8600759193422766,0.7383092290732882,0.13992408065772344,3.0,1,1,1
4293,106,13,335,136,75,0,0.5,0.733827577886778,0.14798351737038073,0.266172422113222,4.0,1,1,1
4294,106,1,287,168,88,0,0.5,0.39957019299354923,0.0109403556207909,0.6004298070064508,14.0,1,1,1
4295,106,15,302,399,44,0,0.5,0.507312353400428,0.0025446532971039756,0.492687646599572,5.0,1,1,1
4296,106,0,43,24,269,0,0.6964931856491932,0.6769865264751592,0.38796238150329804,0.7159998448232272,22.0,0,0,0
4297,106,0,101,24,456,0,0.6364308682161022,0.4340388486668602,0.2561541545923846,0.8388228877653441,28.0,0,0,0
4298,106,0,305,207,462,0,0.5,0.23440700584609012,0.13115177243448048,0.7655929941539099,25.0,1,1,1
4299,106,16,117,136,472,1,0.5,0.6259566299622092,0.02023849769132972,0.37404337003779076,2.0,1,1,1
4300,106,14,305,273,447,0,0.5,1.0,0.004138970257847207,0.0,2.0,1,1,1
4301,106,12,272,171,477,0,0.5,0.29603539322852634,0.017163205856009188,0.7039646067714737,6.0,1,1,1
4302,382,0,154,486,73,0,0.8094178242706811,0.7747488358080554,0.5823321243488282,0.8440868127333068,66.0,0,0,0
4303,382,17,127,486,485,0,0.6841969819443015,0.5453053732257395,0.34743002616068763,0.8230885906628633,31.0,0,0,0
4304,382,15,343,486,489,0,0.6699354859296313,0.5687621712567451,0.3080804929508549,0.7711088006025174,46.0,0,0,0
4305,382,14,352,486,302,0,0.5790986992839886,0.44195395884763555,0.23978789633312053,0.7162434397203417,38.0,0,0,0
4306,382,4,15,485,474,0,0.5,1.0,0.08888373742522171,0.0,1.0,1,1,1
4307,382,19,152,486,485,1,0.5,0.39828667882855273,0.0015567889125156754,0.6017133211714473,17.0,1,1,1
4308,261,1,118,124,223,0,0.5,0.5642033191278318,0.016655716690260444,0.43579668087216816,3.0,1,1,1
4309,261,0,170,453,113,0,0.5,0.35845981630131885,0.004567762861388636,0.6415401836986812,13.0,1,1,1
4310,261,0,315,113,334,0,0.5,0.46330701563383836,0.046447315321633306,0.5366929843661616,29.0,1,1,1
4311,261,14,335,450,478,0,0.5,0.7267540396730097,0.030818818534781193,0.27324596032699033,8.0,1,1,1
4312,261,12,156,63,495,0,0.5,0.6894852196944258,0.17108957014212645,0.3105147803055742,6.0,0,1,1
4313,261,16,112,68,110,0,0.5,1.0,0.033787059964965935,0.0,2.0,1,1,1
4314,261,9,330,468,42,0,0.5,1.0,0.19549292259447235,0.0,1.0,1,1,1
4315,354,0,324,482,122,0,0.8028863469597478,0.7237589306372161,0.5021586719862944,0.8820137632822794,85.0,0,0,0
4316,354,0,136,482,5,0,0.6771360317586237,0.5785753738903502,0.3774644682553939,0.7756966896268971,31.0,0,0,0
4317,354,1,265,482,499,1,0.8556846263668485,0.8757105719993834,0.7715570993471769,0.8356586807343136,101.0,0,0,0
4318,354,14,161,5,482,0,0.5,0.3380091999869085,0.02553919947524899,0.6619908000130915,9.0,1,1,1
4319,354,17,149,482,347,1,0.5,0.4282675614675993,0.08217082284571949,0.5717324385324007,5.0,1,1,1
4320,354,5,238,482,91,1,0.5,0.6811074767801063,0.11429003315616579,0.3188925232198937,3.0,1,1,1
4321,333,0,251,223,16,0,0.5,0.233002756843245,0.0006670271174449761,0.766997243156755,26.0,1,1,1
4322,333,0,243,223,16,0,0.5,0.233002756843245,0.0006670271174449122,0.766997243156755,26.0,1,1,1
4323,333,0,328,16,379,0,0.5,0.24601805651511768,0.01079556990565452,0.7539819434848823,31.0,1,1,1
4324,333,16,358,16,235,1,0.7085955507554847,0.7260225820918997,0.5032730894478219,0.6911685194190698,31.0,0,0,0
4325,333,14,345,16,497,1,0.5,0.2391428685501203,0.09865161678805154,0.7608571314498798,19.0,1,1,1
4326,333,12,36,257,161,0,0.5,0.5049508894765015,0.06793624920504451,0.49504911052349854,2.0,1,1,1
4327,439,0,117,478,35,0,0.5,0.4221008871030516,0.013275109043655869,0.5778991128969484,9.0,1,1,1
4328,439,13,148,140,39,0,0.5,0.4496111336061838,0.22258555448982678,0.5503888663938161,3.0,1,1,1
4329,439,14,5,437,128,0,0.5,1.0,0.009901778952998064,0.0,1.0,1,1,1
4330,411,10,154,339,0,0,0.5,1.0,0.9999999999970863,0.0,1.0,1,1,1
4331,411,13,342,479,52,0,0.5,0.4933817935260604,0.09377569486374313,0.5066182064739396,3.0,1,1,1
4332,411,0,301,135,476,0,0.6483956963105028,0.7292581659471666,0.3742719402318669,0.5675332266738389,9.0,0,0,0
4333,411,4,301,58,445,0,0.5,1.0,0.019801616452026348,0.0,1.0,1,1,1
4334,237,13,295,465,446,0,0.5,0.39327730599631733,0.20763133494680672,0.6067226940036827,35.0,0,1,0
4335,237,13,292,465,157,0,0.5,0.3932773059963174,0.21526844792526506,0.6067226940036826,35.0,0,1,0
4336,237,0,15,409,214,0,0.5,1.0,0.0886657731268051,0.0,3.0,1,1,1
4337,237,9,331,157,446,0,0.5,1.0,0.4982655976611633,0.0,3.0,0,1,0
4338,237,17,6,244,92,0,0.5,1.0,0.2887125075175306,0.0,2.0,1,1,1
4339,237,11,72,423,92,0,0.5,1.0,0.33333333333292264,0.0,1.0,1,1,1
4340,302,0,258,486,23,0,0.5,0.17950690614066622,0.00265934860557873,0.8204930938593338,47.0,1,1,1
4341,302,0,302,142,23,0,0.5,0.23027954926001812,0.0677716552029367,0.7697204507399819,29.0,0,1,0
4342,302,15,268,142,1,1,0.7707933737396877,0.755481451254825,0.5123763577508792,0.7861052962245503,42.0,0,0,0
4343,302,13,98,465,142,0,0.5872286338969981,0.7612864080581737,0.5387039117055872,0.41317085973582257,15.0,0,0,0
4344,302,14,291,142,23,0,0.7192862513633416,0.7937975788224948,0.5424526040895127,0.6447749239041882,19.0,0,0,0
4345,302,17,168,465,481,0,0.5,0.7635158765520865,0.2593770270346187,0.23648412344791347,4.0,0,1,1
4346,441,17,346,342,75,0,0.5,1.0,0.30237978786205033,0.0,6.0,0,1,0
4347,441,0,216,307,399,0,0.6531296820365007,0.5137832606289189,0.2757021182762852,0.7924761034440826,32.0,0,0,0
4348,441,0,23,350,2,0,0.5,0.514641083600424,0.14301562532891965,0.48535891639957596,5.0,0,1,1
4349,441,13,254,6,399,0,0.5,0.4056062872204659,0.1637518604643957,0.5943937127795341,15.0,0,1,0
4350,441,19,328,49,12,1,0.5,1.0,0.009901778952998064,0.0,1.0,1,1,1
4351,60,0,197,79,76,0,0.5,0.1895074050294104,0.08945950879494917,0.8104925949705896,29.0,0,1,0
4352,60,0,233,79,90,0,0.5,0.1895074050294104,0.004391354818171858,0.8104925949705896,29.0,1,1,1
4353,60,15,327,289,90,0,0.5,0.29802412370636355,0.1552129126741216,0.7019758762936364,6.0,1,1,1
4354,60,2,337,289,2,0,0.7475909128726712,0.7072340112328125,0.49444725444027765,0.78794781451253,24.0,0,0,0
4355,60,13,143,79,363,1,0.670479879042523,0.550341915893349,0.3378927771012031,0.790617842191697,51.0,0,0,0
4356,60,13,135,79,363,0,0.6067173962482453,0.4586069875363428,0.23043097045210617,0.7548278049601478,43.0,0,0,0
4357,60,13,283,79,102,0,0.5714372126763678,0.2991045534451382,0.12763867871280593,0.8437698719075974,92.0,0,0,0
4358,60,18,267,90,2,0,0.586629882746657,0.4969702695902509,0.30905171960254607,0.676289495903063,23.0,0,0,0
4359,60,12,231,90,232,0,0.6476018714266858,0.6200289024350555,0.3494062032523464,0.675174840418316,20.0,0,0,0
4360,60,1,38,405,271,0,0.5,0.541048898507071,0.3023893990300235,0.45895110149292895,4.0,0,1,0
4361,419,15,236,50,31,0,0.5,0.692571406321489,0.11224859684592654,0.30742859367851105,3.0,1,1,1
4362,419,0,318,40,111,0,0.5,0.47619078745062376,0.14581901818145235,0.5238092125493763,23.0,0,1,0
4363,419,12,63,31,113,0,0.5,0.5071198093970386,0.028543550167259336,0.4928801906029614,3.0,1,1,1
4364,419,1,239,312,333,0,0.5,0.4100432302836853,0.21423499813730185,0.5899567697163147,6.0,1,1,1
4365,419,19,287,47,136,0,0.5,1.0,0.22215066394105315,0.0,1.0,1,1,1
4366,151,1,78,16,462,1,0.5834916636104232,0.35503545529480346,0.20073632119228793,0.8119478719260429,11.0,0,0,0
4367,151,14,135,223,45,0,0.7454812229667949,0.8178140466131484,0.6533838347175888,0.6731483993204412,30.0,0,0,0
4368,151,12,308,16,320,0,0.6559472210929445,0.49536541606795004,0.27528763811629753,0.8165290261179388,33.0,0,0,0
4369,151,0,159,471,16,1,0.5920393147201113,0.39485654599151065,0.17186647857827264,0.789222083448712,27.0,0,0,0
4370,151,0,19,16,253,0,0.5,0.5895864161476377,0.3527981226280095,0.41041358385236226,7.0,0,1,0
4371,151,2,112,337,254,0,0.618388231540871,0.7778680844413085,0.5642621746107543,0.45890837864043343,8.0,0,0,0
4372,151,16,27,148,467,1,0.5,1.0,0.03958771040389503,0.0,1.0,1,1,1
4373,151,6,297,414,364,0,0.5,1.0,0.32008781862619035,0.0,2.0,1,1,1
4374,151,4,245,286,454,0,0.5,1.0,0.2116625160646979,0.0,2.0,1,1,1
4375,395,0,21,37,115,1,0.658829333325627,0.7598012969941401,0.48203978719193175,0.557857369657114,12.0,0,0,0
4376,395,16,195,484,15,1,0.5,1.0,0.46993179379453986,0.0,2.0,0,1,0
4377,395,17,210,115,162,0,0.6953981450324815,0.5941236435856971,0.3466394645197069,0.7966726464792658,17.0,0,0,0
4378,395,5,148,37,0,0,0.5,1.0,0.999999999992,0.0,1.0,1,1,1
4379,83,0,350,135,427,0,0.5733076029437767,0.31046931888565943,0.10780559475768096,0.8361458870018939,153.0,0,0,0
4380,83,0,45,135,427,0,0.600865566047467,0.42895116067238026,0.23474363204257376,0.7727799714225537,21.0,0,0,0
4381,83,0,210,427,135,0,0.5,0.15851210645670402,0.04395964747459309,0.841487893543296,74.0,0,1,0
4382,83,19,65,37,135,0,0.5,1.0,0.03783249004619731,0.0,2.0,1,1,1
4383,83,1,301,411,248,0,0.5,0.30792061909614055,0.007817824616691723,0.6920793809038595,14.0,1,1,1
4384,83,15,82,297,427,0,0.5,0.3321743063666618,0.1531505844240689,0.6678256936333382,5.0,1,1,1
4385,83,14,208,135,427,0,0.5,0.3004063222679311,0.12459914903012467,0.6995936777320688,31.0,0,1,0
4386,83,12,190,427,135,0,0.5,0.17368770767133815,0.08687792312730705,0.8263122923286619,25.0,0,1,1
4387,83,13,320,135,427,0,0.6131154660853344,0.7175851642261637,0.4569504662398894,0.5086457679445051,30.0,0,0,0
4388,83,16,153,135,484,0,0.5,0.4704214410469791,0.22140206890484165,0.5295785589530209,4.0,0,1,0
4389,67,0,138,105,138,0,0.7643602125980984,0.7409456050957024,0.5717152922377424,0.7877748201004943,31.0,0,0,0
4390,67,0,162,105,452,0,0.7478498061192602,0.6756707496449206,0.42722787418746394,0.8200288625935997,38.0,0,0,0
4391,67,3,248,11,464,0,0.5,0.23848376151938414,0.03629256986547258,0.7615162384806159,18.0,1,1,1
4392,67,17,115,477,81,0,0.5,0.50868770986333,0.19752430875834723,0.49131229013667,10.0,0,1,0
4393,67,16,251,11,64,1,0.6536587591283229,0.5598907127451961,0.37969694813971727,0.7474268055114499,49.0,0,0,0
4394,67,1,213,11,452,0,0.5650890771439319,0.4476182902775525,0.26366369095820863,0.6825598640103111,31.0,0,0,0
4395,67,15,342,11,290,0,0.7662822816221744,0.7774025821788787,0.6145589782094876,0.7551619810654701,40.0,0,0,0
4396,67,14,210,35,101,0,0.5,0.5848560596023207,0.03571099161761992,0.4151439403976793,4.0,1,1,1
4397,416,1,158,112,457,0,0.5,0.34693750396958983,0.1925119794948582,0.6530624960304101,17.0,0,1,0
4398,416,0,71,331,457,0,0.5,0.36466901243966954,0.14520906861934596,0.6353309875603305,10.0,0,1,0
4399,416,3,313,50,3,1,0.6646561974792442,0.7553218308748375,0.40251526366277857,0.5739905640836509,3.0,0,0,0
4400,416,12,303,190,93,0,0.6527596801954774,0.6495870397546987,0.2790720449458272,0.6559323206362561,13.0,0,0,0
4401,416,7,223,491,112,0,0.5,1.0,0.2054888199753392,0.0,1.0,1,1,1
4402,104,15,292,146,332,0,0.648155841556219,0.6142829835436193,0.4430291355614365,0.6820286995688187,82.0,0,0,0
4403,104,14,294,332,146,1,0.5,0.2741794107807813,0.06136712961498153,0.7258205892192187,66.0,0,1,0
4404,104,1,120,146,197,1,0.6018223621583918,0.45481191547066396,0.23506528100147847,0.7488328088461196,36.0,0,0,0
4405,104,1,146,146,332,1,0.6471504745425699,0.5476014266204648,0.3372639359375618,0.746699522464675,53.0,0,0,0
4406,104,0,22,197,95,0,0.5,0.45040679715016313,0.28628524204225503,0.5495932028498369,13.0,0,1,0
4407,104,0,181,146,332,0,0.6314184333876571,0.429786678984572,0.2279786902024392,0.8330501877907424,81.0,0,0,0
4408,104,0,43,197,146,0,0.5,0.24249063850448704,0.04280432530840607,0.757509361495513,20.0,0,1,0
4409,104,3,106,146,280,0,0.5,0.30936918998126217,0.08643867779358251,0.6906308100187378,13.0,1,1,1
4410,104,16,264,332,412,0,0.5,0.2692949228934379,0.07822892324572413,0.7307050771065621,45.0,0,1,0
4411,104,16,233,146,332,0,0.5784504420186511,0.3334945883249133,0.1505977615250888,0.8234062957123891,50.0,0,0,0
4412,104,5,317,412,95,1,0.5,0.9188332898011469,0.3528956638628454,0.08116671019885313,9.0,0,1,0
4413,104,12,230,197,464,0,0.5,0.26075869571168464,0.12515693780435957,0.7392413042883154,52.0,0,1,0
4414,104,13,344,146,332,0,0.6197759425996545,0.567146553855118,0.3157408416745027,0.6724053313441911,43.0,0,0,0
4415,104,8,273,95,224,0,0.5,0.4451004853986111,0.1433775772310122,0.5548995146013889,8.0,1,1,1
4416,325,16,148,276,443,0,0.5964714973315471,0.8108404997786424,0.5577356592251514,0.3821024948844519,6.0,0,0,0
4417,325,17,133,249,188,0,0.5,0.8420278565234296,0.34800756840202907,0.1579721434765704,6.0,0,1,0
4418,325,7,191,478,90,0,0.6375203499553951,0.8586797880198147,0.634858164712788,0.41636091189097546,9.0,0,0,0
4419,325,0,168,113,35,0,0.5994195420595543,0.4318137031342461,0.13588679086068453,0.7670253809848624,16.0,0,0,1
4420,317,1,335,82,112,0,0.5,0.4916848791758836,0.12933968655669115,0.5083151208241163,38.0,0,1,0
4421,317,1,37,112,82,0,0.5,0.488406348216756,0.002313258403718573,0.511593651783244,8.0,1,1,1
4422,317,0,248,488,335,0,0.5,0.36669620724295754,0.16909154456553668,0.6333037927570424,24.0,0,1,0
4423,317,16,263,479,98,0,0.5,0.7818389235044393,0.12170134621707625,0.2181610764955607,8.0,1,1,1
4424,317,15,67,37,48,0,0.5,0.5049508894765015,0.11776682952448955,0.49504911052349854,2.0,1,1,1
4425,317,3,310,109,257,0,0.5,1.0,0.20803323543909147,0.0,2.0,1,1,1
4426,317,13,240,238,37,0,0.5,0.4354708087815502,0.2673518582227751,0.5645291912184498,7.0,0,1,0
4427,318,0,209,439,428,0,0.5,0.1994046110208321,0.09724982958171621,0.8005953889791679,28.0,0,1,1
4428,318,15,139,2,84,0,0.5,0.9256333983199101,0.15035564498185866,0.0743666016800899,5.0,1,1,1
4429,318,14,182,439,452,0,0.5,0.45048350840075774,0.18870349130483915,0.5495164915992423,13.0,0,1,0
4430,318,12,349,2,469,0,0.5,0.3847791626322837,0.04978863030886177,0.6152208373677164,12.0,1,1,1
4431,318,1,231,2,469,0,0.5,0.2720667785540574,0.015538904902457414,0.7279332214459426,11.0,1,1,1
4432,318,13,43,131,223,0,0.5,0.5049508894765016,0.27036621137481004,0.4950491105234984,2.0,1,1,1
4433,417,12,322,379,449,0,0.5,0.8510385721118947,0.0014320912880772018,0.1489614278881053,2.0,1,1,1
4434,417,0,196,269,468,0,0.8544318840908105,0.8917979045515328,0.7848029282716357,0.817065863630088,51.0,0,0,0
4435,417,16,122,219,495,0,0.5,0.2953200752446036,0.0037752207713168426,0.7046799247553964,6.0,1,1,1
4436,417,13,82,90,20,0,0.5,0.46170876122196913,0.14774808873741316,0.5382912387780309,7.0,0,1,0
4437,156,15,242,29,71,0,0.5,0.2378945360456641,0.0009592386060006633,0.7621054639543359,12.0,1,1,1
4438,156,0,294,71,101,0,0.5,0.15497641839893767,0.07356966349658116,0.8450235816010623,45.0,0,1,1
4439,156,0,288,71,341,0,0.5658629992681058,0.28670241693514925,0.09910851673633864,0.8450235816010623,45.0,0,0,0
4440,156,16,278,452,78,0,0.5,0.529671403994872,0.0931441281335713,0.470328596005128,2.0,1,1,1
4441,156,1,184,71,301,1,0.5,0.2851122673399628,0.06417771913594901,0.7148877326600371,18.0,1,1,1
4442,156,2,208,164,345,0,0.5,1.0,0.0323905904191412,0.0,2.0,1,1,1
4443,156,18,259,301,478,0,0.6972745191657684,0.7845887582811157,0.5519967587730729,0.6099602800504211,13.0,0,0,0
4444,273,15,29,29,335,0,0.5,0.7091759717701781,0.23583255454932253,0.2908240282298219,3.0,0,1,1
4445,273,1,283,168,141,0,0.5,0.3138304230259999,0.044657680693228105,0.6861695769740002,15.0,1,1,1
4446,273,16,108,484,475,0,0.5,0.3259802759332268,0.07119224305963515,0.6740197240667731,5.0,1,1,1
4447,273,12,174,57,190,0,0.5,0.6041727241095223,0.03493454996726317,0.3958272758904777,5.0,1,1,1
4448,273,0,296,401,46,0,0.5,0.2290387684116409,0.0024607773570144344,0.7709612315883592,22.0,1,1,1
4449,273,14,157,389,139,0,0.5,0.8958135198371485,0.1171841276897093,0.10418648016285148,4.0,1,1,1
4450,422,18,223,478,140,0,0.5,1.0,0.24270893321404682,0.0,2.0,1,1,1
4451,422,15,234,42,473,0,0.5,0.6818986340709695,0.32579119208698054,0.3181013659290305,6.0,0,1,0
4452,422,0,111,269,144,0,0.5,0.24178487632700227,0.11295234631238331,0.7582151236729977,15.0,0,1,0
4453,422,19,273,42,471,1,0.6944192006727603,0.913206848057546,0.688886721052956,0.4756315532879747,7.0,0,0,0
4454,422,1,340,42,269,1,0.749165425429575,0.6844478834360906,0.4408804935349996,0.8138829674230592,22.0,0,0,0
4455,422,2,75,106,268,0,0.5,0.6374859191794976,0.30878883459741874,0.3625140808205024,3.0,0,1,1
4456,178,17,36,57,475,1,0.5,0.4426903022535182,0.25475466898409893,0.5573096977464818,13.0,0,1,0
4457,178,15,106,409,10,0,0.5,0.788719608103335,0.4100218815028081,0.21128039189666503,5.0,0,1,0
4458,178,3,77,35,30,0,0.5,0.5099008082260187,0.0006399013192871077,0.4900991917739813,2.0,1,1,1
4459,178,16,62,301,57,0,0.5,0.2536448834125179,0.06264816501811707,0.7463551165874821,6.0,1,1,1
4460,178,0,357,89,492,0,0.5,0.35159259380320185,0.02147951058546196,0.6484074061967982,6.0,1,1,1
4461,178,1,71,309,225,0,0.5,0.6732458497880726,0.09555394948358288,0.32675415021192744,3.0,1,1,1
4462,178,14,313,451,143,0,0.5,1.0,0.0395877104038879,0.0,1.0,1,1,1
4463,214,16,167,465,334,0,0.5771010738318881,0.3124084862300306,0.08851195651554299,0.8417936614337457,76.0,0,0,0
4464,214,13,354,465,334,1,0.6187286653953743,0.4043002271914224,0.2232032789037625,0.8331571035993262,145.0,0,0,0
4465,214,13,77,334,465,1,0.5,0.25407313716624674,0.021717154831999923,0.7459268628337532,33.0,1,1,1
4466,214,15,51,334,465,0,0.5987039599817803,0.45736959368606667,0.28230064210303335,0.7400383262774939,18.0,0,0,0
4467,214,0,240,334,465,0,0.6454149659630203,0.4540903263844177,0.24563651462245567,0.8367396055416229,97.0,0,0,0
4468,214,0,129,334,206,0,0.7685853689100882,0.7221041647473839,0.524936617622713,0.8150665730727925,64.0,0,0,0
4469,214,17,337,334,465,0,0.5648144020058026,0.3280742931162593,0.175699887859819,0.8015545108953458,58.0,0,0,0
4470,214,18,1,87,334,1,0.5,1.0,0.009901778952998064,0.0,1.0,1,1,1
4471,214,12,42,334,465,0,0.7355172267336647,0.8908278178981761,0.5977014472682864,0.5802066355691533,15.0,0,0,0
4472,214,1,6,334,465,0,0.5,1.0,0.1906328888981539,0.0,6.0,0,1,0
4473,214,5,115,334,465,0,0.7417971818046467,0.742021178882108,0.5435450808036378,0.7415731847271854,17.0,0,0,0
4474,481,16,84,276,290,0,0.5,0.3671295740736907,0.10342687874926768,0.6328704259263094,5.0,1,1,1
4475,481,13,194,7,90,0,0.5,0.44905153190141966,0.0903240100755187,0.5509484680985803,12.0,1,1,1
4476,481,19,235,29,161,0,0.5,1.0,0.278232850994815,0.0,3.0,0,1,0
4477,481,0,167,7,268,0,0.5,0.18174366903290232,0.04051346792355431,0.8182563309670977,13.0,1,1,1
4478,481,0,241,7,490,0,0.5583827218160832,0.37217655248691983,0.14938458886819145,0.7445888911452465,24.0,0,0,0
4479,481,14,23,2,455,0,0.5,0.6001368216353742,0.1306970929832162,0.3998631783646258,3.0,1,1,1
4480,481,14,112,219,395,0,0.5,0.4279227562023027,0.01322626443065227,0.5720772437976973,11.0,1,1,1
4481,481,3,165,56,77,0,0.5,0.5375805111948958,0.02538740398893944,0.4624194888051042,3.0,1,1,1
4482,481,1,76,467,158,0,0.5,0.7716353236491528,0.009530709445860425,0.22836467635084723,4.0,1,1,1
4483,481,12,281,467,86,0,0.5,0.2773548017623559,0.15180944970869298,0.7226451982376441,17.0,0,1,1
4484,481,15,285,167,276,0,0.5,1.0,0.030638035762359343,0.0,3.0,1,1,1
4485,481,9,111,495,489,0,0.5,1.0,0.05934280798971252,0.0,1.0,1,1,1
4486,481,2,287,301,496,0,0.5,0.5090595573124497,0.16022197197885057,0.4909404426875503,14.0,1,1,1
4487,481,7,258,7,68,0,0.5,0.7670274060167455,0.2272878974688864,0.23297259398325454,4.0,0,1,1
4488,414,5,48,107,235,0,0.7282479206209936,0.842978132349453,0.5291858158441366,0.6135177088925343,7.0,0,0,0
4489,414,14,364,210,281,0,0.5949623421762338,0.43566573772126516,0.20648119938340304,0.7542589466312025,12.0,0,0,0
4490,414,15,190,26,323,1,0.5,0.7871396976629113,0.4335544518165075,0.21286030233708875,5.0,0,1,0
4491,221,0,21,16,50,0,0.5,0.7629895695088796,0.17842570828119286,0.23701043049112036,5.0,0,1,0
4492,221,0,8,16,478,0,0.5,1.0,0.009705726567201717,0.0,2.0,1,1,1
4493,221,15,44,490,478,0,0.5,0.6096029727632839,0.19067413725893806,0.3903970272367161,3.0,1,1,1
4494,221,1,316,124,190,0,0.5,0.49140148737296263,0.07589141028966566,0.5085985126270374,7.0,1,1,1
4495,221,18,188,213,452,0,0.5,0.5218411608462078,0.028125516401084395,0.4781588391537922,6.0,1,1,1
4496,221,8,96,224,63,0,0.5984904715148558,0.8763163150134967,0.6598342083164583,0.320664628016215,7.0,0,0,0
4497,196,0,147,91,13,0,0.604913966213755,0.48033267177621963,0.2304909399892648,0.7294952606512906,17.0,0,0,0
4498,196,0,325,228,357,0,0.6440057889471443,0.4653102114916135,0.2739264531172823,0.8227013664026752,91.0,0,0,0
4499,196,0,34,357,494,0,0.5,0.6775874572601006,0.2109988015901327,0.3224125427398994,3.0,0,1,1
4500,196,13,202,202,499,0,0.5,0.37327678867527603,0.03579955644136039,0.626723211324724,11.0,1,1,1
4501,196,8,226,228,175,0,0.5,0.3957294811261649,0.05746263712207683,0.6042705188738351,6.0,1,1,1
4502,196,9,177,89,0,1,0.7083091191945802,1.0,0.8871109728833078,0.41661823838916034,2.0,0,0,0
4503,196,3,293,13,489,1,0.5,0.7938798076891741,0.04425726802930255,0.2061201923108259,4.0,1,1,1
4504,258,1,288,312,40,0,0.5,0.5164094687303614,0.014818602983141025,0.4835905312696386,8.0,1,1,1
4505,258,0,85,27,40,0,0.5,0.3786761051520646,0.017934863900525275,0.6213238948479354,5.0,1,1,1
4506,258,17,343,40,6,0,0.6515238916214792,0.6613909359229949,0.41249286715774824,0.6416568473199633,19.0,0,0,0
4507,258,5,109,40,90,0,0.5,0.6119453304645462,0.007029970450716702,0.38805466953545376,2.0,1,1,1
4508,258,19,190,40,101,0,0.5,0.6081077672438553,0.40276037533750736,0.3918922327561447,6.0,0,1,0
4509,258,15,266,478,60,0,0.5,0.3603009080085453,0.08808274261170564,0.6396990919914547,10.0,1,1,1
4510,233,2,140,52,412,0,0.5,0.40634326477475863,0.035716812223177845,0.5936567352252413,3.0,1,1,1
4511,233,0,0,35,41,0,0.0,0.0,0.0,0.0,1.0,1,1,1
4512,233,0,355,487,480,0,0.5,0.3351835780183238,0.031950923353554865,0.6648164219816761,72.0,1,1,1
4513,233,0,220,36,487,0,0.5759616027376613,0.4242527139611732,0.16227548205736342,0.7276704915141494,45.0,0,0,0
4514,233,12,249,480,36,0,0.5,0.3614646195670682,0.07887018623642571,0.6385353804329318,20.0,1,1,1
4515,233,14,8,0,326,0,0.5,0.6775874572601006,0.2111861358809665,0.3224125427398994,3.0,0,1,0
4516,233,15,211,472,36,0,0.5,0.619908787883827,0.15481275295637303,0.380091212116173,5.0,0,1,1
4517,345,0,5,247,94,0,0.5,1.0,0.30220163355635193,0.0,2.0,1,1,1
4518,345,15,172,65,60,1,0.5,0.7952125911973565,0.3530662277502207,0.20478740880264346,3.0,0,1,0
4519,345,2,221,69,217,0,0.5,0.2034489040106566,0.10078950663870098,0.7965510959893434,22.0,0,1,0
4520,345,1,108,168,312,0,0.5,0.25202773942600853,0.07668654263805999,0.7479722605739915,7.0,1,1,1
4521,345,18,217,20,40,0,0.5,0.845947212790302,0.05010466491451913,0.15405278720969795,4.0,1,1,1
4522,463,0,110,222,57,0,0.5,0.5676397700686834,0.294957702466574,0.4323602299313166,13.0,0,1,0
4523,463,0,50,240,259,0,0.5,0.8459363523264686,0.13897665619698485,0.15406364767353142,8.0,0,1,0
4524,463,0,315,486,23,1,0.5,0.41395012734421394,0.06099520022317854,0.5860498726557861,6.0,1,1,1
4525,463,18,81,467,190,0,0.5,0.40632876457087314,0.10880908387990448,0.5936712354291269,4.0,1,1,1
4526,463,3,55,425,259,0,0.5,0.6465885692284161,0.023384606227979842,0.3534114307715839,3.0,1,1,1
4527,463,19,247,476,313,1,0.8391830047048425,0.8622295920275516,0.7139619957304808,0.8161364173821334,77.0,0,0,0
4528,463,1,265,67,448,0,0.8109060916380018,0.7159867113779569,0.5260008121041623,0.9058254718980467,72.0,0,0,0
4529,463,1,86,67,79,1,0.5896650354563301,0.4208797988893955,0.22956967821568894,0.7584502720232646,10.0,0,0,0
4530,463,6,169,79,456,0,0.7460913037275819,0.8604858746133364,0.5071139564856131,0.6316967328418275,12.0,0,0,0
4531,463,15,156,179,212,1,0.5,0.3051047962149377,0.05427120837262228,0.6948952037850623,23.0,0,1,0
4532,463,13,197,52,407,0,0.5,0.6600439093131496,0.00958406817850745,0.3399560906868504,3.0,1,1,1
4533,463,14,23,0,271,0,0.5,0.6775874572601006,0.026486078992277857,0.3224125427398994,3.0,1,1,1
4534,463,2,191,263,341,0,0.5,1.0,0.29850236014337056,0.0,3.0,0,1,0
4535,463,7,313,126,190,0,0.5,0.5915107921236873,0.23795467875170107,0.4084892078763127,7.0,0,1,1
4536,463,12,338,269,292,0,0.5,0.7856624423243661,0.10017345657252336,0.2143375576756339,6.0,1,1,1
4537,463,16,136,79,90,0,0.5,0.3859339643562173,0.22125027194642546,0.6140660356437827,4.0,1,1,1
4538,457,1,65,88,168,0,0.6543619938075607,0.5348659848665558,0.2525844343608876,0.7738580027485654,22.0,0,0,0
4539,457,1,95,88,112,0,0.5959007278935106,0.40220876885356877,0.24123242713409185,0.7895926869334524,37.0,0,0,0
4540,457,1,22,88,383,0,0.5,0.3505333833614281,0.1897561994509621,0.6494666166385719,8.0,0,1,0
4541,457,5,147,88,54,0,0.5,0.3522732611064947,0.07438838302836925,0.6477267388935053,5.0,1,1,1
4542,457,0,28,306,93,0,0.5,0.46854519724214994,0.10976672544576244,0.5314548027578501,9.0,0,1,0
4543,457,0,323,102,93,0,0.5,0.12983035598897164,0.02807664726857946,0.8701696440110284,88.0,1,1,1
4544,457,0,162,93,102,0,0.5,0.18593703312634371,0.05883123597386792,0.8140629668736563,45.0,0,1,0
4545,457,0,343,102,93,0,0.5467928865099706,0.27959524796232416,0.1203567040037076,0.813990525057617,95.0,0,0,0
4546,457,13,277,155,468,0,0.5,0.2827759694107807,0.153014802845788,0.7172240305892192,41.0,0,1,0
4547,457,16,41,306,50,0,0.5,0.4407687763493412,0.0072113076891801775,0.5592312236506588,4.0,1,1,1
4548,457,16,311,190,78,0,0.5,0.4573601514194207,0.05711112852750722,0.5426398485805792,33.0,1,1,1
4549,457,12,251,338,220,0,0.5,0.18002232714874727,0.024302110732094477,0.8199776728512527,16.0,1,1,1
4550,457,14,287,93,220,0,0.5,0.2173398756686432,0.08717235786878799,0.7826601243313568,21.0,0,1,1
4551,457,15,97,447,190,0,0.5,0.475993158567092,0.1475185011886256,0.524006841432908,6.0,0,1,1
4552,457,7,137,88,68,0,0.5,0.47697282488722265,0.004260564641392271,0.5230271751127773,5.0,1,1,1
4553,457,2,125,93,379,0,0.6552192320220629,0.6144211482609652,0.42585571793367455,0.6960173157831606,22.0,0,0,0
4554,457,18,208,93,190,0,0.5,0.5864522956435143,0.07175060716778367,0.4135477043564857,5.0,1,1,1
4555,457,17,110,88,33,0,0.6089637658533495,0.5579535085536967,0.32651198563510136,0.6599740231530025,11.0,0,0,0
4556,293,16,152,485,260,0,0.5,0.7293342828346393,0.2239706491168372,0.2706657171653607,8.0,0,1,0
4557,293,1,231,487,434,0,0.5,0.22884181418315436,0.11676891985430372,0.7711581858168457,18.0,1,1,1
4558,293,0,215,487,132,0,0.7074588529906618,0.6099895375247936,0.39791379293393786,0.8049281684565299,29.0,0,0,0
4559,293,12,299,487,469,0,0.716487835022764,0.9047496840304174,0.542965650044224,0.5282259860151106,13.0,0,0,0
4560,374,19,179,458,112,0,0.7214618366665604,0.8793388969465443,0.7559248292561145,0.5635847763865764,18.0,0,0,0
4561,374,0,285,458,393,0,0.8074604152398589,0.7374285031843689,0.5614609897279892,0.8774923272953489,108.0,0,0,0
4562,374,8,9,495,393,0,0.5,1.0,0.04947009763477774,0.0,1.0,1,1,1
4563,374,18,342,458,22,0,0.5,0.7902885380060366,0.11713835928785,0.2097114619939634,9.0,1,1,1
4564,374,5,151,458,390,0,0.7973004524961718,0.8445969412175623,0.6946864301893904,0.7500039637747813,19.0,0,0,0
4565,431,12,84,37,395,0,0.5,0.39540772067152347,0.1159601556577488,0.6045922793284766,7.0,1,1,1
4566,431,13,113,37,390,0,0.8437240454023174,0.8502437960754331,0.6929578956403051,0.8372042947292017,53.0,0,0,0
4567,431,17,49,157,148,0,0.5,0.5781672229669986,0.10909570985090981,0.42183277703300137,4.0,1,1,1
4568,431,19,272,419,37,0,0.5,0.6607790786824629,0.3590740189650299,0.3392209213175371,4.0,0,1,1
4569,121,0,176,12,450,0,0.5,0.4039812139304741,0.09475462410771576,0.5960187860695259,14.0,0,1,0
4570,121,0,344,469,190,0,0.5,0.5728573718910137,0.01639123144403728,0.4271426281089863,12.0,1,1,1
4571,121,1,161,450,223,1,0.6096576884034683,0.508703751457828,0.23076577584180932,0.7106116253491088,10.0,0,0,0
4572,121,16,58,90,24,0,0.5,0.7611414366766133,0.3121362750735464,0.23885856332338673,4.0,0,1,0
4573,121,12,323,68,153,0,0.5,0.6657819409884226,0.16523744739870574,0.3342180590115774,13.0,1,1,1
4574,121,2,138,101,68,0,0.5,0.71811292678778,0.21651927481875063,0.28188707321221995,3.0,1,1,1
4575,121,15,34,443,223,1,0.5,0.7751829049977597,0.022868369401444554,0.22481709500224034,3.0,1,1,1
4576,121,7,54,101,33,0,0.5,1.0,0.014876568775798259,0.0,2.0,1,1,1
4577,269,0,9,42,106,1,0.5,0.554404194588572,0.259175492595752,0.44559580541142796,7.0,0,1,0
4578,269,0,215,417,422,0,0.7837676636816076,0.7397461248260322,0.5381518706770267,0.827789202537183,62.0,0,0,0
4579,269,0,143,417,42,0,0.6113032198639149,0.5406330437001279,0.266244454218907,0.6819733960277019,18.0,0,0,0
4580,269,16,189,136,39,0,0.5,0.6967304549770724,0.04694091206815299,0.3032695450229276,2.0,1,1,1
4581,269,18,303,39,241,0,0.5,0.621308330701774,0.009823127414193111,0.37869166929822595,2.0,1,1,1
4582,269,15,301,379,154,0,0.5,0.45133023436789094,0.04039529108840219,0.5486697656321091,3.0,1,1,1
4583,280,14,132,146,95,0,0.5,0.4737175084155096,0.14925045701863085,0.5262824915844904,17.0,0,1,0
4584,280,0,89,146,95,0,0.5,0.21098458413033616,0.04785561791713132,0.7890154158696638,29.0,1,1,1
4585,280,12,280,146,464,0,0.8023285163322214,0.77720134345983,0.5345304250562974,0.8274556892046128,34.0,0,0,0
4586,280,19,348,146,82,0,0.5,0.482413187768335,0.31021804879351356,0.517586812231665,53.0,0,1,0
4587,280,1,0,3,146,0,0.0,0.0,0.0,0.0,1.0,1,1,1
4588,280,16,110,146,95,0,0.7632565881365069,0.8403733148116314,0.6727254598623644,0.6861398614613824,22.0,0,0,0
4589,280,15,166,146,104,0,0.6331812557930361,0.6322198593290278,0.3923170425953214,0.6341426522570444,26.0,0,0,0
4590,280,10,174,95,146,0,0.5,1.0,0.0542815274764862,0.0,2.0,1,1,1
4591,361,0,175,244,19,0,0.5,0.9400257828095053,0.030999496537094762,0.05997421719049467,6.0,1,1,1
4592,361,18,213,279,249,0,0.5,1.0,0.28410009503939815,0.0,4.0,0,1,0
4593,361,2,208,485,74,0,0.5,1.0,0.2749718383588711,0.0,2.0,1,1,1
4594,371,0,349,379,268,0,0.6191466449197549,0.5515236294176512,0.24515988200710945,0.6867696604218585,26.0,0,0,0
4595,371,0,345,379,268,1,0.5,0.34084166937242344,0.20506767919237545,0.6591583306275766,25.0,0,1,0
4596,371,12,29,52,71,0,0.7475245552617493,1.0,0.500213765525236,0.49504911052349854,2.0,0,0,0
4597,371,4,321,144,312,1,0.5,1.0,0.4916585851192403,0.0,4.0,0,1,0
4598,118,18,217,142,323,0,0.5,0.2656366993114705,0.0340795713360772,0.7343633006885295,19.0,1,1,1
4599,118,14,312,334,142,0,0.5,0.3422915117606221,0.2007995775830346,0.6577084882393779,38.0,0,1,0
4600,118,12,328,474,334,0,0.5,0.23688581332442477,0.11402708070627011,0.7631141866755753,44.0,0,1,0
4601,118,0,47,142,334,1,0.5,0.39306344835172036,0.031746886735317566,0.6069365516482796,18.0,1,1,1
4602,118,0,140,334,142,0,0.5531529137062695,0.4315241226804452,0.2434779637496329,0.6747817047320939,58.0,0,0,0
4603,118,0,289,334,474,0,0.5,0.15734224065837069,0.008777414385036235,0.8426577593416293,111.0,1,1,1
4604,118,1,166,142,334,0,0.577611268843923,0.3574761389098053,0.14629215964180325,0.7977463987780407,26.0,0,0,0
4605,118,15,321,21,334,0,0.5,0.9953442627256913,0.1628797984388338,0.00465573727430868,6.0,0,1,0
4606,118,2,345,334,474,0,0.5,0.43982193429584004,0.2734750336332242,0.56017806570416,33.0,0,1,0
4607,118,17,149,474,334,0,0.6741713069765164,0.5635123849133739,0.34701130346620573,0.7848302290396589,26.0,0,0,0
4608,55,0,52,2,173,0,0.7115574497816002,0.598837586912729,0.3407395162276703,0.8242773126504714,15.0,0,0,0
4609,55,0,351,2,453,0,0.794776556149863,0.7141525064422265,0.5425327715492305,0.8754006058574996,130.0,0,0,0
4610,55,12,282,309,131,0,0.5,0.7622277822690068,0.13480085012789295,0.23777221773099322,4.0,1,1,1
4611,55,13,307,103,2,0,0.5,0.4385712848661967,0.11836718279130255,0.5614287151338033,37.0,0,1,0
4612,55,14,289,453,41,0,0.5,0.6555861405913614,0.1774139925699172,0.34441385940863856,3.0,1,1,1
4613,55,1,191,52,138,0,0.5,0.315715125232567,0.09559167167140506,0.684284874767433,11.0,1,1,1
4614,55,17,238,110,276,0,0.5,0.7225898769818289,0.0610450961751896,0.27741012301817114,7.0,1,1,1
4615,55,16,111,49,52,0,0.5,0.5741732701427085,0.33421793306748526,0.42582672985729153,8.0,0,1,0
4616,55,2,122,2,21,0,0.5972937299502029,0.4343289131434644,0.24869090364241983,0.7602585467569414,11.0,0,0,0
4617,55,8,362,493,26,0,0.5,1.0,0.26116359516979337,0.0,1.0,1,1,1
4618,255,0,167,467,112,0,0.7513698473287896,0.7196439384832358,0.5267707154828378,0.7830957561743435,43.0,0,0,0
4619,255,15,77,190,467,1,0.5,0.40633484288683663,0.016062139603424678,0.5936651571131634,5.0,1,1,1
4620,255,12,140,447,467,0,0.5,0.5623520125153751,0.08048066649879228,0.43764798748462486,8.0,1,1,1
4621,255,1,83,112,168,0,0.5973570071427726,0.45297556717005305,0.17718176360173657,0.7417384471154922,14.0,0,0,0
4622,255,13,364,13,1,0,0.5,0.7008986507521296,0.14089487607118742,0.29910134924787035,2.0,1,1,1
4623,369,1,350,168,28,1,0.5,0.49666313716380905,0.10188237293242715,0.503336862836191,5.0,1,1,1
4624,369,0,244,412,497,1,0.5,0.31776060404131845,0.12603745131105834,0.6822393959586815,17.0,0,1,0
4625,369,0,11,467,103,0,0.5,0.6209281518180012,0.41860084851339846,0.3790718481819988,5.0,0,1,0
4626,369,14,323,385,301,0,0.5,0.6865756683253184,0.07292943532057358,0.31342433167468164,7.0,1,1,1
4627,369,7,62,177,456,0,0.5,1.0,0.12802097993880057,0.0,1.0,1,1,1
4628,287,17,177,135,125,0,0.5722775119957124,0.3985909494914022,0.21312949965291117,0.7459640745000226,35.0,0,0,0
4629,287,15,41,135,25,0,0.5,0.6754096765139171,0.20324975760502675,0.32459032348608285,2.0,1,1,1
4630,287,1,313,135,0,0,0.7192415461464241,0.623711540986594,0.4451565258471093,0.8147715513062543,64.0,0,0,0
4631,287,0,90,135,466,0,0.6016642999133637,0.46299786935589254,0.15917994401027252,0.7403307304708348,32.0,0,0,0
4632,287,0,116,135,425,0,0.568081978104225,0.30780488122345073,0.1290272551781834,0.8283590749849992,38.0,0,0,0
4633,287,2,184,257,135,0,0.5,0.8321056920436225,0.022391706873856033,0.1678943079563775,4.0,1,1,1
4634,287,12,324,135,466,1,0.6761775014402058,0.5414035661151889,0.3078848285526491,0.8109514367652226,33.0,0,0,0
4635,287,14,300,135,125,0,0.5741550007293585,0.38686636592400103,0.14205020243445185,0.761443635534716,32.0,0,0,1
4636,350,16,262,168,7,0,0.5,0.6351831056874558,0.11287003112552649,0.36481689431254416,2.0,1,1,1
4637,350,15,189,68,478,0,0.5,0.4752160487791508,0.045192679682152063,0.5247839512208492,3.0,1,1,1
4638,350,0,35,461,441,0,0.5,0.5212292302035498,0.15614133938199906,0.47877076979645017,4.0,1,1,1
4639,350,19,247,10,134,0,0.5,0.4579154693632484,0.08314568716194738,0.5420845306367517,4.0,1,1,1
4640,182,13,254,446,246,1,0.5,0.2355864286516687,0.048154366064814866,0.7644135713483313,21.0,1,1,1
4641,182,13,44,87,246,0,0.6692001701099033,0.6855467310900462,0.5019966799410047,0.6528536091297603,25.0,0,0,0
4642,182,1,343,423,464,0,0.5,0.25073638558729006,0.005300132594548913,0.7492636144127099,10.0,1,1,1
4643,182,0,363,24,66,0,0.5,0.3107857237924385,0.07358178821128737,0.6892142762075615,22.0,1,1,1
4644,182,0,159,15,418,0,0.1699780453434252,0.0,0.0,0.3399560906868504,3.0,1,1,1
4645,182,17,125,461,68,0,0.5,0.911902771410205,0.07505528132537578,0.08809722858979496,3.0,1,1,1
4646,182,2,28,462,246,0,0.5,1.0,0.08399401827459685,0.0,2.0,1,1,1
4647,182,6,62,50,491,0,0.5,0.4076178361842819,0.027841540491575407,0.5923821638157181,4.0,1,1,1
4648,407,0,163,298,231,0,0.5,0.757376831044005,0.22294764576316894,0.242623168955995,4.0,0,1,0
4649,407,1,324,67,27,1,0.8764158106266611,0.9074943902168044,0.8220725201344827,0.8453372310365176,122.0,0,0,0
4650,407,14,154,402,252,1,0.5,0.8485169919658725,0.46462420619153655,0.1514830080341275,7.0,0,1,0
4651,407,19,251,288,2,0,0.5,0.8828840001222064,0.06220032666385045,0.11711599987779364,2.0,1,1,1
4652,424,1,246,133,223,0,0.7137526426845557,0.7451507664236732,0.41258024201857496,0.6823545189454383,16.0,0,0,0
4653,424,0,55,222,144,0,0.5,0.4852131651630908,0.10132253760636757,0.5147868348369091,7.0,0,1,1
4654,424,15,115,19,222,1,0.5,0.49159640607987065,0.2958302799832889,0.5084035939201293,11.0,0,1,0
4655,424,14,169,222,133,0,0.5,0.4381926953890554,0.20490474844441336,0.5618073046109446,20.0,0,1,0
4656,40,12,28,33,67,0,0.5,0.746376296594885,0.1837597800541252,0.253623703405115,3.0,1,1,1
4657,40,15,160,29,478,0,0.6618553584220235,0.6114842467392709,0.32841102672999245,0.7122264701047759,15.0,0,0,0
4658,40,14,150,223,439,0,0.6437601372170734,0.6244003535804468,0.23187207168197244,0.6631199208537,4.0,0,0,0
4659,40,1,352,312,258,0,0.5,0.38958274653191677,0.1040639644092238,0.6104172534680832,25.0,0,1,0
4660,40,4,19,429,216,1,0.5,1.0,0.13774814446148953,0.0,1.0,1,1,1
4661,40,17,217,470,258,0,0.5,0.27625390501189,0.06284156438763884,0.72374609498811,10.0,1,1,1
4662,40,0,2,21,307,0,0.5,1.0,0.3289470201220535,0.0,2.0,1,1,1
4663,40,0,124,21,223,0,0.5,0.15456497166828967,0.03282982221594897,0.8454350283317104,19.0,1,1,1
4664,40,18,183,463,301,0,0.5,0.5256955802592925,0.29065039679561533,0.4743044197407075,10.0,0,1,0
4665,40,16,324,258,162,0,0.5992569243272379,0.521142849244702,0.23910233502515124,0.6773709994097739,9.0,0,0,0
4666,40,3,193,153,68,0,0.5,1.0,0.44781715785111303,0.0,3.0,0,1,0
4667,147,1,212,452,430,0,0.5,0.5789868329262958,0.21668534426636968,0.4210131670737042,8.0,0,1,0
4668,147,19,154,68,430,0,0.5,0.57600318868478,0.08779885944325018,0.42399681131522005,4.0,1,1,1
4669,147,7,192,68,450,0,0.5,0.4656824801997316,0.0129392679675635,0.5343175198002684,7.0,1,1,1
4670,147,0,247,24,248,0,0.5,0.33485017718437393,0.04182984581758361,0.6651498228156261,23.0,1,1,1
4671,147,0,176,248,45,0,0.5,0.2507025665296593,0.002500460307962154,0.7492974334703407,10.0,1,1,1
4672,147,17,126,0,359,1,0.6453417236031532,0.5027726816786544,0.32469907606091514,0.787910765527652,17.0,0,0,0
4673,147,5,196,412,47,0,0.5,0.8409058228912036,0.18379015674070512,0.15909417710879636,6.0,0,1,1
4674,147,14,345,257,197,0,0.5,0.36777005774390115,0.13089995179655967,0.6322299422560989,10.0,1,1,1
4675,300,17,105,90,498,0,0.5,0.41329485575916936,0.14155251463242113,0.5867051442408306,8.0,1,1,1
4676,300,13,168,90,470,0,0.5788279175197386,0.3405659691209472,0.14697797895202,0.81708986591853,24.0,0,0,0
4677,300,0,128,450,445,1,0.5,0.5847474036883933,0.06040393855117495,0.4152525963116067,11.0,0,1,0
4678,300,0,224,213,290,1,0.8550955999944017,0.895918066913527,0.7774400419648939,0.8142731330752764,69.0,0,0,0
4679,300,12,255,20,249,0,0.5,0.35382126197359814,0.13387691222215478,0.6461787380264019,5.0,1,1,1
4680,300,19,70,90,224,1,0.5,0.5298179130635858,0.360375709765019,0.47018208693641417,8.0,0,0,0
4681,264,0,121,454,2,0,0.646962176259616,0.4689187061423659,0.2691661918619316,0.8250056463768661,26.0,0,0,0
4682,264,0,230,2,78,0,0.5,0.24472591763255844,0.1303560348119107,0.7552740823674415,30.0,0,1,0
4683,264,12,337,203,453,0,0.5,0.6397917031439644,0.0812055648500755,0.3602082968560356,4.0,1,1,1
4684,264,14,20,46,38,0,0.5,0.5148487862827442,0.28428033075811493,0.4851512137172558,2.0,1,1,1
4685,264,1,365,2,471,0,0.5,0.8500125113506242,0.012900088682418277,0.14998748864937583,20.0,1,1,1
4686,264,5,270,20,470,1,0.5,0.6282836006473441,0.41842661249512675,0.3717163993526559,3.0,0,1,0
4687,218,16,75,467,361,0,0.5,0.5503401888236643,0.03616332553832964,0.4496598111763357,3.0,1,1,1
4688,218,1,123,253,129,0,0.5,0.43275705045343005,0.20754573027701045,0.56724294954657,11.0,0,1,0
4689,218,13,166,412,467,0,0.5,0.5173584669718665,0.2190201464007978,0.4826415330281335,4.0,0,1,1
4690,218,0,290,467,253,0,0.5,0.6935150877002784,0.09667603409841889,0.30648491229972163,12.0,1,1,1
4691,218,5,157,379,227,1,0.5,1.0,0.03958771040389503,0.0,1.0,1,1,1
4692,218,15,98,279,250,0,0.5953648360004363,0.7229414008919127,0.37374749286861575,0.46778827110895993,9.0,0,0,0
4693,218,2,243,240,467,0,0.5,0.5346019613807634,0.007520410192866555,0.46539803861923656,2.0,1,1,1
4694,229,0,127,290,212,0,0.5882791792498624,0.4262618250568869,0.21167823134567584,0.7502965334428379,17.0,0,0,0
4695,229,0,94,290,212,0,0.5,0.28161920935218887,0.08127038019201832,0.7183807906478111,14.0,1,1,1
4696,229,12,26,290,0,0,0.6143032978685465,0.6724591851706916,0.39703750915118946,0.5561474105664016,5.0,0,0,0
4697,229,3,144,143,290,0,0.5,1.0,0.009607188351616917,0.0,1.0,1,1,1
4699,392,0,182,167,112,0,0.5,0.8128714572159144,0.00609714687717412,0.18712854278408564,5.0,1,1,1
4700,392,16,185,46,484,0,0.5,0.528407976245181,0.1385769851383742,0.471592023754819,4.0,1,1,1
4701,392,14,342,112,35,0,0.5,0.45581662546089236,0.05732384739685363,0.5441833745391076,5.0,1,1,1
4702,392,3,273,35,124,1,0.5,1.0,0.24261666140339402,0.0,1.0,1,1,1
4703,274,0,327,454,35,0,0.5,0.45145938290897325,0.09820608920198841,0.5485406170910267,11.0,1,1,1
4704,274,14,241,454,16,0,0.5,0.6244854009650369,0.004076268969555234,0.3755145990349631,6.0,1,1,1
4705,274,1,90,62,366,0,0.5,0.5002570854001548,0.23556074623789977,0.4997429145998452,7.0,0,1,0
4706,274,16,62,62,452,0,0.5,0.35555565773729264,0.03456168206203799,0.6444443422627073,4.0,1,1,1
4707,274,17,301,485,162,0,0.5,0.6305817975850098,0.05087573368312227,0.36941820241499024,2.0,1,1,1
4708,393,17,91,458,374,1,0.7570957648731702,0.6841712910893606,0.4572978298023532,0.8300202386569797,24.0,0,0,0
4709,393,19,57,458,374,1,0.6746388183667023,0.5638018899545661,0.323983676611082,0.7854757467788385,12.0,0,0,0
4710,393,0,51,458,324,1,0.7807078821435682,0.7905424199444766,0.6417061952573494,0.77087334434266,30.0,0,0,0
4711,393,0,26,458,324,0,0.7330912532922764,0.797101756914655,0.46638912330509386,0.6690807496698978,18.0,0,0,0
4712,393,4,188,458,108,1,0.790633437939726,0.8110087907986157,0.6802461695728079,0.7702580850808364,25.0,0,0,0
4713,393,16,158,458,374,0,0.7838550933776847,0.7866359080798266,0.6146054699870156,0.7810742786755427,42.0,0,0,0
4714,393,7,168,458,374,0,0.7379231506618015,0.7279105158285865,0.47984957669919354,0.7479357854950165,14.0,0,0,0
4715,388,0,190,476,245,0,0.5,0.4327985582381098,0.06013912573214398,0.5672014417618902,4.0,1,1,1
4716,388,1,93,36,451,0,0.5,1.0,0.19776829936475573,0.0,4.0,0,1,0
4717,388,18,23,246,479,0,0.0,0.0,0.0,0.0,1.0,1,1,1
4718,388,16,151,67,224,0,0.5,0.7864422161552962,0.2474731089938728,0.2135577838447038,5.0,0,1,0
4719,242,13,195,290,68,0,0.6047530277325663,0.5775645327959965,0.3191173855181464,0.6319415226691361,22.0,0,0,0
4720,242,16,167,350,130,0,0.6950571686513851,0.8565081149840102,0.36423363069661835,0.5336062223187599,6.0,0,0,0
4721,242,0,5,101,190,0,0.5,1.0,0.03958771040389503,0.0,1.0,1,1,1
4722,242,12,337,450,49,0,0.5,0.5214851306624568,0.14724621227715512,0.47851486933754317,6.0,0,1,0
4723,242,1,124,29,312,0,0.5,0.39411643109451094,0.09542879743628394,0.6058835689054891,19.0,0,1,0
4724,242,15,342,478,29,0,0.5,0.24809591123395586,0.036151245747866406,0.7519040887660442,31.0,1,1,1
4725,242,14,190,477,79,0,0.5,0.6187989076091613,0.11060963337285881,0.38120109239083866,4.0,1,1,1
4726,316,1,309,112,447,0,0.5,0.2717066332133952,0.10705351682451154,0.7282933667866047,44.0,0,1,0
4727,316,1,263,112,447,0,0.5877102518839924,0.40376627634395146,0.22632544197201593,0.7716542274240333,40.0,0,0,0
4728,316,0,98,124,135,0,0.624313954224338,0.5539587747048155,0.19822265777785725,0.6946691337438605,14.0,0,0,0
4729,316,0,222,124,475,0,0.5,0.1543962755453099,0.006293581369459683,0.8456037244546901,25.0,1,1,1
4730,316,15,231,124,475,0,0.7138782254686173,0.6241432190577058,0.40153174939080666,0.8036132318795289,28.0,0,0,0
4731,316,16,329,124,379,0,0.7308926748803901,0.7195544795022297,0.5321206841008272,0.7422308702585505,27.0,0,0,0
4732,316,13,351,379,53,0,0.5,0.3092482387218831,0.17023504939283654,0.6907517612781169,8.0,0,1,1
4733,148,14,205,386,322,1,0.5,0.43528085748018047,0.13837293792943986,0.5647191425198195,29.0,0,1,0
4734,148,2,190,115,15,0,0.5,0.39155140967836294,0.051796611221608405,0.608448590321637,17.0,1,1,1
4735,148,1,105,283,213,0,0.5997482482998755,0.41749199891774336,0.12393750909458745,0.7820044976820075,9.0,0,0,1
4736,148,0,59,115,335,0,0.5,0.2722356299327861,0.02520508193747236,0.7277643700672138,24.0,1,1,1
4737,148,0,304,322,15,0,0.5566281619304766,0.24824345226478356,0.11783722433428793,0.8650128715961697,121.0,0,0,0
4738,148,0,253,322,386,0,0.6154756942381385,0.3592308325791315,0.16170442054501394,0.8717205558971456,103.0,0,0,0
4739,148,12,119,322,115,0,0.5885958410365368,0.35583213589224405,0.18012618162940852,0.8213595461808296,32.0,0,0,0
4740,148,15,181,489,24,1,0.5,0.6096899046889623,0.24247533277926953,0.39031009531103766,4.0,1,1,1
4741,429,17,148,57,282,0,0.5,0.7091355273548482,0.052979426449059536,0.2908644726451518,2.0,1,1,1
4742,429,12,168,118,201,0,0.6560275808670661,0.7000632670364274,0.36638884070149647,0.6119918946977048,3.0,0,0,0
4743,429,0,8,480,135,0,0.5,1.0,0.02969757256548039,0.0,2.0,1,1,1
4744,429,1,341,140,491,0,0.6122463987890454,0.575037159394071,0.38172238473464815,0.64945563818402,15.0,0,0,0
4745,440,0,316,365,228,0,0.5633254044396624,0.3749970702379714,0.17607861084557638,0.7516537386413533,50.0,0,0,0
4746,440,15,170,365,433,0,0.5,0.49974683791803143,0.010158036446162642,0.5002531620819686,9.0,1,1,1
4747,440,12,26,201,433,0,0.5,0.3611583112046138,0.03812078331069579,0.6388416887953863,3.0,1,1,1
4748,440,14,162,433,228,0,0.6666617351316346,0.549194444519874,0.3323935666822751,0.7841290257433952,18.0,0,0,0
4749,440,19,199,362,17,0,0.5,0.5049508894765016,0.004877479892600253,0.4950491105234984,2.0,1,1,1
4750,377,15,295,9,301,1,0.8605342386150604,0.8698530837328956,0.7276408496878869,0.8512153934972252,105.0,0,0,0
4751,377,0,20,34,9,0,0.5,1.0,0.03958771040389503,0.0,1.0,1,1,1
4752,377,14,308,453,187,1,0.5,0.5049508894765016,0.09860155992683864,0.4950491105234984,2.0,1,1,1
4753,377,1,7,18,62,0,0.0,0.0,0.0,0.0,1.0,1,1,1
4754,377,19,181,412,38,0,0.5,0.4706687762603195,0.05117249403666602,0.5293312237396806,5.0,1,1,1
4755,54,1,327,277,168,0,0.5,0.6370239845011154,0.06912218571382497,0.3629760154988846,9.0,1,1,1
4756,54,13,287,83,186,0,0.5,0.3760771588711169,0.16210540682313698,0.6239228411288831,3.0,1,1,1
4757,54,14,208,456,467,0,0.5,0.3194179135456551,0.0817043676378587,0.6805820864543449,20.0,0,1,1
4758,54,0,247,467,456,1,0.5,0.3046324972753379,0.06200529225425015,0.6953675027246621,62.0,0,1,0
4759,54,0,268,357,456,0,0.5,0.21787947908008687,0.0791768837335672,0.7821205209199131,29.0,0,1,0
4760,54,0,348,448,364,0,0.5,0.46566834300880533,0.14958780879572564,0.5343316569911947,16.0,0,1,0
4761,54,12,335,496,357,0,0.5,0.6732458497880727,0.0814670408963249,0.32675415021192733,3.0,1,1,1
4762,54,12,209,357,220,0,0.5,0.4006189867243997,0.05040243916263063,0.5993810132756003,13.0,1,1,1
4763,54,15,43,467,238,0,0.5,0.4605833971505191,0.21282287368505656,0.5394166028494809,5.0,0,1,0
4764,54,2,355,289,112,0,0.5,0.5099008082260186,0.2532688799684641,0.4900991917739814,2.0,1,1,1
4765,139,0,71,38,493,0,0.5788615664025939,0.333622378892471,0.12618967186300012,0.8241007539127168,13.0,0,0,0
4766,139,0,20,38,9,0,0.5,0.6061335183028468,0.36446684404612434,0.3938664816971532,5.0,0,1,0
4767,139,0,188,198,279,0,0.5,0.27350304060027847,0.020040002276842737,0.7264969593997215,22.0,1,1,1
4768,139,15,264,279,332,0,0.5,0.5157004822490626,0.2786220432439745,0.4842995177509374,14.0,0,1,0
4769,139,13,233,90,120,0,0.5,0.5900354171692593,0.10791299912881852,0.40996458283074066,5.0,1,1,1
4770,139,14,334,198,9,0,0.5,0.4087555389214376,0.16781239493057967,0.5912444610785623,15.0,0,1,0
4771,139,12,323,444,279,0,0.5,0.7682399460004259,0.1271472401139107,0.2317600539995741,5.0,1,1,1
4772,139,18,253,212,279,0,0.5,0.5346019613807635,0.006603989778190016,0.46539803861923645,2.0,1,1,1
4773,252,0,79,221,279,0,0.5,0.2826705152706103,0.1043505191303362,0.7173294847293896,17.0,0,1,0
4774,252,0,103,38,253,0,0.5886656668447859,0.509249029063378,0.2360171657474307,0.6680823046261939,17.0,0,0,0
4775,252,14,293,231,38,0,0.5,0.5127350798311567,0.2363262405520324,0.48726492016884326,7.0,0,1,0
4776,252,15,114,130,60,0,0.5,1.0,0.03750765556090795,0.0,4.0,1,1,1
4777,252,1,73,68,223,0,0.5,0.4318863540383394,0.0828366082205759,0.5681136459616606,4.0,1,1,1
4778,397,1,86,477,478,0,0.5,0.42590513663407686,0.06918312752655727,0.5740948633659231,8.0,1,1,1
4779,397,12,103,323,190,0,0.6134853979451953,0.6993457375054232,0.3364760433883788,0.5276250583849675,5.0,0,0,0
4780,397,0,186,375,101,0,0.5,0.41500534853222276,0.15286187445908433,0.5849946514677773,11.0,0,1,0
4781,397,14,55,495,29,0,0.5,1.0,0.3639673775131749,0.0,2.0,0,1,1
4782,397,18,87,179,205,0,0.5,1.0,0.12811741705522012,0.0,2.0,1,1,1
4783,38,14,198,493,279,1,0.5,0.4926573081335383,0.2692768053308189,0.5073426918664616,7.0,0,1,0
4784,38,0,121,493,103,0,0.5,0.26027500506451795,0.04119018381353544,0.739724994935482,13.0,1,1,1
4785,38,0,72,139,253,0,0.5717188630112873,0.303405306041473,0.13395765038635127,0.8400324199811017,13.0,0,0,0
4786,38,0,308,493,258,0,0.5582955451196311,0.283174037557174,0.1277913338090261,0.8334170526820882,54.0,0,0,0
4787,38,2,148,415,9,1,0.693863193672067,0.7976266368021284,0.6359538223611498,0.5900997505420055,17.0,0,0,0
4788,38,16,349,419,258,0,0.8809078404719622,0.8862036861482164,0.7716945765343329,0.8756119947957081,93.0,0,0,0
4789,38,1,167,79,463,0,0.5,0.3270619603293902,0.031756323011451704,0.6729380396706097,8.0,1,1,1
4790,38,13,99,14,378,1,0.0,0.0,0.0,0.0,1.0,1,1,1
4791,272,0,175,48,305,0,0.5,0.3857181173833008,0.00485827289256232,0.6142818826166991,11.0,1,1,1
4792,272,0,273,450,38,0,0.6556850452041905,0.5733052819820856,0.3175482848685406,0.7380648084262953,50.0,0,0,0
4793,272,17,258,48,292,0,0.5,0.5111700206757682,0.21245015765043096,0.4888299793242318,6.0,0,1,1
4794,272,13,142,113,90,0,0.5,0.31115565494055963,0.18178874588434274,0.6888443450594404,10.0,0,1,1
4795,272,15,259,333,450,0,0.5,0.5346019613807635,0.2547270255098827,0.46539803861923645,2.0,1,1,1
4796,272,14,184,450,292,0,0.5,0.9391396692919233,0.03998256567968445,0.060860330708076726,6.0,1,1,1
4797,208,13,173,246,157,1,0.6007528941543122,0.3487746952913167,0.15300210602392358,0.8527310930173078,69.0,0,0,0
4798,208,13,274,157,246,0,0.7136756382842594,0.5646212527956102,0.3127654645514921,0.8627300237729086,104.0,0,0,0
4799,208,13,266,157,246,0,0.6828025210420614,0.5157470906997884,0.2786003337308412,0.8498579513843345,98.0,0,0,0
4800,208,14,344,434,32,0,0.5,0.5049508894765015,0.28410009503934125,0.49504911052349854,2.0,1,1,1
4801,208,2,310,161,451,0,0.5,1.0,0.036588067762605245,0.0,1.0,1,1,1
4802,114,0,313,129,54,1,0.8707482031871991,0.889642388455311,0.7878573910779176,0.8518540179190872,177.0,0,0,0
4803,114,0,8,129,472,0,0.5,0.8180825402001805,0.19816563168319873,0.18191745979981955,6.0,0,1,0
4804,114,0,38,129,471,0,0.8293031904946631,0.8797934109931548,0.6554433320378111,0.7788129699961714,20.0,0,0,0
4805,114,13,198,129,79,0,0.6990018987170952,0.6299307670691864,0.31017216523992003,0.7680730303650039,14.0,0,0,0
4806,114,15,196,129,462,1,0.8618788109307198,0.8838085290495117,0.7719825039228608,0.8399490928119281,77.0,0,0,0
4807,114,12,347,129,201,0,0.8533842278989205,0.8983647889168368,0.807315893051447,0.8084036668810043,136.0,0,0,0
4808,114,14,144,129,190,0,0.8155226024544319,0.860629276561514,0.7318176012612795,0.7704159283473497,35.0,0,0,0
4809,114,1,352,129,470,0,0.8426731877862099,0.8707956826029872,0.7575206571318068,0.8145506929694325,138.0,0,0,0
4810,114,18,335,129,467,0,0.7545553088520244,0.8117239962438966,0.6651497399525159,0.6973866214601522,65.0,0,0,0
4811,114,19,253,129,54,0,0.5,0.28068181045293494,0.02832164600226903,0.7193181895470651,25.0,1,1,1
4812,375,0,357,195,168,0,0.6327340112456543,0.5388494403391793,0.3519863378584878,0.7266185821521293,85.0,0,0,0
4813,375,0,322,195,323,0,0.6520839261564626,0.5156950186577761,0.27947842570876685,0.7884728336551491,76.0,0,0,0
4814,375,1,346,123,195,0,0.5,0.5099008082260187,0.0671939031136629,0.4900991917739813,4.0,1,1,1
4815,375,12,182,168,195,1,0.5,0.2928680278674634,0.16983466743520687,0.7071319721325366,17.0,0,1,0
4816,250,1,237,29,223,0,0.5,0.7388564477772025,0.021690581223464577,0.2611435522227975,9.0,1,1,1
4817,250,0,116,312,24,0,0.5,0.5593245265692051,0.2664448953211531,0.44067547343079494,8.0,0,1,0
4818,250,0,349,101,48,0,0.5,0.25354138130194304,0.13562872515917931,0.746458618698057,16.0,0,1,0
4819,250,14,63,181,449,0,0.5,0.5049508894765016,0.31829823868753043,0.4950491105234984,2.0,1,1,1
4820,250,3,264,429,162,0,0.5,1.0,0.10408635842026184,0.0,2.0,1,1,1
4821,250,4,139,445,51,0,0.5,1.0,0.4620078316890342,0.0,3.0,0,1,0
4822,120,0,199,94,126,0,0.6636634996370904,0.6962429629993705,0.37853145808453614,0.6310840362748102,20.0,0,0,0
4823,120,13,165,9,84,0,0.6039110680852754,0.42407242833901143,0.23735170627177044,0.7837497078315394,35.0,0,0,0
4824,120,13,212,9,126,0,0.6096270817682024,0.34840382365482075,0.1785183321515464,0.870850339881584,62.0,0,0,0
4825,120,13,158,9,84,0,0.5900380741442637,0.41691471506929967,0.1940042680846184,0.7631614332192277,33.0,0,0,0
4826,120,1,183,470,312,1,0.7680356376459592,0.6979735878991121,0.5169296533902864,0.8380976873928061,33.0,0,0,0
4827,120,16,188,126,488,0,0.5,1.0,0.35305830614945494,0.0,4.0,0,1,0
4828,120,8,332,40,242,0,0.5,0.7348802985545877,0.5742793953257,0.2651197014454123,4.0,0,1,0
4829,370,0,39,423,278,0,0.5,0.438112216225713,0.08920472958697079,0.561887783774287,9.0,0,1,1
4830,370,3,278,423,291,0,0.6943685960658853,0.8533207189897706,0.3741234294956051,0.535416473142,5.0,0,0,1
4831,370,1,222,423,112,1,0.5,0.31869430488177714,0.06353933789559307,0.6813056951182228,21.0,1,1,1
4832,370,2,131,423,284,0,0.5,0.25909487906946316,0.010297405757696472,0.7409051209305368,6.0,1,1,1
4833,238,0,180,254,335,0,0.5,0.2500144488362252,0.08866979171917008,0.7499855511637747,16.0,0,1,0
4834,238,2,113,179,269,0,0.5,1.0,0.009901778953000227,0.0,2.0,1,1,1
4835,238,1,334,461,362,0,0.5,0.2763519070101354,0.09228838876070596,0.7236480929898645,5.0,1,1,1
4836,238,13,342,157,73,0,0.6106584236661208,0.504812549341517,0.2122865106208813,0.7165042979907245,20.0,0,0,0
4837,238,4,221,147,279,0,0.5,0.7664283454743543,0.1224868002503285,0.23357165452564566,2.0,1,1,1
4838,363,0,247,234,453,0,0.5,0.3779327544647956,0.21825647916667443,0.6220672455352044,10.0,0,1,0
4839,363,17,173,120,60,1,0.8290490399536066,0.8430662386693436,0.6440001056232318,0.8150318412378696,30.0,0,0,0
4840,363,14,279,345,301,0,0.5,0.5542471996064685,0.11196392158669032,0.4457528003935315,2.0,1,1,1
4841,363,12,358,478,155,0,0.5,0.6200611619949059,0.08525402164221806,0.3799388380050941,3.0,1,1,1
4842,363,16,337,9,477,0,0.5,0.5595138465253687,0.07896923358196878,0.44048615347463127,5.0,1,1,1
4843,363,6,301,14,213,1,0.5,0.6533801913667161,0.39638316355505193,0.3466198086332839,3.0,0,1,1
4844,299,13,323,390,157,0,0.5,0.2729886079438042,0.11269137674346671,0.7270113920561958,51.0,0,1,0
4845,299,1,194,179,445,0,0.7195347257205433,0.6365418337288964,0.4063625759570741,0.8025276177121904,14.0,0,0,0
4846,299,0,194,205,179,0,0.5,0.2471067540287741,0.13747904069206496,0.7528932459712259,42.0,0,1,0
4847,299,16,21,193,179,0,0.7401030723990212,1.0,0.41039374026099,0.48020614479804224,4.0,0,0,0
4848,299,18,253,11,494,0,0.5,1.0,0.2427089332140606,0.0,2.0,1,1,1
4849,299,7,166,179,200,0,0.7149813930574689,0.8971372188672936,0.7571618897959679,0.5328255672476441,9.0,0,0,0
4850,385,1,160,268,197,0,0.5,0.5772052548894664,0.10604274081357683,0.4227947451105336,9.0,1,1,1
4851,385,0,101,268,333,0,0.5716317821134447,0.35524707317614346,0.14125494246339576,0.7880164910507459,32.0,0,0,0
4852,385,0,138,268,333,0,0.5948029768423307,0.4052270214479254,0.20110979757038427,0.784378932236736,48.0,0,0,0
4853,385,15,315,453,298,0,0.7264763794576783,0.7927944160594681,0.44020959482805216,0.6601583428558884,10.0,0,0,0
4854,385,16,120,471,268,0,0.5,0.33478098175901766,0.1671534058266239,0.6652190182409823,5.0,1,1,1
4855,435,17,303,475,453,0,0.5,0.6600439093131497,0.13484904832277636,0.3399560906868503,3.0,1,1,1
4856,435,19,341,495,79,1,0.7302367548883595,0.709719174899713,0.48069411961101505,0.750754334877006,43.0,0,0,0
4857,435,0,327,79,173,0,0.5,0.32124721529839945,0.020888167988888803,0.6787527847016006,19.0,1,1,1
4858,435,18,315,38,325,1,0.5,0.6588720390112647,0.42251593665598963,0.3411279609887353,5.0,0,1,0
4859,275,1,299,13,424,0,0.5,0.3570904792860776,0.15523747881090633,0.6429095207139224,30.0,0,1,1
4860,275,0,161,357,164,0,0.8251037938166158,0.8624687427753397,0.6691322268203672,0.7877388448578919,55.0,0,0,0
4861,275,12,224,323,13,0,0.5,0.39381424545733584,0.10204212367410569,0.6061857545426641,6.0,1,1,1
4862,275,8,254,147,379,0,0.5,0.6946445014479113,0.21367572756107647,0.30535549855208866,3.0,0,1,1
4863,275,17,211,17,379,0,0.5,1.0,0.3461697796553173,0.0,3.0,0,1,0
4864,275,5,338,441,13,1,0.5,1.0,0.17193867474737368,0.0,2.0,1,1,1
4865,278,0,324,35,112,0,0.6667875716883458,0.5386923279008231,0.33067061881779064,0.7948828154758685,82.0,0,0,0
4866,278,0,124,35,112,0,0.5763410468330372,0.3187053089284837,0.10468595677561404,0.8339767847375906,24.0,0,0,0
4867,278,12,62,112,62,0,0.5,0.2822172081159638,0.12764020147604496,0.7177827918840363,6.0,1,1,1
4868,278,14,202,358,448,1,0.5,0.5150691717370256,0.23723846408922883,0.4849308282629744,9.0,0,1,0
4869,278,1,190,448,112,0,0.584491365357612,0.379095163431476,0.18605338062177587,0.789887567283748,11.0,0,0,0
4870,278,3,284,484,448,0,0.5,0.7307308766791498,0.10222813342752954,0.2692691233208502,7.0,1,1,1
4871,96,13,328,53,290,1,0.8561120153226571,0.8708175510499883,0.7572455107610991,0.8414064795953259,200.0,0,0,0
4872,96,13,144,53,7,0,0.8522650431208589,0.8702677355733321,0.7309063912669056,0.8342623506683857,96.0,0,0,0
4873,96,17,321,53,7,1,0.7611675948868485,0.8612247503694404,0.7431164660917834,0.6611104394042566,87.0,0,0,0
4874,96,12,119,53,445,1,0.7195113376696802,0.7134412597222652,0.49324283512569583,0.7255814156170951,26.0,0,0,0
4875,96,16,89,53,157,0,0.6590275474638487,0.5492564793928515,0.2673937299486631,0.7687986155348461,29.0,0,0,0
4876,96,14,75,53,132,1,0.6223311519473159,0.5623425874289305,0.30156694177074705,0.6823197164657013,10.0,0,0,0
4877,96,0,328,53,487,0,0.5914079550495221,0.4148114786259203,0.20063047109716764,0.768004431473124,103.0,0,0,0
4878,96,3,95,53,7,0,0.5,0.40540659376981525,0.1630234304093028,0.5945934062301848,8.0,0,1,0
4879,425,0,55,466,135,0,0.5,0.40308616696544725,0.07973991892086127,0.5969138330345527,11.0,0,1,0
4880,425,0,247,257,192,1,0.7211209716225275,0.6502308421203601,0.4059218333976952,0.7920111011246949,67.0,0,0,0
4881,425,19,50,0,135,0,0.0,0.0,0.0,0.0,1.0,1,1,1
4882,425,18,167,304,49,0,0.5,1.0,0.009901778952997507,0.0,1.0,1,1,1
4883,398,0,189,60,39,0,0.6133420777758618,0.6332844968437866,0.2804948917729058,0.5933996587079369,16.0,0,0,0
4884,398,13,328,69,60,0,0.5,0.3119630295823516,0.032561715632550434,0.6880369704176483,14.0,1,1,1
4885,398,1,301,162,478,1,0.5,0.970021206384747,0.04322378411689079,0.02997879361525302,10.0,1,1,1
4886,398,7,330,478,68,0,0.5,1.0,0.42252866092046437,0.0,2.0,0,1,1
4887,353,13,327,60,217,0,0.5,0.39145809415517313,0.18968549581786823,0.6085419058448269,14.0,0,1,1
4888,353,14,1,101,0,0,0.5,1.0,0.99999999999898,0.0,1.0,1,1,1
4889,353,5,247,90,113,1,0.5,0.6387879613687579,0.2899852537152902,0.36121203863124207,7.0,0,1,1
4890,430,18,285,423,118,0,0.5,1.0,0.44381822167328383,0.0,3.0,0,1,1
4891,430,0,54,161,130,1,0.5,0.5305754378300525,0.16423589960400303,0.46942456216994755,5.0,0,1,0
4892,430,15,321,451,44,0,0.5674260294145266,0.49784688273883776,0.2462350052270272,0.6370051760902153,16.0,0,0,0
4893,430,9,209,2,325,0,0.6701671398900833,0.8264292434415128,0.5495512702326077,0.5139050363386538,3.0,0,0,1
4894,53,1,184,96,485,0,0.852654697387963,0.8650759052025461,0.7463991872634071,0.84023348957338,74.0,0,0,0
4895,53,0,164,96,105,0,0.7859721453794024,0.7412229465329678,0.571867082307115,0.8307213442258371,65.0,0,0,0
4896,53,0,337,96,157,0,0.726690406781501,0.6983955823245168,0.4922604746730772,0.7549852312384853,114.0,0,0,0
4897,53,16,78,96,158,0,0.8661431480835513,0.9233910879581948,0.8225107852719626,0.8088952082089077,29.0,0,0,0
4898,53,15,137,96,284,0,0.5,0.30742962567553134,0.11941936676814018,0.6925703743244687,10.0,1,1,1
4899,53,12,51,96,132,0,0.6239243324707163,0.6594066093211637,0.2942197358321165,0.588442055620269,8.0,0,0,0
4900,53,13,344,96,157,0,0.6069981672822994,0.37870281183828564,0.2086656523398566,0.8352935227263132,138.0,0,0,0
4901,53,9,319,96,16,0,0.5740915986734746,0.7060693721881673,0.448569958931102,0.44211382515878184,18.0,0,0,0
4902,53,2,233,96,212,0,0.6233481946494499,0.6357258620137819,0.3630742107126904,0.6109705272851178,5.0,0,0,1
4903,366,1,201,269,452,0,0.7159856461769722,0.6195554369462758,0.37696370585456823,0.8124158554076687,51.0,0,0,0
4904,366,1,81,452,399,0,0.6307595962757311,0.43764126176940127,0.23047307096107478,0.8238779307820608,17.0,0,0,0
4905,366,15,205,452,19,0,0.5,0.23468025937475576,0.07835962078994203,0.7653197406252442,37.0,0,1,0
4906,366,12,217,19,452,0,0.5,0.2426425007881993,0.10393653018668042,0.7573574992118007,25.0,0,1,0
4907,366,0,167,452,26,0,0.5,0.20729840341856606,0.026005299914529954,0.7927015965814339,24.0,1,1,1
4908,366,3,50,452,237,0,0.5,1.0,0.18595109432684284,0.0,1.0,1,1,1
4909,366,7,27,79,478,0,0.0,0.0,0.0,0.0,1.0,1,1,1
4910,330,0,271,379,244,0,0.8320010983882412,0.8072666317824796,0.6767707427788646,0.8567355649940028,120.0,0,0,0
4911,330,12,53,379,327,1,0.5,0.5629929850853392,0.3597689674563356,0.43700701491466076,8.0,0,1,0
4912,330,16,301,379,30,1,0.7058098169652481,0.7737653751170531,0.620355292720965,0.6378542588134432,54.0,0,0,0
4913,330,1,333,379,316,1,0.7950762873898183,0.7896534934391998,0.6281132334562342,0.8004990813404369,111.0,0,0,0
4914,330,14,113,379,24,0,0.834883481018573,0.8138997600735244,0.6698637807195807,0.8558672019636215,25.0,0,0,0
4915,330,15,212,379,489,0,0.8210501138148438,0.8787033118883936,0.7501832856633831,0.763396915741294,34.0,0,0,0
4916,330,8,258,379,241,0,0.5,0.9126317940337351,0.3690807283203456,0.08736820596626493,8.0,0,1,1
4917,373,0,33,55,494,1,0.5,1.0,0.029175254333670627,0.0,3.0,1,1,1
4918,373,16,348,451,442,0,0.5768300098528751,0.49972370058231874,0.31764852682294653,0.6539363191234315,51.0,0,0,0
4919,373,15,233,0,17,0,0.5,0.5538337581505094,0.014757488796613238,0.4461662418494906,10.0,1,1,1
4920,373,1,304,157,466,0,0.5,0.40139973229762516,0.2214536343081831,0.5986002677023748,20.0,0,1,0
4921,373,14,176,274,255,0,0.669282410499421,0.7213567665865891,0.3452031633960631,0.6172080544122531,8.0,0,0,0
4922,373,12,157,397,263,0,0.5,0.7820437529862193,0.06352207889866832,0.2179562470137807,5.0,1,1,1
4923,373,4,112,451,157,1,0.5,0.5255417049189524,0.10817476174508672,0.47445829508104764,6.0,1,1,1
4924,373,18,153,451,179,0,0.5,0.4637013006643902,0.16489179040239896,0.5362986993356098,4.0,1,1,1
4925,314,0,189,334,24,0,0.7656400972060984,0.6902750768946228,0.48100421106722835,0.8410051175175741,79.0,0,0,0
4926,314,0,244,334,474,0,0.7025162046068303,0.6348096471667168,0.4096361222409667,0.7702227620469437,107.0,0,0,0
4927,314,1,13,334,206,0,0.5,0.667690716070826,0.17058749228933104,0.332309283929174,8.0,0,1,0
4928,314,16,162,334,33,1,0.8707693513923312,0.8764156276333501,0.7246103960393996,0.8651230751513124,32.0,0,0,0
4929,314,14,96,334,24,0,0.5847567414836627,0.43158697875104896,0.24314423956325765,0.7379265042162766,8.0,0,0,0
4930,314,2,40,289,334,0,0.5,1.0,0.11725710215004656,0.0,3.0,1,1,1
4931,314,13,230,465,334,0,0.5,0.23899115427106182,0.12010094830427319,0.7610088457289381,27.0,0,1,0
4932,181,0,153,368,301,0,0.5,0.23311159341815674,0.12031025001658414,0.7668884065818433,9.0,1,1,1
4933,181,15,278,348,301,0,0.5,0.9565949975344877,0.02449383119839516,0.043405002465512266,4.0,1,1,1
4934,181,15,232,301,223,0,0.5,0.519347214290229,0.14881005198238118,0.480652785709771,20.0,1,1,1
4935,181,13,61,491,56,0,0.5,0.7752170766937304,0.4293904418233792,0.2247829233062696,5.0,0,1,0
4936,181,14,15,498,66,0,0.5,1.0,0.02969757256547226,0.0,1.0,1,1,1
4937,181,1,317,301,151,0,0.6150600596789421,0.6441176994470077,0.3523670755002869,0.5860024199108764,31.0,0,0,0
4938,181,4,16,454,250,1,0.5,0.757376831044005,0.3509053284573655,0.242623168955995,4.0,0,1,0
4939,181,8,222,190,282,0,0.5,1.0,0.19549292259042161,0.0,1.0,1,1,1
4940,260,0,201,161,57,0,0.5815859571091592,0.3433636440467731,0.20043327864468138,0.8198082701715452,20.0,0,0,0
4941,260,0,173,161,401,0,0.5949383595216362,0.399558726038553,0.2176503348306167,0.7903179930047194,19.0,0,0,0
4942,260,1,350,57,456,0,0.5,0.31804959441242747,0.006101965707622269,0.6819504055875725,29.0,1,1,1
4943,260,1,85,480,161,0,0.5,0.2637123316079921,0.05082091942214456,0.7362876683920079,13.0,1,1,1
4944,260,12,138,148,480,0,0.5,0.3626433037471038,0.03707477263981239,0.6373566962528963,5.0,1,1,1
4945,260,2,315,379,212,0,0.5,0.9845975586747322,0.2359538648206325,0.015402441325267802,4.0,1,1,1
4946,260,14,31,77,243,0,0.5,0.5591345615592009,0.10955591757105282,0.44086543844079906,2.0,1,1,1
4947,260,13,148,466,243,0,0.5,1.0,0.3386362982734576,0.0,2.0,0,1,0
4948,408,0,212,83,457,0,0.5,0.26620928534777244,0.1220247224416627,0.7337907146522276,10.0,1,1,1
4949,408,1,10,190,90,0,0.5,1.0,0.01980161645202719,0.0,1.0,1,1,1
4950,408,13,211,479,191,0,0.6018521583389153,0.5838486487609507,0.3469126845582808,0.6198556679168798,12.0,0,0,0
4952,85,12,302,92,423,0,0.8099636784110429,0.7623674501358252,0.5958255471553939,0.8575599066862605,159.0,0,0,0
4953,85,13,230,92,284,0,0.7622180715272091,0.6838431912300755,0.5028668320124466,0.8405929518243426,112.0,0,0,0
4954,85,13,224,92,284,0,0.790141920904509,0.7464316950775671,0.5881099660959666,0.8338521467314508,111.0,0,0,0
4955,85,5,325,157,5,0,0.5535992212432833,0.24364553263483532,0.10498988117930598,0.8635529098517314,50.0,0,0,0
4956,85,0,303,92,5,1,0.62099027280903,0.4947265327547675,0.19544529627668913,0.7472540128632925,56.0,0,0,0
4957,85,16,160,92,160,1,0.7666623691487484,0.8354143427852024,0.7062622415881212,0.6979103955122944,40.0,0,0,0
4958,85,2,277,423,215,0,0.5,0.5454623976376807,0.2337783211105166,0.4545376023623193,22.0,0,1,0
4959,85,10,50,92,388,0,0.5,0.5809850462487676,0.060328992893008145,0.41901495375123243,3.0,1,1,1
4960,436,0,360,4,488,0,0.6156958436282183,0.5752159567303675,0.34725144502454897,0.6561757305260689,18.0,0,0,0
4961,436,13,44,170,157,0,0.77145864115077,0.9411144173707903,0.6679738994639927,0.6018028649307496,11.0,0,0,0
4962,436,1,173,170,67,0,0.5,0.31037714216299617,0.01558689336723054,0.6896228578370038,12.0,1,1,1
4963,436,16,322,170,89,0,0.5,0.45098344303871446,0.1915719331112778,0.5490165569612855,15.0,1,1,1
4964,355,14,323,1,489,0,0.6703768547957214,0.6883230417909582,0.3056662102769345,0.6524306678004845,11.0,0,0,0
4965,355,0,58,36,489,0,0.5,0.6615740543665093,0.14030508749821988,0.3384259456334907,4.0,1,1,1
4966,355,15,33,146,101,0,0.5,1.0,0.1328155271924741,0.0,2.0,1,1,1
4967,355,1,296,1,114,0,0.5,0.3620866651314013,0.16238851767840282,0.6379133348685987,17.0,1,1,1
4968,355,16,40,146,159,0,0.5,0.684032052666623,0.4751061854080978,0.31596794733337696,2.0,1,1,1
4969,291,13,325,390,179,0,0.5746982611055085,0.4080088464733447,0.20525832585877435,0.7413876757376724,70.0,0,0,0
4970,291,0,254,423,179,1,0.5765689732971491,0.3808785342239973,0.19681443221521094,0.7722594123703009,35.0,0,0,0
4971,291,0,158,179,299,0,0.5,0.4016473352471257,0.1353794889153903,0.5983526647528743,16.0,0,1,0
4972,291,1,229,335,293,0,0.5,0.5006044842290506,0.2950096125128502,0.4993955157709494,8.0,0,1,0
4973,291,5,305,157,179,0,0.5,0.320734177197056,0.17152593342325378,0.679265822802944,9.0,1,1,1
4974,291,12,209,335,3,0,0.7539265340024943,0.8962158773715124,0.7433635499371103,0.6116371906334761,10.0,0,0,0
4975,130,15,66,112,68,1,0.5,0.43602094979219186,0.1271945356679506,0.5639790502078081,6.0,0,1,0
4976,130,0,93,161,242,0,0.6399955103518356,0.5920221653640323,0.30691930053720595,0.6879688553396387,15.0,0,0,0
4977,130,12,61,469,158,0,0.5,0.42241581267561273,0.06931994477206438,0.5775841873243872,3.0,1,1,1
4978,130,1,100,112,297,0,0.5,0.4120256022115081,0.11444083317432727,0.5879743977884919,9.0,0,1,1
4979,130,19,293,152,370,0,0.5,0.95168812685716,0.003078231657743278,0.04831187314284002,4.0,1,1,1
4980,130,16,6,152,339,1,0.5,1.0,0.48298418028444934,0.0,3.0,0,1,0
4981,130,2,38,24,484,0,0.5,1.0,0.00990177895299781,0.0,1.0,1,1,1
4982,109,0,146,460,176,0,0.5,0.38658371341464337,0.06884148064871103,0.6134162865853566,8.0,1,1,1
4983,109,0,238,335,460,0,0.7349451962623093,0.6797739737556134,0.4700212892555928,0.7901164187690052,31.0,0,0,0
4984,109,1,201,63,328,0,0.5,0.4022764151904691,0.09934151181078216,0.5977235848095309,21.0,1,1,1
4985,109,14,9,92,59,0,0.5,1.0,0.04416312478689122,0.0,2.0,1,1,1
4986,109,12,199,335,485,0,0.6785201314241183,0.5648230124862749,0.3431419587442836,0.7922172503619616,19.0,0,0,0
4987,109,16,124,328,445,0,0.5,0.7350345703601573,0.09150726655578775,0.2649654296398427,4.0,1,1,1
4988,109,6,196,6,335,0,0.5,1.0,0.17330229428689709,0.0,2.0,1,1,1
4989,109,9,4,87,0,0,0.5,1.0,0.9999999999989999,0.0,1.0,1,1,1
4990,109,17,44,177,90,0,0.5,0.5197938552019578,0.1292202858351951,0.48020614479804224,2.0,1,1,1
4991,109,2,218,328,158,0,0.6511205519224504,0.6105275161999393,0.2418291397584277,0.6917135876449616,6.0,0,0,1
4992,327,1,51,142,331,0,0.5,0.3951202722417165,0.08911353688365448,0.6048797277582836,3.0,1,1,1
4993,327,6,73,331,443,0,0.5,1.0,0.32894702012205124,0.0,2.0,1,1,1
4994,327,14,57,334,447,0,0.5,0.7231445459166015,0.3275588356341691,0.2768554540833985,4.0,0,1,0
4995,327,0,92,331,93,0,0.6475327262956226,0.47918727096278896,0.2342402262163356,0.8158781816284564,13.0,0,0,0
4996,327,12,168,400,267,0,0.5,0.3306129602280561,0.060476433574158536,0.6693870397719439,11.0,1,1,1
4997,327,9,243,73,416,0,0.698891383421201,1.0,0.4972943281006497,0.3977827668424021,4.0,0,0,1
4998,421,12,348,236,3,0,0.5,0.7698075731148685,0.21448777193280774,0.23019242688513153,5.0,0,1,0
4999,421,17,188,244,328,0,0.5,1.0,0.009901778952919722,0.0,1.0,1,1,1
