query_id,subject,relation,timestamp,winner,runner,correct,certificate,fragility_cost,counter_evidence_cost,diversity,support,event_flip,window_flip,counter_flip
2,1426,160,204,4564,6522,0,0.5,1.0,0.009901778952990912,0.0,1.0,1,1,1
5,5395,56,90,1077,5922,1,0.7625025153333671,0.8021084326326614,0.5858925486861946,0.7228965980340727,5.0,0,0,0
6,5395,56,135,1077,6890,1,0.6885762152069779,0.8240936269645066,0.631742808827668,0.5530588034494492,9.0,0,0,0
7,5395,56,315,1077,6650,1,0.5,0.5004315467767222,0.28822715608119026,0.4995684532232778,18.0,1,1,1
8,5395,142,50,711,6788,0,0.5,0.6535133730018663,0.2520710857327487,0.3464866269981337,3.0,0,1,0
9,5395,142,115,711,6704,0,0.5796784954930699,0.6635073131077953,0.38477716981074683,0.49584967787834455,9.0,0,0,0
10,5395,142,155,711,6890,0,0.7184201265227648,0.7632461144792102,0.5711445661228952,0.6735941385663193,14.0,0,0,0
11,5395,142,361,5527,711,1,0.7740727906414295,0.9591083218472333,0.8041344055399176,0.5890372594356258,10.0,0,0,0
12,5395,142,94,6704,711,1,0.5,1.0,0.22341095950646336,0.0,3.0,0,1,0
14,5395,38,97,1503,1215,0,0.7968082560621874,0.7829539097744402,0.6359407482790038,0.8106626023499346,12.0,0,0,0
15,5395,38,99,1503,1215,0,0.7968082560621874,0.7829539097744401,0.6359407482789997,0.8106626023499346,12.0,0,0,0
16,5395,38,237,1503,1121,1,0.6425620922367872,0.523776492685626,0.35182722427741225,0.7613476917879485,22.0,0,0,0
17,5395,38,213,1503,1121,0,0.5753218361409023,0.37449930898718425,0.22716200781889706,0.7761443632946203,21.0,0,0,0
18,5395,38,350,1503,4283,1,0.5,0.47856653254589826,0.22468642823282817,0.5214334674541017,30.0,0,1,0
19,5395,38,281,1503,4283,1,0.5751257956210672,0.5206679414220355,0.3244914645561684,0.629583649820099,24.0,0,0,0
20,5395,38,229,1503,1121,0,0.5753218361409023,0.3744993089871843,0.2271620078188855,0.7761443632946203,21.0,0,0,0
21,5395,38,192,1503,1121,0,0.6686525200450979,0.5428947648411643,0.3627705474164189,0.7944102752490316,19.0,0,0,0
22,5395,207,177,711,3205,0,0.5,1.0,0.03461900655444864,0.0,1.0,1,1,1
23,5395,207,305,711,3205,0,0.5,1.0,0.03461900655385422,0.0,1.0,1,1,1
24,5395,160,270,1215,4117,0,0.5,1.0,0.07905153228865501,0.0,1.0,1,1,1
25,5395,160,66,873,2460,0,0.5,1.0,0.17637406352423185,0.0,1.0,1,1,1
26,5395,115,339,3262,2290,0,0.5,0.9978052706332818,0.540687654953163,0.002194729366718162,2.0,1,1,1
27,5395,115,313,2290,6635,0,0.5,1.0,0.10357478783706522,0.0,1.0,1,1,1
28,5395,42,90,1077,0,1,0.5,1.0,0.99999999999898,0.0,1.0,1,1,1
29,5395,53,289,4350,5474,0,0.5,1.0,0.3333333333331111,0.0,1.0,1,1,1
30,5395,222,152,6890,1503,0,0.5,1.0,0.09869865099266324,0.0,1.0,1,1,1
32,5395,47,244,6635,1077,0,0.5,1.0,0.027058425722276888,0.0,1.0,1,1,1
33,4702,53,304,956,3341,0,0.6477998521891533,0.5751720247760093,0.39581692948114705,0.7204276796022973,49.0,0,0,0
34,4702,53,12,3232,127,0,0.5,0.6732458497880726,0.1950930127357914,0.32675415021192744,3.0,1,1,1
35,4702,53,112,956,6200,0,0.5,0.27873507085801474,0.10498936805167593,0.7212649291419853,11.0,0,1,1
36,4702,53,207,956,3341,0,0.7690874025767878,0.8364272626597097,0.668984147671422,0.7017475424938657,32.0,0,0,0
37,4702,53,6,127,3232,0,0.0,0.0,0.0,0.0,1.0,1,1,1
38,4702,53,50,956,6293,1,0.5,0.45709932629124794,1.1461727325443685e-05,0.5429006737087521,4.0,1,1,1
39,4702,53,59,956,6293,0,0.5,0.5008637000046431,0.14639976329994817,0.4991362999953569,5.0,0,1,1
40,4702,53,32,6293,956,0,0.5,1.0,0.026794814174559242,0.0,4.0,1,1,1
41,4702,53,25,6293,3232,0,0.5,1.0,0.24319236335141362,0.0,4.0,0,1,0
42,4702,53,111,956,6200,0,0.5,0.2787350708580148,0.10498936805167615,0.7212649291419853,11.0,0,1,1
43,4702,53,237,956,2617,0,0.7455389901607599,0.7893304378276539,0.562570253466563,0.7017475424938657,32.0,0,0,0
44,4702,53,55,956,6293,0,0.5,0.5008637000046431,0.14639976329995014,0.4991362999953569,5.0,0,1,1
45,4702,155,159,1077,3155,0,0.5,1.0,0.005859139219850138,0.0,2.0,1,1,1
46,4702,155,235,5092,3155,0,0.5,0.5005901936880914,0.2737315527628946,0.49940980631190857,3.0,1,1,1
48,4702,155,218,5092,3155,1,0.5,0.5005901936880913,0.2737315527629302,0.4994098063119087,3.0,1,1,1
49,4702,155,311,1077,3155,0,0.5,0.633519084597868,0.41586361851730286,0.366480915402132,7.0,0,1,0
50,4702,115,62,956,6122,0,0.5,0.5197938552019579,0.039979193840966064,0.48020614479804213,2.0,1,1,1
51,4702,127,310,956,3341,0,0.5,0.47261054268455244,0.22848940331418527,0.5273894573154476,34.0,0,1,0
52,4702,127,143,956,3155,0,0.8425527894867108,0.879072461543893,0.7327817433786139,0.8060331174295285,13.0,0,0,0
53,4702,127,65,6122,956,0,0.5,0.5124118441835468,0.08524886189099154,0.4875881558164532,4.0,1,1,1
54,4702,127,306,956,3341,0,0.5,0.41511483813777766,0.17891052454814846,0.5848851618622224,33.0,0,1,0
55,4702,169,343,3159,2457,0,0.5,0.9724751938749326,0.013954449825541651,0.027524806125067358,2.0,1,1,1
56,4702,169,255,6618,2444,0,0.5,1.0,0.3333333333332165,0.0,2.0,1,1,1
57,4702,160,328,3155,3159,1,0.9053258026010061,0.9387457065469451,0.870578756075856,0.8719058986550672,135.0,0,0,0
58,4702,160,362,3155,146,1,0.8874902680544186,0.9373008692699333,0.8671592350164512,0.8376796668389039,151.0,0,0,0
59,4702,160,260,3155,3159,1,0.8559110578296836,0.8893730262083047,0.7941774782247543,0.8224490894510623,112.0,0,0,0
60,4702,160,188,3155,956,1,0.8448431204470327,0.840877356190117,0.7149916337420523,0.8488088847039483,83.0,0,0,0
61,4702,160,86,3155,2290,1,0.8452440648963853,0.8556611481991799,0.7284284602530345,0.8348269815935907,44.0,0,0,0
62,4702,160,5,3155,0,1,0.5,1.0,0.99999999999898,0.0,1.0,1,1,1
63,4702,160,200,3155,956,1,0.8425736117099996,0.8877416271943132,0.7901228336594466,0.7974055962256859,90.0,0,0,0
64,4702,160,215,3155,956,1,0.8650746778819993,0.9037867966369909,0.8173816440346399,0.8263625591270078,93.0,0,0,0
65,4702,160,113,3155,2290,1,0.8373269388834235,0.8518367869859559,0.7193075504305759,0.8228170907808909,54.0,0,0,0
66,4702,160,363,3155,146,1,0.8874902680544186,0.9373008692699331,0.8671592350164502,0.8376796668389039,151.0,0,0,0
67,4702,160,171,3155,956,1,0.8122002437380114,0.8074001371427569,0.6650712602666835,0.8170003503332658,79.0,0,0,0
68,4702,160,104,3155,2290,1,0.837307051094974,0.8088045696412308,0.6519701616842339,0.8658095325487174,49.0,0,0,0
69,4702,103,77,956,6122,0,0.5,0.455558131287365,0.2941106832501434,0.544441868712635,4.0,0,1,0
70,4702,103,195,956,3341,0,0.7682831911397681,0.8357741631676419,0.6650464779876429,0.7007922191118943,14.0,0,0,0
71,4702,103,322,956,3341,0,0.6298453418331222,0.5245755989575055,0.27454383490335943,0.7351150847087391,19.0,0,0,0
72,4702,103,95,956,6122,1,0.6389786555376157,0.6068897291515031,0.4348772308258907,0.6710675819237283,5.0,0,0,0
73,4702,156,192,6785,3155,0,0.5,1.0,0.6593222184621916,0.0,1.0,1,1,1
74,4702,156,68,3155,3262,1,0.5,0.5905952909478469,0.11918693593227156,0.4094047090521531,3.0,1,1,1
75,4702,158,286,3155,5092,1,0.678214748298033,0.7016775468239996,0.48290857936276305,0.6547519497720664,21.0,0,0,1
76,4702,158,218,3155,5092,1,0.6318239870641554,0.544373325990319,0.3049980566372474,0.7192746481379919,20.0,0,0,0
77,4702,105,100,956,2790,1,0.5,1.0,0.35081935302751843,0.0,2.0,0,1,1
78,4702,162,167,956,5026,1,0.5,1.0,0.2657937387725029,0.0,2.0,1,1,1
79,4702,162,149,956,3341,0,0.5,1.0,0.8977660878413996,0.0,2.0,0,1,0
80,4702,56,51,3155,6817,1,0.5,0.5737244051811553,0.4022535387025186,0.4262755948188447,2.0,0,0,1
81,4950,142,322,7038,2661,0,0.6740049660861124,0.7029806230824563,0.4836685934331112,0.6450293090897684,3.0,0,0,0
83,4950,98,78,5194,0,0,0.5,1.0,0.9999999999965862,0.0,1.0,1,1,1
84,4950,207,320,1077,1794,1,0.5,1.0,0.879025801046558,0.0,2.0,0,1,0
86,3724,150,204,3450,1179,0,0.5,1.0,0.3183835669572442,0.0,1.0,1,1,1
87,3724,160,141,1916,0,0,0.5,1.0,0.9999999999906266,0.0,1.0,1,1,1
88,3724,47,107,1179,2525,0,0.5,1.0,0.7616413404535081,0.0,1.0,1,1,1
89,1145,115,159,1434,929,0,0.5,1.0,0.3850593077985356,0.0,1.0,1,1,1
90,1145,115,317,1971,6572,0,0.5,1.0,0.01980161645202398,0.0,1.0,1,1,1
91,1145,115,51,929,0,0,0.5,1.0,0.9999999999979601,0.0,1.0,1,1,1
92,1145,65,249,3036,0,0,0.5,1.0,0.999999999965362,0.0,1.0,1,1,1
93,1145,6,175,1971,6903,1,0.5,0.4453821604259844,0.19182017527634143,0.5546178395740156,8.0,1,1,1
94,1145,6,146,1928,1971,0,0.5,0.5254718011172969,0.049244093127959535,0.47452819888270314,4.0,1,1,1
95,1145,6,227,1971,4451,0,0.6112101097688037,0.5874101235120202,0.26140760675351743,0.6350100960255873,13.0,0,0,0
96,1145,6,72,4108,1971,0,0.5,0.3504284922215855,0.13068386229624582,0.6495715077784145,5.0,1,1,1
97,1145,6,167,1928,1971,0,0.5,0.5254718011172971,0.049244093127953865,0.4745281988827029,4.0,1,1,1
98,1145,6,19,1434,978,0,0.5,0.7669799180894685,0.5296696545158313,0.23302008191053147,4.0,0,1,0
99,1145,53,321,4185,2612,1,0.5,1.0,0.4141574421213525,0.0,1.0,1,1,1
101,1145,127,349,2683,5114,1,0.6113319287654567,0.6423041232176362,0.30417077084534844,0.5803597343132773,11.0,0,0,0
102,1145,56,85,2683,1353,0,0.5,0.462446408447167,0.270597977937578,0.537553591552833,5.0,1,1,1
104,1145,56,310,745,2683,0,0.5,0.3287443683244905,0.059008578533773275,0.6712556316755095,5.0,1,1,1
105,1145,56,57,2683,6509,0,0.639110783700741,0.6173774569580596,0.3030724451367916,0.6608441104434226,4.0,0,0,1
106,1145,56,100,2683,6583,0,0.6468080142150784,0.6586969911819706,0.44151554599635295,0.6349190372481862,6.0,0,0,0
107,1145,56,315,745,2683,0,0.5,0.32874436832449055,0.05900857853377145,0.6712556316755094,5.0,1,1,1
108,1145,56,309,745,2683,0,0.5,0.32874436832449055,0.05900857853377358,0.6712556316755094,5.0,1,1,1
109,1145,56,199,4185,2683,0,0.5,0.4338146730296949,0.1216024072593756,0.5661853269703051,4.0,1,1,1
110,1145,56,124,2683,13,0,0.621597140195626,0.5770563405815062,0.23168738228704958,0.6661379398097456,7.0,0,0,1
111,1145,156,151,1928,1971,0,0.5,0.3306807826056641,0.004568821765677343,0.6693192173943359,11.0,1,1,1
112,1145,156,363,1971,2683,0,0.5757338636263525,0.378754314739992,0.16598467192617503,0.772713412512713,31.0,0,0,0
113,1145,156,134,1928,1971,0,0.6426716183377421,0.6160240192811485,0.2697146154794551,0.6693192173943359,11.0,0,0,0
114,1145,156,283,1971,2683,0,0.6912057498062179,0.7021580898886745,0.48942458218924434,0.6802534097237612,25.0,0,0,0
115,1145,156,25,6349,2039,0,0.5,1.0,0.24729366490226753,0.0,2.0,1,1,1
116,1145,156,251,1971,1928,0,0.6054283677161256,0.5602629487764395,0.2954866879276243,0.6505937866558118,19.0,0,0,0
117,1145,156,230,1971,1353,0,0.5,0.4659105308802108,0.04979721943483916,0.5340894691197893,15.0,1,1,1
118,1145,156,247,1971,1353,0,0.7028272682738104,0.7550607498918089,0.44435868850495064,0.6505937866558118,19.0,0,0,0
119,1145,156,302,1971,2683,1,0.6912057498062179,0.7021580898886745,0.48942458218922025,0.6802534097237611,25.0,0,0,0
120,1145,156,295,1971,2683,0,0.6912057498062179,0.7021580898886745,0.4894245821892302,0.6802534097237611,25.0,0,0,0
121,1145,156,167,1928,1971,1,0.5,0.33068078260566414,0.004568821765677117,0.6693192173943359,11.0,1,1,1
122,1145,156,135,1928,1971,0,0.6426716183377421,0.6160240192811485,0.26971461547945447,0.6693192173943359,11.0,0,0,0
123,1145,224,89,1353,4451,0,0.5,0.6754096765139173,0.09876295077254638,0.32459032348608274,2.0,1,1,1
124,1145,224,130,4500,1022,0,0.5,0.5346019613807635,0.15346077031021974,0.46539803861923645,2.0,1,1,1
125,1145,224,67,4451,3430,0,0.5,0.662251302701561,0.2594025123155164,0.33774869729843904,2.0,1,1,1
126,1145,208,345,2683,1353,0,0.5,1.0,0.09869865099265225,0.0,1.0,1,1,1
127,1145,208,114,6903,4185,0,0.5,0.8485104620883577,0.05238213513462791,0.15148953791164232,2.0,1,1,1
128,1145,60,92,1928,0,0,0.5,1.0,0.9999999999988514,0.0,1.0,1,1,1
129,1145,168,97,544,1154,0,0.5,1.0,0.20499788146844358,0.0,1.0,1,1,1
130,1145,168,317,2683,6665,0,0.5,1.0,0.5430312522067604,0.0,1.0,1,1,1
131,1145,168,235,6665,1161,0,0.5,0.7063509249207119,0.11391235481255325,0.29364907507928806,3.0,1,1,1
132,1145,158,31,13,0,1,0.5,1.0,0.999999999998454,0.0,1.0,1,1,1
133,1145,61,362,1244,226,0,0.5,1.0,0.019801616452023708,0.0,1.0,1,1,1
134,1145,191,347,6274,6080,0,0.6627342874340432,0.7222192116467551,0.4287862878390704,0.6032493632213312,3.0,0,0,0
135,1145,191,282,1434,745,0,0.5,0.6622513027015611,0.3228114303467259,0.3377486972984389,2.0,1,1,1
136,1145,191,356,6274,6080,1,0.6627342874340432,0.7222192116467551,0.42878628783904665,0.6032493632213312,3.0,0,0,0
137,1145,191,341,6274,6665,1,0.5,0.5395257661443604,0.3608363257128299,0.46047423385563957,2.0,1,1,1
138,1145,63,261,4185,6350,0,0.5,1.0,0.36375473075149445,0.0,1.0,1,1,1
139,1145,105,316,3274,780,1,0.5,1.0,0.16676352322158,0.0,1.0,1,1,1
142,1145,86,113,5773,2683,0,0.5,1.0,0.2332752882018062,0.0,1.0,1,1,1
143,1145,176,207,1971,2683,1,0.7376324755912989,1.0,0.8768911770713274,0.4752649511825976,2.0,0,0,0
144,1145,123,68,6080,0,0,0.5,1.0,0.9999999999966531,0.0,1.0,1,1,1
145,1145,170,244,2683,4451,0,0.5,0.9790001356069595,0.7358691245996116,0.020999864393040468,2.0,1,1,1
146,1145,205,340,1043,1971,0,0.5,1.0,0.7219245166826549,0.0,2.0,0,1,1
147,1145,205,14,1971,4108,0,0.5,0.5049508894765016,0.28410009503935935,0.4950491105234984,2.0,1,1,1
148,1145,47,241,1434,4451,0,0.5,0.5197938552019578,0.15264769362835204,0.48020614479804224,2.0,1,1,1
149,1145,185,310,5947,6572,0,0.5,1.0,0.6366736081797509,0.0,1.0,1,1,1
150,2442,156,119,1161,4233,0,0.6419391011384737,0.6132297929001637,0.41033305834348927,0.6706484093767838,7.0,0,0,0
151,2442,156,167,1161,6785,1,0.7729376286587566,0.754072309060243,0.5129248720775126,0.79180294825727,11.0,0,0,0
152,2442,156,243,1161,558,1,0.7853007890189767,0.8696505058953884,0.7494181845576277,0.7009510721425651,22.0,0,0,0
153,2442,156,160,1161,6785,0,0.7729376286587566,0.754072309060243,0.512924872077526,0.79180294825727,11.0,0,0,0
154,2442,123,116,1161,1361,1,0.6150225544596735,1.0,0.7899923824211669,0.23004510891934693,2.0,0,0,0
155,2442,98,271,1361,4114,0,0.5,0.8654827831567354,0.27306986432872443,0.13451721684326456,2.0,1,1,1
156,2442,38,237,1161,4339,1,0.749272427136908,0.7694446579765623,0.56166116380626,0.7291001962972538,11.0,0,0,0
157,2442,38,244,1161,4339,1,0.749272427136908,0.7694446579765623,0.5616611638062171,0.7291001962972538,11.0,0,0,1
158,2442,171,243,1161,2137,1,0.7859413508073357,0.9315659510116208,0.8379691939074524,0.6403167506030507,7.0,0,0,1
160,2442,222,247,776,6617,0,0.5,1.0,0.19549292259360074,0.0,1.0,1,1,1
161,2442,222,229,776,6617,1,0.5,1.0,0.19549292259391002,0.0,1.0,1,1,1
162,2442,160,145,1873,329,0,0.5,0.5640893595196967,0.21361541589807861,0.43591064048030326,3.0,1,1,1
163,2442,173,112,1161,0,1,0.7155629638846079,1.0,0.9999999999984381,0.431125927769216,2.0,0,0,1
164,2442,207,299,776,6597,1,0.5,0.6555861405913616,0.2218474433938069,0.34441385940863845,3.0,0,1,1
168,2442,56,203,1161,4004,0,0.6348463143481373,0.6185759576586726,0.36781602785182826,0.6511166710376022,5.0,0,0,0
171,2442,42,273,1161,4096,1,0.5,1.0,0.7400553990597851,0.0,1.0,1,1,1
173,2442,54,296,776,1873,1,0.5,1.0,0.3508193530275926,0.0,1.0,1,1,1
174,2442,6,285,1161,4961,1,0.8542174927490276,0.9822790504863715,0.901350794078247,0.7261559350116835,9.0,0,0,0
175,2442,102,140,1161,3201,1,0.5,1.0,0.5537907735908848,0.0,1.0,1,1,1
176,7084,53,279,6889,537,0,0.5,1.0,0.9417120787375143,0.0,1.0,1,1,1
177,1085,155,272,6410,0,0,0.5148632352711477,1.0,0.9999999999983763,0.02972647054229549,2.0,0,0,1
180,2581,142,246,6456,4323,0,0.5,1.0,0.05934280798965932,0.0,1.0,1,1,1
182,2581,207,219,4304,0,1,0.5,1.0,0.9999999999982241,0.0,1.0,1,1,1
184,1161,156,362,2442,4233,1,0.6012773642217998,0.3134436671359118,0.18199993840569417,0.8891110613076878,150.0,0,0,0
185,1161,156,293,2442,4233,1,0.8109680176417781,0.7462692909446903,0.5939633474399189,0.8756667443388658,118.0,0,0,0
186,1161,156,353,2442,4233,0,0.6103103983555962,0.3414000359258842,0.20024256522644296,0.8792207607853082,148.0,0,0,0
187,1161,156,20,2442,4233,0,0.5,0.6186086496450709,0.2522279836142722,0.3813913503549291,7.0,0,1,0
188,1161,156,223,2442,4233,0,0.6973517801793538,0.5366835472011735,0.3498606269838753,0.8580200131575341,84.0,0,0,0
189,1161,156,138,2442,4233,0,0.6758023015457342,0.5751208678106432,0.39184087082825014,0.7764837352808251,49.0,0,0,0
190,1161,156,331,2442,4233,0,0.691055717751119,0.5473201130611787,0.32861641509004846,0.8347913224410591,140.0,0,0,0
191,1161,156,264,2442,4233,0,0.7928926077791859,0.7239061156744765,0.5646598552085629,0.8618790998838953,105.0,0,0,0
192,1161,156,181,2442,4233,0,0.6894088870210313,0.5596909930066595,0.3818955643167395,0.8191267810354033,69.0,0,0,0
193,1161,156,233,2442,4233,1,0.7447919722911684,0.6541963739817008,0.4258404995456825,0.835387570600636,90.0,0,0,0
194,1161,156,82,2442,4233,0,0.7366046837348474,0.6533053254408413,0.4139256608029635,0.8199040420288535,31.0,0,0,0
195,1161,156,103,2442,4233,1,0.7063442757717855,0.556247717290415,0.31067590942846635,0.8564408342531561,37.0,0,0,0
196,1161,156,198,2442,4233,1,0.6709864951081468,0.47453972925213356,0.2734418694759017,0.86743326096416,75.0,0,0,0
197,1161,156,209,2442,4233,0,0.6550515584173977,0.49391830857799,0.32637219692884356,0.8161848082568055,79.0,0,0,0
198,1161,156,313,2442,4233,1,0.7502583871321413,0.6224760736979372,0.40793046287753004,0.8780407005663453,127.0,0,0,0
199,1161,156,83,2442,4233,1,0.7366046837348474,0.6533053254408414,0.4139256608029631,0.8199040420288534,31.0,0,0,0
200,1161,156,330,2442,4233,0,0.660573682233779,0.4927344125956192,0.31161736037834925,0.8284129518719388,139.0,0,0,0
201,1161,156,28,2442,4233,0,0.6738568113198151,0.7512236177204036,0.33063493239935743,0.5964900049192265,10.0,0,0,0
202,1161,156,57,2442,4233,1,0.6798096703495875,0.5957331390562488,0.2880175484950665,0.7638862016429262,20.0,0,0,0
203,1161,156,208,2442,4233,1,0.6631169694231346,0.46759315012451025,0.3035339521517071,0.8586407887217589,78.0,0,0,0
204,1161,156,215,2442,4233,0,0.6834412666264232,0.5410020097038997,0.3081660722098763,0.8258805235489468,80.0,0,0,0
205,1161,156,180,2442,4233,0,0.6866047847977736,0.5377460115900916,0.36093291208902684,0.8354635580054556,68.0,0,0,0
206,1161,156,246,2442,4233,0,0.7641650094336,0.7163777630247293,0.5119942582704256,0.8119522558424707,98.0,0,0,0
207,1161,156,117,2442,4233,1,0.7702451521393245,0.6619551074246316,0.4279115079236417,0.8785351968540174,41.0,0,0,0
210,1161,167,197,2442,0,1,0.5,1.0,0.9999999999963047,0.0,1.0,1,1,1
211,1161,87,289,4233,4339,0,0.5,0.963997421411386,0.05787698536157162,0.036002578588614,2.0,1,1,1
212,1161,98,303,2442,0,1,0.5209620850797576,1.0,0.999999999998459,0.04192417015951522,2.0,0,0,1
213,1161,34,331,2442,122,1,0.5,0.8649369127070021,0.7459398359522151,0.13506308729299787,3.0,1,1,1
215,1161,157,223,1798,2442,0,0.5,1.0,0.5112494103647092,0.0,1.0,1,1,1
217,1161,56,299,2442,4587,0,0.5623730645305254,0.531281619066035,0.31845463914367045,0.5934645099950158,31.0,0,0,0
218,1161,56,111,2442,4769,0,0.785148036318632,0.8371439585021113,0.5787215042273913,0.7331521141351526,8.0,0,0,0
219,1161,56,355,2442,1446,1,0.6385458389009154,0.5693727343569038,0.37071256034371125,0.707718943444927,39.0,0,0,0
220,1161,56,328,2442,1384,0,0.7123473213836296,0.7008892606581354,0.48753755725421016,0.7238053821091236,36.0,0,0,0
221,1161,56,145,2442,776,1,0.7454480412618982,0.6567948792400778,0.40284435412679664,0.8341012032837186,13.0,0,0,0
222,1161,56,12,2694,1446,0,0.5,1.0,0.029697572565470908,0.0,1.0,1,1,1
223,1161,56,177,2442,776,0,0.7351602357092837,0.7811277481917231,0.5990306340688956,0.6891927232268442,20.0,0,0,0
224,1161,56,238,2442,4506,1,0.720829705975329,0.6518592250146243,0.39430452942770494,0.7898001869360336,29.0,0,0,0
227,1161,6,145,776,2442,0,0.5,0.42740206079079884,0.019193905563793127,0.5725979392092011,7.0,1,1,1
229,1161,6,357,2442,4587,0,0.8372833021560285,0.826917001667154,0.690894600654172,0.8476496026449031,39.0,0,0,0
230,1161,6,251,2442,4769,0,0.8312994245275269,0.8976888016989204,0.7773080583393508,0.7649100473561334,25.0,0,0,0
231,1161,6,141,2442,776,1,0.6006831466688561,0.4256302167569433,0.16358502178886578,0.775736076580769,9.0,0,0,1
232,1161,6,170,2442,776,0,0.726960136274427,0.6736267399078277,0.49348779927865416,0.7802935326410263,14.0,0,0,0
233,1161,6,334,2442,4587,1,0.7513811397612411,0.7355422132921962,0.5633384026365142,0.7672200662302862,36.0,0,0,0
234,1161,6,166,2442,776,1,0.5946060995605751,0.5154197372407183,0.33018852811567767,0.6737924618804318,12.0,0,0,0
235,1161,6,285,2442,770,0,0.8461031099600504,0.8490017002305918,0.7048608844156834,0.843204519689509,28.0,0,0,0
236,1161,6,342,2442,4587,0,0.8103223329923561,0.7982384121760957,0.6486749142646413,0.8224062538086165,38.0,0,0,0
237,1161,18,85,2442,0,0,0.6315596303083968,1.0,0.9999999999987422,0.2631192606167937,2.0,0,0,1
238,1161,169,117,2694,2442,0,0.5,1.0,0.5999999999994485,0.0,1.0,1,1,1
239,1161,169,51,2442,0,1,0.5,1.0,0.9999999999987567,0.0,1.0,1,1,1
241,1161,115,322,4587,2442,0,0.5,1.0,0.0494700976347698,0.0,1.0,1,1,1
242,1161,115,239,2694,927,0,0.5,1.0,0.5938788582316417,0.0,2.0,0,1,1
243,1161,123,201,4587,2442,0,0.5,1.0,0.1474488103622075,0.0,1.0,1,1,1
244,1161,208,139,660,0,0,0.5,1.0,0.9999999999892327,0.0,1.0,1,1,1
246,1161,105,145,2694,6047,0,0.5,0.774672980099349,0.058276325780540573,0.22532701990065096,3.0,1,1,1
247,1161,224,152,2137,2694,0,0.5893877501474292,0.5434780963465295,0.27356490851844667,0.6352974039483288,13.0,0,0,0
248,1161,224,238,3002,776,0,0.5,0.5752616306047895,0.11288886035059703,0.4247383693952105,4.0,1,1,1
249,1161,27,142,2442,0,1,0.8205626449684325,1.0,0.9999999999997462,0.6411252899368648,6.0,0,0,0
250,1161,127,266,4004,3155,0,0.5,1.0,0.03958771040389503,0.0,1.0,1,1,1
252,6872,53,334,232,3155,0,0.5,1.0,0.09869865099264424,0.0,1.0,1,1,1
254,780,38,333,1145,1122,0,0.7731996341425824,0.9008486033604126,0.6359351032351607,0.6455506649247522,8.0,0,0,0
255,3380,90,162,5046,2713,1,0.5,0.6850992478485212,0.38467109833567353,0.31490075215147884,6.0,1,1,1
256,3380,90,93,5046,382,0,0.5,0.4927205516668559,0.04700475012316384,0.5072794483331441,5.0,1,1,1
257,3380,90,259,3990,2617,0,0.5,0.5736085490739622,0.2525173895002726,0.4263914509260378,4.0,1,1,1
258,3380,53,111,537,371,0,0.6414662513876842,0.6791169389734759,0.2495149712034939,0.6038155638018925,4.0,0,0,0
259,3380,53,169,5046,3990,0,0.5,0.7553304934956976,0.13938657558269607,0.24466950650430241,6.0,1,1,1
260,3380,53,119,537,371,0,0.6414662513876842,0.6791169389734758,0.24951497120348332,0.6038155638018926,4.0,0,0,1
261,3380,127,300,2713,5912,0,0.5,0.97730821215639,0.011476100541175557,0.022691787843610034,2.0,1,1,1
262,3380,127,76,6705,5421,0,0.5,1.0,0.20609903633971757,0.0,3.0,1,1,1
263,3380,127,73,1794,3979,0,0.5,0.5518116433400232,0.02990856599060836,0.4481883566599768,3.0,1,1,1
265,3380,156,288,3159,6017,0,0.5,0.9483982126113827,0.30375523942333044,0.051601787388617315,2.0,1,1,1
266,3380,160,339,2713,3159,0,0.5,1.0,0.06329198111650182,0.0,1.0,1,1,1
267,3380,155,141,6017,5421,1,0.6729773310162968,0.6988289740926057,0.4147709057250153,0.6471256879399878,3.0,0,0,0
268,3380,207,170,6123,0,0,0.5,1.0,0.9999999999989999,0.0,1.0,1,1,1
269,3380,103,324,5002,382,0,0.5,1.0,0.4504008506357631,0.0,1.0,1,1,1
270,3380,169,351,3544,1135,0,0.5,1.0,0.13774814446146041,0.0,1.0,1,1,1
271,3380,6,280,6823,4319,1,0.5,1.0,0.35517491452007743,0.0,2.0,0,1,0
273,1971,6,114,1145,3592,1,0.5,1.0,0.4344741636658841,0.0,1.0,1,1,1
274,1971,6,34,3592,0,0,0.5,1.0,0.999999999998293,0.0,1.0,1,1,1
275,1971,61,280,1145,0,1,0.5,1.0,0.9999999999852185,0.0,1.0,1,1,1
276,1971,47,198,4261,1145,1,0.5,1.0,0.8261553139871612,0.0,1.0,1,1,1
277,1971,53,163,1145,4451,0,0.5,1.0,0.06920392276137309,0.0,1.0,1,1,1
278,1971,53,329,1603,4019,0,0.5,1.0,0.13774814446146452,0.0,1.0,1,1,1
279,1971,208,133,1145,0,1,0.5,1.0,0.9999999999873843,0.0,1.0,1,1,1
280,1971,42,363,4185,0,0,0.7241063030406929,1.0,0.9999999999534024,0.4482126060813858,3.0,0,0,1
281,3484,53,103,2694,0,0,0.5,1.0,0.9999999999971435,0.0,1.0,1,1,1
282,3484,160,93,776,0,0,0.5,1.0,0.9999999999975621,0.0,1.0,1,1,1
283,3484,160,322,2442,776,0,0.6924193866808144,0.9400356593036031,0.8863027223306449,0.44480311405802575,6.0,0,0,1
284,3484,160,169,2442,776,1,0.5,0.357409748858214,0.21512477573489522,0.642590251141786,3.0,1,1,1
286,3871,53,268,3564,3341,0,0.5,0.8808206702270894,0.058408491853620695,0.11917932977291057,2.0,1,1,1
287,3871,53,303,5408,3564,0,0.5,1.0,0.6037398258362846,0.0,1.0,1,1,1
288,3871,156,335,1077,6917,0,0.5,0.4010733151456462,0.1557529483499073,0.5989266848543537,5.0,1,1,1
289,3871,158,332,3262,2460,0,0.5,1.0,0.2840550263395078,0.0,1.0,1,1,1
290,3871,169,287,4414,2707,0,0.5,1.0,0.1280209799387158,0.0,1.0,1,1,1
293,3871,160,318,1077,1011,0,0.5,0.58550721852484,0.23824024960173068,0.41449278147516,5.0,0,1,1
294,3871,160,317,1077,1011,0,0.5,0.58550721852484,0.23824024960173282,0.41449278147516,5.0,0,1,1
297,3213,123,147,359,0,0,0.5,1.0,0.9999999999989999,0.0,1.0,1,1,1
298,4210,160,36,6635,0,0,0.5,1.0,0.999999999998454,0.0,1.0,1,1,1
299,669,160,218,2278,810,0,0.6722069297043192,1.0,0.6586414068779012,0.34441385940863845,3.0,0,0,0
300,669,98,323,5736,3613,1,0.5,0.5148487862827442,0.34666421945946,0.4851512137172558,2.0,1,1,1
302,669,53,310,7082,4723,1,0.5,1.0,0.385059307800314,0.0,1.0,1,1,1
303,669,180,81,5736,0,1,0.7932065665845673,1.0,0.9999999999999066,0.5864131331691347,13.0,0,0,0
304,669,180,77,5736,0,1,0.7170640740963803,1.0,0.999999999999882,0.4341281481927607,10.0,0,0,0
305,669,180,68,5736,0,1,0.5,1.0,0.9999999999997878,0.0,5.0,0,1,0
307,669,142,47,6785,0,1,0.5,1.0,0.99999999999898,0.0,1.0,1,1,1
311,1954,156,272,1161,1361,1,0.7387122478970949,0.8246940925709615,0.6939818209777447,0.6527304032232284,11.0,0,0,0
312,1954,6,318,3002,1161,0,0.5,1.0,0.049470097634199656,0.0,1.0,1,1,1
313,1954,115,322,1161,5008,1,0.7451633848430012,0.9904608639080223,0.587086729968565,0.49986590577797996,4.0,0,0,1
316,3262,123,280,6410,5037,0,0.5,0.4810238668472082,0.3017362472435604,0.5189761331527918,6.0,1,1,1
317,3262,123,65,2083,6410,0,0.5,1.0,0.04947009763473345,0.0,1.0,1,1,1
318,3262,123,252,6635,2290,0,0.6991517473527757,1.0,0.4956548778822534,0.3983034947055516,4.0,0,0,1
319,3262,123,293,6410,6635,0,0.5,0.5692913043899285,0.34419792190669724,0.4307086956100715,8.0,0,1,0
320,3262,123,253,6635,2290,0,0.6991517473527757,1.0,0.4956548778822485,0.3983034947055516,4.0,0,0,1
321,3262,115,259,1077,6410,0,0.5,0.7722801162986164,0.14727003372563366,0.22771988370138363,4.0,1,1,1
322,3262,115,220,6410,2290,0,0.5,0.5410570839789823,0.031588358624295376,0.45894291602101767,4.0,1,1,1
323,3262,115,253,1077,5037,0,0.5,0.6267110320186082,0.03216972681416512,0.3732889679813918,3.0,1,1,1
324,3262,115,312,1077,6410,0,0.5,0.4463860101969143,0.19792704297692468,0.5536139898030856,10.0,0,1,0
325,3262,53,62,3155,5037,0,0.5,1.0,0.009901778953000451,0.0,2.0,1,1,1
326,3262,53,316,1077,6410,0,0.6182290701013052,0.4947667250228107,0.24118917513516647,0.7416914151797998,26.0,0,0,0
327,3262,53,78,5037,3155,0,0.5,0.5858934787544688,0.04632808632691505,0.41410652124553116,3.0,1,1,1
328,3262,53,207,6410,1077,1,0.5,0.3697167273557703,0.006481355713021303,0.6302832726442297,20.0,1,1,1
329,3262,53,100,6410,929,0,0.6687589747073901,0.7612802716440156,0.28816787173455316,0.5762376777707647,7.0,0,0,0
330,3262,98,216,6410,1077,0,0.5,0.38631121481275377,0.11986014969649283,0.6136887851872462,10.0,1,1,1
331,3262,98,258,6890,6410,0,0.5,0.5052487669373815,0.020131004410573066,0.4947512330626185,6.0,1,1,1
332,3262,98,66,6410,3155,0,0.5,0.37626113168219366,0.0825613721230112,0.6237388683178063,3.0,1,1,1
333,3262,98,314,6410,6890,0,0.6202866317914262,0.5898235289408126,0.2561534076784802,0.6507497346420399,18.0,0,0,0
334,3262,56,317,5037,6410,0,0.5,0.6967095598810152,0.026073919416100242,0.30329044011898476,9.0,1,1,1
335,3262,56,20,1077,0,0,0.5,1.0,0.999999999999495,0.0,2.0,0,1,0
336,3262,142,106,711,1115,1,0.7628188259336357,0.8324675540184241,0.7011601725283577,0.6931700978488473,23.0,0,0,0
337,3262,142,315,3531,6332,0,0.5,1.0,0.2840740446537709,0.0,3.0,0,1,0
338,3262,142,135,711,733,0,0.7963387132502244,0.809393297798948,0.6281496508956309,0.7832841287015009,35.0,0,0,0
339,3262,142,132,711,1115,0,0.8355228631924791,0.8877615976834573,0.778350566655677,0.7832841287015009,35.0,0,0,0
340,3262,142,48,711,951,1,0.5,0.5597100527611135,0.35131169015757435,0.4402899472388865,6.0,0,1,0
341,3262,142,116,711,1115,1,0.8131815955783307,0.8515248035227183,0.7169185714055089,0.7748383876339431,30.0,0,0,0
342,3262,127,326,1077,5037,0,0.6172148834625902,0.5257907257884733,0.22594006923187024,0.7086390411367072,25.0,0,0,0
343,3262,127,180,5037,1077,1,0.6569979950754192,0.7275366359931729,0.49134859922538376,0.5864593541576655,20.0,0,0,0
344,3262,127,58,1077,929,0,0.5,0.35951810284680474,0.1921128302038089,0.6404818971531953,3.0,1,1,1
345,3262,127,74,5037,1077,0,0.5,0.5479924901084787,0.08544624047564377,0.4520075098915213,4.0,1,1,1
346,3262,127,199,5037,6410,0,0.5,0.4135406458423345,0.21494626931094504,0.5864593541576655,20.0,0,1,0
347,3262,127,209,5037,6410,0,0.5,0.4135406458423346,0.2149462693109405,0.5864593541576655,20.0,0,1,0
348,3262,127,92,5037,1077,0,0.5,0.3210522019671517,0.13896360542295513,0.6789477980328483,7.0,0,1,0
349,3262,122,168,5037,0,1,0.7691622660246605,1.0,0.9999999999997758,0.5383245320493211,6.0,0,0,0
350,3262,160,277,5037,1077,0,0.7569412498548438,0.8030641933974132,0.5667467415979272,0.7108183063122744,9.0,0,0,0
351,3262,160,184,5037,1077,1,0.5,0.4296048115033365,0.0353285331591747,0.5703951884966635,4.0,1,1,1
352,3262,160,309,5037,6890,0,0.6234053378002173,0.5359923692881603,0.3627517018562389,0.7108183063122744,9.0,0,0,1
353,3262,160,107,6410,711,0,0.5,1.0,0.10849439921285914,0.0,1.0,1,1,1
354,3262,207,168,5037,6410,1,0.7319539259815764,0.9435476441045402,0.6210657815071794,0.5203602078586127,5.0,0,0,0
356,3262,155,281,5037,1077,1,0.621198618149234,0.48964280744215616,0.26753966520041933,0.7527544288563119,8.0,0,0,0
357,3262,155,286,5037,1077,1,0.6211986181492339,0.48964280744215616,0.2675396652004142,0.7527544288563118,8.0,0,0,0
358,3262,155,266,1077,5037,1,0.5,0.723185934306911,0.06203054607689593,0.276814065693089,8.0,1,1,1
359,3262,155,264,5037,1077,0,0.5,0.3528909889922614,0.16360769735522043,0.6471090110077387,6.0,1,1,1
361,3262,169,173,3155,1077,0,0.5,0.48069318344341616,0.23520956619104424,0.5193068165565838,3.0,1,1,1
363,3262,171,111,5395,7010,0,0.5,1.0,0.14744881036208732,0.0,1.0,1,1,1
364,3262,172,343,6890,3159,0,0.7475245552617492,1.0,0.8672693374135473,0.4950491105234984,2.0,0,0,1
365,3262,172,238,6890,3159,0,0.7475245552617493,1.0,0.8672693374201226,0.49504911052349854,2.0,0,0,1
366,3262,103,87,5037,6410,1,0.6217774947489474,0.5520843740196538,0.3066892256168925,0.6914706154782408,8.0,0,0,0
367,3262,103,314,1077,6410,0,0.5,0.44514094414868227,0.2735777816390102,0.5548590558513178,14.0,0,1,0
368,3262,103,78,5037,6410,0,0.6217774947489474,0.5520843740196538,0.3066892256168986,0.6914706154782408,8.0,0,0,0
369,3262,103,182,5037,6410,0,0.8541001919523465,0.8689543316356746,0.7449691727216745,0.8392460522690185,23.0,0,0,0
370,3262,103,48,5037,0,0,0.5,1.0,0.9999999999988739,0.0,1.0,1,1,1
371,3262,103,208,5037,6410,0,0.7375026812995198,0.6732157988311034,0.4688057628893692,0.8017895637679361,27.0,0,0,0
372,3262,52,219,3155,1733,0,0.7425756068586279,1.0,0.48536815044819337,0.4851512137172558,2.0,0,0,1
373,3262,38,71,4263,0,1,0.5,1.0,0.9999999999988399,0.0,2.0,0,1,1
374,3262,191,75,6410,0,0,0.5,1.0,0.9999999999974127,0.0,1.0,1,1,1
376,3262,159,222,2290,1077,0,0.5,0.6775874572601006,0.11148211779303867,0.3224125427398994,3.0,1,1,1
379,5185,38,315,1503,1990,0,0.7514916318885381,0.8653728034141027,0.6880216074059257,0.6376104603629734,4.0,0,0,1
380,5185,160,112,5395,4407,0,0.5,1.0,0.17637406352423185,0.0,1.0,1,1,1
383,171,160,111,2404,1553,0,0.5,1.0,0.21446433134756493,0.0,1.0,1,1,1
384,3159,142,168,5046,60,0,0.5,0.6795994686009603,0.48145054047933356,0.3204005313990397,8.0,0,1,0
385,3159,142,62,5046,6293,0,0.5,0.8402430261577718,0.03750394464301452,0.1597569738422282,4.0,1,1,1
386,3159,142,177,3341,4425,0,0.5,0.6118409838242774,0.2501225469210861,0.38815901617572257,5.0,0,1,0
387,3159,142,249,4702,1183,0,0.5,0.5061068709446724,0.15568844165411816,0.49389312905532756,9.0,0,1,1
388,3159,142,265,3341,2300,0,0.5,0.7534490726849397,0.1084997176300463,0.24655092731506034,10.0,0,1,1
389,3159,142,236,4702,1183,0,0.5,0.9656209462833839,0.042148696326266694,0.03437905371661609,7.0,1,1,1
390,3159,142,250,4702,1183,0,0.5,0.5061068709446723,0.1556884416541176,0.4938931290553277,9.0,0,1,1
391,3159,142,338,6105,3411,0,0.5,0.697620312341091,0.04096700350654073,0.302379687658909,4.0,1,1,1
392,3159,142,342,6105,3411,0,0.5,0.6976203123410909,0.040967003506539534,0.3023796876589091,4.0,1,1,1
393,3159,142,362,1115,4146,0,0.5,1.0,0.05263046911714292,0.0,3.0,1,1,1
394,3159,156,320,2010,1972,0,0.5,1.0,0.3850593078002917,0.0,1.0,1,1,1
395,3159,156,160,5046,3161,0,0.5,0.923813775912643,0.2519263471951306,0.07618622408735698,2.0,1,1,1
396,3159,156,307,1972,2617,0,0.5,1.0,0.04040615953507556,0.0,1.0,1,1,1
397,3159,169,292,4534,711,0,0.5,1.0,0.021967066952726554,0.0,2.0,1,1,1
398,3159,160,168,5046,4346,0,0.6514401497236609,0.633976038142294,0.37110636141111114,0.6689042613050279,8.0,0,0,0
399,3159,160,187,5046,4346,1,0.6179443311564825,0.5234401625444983,0.2255379149300937,0.7124484997684668,9.0,0,0,1
400,3159,160,226,5046,4346,0,0.6040481213453657,0.47729644384369735,0.29263240513209826,0.7307997988470339,12.0,0,0,0
401,3159,160,182,5046,4346,1,0.6179443311564826,0.5234401625444984,0.22553791493009898,0.7124484997684668,9.0,0,0,1
402,3159,98,152,3155,929,1,0.708033567896724,0.903094043000331,0.8125912118819831,0.5129730927931169,10.0,0,0,0
403,3159,98,62,3155,929,0,0.7082333418997865,0.8869653633611818,0.5941423176996378,0.5295013204383912,6.0,0,0,0
404,3159,98,364,3155,6823,1,0.7615725705198559,0.8386707518904156,0.7141411348599361,0.6844743891492961,31.0,0,0,0
405,3159,98,206,3155,3262,1,0.6499040050741205,0.6408203494167765,0.25030005615294015,0.6589876607314645,11.0,0,0,1
407,3159,53,301,3155,3341,1,0.5,1.0,0.5376541154876776,0.0,4.0,0,1,0
408,3159,97,301,4346,6603,0,0.7371088295170483,0.8029485949219541,0.414428569292983,0.6712690641121423,5.0,0,0,0
409,3159,97,226,4346,6603,1,0.5,0.5395257661443604,0.3080906759347024,0.46047423385563957,2.0,1,1,1
410,3159,222,127,4346,6785,0,0.8102076207787954,0.8895922794115114,0.6323437748720296,0.7308229621460794,7.0,0,0,1
411,3159,174,301,1317,3148,0,0.5,1.0,0.9112468170231138,0.0,1.0,1,1,1
412,3159,207,329,3155,711,1,0.5,0.8757430751520475,0.5448003374283957,0.12425692484795248,14.0,1,1,1
413,3159,207,297,711,1598,0,0.5,1.0,0.1280209799388078,0.0,1.0,1,1,1
414,3159,207,270,1598,3155,0,0.5,1.0,0.29407179064727257,0.0,1.0,1,1,1
415,3159,56,163,6524,0,0,0.5,1.0,0.999999999994927,0.0,1.0,1,1,1
416,3159,173,315,4346,1049,1,0.5,1.0,0.9720911003479248,0.0,1.0,1,1,1
419,4188,160,154,3159,4834,1,0.5,0.8264010253258262,0.2203889645585906,0.17359897467417384,3.0,1,1,1
420,4188,160,19,3159,0,1,0.5,1.0,0.9999999999986272,0.0,1.0,1,1,1
421,4188,53,286,3990,3758,0,0.5,0.9209788431612246,0.7822621984717488,0.07902115683877542,2.0,1,1,1
423,287,156,348,2442,0,0,0.5,1.0,0.9999999999704372,0.0,1.0,1,1,1
425,3592,160,167,3573,0,0,0.5,1.0,0.9999999999976098,0.0,1.0,1,1,1
426,3592,169,82,1928,1971,1,0.5,1.0,0.4582589004584337,0.0,1.0,1,1,1
428,2340,160,348,6635,4606,1,0.7901008173777375,0.8319656789255288,0.6396220534706876,0.7482359558299463,6.0,0,0,0
429,2340,156,361,1176,0,1,0.7143098902369993,1.0,0.9999999999985507,0.42861978047399873,3.0,0,0,1
431,5092,142,50,3241,0,0,0.5,1.0,0.9999999999981524,0.0,1.0,1,1,1
432,5092,142,109,956,3155,0,0.5,1.0,0.2049978814684795,0.0,1.0,1,1,1
433,5092,142,314,956,920,0,0.5,0.9954889089085286,0.00226064453244077,0.004511091091471409,3.0,1,1,1
434,5092,162,343,3566,6823,0,0.0,0.0,0.0,0.0,1.0,1,1,1
435,5092,98,333,3155,3159,1,0.5191525559879446,0.9882984034790738,0.9651455811528132,0.05000670849681543,7.0,0,0,1
436,5092,53,314,4702,3155,0,0.5,1.0,0.026890663397064734,0.0,1.0,1,1,1
438,2315,127,51,3341,4845,0,0.5,1.0,0.08888373742519218,0.0,1.0,1,1,1
439,2315,127,16,1077,0,0,0.5,1.0,0.9999999999989999,0.0,1.0,1,1,1
441,2315,160,75,3262,1077,1,0.8732771224826201,0.9409838666975416,0.7888571374359147,0.8055703782676986,10.0,0,0,0
442,2315,160,112,3262,711,1,0.8562152598517538,0.8876328132306435,0.791008652748929,0.8247977064728643,15.0,0,0,0
443,2315,160,162,3262,6890,1,0.8378978060911569,0.9229814152769318,0.8533577581986665,0.7528141969053821,25.0,0,0,0
444,2315,160,82,3262,3341,0,0.8317629271461444,0.9084959267189711,0.7720360685048918,0.7550299275733179,13.0,0,0,0
445,2315,160,265,3262,5037,1,0.8222130978191416,0.7804446576137722,0.6179845876749582,0.863981538024511,44.0,0,0,0
446,2315,160,315,3262,5037,0,0.8538965721500431,0.8926321030347928,0.8005120796098866,0.8151610412652935,56.0,0,0,0
447,2315,160,76,3262,1077,0,0.8293694478479823,0.9500912975134349,0.8184836782508788,0.7086475981825295,11.0,0,0,0
448,2315,160,198,3262,906,1,0.8728186049392435,0.931994945334448,0.856674407158592,0.8136422645440388,33.0,0,0,0
449,2315,90,69,3341,0,0,0.5,1.0,0.999999999997361,0.0,1.0,1,1,1
450,2315,53,21,4565,0,0,0.5,1.0,0.9999999999987318,0.0,1.0,1,1,1
451,2315,53,99,6293,6332,0,0.5,0.6797362099039876,0.16188218795826678,0.32026379009601236,2.0,1,1,1
452,2315,61,266,5037,0,1,0.5,1.0,0.99999999999898,0.0,1.0,1,1,1
453,6890,169,76,4912,6332,0,0.5,1.0,0.48140494790314353,0.0,1.0,1,1,1
454,6890,169,290,3155,1077,1,0.5,1.0,0.17088490020114105,0.0,1.0,1,1,1
456,6890,142,323,2395,2691,0,0.5,0.5266544264407436,0.12488173466081756,0.47334557355925644,4.0,1,1,1
457,6890,142,95,4136,2655,0,0.5,0.5197938552019578,0.3424521268577917,0.48020614479804224,2.0,1,1,1
458,6890,142,135,877,4805,0,0.5,1.0,0.009901778952997927,0.0,1.0,1,1,1
459,6890,142,281,2395,3319,0,0.5,0.5266544264407436,0.21337701580300872,0.47334557355925644,4.0,0,1,0
460,6890,142,212,2315,160,1,0.5,1.0,0.08917546544104586,0.0,2.0,1,1,1
461,6890,160,146,1077,4418,1,0.7326990193096182,1.0,0.8613107294541053,0.46539803861923645,4.0,0,0,0
462,6890,160,131,1077,4418,1,0.5,1.0,0.7239848724224169,0.0,2.0,0,1,0
463,6890,123,290,929,5395,0,0.5,0.5099008082260187,0.16132865156086423,0.4900991917739813,2.0,1,1,1
464,6890,123,295,1077,929,0,0.5,0.7334046442598517,0.016299920299447337,0.26659535574014825,3.0,1,1,1
465,6890,123,132,4805,6504,0,0.5,1.0,0.2968696882882459,0.0,1.0,1,1,1
466,6890,207,291,1077,711,0,0.6495506746239352,1.0,0.7442599588403801,0.29910134924787046,2.0,0,0,1
467,6890,127,313,986,5527,0,0.5,1.0,0.06920392276146632,0.0,1.0,1,1,1
468,6890,202,106,1745,0,1,0.7326990193096182,1.0,0.9999999999994327,0.46539803861923645,2.0,0,0,0
469,6890,222,163,1077,0,1,0.5,1.0,0.999999999999039,0.0,2.0,0,1,0
470,6890,222,132,1077,0,1,0.5,1.0,0.9999999999994799,0.0,2.0,0,1,0
471,6890,115,177,3635,6635,0,0.0,0.0,0.0,0.0,1.0,1,1,1
472,6890,115,106,1077,0,0,0.5,1.0,0.9999999999974127,0.0,1.0,1,1,1
473,6890,115,197,3635,6635,0,0.0,0.0,0.0,0.0,1.0,1,1,1
474,6890,98,169,5421,1077,0,0.5,1.0,0.1002424876913139,0.0,1.0,1,1,1
475,6890,98,135,1077,5037,0,0.6755815759273442,1.0,0.8415031766399536,0.3511631518546884,2.0,0,0,0
476,6890,98,358,3635,3922,0,0.5,1.0,0.23730879605319885,0.0,3.0,0,1,1
477,6890,103,225,3144,4480,0,0.0,0.0,0.0,0.0,1.0,1,1,1
478,6890,46,178,1121,0,1,0.5,1.0,0.99999999999898,0.0,1.0,1,1,1
480,956,127,69,3155,4702,1,0.599746520774783,0.5213051497736773,0.2986538840509874,0.6781878917758888,13.0,0,0,0
481,956,127,73,3155,4702,0,0.6637422947779554,0.6150261579443393,0.3490321561189757,0.7124584316115715,14.0,0,0,0
482,956,127,237,4702,2582,1,0.5854477732001826,0.867024961953876,0.6111012814015216,0.3038705844464892,13.0,0,0,0
483,956,127,282,4702,3341,0,0.7065334899004838,0.7349204052819223,0.5202858474135146,0.6781465745190454,20.0,0,0,0
484,956,127,12,3155,4319,1,0.0,0.0,0.0,0.0,1.0,1,1,1
485,956,127,145,3155,4702,0,0.5,0.2875415683884284,0.043278326758176,0.7124584316115716,14.0,1,1,1
486,956,127,14,3155,4319,1,0.5,1.0,0.34219252720941185,0.0,2.0,0,1,1
487,956,156,132,2433,1077,0,0.5,1.0,0.17637406352427895,0.0,1.0,1,1,1
488,956,53,261,4702,3341,1,0.8332820660072031,0.8564256680059089,0.6712325609364107,0.8101384640084973,38.0,0,0,0
489,956,53,125,4702,3155,0,0.6794329658612859,0.6203152125646044,0.3720355477340097,0.7385507191579674,13.0,0,0,0
490,956,53,332,4702,3341,1,0.5835637070014931,0.3627835258799769,0.2184620526709823,0.8043438881230092,55.0,0,0,0
491,956,53,256,4702,3341,1,0.8091375423580764,0.8356328608302354,0.6323715458362508,0.7826422238859176,37.0,0,0,0
492,956,53,207,4702,3341,1,0.7640149173960086,0.8248763222597428,0.6250758970540494,0.7031535125322743,34.0,0,0,0
493,956,53,183,4702,3155,1,0.784628912165161,0.8099768183291695,0.550002411460682,0.7592810060011524,22.0,0,0,0
494,956,155,77,3155,5092,1,0.7105713539947498,0.9244543759967347,0.7717111066622967,0.49668833199276474,10.0,0,0,0
495,956,207,287,3341,3155,0,0.5,1.0,0.05689761554222937,0.0,1.0,1,1,1
496,956,115,117,3341,1161,0,0.5,1.0,0.01980161645202524,0.0,1.0,1,1,1
497,956,158,20,5158,0,1,0.5,1.0,0.9999999999989596,0.0,1.0,1,1,1
500,4417,163,340,146,0,0,0.5,1.0,0.9999999999977919,0.0,1.0,1,1,1
502,4417,222,56,1183,0,1,0.5,1.0,0.999999999998293,0.0,1.0,1,1,1
503,1281,56,208,382,0,0,0.5,1.0,0.9999999999986805,0.0,1.0,1,1,1
505,1281,6,252,382,2103,0,0.5,0.5661556151939227,0.2951946974950912,0.43384438480607734,5.0,1,1,1
506,1281,160,350,6739,382,0,0.5,1.0,0.23327528820148036,0.0,1.0,1,1,1
507,1281,156,337,1140,0,0,0.7204327192203995,1.0,0.9999999999853222,0.44086543844079906,2.0,0,0,1
509,2460,6,141,860,0,0,0.5,1.0,0.9999999999986272,0.0,1.0,1,1,1
511,2460,191,119,6880,733,1,0.5,1.0,0.401797301503972,0.0,1.0,1,1,1
512,2460,163,360,6823,0,0,0.5,1.0,0.9999999999921568,0.0,1.0,1,1,1
513,2460,160,73,5037,3990,0,0.5,1.0,0.25191325992420627,0.0,1.0,1,1,1
514,2460,160,250,244,3142,1,0.5,1.0,0.46993179379453637,0.0,2.0,0,1,0
516,1154,123,59,3922,0,1,0.5,1.0,0.99999999999898,0.0,1.0,1,1,1
517,1154,42,303,3922,0,0,0.5288683173567834,1.0,0.9999999999990576,0.05773663471356694,2.0,0,0,0
518,1154,6,119,1242,3922,0,0.5,1.0,0.00990177895299419,0.0,1.0,1,1,1
519,776,222,272,1161,927,1,0.7803959216890026,0.704940127198546,0.5054752884571743,0.8558517161794592,86.0,0,0,0
520,776,222,259,1161,927,0,0.7579072642248472,0.6195169023988591,0.40490476736053554,0.8962976260508353,83.0,0,0,0
521,776,222,229,1161,927,0,0.8135147749291856,0.7462405670130912,0.5422153615463066,0.8807889828452801,81.0,0,0,0
522,776,222,348,1161,927,1,0.8061301768272678,0.7909654838650337,0.6443352657358904,0.821294869789502,110.0,0,0,0
523,776,222,152,1161,1873,1,0.5981137454757599,0.5043574960980983,0.3271181495493156,0.6918699948534215,50.0,0,0,0
524,776,222,56,1161,2814,0,0.7542636646694719,0.8634981848012886,0.7034712202776612,0.6450291445376553,14.0,0,0,0
525,776,222,105,1161,1873,0,0.7306623764145279,0.6498386870443358,0.4378005264061095,0.81148606578472,32.0,0,0,0
526,776,222,316,1161,1873,1,0.7354245655912371,0.6931033586148401,0.5272348730879272,0.7777457725676342,96.0,0,0,0
528,776,222,291,1161,927,1,0.7289009113367255,0.6385961237440897,0.4589180361112408,0.8192056989293612,88.0,0,0,0
529,776,222,34,1161,3002,1,0.6140027069012752,0.6577968371212595,0.4632523797109617,0.5702085766812909,5.0,0,0,0
530,776,222,329,1161,1873,1,0.7496387325894803,0.7514313861372461,0.5932692274107049,0.7478460790417145,102.0,0,0,0
531,776,222,226,1161,927,0,0.8040552575834509,0.7342634549275868,0.5219296995147225,0.8738470602393149,80.0,0,0,0
532,776,222,168,1161,1873,1,0.7273757918239165,0.663775151193888,0.48815483071513927,0.7909764324539452,58.0,0,0,0
533,776,167,319,1161,3002,1,0.5,1.0,0.009901778952997927,0.0,1.0,1,1,1
535,776,0,352,1161,1042,1,0.8642848217335359,0.9204312919237607,0.8486424010604515,0.8081383515433112,66.0,0,0,0
536,776,0,126,1161,1873,1,0.7687811998604627,1.0,0.8419800736846895,0.5375623997209253,10.0,0,0,0
537,776,0,146,1161,1139,1,0.8458418088975496,0.963892838119221,0.7879925788426229,0.7277907796758781,23.0,0,0,0
538,776,0,121,1161,1873,1,0.7155225689248772,1.0,0.7965011600648485,0.4310451378497544,8.0,0,0,0
539,776,0,226,1161,1044,1,0.9064612256206837,0.952459403201843,0.8645647163994867,0.8604630480395244,46.0,0,0,0
540,776,0,216,1161,1044,1,0.8984910451167261,0.9484086003100854,0.8538678375317003,0.8485734899233667,45.0,0,0,0
541,776,0,149,1161,1139,1,0.8635200400581344,0.9680334598384838,0.8099950088307896,0.7590066202777852,25.0,0,0,0
542,776,229,243,1161,3002,0,0.8736528769588259,0.9457788958244133,0.8676418248058172,0.8015268580932384,17.0,0,0,0
543,776,229,333,1161,807,1,0.695848274798406,0.8860578870259307,0.692167719910227,0.5056386625708815,24.0,0,0,0
544,776,229,204,1161,3002,1,0.8736528769588259,0.9457788958244134,0.8676418248060159,0.8015268580932384,17.0,0,0,0
545,776,156,278,2442,1161,0,0.6837421049600896,0.8923570607615708,0.8056360304814463,0.4751271491586082,3.0,0,0,1
546,776,156,189,2442,1161,1,0.6837421049600894,0.8923570607615707,0.8056360304834811,0.4751271491586081,3.0,0,0,0
548,776,160,314,2442,2644,0,0.5,0.8309253148038568,0.30085000504309384,0.16907468519614322,3.0,1,1,1
550,537,53,196,2243,2582,0,0.5,1.0,0.21446433134796228,0.0,1.0,1,1,1
551,537,53,59,6925,1755,0,0.5,0.6213083307017738,0.14775542637375091,0.3786916692982262,2.0,1,1,1
552,537,53,301,4166,2527,0,0.5,1.0,0.0353831339133584,0.0,1.0,1,1,1
553,537,53,71,711,3341,0,0.5,1.0,0.2017698984213975,0.0,2.0,1,1,1
554,537,53,54,6925,5682,0,0.5,0.621308330701774,0.25220679028073034,0.37869166929822595,2.0,1,1,1
555,537,160,118,4408,1625,1,0.5,0.4827110952593039,0.2168870653785453,0.5172889047406961,3.0,1,1,1
556,537,160,219,6800,6239,0,0.5,0.8093368540800117,0.10537736270057299,0.19066314591998834,2.0,1,1,1
557,537,160,166,4408,6800,0,0.5,0.48271109525930384,0.05714098310662734,0.5172889047406961,3.0,1,1,1
558,537,160,273,6800,5036,1,0.5,0.35374704599731227,0.17889280369235516,0.6462529540026878,6.0,0,1,1
559,537,127,302,359,1611,0,0.5,0.993756036110798,0.4761867164948135,0.006243963889202009,2.0,1,1,1
560,537,6,184,5496,0,1,0.5,1.0,0.9999999999967831,0.0,1.0,1,1,1
562,537,156,315,1147,6119,0,0.5,1.0,0.5432706472978561,0.0,3.0,0,1,1
563,5036,207,277,146,4685,0,0.5,0.5148487862827442,0.3379223903597293,0.4851512137172558,2.0,1,1,1
564,5036,160,253,4408,711,1,0.7131604251535444,0.8624775175401664,0.7347387678664015,0.5638433327669222,17.0,0,0,0
565,5036,160,126,4408,275,0,0.5,0.6282836006473443,0.2792494759643695,0.37171639935265566,3.0,0,1,1
566,5036,155,266,1526,3154,1,0.8412968356309662,1.0,0.9717055453411186,0.6825936712619325,19.0,0,0,0
567,5036,53,323,5017,545,0,0.5,1.0,0.0198016164520257,0.0,1.0,1,1,1
568,5036,131,154,146,4484,0,0.6939560049160365,0.920445515828692,0.441013541083012,0.4674664940033809,3.0,0,0,0
569,5036,131,152,146,4484,0,0.6939560049160365,0.9204455158286919,0.4410135410830189,0.4674664940033809,3.0,0,0,0
571,5036,98,311,283,6284,0,0.5,1.0,0.03958771040387106,0.0,1.0,1,1,1
573,5036,127,57,3154,6293,0,0.5,1.0,0.5905349498361451,0.0,3.0,0,1,0
574,5036,162,245,3411,3341,0,0.5,1.0,0.8315621530953393,0.0,1.0,1,1,1
575,5036,158,180,1139,0,0,0.5,1.0,0.9999999999931721,0.0,1.0,1,1,1
576,5036,97,160,6991,146,0,0.5,1.0,0.054383342556771824,0.0,1.0,1,1,1
577,5036,169,287,5421,45,0,0.5,1.0,0.1377481444614743,0.0,1.0,1,1,1
579,2847,160,228,5924,3155,0,0.5,0.4191104017892188,0.1683879574447472,0.5808895982107811,4.0,1,1,1
580,2671,160,33,5441,3011,0,0.5,1.0,0.0494700976347749,0.0,1.0,1,1,1
581,2671,103,176,18,129,0,0.5,1.0,0.9112468170231138,0.0,1.0,1,1,1
582,2671,103,286,18,129,0,0.5,1.0,0.9112468170154323,0.0,1.0,1,1,1
583,2671,127,178,2083,6504,0,0.5,0.5197938552019578,0.3248533754718441,0.48020614479804224,2.0,1,1,1
584,2671,53,236,3341,6052,0,0.5,0.6488368481453116,0.01621081675634294,0.3511631518546884,2.0,1,1,1
585,2671,53,329,18,2212,0,0.5,0.4956740253809872,0.3195215638423133,0.5043259746190127,3.0,1,1,1
586,2671,142,357,6504,18,0,0.5,1.0,0.45040085064741786,0.0,1.0,1,1,1
587,2671,155,356,1077,2290,1,0.5,0.529671403994872,0.015152826302078213,0.470328596005128,2.0,1,1,1
588,265,6,257,1183,0,0,0.5,1.0,0.9999999999994641,0.0,2.0,0,1,0
589,265,156,102,1183,0,1,0.5319764528961122,1.0,0.9999999999995178,0.06395290579222446,3.0,0,0,0
590,3873,155,61,1077,2290,0,0.5,0.7635885175662808,0.579479094824235,0.23641148243371923,4.0,0,1,0
591,3873,155,45,6823,0,0,0.5,1.0,0.9999999999983266,0.0,1.0,1,1,1
593,5419,222,161,1148,0,1,0.5,1.0,0.9999999999952195,0.0,1.0,1,1,1
594,6410,162,150,3262,0,1,0.5,1.0,0.9999999999981707,0.0,2.0,0,1,1
595,6410,123,322,1077,3262,0,0.618503977819335,0.5962448403949633,0.38615758840800546,0.6407631152437067,10.0,0,0,0
596,6410,123,36,3155,3262,0,0.5,1.0,0.16676352322156074,0.0,1.0,1,1,1
597,6410,123,279,1077,3262,0,0.6685740988608495,0.7820179117183048,0.32468950876345254,0.5551302860033942,8.0,0,0,0
598,6410,123,275,1077,3262,0,0.6685740988608495,0.7820179117183047,0.3246895087634604,0.5551302860033942,8.0,0,0,0
599,6410,61,36,5037,0,1,0.654786177706135,1.0,0.9999999999995995,0.30957235541227,3.0,0,0,0
600,6410,61,149,5037,3262,1,0.6024699614647067,0.5547640088919918,0.2638887482471145,0.6501759140374215,8.0,0,0,1
601,6410,61,180,5037,3669,1,0.5,0.3498240859625786,0.1283662063163066,0.6501759140374215,8.0,1,1,1
602,6410,61,257,5037,3669,1,0.5866207449745595,0.6780168987880314,0.44660415033889084,0.49522459116108775,9.0,0,0,1
603,6410,142,185,7038,2661,1,0.5,0.4461256667996616,0.08354904939179968,0.5538743332003384,13.0,0,1,0
604,6410,142,178,7038,711,0,0.5,0.28198808980183604,0.12577572173271404,0.7180119101981639,11.0,0,1,0
605,6410,142,276,7038,5527,0,0.5,0.20646205350578303,0.07351360501986809,0.7935379464942169,28.0,1,1,1
606,6410,142,28,1552,2278,0,0.0,0.0,0.0,0.0,1.0,1,1,1
607,6410,142,183,7038,2661,1,0.5,0.4461256667996616,0.16138100441716546,0.5538743332003384,13.0,0,1,0
608,6410,142,273,7038,5527,0,0.5,0.20646205350578303,0.07351360501986852,0.7935379464942169,28.0,1,1,1
609,6410,142,40,3341,6817,0,0.5,1.0,0.3245903234859732,0.0,2.0,1,1,1
610,6410,142,343,5037,7038,0,0.5871115874654862,0.4866905910294681,0.19020750335423964,0.6875325839015043,18.0,0,0,0
611,6410,142,94,711,3341,1,0.6480801165406935,0.6199416289824315,0.21305386453205985,0.6762186040989555,9.0,0,0,0
612,6410,56,21,5037,5246,0,0.5,1.0,0.4700845513839245,0.0,2.0,0,1,0
613,6410,56,28,3262,5037,0,0.5,0.5247350488174024,0.079441059381486,0.4752649511825976,2.0,1,1,1
614,6410,53,88,3262,3825,1,0.8131699406973607,1.0,0.6798719141531862,0.6263398813947215,6.0,0,0,0
615,6410,53,118,3262,1077,0,0.7201868451164837,0.6730473891681537,0.36740579873831924,0.7673263010648137,11.0,0,0,0
616,6410,53,60,3825,5037,0,0.5,1.0,0.4661227057735205,0.0,2.0,0,1,0
617,6410,53,121,3262,1077,0,0.7201868451164837,0.6730473891681535,0.367405798738317,0.7673263010648138,11.0,0,0,0
618,6410,98,196,1077,3262,0,0.5796578423745273,0.4841291097677648,0.2963177808038843,0.6751865749812898,12.0,0,0,0
619,6410,98,190,1077,3262,0,0.5796578423745273,0.48412910976776496,0.29631778080388854,0.6751865749812896,12.0,0,0,0
620,6410,191,103,5037,3262,1,0.8243347894628364,1.0,0.7399999065259563,0.6486695789256729,8.0,0,0,0
621,6410,191,43,5037,3262,1,0.78011295208695,1.0,0.6848609435153004,0.5602259041739,7.0,0,0,0
622,6410,127,40,6823,5037,0,0.5,1.0,0.13774814446148953,0.0,1.0,1,1,1
623,6410,127,47,5037,3155,0,0.5,0.5833817616108397,0.0435050340120031,0.41661823838916034,2.0,1,1,1
624,6410,127,198,3262,1077,1,0.5943616627456549,0.47477439642542196,0.2225245195034426,0.7139489290658878,13.0,0,0,0
625,6410,127,10,3155,0,1,0.5,1.0,0.99999999999898,0.0,1.0,1,1,1
626,6410,127,362,3262,5037,1,0.5,0.28404328157416386,0.07835742417123065,0.7159567184258362,31.0,1,1,1
627,6410,127,288,3262,5037,0,0.7379881544497633,0.6753856005778812,0.358406124359844,0.8005907083216455,25.0,0,0,0
628,6410,127,192,3262,1077,1,0.5,0.2643372905373364,0.05777425191926593,0.7356627094626635,12.0,1,1,1
629,6410,156,241,5037,3262,0,0.5,0.449165561927412,0.14347014554194723,0.550834438072588,22.0,0,1,1
630,6410,156,41,5037,3262,0,0.5908746092884223,0.7330340101736256,0.5152374504524291,0.448715208403219,8.0,0,0,0
631,6410,156,257,5037,3262,1,0.643567878207627,0.607329824962956,0.3037984700364039,0.679805931452298,23.0,0,0,0
632,6410,156,76,5037,3262,0,0.7789490770539986,0.8576569725610727,0.708554437943228,0.7002411815469245,11.0,0,0,0
633,6410,38,341,1171,5485,0,0.6565473505534696,0.5569445825175583,0.30394062112742204,0.7561501185893807,23.0,0,0,0
634,6410,196,181,5037,0,1,0.5,1.0,0.9999999999977477,0.0,1.0,1,1,1
635,6410,160,119,5037,1077,1,0.7770365953459928,0.8250176645405999,0.6325410403750552,0.7290555261513858,14.0,0,0,0
636,6410,160,170,5037,3262,0,0.7676011404460292,0.8050292218935063,0.6030761422932459,0.730173058998552,17.0,0,0,0
637,6410,160,114,5037,1077,0,0.7747690373560835,0.7960165021256289,0.5842977578696096,0.7535215725865381,13.0,0,0,0
638,6410,171,61,5395,0,1,0.5,1.0,0.9999999999989388,0.0,1.0,1,1,1
639,6410,115,35,1077,5037,0,0.5,1.0,0.4466219870418714,0.0,2.0,0,1,1
640,6410,115,61,1077,5037,0,0.5,0.6622513027015611,0.034350933982940285,0.3377486972984389,4.0,1,1,1
641,6410,115,44,5037,1077,1,0.6874489733367285,0.7970979222989227,0.3068310496778369,0.5778000243745343,3.0,0,0,0
642,6410,115,263,1077,3262,1,0.6338137800437191,0.5720665519009245,0.23899059379067444,0.6955610081865139,19.0,0,0,0
643,6410,31,315,5037,0,1,0.655851651587342,1.0,0.9999999999989567,0.3117033031746842,2.0,0,0,1
645,6410,6,135,5037,0,1,0.735164298002564,1.0,0.9999999999990593,0.470328596005128,2.0,0,0,0
646,6410,139,185,5226,0,0,0.5,1.0,0.9999999999984843,0.0,1.0,1,1,1
647,6410,155,240,5037,3155,1,0.5,1.0,0.2167226023213891,0.0,1.0,1,1,1
648,6410,155,182,3155,4805,0,0.675865928378883,0.7557656620154648,0.5382296638101373,0.5959661947423014,6.0,0,0,0
651,6410,207,320,1077,929,1,0.6071353066578551,0.7069214046749636,0.5234390933360337,0.5073492086407465,10.0,0,0,0
652,6410,207,362,1077,4950,0,0.6189492518303896,0.6133484089283676,0.3893132906586869,0.6245500947324116,11.0,0,0,0
653,6410,52,347,5037,3262,0,0.5,0.9853483549794212,0.4017507682981267,0.014651645020578807,3.0,0,1,1
654,6410,116,146,3262,1077,0,0.5,0.5444418687126351,0.3740433700371604,0.4555581312873649,2.0,1,1,1
655,3361,169,208,4614,4047,1,0.5,1.0,0.5806487423278734,0.0,1.0,1,1,1
656,3361,160,268,4614,4720,0,0.5,1.0,0.7016086872657358,0.0,1.0,1,1,1
657,3987,160,218,3155,146,1,0.8564002804697914,0.9297448605312985,0.849467192584565,0.7830557004082843,46.0,0,0,0
658,3987,160,48,3155,920,1,0.7625401363526572,0.8990056593399108,0.7008598393800961,0.6260746133654034,13.0,0,0,0
659,3987,160,283,3155,146,1,0.9070839400140849,0.9878792938248778,0.9723045560935242,0.826288586203292,61.0,0,0,0
660,3987,160,101,3155,2445,1,0.840883902263319,0.9050369283339595,0.7751365715812678,0.7767308761926786,28.0,0,0,0
661,3987,160,125,3155,2445,0,0.8748620853130161,0.934689936639779,0.8397251588130176,0.8150342339862533,32.0,0,0,0
662,3987,160,210,3155,146,1,0.8564002804697912,0.9297448605312981,0.8494671925845815,0.7830557004082843,46.0,0,0,0
663,3987,160,50,3155,920,1,0.7914543792522772,0.9113032108186297,0.7324111428825901,0.6716055476859248,14.0,0,0,0
664,3987,160,231,3155,146,1,0.8564002804697912,0.9297448605312982,0.8494671925845316,0.7830557004082843,46.0,0,0,0
665,3987,160,296,3155,146,1,0.8721068046118637,0.9889207192887348,0.9746540245493018,0.7552928899349927,62.0,0,0,0
667,3987,158,230,3155,3159,0,0.5,0.5049508894765016,0.2931771384567245,0.4950491105234984,2.0,1,1,1
668,3987,156,90,3147,5149,0,0.5,1.0,0.5331374037672149,0.0,2.0,0,1,0
669,3987,156,12,920,0,1,0.7450495958869907,1.0,0.999999999999448,0.4900991917739813,2.0,0,0,0
670,3987,157,249,4308,3155,0,0.5,1.0,0.10344301125297102,0.0,2.0,1,1,1
671,3987,169,205,3159,1077,1,0.5,1.0,0.18595109432668655,0.0,1.0,1,1,1
672,6126,156,292,1161,0,1,0.5,1.0,0.9999999998059882,0.0,1.0,1,1,1
674,2461,38,263,2825,3788,0,0.5,0.6732458497880727,0.30667156107852184,0.32675415021192733,3.0,0,1,1
675,2461,156,99,1185,902,0,0.5,0.392020533429644,0.09168244412397944,0.607979466570356,3.0,1,1,1
677,2461,160,329,5069,2879,0,0.5,1.0,0.8405175732956074,0.0,2.0,0,1,1
678,1077,156,53,3262,5037,0,0.7962167497761183,0.919820995077252,0.5968580210009521,0.6726125044749848,8.0,0,0,0
679,1077,156,141,3262,6890,0,0.5,0.3374182390345047,0.0013644161699203484,0.6625817609654954,17.0,1,1,1
680,1077,156,72,3262,3922,0,0.712751758361176,0.6148450675711585,0.36735067483623696,0.8106584491511936,11.0,0,0,0
681,1077,156,348,3262,6890,1,0.7173635287349406,0.6824699715263448,0.4519944308741398,0.7522570859435364,32.0,0,0,0
682,1077,156,238,3262,6890,1,0.681917379761127,0.5195681989309445,0.25820671296823766,0.8442665605913094,24.0,0,0,0
683,1077,156,356,3262,5037,0,0.7559062973599636,0.7618710352762821,0.5224183145647459,0.7499415594436452,33.0,0,0,0
684,1077,142,82,711,3922,0,0.6771088666157503,0.8198791319995096,0.3235775038921336,0.5343386012319912,7.0,0,0,0
685,1077,142,286,711,3731,1,0.5,0.3919010690554125,0.1771877300405864,0.6080989309445874,16.0,0,1,0
686,1077,142,313,711,545,0,0.5,0.3957556346347672,0.03873085112300009,0.6042443653652327,28.0,1,1,1
687,1077,142,320,711,545,0,0.5,0.3538059210049912,0.028966636742659254,0.6461940789950088,32.0,1,1,1
688,1077,142,97,711,1115,0,0.5,0.4563725980564709,0.03597731224000783,0.5436274019435291,8.0,1,1,1
689,1077,142,153,7038,2546,0,0.6989430300937445,0.8384483039410182,0.46026888513621633,0.5594377562464707,16.0,0,0,0
690,1077,142,310,545,711,0,0.5,0.44890750266691953,0.10076144395051236,0.5510924973330804,14.0,0,1,0
691,1077,142,45,3908,3341,0,0.5,0.5470255287969472,0.014784379410491346,0.4529744712030528,4.0,1,1,1
692,1077,142,188,7038,359,0,0.5,0.34198246443723973,0.06395760705709728,0.6580175355627602,18.0,1,1,1
693,1077,142,33,5678,3908,0,0.5,1.0,0.03958771040389418,0.0,1.0,1,1,1
694,1077,142,251,3731,711,0,0.5,0.4975734455923644,0.20768419132559698,0.5024265544076356,6.0,0,1,0
695,1077,142,324,711,545,0,0.5,0.3292825732046632,0.06479993915345188,0.6707174267953369,33.0,0,1,0
696,1077,142,86,711,3922,0,0.5,0.4563725980564709,0.25912777949772836,0.5436274019435291,8.0,0,1,0
697,1077,142,63,3341,3933,0,0.5,0.5270725433560026,0.11596202562472346,0.4729274566439974,6.0,0,1,1
698,1077,142,315,711,545,0,0.5,0.4428910956259481,0.03560199876497825,0.5571089043740519,29.0,1,1,1
699,1077,142,190,7038,359,0,0.5,0.3419824644372398,0.0639576070570971,0.6580175355627602,18.0,1,1,1
700,1077,142,339,545,711,0,0.5,0.25030915568359524,0.06440772537315625,0.7496908443164048,21.0,0,1,0
701,1077,142,128,7038,1115,0,0.5,0.7316924831381807,0.25539157150665676,0.2683075168618193,12.0,0,1,0
702,1077,142,130,7038,1115,0,0.5,0.7316924831381807,0.25539157150665587,0.2683075168618193,12.0,0,1,0
703,1077,142,48,3341,3908,0,0.5,0.6538363976509918,0.11322746721094051,0.3461636023490082,5.0,1,1,1
704,1077,142,47,3341,3908,1,0.5,0.6538363976509917,0.11322746721094074,0.34616360234900834,5.0,1,1,1
705,1077,142,238,3173,7038,0,0.5,0.47032951444871596,0.11179895340394973,0.529670485551284,6.0,1,1,1
706,1077,142,159,7038,6537,0,0.6989430300937445,0.8384483039410182,0.3942064799887764,0.5594377562464707,16.0,0,0,0
707,1077,142,233,3173,7038,1,0.5,0.47032951444871596,0.11179895340395121,0.529670485551284,6.0,1,1,1
708,1077,142,161,7038,6537,0,0.6989430300937445,0.8384483039410182,0.3942064799887746,0.5594377562464707,16.0,0,0,0
709,1077,142,175,7038,6332,0,0.6989430300937445,0.8384483039410181,0.3482218628253463,0.5594377562464709,16.0,0,0,0
710,1077,142,148,7038,2546,0,0.6989430300937445,0.8384483039410182,0.4602688851362205,0.5594377562464709,16.0,0,0,0
711,1077,142,72,3341,3933,0,0.5,0.5270725433560026,0.11596202562472026,0.4729274566439974,6.0,0,1,1
712,1077,53,53,3341,2290,0,0.5,0.5090199543232633,0.2821849980350523,0.4909800456767367,4.0,0,1,0
713,1077,53,118,3262,6410,1,0.5,0.5087301756606336,0.12164546397856678,0.4912698243393664,4.0,1,1,1
714,1077,53,239,6407,3262,0,0.5,0.6643258246458694,0.04470272900924483,0.3356741753541306,9.0,1,1,1
715,1077,53,180,3262,6410,0,0.5,0.5294378724048692,0.01923869972580785,0.47056212759513083,7.0,1,1,1
716,1077,53,360,3262,3155,0,0.5780529683840222,0.41918340885914557,0.19002554873918068,0.7369225279088989,24.0,0,0,0
717,1077,53,77,3746,3341,0,0.5,0.6029767020445262,0.28934982188969066,0.39702329795547375,5.0,0,1,0
718,1077,53,101,3746,2290,0,0.5,0.6029767020445262,0.013695823927728227,0.39702329795547375,5.0,1,1,1
719,1077,53,319,3262,6410,1,0.6270336492475332,0.5289718260337414,0.16623166624181568,0.7250954724613251,21.0,0,0,0
720,1077,53,117,3262,3746,0,0.5,0.5087301756606335,0.3065657965816148,0.4912698243393665,4.0,0,1,0
721,1077,53,153,3922,3262,0,0.5,0.42363888243316805,0.20913987832526473,0.576361117566832,7.0,0,1,0
722,1077,53,286,3262,6410,0,0.5,0.26372369604132845,0.021352663521624234,0.7362763039586715,15.0,1,1,1
723,1077,53,244,3262,6407,0,0.5,0.2810746380517998,0.11968981724494544,0.7189253619482002,12.0,1,1,1
724,1077,53,167,3922,3262,0,0.5,0.4236388824331681,0.20913987832525444,0.576361117566832,7.0,0,1,0
725,1077,155,184,5037,6410,0,0.5,0.5207818489431602,0.22178579227800543,0.47921815105683985,10.0,0,1,0
726,1077,155,310,5037,927,0,0.5,0.34443899371984865,0.05281877132902553,0.6555610062801513,13.0,1,1,1
727,1077,155,128,3922,5037,0,0.5,0.6717486680202713,0.15601428352197447,0.32825133197972867,5.0,0,1,1
728,1077,155,201,5037,6410,1,0.5,0.6269654531541156,0.3370635187116395,0.37303454684588444,11.0,0,1,0
729,1077,155,187,5037,6410,0,0.5,0.6269654531541154,0.3370635187116556,0.37303454684588455,11.0,0,1,0
730,1077,155,185,5037,6410,0,0.5,0.52078184894316,0.22178579227800477,0.47921815105683996,10.0,0,1,0
731,1077,38,210,1121,5854,0,0.5,0.5369210919478596,0.010952850480520296,0.46307890805214036,4.0,1,1,1
732,1077,38,319,7003,1121,1,0.6309247653713782,0.6912899519397626,0.4814352894826923,0.5705595788029938,10.0,0,0,0
733,1077,87,350,5395,3922,0,0.5,0.9665467427156621,0.007761965576725303,0.0334532572843379,3.0,1,1,1
734,1077,160,334,3262,7038,0,0.5,0.5297546787101359,0.15034402583245768,0.47024532128986407,10.0,1,1,1
735,1077,160,154,6890,3922,0,0.5,0.6048797277582835,0.1040225025565362,0.39512027224171653,3.0,1,1,1
736,1077,160,211,6890,3262,0,0.5,0.39165227774714084,0.12358240429756279,0.6083477222528592,7.0,0,1,1
737,1077,160,357,3262,3155,0,0.5,0.39473633894690446,0.16126039555611238,0.6052636610530955,11.0,1,1,1
738,1077,115,245,6410,6407,1,0.5,0.3931639295339111,0.1524108851198782,0.6068360704660889,12.0,0,1,1
739,1077,115,145,3922,6410,0,0.5,0.612646687730772,0.03158231886990972,0.387353312269228,4.0,1,1,1
740,1077,115,315,3262,6410,1,0.5,0.5586781422247522,0.0016076310831181515,0.4413218577752478,13.0,1,1,1
741,1077,115,352,3262,6410,0,0.6548091853921574,0.5535722815782981,0.32488030622761055,0.7560460892060166,19.0,0,0,0
742,1077,115,115,6410,6568,0,0.5,0.4637649895124388,0.27328614738623663,0.5362350104875613,5.0,1,1,1
743,1077,115,282,3262,6410,1,0.5,0.5242780430250878,0.15047414181616767,0.47572195697491215,9.0,0,1,0
744,1077,115,200,6410,6407,1,0.5,0.7174668960918442,0.053957482085150936,0.2825331039081558,10.0,1,1,1
745,1077,207,257,6410,2290,0,0.5,0.5165735766367179,0.21864021562834204,0.4834264233632821,6.0,0,1,0
746,1077,207,317,6410,3262,0,0.5,0.35743815373722276,0.08527107504398043,0.6425618462627772,11.0,1,1,1
747,1077,207,316,6410,3262,0,0.5,0.3574381537372228,0.08527107504398052,0.6425618462627771,11.0,1,1,1
748,1077,207,143,2290,6890,0,0.6999831193017829,0.7380154435462838,0.5026336830346472,0.661950795057282,8.0,0,0,0
749,1077,207,138,2290,6890,0,0.6999831193017829,0.7380154435462838,0.5026336830346572,0.661950795057282,8.0,0,0,0
750,1077,35,356,2457,0,0,0.6315596303083968,1.0,0.9999999999605389,0.2631192606167937,2.0,0,0,1
751,1077,123,356,146,6635,0,0.5,0.3850727593108677,0.09364859560141868,0.6149272406891323,14.0,1,1,1
752,1077,123,57,146,6568,0,0.5,0.41652293226848935,0.0518979055714677,0.5834770677315106,4.0,1,1,1
753,1077,123,64,146,6568,0,0.5,0.41652293226848947,0.051897905571466396,0.5834770677315105,4.0,1,1,1
754,1077,123,92,2290,3495,0,0.5,0.5892232929315716,0.0736525833724049,0.4107767070684284,5.0,1,1,1
755,1077,123,245,6411,146,0,0.5,0.8420424843601951,0.17761092725280708,0.15795751563980487,3.0,1,1,1
756,1077,123,41,146,711,0,0.5,1.0,0.462180615538923,0.0,2.0,0,1,0
757,1077,123,357,146,6635,0,0.5927753938409205,0.49917299318775715,0.19405306525595584,0.6863777944940838,15.0,0,0,0
758,1077,123,182,3922,3162,0,0.5,0.47874903903621924,0.19263868567572445,0.5212509609637808,6.0,0,1,1
759,1077,123,292,6410,2290,0,0.5,0.48433926569950253,0.06498494419166172,0.5156607343004975,6.0,1,1,1
760,1077,123,306,146,3155,0,0.5,0.6006011683557672,0.15112972262708196,0.39939883164423284,10.0,1,1,1
761,1077,123,243,6411,146,0,0.5,0.8420424843601951,0.1776109272528092,0.15795751563980487,3.0,1,1,1
762,1077,56,159,3262,6890,0,0.5,0.19534732092683652,0.030827836200426555,0.8046526790731635,15.0,1,1,1
763,1077,56,14,3262,0,1,0.5,1.0,0.9999999999988514,0.0,1.0,1,1,1
764,1077,56,47,3262,0,0,0.8742827694101921,1.0,0.9999999999997223,0.7485655388203842,5.0,0,0,0
765,1077,56,356,5395,6410,0,0.5,0.9937035416225684,0.0622704275933939,0.006296458377431646,6.0,1,1,1
766,1077,169,59,3159,2445,0,0.5,1.0,0.2517074947816134,0.0,3.0,0,1,0
767,1077,169,184,6635,3566,0,0.5,1.0,0.019801616452028412,0.0,2.0,1,1,1
768,1077,169,268,6785,3926,1,0.5,0.8132501361788359,0.018820586990915586,0.1867498638211641,6.0,1,1,1
769,1077,169,14,3155,5037,0,0.5,1.0,0.10849439921287435,0.0,1.0,1,1,1
770,1077,169,128,2083,6785,0,0.5,0.5148487862827442,0.1335446940524324,0.4851512137172558,2.0,1,1,1
771,1077,169,303,711,6785,0,0.5,0.42439754829110776,0.12702946462992626,0.5756024517088922,5.0,1,1,1
772,1077,103,243,6410,2290,0,0.6925995785372928,0.6772191768663465,0.4390691885623998,0.7079799802082392,9.0,0,0,0
773,1077,103,153,2290,6410,0,0.6766798532238092,0.7513038957209517,0.5221081287779904,0.6020558107266667,5.0,0,0,0
774,1077,46,142,6796,0,0,0.5,1.0,0.9999999999987567,0.0,1.0,1,1,1
775,1077,46,231,1171,3009,0,0.5,1.0,0.3464916995759958,0.0,2.0,0,1,1
776,1077,158,188,3922,7038,0,0.6514604231759127,0.6613949087564951,0.2983987633497602,0.6415259375953304,7.0,0,0,0
777,1077,158,23,3874,0,0,0.5,1.0,0.9999999999994641,0.0,2.0,0,1,0
778,1077,61,305,5037,5395,1,0.5,1.0,0.16227616338391257,0.0,1.0,1,1,1
779,1077,127,311,3262,6410,1,0.6144238038333814,0.5023992023860999,0.19952106513348603,0.7264484052806628,11.0,0,0,0
780,1077,127,289,3262,6410,0,0.5,0.3547309162741047,0.07217336850155552,0.6452690837258953,10.0,1,1,1
781,1077,127,34,2290,3155,1,0.5,0.544441868712635,0.28589943310508226,0.455558131287365,2.0,1,1,1
782,1077,127,178,6407,6410,0,0.5,0.3869710144492456,0.08344336908200418,0.6130289855507545,4.0,1,1,1
783,1077,127,247,6410,2290,0,0.7231298969964937,0.701766628680881,0.3450141753753043,0.7444931653121063,13.0,0,0,0
784,1077,127,253,6410,3262,1,0.5,0.22003110917128876,0.1035879469915305,0.7799688908287112,14.0,1,1,1
785,1077,127,33,2290,3155,1,0.5,0.544441868712635,0.2858994331050848,0.455558131287365,2.0,1,1,1
786,1077,190,333,5395,0,0,0.5,1.0,0.9999999998769707,0.0,1.0,1,1,1
787,1077,98,82,6410,4950,0,0.5,0.7248098190904041,0.2498131796446284,0.2751901809095959,4.0,0,1,1
788,1077,98,110,3262,6410,0,0.5,0.8199851436286819,0.2175707291309589,0.1800148563713181,3.0,1,1,1
789,1077,98,340,3262,146,0,0.5,0.471176336594582,0.1947696551919544,0.528823663405418,16.0,0,1,0
790,1077,98,107,6410,3262,0,0.5,0.4290100643275951,0.06012338522864151,0.5709899356724049,5.0,1,1,1
791,1077,98,127,4950,3262,0,0.5,0.8596621068365335,0.011233924444854233,0.14033789316346645,4.0,1,1,1
792,1077,98,120,4950,3262,0,0.5,0.8596621068365335,0.23862766141505043,0.14033789316346645,4.0,0,1,0
793,1077,98,363,3262,146,0,0.5,0.471176336594582,0.19476965519193568,0.528823663405418,16.0,0,1,1
796,1077,159,1,3262,0,0,0.5,1.0,0.99999999999898,0.0,1.0,1,1,1
797,1077,159,162,3262,5037,0,0.7189914512678073,0.6887507883739915,0.4567986469301735,0.7492321141616229,6.0,0,0,1
798,1077,159,169,3159,3262,1,0.5,1.0,0.011435022027550836,0.0,1.0,1,1,1
799,1077,6,149,6890,3262,1,0.5,0.33052202903424655,0.12730826177365645,0.6694779709657535,5.0,1,1,1
800,1077,6,238,6890,3262,0,0.5,0.23995989273061727,0.09018121524613339,0.7600401072693828,13.0,0,1,1
802,1077,208,280,5665,6890,0,0.5,1.0,0.7797964788449313,0.0,1.0,1,1,1
803,1077,134,200,6410,2290,1,0.7204327192203995,1.0,0.9350054655458292,0.44086543844079906,2.0,0,0,0
804,1077,139,131,927,2290,0,0.5,1.0,0.5038985060616868,0.0,1.0,1,1,1
805,1077,191,133,6890,711,0,0.5,1.0,0.1377481444614797,0.0,1.0,1,1,1
806,1077,157,189,1060,5037,0,0.5,1.0,0.4017973015039357,0.0,1.0,1,1,1
807,1077,227,344,6407,6635,1,0.5,0.5049508894765015,0.23308987817114957,0.49504911052349854,2.0,1,1,1
809,1077,24,73,3922,0,1,0.5,1.0,0.99999999999898,0.0,1.0,1,1,1
810,1077,171,364,3159,3926,0,0.5,1.0,0.7531992718275642,0.0,1.0,1,1,1
811,1077,162,324,2290,3262,0,0.5,0.7580924372026853,0.4851001524633687,0.24190756279731473,5.0,0,1,0
814,6967,160,40,3155,0,1,0.6633770751059638,1.0,0.999999999999632,0.32675415021192744,3.0,0,0,0
815,146,142,197,920,3341,0,0.5,0.6478622899792429,0.09174551798690786,0.3521377100207571,6.0,1,1,1
816,146,142,309,545,3933,0,0.5,0.4176911120276099,0.24041941629743602,0.5823088879723901,6.0,0,1,0
817,146,142,353,5762,545,0,0.5,0.7697761848005306,0.14717673577011128,0.23022381519946944,6.0,1,1,1
818,146,142,144,45,5762,0,0.6382451038196097,0.6912586702863398,0.4379760632679098,0.5852315373528798,5.0,0,0,0
819,146,142,244,920,3341,1,0.5,0.42920050401577925,5.3514068071974804e-05,0.5707994959842208,15.0,1,1,1
820,146,142,225,920,3341,0,0.5,0.42920050401577914,0.19800441630813803,0.5707994959842209,15.0,0,1,0
821,146,142,215,920,3341,0,0.6280675010347939,0.5992621492177148,0.2718722151370796,0.656872852851873,10.0,0,0,0
822,146,142,146,45,545,0,0.6382451038196097,0.6912586702863398,0.2864689241547279,0.5852315373528798,5.0,0,0,0
823,146,142,152,711,45,0,0.5,0.7658924293060242,0.29658774560522166,0.2341075706939758,4.0,0,1,0
824,146,127,333,5036,1077,0,0.5,1.0,0.033444708856502074,0.0,1.0,1,1,1
825,146,123,273,6559,0,0,0.5,1.0,0.9999999998277247,0.0,1.0,1,1,1
826,146,123,84,6559,0,1,0.5,1.0,0.9999999999959199,0.0,1.0,1,1,1
827,146,98,294,3155,6559,0,0.5,0.7971368273533955,0.04389419434753212,0.20286317264660447,3.0,1,1,1
828,146,207,30,2460,0,0,0.5,1.0,0.9999999999988739,0.0,1.0,1,1,1
829,146,169,229,3155,545,1,0.5,1.0,0.12116008819408916,0.0,1.0,1,1,1
830,146,169,79,545,5740,0,0.6583211742971828,0.7600299732883801,0.47428034357308574,0.5566123753059855,3.0,0,0,0
831,146,160,215,443,4484,0,0.770713264519616,0.8393828333215815,0.6035366839316594,0.7020436957176505,5.0,0,0,0
832,146,133,43,1318,0,0,0.5,1.0,0.9999999999980778,0.0,1.0,1,1,1
833,146,53,100,6559,3155,0,0.5,1.0,0.14121120511907098,0.0,4.0,1,1,1
834,146,53,309,545,45,0,0.5,0.6818986340709695,0.37519425942178247,0.3181013659290305,3.0,0,1,0
835,146,38,252,3005,4362,1,0.5,0.5542471996064685,0.3396038154438058,0.4457528003935315,2.0,1,1,1
837,2290,53,195,1077,3155,0,0.6071751716814435,0.7373523156384514,0.527632325950394,0.4769980277244358,10.0,0,0,0
838,2290,53,15,1077,6823,0,0.5,0.544441868712635,0.2949661884438057,0.455558131287365,2.0,1,1,1
839,2290,53,188,1077,3155,1,0.5,0.44937364706824,0.21340571971229563,0.55062635293176,8.0,1,1,1
840,2290,53,34,4569,1077,0,0.5,1.0,0.25007822784865746,0.0,2.0,1,1,1
841,2290,53,258,929,2300,1,0.5,0.6882964458246285,0.29628392049978414,0.31170355417537154,5.0,0,1,0
842,2290,53,124,1077,929,1,0.5,0.37015867045881906,0.18566788351661287,0.6298413295411809,6.0,1,1,1
843,2290,207,61,3155,146,0,0.5,0.7212361983332674,0.35516188837910784,0.27876380166673265,2.0,1,1,1
844,2290,207,187,1077,1375,1,0.6310188974488959,0.6591349470805924,0.43153967272429766,0.6029028478171996,6.0,0,0,0
845,2290,207,349,1077,6407,0,0.6271472575529327,0.7059027437528641,0.459043727010592,0.5483917713530013,10.0,0,0,1
846,2290,127,132,3929,3155,0,0.5,1.0,0.024423257036128795,0.0,1.0,1,1,1
847,2290,127,154,3155,3929,0,0.5,0.6730911130874782,0.4888961741515451,0.32690888691252185,5.0,1,1,1
848,2290,127,260,3155,246,0,0.5,0.7710433600629419,0.2859879775440248,0.22895663993705806,9.0,0,1,1
849,2290,123,209,2446,1077,0,0.5,0.5271916712784285,0.020411110884643157,0.4728083287215715,3.0,1,1,1
850,2290,123,91,1077,3155,0,0.7206803286183492,0.8186710750204073,0.4687912766294008,0.6226895822162912,4.0,0,0,0
851,2290,98,37,5171,0,0,0.5,1.0,0.999999999998805,0.0,1.0,1,1,1
852,2290,98,257,1077,3155,0,0.5,0.7753509930381003,0.13909006475004676,0.2246490069618997,4.0,1,1,1
853,2290,115,15,1077,3262,1,0.5,1.0,0.36814886519775253,0.0,2.0,0,1,0
854,2290,142,286,4694,3341,0,0.5,0.3714417658488942,0.06880880294144033,0.6285582341511058,3.0,1,1,1
855,2290,142,274,3341,6052,0,0.5,0.5146136820436907,0.2869555730859727,0.48538631795630927,13.0,0,1,0
856,2290,142,159,711,1943,0,0.589817581091426,0.7516034520910617,0.4478724826296973,0.4280317100917903,8.0,0,0,0
857,2290,142,49,711,6293,0,0.5,0.5049508894765016,0.0792698512951079,0.4950491105234984,2.0,1,1,1
858,2290,142,48,711,6293,0,0.5,0.5049508894765016,0.07926985129510844,0.4950491105234984,2.0,1,1,1
859,2290,142,116,7038,3341,0,0.5,0.6819966304842201,0.13464024387537005,0.3180033695157799,6.0,0,1,1
860,2290,142,332,18,3341,1,0.5,0.554404194588572,0.25391424828722026,0.44559580541142796,7.0,0,1,0
861,2290,142,307,3155,3341,0,0.5,0.8417443811052394,0.18599654218518957,0.15825561889476059,6.0,0,1,1
862,2290,142,81,1523,6293,0,0.5,0.5148487862827442,0.11541542420905701,0.4851512137172558,2.0,1,1,1
863,2290,142,202,711,6284,0,0.5,0.5719682899082097,0.18260729371904996,0.4280317100917903,8.0,0,1,1
864,2290,103,264,3155,1077,1,0.5,0.688959483804201,0.4276557327701944,0.311040516195799,8.0,0,1,0
865,2290,103,323,3155,1077,1,0.6255456522556389,0.7289926297495564,0.52657137900145,0.5220986747617213,10.0,0,0,0
866,2290,222,24,1155,0,1,0.5,1.0,0.99999999999898,0.0,1.0,1,1,1
867,2290,222,273,3159,1297,1,0.6907257787998025,0.9225450618841828,0.7029170412231814,0.4589064957154222,6.0,0,0,0
869,2290,156,329,3155,509,1,0.5,1.0,0.12802097993885259,0.0,1.0,1,1,1
870,2290,38,170,4257,5292,0,0.7606686810462344,0.8908431608913052,0.758380852175925,0.6304942012011637,12.0,0,0,0
871,2290,38,34,7007,2300,0,0.5,0.6001368216353742,0.39584144365608537,0.3998631783646258,3.0,0,1,0
872,2290,155,110,3155,7038,1,0.5,0.6230470451061021,0.29556500347786596,0.3769529548938979,5.0,0,1,1
873,2290,155,37,3155,0,1,0.7425756068586279,1.0,0.9999999999997348,0.4851512137172558,4.0,0,0,0
874,2290,169,118,4723,4064,1,0.695198513618358,1.0,0.44640186527420056,0.3903970272367161,3.0,0,0,0
875,2290,169,296,362,3922,0,0.0,0.0,0.0,0.0,1.0,1,1,1
876,2290,169,264,3159,4319,0,0.5,1.0,0.16676352322153465,0.0,1.0,1,1,1
878,2290,61,360,2576,6784,0,0.5,1.0,0.6247482975949525,0.0,1.0,1,1,1
880,2290,97,261,4346,3159,0,0.5,1.0,0.009901778952998064,0.0,1.0,1,1,1
883,2290,162,50,1077,0,0,0.5,1.0,0.9999999999978776,0.0,1.0,1,1,1
884,2290,174,232,150,0,0,0.5,1.0,0.9999999999172074,0.0,1.0,1,1,1
885,2290,159,330,3155,3159,0,0.5,1.0,0.48337569133818736,0.0,1.0,1,1,1
886,4172,56,275,1121,0,1,0.5,1.0,0.9999999999970863,0.0,1.0,1,1,1
887,4172,56,289,1121,0,1,0.5,1.0,0.9999999999961554,0.0,1.0,1,1,1
888,4172,160,184,3800,1464,0,0.5,1.0,0.13774814446143155,0.0,1.0,1,1,1
890,179,160,77,5463,0,1,0.5,1.0,0.9999999999969686,0.0,1.0,1,1,1
891,179,160,281,3922,5463,0,0.5,1.0,0.7850144009833205,0.0,1.0,1,1,1
892,3495,53,90,1077,6559,0,0.0,0.0,0.0,0.0,1.0,1,1,1
894,3495,142,342,2300,4545,1,0.5,1.0,0.09534222077427298,0.0,3.0,1,1,1
895,3495,142,348,2300,4545,0,0.5,0.7310039158445792,0.24708034807191798,0.26899608415542076,4.0,0,1,0
898,3495,123,305,6559,1077,0,0.5,0.9768648402865032,0.3315670380530179,0.023135159713496778,2.0,1,1,1
899,6047,156,222,1161,2442,0,0.5,0.41898952796713745,0.09738966882657206,0.5810104720328626,5.0,1,1,1
900,6047,156,341,2442,1161,0,0.5,0.5263799182525626,0.22139249848528733,0.4736200817474374,6.0,0,1,1
901,6047,156,310,2442,1161,0,0.5,0.5263799182525625,0.22139249848534137,0.4736200817474375,6.0,0,1,1
902,6047,53,285,2694,5091,0,0.5,1.0,0.9095518925531605,0.0,1.0,1,1,1
903,6047,160,334,4587,2694,0,0.5,1.0,0.7488826693293268,0.0,1.0,1,1,1
904,3586,61,189,816,0,1,0.5,1.0,0.99999999999898,0.0,1.0,1,1,1
906,733,6,168,2624,6599,1,0.5,0.9814825875131141,0.21372361860246872,0.018517412486885876,4.0,0,1,0
907,733,6,191,2624,6599,1,0.747029092126591,0.863286415327475,0.6815076138346986,0.6307717689257071,10.0,0,0,0
908,733,6,247,2624,6599,1,0.8711650009292782,0.9383993640646732,0.842733483007999,0.8039306377938833,15.0,0,0,0
909,733,155,134,3262,711,1,0.609402381730507,0.8498101826428414,0.7273943255716377,0.3689945808181726,5.0,0,0,0
910,733,155,57,3341,4319,0,0.5,1.0,0.16197009249739114,0.0,2.0,1,1,1
911,733,160,151,3155,6778,0,0.6916541506136489,0.8008074520084764,0.6433671535220301,0.5825008492188213,13.0,0,0,0
912,733,160,194,2624,3211,0,0.6051963210089397,0.5579248318366529,0.3229887228078306,0.6524678101812265,12.0,0,0,0
913,733,160,135,3155,3262,1,0.6905096328592962,0.7437651708063975,0.4753258982111382,0.637254094912195,11.0,0,0,0
914,733,160,78,3155,3812,0,0.7522001135617894,0.7402161017977272,0.5087141411639939,0.7641841253258516,10.0,0,0,0
915,733,160,139,3155,6778,0,0.5993960426629024,0.7412083763855707,0.5601297545213573,0.45758370894023415,12.0,0,0,0
916,733,160,113,3155,3812,0,0.7522001135617893,0.7402161017977271,0.5087141411639204,0.7641841253258516,10.0,0,0,0
917,733,160,335,2624,3155,0,0.6979363959003904,0.542946198160368,0.29211818878544976,0.8529265936404126,33.0,0,0,0
918,733,160,170,2624,3155,0,0.5,0.5523104702689139,0.3535167377366169,0.4476895297310861,6.0,0,1,0
919,733,160,131,3155,3812,0,0.7522001135617893,0.7402161017977271,0.5087141411638576,0.7641841253258516,10.0,0,0,0
920,733,53,167,3341,711,1,0.5,0.2807726526295649,0.15202851591102282,0.7192273473704351,14.0,1,1,1
921,733,53,204,3341,711,1,0.5,0.4771867880157004,0.24221194743913407,0.5228132119842996,19.0,0,1,0
922,733,53,318,711,3341,0,0.5,0.4340540978826436,0.0004262999192155184,0.5659459021173564,27.0,1,1,1
923,733,53,7,3341,920,0,0.5,1.0,0.21118613588096377,0.0,3.0,0,1,1
924,733,53,78,711,3341,0,0.7192264272513427,0.834599894400044,0.6777074521074894,0.6038529601026412,15.0,0,0,0
925,733,53,54,3341,920,0,0.5,0.5427380549689014,0.04961060379081759,0.4572619450310986,5.0,1,1,1
926,733,53,206,3341,711,0,0.6471409737458913,0.6998646615358373,0.3170951172214827,0.5944172859559452,20.0,0,0,0
927,733,162,325,711,3341,0,0.5,0.7717127414383617,0.590974762527655,0.22828725856163834,3.0,0,1,1
928,733,56,174,2624,3155,1,0.5,0.5247350488174024,0.18314754431894892,0.4752649511825976,2.0,1,1,1
929,733,56,140,3155,1115,0,0.5,0.5321326840474521,0.32321715353628094,0.46786731595254794,3.0,1,1,1
930,733,208,211,2624,6778,0,0.7314127743397487,1.0,0.7851065444356475,0.46282554867949754,3.0,0,0,0
931,733,103,203,711,3341,0,0.6187094242554044,0.6281480240623651,0.3840449958364971,0.6092708244484437,6.0,0,0,1
932,733,103,273,3341,711,0,0.5,0.8333471658679006,0.4551091665958773,0.16665283413209941,7.0,1,1,1
933,733,127,165,3262,711,0,0.5,0.6584571613815633,0.4300955274773856,0.3415428386184367,5.0,0,1,0
934,733,127,317,711,3341,0,0.5,0.493245795537457,0.24306913607429148,0.506754204462543,12.0,0,1,1
935,733,90,78,920,3341,0,0.5,1.0,0.009901778952998064,0.0,1.0,1,1,1
936,733,169,216,5943,3812,0,0.6622736678856433,1.0,0.5924853621217155,0.3245473357712867,3.0,0,0,1
937,733,156,182,2624,6302,0,0.5,1.0,0.1280209799388466,0.0,1.0,1,1,1
938,733,159,139,1115,0,0,0.5,1.0,0.9999999999989999,0.0,1.0,1,1,1
939,733,61,195,711,2697,0,0.5,1.0,0.1474488103619854,0.0,1.0,1,1,1
940,733,61,274,3211,711,0,0.5,0.458102485481182,0.15878175313075765,0.5418975145188181,6.0,1,1,1
942,6052,160,362,3159,6778,0,0.5,1.0,0.8269306812432763,0.0,1.0,1,1,1
943,6052,103,357,711,2300,0,0.5,0.9365511183546734,0.666900285605652,0.06344888164532658,4.0,1,1,1
944,6052,142,363,1624,2648,0,0.5,1.0,0.5038985060622341,0.0,1.0,1,1,1
945,6052,53,282,6805,2236,1,0.5,1.0,0.07905153228866994,0.0,1.0,1,1,1
946,6052,155,244,2290,5736,1,0.5,0.5640104899694631,0.3148766527784555,0.4359895100305369,2.0,1,1,1
948,1115,160,96,5421,3155,0,0.5,0.5099008082260187,0.12322044132412828,0.4900991917739813,2.0,1,1,1
949,1115,160,285,2290,3159,0,0.5,0.6488368481453115,0.21297628825405218,0.3511631518546885,2.0,1,1,1
950,1115,127,28,2525,0,0,0.5,1.0,0.9999999999985432,0.0,1.0,1,1,1
951,1115,127,9,2525,0,0,0.5,1.0,0.9999999999989999,0.0,1.0,1,1,1
952,1115,127,85,1077,2315,0,0.6614005828424219,0.7403874594648722,0.41084885539262617,0.5824137062199715,3.0,0,0,0
953,1115,155,152,1077,146,0,0.5,0.36468470326365626,0.1612223047960542,0.6353152967363438,8.0,0,1,1
954,1115,155,100,1077,3262,1,0.5,0.44125797536396333,0.27586518115018005,0.5587420246360366,7.0,0,1,0
955,1115,53,196,2623,6291,0,0.5,1.0,0.4147662690606519,0.0,2.0,0,1,0
956,1115,53,342,2617,45,0,0.5,1.0,0.01980161645202719,0.0,1.0,1,1,1
957,1115,90,68,6291,1625,0,0.5,0.6001132920813151,0.3136901928986774,0.39988670791868486,3.0,1,1,1
958,1115,156,96,1077,5037,1,0.5,1.0,0.04947009763477821,0.0,1.0,1,1,1
959,1115,31,152,1419,0,1,0.5,1.0,0.9999999999989596,0.0,1.0,1,1,1
960,1115,169,96,6291,3262,0,0.5,1.0,0.19075013429869572,0.0,2.0,1,1,1
961,4587,115,362,1161,1361,1,0.5,0.5780924727681025,0.04740718348900602,0.4219075272318975,16.0,1,1,1
962,4587,115,142,1161,0,0,0.8404836298850544,1.0,0.9999999999996335,0.6809672597701089,9.0,0,0,0
963,4587,160,250,2442,4114,0,0.8305834107113244,0.8341714081648762,0.705023170927672,0.8269954132577725,58.0,0,0,0
964,4587,160,363,2442,5091,1,0.8912370250000229,0.9390567452820759,0.8819860166536642,0.8434173047179698,95.0,0,0,0
965,4587,160,154,2442,6047,0,0.8801169233534568,0.9390648978315802,0.8703032588104311,0.8211689488753334,36.0,0,0,0
966,4587,160,75,2442,1873,0,0.8506593768455318,0.9136692273951931,0.7728178502661049,0.7876495262958706,12.0,0,0,0
967,4587,160,345,2442,2694,0,0.8954899125364811,0.9381141636235175,0.8711231643438329,0.8528656614494448,89.0,0,0,0
968,4587,160,287,2442,1873,1,0.8357420008959358,0.9285218991695144,0.8606088244821546,0.7429621026223571,70.0,0,0,0
969,4587,160,162,2442,6047,0,0.8889618691354436,0.9435606756342185,0.879294740447682,0.8343630626366687,37.0,0,0,0
970,4587,160,238,2442,776,0,0.8405537834711684,0.8149402272883205,0.667331999924455,0.8661673396540163,55.0,0,0,0
971,4587,160,356,2442,7061,0,0.8899645978026861,0.9467687714216462,0.892102779449718,0.833160424183726,94.0,0,0,0
972,4587,56,271,3345,1161,0,0.5,1.0,0.8356702607425444,0.0,1.0,1,1,1
973,4587,56,147,1161,0,0,0.664473510061083,1.0,0.9999999999972622,0.32894702012216603,2.0,0,0,1
974,4587,56,316,2442,3345,0,0.5,1.0,0.5468878617891793,0.0,1.0,1,1,1
976,4587,156,37,2442,1873,0,0.5,1.0,0.12802097993883477,0.0,1.0,1,1,1
977,4587,156,230,1161,4029,1,0.8073576579637638,0.8416177510058888,0.6757368837368993,0.7730975649216388,17.0,0,0,0
978,4587,156,111,1161,671,1,0.7286598861286513,0.7802199494982792,0.5263683129687834,0.6770998227590233,6.0,0,0,0
979,4587,156,264,1161,1689,1,0.8315233243888454,0.9089627431766778,0.7829434899736212,0.7540839056010128,23.0,0,0,0
980,4587,156,275,1161,1653,1,0.8346761257992701,0.8800541763237807,0.7580331622971647,0.7892980752747596,24.0,0,0,0
982,4587,169,223,5800,1161,0,0.5,1.0,0.08806450467669025,0.0,2.0,1,1,1
983,4587,53,57,4199,6861,0,0.5,1.0,0.3066715610805952,0.0,1.0,1,1,1
986,1553,169,206,3641,0,0,0.5,1.0,0.9999999999956702,0.0,1.0,1,1,1
987,1553,160,286,1523,1463,0,0.5,0.9264293637295209,0.038190155141736154,0.0735706362704791,3.0,1,1,1
988,5177,160,119,4304,455,0,0.5,0.6321141775930474,0.218109385523717,0.36788582240695256,3.0,1,1,1
989,5177,160,86,4397,4304,0,0.5,1.0,0.04287404840609526,0.0,1.0,1,1,1
990,5177,160,212,1496,1444,0,0.5,1.0,0.5871745871262063,0.0,1.0,1,1,1
991,5177,160,282,2919,1496,0,0.5,1.0,0.2638776776911027,0.0,2.0,1,1,1
992,5177,38,112,1496,7016,0,0.5,0.45228113290332245,0.13837747088103255,0.5477188670966775,3.0,1,1,1
993,5177,38,157,4274,1496,0,0.5,0.6876238375434726,0.3494814710830886,0.31237616245652744,3.0,1,1,1
994,5177,38,145,4274,1496,0,0.5,0.6876238375434724,0.34948147108314165,0.31237616245652755,3.0,1,1,1
997,1464,224,135,6994,1121,0,0.5,1.0,0.16676352322143725,0.0,1.0,1,1,1
999,1464,205,198,1121,0,1,0.7302371169278199,1.0,0.9999999999937119,0.4604742338556397,2.0,0,0,1
1001,3811,155,49,1077,0,1,0.5,1.0,0.9999999999996487,0.0,3.0,0,1,0
1003,2078,160,263,3155,5736,0,0.5,0.5901033891762314,0.2577798485392099,0.4098966108237686,7.0,1,1,1
1004,2078,158,185,3155,0,1,0.5,1.0,0.9999999999980392,0.0,1.0,1,1,1
1005,2545,53,258,2683,5834,1,0.5,1.0,0.19549292259450876,0.0,1.0,1,1,1
1006,2545,156,274,1145,4261,1,0.7950145675203101,0.9932211305205991,0.9803261946104109,0.596808004520021,12.0,0,0,0
1007,2545,169,235,555,6572,0,0.5,1.0,0.06920392276146632,0.0,1.0,1,1,1
1008,4606,160,356,6635,4415,1,0.8266433341953735,1.0,0.9863523729808409,0.653286668390747,6.0,0,0,0
1009,2646,160,316,146,4484,0,0.5,1.0,0.8099004848680581,0.0,1.0,1,1,1
1010,7038,155,134,1077,2290,1,0.5,0.647244316893925,0.46387038191224783,0.35275568310607497,13.0,0,1,0
1011,7038,155,50,3811,920,0,0.5,1.0,0.03958771040389418,0.0,1.0,1,1,1
1012,7038,155,320,6410,1077,0,0.5508200361141289,0.36213379957106867,0.18968458117684686,0.739506272657189,35.0,0,0,0
1013,7038,155,253,6410,1077,0,0.8251983397893874,0.8193030785601977,0.650874405897703,0.8310936010185771,30.0,0,0,0
1014,7038,155,257,6410,6559,0,0.6900827881772728,0.5490719753359684,0.3742145184350155,0.8310936010185771,30.0,0,0,0
1015,7038,155,256,6410,6559,0,0.7712993906473822,0.7115051802761871,0.48221894851804675,0.8310936010185772,30.0,0,0,0
1016,7038,155,346,1077,6410,1,0.5,0.46918041013149964,0.12401487570332627,0.5308195898685004,29.0,0,1,1
1017,7038,155,86,1077,6644,0,0.5,0.4477760338642128,0.21540775824981503,0.5522239661357873,6.0,0,1,0
1018,7038,155,246,6410,1077,0,0.8251983397893873,0.8193030785601975,0.6508744058977097,0.8310936010185771,30.0,0,0,0
1019,7038,142,316,711,2648,1,0.5,1.0,0.01980161645202658,0.0,1.0,1,1,1
1020,7038,160,315,1077,4377,1,0.8295549062962326,0.8605773368445653,0.7142973533576952,0.7985324757478999,103.0,0,0,0
1021,7038,160,214,1077,6410,1,0.8713724172082122,0.9495375831653452,0.8891959600417265,0.7932072512510793,67.0,0,0,0
1022,7038,160,239,1077,4377,1,0.8790182010285725,0.9056768122228709,0.8115393187563454,0.8523595898342742,73.0,0,0,0
1023,7038,160,339,1077,4377,1,0.8783650605018799,0.914931481052013,0.8153983637125248,0.8417986399517468,113.0,0,0,0
1024,7038,160,120,1077,2290,1,0.8544503252872906,0.9255421052822623,0.8260481691916843,0.7833585452923187,26.0,0,0,0
1025,7038,160,351,1077,3262,1,0.8725607737614123,0.8798080270840598,0.7707322670584724,0.8653135204387647,116.0,0,0,0
1026,7038,160,322,1077,4377,0,0.8566377131753895,0.8922040961087625,0.7717087233104255,0.8210713302420165,108.0,0,0,0
1027,7038,160,323,1077,4377,1,0.8566377131753895,0.8922040961087624,0.771708723310425,0.8210713302420165,108.0,0,0,0
1028,7038,160,149,1077,2290,1,0.8574616593847615,0.8945341829949707,0.7961382197532385,0.8203891357745524,34.0,0,0,0
1029,7038,160,191,1077,6410,1,0.8353881778020735,0.9202027614538292,0.8302503450246024,0.7505735941503179,56.0,0,0,0
1030,7038,160,82,1077,711,1,0.7515812486631424,0.8002619955651212,0.6615340360271272,0.7029005017611634,14.0,0,0,0
1031,7038,169,267,3922,3319,0,0.5,1.0,0.17637406352432758,0.0,2.0,1,1,1
1032,7038,169,313,3922,711,0,0.5,0.6510785425650487,0.2565249971987532,0.3489214574349513,3.0,1,1,1
1033,7038,18,157,1077,0,1,0.7018298406303178,1.0,0.9999999999993917,0.40365968126063567,4.0,0,0,0
1034,7038,18,336,1077,4950,1,0.5,0.4132320364564704,0.11950535315796142,0.5867679635435297,11.0,1,1,1
1035,7038,127,80,2290,711,0,0.5,0.4902976856003967,0.11677535989997714,0.5097023143996033,5.0,1,1,1
1036,7038,127,76,2290,2300,0,0.5,0.667208437389549,0.30566952999283303,0.33279156261045095,4.0,0,1,0
1037,7038,127,200,6410,1077,0,0.5,0.38410191756169526,0.21607410104088992,0.6158980824383047,14.0,0,1,0
1038,7038,127,194,6410,1077,0,0.5,0.38410191756169526,0.2160741010408922,0.6158980824383047,14.0,0,1,0
1039,7038,127,315,711,1077,0,0.5,0.4560505749892237,0.18653447184055894,0.5439494250107764,13.0,0,1,0
1040,7038,127,82,711,2290,0,0.5,0.7681966172391275,0.03748044483059904,0.23180338276087253,4.0,1,1,1
1041,7038,127,239,1077,6410,0,0.5,0.43274324326885205,0.06385038928854105,0.567256756731148,10.0,1,1,1
1042,7038,123,195,146,3933,0,0.5,0.8808206702270894,0.03373150326929768,0.11917932977291057,2.0,1,1,1
1043,7038,134,343,711,3873,0,0.6183364786982647,0.9977019994732831,0.9831460398987811,0.2389709579232463,4.0,0,0,1
1044,7038,158,313,567,1077,0,0.5,1.0,0.17891512000638968,0.0,1.0,1,1,1
1045,7038,207,342,711,6768,1,0.6951285359022991,1.0,0.7814321019195939,0.3902570718045981,6.0,0,0,0
1047,7038,156,173,3922,1077,0,0.5,1.0,0.22662922480236353,0.0,2.0,1,1,1
1048,7038,156,241,1077,4377,0,0.5,0.8855025759056846,0.07306999912215979,0.1144974240943154,5.0,1,1,1
1049,7038,156,325,1077,4950,0,0.5,0.6982240135974941,0.0607076715787438,0.3017759864025059,6.0,1,1,1
1050,7038,53,51,3811,3341,0,0.5,0.6732458497880726,0.023014173398496974,0.32675415021192744,3.0,1,1,1
1051,7038,53,44,554,920,0,0.5,1.0,0.13291184165040051,0.0,2.0,1,1,1
1052,7038,53,262,7055,3731,0,0.5,0.5215077890441562,0.31448554808668594,0.4784922109558438,5.0,0,1,0
1053,7038,53,326,711,2661,0,0.5,0.5131183037762308,0.32765789675639906,0.4868816962237692,15.0,0,1,0
1054,7038,53,205,1523,359,0,0.5,0.6028403658338026,0.06790181636554422,0.3971596341661974,4.0,1,1,1
1055,7038,53,254,7055,3731,0,0.5,0.5215077890441563,0.31448554808669843,0.4784922109558437,5.0,0,1,0
1056,7038,53,358,711,2661,0,0.5,0.5131183037762308,0.32765789675636925,0.4868816962237692,15.0,0,1,0
1057,7038,53,197,711,359,1,0.5,0.49304467305925215,0.007096847273781665,0.5069553269407479,7.0,1,1,1
1058,7038,103,325,711,4545,0,0.5,0.7567988699354087,0.30730508555418473,0.24320113006459132,5.0,0,1,0
1059,7038,103,84,711,359,0,0.5,1.0,0.14744881036222257,0.0,1.0,1,1,1
1060,7038,103,280,6517,3884,0,0.5,1.0,0.01980161645202264,0.0,1.0,1,1,1
1061,7038,115,198,711,359,0,0.559466534236444,0.9150647333633213,0.7738743775446951,0.2038683351095668,3.0,0,0,0
1062,7038,115,230,711,1523,0,0.5,0.7961316648904333,0.05452859271904953,0.2038683351095667,3.0,1,1,1
1063,7038,56,240,3262,1077,0,0.5,0.8722507855150285,0.058370618669052514,0.12774921448497145,2.0,1,1,1
1067,5450,38,232,1146,4262,1,0.6928792999411728,0.5798854098565362,0.39832833264359274,0.8058731900258094,40.0,0,0,0
1068,5450,38,262,1146,4262,1,0.7277853112964237,0.6281229976489493,0.42207791742189693,0.827447624943898,47.0,0,0,0
1069,5450,38,222,1146,4262,1,0.7573265881412374,0.72574757378491,0.5647085180872697,0.788905602497565,38.0,0,0,0
1070,5450,38,106,1146,1154,1,0.7415823201810194,0.8023056394475023,0.6139322448078135,0.6808590009145365,15.0,0,0,0
1071,5450,38,199,1146,4262,1,0.7089849771148111,0.5339531986202009,0.35800951838004197,0.8840167556094214,33.0,0,0,0
1072,5450,38,362,1146,4262,0,0.7043021040532615,0.5691507858966302,0.38727164051500024,0.8394534222098929,64.0,0,0,0
1073,5450,38,238,1146,4262,1,0.7098195190489909,0.6109983775429462,0.3898591732147824,0.8086406605550356,42.0,0,0,0
1074,5450,38,186,1146,4262,1,0.7336923052145475,0.6168066136024599,0.35038311336229205,0.8505779968266352,31.0,0,0,0
1075,5450,38,286,1146,4262,0,0.6972857842995763,0.6910196353030743,0.505585803425041,0.7035519332960783,58.0,0,0,0
1076,5450,150,155,1146,828,1,0.5,0.3807904738462665,0.2282974784595765,0.6192095261537335,7.0,1,1,1
1077,5450,150,258,1146,4262,0,0.6902809215484962,0.7587662135482205,0.551361604911372,0.6217956295487718,16.0,0,0,0
1080,711,156,113,5036,733,0,0.5,1.0,0.23006882215951358,0.0,3.0,0,1,1
1082,711,156,206,45,3159,0,0.5,0.757376831044005,0.017360623120426584,0.242623168955995,4.0,1,1,1
1083,711,156,267,1147,5230,0,0.6319667798010116,0.8077435571387239,0.5312078586347495,0.4561900024632993,4.0,0,0,0
1085,711,207,278,3159,3155,0,0.5,1.0,0.21250044552901834,0.0,1.0,1,1,1
1086,711,127,307,7038,1077,0,0.5,0.4052416085267269,0.011178408308103396,0.594758391473273,16.0,1,1,1
1087,711,127,194,3262,5421,0,0.5,0.37098759199011333,0.03069812650795577,0.6290124080098867,27.0,1,1,1
1088,711,127,303,1077,7038,0,0.5,0.3680824527444324,0.07459550762781922,0.6319175472555676,19.0,0,1,1
1089,711,127,70,3262,733,1,0.637386641115379,0.6336059268175047,0.26988997161308725,0.6411673554132534,12.0,0,0,0
1090,711,127,306,1077,7038,0,0.5,0.3159200973786811,0.06492798130463477,0.6840799026213189,20.0,1,1,1
1091,711,127,45,3262,5395,0,0.5,0.421466715382901,0.1939328197063743,0.578533284617099,11.0,0,1,0
1092,711,127,113,3262,6410,1,0.5,0.37098759199011333,0.1839289909613974,0.6290124080098867,27.0,0,1,0
1093,711,127,308,7038,1077,0,0.5,0.40524160852672697,0.011178408308103271,0.594758391473273,16.0,1,1,1
1094,711,127,23,5527,4304,0,0.5,0.6754526642287133,0.2824381545515608,0.3245473357712867,3.0,0,1,0
1095,711,127,309,1077,7038,0,0.5,0.2746203523566478,0.058803067784041506,0.7253796476433523,21.0,1,1,1
1096,711,127,72,3262,5395,0,0.5,0.3588326445867466,0.1543938746547133,0.6411673554132534,12.0,0,1,0
1097,711,127,153,3262,5421,0,0.5,0.3709875919901133,0.030698126507958796,0.6290124080098867,27.0,1,1,1
1098,711,53,198,359,7038,0,0.61992987212233,0.6333906016183481,0.3150933713841502,0.6064691426263118,18.0,0,0,0
1099,711,53,113,733,359,0,0.5,0.2705570042785712,0.1456940120654731,0.7294429957214288,14.0,0,1,0
1100,711,53,70,733,359,1,0.6760551081447471,0.7775634430254331,0.30922940269842464,0.5745467732640611,10.0,0,0,0
1101,711,53,183,359,2300,1,0.5,0.3955019759223832,0.12874970585813295,0.6044980240776168,16.0,0,1,1
1102,711,53,195,359,45,1,0.5,0.39550197592238323,0.09249895816530249,0.6044980240776168,16.0,1,1,1
1103,711,53,292,733,45,0,0.5,0.5124068114460892,0.3059074395448997,0.48759318855391076,24.0,0,1,0
1104,711,53,184,359,2300,1,0.5,0.3955019759223832,0.12874970585813258,0.6044980240776168,16.0,0,1,1
1105,711,53,154,359,733,0,0.5657611193235776,0.503666955703215,0.3101440568923894,0.6278552829439403,14.0,0,0,0
1106,711,53,60,733,359,0,0.5,0.4813637152916075,0.18551151142118275,0.5186362847083925,5.0,0,1,0
1107,711,53,205,359,733,0,0.6199298721223301,0.6333906016183483,0.2714009949514768,0.6064691426263118,18.0,0,0,0
1108,711,53,218,733,359,0,0.5,0.5615367956385563,0.02248779049896399,0.4384632043614437,19.0,1,1,1
1109,711,53,294,733,45,0,0.5,0.5124068114460892,0.3059074395448981,0.48759318855391076,24.0,0,1,0
1110,711,53,156,359,2300,0,0.5657611193235776,0.5036669557032151,0.23257766336523264,0.6278552829439403,14.0,0,0,0
1111,711,53,220,733,359,0,0.5,0.5615367956385564,0.02248779049896397,0.4384632043614436,19.0,1,1,1
1112,711,155,73,3262,6410,0,0.622368795451267,0.5528719340255592,0.3046444508757889,0.6918656568769748,11.0,0,0,0
1113,711,155,113,3262,6410,0,0.6236134675992755,0.513842766299535,0.28404089885380596,0.7333841688990161,28.0,0,0,0
1114,711,155,44,3262,3922,1,0.6335084259991057,0.5618273582636288,0.25807001361392246,0.7051894937345826,4.0,0,0,0
1115,711,155,121,3262,6410,1,0.5,0.23206028872826798,0.13071465002240304,0.767939711271732,33.0,0,1,0
1116,711,155,309,1077,4805,0,0.7091104838869784,0.6840476967514711,0.3790180077582726,0.7341732710224858,24.0,0,0,0
1117,711,155,128,3262,6410,0,0.5961718339943244,0.4012027879505932,0.14716789797272528,0.7911408800380555,35.0,0,0,0
1118,711,155,131,3262,6410,0,0.5961718339943244,0.40120278795059333,0.14716789797272495,0.7911408800380555,35.0,0,0,0
1119,711,155,104,3262,6410,0,0.61810461274719,0.6382051199750374,0.3728354934155155,0.5980041055193426,21.0,0,0,0
1120,711,155,316,1077,4805,1,0.5,0.33076925994462675,0.16853055027259442,0.6692307400553732,29.0,0,1,0
1121,711,155,43,3262,4304,0,0.6335084259991057,0.5618273582636288,0.2627538467471325,0.7051894937345825,4.0,0,0,0
1122,711,155,109,3262,6410,1,0.6274017108878297,0.5543693868028783,0.3648954908890049,0.7004340349727811,25.0,0,0,0
1123,711,155,313,1077,4805,1,0.602200387843117,0.5080485289004921,0.26670552878559206,0.6963522467857419,27.0,0,0,0
1124,711,155,70,3262,6410,1,0.641995611514331,0.6415474473828157,0.23573460100636187,0.6424437756458465,10.0,0,0,0
1125,711,162,248,5036,733,1,0.5,0.9859032178742931,0.2850734825645375,0.014096782125706864,4.0,0,1,0
1126,711,162,85,7038,929,1,0.5,0.6072321656740589,0.23033610509218702,0.3927678343259411,2.0,1,1,1
1127,711,162,71,929,7038,0,0.5,1.0,0.22861151659461623,0.0,2.0,1,1,1
1128,711,164,318,3159,0,1,0.5138895919848149,1.0,0.9999999999994581,0.02777918396962975,3.0,0,0,0
1129,711,61,313,5036,1077,0,0.5,1.0,0.04580184335230762,0.0,2.0,1,1,1
1130,711,61,113,733,2457,0,0.5,0.6862632993617456,0.4062143423124471,0.31373670063825443,3.0,0,1,1
1132,711,160,113,3155,4408,0,0.5,0.4405293242421936,0.029695896793518313,0.5594706757578064,12.0,1,1,1
1133,711,160,266,3159,3155,1,0.5,0.4551939634322885,0.19913995690273265,0.5448060365677114,12.0,0,1,0
1134,711,160,223,3159,3155,1,0.5,0.3135776246715711,0.18274797619226885,0.6864223753284289,9.0,0,1,0
1135,711,160,83,3155,4408,0,0.6004101558289645,0.6413496359001224,0.4611201649801915,0.5594706757578065,12.0,0,0,0
1136,711,160,69,3155,4408,0,0.7337685831551565,0.8264841502356393,0.45032848616695936,0.6410530160746737,9.0,0,0,0
1137,711,160,126,3155,5395,0,0.5,0.2697058114756035,0.11597528324547615,0.7302941885243965,14.0,0,1,1
1138,711,160,181,3159,3155,0,0.6657450937906685,0.8439378687773419,0.41891225682466676,0.4875523188039951,7.0,0,0,0
1139,711,160,363,1077,5037,0,0.5,0.3295046159629268,0.048721492919426256,0.6704953840370732,11.0,1,1,1
1140,711,160,111,3155,4408,0,0.5,0.44052932424219354,0.029695896793518476,0.5594706757578065,12.0,1,1,1
1141,711,160,85,3155,4408,0,0.6004101558289645,0.6413496359001225,0.30828137608578393,0.5594706757578064,12.0,0,0,0
1142,711,160,212,3159,3155,0,0.5,0.4112401644484245,0.04921911330719069,0.5887598355515755,8.0,1,1,1
1144,711,123,350,1283,567,0,0.5,1.0,0.030578717474679436,0.0,2.0,1,1,1
1145,711,123,285,3159,1283,0,0.5,1.0,0.05443222244922229,0.0,2.0,1,1,1
1147,711,131,268,3159,497,0,0.5,0.21109528578104472,0.010452290083111765,0.7889047142189552,12.0,1,1,1
1148,711,131,257,3159,497,0,0.712075492517197,0.6896484562994213,0.37627935062470746,0.7345025287349729,11.0,0,0,0
1149,711,103,9,3159,0,0,0.5,1.0,0.9999999999989596,0.0,1.0,1,1,1
1150,711,103,291,2300,7038,0,0.5,0.6315037995543996,0.1076987806471927,0.3684962004456004,5.0,1,1,1
1151,711,103,134,733,359,0,0.5,0.29882970905002376,0.09800736109985518,0.7011702909499762,5.0,1,1,1
1152,711,169,319,545,1283,0,0.5,0.7580895180660266,0.07911827313607643,0.24191048193397335,5.0,1,1,1
1153,711,169,235,545,2617,0,0.5,0.5272161112246253,0.14566839425034175,0.4727838887753747,3.0,1,1,1
1154,711,169,222,45,545,0,0.0,0.0,0.0,0.0,2.0,1,1,1
1155,711,169,7,6805,0,0,0.5,1.0,0.99999999999898,0.0,1.0,1,1,1
1156,711,169,265,2617,545,0,0.5,0.4653492511153104,0.1648408640025907,0.5346507488846897,3.0,1,1,1
1157,711,169,315,545,1283,0,0.5,0.7580895180660266,0.07911827313607837,0.24191048193397335,5.0,1,1,1
1158,711,90,135,359,2300,0,0.6997132800318622,0.6101143694821817,0.31268889614599843,0.7893121905815426,9.0,0,0,0
1159,711,90,300,733,359,0,0.5,0.3291726173163873,0.12348426237005451,0.6708273826836126,10.0,0,1,1
1160,711,90,202,733,359,0,0.5,0.5330737008384924,0.1627785484277814,0.46692629916150763,7.0,0,1,0
1161,711,163,169,146,0,0,0.5,1.0,0.9999999999877541,0.0,2.0,0,1,1
1162,711,163,258,3159,146,1,0.8862315833867744,0.9999999999999999,0.9929838900475333,0.7724631667735491,10.0,0,0,0
1163,711,208,118,5037,3155,0,0.5,1.0,0.8076286923801004,0.0,3.0,0,1,0
1165,711,115,354,7038,5807,0,0.6978857121404445,0.9778633989845467,0.4488533710927588,0.4179080252963423,7.0,0,0,0
1166,711,115,153,3262,5395,0,0.5,0.6731491825240126,0.09747728997952758,0.32685081747598743,4.0,1,1,1
1167,711,56,144,776,5037,0,0.5,1.0,0.05350674878460696,0.0,1.0,1,1,1
1168,711,56,257,1183,2624,0,0.5,1.0,0.23152153266504272,0.0,2.0,1,1,1
1169,711,145,244,846,6279,0,0.5,0.568874072230784,0.32433587347798193,0.431125927769216,2.0,1,1,1
1170,711,191,313,2290,1077,0,0.5,1.0,0.773835603659942,0.0,1.0,1,1,1
1171,711,142,180,359,2244,0,0.5,1.0,0.2960707198361381,0.0,3.0,0,1,1
1172,711,120,146,146,0,1,0.7848162656382929,1.0,0.9999999999974419,0.5696325312765858,3.0,0,0,1
1173,711,6,214,2624,3211,1,0.5,1.0,0.11826912311833448,0.0,1.0,1,1,1
1176,4362,224,197,146,5036,1,0.5,0.5969597789183154,0.36849465064108744,0.4030402210816846,5.0,1,1,1
1179,3535,156,113,6410,1171,0,0.5,1.0,0.3333333333324085,0.0,1.0,1,1,1
1180,3535,155,179,5037,6410,0,0.7101818310644461,0.8145706465689052,0.6369309395940813,0.6057930155599869,9.0,0,0,0
1181,3535,53,289,3262,6410,0,0.5,1.0,0.05934280798970998,0.0,1.0,1,1,1
1182,3535,6,91,6410,0,1,0.5,1.0,0.9999999999971441,0.0,2.0,0,1,1
1184,3933,53,289,45,545,0,0.20830911919458017,0.0,0.0,0.41661823838916034,2.0,1,1,1
1185,6696,160,162,6284,3773,1,0.6749870103073742,0.925192589097542,0.7755227721462183,0.4247814315172064,7.0,0,0,0
1186,6696,53,195,6829,956,0,0.5,1.0,0.1474488103620159,0.0,1.0,1,1,1
1187,3493,156,289,1161,2442,1,0.6916811779495096,1.0,0.44575280039328447,0.3833623558990191,2.0,0,0,1
1188,1384,160,306,3494,776,0,0.5,1.0,0.45040085064523644,0.0,1.0,1,1,1
1189,1384,169,307,5648,1161,0,0.5,1.0,0.35412951073164184,0.0,1.0,1,1,1
1190,5226,127,195,2844,0,1,0.7302371169278198,1.0,0.9999999999827351,0.46047423385563957,2.0,0,0,1
1191,5226,38,230,2670,1502,0,0.5,1.0,0.11826912311795042,0.0,1.0,1,1,1
1192,3211,222,252,1060,2624,1,0.5,0.18456821423278225,0.0444336035936817,0.8154317857672178,20.0,1,1,1
1193,3211,222,215,2624,1060,1,0.5,0.4149713227108492,0.07329607087528443,0.5850286772891509,8.0,1,1,1
1194,3211,222,343,1060,2624,0,0.8008574301541016,0.872247365220214,0.734099064930449,0.7294674950879891,30.0,0,0,0
1195,3211,222,221,2624,1060,0,0.5,0.41497132271084924,0.07329607087528366,0.5850286772891508,8.0,1,1,1
1196,3211,222,169,1060,1050,0,0.6852906151049978,0.8351771872493374,0.5399118455650026,0.5354040429606581,12.0,0,0,0
1198,3211,160,357,203,5451,0,0.5,1.0,0.26054984435608336,0.0,1.0,1,1,1
1200,3211,38,134,1060,2624,0,0.669651834443582,0.9134774279131438,0.7598781249836408,0.42582624097402033,4.0,0,0,0
1201,3211,38,232,2624,1060,1,0.7250641646094005,0.6496246228268567,0.3752213696947186,0.8005037063919442,10.0,0,0,0
1202,3211,229,349,1060,7118,0,0.5,0.534879557381789,0.05011587475822612,0.46512044261821095,13.0,1,1,1
1203,3211,229,152,1060,5859,0,0.6155100829918674,0.805519215394371,0.6317669616014282,0.42550095058936377,4.0,0,0,0
1204,3211,229,84,5859,1060,0,0.5,0.6754096765139171,0.07422283743147368,0.32459032348608285,2.0,1,1,1
1205,3211,97,196,2624,0,1,0.5,1.0,0.99999999999898,0.0,1.0,1,1,1
1206,3211,6,230,2624,0,1,0.5,1.0,0.9999999999992999,0.0,2.0,0,1,0
1207,3290,127,278,5421,5036,0,0.5,0.5197938552019579,0.28898203218897567,0.48020614479804213,2.0,1,1,1
1208,3290,160,301,5036,0,1,0.7376324755912989,1.0,0.9999999999992355,0.4752649511825976,2.0,0,0,0
1211,503,224,171,1188,5498,1,0.5,0.6283883773646164,0.2188008641042865,0.3716116226353836,7.0,1,1,1
1212,503,224,27,1188,0,1,0.7277790656436824,1.0,0.9999999999994447,0.455558131287365,2.0,0,0,0
1213,503,224,169,1188,0,1,0.7927722025368303,1.0,0.9999999999983422,0.5855444050736607,6.0,0,0,1
1214,503,224,139,1188,0,1,0.7927722025368303,1.0,0.9999999999990847,0.5855444050736607,6.0,0,0,0
1215,503,115,290,1629,1188,0,0.5,1.0,0.8731291224134742,0.0,2.0,0,1,1
1217,503,167,264,1629,4522,0,0.5,1.0,0.6307481928250455,0.0,1.0,1,1,1
1220,3384,156,278,1077,5167,1,0.0,0.0,0.0,0.0,1.0,1,1,1
1221,1446,38,345,1161,776,0,0.7135439753507913,0.9519065063553311,0.8802664096642283,0.4751814443462513,23.0,0,0,0
1222,1446,38,198,1161,181,1,0.8071209403168884,0.8414030487577425,0.7208362243205724,0.7728388318760344,15.0,0,0,0
1223,1446,160,78,4233,2442,1,0.5,0.42067534360418446,0.26327626026195394,0.5793246563958155,3.0,1,1,1
1224,1446,160,292,2442,673,0,0.617309338907306,0.6681187265106261,0.4520282062170165,0.5664999513039859,9.0,0,0,0
1225,1446,160,50,1698,2442,0,0.5,1.0,0.06920392276148778,0.0,1.0,1,1,1
1226,1446,160,322,4233,2442,0,0.5,0.924657711291576,0.221900832594295,0.07534228870842397,8.0,1,1,1
1227,1446,61,69,1161,2442,1,0.7668055877513713,0.9999999999999999,0.6156933251724919,0.5336111755027428,3.0,0,0,0
1228,1446,56,226,1161,2442,1,0.5,0.9730003656261056,0.3798355083430074,0.02699963437389441,2.0,1,1,1
1229,1446,87,96,6445,0,1,0.5,1.0,0.9999999999989388,0.0,1.0,1,1,1
1230,13,105,349,1145,0,1,0.5,1.0,0.9999999999985432,0.0,1.0,1,1,1
1231,13,56,127,1145,1928,0,0.5,0.6119453304645461,0.027702818063817827,0.38805466953545387,2.0,1,1,1
1232,13,56,203,1145,1928,1,0.5,0.6119453304645461,0.02770281806376853,0.38805466953545387,2.0,1,1,1
1233,13,6,229,1971,0,0,0.5,1.0,0.9999999999902478,0.0,1.0,1,1,1
1235,4185,156,170,1145,2545,0,0.5,0.8284888937834618,0.08397558590474298,0.1715111062165382,3.0,1,1,1
1236,4185,53,277,226,2683,0,0.5,1.0,0.009901778952997032,0.0,1.0,1,1,1
1237,4185,169,294,1145,0,0,0.5,1.0,0.9999999999771474,0.0,1.0,1,1,1
1238,4185,160,224,5577,335,0,0.5,1.0,0.0395877104038874,0.0,1.0,1,1,1
1239,4185,160,274,745,2039,0,0.5,1.0,0.03958771040388051,0.0,1.0,1,1,1
1240,4185,160,146,6509,1971,0,0.5,1.0,0.021898546007834665,0.0,1.0,1,1,1
1241,4185,56,196,1145,13,0,0.8004036166308398,0.84696452048535,0.5725994306836608,0.7538427127763296,5.0,0,0,1
1242,6105,53,83,6293,18,0,0.5,1.0,0.2931771384566484,0.0,2.0,1,1,1
1243,6105,53,293,2624,2420,0,0.5,1.0,0.5328566909461324,0.0,1.0,1,1,1
1245,4415,222,343,6635,1176,0,0.6913191357724813,0.8826311810141145,0.6211812484314262,0.500007090530848,11.0,0,0,0
1246,4415,160,147,998,5262,0,0.5,1.0,0.019801616452026938,0.0,1.0,1,1,1
1247,4415,160,142,5565,5678,0,0.0,0.0,0.0,0.0,1.0,1,1,1
1248,4415,156,139,5678,0,1,0.5,1.0,0.9999999999908104,0.0,1.0,1,1,1
1249,4415,156,28,5678,0,1,0.5,1.0,0.99999999999898,0.0,1.0,1,1,1
1250,4415,228,7,6635,0,1,0.5,1.0,0.99999999999898,0.0,1.0,1,1,1
1251,4415,38,146,1176,4606,0,0.5,1.0,0.4774415730123247,0.0,3.0,0,1,0
1255,453,224,277,4393,4455,1,0.8316167310128719,0.9980364747300979,0.978243412200579,0.665196987295646,8.0,0,0,0
1257,2457,207,126,497,0,1,0.5,1.0,0.9999999999996463,0.0,3.0,0,1,0
1258,2457,222,114,4361,4345,0,0.5,0.7407024739517848,0.4195462404029295,0.2592975260482152,2.0,1,1,1
1261,2457,123,127,3147,0,0,0.5,1.0,0.9999999999981524,0.0,1.0,1,1,1
1262,2457,6,146,497,5127,1,0.6678180675150056,0.8991866674957505,0.69076167768293,0.4364494675342607,9.0,0,0,0
1263,2457,160,143,3155,497,0,0.5,1.0,0.12998928707713517,0.0,1.0,1,1,1
1264,2457,169,342,6624,5726,0,0.5,1.0,0.3245026054024443,0.0,1.0,1,1,1
1265,6856,160,6,2430,0,1,0.5,1.0,0.99999999999898,0.0,1.0,1,1,1
1266,6856,160,176,2686,2430,1,0.5,0.6754526642287133,0.3126179385450091,0.3245473357712867,3.0,0,1,1
1268,2560,53,257,385,4415,0,0.5,1.0,0.8139899849834428,0.0,1.0,1,1,1
1272,4918,38,187,2202,2207,1,0.7635278569325913,0.9903101564777965,0.9775090321690503,0.536745557387386,13.0,0,0,0
1273,4918,38,30,2207,0,0,0.735164298002564,1.0,0.9999999999991971,0.470328596005128,2.0,0,0,0
1274,4918,38,144,2202,2207,1,0.7801411410108622,0.8843017991654524,0.760873519091855,0.675980482856272,5.0,0,0,1
1276,3155,142,3,2065,6293,0,0.0,0.0,0.0,0.0,1.0,1,1,1
1277,3155,142,105,956,4702,0,0.7818352079815243,0.8008802093200249,0.5452375999740564,0.7627902066430237,17.0,0,0,0
1278,3155,142,171,5046,6823,0,0.5,0.3736857333734029,0.06567318876051524,0.6263142666265971,7.0,1,1,1
1279,3155,142,263,5950,6732,0,0.5,0.6468572801624425,0.176913297093848,0.3531427198375575,3.0,1,1,1
1280,3155,142,80,956,4702,1,0.6745100351982685,0.730743119136296,0.3572270841713429,0.6182769512602408,13.0,0,0,0
1281,3155,142,240,5827,5026,0,0.5,0.5227742427387815,0.1454225953102565,0.4772257572612185,5.0,1,1,1
1282,3155,142,163,5046,6823,0,0.5,0.37368573337340283,0.06567318876051684,0.6263142666265972,7.0,1,1,1
1283,3155,142,293,5950,4994,0,0.5,0.4005662452548699,0.12556591250823054,0.59943375474513,4.0,1,1,1
1284,3155,142,49,3232,2290,0,0.5,0.3304370742477321,0.08119925850110586,0.669562925752268,10.0,1,1,1
1285,3155,142,60,3232,2290,0,0.5,0.3304370742477321,0.08119925850110392,0.669562925752268,10.0,1,1,1
1286,3155,142,239,5827,5026,0,0.5,0.5227742427387815,0.1454225953102572,0.4772257572612185,5.0,1,1,1
1287,3155,142,31,3232,4165,0,0.5,0.4842519982081802,0.0007811342660643108,0.5157480017918198,8.0,1,1,1
1288,3155,142,306,2617,4702,0,0.5,0.5705956244225329,0.04726320822248332,0.42940437557746713,4.0,1,1,1
1289,3155,142,67,4702,956,1,0.5,0.43265144234144753,0.05806000124506959,0.5673485576585524,6.0,1,1,1
1290,3155,142,267,5950,4912,0,0.5,0.6468572801624425,0.13829414249137828,0.3531427198375575,3.0,1,1,1
1291,3155,142,150,5046,956,0,0.5,0.3736857333734029,0.07716249788306685,0.6263142666265971,7.0,1,1,1
1292,3155,142,73,956,4702,1,0.5,0.43984526065304436,0.2524772523024635,0.5601547393469557,11.0,0,1,0
1293,3155,142,212,5827,5046,0,0.5,0.715306333894961,0.21916439991781192,0.284693666105039,4.0,0,1,0
1294,3155,142,45,3232,2290,0,0.5,0.3304370742477321,0.08119925850110642,0.669562925752268,10.0,1,1,1
1295,3155,142,351,4702,4703,0,0.5882059958539835,0.3599516070806392,0.21825811561886702,0.8164603846273277,18.0,0,0,0
1296,3155,54,49,1077,6410,0,0.5,1.0,0.01980161645202719,0.0,1.0,1,1,1
1297,3155,98,362,3159,5736,1,0.5846633464133095,0.4821733175281169,0.26620993584227065,0.6871533752985022,31.0,0,0,0
1298,3155,98,322,3159,1077,1,0.6988868749206556,0.7478300121465983,0.49494547068555245,0.6499437376947128,24.0,0,0,0
1299,3155,98,191,1077,3922,1,0.5,0.306318391467648,0.09085039678537245,0.6936816085323521,5.0,1,1,1
1300,3155,98,40,3159,6410,0,0.5,0.4385664879578742,0.10411815670578789,0.5614335120421259,5.0,1,1,1
1301,3155,98,107,4319,3159,0,0.5,1.0,0.09605028297445012,0.0,3.0,1,1,1
1302,3155,98,23,3159,3162,0,0.6926929838537248,0.8239524556653236,0.4634771666811902,0.5614335120421259,5.0,0,0,0
1303,3155,98,336,3159,5736,0,0.5,0.289301507048081,0.02435112649059722,0.710698492951919,25.0,1,1,1
1304,3155,98,330,3159,5736,0,0.5,0.35005626230528725,0.02743825288159462,0.6499437376947128,24.0,1,1,1
1305,3155,98,188,1077,3922,1,0.5,0.306318391467648,0.09085039678537353,0.6936816085323521,5.0,1,1,1
1306,3155,98,141,3159,3922,0,0.6409477275424873,0.5993585282275734,0.2089274304232542,0.6825369268574011,10.0,0,0,0
1307,3155,98,131,3159,4319,0,0.5,0.41301128773047235,0.16840780486294174,0.5869887122695276,9.0,1,1,1
1308,3155,98,283,3159,5556,0,0.6172333937186336,0.5862129497999371,0.2694784268361092,0.6482538376373301,17.0,0,0,0
1309,3155,98,124,4319,3159,0,0.5,1.0,0.09605028297444257,0.0,3.0,1,1,1
1310,3155,123,179,3159,3262,1,0.5972874003392181,0.6550912694576575,0.42552929042320203,0.5394835312207786,8.0,0,0,0
1311,3155,123,130,1077,3159,0,0.5,0.729168176294066,0.1892786398756003,0.27083182370593395,3.0,1,1,1
1312,3155,123,224,3159,1077,1,0.5,0.34398362201548927,0.058720212994291775,0.6560163779845107,9.0,1,1,1
1313,3155,123,320,3159,1077,0,0.6221395607271039,0.5634470246236106,0.388139644995887,0.6808320968305972,15.0,0,0,0
1314,3155,123,207,3159,1077,1,0.6265240818343021,0.5970317856840935,0.3569400120268959,0.6560163779845107,9.0,0,0,0
1315,3155,103,270,2290,4304,0,0.5,0.6155813756060692,0.3155420302252471,0.3844186243939308,7.0,0,1,0
1316,3155,103,328,2290,1077,0,0.5,0.33968821847924296,0.1445767125780294,0.6603117815207571,9.0,1,1,1
1317,3155,103,39,741,3548,0,0.5,1.0,0.4223675810352231,0.0,2.0,0,1,0
1318,3155,103,30,3548,711,1,0.5,1.0,0.01980161645202617,0.0,1.0,1,1,1
1319,3155,103,53,741,1077,0,0.5,1.0,0.21920594552647324,0.0,2.0,1,1,1
1320,3155,103,125,956,1354,0,0.5,0.7348802985545877,0.3336409004082119,0.2651197014454123,4.0,0,1,1
1321,3155,103,144,2695,829,0,0.5,0.5099008082260187,0.05934280798972445,0.4900991917739813,2.0,1,1,1
1322,3155,103,149,2695,829,0,0.5,0.5099008082260186,0.05934280798972244,0.4900991917739814,2.0,1,1,1
1323,3155,103,101,956,711,0,0.5,0.7348802985545878,0.4214504298512211,0.2651197014454122,4.0,0,1,0
1324,3155,169,17,2457,2790,0,0.5,1.0,0.01980161645202658,0.0,1.0,1,1,1
1325,3155,169,215,3159,5046,0,0.8155315528067911,0.891634410094196,0.6662999259064905,0.7394286955193863,11.0,0,0,0
1326,3155,169,249,3159,2617,0,0.6526332749696709,0.6221787682502329,0.44454159979908026,0.683087781689109,21.0,0,0,0
1327,3155,169,47,2790,2457,0,0.5984378241019045,0.6492658153612606,0.4694597918936311,0.5476098328425484,5.0,0,0,0
1328,3155,169,222,3159,2624,0,0.7550759715378756,0.790078806406126,0.602051112084864,0.7200731366696254,13.0,0,0,0
1329,3155,156,70,956,6785,0,0.5,0.6024989407343608,0.015584916746225754,0.39750105926563917,2.0,1,1,1
1330,3155,156,364,1354,2290,0,0.5,1.0,0.0790515322885917,0.0,1.0,1,1,1
1331,3155,160,68,5924,1077,0,0.5,0.5148487862827442,0.12152381020590139,0.4851512137172558,2.0,1,1,1
1332,3155,160,147,1077,4702,1,0.5,0.6658352714194921,0.01399600932621647,0.33416472858050794,3.0,1,1,1
1333,3155,160,322,711,3159,0,0.5,0.6149430461507093,0.38043847133952624,0.38505695384929073,6.0,0,1,0
1334,3155,160,324,711,3159,0,0.5,0.6149430461507094,0.38043847133952235,0.3850569538492906,6.0,0,1,0
1335,3155,127,311,956,509,0,0.5,0.6113677066722845,0.08727405821985061,0.38863229332771554,5.0,1,1,1
1336,3155,127,336,2290,956,0,0.5,0.5820050044314524,0.13274484353623486,0.4179949955685476,7.0,1,1,1
1337,3155,127,71,1077,2290,0,0.18355156530684208,0.0,0.0,0.36710313061368416,3.0,1,1,1
1338,3155,127,349,509,2290,0,0.5,0.5736764476827029,0.20241437221747907,0.4263235523172971,3.0,1,1,1
1339,3155,127,246,5395,1179,0,0.5,0.9921719049078622,0.3147168952445041,0.007828095092137777,3.0,1,1,1
1340,3155,38,21,5542,7053,1,0.5,1.0,0.1954929225945135,0.0,1.0,1,1,1
1341,3155,159,167,3159,5924,0,0.5,1.0,0.748882669331194,0.0,1.0,1,1,1
1342,3155,55,148,2790,0,1,0.7568845042807291,1.0,0.9999999999973824,0.5137690085614581,3.0,0,0,1
1343,3155,55,49,2790,0,0,0.6413814590832734,1.0,0.9999999999992827,0.28276291816654675,2.0,0,0,0
1344,3155,56,186,6426,6617,0,0.5,1.0,0.0986986509926952,0.0,1.0,1,1,1
1345,3155,53,342,1077,3159,0,0.6452440761397638,0.6517507598872108,0.24155341999588073,0.6387373923923167,8.0,0,0,0
1346,3155,53,189,956,3197,0,0.5,0.7750642960394512,0.08616913556359503,0.22493570396054885,6.0,1,1,1
1347,3155,53,109,146,5477,0,0.5,1.0,0.011345405913983208,0.0,3.0,1,1,1
1348,3155,53,144,6823,4162,0,0.5,0.715474012743975,0.009363074410605732,0.28452598725602496,3.0,1,1,1
1349,3155,53,254,5092,6559,0,0.5,0.5081157297779045,0.16412916867685082,0.49188427022209547,8.0,1,1,1
1350,3155,53,112,3495,5092,0,0.5,0.3707936569315321,0.17416544506203094,0.6292063430684679,4.0,1,1,1
1351,3155,53,59,1077,4702,0,0.5,1.0,0.06418245638447961,0.0,2.0,1,1,1
1352,3155,53,166,2243,3495,0,0.5,1.0,0.014401621648059037,0.0,2.0,1,1,1
1353,3155,53,84,956,5092,0,0.5,0.5147508365599888,0.3203491635244173,0.48524916344001123,4.0,0,1,0
1354,3155,53,223,5092,3197,0,0.5,0.7203449464303854,0.3997418539713854,0.2796550535696146,7.0,0,1,0
1355,3155,53,153,6823,4162,0,0.5,0.715474012743975,0.009363074410605163,0.28452598725602496,3.0,1,1,1
1357,3155,53,67,3262,1077,0,0.5,0.5049508894765016,0.11807578996918668,0.4950491105234984,2.0,1,1,1
1358,3155,130,141,2442,0,1,0.5,1.0,0.9999999999989388,0.0,1.0,1,1,1
1359,3155,130,167,2442,3159,0,0.5,0.5346019613807635,0.15346077031021282,0.46539803861923645,2.0,1,1,1
1360,3155,174,292,3159,4393,0,0.6040401248974483,0.6632089751453698,0.36590373370543994,0.5448712746495268,9.0,0,0,1
1361,3155,174,274,3159,4393,0,0.6040401248974483,0.6632089751453697,0.3659037337054918,0.5448712746495268,9.0,0,0,0
1362,3155,207,155,3159,3566,0,0.6091565903190088,0.6338687444601189,0.29171525484007954,0.5844444361778987,10.0,0,0,0
1363,3155,207,56,6823,2737,0,0.5,0.7362484280780668,0.40425384620736377,0.2637515719219332,4.0,0,1,0
1364,3155,207,184,3159,509,0,0.7122300448152159,0.7304250950925407,0.4044371309279784,0.694034994537891,11.0,0,0,0
1365,3155,207,259,3495,956,0,0.5,0.4589675255246754,0.1092379104234959,0.5410324744753245,3.0,1,1,1
1366,3155,167,212,3159,0,1,0.5,1.0,0.9999999999974127,0.0,1.0,1,1,1
1367,3155,155,353,4304,5092,0,0.5,0.6492386411239163,0.10861888160679481,0.35076135887608373,3.0,1,1,1
1368,3155,131,176,3159,0,1,0.5,1.0,0.9999999999704372,0.0,1.0,1,1,1
1369,3155,172,246,146,2790,1,0.5,1.0,0.9756599238786816,0.0,1.0,1,1,1
1370,3155,162,193,956,920,0,0.5,1.0,0.18138020936410124,0.0,2.0,1,1,1
1371,3155,158,327,1077,1188,0,0.5,1.0,0.27942929906231395,0.0,1.0,1,1,1
1374,3155,115,273,6785,5736,0,0.5,1.0,0.27951968636867364,0.0,1.0,1,1,1
1375,3155,115,287,6785,5736,0,0.5,1.0,0.27951968636842606,0.0,1.0,1,1,1
1376,3155,173,182,3159,6017,1,0.5,1.0,0.2703662113747258,0.0,1.0,1,1,1
1377,3155,163,174,3159,0,1,0.6531509336090425,1.0,0.9999999999998309,0.30630186721808506,7.0,0,0,0
1378,7067,160,93,4408,1416,1,0.5,0.6024989407343608,0.21997361112203082,0.39750105926563917,2.0,1,1,1
1379,7067,160,321,2277,3133,0,0.5,0.9933763558392231,0.8925489961601543,0.006623644160776876,2.0,1,1,1
1380,244,160,168,1302,150,1,0.5,1.0,0.7216087309593112,0.0,1.0,1,1,1
1381,244,222,75,5455,5319,0,0.5,0.6797788962900432,0.1785829512042744,0.3202211037099568,3.0,1,1,1
1382,244,222,146,6785,1148,0,0.5,1.0,0.2377433723316702,0.0,1.0,1,1,1
1383,244,222,360,1148,1975,0,0.798970278516398,0.8595380327464928,0.6006710201382821,0.7384025242863033,16.0,0,0,0
1384,244,222,201,4473,1148,0,0.5,0.5197938552019578,0.20284393230584025,0.48020614479804224,2.0,1,1,1
1385,244,12,234,1148,4473,0,0.5,0.5049508894765015,0.03466797273262583,0.49504911052349854,2.0,1,1,1
1386,244,12,147,1751,4359,1,0.5,1.0,0.3245026054029028,0.0,1.0,1,1,1
1387,244,215,288,1751,0,0,0.5,1.0,0.999999999988112,0.0,1.0,1,1,1
1388,3233,160,217,2427,5455,0,0.6679237999488745,1.0,0.9466878634598124,0.33584759989774904,3.0,0,0,1
1391,1550,53,271,3338,4212,0,0.5,1.0,0.3333333333331111,0.0,1.0,1,1,1
1393,4482,222,363,1188,4368,1,0.5,0.9880611354833373,0.8769932042119709,0.011938864516662706,4.0,1,1,1
1394,4482,53,119,2562,1188,0,0.5,1.0,0.4100676231118788,0.0,1.0,1,1,1
1397,6635,207,331,4805,925,0,0.5,0.9750052719721074,0.023664834239130524,0.0249947280278926,2.0,1,1,1
1398,6635,207,296,3155,6410,0,0.5,1.0,0.599999999999328,0.0,1.0,1,1,1
1399,6635,38,246,1176,1154,0,0.8552056171445119,0.8579178070287659,0.7153915817807305,0.8524934272602581,46.0,0,0,0
1400,6635,38,125,1176,6796,1,0.7020098495520226,0.8450468041659458,0.6900075652954968,0.5589728949380994,14.0,0,0,0
1401,6635,38,96,1176,4415,1,0.6776599512616497,0.6381450888901791,0.45522107512830756,0.7171748136331204,7.0,0,0,0
1402,6635,38,36,1176,4716,0,0.5,1.0,0.04455445727202025,0.0,2.0,1,1,1
1403,6635,38,173,1176,1171,0,0.8004081806693089,0.8202297937911034,0.6709872573783432,0.7805865675475144,22.0,0,0,0
1404,6635,38,215,1176,1144,1,0.8751766196166513,0.9597357997956849,0.8999716520960268,0.7906174394376178,41.0,0,0,0
1405,6635,169,197,1419,3147,0,0.5,1.0,0.07415391240399076,0.0,2.0,1,1,1
1406,6635,169,314,1077,3262,1,0.5,0.8603165327527728,0.47833423428027516,0.13968346724722724,3.0,1,1,1
1407,6635,127,289,4805,3635,0,0.5,1.0,0.1398767530459229,0.0,1.0,1,1,1
1408,6635,115,355,6890,3922,1,0.5,0.5225442369378108,0.27805951378029453,0.4774557630621892,6.0,0,1,0
1409,6635,115,177,925,3635,0,0.5,0.5493493254963752,0.29086447264504867,0.45065067450362484,2.0,1,1,1
1410,6635,142,264,5565,6579,0,0.5,0.5247350488174024,0.13103912758185612,0.4752649511825976,2.0,1,1,1
1411,6635,142,196,6868,2661,0,0.5,1.0,0.265793738772524,0.0,2.0,1,1,1
1412,6635,142,135,4922,170,0,0.5,1.0,0.41419805723060293,0.0,2.0,0,1,1
1413,6635,156,147,1176,5678,0,0.5,0.8948353485492362,0.6314225656250214,0.10516465145076381,4.0,0,1,0
1414,6635,18,10,1176,0,1,0.6755592372104982,1.0,0.9999999999996418,0.3511184744209964,3.0,0,0,0
1416,6635,53,313,925,4805,0,0.5,1.0,0.014330067110300675,0.0,1.0,1,1,1
1417,6635,53,355,925,3922,0,0.6525697225219815,0.7496833247178876,0.286228193409562,0.5554561203260755,3.0,0,0,1
1418,6635,155,357,3922,4805,0,0.685858199676328,1.0,0.8036174010725108,0.3717163993526559,3.0,0,0,0
1419,6635,160,163,4415,1077,0,0.5,1.0,0.059342807989710686,0.0,1.0,1,1,1
1420,6635,126,43,3137,0,0,0.5,1.0,0.9999999999989999,0.0,1.0,1,1,1
1421,1445,38,218,1160,4277,1,0.7039887195602341,0.9838678027685462,0.8936245545619114,0.4241096363519221,9.0,0,0,0
1422,1445,38,155,1160,4277,1,0.7657962645176519,0.9619622006936254,0.7660741060090163,0.5696303283416786,7.0,0,0,0
1423,1445,38,33,1160,0,1,0.5,1.0,0.9999999999988514,0.0,1.0,1,1,1
1426,151,90,53,2300,1202,0,0.5,1.0,0.25656720129454674,0.0,2.0,1,1,1
1427,151,90,324,2657,4478,0,0.5,1.0,0.009880829726948042,0.0,1.0,1,1,1
1428,151,155,90,6504,0,1,0.5,1.0,0.9999999999960001,0.0,1.0,1,1,1
1429,151,160,132,2624,5488,0,0.5,1.0,0.30667156108047183,0.0,1.0,1,1,1
1431,6925,53,63,3341,537,1,0.5,1.0,0.1619700924974473,0.0,2.0,1,1,1
1434,6925,156,87,2713,3770,0,0.5,0.5049508894765016,0.23797460179307467,0.4950491105234984,2.0,1,1,1
1435,6925,127,48,537,359,1,0.5,1.0,0.009901778952997927,0.0,1.0,1,1,1
1437,284,53,233,5893,5355,0,0.5,1.0,0.27951968636923413,0.0,1.0,1,1,1
1440,284,160,350,6384,2154,0,0.5,1.0,0.882352941175353,0.0,1.0,1,1,1
1441,5661,86,77,5441,18,1,0.8737473924250818,1.0,0.8412981939345545,0.7474947848501635,14.0,0,0,0
1442,5661,86,16,5441,18,1,0.5,1.0,0.40308941983511487,0.0,3.0,0,1,0
1443,5661,86,64,5441,18,1,0.807015562338067,1.0,0.7629010656729192,0.6140311246761341,11.0,0,0,0
1444,5661,86,149,5441,18,1,0.8008390848743988,0.8636551235336705,0.68812133706964,0.7380230462151272,24.0,0,0,0
1445,5661,86,348,5441,18,1,0.861906236576336,0.9941567994750162,0.9877251164913115,0.7296556736776558,46.0,0,0,0
1446,5661,170,185,5441,18,1,0.7914846346667606,0.9732322640223253,0.9438956755861039,0.6097370053111957,29.0,0,0,0
1447,5661,170,26,5441,0,1,0.842193490898226,0.9999999999999999,0.9999999999998375,0.6843869817964523,8.0,0,0,0
1448,5661,170,223,5441,18,1,0.8490471312021468,0.9807996471198582,0.9594349693370849,0.7172946152844355,30.0,0,0,0
1449,5661,170,20,5441,0,1,0.774040039302377,1.0,0.9999999999997891,0.5480800786047539,6.0,0,0,0
1450,359,115,129,711,1139,0,0.5,0.45769452816022077,0.2928289196796668,0.5423054718397793,4.0,1,1,1
1451,359,115,220,2300,711,0,0.5,1.0,0.49300386214719794,0.0,1.0,1,1,1
1452,359,115,233,2300,711,0,0.5,1.0,0.4930038621470374,0.0,1.0,1,1,1
1453,359,156,282,1139,18,0,0.5,0.6305817975850097,0.125888194675663,0.36941820241499035,2.0,1,1,1
1454,359,155,124,1077,733,0,0.5,1.0,0.11826912311819747,0.0,1.0,1,1,1
1455,359,155,121,1077,733,0,0.5,1.0,0.11826912311820921,0.0,1.0,1,1,1
1456,359,103,173,711,7038,1,0.7316742548241297,1.0,0.8251313695295769,0.4633485096482596,3.0,0,0,0
1457,359,103,183,711,7038,0,0.7316742548241297,1.0,0.8251313695294479,0.4633485096482596,3.0,0,0,1
1458,359,127,185,1077,1139,1,0.5,0.951229548124637,0.039807529505090304,0.048770451875363,2.0,1,1,1
1459,359,53,57,711,733,0,0.5,0.5977464612973163,0.21431133161455787,0.40225353870268366,4.0,0,1,0
1460,359,53,265,2676,2300,0,0.5,1.0,0.01378116821566828,0.0,2.0,1,1,1
1461,359,53,347,2300,6052,0,0.6932615238506112,0.834742010512877,0.5840539111903821,0.5517810371883454,16.0,0,0,0
1462,359,53,289,2713,382,0,0.5,0.6300485590083625,0.08896237442122597,0.36995144099163746,5.0,1,1,1
1464,359,160,49,6889,3341,0,0.5,1.0,0.05934280798970412,0.0,1.0,1,1,1
1465,359,160,130,2290,2300,1,0.5,0.6754096765139171,0.19373788276150802,0.32459032348608285,2.0,1,1,1
1467,359,90,227,711,2300,0,0.6220113597317567,0.5535690841013061,0.2200731231244741,0.6904536353622072,15.0,0,0,0
1468,359,61,194,1139,3155,0,0.5,1.0,0.270366211374493,0.0,1.0,1,1,1
1469,455,224,272,4274,4397,0,0.5,0.7070787210615819,0.0462992720069315,0.29292127893841813,3.0,1,1,1
1471,4783,222,180,1161,1873,1,0.5,0.6119453304645462,0.17443908878249564,0.38805466953545376,2.0,1,1,1
1472,4783,156,117,2442,0,1,0.5,1.0,0.9999999999969686,0.0,1.0,1,1,1
1473,4783,56,204,776,4799,0,0.5,1.0,0.9015408151228612,0.0,2.0,0,1,0
1474,1013,6,229,2442,3600,1,0.5,1.0,0.7698325504668294,0.0,1.0,1,1,1
1475,1013,53,247,3494,0,0,0.5322756003115849,1.0,0.9999999999981292,0.06455120062316977,2.0,0,0,1
1476,1013,160,47,2442,4233,0,0.5,0.6213083307017739,0.09900903282568477,0.37869166929822606,2.0,1,1,1
1478,1013,156,107,1161,558,0,0.5,1.0,0.02969757256540111,0.0,1.0,1,1,1
1479,150,53,306,6293,711,0,0.5,1.0,0.30667156108022753,0.0,1.0,1,1,1
1481,150,155,132,2083,6411,0,0.7499228543208807,0.917332373305963,0.7138125957979882,0.5825133353357984,8.0,0,0,0
1482,150,155,33,2083,6411,1,0.597688836629195,0.8299138564894225,0.4885667464503684,0.36546381676896755,5.0,0,0,0
1483,150,156,304,2410,6785,0,0.5,1.0,0.02969757256547165,0.0,1.0,1,1,1
1484,150,160,86,5322,2455,0,0.5,1.0,0.27036621137472944,0.0,1.0,1,1,1
1485,246,160,4,3155,0,1,0.5,1.0,0.99999999999898,0.0,1.0,1,1,1
1486,246,160,176,3155,4319,1,0.8167240507093642,0.8461667192067526,0.7223405105928885,0.7872813822119757,18.0,0,0,0
1487,246,160,313,3155,1077,1,0.7521406562778952,0.8258916799185708,0.6556536292061784,0.6783896326372196,28.0,0,0,0
1488,246,160,117,3155,2100,1,0.768533631995042,0.7357060511567052,0.55771036000015,0.8013612128333787,13.0,0,0,0
1489,246,160,292,3155,6477,0,0.7187973584553831,0.8883091976621461,0.7883559645824881,0.5492855192486199,25.0,0,0,0
1490,246,160,161,3155,4319,1,0.7659959454974424,0.7460367097356725,0.5796010974848884,0.7859551812592124,16.0,0,0,0
1491,246,145,319,3155,0,1,0.5,1.0,0.9999999999988741,0.0,2.0,0,1,1
1494,714,160,69,4412,0,0,0.5,1.0,0.9999999999989175,0.0,1.0,1,1,1
1496,4302,53,335,6155,4702,0,0.5,1.0,0.04947009763476138,0.0,1.0,1,1,1
1497,4302,53,351,3158,2103,0,0.5,1.0,0.019801616452026938,0.0,1.0,1,1,1
1498,4302,90,309,4702,0,0,0.5,1.0,0.999999999998,0.0,1.0,1,1,1
1499,4302,127,349,3155,2103,1,0.5,1.0,0.4143604772834113,0.0,2.0,0,1,0
1501,1297,224,194,3159,4539,1,0.5,1.0,0.8967964252211937,0.0,1.0,1,1,1
1502,5423,150,326,1121,6994,1,0.800115948805084,0.815763547818321,0.6728172935632759,0.784468349791847,79.0,0,0,0
1503,5423,150,341,1121,6994,1,0.7529267386340706,0.721385127476294,0.5467071512693581,0.784468349791847,79.0,0,0,0
1504,5423,150,7,1121,6994,0,0.5,1.0,0.4880407277054917,0.0,3.0,0,1,0
1505,5423,150,225,1121,6994,1,0.799826060196809,0.8141883152848535,0.686500497037869,0.7854638051087645,54.0,0,0,0
1506,5423,150,125,1121,6994,1,0.7468211401661342,0.6466371864541302,0.47671703040547675,0.8470050938781384,28.0,0,0,0
1507,5423,150,143,1121,6994,1,0.712076586939976,0.6275773266151624,0.4422621357793577,0.7965758472647896,32.0,0,0,0
1508,5423,150,168,1121,6994,1,0.6847920436938038,0.669659466693453,0.4975505180474251,0.6999246206941544,40.0,0,0,0
1509,5423,51,210,1121,1464,1,0.5,0.7102665911039138,0.05218477026197673,0.28973340889608623,4.0,1,1,1
1510,5423,51,281,1121,1464,0,0.6756928624073972,0.8147331842796531,0.6320309205408404,0.5366525405351412,10.0,0,0,0
1511,5423,51,161,1121,767,0,0.5,0.6901888862299683,0.11556168271443559,0.3098111137700317,3.0,1,1,1
1512,5423,51,170,1121,767,1,0.5,0.6901888862299683,0.11556168271442084,0.3098111137700317,3.0,1,1,1
1513,5423,229,88,1121,1464,1,0.6090322925768352,1.0,0.7998347706382607,0.21806458515367033,4.0,0,0,0
1514,5423,229,312,1121,1464,1,0.5,0.41638779963504635,0.22168863863961974,0.5836122003649536,11.0,0,1,0
1515,5423,229,317,1121,1464,1,0.5,0.41638779963504635,0.22168863863961547,0.5836122003649536,11.0,0,1,0
1516,5423,38,135,1121,6994,0,0.8599293000361061,0.896413626307165,0.7821720990755141,0.8234449737650472,49.0,0,0,0
1517,5423,38,95,1121,6994,0,0.8056477904144201,0.8669688036954906,0.7345872770476881,0.7443267771333497,31.0,0,0,0
1518,5423,38,324,1121,6994,1,0.7382250516737242,0.6185614376636387,0.4146606869659694,0.8578886656838097,110.0,0,0,0
1519,5423,38,173,1121,6994,1,0.8784490049123506,0.8787616856091084,0.7743314578235181,0.8781363242155928,60.0,0,0,0
1520,5423,38,225,1121,6994,1,0.7740647922430068,0.803396696016531,0.6637613147503901,0.7447328884694826,74.0,0,0,0
1521,5423,38,329,1121,6994,0,0.7826486674156343,0.6861879180762535,0.4793107799217357,0.8791094167550152,113.0,0,0,0
1522,5423,38,149,1121,6994,1,0.8816684929026479,0.9124903943723971,0.812815232287038,0.8508465914328989,52.0,0,0,0
1523,5423,38,9,1121,1464,1,0.6341162376817071,1.0,0.773629037084496,0.2682324753634142,8.0,0,0,0
1524,5423,38,337,1121,6994,0,0.7805717758648101,0.7371217752192357,0.5529888054983992,0.8240217765103843,117.0,0,0,0
1525,5423,38,42,1121,6994,0,0.7838632080054744,0.8625959404427674,0.7116221102302217,0.7051304755681813,15.0,0,0,0
1526,5423,38,259,1121,1464,1,0.8461209835685304,0.8368274885554162,0.7184586797196715,0.8554144785816445,82.0,0,0,0
1527,5423,38,197,1121,6994,0,0.8222036364495386,0.7692166291763913,0.5785353150370165,0.8751906437226861,65.0,0,0,0
1528,5423,38,355,1121,6994,1,0.7683000364441323,0.7275795723026727,0.5306241672171769,0.8090205005855918,123.0,0,0,0
1529,5423,38,217,1121,6994,1,0.7705817897088245,0.8537635972007042,0.7105955475108592,0.687399982216945,71.0,0,0,0
1530,5423,38,301,1121,6994,0,0.7676794201202677,0.6834271117077771,0.5032851949639838,0.8519317285327581,102.0,0,0,0
1531,5423,222,21,1670,1464,1,0.5,1.0,0.14744881036222424,0.0,1.0,1,1,1
1532,5423,222,225,1121,6994,1,0.7894309630633282,0.7899883377530258,0.6410560706090399,0.7888735883736305,14.0,0,0,0
1533,5423,222,149,1121,6499,1,0.7054762419921932,0.8187925620332762,0.6235976729100735,0.59215992195111,9.0,0,0,0
1534,5423,151,344,1121,6994,1,0.682925432297924,0.9203770809359275,0.567669420137694,0.4454737836599205,3.0,0,0,1
1535,5423,156,51,1121,0,1,0.8560457666547483,1.0,0.9999999999998426,0.7120915333094965,10.0,0,0,0
1536,5423,156,330,1121,4097,1,0.8618616409894098,0.9628968281983574,0.9247879958945693,0.7608264537804621,66.0,0,0,0
1537,5423,156,27,1121,0,1,0.8349949952229412,1.0,0.99999999999974,0.6699899904458824,5.0,0,0,0
1538,5423,156,155,1121,0,1,0.8927380597623962,1.0,0.9999999999999104,0.7854761195247923,33.0,0,0,0
1539,5423,156,174,1121,0,1,0.9110844607999851,1.0,0.9999999999999029,0.8221689215999701,36.0,0,0,0
1541,5423,127,268,1121,7007,0,0.8007437727608228,0.9858777681032501,0.9669156460573791,0.6156097774183954,13.0,0,0,0
1542,5423,127,321,1121,6994,1,0.7268579564992099,0.7369216374099656,0.5786941756254449,0.7167942755884542,16.0,0,0,0
1543,5423,202,140,1121,6994,1,0.6560133879614749,0.6599775993449671,0.4002104541996815,0.6520491765779826,6.0,0,0,1
1544,5423,202,84,1121,0,1,0.7471189202975084,1.0,0.999999999999718,0.49423784059501663,5.0,0,0,0
1545,5423,6,190,1121,6994,1,0.6891855286694863,0.5289080437165535,0.2895832787350999,0.8494630136224192,27.0,0,0,0
1546,5423,6,132,1121,6994,1,0.8088937609380028,0.8329476213597256,0.7014363351929133,0.78483990051628,20.0,0,0,0
1547,5423,6,226,1121,6994,1,0.82724033516792,0.8424198488992468,0.6888010664828046,0.8120608214365931,34.0,0,0,0
1548,5423,6,14,1121,1464,1,0.5,0.7032261369696552,0.46091248161438375,0.2967738630303448,3.0,0,1,0
1549,5423,160,184,1464,5566,0,0.7806310728419622,0.9390737463402103,0.8452385880193656,0.6221883993437141,6.0,0,0,0
1550,5423,160,69,1464,0,0,0.655851651587342,1.0,0.9999999999992979,0.3117033031746841,2.0,0,0,0
1551,5423,24,307,1121,0,1,0.5495740426078084,1.0,0.9999999999986614,0.09914808521561691,4.0,0,0,1
1553,5423,205,329,1121,6994,1,0.5,0.7551834996888798,0.53503825738585,0.24481650031112023,3.0,1,1,1
1555,5423,46,342,1121,0,0,0.5908315979549212,1.0,0.9999999999990219,0.1816631959098426,2.0,0,0,0
1556,5423,61,155,1121,0,1,0.5803443727912871,1.0,0.9999999999994736,0.16068874558257418,4.0,0,0,0
1559,2103,127,256,2266,1138,0,0.5,1.0,0.5673706306593961,0.0,1.0,1,1,1
1560,2103,127,303,5002,2266,0,0.5,1.0,0.6866971992920191,0.0,1.0,1,1,1
1561,2103,53,279,4702,5002,0,0.5,0.9894926165657678,0.1335372111781402,0.010507383434232187,3.0,1,1,1
1562,2103,53,24,7047,2873,0,0.5,1.0,0.06920392276148929,0.0,1.0,1,1,1
1563,2103,155,74,3155,6017,1,0.5,0.5881870317622027,0.15030889695750446,0.41181296823779734,2.0,1,1,1
1564,2103,56,256,1281,3897,0,0.5,1.0,0.20718064571750566,0.0,1.0,1,1,1
1565,2103,6,249,278,0,0,0.7253253372518124,1.0,0.9999999999954277,0.4506506745036247,2.0,0,0,1
1566,3171,53,234,2278,999,0,0.5,1.0,0.04947009763477313,0.0,1.0,1,1,1
1567,3171,156,345,2974,2695,1,0.5,1.0,0.9470315800378681,0.0,1.0,1,1,1
1568,3171,155,300,146,0,0,0.5,1.0,0.9999999998745099,0.0,1.0,1,1,1
1569,4261,224,311,3196,4451,0,0.5,1.0,0.20499788146856185,0.0,1.0,1,1,1
1570,4261,208,304,1971,4108,0,0.5,0.9646784734227686,0.12965253350958889,0.03532152657723142,2.0,1,1,1
1571,1148,6,313,2427,5455,0,0.600826840941086,0.5491744338825205,0.26327601170917764,0.6524792479996513,25.0,0,0,0
1572,1148,6,104,2427,5455,0,0.6699542823798634,0.5776158671787687,0.3889782327560293,0.7622926975809583,10.0,0,0,0
1573,1148,6,167,5455,2427,0,0.5,0.24168270136441425,0.12655858914319937,0.7583172986355857,13.0,1,1,1
1574,1148,6,204,5455,2427,0,0.7505125565338852,0.709557934367415,0.5420752508738715,0.7914671787003553,18.0,0,0,0
1575,1148,6,251,5455,2427,0,0.6752707221941459,0.5992306791863609,0.3637875575932979,0.7513107652019309,24.0,0,0,0
1576,1148,56,41,2427,5455,0,0.5,0.6259566299622092,0.34782250723134717,0.37404337003779076,2.0,1,1,1
1577,1148,56,349,2427,2547,1,0.6701279028470355,0.6873172751169302,0.4578892103496443,0.6529385305771408,7.0,0,0,1
1578,1148,56,308,2547,2427,0,0.5,0.39048572595021847,0.0864296818779624,0.6095142740497815,3.0,1,1,1
1579,1148,56,27,6977,2427,0,0.5,1.0,0.11826912311833583,0.0,1.0,1,1,1
1580,1148,208,102,2547,0,0,0.5,1.0,0.9999999999983593,0.0,1.0,1,1,1
1581,1148,208,128,2547,0,0,0.5,1.0,0.9999999999972544,0.0,1.0,1,1,1
1582,1148,191,133,2427,0,0,0.7302371169278198,1.0,0.9999999999944164,0.46047423385563957,2.0,0,0,1
1583,1148,156,75,2427,6795,0,0.7257084128064737,0.8221949229276203,0.6660281804618203,0.629221902685327,11.0,0,0,0
1584,1148,156,212,2427,6795,0,0.6967665322319782,0.8121081534238024,0.6058763071559692,0.5814249110401539,25.0,0,0,0
1585,1148,156,266,2427,3872,0,0.8224304636860127,0.8877293718023854,0.7460056459055023,0.75713155556964,33.0,0,0,0
1586,1148,156,187,2427,6795,1,0.5,0.2540455434374925,0.012980288940904803,0.7459544565625075,19.0,1,1,1
1587,1148,156,273,2427,2684,1,0.8455375838710322,0.9126001170191709,0.7880020818608205,0.7784750507228935,35.0,0,0,0
1588,1148,115,230,280,3233,1,0.5,1.0,0.15207317210534108,0.0,1.0,1,1,1
1589,1148,224,307,5455,2547,0,0.7143890677039393,0.9291135850428737,0.8114071744631252,0.4996645503650049,14.0,0,0,0
1590,1148,224,306,5455,2547,1,0.7143890677039393,0.9291135850428736,0.8114071744631309,0.4996645503650049,14.0,0,0,0
1591,1148,61,278,6795,2427,0,0.5,0.5955107948454289,0.0510226787228965,0.4044892051545711,3.0,1,1,1
1592,1148,61,341,2427,6795,1,0.5,0.5914837615898575,0.3942796400376582,0.4085162384101425,17.0,0,1,0
1593,1148,121,278,6795,0,0,0.5,1.0,0.9999999999989999,0.0,1.0,1,1,1
1594,1148,123,83,5455,0,0,0.5,1.0,0.9999999999981556,0.0,2.0,0,1,1
1597,1148,229,155,5455,867,1,0.5,0.5386634198372935,0.18823523719211357,0.4613365801627065,3.0,1,1,1
1598,1148,176,260,4758,0,0,0.5,1.0,0.9999999999908104,0.0,1.0,1,1,1
1599,1148,42,320,2427,2643,0,0.5,0.8499126343006737,0.021894743862057656,0.15008736569932635,5.0,1,1,1
1601,920,162,286,18,6293,0,0.5,1.0,0.4898364121559378,0.0,1.0,1,1,1
1602,920,162,159,6293,2266,1,0.7910263687671989,0.9771850691673709,0.8581127115917724,0.6048676683670269,8.0,0,0,0
1603,920,156,195,1077,5046,0,0.5,0.4978483769913823,0.10570744219860724,0.5021516230086177,3.0,1,1,1
1604,920,127,134,2083,6293,0,0.5,0.6600439093131497,0.0020156204054539747,0.3399560906868503,3.0,1,1,1
1605,920,127,266,6293,146,1,0.5,0.7824280763287144,0.110948668791956,0.21757192367128564,10.0,1,1,1
1606,920,127,335,6293,956,1,0.5,0.3506068317979757,0.04351179498817725,0.6493931682020243,14.0,1,1,1
1607,920,127,288,6293,2290,0,0.5,0.5113932500918821,0.13662608275597557,0.4886067499081179,13.0,1,1,1
1608,920,127,40,4702,6293,0,0.5,0.5148487862827442,0.23234879517381515,0.4851512137172558,2.0,1,1,1
1609,920,155,222,146,4319,1,0.7203479057262123,0.8078592561161964,0.557691781485253,0.6328365553362282,11.0,0,0,0
1610,920,155,47,6410,1077,0,0.5,1.0,0.18573898654979226,0.0,3.0,1,1,1
1611,920,155,89,6410,2290,0,0.5,1.0,0.15200220663029307,0.0,3.0,1,1,1
1612,920,155,44,6410,6017,0,0.5,1.0,0.590425182394476,0.0,2.0,0,1,0
1613,920,155,315,1077,146,0,0.5,0.4834128363969351,0.067664986672086,0.5165871636030649,5.0,1,1,1
1614,920,155,197,146,3159,1,0.5,0.8227024140294856,0.37928461062330643,0.17729758597051437,6.0,0,1,0
1616,920,53,176,6293,1085,0,0.766112152616565,0.7432484129414837,0.5643968562612617,0.7889758922916462,17.0,0,0,0
1617,920,53,173,6293,18,0,0.7661121526165651,0.7432484129414837,0.584300835958863,0.7889758922916463,17.0,0,0,0
1618,920,53,222,6293,45,0,0.5,0.35315924771075424,0.12566774393138747,0.6468407522892458,18.0,1,1,1
1619,920,53,156,6293,5756,1,0.8035661177773963,0.8446320076570633,0.6222671790394133,0.7625002278977292,16.0,0,0,0
1620,920,53,268,4702,956,0,0.7103158890919952,0.8759400160547575,0.3375414704197771,0.5446917621292329,5.0,0,0,0
1621,920,53,290,956,4702,1,0.5,0.6603967454736129,0.11445713487294308,0.33960325452638707,6.0,1,1,1
1622,920,53,315,956,6293,1,0.5,0.5006473308173391,0.1272269570822936,0.49935266918266086,8.0,1,1,1
1623,920,53,265,4702,2671,0,0.5,0.7722381857579694,0.11876583603594412,0.22776181424203057,4.0,1,1,1
1624,920,98,169,3155,6410,1,0.5,1.0,0.888761634505043,0.0,1.0,1,1,1
1625,920,61,252,733,0,0,0.5,1.0,0.9999999998668283,0.0,1.0,1,1,1
1626,920,90,324,6293,733,1,0.5,0.5298455347035643,0.24140656639446043,0.4701544652964357,27.0,0,1,0
1627,920,90,111,6293,733,1,0.8287771640029499,0.9179494270225118,0.7711056766311536,0.7396049009833879,14.0,0,0,0
1628,920,160,134,1375,2083,0,0.5,1.0,0.02969757256546985,0.0,1.0,1,1,1
1629,920,160,32,3155,5682,0,0.6143177902101415,0.808690690875132,0.5149752303572164,0.4199448895451512,4.0,0,0,0
1630,920,160,339,3155,6293,0,0.5,0.728996593743722,0.12671385686484224,0.27100340625627795,12.0,1,1,1
1631,920,103,21,6122,2272,0,0.5,1.0,0.009901778952998064,0.0,1.0,1,1,1
1632,920,115,311,6293,3411,0,0.7883492279207438,0.9247196102557382,0.8484516616757247,0.6519788455857494,7.0,0,0,0
1634,920,142,126,1077,7038,0,0.0,0.0,0.0,0.0,1.0,1,1,1
1635,920,56,142,2290,733,0,0.5,1.0,0.23792835261731174,0.0,1.0,1,1,1
1636,45,115,201,545,3341,1,0.6765726632073402,0.8507910440644852,0.6764155062264793,0.5023542823501952,6.0,0,0,0
1637,45,115,220,545,3341,1,0.8284407027779006,0.9263555962594335,0.8260356921002397,0.7305258092963676,10.0,0,0,0
1638,45,115,194,545,146,1,0.5,0.6861788625768088,0.4853470950978858,0.3138211374231912,3.0,0,1,0
1639,45,6,168,545,4549,0,0.5,1.0,0.22389066092895543,0.0,1.0,1,1,1
1640,45,6,150,4549,0,0,0.5,1.0,0.9999999999988959,0.0,1.0,1,1,1
1641,45,6,257,1923,545,0,0.7588317128326733,0.8122063380552459,0.6401655210498018,0.7054570876101006,15.0,0,0,0
1642,45,6,188,1923,545,1,0.5,0.542655421482597,0.23727940067163958,0.45734457851740296,7.0,0,1,0
1643,45,160,176,1923,146,1,0.5,0.5932981453256317,0.039029425115398024,0.40670185467436826,4.0,1,1,1
1644,45,160,190,146,1923,0,0.5,0.32606859390156984,0.1271570102672204,0.6739314060984302,7.0,1,1,1
1645,45,53,183,545,2278,1,0.5,0.7592631324391005,0.05842002170059946,0.24073686756089951,2.0,1,1,1
1646,45,53,222,545,3341,0,0.5,0.35459953405737604,0.07058073012871949,0.645400465942624,9.0,1,1,1
1647,45,53,189,545,6269,0,0.5,0.7592631324391006,0.04854632495868671,0.2407368675608994,2.0,1,1,1
1648,45,53,295,545,711,1,0.5,0.297108045274094,0.046832158458411585,0.702891954725906,14.0,1,1,1
1650,45,141,252,5584,0,0,0.5,1.0,0.9999999999989999,0.0,1.0,1,1,1
1651,45,142,174,7099,0,0,0.5,1.0,0.9999999999978352,0.0,1.0,1,1,1
1652,45,156,173,1923,146,1,0.6169227669950342,0.7451554599227816,0.44703698321240287,0.4886900740672868,6.0,0,0,0
1653,45,127,259,545,0,1,0.6258815301571901,1.0,0.9999999999990878,0.2517630603143801,2.0,0,0,0
1654,2683,156,329,1145,5770,0,0.758597343123873,0.832975167739599,0.658108563899161,0.6842195185081469,24.0,0,0,0
1655,2683,156,86,1145,1928,1,0.757114492595423,0.8205473449238967,0.4562333475609505,0.6936816402669493,4.0,0,0,0
1656,2683,156,168,1145,6572,0,0.8428251531629509,0.9088985877309241,0.7154529541353769,0.7767517185949777,12.0,0,0,0
1657,2683,156,214,1145,6537,0,0.8173961028251204,0.8545328189994604,0.6680229451440943,0.7802593866507803,16.0,0,0,0
1658,2683,156,336,1145,1971,1,0.7699249721743868,0.7951593073772154,0.589756873272937,0.7446906369715582,25.0,0,0,0
1659,2683,160,256,3592,1971,0,0.5,0.4721921599868106,0.18708199809759837,0.5278078400131894,4.0,1,1,1
1660,2683,160,43,1971,2996,0,0.5,0.5977464612973163,0.2702175569756966,0.40225353870268366,2.0,1,1,1
1661,2683,160,118,1971,6080,0,0.6280391137094472,0.5682410831870056,0.3802558511769772,0.6878371442318888,6.0,0,0,0
1662,2683,6,149,1145,1971,1,0.6388034457897284,0.6901291470915895,0.4301571296554419,0.5874777444878673,4.0,0,0,0
1663,2683,56,142,1145,13,0,0.6535034966984684,0.7284724453944843,0.5085233610393532,0.5785345480024525,4.0,0,0,1
1664,2683,56,261,4185,1145,0,0.5,1.0,0.11142462016365098,0.0,1.0,1,1,1
1665,2683,56,344,6080,6350,0,0.5,1.0,0.44247239666616783,0.0,1.0,1,1,1
1666,2683,127,328,1145,2327,1,0.7700021352825692,0.9384099589817708,0.6566559185828902,0.6015943115833676,11.0,0,0,0
1667,2683,127,244,6890,1145,0,0.5,1.0,0.022488079736157147,0.0,1.0,1,1,1
1668,2683,61,351,1145,5094,1,0.6870453865696545,0.8219038223761845,0.5644501209623974,0.5521869507631245,6.0,0,0,0
1669,2683,53,67,2704,226,0,0.5,1.0,0.039587710403865516,0.0,1.0,1,1,1
1671,2683,155,240,1077,0,0,0.5,1.0,0.9999999999965862,0.0,1.0,1,1,1
1672,2683,47,304,1145,0,0,0.5,1.0,0.9999999999594156,0.0,1.0,1,1,1
1677,6795,160,177,2427,5723,1,0.758382878212251,0.8653552848630716,0.7106805909263074,0.6514104715614304,18.0,0,0,0
1678,6795,160,161,2427,5965,1,0.7375901702888072,0.8812320755416396,0.7778933012013817,0.5939482650359749,17.0,0,0,0
1679,6795,160,160,2427,5965,1,0.7375901702888071,0.8812320755416395,0.7778933012013839,0.5939482650359748,17.0,0,0,0
1680,6795,160,173,2427,5965,0,0.7747249650225623,0.8980394584836942,0.8062801841692417,0.6514104715614303,18.0,0,0,0
1681,6795,160,137,2427,5736,1,0.7547968475265247,0.8558386038557988,0.6718812398377942,0.6537550911972505,14.0,0,0,0
1682,6795,105,194,1148,2808,0,0.6597909185717566,0.6866849677571975,0.46294742160522157,0.6328968693863158,3.0,0,0,0
1683,6795,155,288,6644,2083,1,0.6195012886669713,1.0,0.7805108845165286,0.23900257733394248,4.0,0,0,0
1684,6795,2,280,6979,0,1,0.5,1.0,0.99999999999898,0.0,1.0,1,1,1
1685,6795,61,121,2402,0,0,0.5,1.0,0.9999999999982241,0.0,1.0,1,1,1
1686,6795,156,239,1148,5455,0,0.6367748076897161,0.7409371812032308,0.5246516010153951,0.5326124341762013,12.0,0,0,0
1687,6795,156,335,1148,2460,1,0.8187057988639336,0.9290592087893448,0.8628324552124788,0.7083523889385224,20.0,0,0,0
1688,6795,18,244,2547,1148,0,0.5,1.0,0.30083905630420776,0.0,1.0,1,1,1
1689,6795,6,219,244,1148,1,0.0,0.0,0.0,0.0,1.0,1,1,1
1690,6795,103,310,5405,1683,0,0.5,1.0,0.29767369628678064,0.0,1.0,1,1,1
1691,6795,208,167,1148,0,1,0.5,1.0,0.9999999999988514,0.0,1.0,1,1,1
1692,6795,115,193,1148,1175,0,0.5,0.7172370818334534,0.4797427836389113,0.28276291816654664,2.0,1,1,1
1693,1156,86,61,151,0,0,0.5,1.0,0.9999999999989999,0.0,1.0,1,1,1
1695,4407,222,71,431,5395,0,0.5,1.0,0.16676352322153176,0.0,1.0,1,1,1
1697,4407,222,338,62,5395,1,0.5,0.5299391926709053,0.14187619528346546,0.4700608073290947,3.0,1,1,1
1698,4407,163,275,5395,0,1,0.6957298756745935,1.0,0.9999999999992869,0.3914597513491872,7.0,0,0,0
1700,4407,160,93,5474,1503,0,0.5,0.8677942906513357,0.4881200015486723,0.13220570934866427,3.0,0,1,1
1703,4407,12,115,5395,5315,0,0.5,1.0,0.30667156108063437,0.0,1.0,1,1,1
1705,5447,223,341,1140,0,1,0.5253848220086383,1.0,0.9999999999990123,0.05076964401727657,5.0,0,0,0
1706,5447,150,107,1140,0,1,0.7475245552617493,1.0,0.9999999999972272,0.49504911052349854,2.0,0,0,1
1708,5447,38,60,1140,2994,1,0.7654309952353084,0.8569482211165599,0.7268157897653245,0.6739137693540569,9.0,0,0,0
1709,18,160,11,525,5441,1,0.0,0.0,0.0,0.0,1.0,1,1,1
1711,18,169,69,2671,0,0,0.5,1.0,0.9999999999973083,0.0,1.0,1,1,1
1712,18,169,158,733,2625,0,0.5,1.0,0.01980161645202675,0.0,1.0,1,1,1
1713,18,53,176,3341,711,0,0.5,0.6555861405913614,0.04630711792605598,0.34441385940863856,3.0,1,1,1
1714,18,53,159,129,733,0,0.5,1.0,0.02969757256547318,0.0,1.0,1,1,1
1717,18,155,332,2290,5527,1,0.6968399114245026,1.0,0.7799279099658979,0.39367982284900527,8.0,0,0,0
1719,18,103,354,2059,2385,1,0.5,1.0,0.25191325992425767,0.0,1.0,1,1,1
1720,18,103,251,6699,920,0,0.5,0.6861788625768088,0.4465999370614798,0.3138211374231912,3.0,0,1,1
1721,18,103,255,6699,920,0,0.5,0.6861788625768089,0.446599937061453,0.31382113742319107,3.0,0,1,1
1722,18,207,356,525,0,0,0.5,1.0,0.9999999999495375,0.0,1.0,1,1,1
1724,18,127,357,1077,2300,1,0.6431991172867775,0.837136178805836,0.38612813356902237,0.4492620557677188,6.0,0,0,0
1726,454,224,297,5458,3764,0,0.5,0.8912815053130762,0.6550949761019079,0.10871849468692385,4.0,1,1,1
1727,454,224,120,3764,5458,1,0.5,1.0,0.033156414461574565,0.0,1.0,1,1,1
1730,6123,53,206,711,3380,0,0.5,1.0,0.3377486972983249,0.0,2.0,0,1,0
1731,6123,53,203,3871,3341,0,0.5,1.0,0.009901778952995446,0.0,1.0,1,1,1
1732,5197,6,47,3788,0,0,0.5,1.0,0.999999999999495,0.0,2.0,0,1,0
1735,3341,127,78,6293,1077,1,0.6318112940415159,0.5725023653889796,0.2194012639315705,0.6911202226940523,12.0,0,0,0
1736,3341,127,285,4702,956,0,0.5,0.4688149594619244,0.020813553871332064,0.5311850405380756,6.0,1,1,1
1737,3341,127,118,6293,2083,0,0.6242493605933148,0.6240472579920318,0.35205535106379887,0.6244514631945979,18.0,0,0,0
1738,3341,127,220,146,4805,0,0.5,0.41566030371216817,0.03745050767304969,0.5843396962878318,6.0,1,1,1
1739,3341,127,288,956,4702,0,0.5,0.5576804917568573,0.16358279733567624,0.4423195082431427,9.0,0,1,0
1740,3341,127,193,146,2290,0,0.5,0.757376831044005,0.26316515328845663,0.242623168955995,4.0,0,1,0
1741,3341,127,306,956,4702,0,0.5,0.46028192947864566,0.23950382785984053,0.5397180705213543,13.0,0,1,0
1742,3341,127,33,6293,1077,0,0.728653295073903,1.0,0.38298133649938254,0.45730659014780595,7.0,0,0,0
1743,3341,127,346,4702,956,0,0.5,0.3163648092099212,0.06199516890643492,0.6836351907900788,16.0,0,1,1
1744,3341,127,307,956,4702,0,0.5,0.5184878155748515,0.2082944448016228,0.48151218442514854,14.0,0,1,0
1745,3341,127,173,2290,6293,0,0.5,0.6002465908781786,0.09303452913253206,0.39975340912182145,10.0,1,1,1
1746,3341,127,224,146,4805,0,0.5,0.4156603037121682,0.03745050767304932,0.5843396962878318,6.0,1,1,1
1747,3341,127,221,146,4805,0,0.5,0.4156603037121681,0.037450507673049735,0.5843396962878319,6.0,1,1,1
1748,3341,53,149,6293,956,0,0.7585110750011804,0.6392955396008353,0.46467308330580664,0.8777266104015256,36.0,0,0,0
1749,3341,53,98,6293,733,1,0.8137356292142683,0.7897369616472489,0.5320950170430336,0.8377342967812876,30.0,0,0,0
1750,3341,53,266,4702,6293,0,0.5,0.5892661141614426,0.19432428413022418,0.4107338858385574,11.0,0,1,0
1751,3341,53,189,6293,3159,0,0.6355735842416117,0.46214462900330827,0.2709226956560558,0.8090025394799152,39.0,0,0,0
1752,3341,53,64,6293,1077,0,0.7652756964617871,0.7900310907618169,0.5660822695449159,0.7405203021617572,19.0,0,0,0
1753,3341,53,193,6293,3159,0,0.6355735842416117,0.4621446290033082,0.27092269565605304,0.8090025394799153,39.0,0,0,0
1754,3341,53,275,4702,956,0,0.5,0.48595777099351123,0.2832400679288093,0.5140422290064888,12.0,0,1,0
1755,3341,53,77,6293,1077,0,0.8066150542615296,0.8569484687808603,0.6824128517686876,0.7562816397421988,23.0,0,0,0
1756,3341,53,124,6293,733,0,0.8410907326180787,0.807264971477218,0.6600623422121565,0.8749164937589393,35.0,0,0,0
1757,3341,53,74,6293,1077,1,0.8071215537277903,0.8434657248501397,0.6576044040342924,0.7707773826054409,22.0,0,0,0
1758,3341,53,134,6293,956,0,0.7319817032013896,0.5890469126438397,0.41202247645669315,0.8749164937589393,35.0,0,0,0
1759,3341,53,267,4702,6293,0,0.5,0.5892661141614426,0.19432428413022387,0.4107338858385574,11.0,0,1,0
1760,3341,53,65,6293,1077,1,0.7652756964617871,0.790031090761817,0.566082269544915,0.7405203021617572,19.0,0,0,0
1761,3341,53,127,6293,956,1,0.807412275229149,0.7399080566993588,0.510004051337138,0.8749164937589393,35.0,0,0,0
1762,3341,53,87,6293,733,1,0.7820284135728469,0.7861821195098131,0.6090330882595454,0.7778747076358807,26.0,0,0,0
1763,3341,53,312,6293,4702,0,0.5,0.3383891646582052,0.02405632474994923,0.6616108353417949,50.0,1,1,1
1764,3341,53,99,6293,733,0,0.7912553915045695,0.733149590074476,0.5582161758987391,0.8493611929346628,31.0,0,0,0
1765,3341,160,192,3155,146,0,0.5,0.6451658850129152,0.024593770653771354,0.35483411498708484,17.0,1,1,1
1766,3341,160,9,3155,5037,0,0.5,1.0,0.46976059710905077,0.0,3.0,0,1,0
1767,3341,160,291,3155,6785,0,0.5,0.3769547492512132,0.1091668536952321,0.6230452507487868,20.0,1,1,1
1768,3341,160,45,3155,5037,0,0.6607568936712909,0.6908361459718719,0.4837086206479746,0.6306776413707098,8.0,0,0,0
1769,3341,160,337,3155,1077,0,0.5,0.4382257317439913,0.25305537313951054,0.5617742682560087,24.0,0,1,0
1770,3341,160,204,146,1077,0,0.5,1.0,0.03551696300882447,0.0,4.0,1,1,1
1771,3341,160,81,3155,6293,0,0.5,0.40526799694955234,0.17613199173914992,0.5947320030504477,11.0,0,1,0
1772,3341,160,222,1077,5037,0,0.5,0.5455738267058551,0.11966560103049496,0.4544261732941449,8.0,1,1,1
1773,3341,160,57,3155,1077,0,0.7530438078266766,0.8024505428057135,0.5129640131782092,0.7036370728476398,9.0,0,0,0
1774,3341,160,209,146,1077,0,0.5,1.0,0.035516963008823906,0.0,4.0,1,1,1
1775,3341,169,312,1077,2713,1,0.5,0.5090181897020221,0.25792916035620284,0.49098181029797794,3.0,1,1,1
1776,3341,169,99,146,5682,0,0.5,1.0,0.34644855959832815,0.0,1.0,1,1,1
1777,3341,169,132,2269,150,0,0.5,1.0,0.07905153228867828,0.0,1.0,1,1,1
1778,3341,169,193,2671,6430,0,0.5,1.0,0.17159666608109625,0.0,2.0,1,1,1
1779,3341,169,44,5682,6410,0,0.5,1.0,0.1523125912678997,0.0,2.0,1,1,1
1780,3341,169,70,5682,5182,0,0.5,1.0,0.05443222244921453,0.0,2.0,1,1,1
1781,3341,103,264,2617,3411,0,0.5,1.0,0.3007586622044201,0.0,3.0,0,1,0
1782,3341,103,173,6293,5046,0,0.7457445780321499,0.7974605234087133,0.6019046099235358,0.6940286326555866,16.0,0,0,0
1783,3341,90,128,6293,733,1,0.8870752337151027,0.9255037507304924,0.8543835481754607,0.8486467166997129,32.0,0,0,0
1784,3341,90,77,6293,2266,0,0.7737693621881945,0.9398407489307042,0.8762517655232256,0.6076979754456847,13.0,0,0,0
1785,3341,90,214,6293,733,0,0.7839968655757241,0.7416382518397538,0.5431451430180257,0.8263554793116943,48.0,0,0,0
1786,3341,90,65,6293,2266,1,0.6942592257831056,0.8174775998092518,0.6665184740235356,0.5710408517569594,6.0,0,0,0
1787,3341,90,99,6293,733,1,0.8177489935297172,0.8415773130429356,0.713808834303594,0.7939206740164988,21.0,0,0,0
1788,3341,90,66,6293,2266,1,0.6942592257831055,0.8174775998092518,0.6665184740235328,0.5710408517569593,6.0,0,0,0
1789,3341,90,363,6293,733,1,0.7925285981401771,0.8629640570940597,0.7481123083482482,0.7220931391862944,70.0,0,0,0
1790,3341,123,301,929,2315,1,0.5,1.0,0.7524271763720669,0.0,2.0,0,1,0
1791,3341,123,115,6293,0,0,0.5,1.0,0.9999999999913405,0.0,1.0,1,1,1
1792,3341,155,173,2083,2290,0,0.5,0.7124424137528304,0.1984113844361798,0.28755758624716965,7.0,0,1,1
1793,3341,155,42,4319,6410,0,0.5,0.5660110808469548,0.04969691136063352,0.43398891915304516,10.0,1,1,1
1794,3341,155,140,2083,4723,0,0.5,0.7124424137528304,0.299800478414984,0.28755758624716965,7.0,0,1,0
1795,3341,155,308,4319,2290,1,0.5,0.7021135397025259,0.05752824857978532,0.2978864602974741,25.0,1,1,1
1796,3341,155,124,2083,4723,0,0.5,0.8109578903630482,0.12524987467559437,0.18904210963695178,5.0,0,1,0
1797,3341,155,122,2083,4723,0,0.5,0.7598263231798769,0.006214721882349697,0.24017367682012314,4.0,1,1,1
1798,3341,155,201,146,3159,0,0.5,0.6859862796893343,0.24655085859098783,0.31401372031066566,7.0,0,1,0
1799,3341,155,254,146,4319,0,0.7086921887511173,0.7496127219057813,0.3967681182790519,0.6677716555964532,17.0,0,0,0
1800,3341,155,190,3159,4319,0,0.6566511359640547,0.8071492838550351,0.3514844646841737,0.5061529880730742,6.0,0,0,0
1801,3341,155,49,6410,1077,0,0.5,0.6051424735699327,0.006517633000550025,0.39485752643006733,9.0,1,1,1
1802,3341,162,349,6293,733,1,0.5,0.2939514220289939,0.16601977377067068,0.7060485779710062,18.0,1,1,1
1803,3341,162,13,6293,0,0,0.5,1.0,0.9999999999989999,0.0,1.0,1,1,1
1804,3341,162,312,6293,956,0,0.5,0.5689776865425645,0.32162963916327175,0.43102231345743547,15.0,1,1,1
1806,3341,162,286,2258,6293,0,0.5,0.7212361983332672,0.5349916385325781,0.27876380166673276,2.0,1,1,1
1807,3341,162,67,6293,4702,0,0.5,0.8014863387047318,0.547938965783693,0.19851366129526815,5.0,0,1,0
1808,3341,159,93,4408,6293,1,0.5,0.6420500475197326,0.43347720845419757,0.3579499524802674,3.0,0,1,0
1809,3341,159,132,4408,6293,0,0.5,0.6420500475197326,0.07093522432295397,0.3579499524802674,3.0,1,1,1
1810,3341,61,7,733,0,1,0.5,1.0,0.9999999999989596,0.0,1.0,1,1,1
1811,3341,61,73,1077,6293,0,0.5,1.0,0.12322044132410372,0.0,2.0,1,1,1
1812,3341,156,166,3375,2784,0,0.5,0.6555861405913616,0.13602317726972438,0.34441385940863845,3.0,1,1,1
1813,3341,156,124,3375,6411,0,0.5,1.0,0.22389066092902316,0.0,2.0,1,1,1
1815,3341,115,221,6293,2315,1,0.6999358194080277,0.8392476784855742,0.5957010860944575,0.5606239603304812,19.0,0,0,0
1816,3341,115,220,6293,2315,1,0.6999358194080277,0.8392476784855742,0.5957010860944593,0.5606239603304812,19.0,0,0,0
1819,3341,207,222,6293,2315,0,0.7899223301215241,1.0,0.8098911429713939,0.5798446602430484,6.0,0,0,1
1820,3341,208,36,3155,0,1,0.5,1.0,0.9999999999988284,0.0,1.0,1,1,1
1821,3341,6,211,2457,3155,1,0.5,0.9272228118324277,0.3050148083743593,0.07277718816757228,3.0,1,1,1
1822,3341,6,97,2457,0,0,0.5,1.0,0.9999999999986408,0.0,2.0,0,1,1
1823,3341,105,318,930,3456,0,0.5,1.0,0.07905153228865998,0.0,1.0,1,1,1
1824,3341,157,299,1850,6017,0,0.5,1.0,0.5936249870846154,0.0,1.0,1,1,1
1825,6407,38,148,4286,5484,1,0.7995049631374644,0.783538680086674,0.6185487584499074,0.8154712461882548,43.0,0,0,0
1826,6407,38,157,4286,5484,0,0.8456834470034587,0.8509540919119823,0.7207623933382055,0.840412802094935,47.0,0,0,0
1827,6407,38,96,4286,5484,1,0.8698629754782887,0.8765593823433203,0.7201467420458912,0.8631665686132572,34.0,0,0,0
1828,6407,38,317,4286,1161,1,0.8210209678809929,0.841287930607052,0.7034925725579035,0.8007540051549338,88.0,0,0,0
1829,6407,38,31,4286,5484,1,0.8572678567526877,0.9999999999999999,0.8640446334515633,0.7145357135053754,16.0,0,0,0
1830,6407,38,257,4286,876,1,0.8905375531293327,0.9112435861305747,0.8331625239426418,0.8698315201280906,71.0,0,0,0
1831,6407,38,319,4286,1161,1,0.8210209678809928,0.8412879306070516,0.7034925725579019,0.8007540051549338,88.0,0,0,0
1832,6407,38,63,4286,5484,1,0.7968032249994654,0.7870714433280016,0.5617261361817781,0.8065350066709293,27.0,0,0,0
1833,6407,38,253,4286,876,0,0.8810030187492541,0.9035126144258184,0.8199387709111935,0.8584934230726897,70.0,0,0,0
1834,6407,38,193,4286,5484,1,0.8333307925315534,0.8548385398395021,0.7223284423503488,0.8118230452236048,54.0,0,0,0
1835,6407,38,126,4286,5484,1,0.7780069765435131,0.798676032431446,0.6564683027588777,0.7573379206555803,40.0,0,0,0
1836,6407,38,278,4286,5484,0,0.8673533891988278,0.9097845698992697,0.8218458162040702,0.8249222084983858,77.0,0,0,0
1837,6407,38,67,4286,5484,1,0.7968032249994654,0.7870714433280016,0.5617261361817756,0.8065350066709293,27.0,0,0,0
1838,6407,142,136,6354,3415,0,0.6106129751097265,0.6219651067455075,0.40459399858106565,0.5992608434739453,4.0,0,0,0
1839,6407,142,254,2687,6695,0,0.5,1.0,0.039587710403891495,0.0,1.0,1,1,1
1840,6407,142,221,6350,3415,1,0.5,1.0,0.026964271845688868,0.0,1.0,1,1,1
1841,6407,53,187,1077,1375,1,0.7348010145568059,0.9634890354862057,0.9295502589670015,0.5061129936274061,6.0,0,0,0
1842,6407,53,197,1077,7038,1,0.6867139710679607,0.9228989729724635,0.7874584423633461,0.45052896916345797,12.0,0,0,0
1843,6407,207,292,2290,4304,0,0.5,1.0,0.27072961488850145,0.0,2.0,1,1,1
1844,6407,207,293,2290,4304,0,0.5,1.0,0.2707296148884994,0.0,2.0,1,1,1
1845,6407,160,252,6354,2267,0,0.5,1.0,0.17637406352212676,0.0,1.0,1,1,1
1846,6407,160,299,5182,6354,0,0.5,1.0,0.9626178445230571,0.0,1.0,1,1,1
1848,6407,115,196,1077,1375,1,0.5,1.0,0.7070635498178701,0.0,1.0,1,1,1
1849,6407,98,106,1077,1375,0,0.0,0.0,0.0,0.0,1.0,1,1,1
1851,6407,123,317,1077,3790,0,0.5,0.46020384991597785,0.16857207627966847,0.5397961500840222,3.0,1,1,1
1852,536,160,102,5496,4408,0,0.7718641484443648,0.9137042809511338,0.8260200949687626,0.6300240159375958,6.0,0,0,0
1853,536,160,77,4408,5496,0,0.5,1.0,0.04947009763476693,0.0,1.0,1,1,1
1854,829,53,36,2290,0,1,0.5,1.0,0.9999999999994746,0.0,2.0,0,1,0
1855,829,160,34,3155,0,1,0.5,1.0,0.9999999999980392,0.0,1.0,1,1,1
1856,829,160,224,3155,3159,0,0.5,0.5214771608843751,0.10728416764361003,0.4785228391156249,7.0,1,1,1
1862,1173,156,113,2455,150,1,0.5,1.0,0.2238906609289319,0.0,1.0,1,1,1
1863,1173,156,344,2455,6504,1,0.6783913208775297,0.8275601599773119,0.3813802313746385,0.5292224817777476,6.0,0,0,1
1864,1173,127,36,6504,0,0,0.5,1.0,0.9999999999989999,0.0,1.0,1,1,1
1865,2676,53,264,863,359,0,0.5,1.0,0.3421925272094141,0.0,2.0,1,1,1
1866,2676,127,251,711,2300,0,0.5,1.0,0.6247482975889221,0.0,1.0,1,1,1
1867,2676,160,260,3155,0,0,0.5,1.0,0.9999999999431705,0.0,1.0,1,1,1
1869,6665,224,140,1145,4261,1,0.6690039586682119,0.567260292023308,0.25876631640770276,0.770747625313116,13.0,0,0,0
1870,6665,224,312,1145,4261,1,0.9026468284700138,0.9634430884625158,0.901798758023865,0.8418505684775117,40.0,0,0,0
1871,6665,224,107,1145,4261,1,0.848931797129969,0.9687707849066829,0.8756769443566961,0.7290928093532552,11.0,0,0,0
1872,6665,168,29,1145,0,1,0.5,1.0,0.9999999999989175,0.0,1.0,1,1,1
1874,1434,91,237,1145,6101,0,0.8331191263433531,0.8935069503595883,0.7809403320721006,0.7727313023271177,15.0,0,0,0
1875,1434,91,27,1145,0,1,0.5,1.0,0.9999999999994574,0.0,3.0,0,1,0
1876,1434,191,72,1145,4185,1,0.8080750387558775,0.8754225303204253,0.7271196762157045,0.7407275471913297,7.0,0,0,0
1877,1434,191,326,1145,4261,1,0.7756118852799818,0.9124981981166107,0.834294427201256,0.6387255724433528,32.0,0,0,0
1878,1434,191,243,1145,4261,0,0.827419201014346,0.888030831058081,0.7526476268195134,0.7668075709706109,24.0,0,0,0
1879,1434,191,134,1145,4185,1,0.7769266659535177,0.9752578512278091,0.9391502010333528,0.5785954806792262,15.0,0,0,0
1880,1434,38,255,1145,4261,1,0.8494915783962851,0.8896660734662942,0.7778482350393904,0.809317083326276,71.0,0,0,0
1881,1434,38,132,1145,4261,1,0.8175723215530983,0.8196216929706099,0.6521705483157393,0.8155229501355866,33.0,0,0,0
1882,1434,38,65,1145,4261,1,0.7573154348143187,0.8083994655380862,0.666107526256817,0.7062314040905513,13.0,0,0,0
1883,1434,38,169,1145,4261,1,0.7928087905635889,0.7409825805347381,0.5730031183945724,0.8446350005924397,39.0,0,0,0
1884,1434,38,274,1145,4261,1,0.8655598775187179,0.8742726737348012,0.7409096802834005,0.8568470813026346,76.0,0,0,0
1885,1434,38,102,1145,4261,1,0.746186174563737,0.6493848379049688,0.419223859620092,0.8429875112225054,25.0,0,0,0
1886,1434,38,322,1145,4261,1,0.8897523055159762,0.9467164829315848,0.8813397184062564,0.8327881281003675,91.0,0,0,0
1887,1434,38,128,1145,4261,1,0.7870194028021535,0.7894120021713819,0.6054095083739099,0.7846268034329251,31.0,0,0,0
1888,1434,38,271,1145,4261,1,0.8731914346470228,0.9070398401337384,0.8094974289524637,0.8393430291603071,74.0,0,0,0
1889,1434,143,93,1145,0,1,0.5,1.0,0.9999999999986272,0.0,1.0,1,1,1
1890,1434,156,195,1145,1928,0,0.7463718775783588,0.9756897875981579,0.9253500469360502,0.5170539675585596,19.0,0,0,0
1891,1434,156,354,1145,1971,1,0.8975044163554398,0.953514516900715,0.9065040401207313,0.8414943158101647,38.0,0,0,0
1892,1434,156,334,1145,1971,1,0.8330062516467363,0.9242622482771345,0.8520222641021425,0.7417502550163381,35.0,0,0,0
1893,1434,156,298,1145,1971,1,0.7798615765576407,0.900159201025476,0.8094168724942152,0.6595639520898053,33.0,0,0,0
1894,1434,156,231,1145,1928,1,0.8551489221086532,0.9861160488176451,0.9566726294160933,0.7241817953996612,22.0,0,0,0
1895,1434,202,48,1145,0,1,0.5,1.0,0.9999999999989175,0.0,1.0,1,1,1
1896,1434,202,193,1145,4185,1,0.6751577602546128,0.7445221682449857,0.5812241778740731,0.6057933522642399,8.0,0,0,0
1898,1434,56,127,1145,5114,1,0.5,0.7870237117458327,0.34292087164134505,0.21297628825416726,2.0,1,1,1
1899,1434,61,150,1145,4261,1,0.5,0.35337642875131087,0.09272682678692909,0.6466235712486892,6.0,1,1,1
1900,1434,160,340,1971,2996,0,0.5,1.0,0.5537907735908486,0.0,1.0,1,1,1
1901,1434,46,97,1145,0,1,0.5,1.0,0.999999999998293,0.0,1.0,1,1,1
1903,3922,142,343,6635,782,1,0.5,1.0,0.02969757256547019,0.0,1.0,1,1,1
1904,3922,142,110,1077,7110,0,0.5,0.8067847684197195,0.3112189941413444,0.19321523158028053,4.0,0,1,0
1905,3922,142,76,711,6787,0,0.5,1.0,0.06930149776934359,0.0,2.0,1,1,1
1907,3922,207,174,1077,4805,0,0.6413814590832734,1.0,0.8903768484727865,0.28276291816654675,2.0,0,0,1
1909,3922,127,160,1077,0,0,0.743818574170208,1.0,0.9999999999994773,0.48763714834041605,3.0,0,0,0
1910,3922,38,183,4271,6994,0,0.5,0.47009249839498835,0.1678648070776328,0.5299075016050117,4.0,1,1,1
1911,3922,38,290,1154,4271,0,0.6728718991895207,0.5776839924577342,0.2881391053305594,0.7680598059213073,10.0,0,0,0
1913,3922,169,155,6635,3262,0,0.5,1.0,0.6307481928250558,0.0,1.0,1,1,1
1914,3922,53,117,4992,1077,0,0.5,1.0,0.3156149455806636,0.0,1.0,1,1,1
1915,3922,53,336,1077,6635,0,0.5585659464695143,0.9012065841471748,0.6963233803947325,0.2159253087918539,10.0,0,0,0
1916,3922,53,171,1077,5395,0,0.6812195153208025,0.8317861368782004,0.5286056745246236,0.5306528937634046,8.0,0,0,0
1919,5037,141,78,2066,0,0,0.5,1.0,0.9999999999978776,0.0,1.0,1,1,1
1920,5037,141,250,1077,6410,0,0.0,0.0,0.0,0.0,1.0,1,1,1
1921,5037,0,95,1163,1171,0,0.7425756068586279,1.0,0.35534623958545886,0.4851512137172558,2.0,0,0,1
1922,5037,155,269,6410,1077,0,0.5,0.8231739749037476,0.6914248498101832,0.17682602509625245,5.0,0,1,0
1923,5037,155,279,6410,1077,1,0.6425111151090528,0.9387743665736885,0.8811706969776786,0.3462478636444172,8.0,0,0,0
1924,5037,155,259,6410,1077,1,0.5,0.8231739749037477,0.6914248498102397,0.17682602509625234,5.0,0,1,0
1925,5037,155,61,1077,3155,1,0.5,1.0,0.0912580400105926,0.0,2.0,1,1,1
1926,5037,142,114,3535,847,0,0.5,0.2777647685590816,0.10046120864370613,0.7222352314409184,6.0,1,1,1
1927,5037,142,185,2661,1077,0,0.5,0.5801676496415816,0.10977805086532293,0.41983235035841837,5.0,1,1,1
1928,5037,142,181,2661,3535,0,0.5,1.0,0.060152261305376604,0.0,3.0,1,1,1
1929,5037,142,162,3535,2077,1,0.626115426632097,0.6124888546942161,0.26161510513441505,0.6397419985699779,8.0,0,0,1
1930,5037,142,301,3262,3535,0,0.6532261470892242,0.7757899060884815,0.5539858073201711,0.530662388089967,12.0,0,0,0
1931,5037,56,142,6410,2704,0,0.6818964889942347,0.7362958460150454,0.43588073730656857,0.6274971319734239,12.0,0,0,0
1932,5037,56,290,6410,3262,0,0.6775311150424558,0.6323523075022914,0.3161164988881688,0.7227099225826201,22.0,0,0,0
1933,5037,56,200,6410,6785,0,0.769718606070354,0.8666658078730768,0.6915206795956013,0.6727714042676314,19.0,0,0,0
1934,5037,56,115,6410,2704,0,0.6191146337734028,0.6842504097220921,0.36016300894792275,0.5539788578247137,11.0,0,0,0
1935,5037,56,225,6410,6785,0,0.5,0.3272285957323686,0.18697939968775185,0.6727714042676314,19.0,0,1,0
1936,5037,160,94,6410,3262,1,0.5,0.5156627059268537,0.32841741417936654,0.4843372940731463,4.0,1,1,1
1937,5037,208,281,6410,2460,1,0.7360323306150383,0.8866845674491562,0.7237604136427216,0.5853800937809202,6.0,0,0,1
1938,5037,208,293,6410,2460,1,0.7812020610532013,0.9709577845689651,0.9210960451134537,0.5914463375374375,8.0,0,0,0
1939,5037,208,103,3262,6410,0,0.5,1.0,0.11681219567590236,0.0,1.0,1,1,1
1941,5037,127,215,3262,6410,1,0.5,0.3750836894667124,0.17871021359565786,0.6249163105332876,17.0,0,1,0
1942,5037,127,179,3262,3155,1,0.7814119595168542,0.8424104129954711,0.6474098695989725,0.7204135060382372,16.0,0,0,0
1943,5037,115,276,6410,3262,1,0.5,0.9054058267599413,0.035398304006072204,0.0945941732400587,7.0,1,1,1
1944,5037,6,198,6410,3669,1,0.8156472247252097,0.9747543412060123,0.8708079423909804,0.656540108244407,8.0,0,0,0
1945,5037,6,355,711,6410,0,0.5,1.0,0.25076943112968414,0.0,1.0,1,1,1
1946,5037,6,40,6410,0,1,0.6963839171629705,1.0,0.9999999999993295,0.3927678343259411,2.0,0,0,0
1947,5037,6,96,3262,6410,0,0.5,1.0,0.15529733399928386,0.0,1.0,1,1,1
1948,5037,196,162,3262,6410,0,0.5,1.0,0.3029520510651372,0.0,1.0,1,1,1
1949,5037,103,84,3262,6410,0,0.5952339812259306,0.5907585382170385,0.3064549036915006,0.5997094242348229,6.0,0,0,0
1950,5037,103,93,3262,6410,1,0.7686398250671271,0.7979958528369256,0.5847408630863989,0.7392837972973287,10.0,0,0,0
1951,5037,103,221,3262,6410,1,0.823997379547845,0.892252989656124,0.8020950988533144,0.755741769439566,24.0,0,0,0
1952,5037,103,184,3262,6410,1,0.815554750521547,0.800618934333524,0.6622121779793726,0.8304905667095699,20.0,0,0,0
1953,5037,103,276,3262,6410,1,0.6634556761883461,0.5300741426863312,0.31006690733827275,0.7968372096903609,25.0,0,0,1
1954,5037,61,20,6410,0,1,0.5,1.0,0.99999999999898,0.0,1.0,1,1,1
1955,5037,38,150,1163,4294,0,0.5,0.5185999915583814,0.12485832350736702,0.48140000844161857,6.0,1,1,1
1956,5037,38,152,1163,4294,0,0.5,0.5185999915583814,0.12485832350736556,0.48140000844161857,6.0,1,1,1
1957,5037,98,335,3635,6890,1,0.5,0.568874072230784,0.39750105926538504,0.431125927769216,2.0,0,0,1
1958,5037,202,293,3288,3262,0,0.5,1.0,0.6006410417151027,0.0,1.0,1,1,1
1959,5037,202,259,3262,0,0,0.6277560266261739,1.0,0.999999999997956,0.2555120532523477,2.0,0,0,1
1961,5037,53,79,3262,3825,1,0.702312466425306,1.0,0.6043359952713806,0.40462493285061196,3.0,0,0,0
1962,5037,156,282,3262,6410,0,0.5,0.40633194526985905,0.016389583219088875,0.593668054730141,10.0,1,1,1
1964,5037,222,326,6410,0,1,0.7246886622387241,1.0,0.9999999999993737,0.44937732447744827,4.0,0,0,0
1965,5037,85,226,3262,6410,0,0.5,1.0,0.9006050796938629,0.0,1.0,1,1,1
1966,5037,85,207,3262,6410,1,0.5,1.0,0.9006050796942616,0.0,1.0,1,1,1
1968,5037,191,292,6410,3262,1,0.779447327838511,0.9779013360203728,0.9459209893195788,0.5809933196566494,12.0,0,0,0
1969,6504,160,97,2455,6411,1,0.5,1.0,0.6125242344763208,0.0,1.0,1,1,1
1970,6504,160,180,4412,1513,0,0.5,1.0,0.06920392276142746,0.0,1.0,1,1,1
1972,6504,53,82,6411,2083,0,0.5,1.0,0.07613720309560318,0.0,1.0,1,1,1
1973,6504,53,240,5004,2915,0,0.5,0.8510385721118948,0.050898582977330034,0.14896142788810518,2.0,1,1,1
1974,6504,38,323,1736,1173,0,0.5,0.5346019613807635,0.0064848606471748825,0.46539803861923645,2.0,1,1,1
1975,6504,38,99,3927,6493,0,0.5,1.0,0.32026379009583716,0.0,2.0,1,1,1
1976,6504,207,269,2083,6411,0,0.5,1.0,0.4889758934946953,0.0,1.0,1,1,1
1977,6504,98,244,6411,2074,0,0.5,0.5833817616108394,0.21646681091209669,0.41661823838916057,2.0,1,1,1
1978,6504,142,172,3168,6805,0,0.5,1.0,0.05040595141188308,0.0,2.0,1,1,1
1980,6504,123,305,1077,2083,0,0.5,1.0,0.6395939746441082,0.0,1.0,1,1,1
1981,6504,115,240,2083,6411,1,0.5334861628701963,1.0,0.930979375221908,0.06697232574039269,3.0,0,0,0
1982,6504,115,106,6411,0,0,0.7144956609484386,1.0,0.9999999999990057,0.4289913218968773,4.0,0,0,0
1984,6504,150,266,1173,1513,1,0.5,1.0,0.5936249870855828,0.0,1.0,1,1,1
1986,5965,56,40,6792,0,1,0.5,1.0,0.999999999998,0.0,1.0,1,1,1
1987,5965,160,44,6792,0,1,0.5,1.0,0.9999999999978352,0.0,1.0,1,1,1
1988,5965,103,221,6795,0,0,0.5,1.0,0.9999999999957552,0.0,1.0,1,1,1
1989,5965,53,156,6795,2672,1,0.5,1.0,0.19549292259449572,0.0,1.0,1,1,1
1990,5965,53,152,6795,2672,1,0.5,1.0,0.1954929225945062,0.0,1.0,1,1,1
1992,4807,162,48,5137,0,1,0.5,1.0,0.9999999999989175,0.0,1.0,1,1,1
1993,4807,160,272,3762,2249,0,0.5,0.549428728477097,0.051839033098809315,0.450571271522903,3.0,1,1,1
1994,4807,53,122,1569,1417,0,0.5,1.0,0.18595109432684503,0.0,1.0,1,1,1
1995,4807,156,281,1779,3762,0,0.5,1.0,0.6395939746494059,0.0,1.0,1,1,1
1996,5370,191,273,2974,0,0,0.5,1.0,0.9999999999989999,0.0,1.0,1,1,1
1997,5370,56,37,6422,0,0,0.5,1.0,0.9999999999989596,0.0,1.0,1,1,1
1998,5370,53,41,5762,0,0,0.5,1.0,0.9999999999980778,0.0,1.0,1,1,1
1999,1188,224,248,4368,503,0,0.5,0.4673231886264976,0.18289522472219036,0.5326768113735024,6.0,0,1,1
2000,1188,224,269,503,4368,0,0.6625770935788963,0.8739621797753793,0.6913880903921326,0.4511920073824133,14.0,0,0,0
2001,1188,224,292,503,1321,0,0.6200182948954089,0.8026585030651802,0.5611028995795885,0.4373780867256378,18.0,0,0,0
2002,1188,224,243,4368,503,1,0.5,0.4673231886264976,0.1828952247221984,0.5326768113735024,6.0,0,1,1
2003,1188,224,294,503,1321,1,0.6200182948954089,0.80265850306518,0.3939092472943913,0.43737808672563794,18.0,0,0,0
2004,1188,224,344,503,1321,0,0.6037554821693112,0.6938960437273385,0.4535991012811746,0.513614920611284,19.0,0,0,0
2005,1188,229,111,5498,0,0,0.5809777885035968,1.0,0.9999999999989785,0.16195557700719365,2.0,0,0,1
2008,6749,160,203,2442,776,1,0.5,0.900985057517617,0.5590366570904809,0.09901494248238296,3.0,0,1,1
2009,6332,127,135,3262,680,0,0.5,1.0,0.5707019316237447,0.0,1.0,1,1,1
2010,6332,53,333,545,6514,1,0.5,1.0,0.3245026054029028,0.0,1.0,1,1,1
2011,6332,53,176,7038,1077,0,0.5,0.5049508894765015,0.3377486972982854,0.49504911052349854,2.0,1,1,1
2013,6332,160,270,649,3262,0,0.5,0.6109540155937901,0.3109038051531346,0.38904598440620985,4.0,1,1,1
2016,2617,53,252,5046,3380,0,0.5,0.711183790517692,0.001218840054570675,0.288816209482308,3.0,1,1,1
2017,2617,53,355,1115,2219,0,0.5,0.5049508894765015,0.0593428079897239,0.49504911052349854,2.0,1,1,1
2018,2617,103,252,3159,0,0,0.5,1.0,0.9999999999983915,0.0,1.0,1,1,1
2019,2617,160,225,4834,3159,0,0.5,1.0,0.01980161645202719,0.0,1.0,1,1,1
2021,2617,160,254,3159,2300,0,0.5,0.5247350488174024,0.06488495212892013,0.4752649511825976,2.0,1,1,1
2022,2617,155,348,3155,3159,0,0.7099241646468171,0.9290434476515841,0.6034423063996964,0.49080488164205005,8.0,0,0,0
2023,2262,169,307,3155,0,1,0.5,1.0,0.9999999999989596,0.0,1.0,1,1,1
2024,2262,127,141,1171,5395,0,0.5,1.0,0.8732688005185629,0.0,1.0,1,1,1
2025,2262,155,236,3733,0,0,0.5,1.0,0.9999999999986805,0.0,1.0,1,1,1
2026,5762,53,288,6556,999,0,0.5,1.0,0.07213540043330818,0.0,2.0,1,1,1
2027,5762,53,239,999,2695,0,0.5,0.911433635142039,0.2659801324320754,0.08856636485796099,6.0,1,1,1
2028,5762,127,308,545,2695,0,0.5,1.0,0.5871745871262971,0.0,1.0,1,1,1
2030,5244,53,173,5046,0,0,0.5,1.0,0.9999999999976567,0.0,1.0,1,1,1
2031,362,142,74,4748,6022,0,0.5,1.0,0.462180615538896,0.0,2.0,0,1,0
2032,362,142,197,3969,6022,0,0.5,0.5099008082260186,0.05270023212511324,0.4900991917739814,2.0,1,1,1
2033,362,142,130,3341,920,0,0.5,1.0,0.01564354309576024,0.0,3.0,1,1,1
2034,362,142,176,3969,3341,1,0.5,0.5099008082260186,0.059870080678773176,0.4900991917739814,2.0,1,1,1
2035,362,53,247,6407,2533,0,0.5,0.9134653406410783,0.01394917243850659,0.08653465935892168,2.0,1,1,1
2038,362,207,156,935,6293,1,0.5,1.0,0.26116359516971516,0.0,1.0,1,1,1
2040,3731,155,240,1077,3635,1,0.7450495958869907,1.0,0.9326703934306989,0.4900991917739813,4.0,0,0,0
2041,1179,156,72,3724,0,0,0.5,1.0,0.9999999999967187,0.0,1.0,1,1,1
2042,1179,86,107,3450,3780,0,0.5,1.0,0.43447416366647024,0.0,1.0,1,1,1
2043,1179,56,82,3450,5681,1,0.5,0.7252004253240047,0.051684383453421266,0.27479957467599525,2.0,1,1,1
2044,1179,56,86,3450,5681,0,0.6691540411011361,0.8718052088054136,0.4078054151077179,0.4665028733968585,3.0,0,0,0
2047,929,53,110,3262,5736,1,0.6685585877662495,0.8138962308076171,0.4174842313680158,0.523220944724882,4.0,0,0,0
2048,929,53,83,3262,711,0,0.5,0.7192508806637408,0.41741680088692806,0.28074911933625923,3.0,0,1,0
2049,929,123,272,818,1077,0,0.5,0.8784658009686397,0.19587853946311945,0.12153419903136031,3.0,1,1,1
2050,929,123,312,6890,818,0,0.5,1.0,0.09337171562722889,0.0,1.0,1,1,1
2051,929,142,120,371,2634,0,0.5,1.0,0.15712119150716247,0.0,1.0,1,1,1
2052,929,142,316,2300,3341,0,0.5,1.0,0.2579612098911067,0.0,3.0,0,1,0
2053,929,142,109,371,2634,1,0.5,1.0,0.15712119150718754,0.0,1.0,1,1,1
2054,929,169,174,1161,5395,0,0.5,1.0,0.22426307724032263,0.0,2.0,1,1,1
2055,929,169,315,818,3159,0,0.5,1.0,0.5806487423302905,0.0,1.0,1,1,1
2057,929,155,316,2290,6410,0,0.5,1.0,0.52572877747565,0.0,1.0,1,1,1
2058,929,38,59,930,0,0,0.5,1.0,0.9999999999988514,0.0,1.0,1,1,1
2059,929,38,301,1962,7001,0,0.5,1.0,0.5740474234907439,0.0,1.0,1,1,1
2060,929,127,67,3262,3159,0,0.5,1.0,0.00990177895299669,0.0,1.0,1,1,1
2061,929,98,54,2083,0,0,0.5,1.0,0.9999999999983266,0.0,1.0,1,1,1
2064,929,162,50,711,0,1,0.5,1.0,0.99999999999898,0.0,1.0,1,1,1
2065,5449,223,359,5665,5971,1,0.8810980650789438,1.0,0.9998558171128138,0.7621961301578877,35.0,0,0,0
2066,5449,223,291,5665,5971,1,0.8130181783254953,0.9999999999999998,0.9992914054839773,0.6260363566509908,17.0,0,0,0
2067,5449,38,328,3385,5665,0,0.5,1.0,0.07367594218236957,0.0,1.0,1,1,1
2068,5449,38,226,1970,7009,1,0.5,1.0,0.004596355548159067,0.0,1.0,1,1,1
2070,5449,168,290,5665,0,1,0.7425756068586279,1.0,0.9999999999994748,0.4851512137172558,2.0,0,0,0
2073,5449,222,265,5665,0,0,0.5,1.0,0.9999999999948255,0.0,1.0,1,1,1
2074,3727,160,153,1823,3726,0,0.6490668440591238,0.7241128311815723,0.5407432225436295,0.5740208569366754,11.0,0,0,0
2075,3727,160,188,1823,5452,1,0.751600555918821,0.7580494963607376,0.5906193707516362,0.7451516154769044,13.0,0,0,0
2076,3727,160,106,1823,1565,0,0.7211730333579083,0.7436916550001476,0.5508167069354097,0.698654411715669,7.0,0,0,0
2077,3727,160,300,1823,3463,0,0.5,0.292447286491632,0.13853784392134627,0.707552713508368,16.0,1,1,1
2078,3727,38,69,2614,2921,0,0.5,1.0,0.15712119150717685,0.0,1.0,1,1,1
2079,3727,6,126,4274,1183,0,0.5,1.0,0.27951968636926544,0.0,1.0,1,1,1
2080,3727,6,260,1823,4274,0,0.5687923303094967,0.9884265486731025,0.889086355421305,0.1491581119458909,3.0,0,0,0
2082,5913,53,322,3911,0,0,0.5,1.0,0.9999999999989999,0.0,1.0,1,1,1
2086,3378,160,128,5455,2427,1,0.8310093201922941,0.8783299434909403,0.6583575370573833,0.7836886968936481,7.0,0,0,0
2087,3378,160,126,5455,2427,0,0.8310093201922943,0.8783299434909405,0.6583575370573894,0.7836886968936481,7.0,0,0,0
2088,3378,65,112,5455,0,0,0.5,1.0,0.9999999999989999,0.0,1.0,1,1,1
2089,444,45,283,1188,0,1,0.5,1.0,0.9999999999993721,0.0,2.0,0,1,0
2093,876,160,115,8,0,0,0.5,1.0,0.9999999999977919,0.0,1.0,1,1,1
2095,5474,160,185,5395,1503,0,0.5,0.2080477967173324,0.004374732971642162,0.7919522032826676,21.0,1,1,1
2096,5474,160,339,5395,1503,1,0.5,0.2722046174466872,0.12689974287581898,0.7277953825533128,37.0,0,1,0
2097,5474,160,190,5395,1503,0,0.5,0.2087730654041895,0.011527826672891562,0.7912269345958105,22.0,1,1,1
2098,5474,160,55,1503,5395,0,0.5,0.34590842075813555,0.11144413121128198,0.6540915792418645,7.0,1,1,1
2099,5474,160,333,1503,5395,0,0.5,0.3376874632129138,0.044785008235360205,0.6623125367870861,33.0,1,1,1
2100,5474,160,60,1503,5395,0,0.5,0.3459084207581355,0.11144413121128069,0.6540915792418645,7.0,1,1,1
2101,5474,160,360,5395,1503,0,0.5,0.2722046174466872,0.12689974287581351,0.7277953825533128,37.0,0,1,1
2102,5474,160,337,5395,1503,0,0.5,0.32029775288938805,0.046206160303483415,0.679702247110612,36.0,1,1,1
2104,5474,222,114,1503,5395,0,0.5,1.0,0.63074819282485,0.0,1.0,1,1,1
2105,5474,6,306,1215,170,0,0.7450495958869907,1.0,0.9394054624696075,0.4900991917739813,2.0,0,0,1
2106,5474,38,176,1503,4283,1,0.5,0.3791397231014447,0.2091973813989054,0.6208602768985553,18.0,0,1,0
2108,5474,38,260,1503,4283,1,0.7314508398747503,0.7188232761166449,0.4348598223004734,0.7440784036328558,22.0,0,0,0
2109,5474,38,152,1503,4283,1,0.5877277201548116,0.38088981632171653,0.12909126218144545,0.7945656239879065,16.0,0,0,1
2110,5474,38,243,1503,4283,1,0.7314508398747503,0.7188232761166448,0.4348598223005074,0.7440784036328558,22.0,0,0,0
2111,5474,38,281,1503,4283,0,0.6108032108358408,0.5026622691391573,0.21701720192733426,0.7189441525325242,24.0,0,0,0
2112,5474,38,363,4283,1503,0,0.5,0.2182165598210228,0.09583995607939663,0.7817834401789772,26.0,1,1,1
2113,5474,38,101,1503,4283,1,0.6188349917988735,0.551248524474566,0.3435312588779964,0.686421459123181,13.0,0,0,0
2114,5474,38,241,1503,4283,0,0.7314508398747503,0.7188232761166449,0.43485982230051073,0.7440784036328558,22.0,0,0,0
2115,5474,38,183,1503,4283,1,0.5,0.37913972310144467,0.20919738139890082,0.6208602768985554,18.0,0,1,0
2116,5474,150,202,4770,5395,1,0.5,1.0,0.4015453708584864,0.0,1.0,1,1,1
2118,5474,229,146,4283,1061,0,0.5,0.5688740722307839,0.2747995746758442,0.4311259277692161,2.0,1,1,1
2119,5498,223,341,5686,1188,1,0.5,1.0,0.6706769016830091,0.0,1.0,1,1,1
2120,5498,223,251,1188,0,0,0.5,1.0,0.9999999999989999,0.0,1.0,1,1,1
2122,5498,160,92,4368,1739,0,0.7011267693513418,1.0,0.4812817337056731,0.40225353870268354,2.0,0,0,1
2123,5498,38,168,1188,0,1,0.7027869033425752,1.0,0.999999999998965,0.4055738066851504,4.0,0,0,1
2124,4220,151,211,1077,0,1,0.5,1.0,0.99999999999898,0.0,1.0,1,1,1
2126,1215,160,215,5395,4407,1,0.8174834670948075,0.9191147954013822,0.823260278023779,0.7158521387882326,36.0,0,0,0
2127,1215,160,238,5395,1990,0,0.7941852258811698,0.8233916885762074,0.6759767919619408,0.7649787631861322,37.0,0,0,0
2128,1215,160,340,5395,5474,1,0.6825235966237627,0.6843392707073697,0.43532094442238556,0.6807079225401558,45.0,0,0,0
2129,1215,160,118,5395,5474,0,0.8567607046503185,0.8992739310822558,0.7969162893421478,0.8142474782183812,25.0,0,0,0
2130,1215,160,248,5395,1990,1,0.8277275728468532,0.8521741571048276,0.7214286937785015,0.8032809885888788,38.0,0,0,0
2131,1215,160,120,5395,5474,0,0.8567607046503185,0.8992739310822557,0.7969162893421445,0.8142474782183812,25.0,0,0,0
2134,1215,156,19,5395,6012,1,0.5,1.0,0.02969757256546985,0.0,1.0,1,1,1
2136,5674,86,226,2445,5370,1,0.5,0.7734439308950211,0.6305817975836788,0.22655606910497894,2.0,0,0,1
2137,5674,86,227,2695,2445,0,0.5,1.0,0.4506210599867211,0.0,1.0,1,1,1
2138,5182,160,331,2442,4587,1,0.8243351422719885,0.8397971446990345,0.6885840240539329,0.8088731398449425,52.0,0,0,0
2139,5182,160,268,2442,6597,0,0.8558170558772134,0.8674365529382653,0.7194375898584732,0.8441975588161613,42.0,0,0,0
2140,5182,160,295,2442,2137,1,0.8456721511746307,0.8428595900087268,0.6680763106165454,0.8484847123405346,46.0,0,0,0
2141,5182,160,56,2442,4355,0,0.5981948307296956,0.7049006423875901,0.42792321107525083,0.4914890190718011,5.0,0,0,0
2142,5182,160,233,2442,1873,1,0.8720437206070626,0.9405102931421706,0.8581334336702219,0.8035771480719546,34.0,0,0,0
2143,5182,160,264,2442,6597,0,0.8416988430203673,0.8544561066445554,0.6961391519872453,0.8289415793961792,41.0,0,0,0
2145,5182,156,320,1161,1873,0,0.6642618944188723,0.9013397959683384,0.7989633825188978,0.4271839928694061,20.0,0,0,0
2146,5182,156,362,1161,1361,1,0.715475436509188,0.7569113217971403,0.5682118206497289,0.6740395512212358,22.0,0,0,0
2147,5182,156,34,1161,0,1,0.5,1.0,0.9999999999991549,0.0,2.0,0,1,0
2148,5182,87,261,2297,1161,0,0.5,1.0,0.33333333333229204,0.0,1.0,1,1,1
2150,5182,61,239,2442,0,0,0.5,1.0,0.9999999999876317,0.0,1.0,1,1,1
2151,5586,160,227,2404,1553,0,0.5,1.0,0.41827105470926446,0.0,1.0,1,1,1
2152,5665,160,274,1077,5449,1,0.5,1.0,0.00990177895299781,0.0,1.0,1,1,1
2153,5665,86,328,5449,1077,0,0.6533172360896358,0.6578091800631274,0.42387065648521294,0.648825292116144,18.0,0,0,0
2154,5665,86,274,1077,5449,0,0.5,0.6055300613533057,0.2375091128546353,0.39446993864669433,7.0,0,1,0
2155,5665,86,300,5449,1077,1,0.6390118597851724,0.6330293144635821,0.41257409628568614,0.6449944051067626,13.0,0,0,0
2156,5665,86,271,1077,5449,0,0.5,0.6841720414995582,0.17484589928683866,0.31582795850044176,5.0,1,1,1
2157,5665,103,286,954,0,0,0.5,1.0,0.9999999999987567,0.0,1.0,1,1,1
2158,5665,127,316,6476,954,0,0.5,1.0,0.03958771040387283,0.0,1.0,1,1,1
2159,5665,170,344,5449,5167,1,0.771560235708756,0.9515758833658128,0.8780182550874536,0.5915445880516992,26.0,0,0,0
2160,5665,170,273,5449,0,1,0.5325603869501085,1.0,0.9999999999997544,0.0651207739002172,7.0,0,0,0
2164,5453,38,211,4263,0,1,0.877626679989417,1.0,0.9999999999996896,0.7552533599788339,19.0,0,0,0
2165,5453,150,267,4263,1176,1,0.5,0.9463091098436359,0.6143094802586918,0.05369089015636408,6.0,0,1,0
2166,5453,150,315,4263,3262,0,0.657545944802308,0.7476564517456157,0.5249555777316269,0.5674354378590003,10.0,0,0,0
2167,4463,156,265,1361,1161,0,0.5,1.0,0.5876431772758726,0.0,1.0,1,1,1
2168,4463,156,208,1161,2442,1,0.5,0.854701730557733,0.03885939993405451,0.14529826944226698,3.0,1,1,1
2169,4463,160,330,776,6047,0,0.5,0.6461974497909082,0.05981993745276238,0.3538025502090918,3.0,1,1,1
2171,4463,6,258,1161,5091,0,0.5,0.9928342221412233,0.8787117784468967,0.007165777858776701,2.0,1,1,1
2173,6293,90,122,3341,920,1,0.5963600669362358,0.41400018470619543,0.2338093801123465,0.7787199491662762,36.0,0,0,0
2174,6293,90,207,3341,920,1,0.682467031164863,0.5722283597741958,0.3369978947797435,0.7927057025555301,48.0,0,0,0
2175,6293,90,172,3341,920,1,0.6414613690818298,0.5050578977683485,0.2721524588666273,0.7778648403953112,44.0,0,0,0
2176,6293,90,149,3341,920,1,0.6570606030628858,0.5099428266022522,0.29512242349620293,0.8041783795235193,41.0,0,0,0
2177,6293,90,363,3341,920,1,0.7871367670648999,0.7839818298460393,0.5234003343814738,0.7902917042837605,71.0,0,0,0
2178,6293,90,225,3341,920,0,0.7286079501495597,0.6625224122897359,0.4347768931007684,0.7946934880093836,52.0,0,0,0
2179,6293,90,345,3341,920,1,0.7143954852352155,0.8047649863379401,0.5931875728751288,0.6240259841324907,66.0,0,0,0
2180,6293,162,336,3341,4702,0,0.7224003274380694,0.9407631546568507,0.7282304550264642,0.5040375002192881,20.0,0,0,0
2181,6293,53,84,3341,920,0,0.5885237254867386,0.4498628320938723,0.27946867946052034,0.727184618879605,24.0,0,0,0
2182,6293,53,183,3341,920,0,0.6855382145731013,0.5547616016895518,0.32724578729155146,0.8163148274566507,42.0,0,0,0
2183,6293,53,74,3341,920,1,0.6148218957339208,0.48968997625863747,0.3183677779889616,0.739953815209204,21.0,0,0,0
2184,6293,53,323,3341,920,0,0.648336869966996,0.590562921341853,0.4109005601116495,0.706110818592139,61.0,0,0,0
2185,6293,53,50,3341,4702,0,0.6586746666671291,0.6946728274194467,0.45090774285898266,0.6226765059148116,15.0,0,0,0
2186,6293,53,254,3341,5311,0,0.6750796715628273,0.640286589611384,0.4307379849958808,0.7098727535142708,48.0,0,0,0
2187,6293,53,51,3341,4702,0,0.6586746666671293,0.6946728274194467,0.4509077428589819,0.6226765059148117,15.0,0,0,0
2188,6293,53,297,3341,5950,1,0.7021181849404929,0.7170329667530574,0.4675133723480492,0.6872034031279286,57.0,0,0,0
2189,6293,53,251,3341,5311,0,0.6750796715628273,0.6402865896113841,0.430737984995885,0.7098727535142707,48.0,0,0,0
2190,6293,53,12,3341,4702,0,0.5,0.7657983693652654,0.5825895250584854,0.23420163063473465,4.0,0,1,0
2191,6293,127,9,3341,920,1,0.5,0.7412942911676783,0.3133779419643221,0.2587057088323217,4.0,0,1,0
2192,6293,127,347,3341,920,1,0.5,0.287873056919463,0.07465152578611814,0.712126943080537,36.0,1,1,1
2193,6293,127,271,920,2083,0,0.5,0.44739249372654155,0.11878942978195986,0.5526075062734584,11.0,1,1,1
2194,6293,127,110,3341,920,0,0.644322003483125,0.6101136662751087,0.4343686810057739,0.6785303406911414,22.0,0,0,0
2195,6293,127,236,3495,3341,0,0.5,1.0,0.016324286009500026,0.0,2.0,1,1,1
2196,6293,127,170,3341,920,0,0.6560722594235712,0.6331847688602632,0.4576061162389516,0.6789597499868791,25.0,0,0,0
2197,6293,127,147,3341,920,0,0.716801428621817,0.6895640051055896,0.5220892226524206,0.7440388521380444,23.0,0,0,0
2198,6293,127,103,3341,920,0,0.644322003483125,0.6101136662751087,0.4343686810057791,0.6785303406911414,22.0,0,0,0
2199,6293,127,104,3341,920,0,0.6443220034831251,0.6101136662751088,0.4343686810057783,0.6785303406911414,22.0,0,0,0
2200,6293,127,92,3341,920,0,0.6594856033830571,0.674216985974091,0.3929766203629349,0.6447542207920232,21.0,0,0,0
2201,6293,169,243,3155,5311,0,0.5,1.0,0.8499045978350985,0.0,3.0,0,1,0
2202,6293,169,268,3155,2083,0,0.5,1.0,0.3492768495811116,0.0,3.0,0,1,1
2203,6293,103,63,3341,920,1,0.5,0.4281611438568871,0.21587766090706031,0.5718388561431129,4.0,1,1,1
2204,6293,160,338,3341,2922,0,0.5,0.5530453994453075,0.14627800492768314,0.4469546005546925,12.0,1,1,1
2205,6293,160,229,6785,3341,0,0.5,0.7717537561374441,0.0998446048362492,0.22824624386255588,6.0,1,1,1
2206,6293,160,360,5037,2922,0,0.5,0.48281688856873917,0.20955974527221063,0.5171831114312608,5.0,0,1,0
2207,6293,160,349,5037,3341,0,0.5,0.5469088849538013,0.015479805229414605,0.4530911150461987,3.0,1,1,1
2208,6293,160,259,5745,3155,0,0.5,0.3760402197316094,0.17636351170005055,0.6239597802683906,5.0,1,1,1
2209,6293,160,15,3155,2457,0,0.5,0.5148487862827442,0.01009783057754739,0.4851512137172558,2.0,1,1,1
2210,6293,160,114,3341,920,0,0.5,0.43064244174798894,0.2576364579068854,0.5693575582520111,6.0,0,1,0
2211,6293,115,287,3341,34,0,0.765419640687412,0.9368737451477609,0.774126504731227,0.593965536227063,24.0,0,0,0
2212,6293,115,58,3341,2315,0,0.6745838451888748,0.8053351780578774,0.5716041824875973,0.5438325123198724,4.0,0,0,0
2213,6293,156,24,2457,0,0,0.5,1.0,0.9999999999988284,0.0,1.0,1,1,1
2214,6293,142,104,3341,0,0,0.5,1.0,0.9999999999993271,0.0,2.0,0,1,0
2215,6293,56,166,2277,537,0,0.5,1.0,0.4889758934949405,0.0,1.0,1,1,1
2216,6293,158,324,3535,3495,1,0.5,1.0,0.781659695546464,0.0,1.0,1,1,1
2217,6293,155,286,2083,2290,0,0.5,0.6524977484700221,0.16355331102639406,0.34750225152997793,5.0,0,1,1
2218,6293,155,51,3159,5046,1,0.0,0.0,0.0,0.0,1.0,1,1,1
2219,6293,155,264,2083,2290,1,0.5,0.5492740211948661,0.3118014750630281,0.4507259788051339,4.0,0,1,0
2221,6293,155,53,3159,5046,1,0.0,0.0,0.0,0.0,1.0,1,1,1
2222,6293,155,257,2290,3495,0,0.5,0.9477280507050841,0.38689931268908395,0.052271949294915854,7.0,0,1,0
2224,6293,207,147,3341,2277,0,0.5,0.4580951643989494,0.2924289052402541,0.5419048356010506,5.0,1,1,1
2226,2300,53,50,2290,883,0,0.5,1.0,0.009901778952997462,0.0,1.0,1,1,1
2227,2300,53,41,711,46,1,0.5,1.0,0.13774814446148798,0.0,1.0,1,1,1
2228,2300,53,287,711,2313,1,0.6843764724858163,0.8052811564258682,0.34501053751195127,0.5634717885457645,15.0,0,0,0
2229,2300,115,290,3990,359,0,0.5,1.0,0.0882052460337243,0.0,1.0,1,1,1
2230,2300,115,350,359,7038,1,0.5,0.9377198452905686,0.30888559850166375,0.06228015470943138,3.0,1,1,1
2231,2300,162,137,711,5148,1,0.5,1.0,0.039587710403894597,0.0,1.0,1,1,1
2232,2300,127,114,2290,359,0,0.6554774721961559,0.6900132674489333,0.42072177860455984,0.6209416769433785,4.0,0,0,1
2233,2300,127,254,3159,2290,1,0.5,0.5049508894765016,0.3227763875626533,0.4950491105234984,2.0,1,1,1
2234,2300,127,342,929,2596,0,0.5,0.7751063210759834,0.11556149549887726,0.22489367892401657,4.0,1,1,1
2235,2300,169,59,2658,5613,0,0.0,0.0,0.0,0.0,1.0,1,1,1
2236,2300,169,195,2446,5175,0,0.5,1.0,0.5221546603293515,0.0,2.0,0,1,1
2237,2300,160,252,2290,3159,1,0.6879323521852838,0.7146837833161486,0.5325700527781132,0.6611809210544191,41.0,0,0,0
2238,2300,160,137,2290,359,0,0.7737004379544035,0.8162652334624124,0.66083633329758,0.7311356424463946,24.0,0,0,0
2239,2300,160,320,2290,3159,1,0.7743488556984482,0.7138119698588818,0.5343608052084308,0.8348857415380146,52.0,0,0,0
2240,2300,160,231,2290,4383,0,0.6977355702482535,0.8725723636642795,0.7395457825886843,0.5228987768322275,35.0,0,0,0
2242,2300,103,210,3159,359,0,0.5,1.0,0.2611635951698548,0.0,1.0,1,1,1
2243,2300,103,320,2317,2617,0,0.5,1.0,0.24261666140320837,0.0,1.0,1,1,1
2244,2300,103,41,46,0,0,0.5,1.0,0.9999999999986541,0.0,1.0,1,1,1
2245,2300,142,144,359,3792,0,0.5,1.0,0.11826912311831472,0.0,1.0,1,1,1
2246,2300,142,84,2659,711,0,0.5,1.0,0.019801616452014965,0.0,1.0,1,1,1
2247,2300,155,255,5004,1341,0,0.5,1.0,0.13624216576607368,0.0,4.0,1,1,1
2248,2300,155,128,4304,711,0,0.5,0.5197938552019579,0.20050883732420885,0.48020614479804213,2.0,1,1,1
2249,2300,155,343,3495,2596,1,0.5,1.0,0.23737099480045762,0.0,4.0,0,1,0
2250,2300,56,142,4415,501,0,0.5,1.0,0.4304690564224918,0.0,2.0,0,1,0
2251,2300,90,218,359,711,0,0.5,0.3305621789159876,0.13778867686335222,0.6694378210840124,6.0,1,1,1
2252,1946,53,145,6156,1416,0,0.5,1.0,0.07905153228866892,0.0,1.0,1,1,1
2253,1946,53,153,6156,1416,0,0.5,1.0,0.07905153228865998,0.0,1.0,1,1,1
2255,1946,127,257,1077,6156,0,0.5,1.0,0.4100676231107583,0.0,1.0,1,1,1
2256,2083,142,41,150,3459,0,0.6351814124129636,0.8126742592571004,0.6044295656382904,0.45768856556882676,8.0,0,0,0
2257,2083,142,261,6293,2266,0,0.5,0.5737244051811553,0.2616705976081304,0.4262755948188447,2.0,1,1,1
2258,2083,142,128,3341,5965,0,0.5,0.8109578903630482,0.3386813579717759,0.18904210963695178,5.0,0,1,0
2259,2083,142,126,3341,6795,0,0.5,0.8109578903630482,0.5138115616775302,0.18904210963695178,5.0,0,1,0
2260,2083,142,245,6293,29,0,0.5,1.0,0.03864117561086777,0.0,1.0,1,1,1
2261,2083,142,237,29,3341,1,0.5,0.940532959756383,0.350671896874877,0.05946704024361704,3.0,1,1,1
2262,2083,115,292,6504,6823,1,0.7697206753582184,1.0,0.9098063983739226,0.539441350716437,4.0,0,0,0
2263,2083,115,152,785,6568,0,0.0,0.0,0.0,0.0,1.0,1,1,1
2265,2083,53,233,3341,1370,0,0.5,0.8722507855150285,0.5178126359345052,0.12774921448497145,2.0,1,1,1
2266,2083,53,124,3341,2657,1,0.5,1.0,0.06920392276148778,0.0,1.0,1,1,1
2268,2083,169,126,4383,929,0,0.5,1.0,0.029697572565388377,0.0,1.0,1,1,1
2269,2083,123,62,6504,6411,1,0.5,1.0,0.48927418925727506,0.0,2.0,0,1,0
2271,2906,160,285,5565,925,0,0.5,1.0,0.02497064823581818,0.0,2.0,1,1,1
2272,2906,160,313,2922,2460,0,0.5,1.0,0.029697572565465836,0.0,1.0,1,1,1
2273,2906,160,299,2922,2460,0,0.5,1.0,0.02969757256547134,0.0,1.0,1,1,1
2274,2906,156,54,4723,6785,0,0.5,1.0,0.10849439921285764,0.0,1.0,1,1,1
2275,2906,156,321,6823,2671,0,0.5,1.0,0.10859128931490834,0.0,2.0,1,1,1
2277,6805,127,19,6411,0,1,0.5,1.0,0.9999999999986541,0.0,1.0,1,1,1
2278,6805,160,346,6504,2290,0,0.6277183658456011,0.6829067219274458,0.3324860774008907,0.5725300097637565,12.0,0,0,1
2279,6805,160,361,6504,2455,1,0.6376281132954549,0.6313368103091074,0.26331200855279807,0.6439194162818023,13.0,0,0,1
2280,6805,160,38,6504,2786,0,0.5,1.0,0.15231259126788207,0.0,2.0,1,1,1
2281,6805,160,294,6504,2455,1,0.5,0.4813644690903459,0.12880553139723971,0.5186355309096541,10.0,1,1,1
2282,6805,160,291,6504,2455,1,0.5,0.4813644690903459,0.1288055313972422,0.5186355309096541,10.0,1,1,1
2283,6805,155,127,6504,6411,1,0.5,0.559134561559201,0.07367971390957731,0.44086543844079895,2.0,1,1,1
2284,6805,155,6,6411,0,1,0.5,1.0,0.99999999999898,0.0,1.0,1,1,1
2285,6805,155,83,6504,1375,0,0.5,1.0,0.20499788146857978,0.0,1.0,1,1,1
2286,6805,53,336,6293,2251,1,0.5,1.0,0.1763740635242975,0.0,1.0,1,1,1
2287,6805,169,276,4786,2455,0,0.5,1.0,0.06920392276149004,0.0,1.0,1,1,1
2288,3994,160,60,5395,0,1,0.836303791411011,1.0,0.9999999999996525,0.6726075828220219,4.0,0,0,0
2289,3994,160,310,5395,6304,1,0.8203952355788425,0.9837451522986438,0.9537626598704156,0.6570453188590413,14.0,0,0,0
2291,6411,142,119,6805,2798,0,0.5,0.853531774909243,0.1279909143947998,0.14646822509075696,4.0,1,1,1
2293,6411,178,253,1077,2083,1,0.5,1.0,0.6760888459850348,0.0,1.0,1,1,1
2294,6411,127,126,2083,6504,1,0.5,0.9534779680112031,0.9076657811869862,0.0465220319887969,3.0,0,1,0
2296,1466,168,264,1122,0,1,0.7057697107689123,1.0,0.9999999999993877,0.4115394215378244,3.0,0,0,0
2297,6823,142,113,6566,3399,0,0.5,0.529671403994872,0.2153055529974617,0.470328596005128,2.0,1,1,1
2298,6823,142,349,6795,2697,0,0.5,0.5148487862827443,0.07395895471552355,0.48515121371725567,2.0,1,1,1
2299,6823,142,40,3873,6155,0,0.0,0.0,0.0,0.0,1.0,1,1,1
2300,6823,180,68,5736,0,1,0.5,1.0,0.9999999999997878,0.0,5.0,0,1,0
2301,6823,202,328,5736,0,1,0.6710741946208043,1.0,0.9999999999996146,0.34214838924160873,3.0,0,0,0
2303,6823,6,190,5736,1182,1,0.6269173386858706,1.0,0.85117850764995,0.25383467737174137,5.0,0,0,0
2304,6823,160,265,2823,0,0,0.5,1.0,0.9999999999797078,0.0,1.0,1,1,1
2306,6823,98,254,1918,2459,0,0.5,1.0,0.05934280798952925,0.0,1.0,1,1,1
2307,6823,98,150,3995,3155,0,0.5,1.0,0.38505930780030845,0.0,1.0,1,1,1
2309,6823,38,188,1182,1183,1,0.7181960290941669,0.8180529071517413,0.6847945559108711,0.6183391510365925,7.0,0,0,0
2310,6823,38,11,6711,0,0,0.5,1.0,0.9999999999987567,0.0,1.0,1,1,1
2311,6823,38,173,1182,1183,0,0.6720746441953591,0.705748710002852,0.5354309244231596,0.6384005783878661,6.0,0,0,0
2312,6823,115,322,669,2083,1,0.5,1.0,0.9454806178810851,0.0,2.0,0,1,0
2313,6823,162,343,669,0,0,0.5,1.0,0.9999999999989999,0.0,1.0,1,1,1
2315,5385,157,223,4702,1077,1,0.5,1.0,0.029697572565472855,0.0,1.0,1,1,1
2316,5385,53,106,6293,0,1,0.5,1.0,0.99999999999898,0.0,1.0,1,1,1
2319,3154,53,126,3380,4105,0,0.5,1.0,0.04947009763477774,0.0,1.0,1,1,1
2320,3154,53,57,151,5036,0,0.5,1.0,0.14744881036222598,0.0,1.0,1,1,1
2322,5556,98,280,3155,0,1,0.7425756068586279,1.0,0.9999999999243,0.4851512137172558,2.0,0,0,1
2324,5556,53,296,3149,2097,0,0.5,1.0,0.009901778952998064,0.0,1.0,1,1,1
2326,2154,115,339,6293,0,1,0.5,1.0,0.9999999999989596,0.0,1.0,1,1,1
2327,2154,127,309,733,5943,1,0.5,0.9035995296186359,0.04075981010128849,0.09640047038136412,2.0,1,1,1
2328,2154,160,355,6284,6430,0,0.5,1.0,0.03958771040389384,0.0,1.0,1,1,1
2329,2154,53,332,1846,4553,0,0.5,1.0,0.3022016335563237,0.0,2.0,1,1,1
2330,2154,155,356,3159,5421,1,0.5,1.0,0.42640681545813813,0.0,1.0,1,1,1
2331,4239,38,301,5484,4286,0,0.5,0.8270027336439048,0.3055661047703349,0.17299726635609525,2.0,1,1,1
2332,4239,38,297,5484,4286,0,0.5,0.8270027336439049,0.3055661047703631,0.17299726635609514,2.0,1,1,1
2333,4239,191,177,2454,4286,0,0.5,1.0,0.40179730150077614,0.0,1.0,1,1,1
2334,4239,61,357,1906,6407,0,0.5,0.9987522245345598,0.8127329433279297,0.001247775465440193,3.0,0,1,0
2335,4239,227,56,6407,0,1,0.5,1.0,0.99999999999898,0.0,1.0,1,1,1
2336,4412,222,139,6411,6792,0,0.5,0.8440693044362868,0.46565116454356276,0.1559306955637132,5.0,0,1,0
2337,4412,222,17,6792,6411,0,0.5,1.0,0.06920392276148855,0.0,1.0,1,1,1
2338,4412,222,302,6411,1064,1,0.5,0.7799798610722704,0.1768505423719297,0.22002013892772965,7.0,1,1,1
2342,2175,142,328,7038,3411,0,0.5,0.5368819765770391,0.1397493330574612,0.46311802342296093,4.0,1,1,1
2344,2175,139,316,5004,3159,0,0.5,1.0,0.2703662113743017,0.0,1.0,1,1,1
2345,2661,127,129,150,1941,0,0.5,1.0,0.33333333333308307,0.0,1.0,1,1,1
2346,2661,127,126,150,1941,1,0.5,1.0,0.33333333333309745,0.0,1.0,1,1,1
2347,2661,127,128,150,1941,0,0.5,1.0,0.333333333333088,0.0,1.0,1,1,1
2348,2661,53,313,7038,1077,1,0.5,0.9611447282117309,0.009912712557864972,0.038855271788269086,2.0,1,1,1
2349,2661,155,184,6410,5037,1,0.5,0.6151007672201835,0.24313854092787118,0.3848992327798165,7.0,0,1,0
2350,2661,155,183,6410,5037,0,0.5,0.6151007672201835,0.24313854092787177,0.3848992327798165,7.0,0,1,0
2351,2661,155,123,2290,669,0,0.5,1.0,0.11340870208088054,0.0,2.0,1,1,1
2352,2661,155,179,6410,5037,1,0.5,0.5765603355253377,0.06413669689262363,0.4234396644746623,4.0,1,1,1
2353,2661,169,306,18,146,0,0.5,1.0,0.8622195149093382,0.0,3.0,0,1,1
2356,2805,156,341,4451,4019,0,0.5,1.0,0.5328566909483001,0.0,1.0,1,1,1
2359,4478,160,148,4415,6635,0,0.6307905743223496,0.699333739342234,0.4771473534162876,0.5622474093024652,4.0,0,0,1
2360,4478,160,180,6635,4415,0,0.5,0.4731194960112549,0.1490062832929795,0.5268805039887451,5.0,1,1,1
2361,4478,53,148,4919,5565,0,0.0,0.0,0.0,0.0,1.0,1,1,1
2365,6704,127,90,5395,0,0,0.5,1.0,0.9999999999989999,0.0,1.0,1,1,1
2366,101,160,72,1297,4539,0,0.5,1.0,0.41827105470931275,0.0,1.0,1,1,1
2367,101,160,97,466,497,0,0.5,1.0,0.3217365299992263,0.0,2.0,1,1,1
2369,4594,160,174,6293,3133,0,0.5,0.7132034077292241,0.0575601879754387,0.2867965922707759,2.0,1,1,1
2370,4594,160,271,5745,3133,0,0.5,0.9922480620155039,0.014907603837781742,0.007751937984496138,2.0,1,1,1
2371,4594,160,103,1115,5745,0,0.5,1.0,0.48140494790299615,0.0,1.0,1,1,1
2372,4594,53,323,6890,1755,1,0.5,1.0,0.059342807989710686,0.0,1.0,1,1,1
2373,3911,160,168,3155,956,1,0.7506074949491344,0.8043426552018412,0.6006394615340747,0.6968723346964276,13.0,0,0,0
2374,3911,160,40,3155,733,1,0.5903630116650909,0.8457540263082173,0.5139827921311984,0.33497199702196456,6.0,0,0,0
2375,3911,160,181,3155,956,1,0.8056936678555362,0.9173712072545259,0.8093529163041695,0.6940161284565466,15.0,0,0,0
2377,3911,53,260,2230,2290,0,0.5,1.0,0.23899331624338202,0.0,1.0,1,1,1
2378,2417,156,239,211,0,1,0.5,1.0,0.99999999999898,0.0,1.0,1,1,1
2379,2417,160,356,533,2290,0,0.5,1.0,0.308153306234083,0.0,1.0,1,1,1
2380,5390,157,301,5441,0,0,0.5,1.0,0.9999999999979192,0.0,1.0,1,1,1
2381,5390,157,339,1189,4313,0,0.0,0.0,0.0,0.0,2.0,1,1,1
2382,5390,53,321,3341,3977,1,0.5,1.0,0.6336033843375553,0.0,3.0,0,1,0
2383,5390,115,261,3977,0,1,0.5,1.0,0.99999999999898,0.0,1.0,1,1,1
2384,5390,160,222,1943,3262,0,0.5,1.0,0.3156149455804881,0.0,1.0,1,1,1
2385,6785,159,344,4484,1641,0,0.5,0.9879490147622557,0.7173804527110702,0.012050985237744283,3.0,0,1,0
2386,6785,159,94,416,6504,0,0.5,0.7664283454743543,0.4053799000439275,0.23357165452564566,2.0,1,1,1
2387,6785,169,314,3515,5182,0,0.5,0.7717127414383617,0.4230608623942284,0.22828725856163834,3.0,0,1,0
2388,6785,169,204,3159,5137,0,0.5,0.5282589658135121,0.17852129547896786,0.47174103418648794,5.0,1,1,1
2389,6785,169,95,244,6360,0,0.5,1.0,0.05934280798970998,0.0,1.0,1,1,1
2390,6785,53,34,2786,150,0,0.5,1.0,0.15231259126789423,0.0,2.0,1,1,1
2391,6785,53,180,3155,4333,0,0.5,0.5395257661443605,0.19699975382063703,0.46047423385563946,2.0,1,1,1
2392,6785,53,202,2786,4463,0,0.5,0.8912446650014673,0.008057459347851448,0.10875533499853274,4.0,1,1,1
2393,6785,177,345,2000,5326,0,0.5,1.0,0.274971838358648,0.0,2.0,1,1,1
2394,6785,177,217,146,4064,0,0.680120078407638,1.0,0.6790556163520692,0.3602401568152761,2.0,0,0,1
2395,6785,177,283,2000,5326,0,0.5,1.0,0.2749718383588934,0.0,2.0,1,1,1
2396,6785,56,221,5037,1297,1,0.5871614455664165,0.7031369477934889,0.45593508703671376,0.47118594333934405,14.0,0,0,0
2397,6785,56,200,5037,776,1,0.5,0.7322883405736553,0.5058985796143738,0.2677116594263447,11.0,0,1,0
2398,6785,56,114,5037,776,0,0.7326337696709198,1.0,0.384682757338495,0.4652675393418394,6.0,0,0,0
2399,6785,56,110,5037,776,0,0.7326337696709198,1.0,0.3846827573385004,0.4652675393418394,6.0,0,0,0
2401,6785,160,258,6411,2457,0,0.5,0.7436812390582871,0.15186308521459077,0.2563187609417129,5.0,1,1,1
2402,6785,160,201,4319,6411,0,0.5,1.0,0.0423913251767896,0.0,1.0,1,1,1
2403,6785,156,323,2455,6504,0,0.5,0.8378516956715214,0.09461866677724247,0.1621483043284786,3.0,1,1,1
2404,6785,156,238,5965,1173,0,0.5,0.9449012016080286,0.3626089879956245,0.055098798391971404,3.0,0,1,1
2405,6785,156,289,1181,5147,0,0.5,0.6265885607934822,0.2575092159097374,0.37341143920651776,3.0,1,1,1
2406,6785,145,322,288,1188,0,0.5,0.7854005463319103,0.4273563125179619,0.21459945366808975,5.0,0,1,0
2407,6785,145,216,3155,776,0,0.5,0.865594892398016,0.012657798999636878,0.134405107601984,3.0,1,1,1
2408,6785,157,328,1161,1148,0,0.5,0.49934271965487104,0.2150917040402169,0.500657280345129,4.0,1,1,1
2411,6785,18,219,3762,5173,0,0.6744607287174755,1.0,0.8601423735234127,0.3489214574349512,3.0,0,0,0
2413,6785,61,155,2083,5327,1,0.5,1.0,0.48140494790319854,0.0,1.0,1,1,1
2414,6785,103,316,3155,1759,0,0.7343577089664817,0.9718137939410091,0.9164856604208548,0.49690162399195414,7.0,0,0,1
2418,671,156,12,1873,558,0,0.5,1.0,0.08888373742522068,0.0,1.0,1,1,1
2419,1060,224,303,5451,3211,1,0.8077037318211879,0.9635270675659096,0.895937152962305,0.6518803960764662,10.0,0,0,0
2420,1060,224,100,5451,6302,0,0.5,1.0,0.3808552891752421,0.0,2.0,0,1,1
2421,1060,168,313,3211,5451,1,0.5,0.8559903096661178,0.07759183309512944,0.14400969033388222,2.0,1,1,1
2422,2266,127,42,3341,3155,0,0.5,1.0,0.19558721897181283,0.0,2.0,1,1,1
2423,2266,53,61,2273,2457,0,0.5,0.6513679467462599,0.05120989638573673,0.34863205325374014,3.0,1,1,1
2424,2266,53,60,2273,2457,0,0.5,0.6513679467462599,0.05120989638573723,0.34863205325374014,3.0,1,1,1
2425,2266,160,322,3155,6293,0,0.5,0.39902429518994786,0.23780231632982027,0.6009757048100521,13.0,0,1,0
2426,2266,160,137,6293,5036,0,0.697225816730412,0.5677160066049963,0.3065984727097582,0.8267356268558276,13.0,0,0,0
2427,2266,160,209,6293,6785,0,0.5,0.487558808832885,0.13876975255550678,0.512441191167115,14.0,1,1,1
2428,2266,160,65,6293,3155,0,0.6932893564941898,0.7978166001271572,0.4716545792550303,0.5887621128612224,6.0,0,0,0
2429,2266,160,356,5037,6293,0,0.5,0.5708868593221164,0.32976086402124627,0.42911314067788364,6.0,0,1,0
2430,2266,160,120,6293,5036,0,0.6491250757548536,0.47711943292073883,0.21809152985013264,0.8211307185889682,12.0,0,0,0
2431,2266,160,50,6293,3155,0,0.5,0.4546309332733987,0.016051015691799207,0.5453690667266013,3.0,1,1,1
2432,2266,160,62,6293,3155,0,0.6077696220238911,0.7414420626354375,0.3706909412200847,0.47409718141234447,5.0,0,0,0
2433,2266,160,234,6293,3262,0,0.6332043124821578,0.5605475941396761,0.22678324397688224,0.7058610308246396,16.0,0,0,0
2434,2266,160,188,3155,6293,0,0.5,0.3925376409303079,0.05643188469121311,0.6074623590696921,7.0,1,1,1
2435,2266,155,216,3213,721,0,0.5,1.0,0.18595109432662113,0.0,1.0,1,1,1
2438,2266,56,293,5036,3262,0,0.5,0.9672805565511938,0.04630651421014009,0.032719443448806174,2.0,1,1,1
2440,2266,156,105,2290,6785,1,0.5,1.0,0.12802097993885117,0.0,1.0,1,1,1
2441,2266,115,311,6366,3341,0,0.5,1.0,0.8912352673778312,0.0,1.0,1,1,1
2443,2266,174,289,3159,0,1,0.5,1.0,0.99999999999898,0.0,1.0,1,1,1
2445,6396,169,154,929,0,0,0.5,1.0,0.9999999999977026,0.0,1.0,1,1,1
2447,5433,6,164,1027,1040,1,0.5,1.0,0.5537907735910366,0.0,1.0,1,1,1
2448,5433,160,359,929,6360,1,0.6416385204338645,0.6092513884877337,0.2858062469619175,0.6740256523799952,11.0,0,0,1
2449,5433,160,204,929,1347,0,0.7079407183520523,0.8936037589199131,0.5349907548984444,0.5222776777841915,5.0,0,0,0
2450,5433,160,331,929,930,0,0.6416385204338644,0.6092513884877336,0.30855168747976336,0.6740256523799952,11.0,0,0,0
2452,5433,144,295,929,0,1,0.5,1.0,0.9999999999715852,0.0,1.0,1,1,1
2454,6291,160,127,4408,1115,1,0.5,0.5628235225946109,0.2705827263643005,0.4371764774053891,6.0,0,1,0
2455,6291,160,56,4408,0,0,0.5,1.0,0.999999999998293,0.0,1.0,1,1,1
2456,6291,160,335,988,5745,0,0.5,1.0,0.029697572565460156,0.0,1.0,1,1,1
2457,6291,53,82,6293,4408,0,0.5,0.6351831056874558,0.1174532402577315,0.36481689431254416,2.0,1,1,1
2458,6291,155,89,3495,0,0,0.5,1.0,0.9999999999967187,0.0,1.0,1,1,1
2459,6291,90,117,1115,0,1,0.5923129517936074,1.0,0.999999999999126,0.18462590358721487,4.0,0,0,0
2460,6291,115,85,1115,0,1,0.5,1.0,0.99999999999898,0.0,1.0,1,1,1
2461,4316,160,262,2290,2417,1,0.5,0.7205822221192006,0.445409903684303,0.27941777788079936,7.0,0,1,0
2462,4316,160,292,2290,2417,1,0.6722069518178491,0.8664477631128417,0.6900583656482533,0.4779661405228566,9.0,0,0,0
2465,231,53,71,1085,0,1,0.5,1.0,0.99999999999898,0.0,1.0,1,1,1
2466,5736,98,334,3155,6504,1,0.6034959848051108,0.8039307769979421,0.6544147426021143,0.40306119261227946,9.0,0,0,0
2467,5736,98,106,3155,6504,1,0.5,1.0,0.11826912311833315,0.0,1.0,1,1,1
2468,5736,142,194,3155,6795,0,0.7425756068586279,1.0,0.35227105090356026,0.4851512137172558,2.0,0,0,1
2469,5736,53,354,6823,3155,0,0.5,0.5335847824763431,0.039308887606891794,0.4664152175236569,4.0,1,1,1
2471,2445,87,239,2974,0,1,0.5,1.0,0.99999999999898,0.0,1.0,1,1,1
2472,2445,53,134,3155,6585,0,0.5,1.0,0.1954929225945135,0.0,1.0,1,1,1
2474,2445,103,142,6585,4362,0,0.6385192823119921,0.8772015017668449,0.7050287990304838,0.3998370628571394,7.0,0,0,0
2476,545,156,103,5584,0,0,0.5,1.0,0.9999999999962681,0.0,2.0,0,1,1
2477,545,127,299,1077,1167,0,0.6319999670756651,0.8922444721005132,0.7192073055874372,0.3717554620508169,7.0,0,0,0
2478,545,127,319,1077,7038,0,0.5,0.681332513900621,0.40545219263398674,0.318667486099379,8.0,0,1,0
2480,545,53,340,45,711,0,0.6153288136490571,0.6016699964116231,0.30251413943620314,0.628987630886491,17.0,0,0,0
2481,545,53,333,45,711,0,0.612128926058213,0.508732195393708,0.2045056645017361,0.715525656722718,16.0,0,0,0
2482,545,53,319,45,711,0,0.5,0.366712501123475,0.08028965248017801,0.633287498876525,15.0,1,1,1
2483,545,53,196,45,566,1,0.5,0.7426091279270757,0.4037816490579649,0.2573908720729243,3.0,0,1,0
2484,545,53,264,45,711,1,0.5,0.34996015149607623,0.15675155588348316,0.6500398485039238,11.0,0,1,0
2485,545,53,191,920,6269,0,0.5,1.0,0.06920392276149004,0.0,1.0,1,1,1
2486,545,155,314,1077,146,1,0.6392234758350868,0.7611533096738803,0.3994092044534351,0.5172936419962932,13.0,0,0,0
2487,545,155,302,1077,146,1,0.590032509925356,0.8463181792919754,0.6738718024204988,0.3337468405587366,6.0,0,0,0
2489,545,207,304,45,3341,0,0.8068871631259259,0.9748333979822834,0.9323185179989775,0.6389409282695684,16.0,0,0,0
2490,545,207,194,45,0,1,0.6081573423346089,1.0,0.9999999999992005,0.21631468466921788,2.0,0,0,0
2491,545,103,195,45,0,1,0.5,1.0,0.9999999999988284,0.0,1.0,1,1,1
2492,545,162,334,3290,0,0,0.5,1.0,0.9999999999989999,0.0,1.0,1,1,1
2493,545,160,191,1923,45,0,0.5,0.411661129506158,0.027881847835195574,0.5883388704938419,3.0,1,1,1
2494,545,160,304,146,45,0,0.7690621472011481,0.8093166782601154,0.6719585234525913,0.7288076161421808,20.0,0,0,0
2495,545,6,269,45,0,1,0.7978426282067737,1.0,0.9999999999995624,0.5956852564135474,5.0,0,0,0
2496,4383,222,65,2290,1304,0,0.5,1.0,0.009901778952991833,0.0,1.0,1,1,1
2498,4383,163,356,2290,5736,1,0.5834374391421093,1.0,0.9978552025680106,0.16687487828421865,6.0,0,0,1
2500,443,45,145,146,4431,1,0.7100660446180314,0.6657808048898479,0.4651664851883658,0.7543512843462148,10.0,0,0,0
2501,443,224,81,146,4773,1,0.6733141415927657,0.8331019676095488,0.6240674117825994,0.5135263155759827,6.0,0,0,0
2502,443,224,242,146,2241,0,0.6991583355723605,0.7328236549729437,0.513390543842574,0.6654930161717774,12.0,0,0,0
2503,443,224,279,146,2241,1,0.7125153010178285,0.8450403149435334,0.6856474444654547,0.5799902870921235,13.0,0,0,0
2504,443,224,35,146,5036,0,0.5,0.568874072230784,0.38069596298756225,0.431125927769216,2.0,1,1,1
2505,3411,155,86,2175,5395,0,0.5,0.590595290947847,0.20112003119223887,0.409404709052153,3.0,1,1,1
2506,3411,155,182,1077,2175,0,0.5,1.0,0.16419263159879027,0.0,1.0,1,1,1
2507,3411,115,223,2315,0,0,0.618567805623569,1.0,0.9999999999991903,0.2371356112471379,2.0,0,0,0
2508,3411,103,221,890,2908,0,0.5,1.0,0.9306942105110582,0.0,1.0,1,1,1
2509,3411,162,246,5036,0,1,0.5,1.0,0.99999999999898,0.0,1.0,1,1,1
2510,3411,156,176,4415,1176,0,0.5,1.0,0.14744881036218965,0.0,1.0,1,1,1
2511,3411,156,118,1121,3262,0,0.5,1.0,0.07905153228858085,0.0,1.0,1,1,1
2512,3411,160,274,6785,545,0,0.5,0.7304278000994895,0.15578355819576853,0.2695721999005105,3.0,1,1,1
2513,3411,127,42,1146,0,0,0.5,1.0,0.9999999999983266,0.0,1.0,1,1,1
2514,3411,53,223,2315,567,0,0.5,0.7123909500778431,0.14865035541205474,0.28760904992215686,3.0,1,1,1
2515,3411,53,309,2296,3322,0,0.5,0.9809485464414275,0.09841694707792188,0.019051453558572518,4.0,1,1,1
2516,3411,56,344,3211,4770,0,0.5,1.0,0.2144643313464749,0.0,1.0,1,1,1
2517,1916,160,282,3905,2788,0,0.5,1.0,0.8755993466714196,0.0,1.0,1,1,1
2518,497,224,36,1286,1121,0,0.5,0.5197938552019579,0.27988111519177455,0.48020614479804213,2.0,1,1,1
2519,497,224,150,2457,5491,0,0.5,0.5640104899694631,0.06662895816426553,0.4359895100305369,4.0,1,1,1
2520,497,224,323,2457,4361,0,0.6612570862147704,0.6748833927193675,0.2328303201533779,0.6476307797101732,13.0,0,0,1
2523,2287,160,25,1642,0,1,0.5,1.0,0.999999999998423,0.0,1.0,1,1,1
2525,1941,156,256,2676,0,0,0.5,1.0,0.9999999999946164,0.0,1.0,1,1,1
2526,4484,38,206,443,3521,0,0.5,0.5847886451675638,0.03560368654671491,0.4152113548324362,3.0,1,1,1
2527,4484,38,75,483,4431,1,0.5,1.0,0.009901778952996564,0.0,1.0,1,1,1
2529,4484,222,271,4362,3080,1,0.7138447974909671,0.6538628536489899,0.4690543048503874,0.7738267413329443,26.0,0,0,0
2530,4484,222,189,4362,587,1,0.5,0.19211384769681322,0.015077010404266789,0.8078861523031868,13.0,1,1,1
2531,4484,222,142,587,4362,0,0.5,0.2583319602775422,0.14800231651634524,0.7416680397224578,11.0,0,1,0
2532,4484,222,281,4362,3080,0,0.7053396419517377,0.782597597336313,0.6299900953012737,0.6280816865671623,30.0,0,0,0
2533,4484,222,181,4362,587,0,0.5941917744576592,0.3804973966121318,0.14600109812894993,0.8078861523031867,13.0,0,0,0
2534,4484,222,79,146,587,0,0.5,0.4511131480562098,0.09945055420500226,0.5488868519437902,4.0,1,1,1
2535,4484,222,200,587,4362,0,0.5,0.3544477450388357,0.08649282921629155,0.6455522549611643,16.0,1,1,1
2536,4484,222,285,4362,3080,1,0.7053396419517377,0.782597597336313,0.6299900953012693,0.6280816865671623,30.0,0,0,0
2537,4484,222,270,4362,587,0,0.7648470919819612,0.755867442630978,0.5419100572306905,0.7738267413329443,26.0,0,0,0
2538,4484,222,269,4362,587,1,0.7648470919819611,0.755867442630978,0.5419100572306917,0.7738267413329442,26.0,0,0,0
2539,4484,229,331,443,587,0,0.689190909754453,0.8217220241415941,0.3638500892714289,0.5566597953673118,3.0,0,0,0
2540,6559,142,125,2600,1596,0,0.5,1.0,0.3506474012841677,0.0,2.0,0,1,0
2541,6559,142,292,7038,2648,0,0.6338432025689982,0.8528112472415591,0.6250855027502885,0.41487515789643725,9.0,0,0,0
2542,6559,142,337,7038,4545,0,0.5,0.43464277185813815,0.14318825131731647,0.5653572281418618,10.0,1,1,1
2543,6559,142,133,2600,5889,0,0.5,1.0,0.26579373877253215,0.0,2.0,1,1,1
2544,6559,53,224,3495,3155,0,0.5,0.7398980116648989,0.08909972748225203,0.2601019883351011,4.0,1,1,1
2545,6559,53,344,3155,146,0,0.5,0.804000874519157,0.08422771718864104,0.19599912548084297,8.0,1,1,1
2546,6559,53,266,3155,1344,0,0.5,0.5334750521914428,0.14481058119025042,0.46652494780855724,7.0,1,1,1
2547,6559,127,252,3495,3155,0,0.5,1.0,0.5353892499668045,0.0,2.0,0,1,1
2549,6559,98,261,3155,146,0,0.5,0.6488368481453115,0.1626848390106627,0.3511631518546885,2.0,1,1,1
2551,6559,155,349,1077,2290,0,0.5,1.0,0.6062997115142219,0.0,1.0,1,1,1
2553,3375,53,141,3241,3341,0,0.5,1.0,0.07905153228866892,0.0,1.0,1,1,1
2554,5496,38,286,6189,4364,0,0.5,1.0,0.20230649695799033,0.0,1.0,1,1,1
2555,5496,223,13,5682,5119,0,0.5,1.0,0.4925862227131979,0.0,3.0,0,1,0
2556,5496,222,50,5682,5987,1,0.696341444026336,0.7527893183970757,0.4944707746682245,0.6398935696555963,9.0,0,0,0
2557,5496,222,68,5682,5987,1,0.7188720431831215,0.8460874971413622,0.6733201586429666,0.5916565892248808,13.0,0,0,0
2559,5496,156,49,1071,5682,0,0.7475245552617492,1.0,0.5149151264716405,0.4950491105234984,2.0,0,0,0
2560,986,53,290,1599,6299,0,0.5,0.6351831056874558,0.2324927847755255,0.36481689431254416,2.0,1,1,1
2562,3600,208,306,1161,0,0,0.7376324755912987,1.0,0.9999999999148155,0.4752649511825975,2.0,0,0,1
2563,3600,208,63,1161,0,1,0.7376324755912989,1.0,0.9999999999993076,0.4752649511825977,2.0,0,0,0
2564,3600,156,75,2442,3620,0,0.5,0.790324371165384,0.43352509168269476,0.209675628834616,2.0,1,1,1
2565,3600,156,299,2442,1161,0,0.5,0.4112809092135737,0.0795919375797193,0.5887190907864264,11.0,1,1,1
2566,3600,123,342,1161,0,0,0.5,1.0,0.9999999999474986,0.0,1.0,1,1,1
2567,4453,160,76,1509,5455,1,0.5,1.0,0.13774814446148798,0.0,1.0,1,1,1
2568,4453,160,338,5455,244,1,0.8205762980250234,0.8713210819470454,0.7369867436904327,0.7698315141030014,33.0,0,0,0
2571,5492,38,215,1175,1515,0,0.6652266109669389,0.7026007449699588,0.3562593627296297,0.6278524769639189,15.0,0,0,0
2572,5492,38,112,1175,1515,0,0.7247120010681454,0.7189056631532809,0.37232604838042344,0.7305183389830099,8.0,0,0,0
2573,5492,160,214,1515,0,0,0.7471734529061538,1.0,0.9999999999991865,0.49434690581230767,4.0,0,0,0
2574,5492,150,225,1175,1515,1,0.5,0.7212361983332674,0.15229803053536298,0.27876380166673265,2.0,1,1,1
2578,5470,38,302,1160,4277,1,0.7388747578970913,0.7406632676402842,0.48180405840400414,0.7370862481538984,16.0,0,0,0
2579,5470,38,36,1160,0,0,0.6364104585067862,1.0,0.9999999999995864,0.2728209170135725,3.0,0,0,0
2580,5470,222,247,1160,0,1,0.553451860702486,1.0,0.9999999999995399,0.10690372140497195,4.0,0,0,0
2581,5470,229,243,1160,1056,0,0.5923129517936074,1.0,0.7545086722670821,0.18462590358721498,2.0,0,0,0
2582,5470,160,133,4231,0,0,0.5,1.0,0.9999999999987318,0.0,1.0,1,1,1
2583,5470,156,142,2136,0,0,0.5,1.0,0.9999999999988284,0.0,1.0,1,1,1
2584,1189,6,74,1148,0,0,0.5,1.0,0.9999999999960785,0.0,1.0,1,1,1
2586,1189,56,293,4313,5267,0,0.5,1.0,0.00990177895299443,0.0,1.0,1,1,1
2587,4748,160,238,3262,2083,0,0.5,1.0,0.18980768141451834,0.0,1.0,1,1,1
2588,2243,53,89,2242,0,0,0.5,1.0,0.9999999999957552,0.0,1.0,1,1,1
2589,2243,53,187,2248,3155,0,0.5,1.0,0.1859510943268312,0.0,1.0,1,1,1
2590,2243,160,353,3341,4228,0,0.5,1.0,0.3508193530275828,0.0,1.0,1,1,1
2592,4355,0,114,1161,0,1,0.5,1.0,0.999999999999432,0.0,2.0,0,1,0
2593,4355,0,177,1161,0,1,0.8598425123208615,1.0,0.9999999999997612,0.719685024641723,10.0,0,0,0
2594,4355,224,58,1161,0,1,0.5,1.0,0.99999999999898,0.0,1.0,1,1,1
2597,5739,160,23,1077,0,1,0.6268118517025575,1.0,0.9999999999996155,0.253623703405115,3.0,0,0,0
2598,5739,160,183,1077,6890,0,0.7592033232783189,0.7170116805628246,0.5374010867853325,0.8013949659938131,19.0,0,0,0
2600,3149,53,296,5556,6287,1,0.5,1.0,0.0986986509926952,0.0,1.0,1,1,1
2601,3149,160,16,146,0,0,0.5,1.0,0.9999999999989999,0.0,1.0,1,1,1
2602,3149,127,147,702,5196,0,0.5,0.9317670391844276,0.03532152657721437,0.0682329608155724,2.0,1,1,1
2603,3149,173,314,2596,5556,0,0.5,1.0,0.9438802031225593,0.0,1.0,1,1,1
2604,3149,103,54,2504,0,0,0.5,1.0,0.9999999999989999,0.0,1.0,1,1,1
2606,3149,156,157,1077,2097,1,0.5,1.0,0.2554227747831704,0.0,1.0,1,1,1
2607,3149,115,342,6284,0,0,0.5,1.0,0.9999999999987318,0.0,1.0,1,1,1
2609,1436,191,106,1148,3706,1,0.5,0.5881870317622027,0.25929752604808337,0.41181296823779734,2.0,1,1,1
2610,1436,202,82,1148,0,0,0.5,1.0,0.9999999999977026,0.0,1.0,1,1,1
2611,1436,61,49,1148,0,0,0.5,1.0,0.9999999999989999,0.0,1.0,1,1,1
2612,5046,56,179,5736,1167,0,0.7100206920886041,0.9320775668201727,0.40840965783445726,0.48796381735703553,3.0,0,0,0
2613,5046,160,11,3159,711,1,0.7413697255751137,1.0,0.5760105625108883,0.4827394511502273,4.0,0,0,0
2614,5046,160,176,3159,3155,0,0.7943558297374429,0.827009835273044,0.6878977089522695,0.7617018242018418,38.0,0,0,0
2615,5046,160,224,3159,3758,1,0.7583634257801961,0.6997895116805729,0.47739331695743575,0.8169373398798193,46.0,0,0,0
2616,5046,160,175,3159,3155,0,0.7743109428381505,0.8101478533252232,0.6626079883317181,0.7384740323510779,37.0,0,0,0
2617,5046,160,225,3159,3758,0,0.7583634257801961,0.6997895116805729,0.4773933169574349,0.8169373398798193,46.0,0,0,0
2618,5046,160,69,3159,5736,1,0.7768647923254044,0.7320356391981295,0.572668500964686,0.8216939454526792,20.0,0,0,0
2619,5046,53,286,2617,4702,0,0.5,0.7111837905176921,0.47921236651743054,0.2888162094823079,3.0,0,1,1
2620,5046,53,169,3380,2278,1,0.5,0.619927470936819,0.25324822251932555,0.380072529063181,4.0,1,1,1
2621,5046,53,130,5244,3159,0,0.5,1.0,0.5505303289398479,0.0,1.0,1,1,1
2622,5046,53,51,3159,2266,0,0.5,0.6666666666666666,0.16169249674312774,0.33333333333333337,2.0,1,1,1
2623,5046,53,7,3380,0,1,0.5,1.0,0.99999999999898,0.0,1.0,1,1,1
2625,5046,155,165,3155,3159,0,0.6453639160649641,0.6820184773971858,0.34423867304965705,0.6087093547327425,7.0,0,0,0
2626,5046,6,200,3159,3157,0,0.5,1.0,0.19528161402774946,0.0,3.0,1,1,1
2627,5046,6,211,3159,3157,0,0.5,1.0,0.19528161402773794,0.0,3.0,1,1,1
2628,5046,208,168,3159,0,0,0.5,1.0,0.9999999999989175,0.0,1.0,1,1,1
2629,5046,169,198,1077,3341,0,0.5,1.0,0.1474488103622075,0.0,1.0,1,1,1
2630,5046,169,313,2617,6785,0,0.6306066678731157,1.0,0.6776285463464116,0.2612133357462313,3.0,0,0,0
2632,5046,156,161,3758,2982,1,0.5,1.0,0.5936249870883944,0.0,1.0,1,1,1
2634,1121,6,252,5423,3409,0,0.5,0.8578489339642872,0.685345607403025,0.14215106603571281,5.0,1,1,1
2635,1121,56,329,3411,5097,0,0.5,1.0,0.049470097634764655,0.0,1.0,1,1,1
2636,1121,224,296,5423,4950,1,0.7557051783105565,0.8461893466100125,0.6819091876277511,0.6652210100111005,29.0,0,0,0
2637,1121,224,48,5423,1183,0,0.7441421421008354,0.9070997294606716,0.6336229693804543,0.5811845547409993,6.0,0,0,0
2638,1121,224,29,5423,1183,1,0.5,0.5977464612973163,0.014667218736444594,0.40225353870268366,2.0,1,1,1
2640,1121,191,349,395,3800,0,0.5,1.0,0.12802097993824937,0.0,1.0,1,1,1
2642,1121,158,135,4172,0,0,0.5,1.0,0.9999999999971995,0.0,1.0,1,1,1
2643,1121,18,304,3611,0,0,0.5,1.0,0.9999999999085896,0.0,1.0,1,1,1
2644,1121,185,316,3800,4172,0,0.5,1.0,0.3066715610707242,0.0,1.0,1,1,1
2645,1121,156,128,1464,4097,0,0.5,1.0,0.079051532288621,0.0,1.0,1,1,1
2646,1121,42,90,5612,4097,0,0.5,1.0,0.4660459593628118,0.0,1.0,1,1,1
2651,6354,127,93,6407,0,1,0.6546605154988695,1.0,0.9999999999996076,0.309321030997739,3.0,0,0,0
2652,4368,39,64,5498,0,0,0.5,1.0,0.9999999999989999,0.0,1.0,1,1,1
2653,4368,224,306,1188,1791,0,0.5848215205632235,0.5999479784210161,0.355844722496638,0.5696950627054308,15.0,0,0,1
2654,4368,224,261,1188,5498,1,0.7743655571931121,0.8465097897372573,0.7111717887389936,0.7022213246489669,14.0,0,0,0
2656,3686,156,188,1121,0,1,0.7534032227561278,1.0,0.9999999999993492,0.5068064455122556,5.0,0,0,0
2657,3686,160,288,5423,856,1,0.8114189317524239,0.8676495998459881,0.6628742638986679,0.7551882636588596,25.0,0,0,0
2658,3686,160,195,5423,5994,1,0.6786761990146231,0.6509866949536977,0.4230223575452443,0.7063657030755486,13.0,0,0,1
2659,3686,160,131,5423,1464,0,0.7215047169681076,0.714960255611347,0.5257510582572748,0.7280491783248682,11.0,0,0,0
2660,3686,160,248,5423,4097,0,0.7249537312277113,0.73481590927993,0.5016059101606745,0.7150915531754927,21.0,0,0,0
2661,3686,61,62,1121,5423,0,0.5,0.5099008082260186,0.27961006872215155,0.4900991917739814,2.0,1,1,1
2662,3686,38,251,1121,6994,1,0.5,0.43334915555497233,0.05349844949835987,0.5666508444450277,10.0,1,1,1
2663,3686,38,279,1121,6994,1,0.566976492416418,0.824841998655217,0.5652923112958785,0.3091109861776189,13.0,0,0,0
2664,3686,191,236,5423,6994,1,0.5,1.0,0.7495906656845835,0.0,1.0,1,1,1
2665,3686,6,226,1121,5423,0,0.8411487446315538,0.9903726511897912,0.9739115600405426,0.6919248380733162,9.0,0,0,0
2669,6155,53,309,2278,3380,0,0.5,1.0,0.1667635232215559,0.0,1.0,1,1,1
2670,6155,53,327,3341,6293,1,0.5,0.8927597671671273,0.3658179119449301,0.10724023283287265,3.0,0,1,0
2672,6155,160,265,4702,3155,0,0.5,0.578560595753645,0.010979252462901849,0.42143940424635495,2.0,1,1,1
2673,6350,155,221,6407,0,1,0.5,1.0,0.9999999999989596,0.0,1.0,1,1,1
2675,1140,56,260,278,3754,0,0.7425756068586279,1.0,0.8434566465136986,0.4851512137172558,2.0,0,0,0
2676,1140,6,351,1281,2103,0,0.5,1.0,0.11826912311417005,0.0,1.0,1,1,1
2677,1140,191,336,2678,1281,0,0.5,1.0,0.9563403878615551,0.0,1.0,1,1,1
2679,5441,38,320,1477,1188,1,0.6050502258924131,0.7223310907452903,0.3747198779466153,0.48776936103953583,10.0,0,0,1
2680,5441,38,78,1477,2671,1,0.5,0.6990517794625777,0.5121127065772537,0.3009482205374223,4.0,0,1,0
2681,5441,223,183,5661,0,1,0.8496957524634582,1.0,0.9999999999998094,0.6993915049269164,29.0,0,0,0
2682,5441,223,115,5661,0,1,0.9031765931433438,1.0,0.9999999999998728,0.8063531862866875,24.0,0,0,0
2683,5441,223,100,5661,0,1,0.8893776031109666,1.0,0.999999999999892,0.7787552062219332,23.0,0,0,0
2684,5441,160,227,448,3187,0,0.5,0.7699548910806531,0.12022524623640554,0.23004510891934693,2.0,1,1,1
2685,5441,222,52,5661,6627,1,0.6963839171629704,1.0,0.4439746186972618,0.392767834325941,2.0,0,0,1
2686,2624,127,348,3155,5736,1,0.7475245552617493,1.0,0.9069559360219239,0.49504911052349854,2.0,0,0,0
2687,2624,53,144,5736,0,0,0.5,1.0,0.999999999982681,0.0,1.0,1,1,1
2688,2624,160,201,733,3189,0,0.5,1.0,0.2527390537330911,0.0,2.0,1,1,1
2689,2624,160,140,2446,4983,0,0.5,1.0,0.08888373742521663,0.0,1.0,1,1,1
2691,2624,160,203,733,3189,0,0.5,1.0,0.2527390537330873,0.0,2.0,1,1,1
2695,2624,123,348,2446,4983,0,0.5,1.0,0.966736372861013,0.0,1.0,1,1,1
2696,2624,0,205,1050,3211,0,0.5,0.5078864734024303,0.08519896040303866,0.4921135265975697,6.0,1,1,1
2697,3754,191,363,382,1140,0,0.5,1.0,0.3377486972983249,0.0,2.0,0,1,0
2698,2427,38,288,1148,0,0,0.5,1.0,0.9999999999921568,0.0,1.0,1,1,1
2699,2427,115,37,1148,0,0,0.5,1.0,0.99999999999898,0.0,1.0,1,1,1
2701,2427,123,330,1148,4021,1,0.7653367142575487,0.9986683580435815,0.9805082565601575,0.5320050704715159,7.0,0,0,0
2702,2427,146,300,1148,0,1,0.5,1.0,0.99999999999898,0.0,1.0,1,1,1
2703,2427,87,83,1148,0,0,0.5,1.0,0.9999999999965179,0.0,1.0,1,1,1
2705,2427,191,341,1148,0,1,0.5,1.0,0.9999999999946174,0.0,2.0,0,1,1
2706,2427,107,107,1148,0,0,0.5,1.0,0.9999999999946164,0.0,1.0,1,1,1
2707,6134,160,210,6410,3262,0,0.5,1.0,0.009901778952998064,0.0,1.0,1,1,1
2708,6134,61,209,3262,0,0,0.5,1.0,0.9999999999989999,0.0,1.0,1,1,1
2709,4346,0,183,1179,1145,1,0.5,0.6465885692284161,0.45449805067702626,0.3534114307715839,3.0,0,1,0
2710,4346,0,157,2790,1972,0,0.5,1.0,0.6307481928248059,0.0,1.0,1,1,1
2711,4346,0,263,1179,5050,1,0.6633382963162533,0.7620398112302561,0.5075264093041953,0.5646367814022505,4.0,0,0,1
2712,4346,224,168,3159,1867,1,0.6153209745899944,0.7660270974534168,0.6066112181416871,0.464614851726572,16.0,0,0,0
2713,4346,224,188,3159,1867,0,0.7906475104262831,0.8726657644286478,0.7648243820283642,0.7086292564239185,21.0,0,0,0
2714,4346,224,291,3159,4534,1,0.816680129378869,0.8407563987226968,0.6824265466598864,0.7926038600350411,40.0,0,0,0
2715,4346,224,308,3159,4534,1,0.8166801293788689,0.8407563987226967,0.682426546659862,0.7926038600350411,40.0,0,0,0
2716,4346,50,274,3159,6478,1,0.8938524129158114,0.9979575981810073,0.9941826986885156,0.7897472276506154,17.0,0,0,0
2717,4346,50,149,3159,6478,1,0.8087731367061035,0.9485533891280752,0.8630985569418331,0.6689928842841317,7.0,0,0,0
2719,4346,50,259,3159,6478,1,0.8735065759479378,0.9965703165938997,0.9902506149003137,0.7504428353019759,15.0,0,0,0
2721,4346,167,234,3159,0,1,0.9047933025081295,1.0,0.9999999999999146,0.809586605016259,33.0,0,0,0
2722,4346,167,79,3159,0,1,0.7867661967703047,1.0,0.9999999999995736,0.5735323935406094,6.0,0,0,0
2723,4346,167,272,3159,0,1,0.9352103033165662,1.0,0.9999999999998768,0.8704206066331323,36.0,0,0,0
2724,4346,167,97,3159,0,1,0.8571596849620289,1.0,0.9999999999996968,0.7143193699240578,8.0,0,0,0
2726,4346,229,244,1435,0,0,0.5,1.0,0.9999999999029942,0.0,1.0,1,1,1
2727,5678,63,19,1176,0,0,0.5,1.0,0.9999999999985432,0.0,1.0,1,1,1
2728,5678,86,144,4415,6635,0,0.5,1.0,0.13722928646177993,0.0,3.0,1,1,1
2729,5678,160,97,6636,6635,0,0.5,0.8419840334682809,0.5310080352125712,0.15801596653171912,4.0,0,1,0
2730,5678,60,152,4415,0,0,0.5,1.0,0.9999999999993965,0.0,2.0,0,1,0
2732,5678,61,33,1176,0,1,0.7277790656436824,1.0,0.999999999999323,0.4555581312873649,2.0,0,0,0
2733,5678,170,32,6635,4904,1,0.6693833001500178,0.8632301467468246,0.662179860269069,0.47553645355321106,6.0,0,0,0
2734,5678,170,152,6635,4415,0,0.5945635312747903,0.3886633065192021,0.2294562363094588,0.8004637560303787,14.0,0,0,1
2735,5678,146,26,6635,0,1,0.5,1.0,0.99999999999898,0.0,1.0,1,1,1
2737,5678,18,14,1176,2524,1,0.5,1.0,0.30702674600362617,0.0,2.0,1,1,1
2738,1743,53,71,956,0,1,0.5,1.0,0.9999999999989388,0.0,1.0,1,1,1
2739,5497,160,117,4001,249,0,0.5,0.8183368040901575,0.24376414844622735,0.18166319590984248,2.0,1,1,1
2740,5497,160,170,6948,2442,0,0.5,0.639759843184724,0.0005093884476809537,0.360240156815276,2.0,1,1,1
2741,5497,160,238,4304,1952,0,0.5,1.0,0.2049978814685521,0.0,1.0,1,1,1
2742,5497,160,300,581,4726,0,0.5,1.0,0.009901778952998064,0.0,1.0,1,1,1
2743,5497,202,238,5215,1318,0,0.5,1.0,0.6866971992927704,0.0,1.0,1,1,1
2744,5497,38,225,4293,1183,0,0.5,1.0,0.2597401235368366,0.0,1.0,1,1,1
2745,5497,150,357,7001,3463,0,0.5,1.0,0.08394533892882751,0.0,1.0,1,1,1
2746,5497,53,263,956,4702,0,0.5,1.0,0.5740474234912136,0.0,1.0,1,1,1
2748,3566,142,200,46,2486,0,0.5,0.8094124845627784,0.19264948939639245,0.19058751543722163,5.0,0,1,1
2749,3566,142,341,4569,3988,0,0.5,1.0,0.03958771040388378,0.0,1.0,1,1,1
2750,3566,161,316,669,5736,0,0.0,0.0,0.0,0.0,1.0,1,1,1
2751,3566,53,191,3155,6823,0,0.5,1.0,0.3778762010211515,0.0,1.0,1,1,1
2752,3566,180,173,5736,0,0,0.5,1.0,0.9999999999938158,0.0,1.0,1,1,1
2754,3566,123,267,2246,2671,0,0.5,1.0,0.8609942510457097,0.0,1.0,1,1,1
2755,3566,98,344,3155,3159,0,0.6791807852045993,0.7312021248434626,0.3664195177623106,0.6271594455657361,5.0,0,0,0
2756,3566,169,361,6504,3155,0,0.5,1.0,0.7854819841336593,0.0,1.0,1,1,1
2757,3566,207,361,1341,6559,0,0.5,1.0,0.009901778952993294,0.0,1.0,1,1,1
2762,4361,224,220,4393,5491,1,0.5,1.0,0.08675084860111376,0.0,2.0,1,1,1
2763,4361,224,311,1317,497,0,0.5,0.5785605957536449,0.02058625868307966,0.42143940424635506,2.0,1,1,1
2764,651,53,119,1825,5227,0,0.5,1.0,0.7488826693312914,0.0,1.0,1,1,1
2768,4393,222,338,3191,453,0,0.5,0.5049508894765016,0.015959264230119473,0.4950491105234984,2.0,1,1,1
2769,4393,55,292,2790,0,0,0.6904601098740816,1.0,0.999999999999445,0.38092021974816315,3.0,0,0,0
2770,4393,38,27,4455,3912,0,0.5,0.5542471996064685,0.07192991022246943,0.4457528003935315,2.0,1,1,1
2771,4393,38,191,453,4455,0,0.5,1.0,0.3598935281927752,0.0,1.0,1,1,1
2772,4393,169,291,3762,6777,0,0.5,1.0,0.02969757256547165,0.0,1.0,1,1,1
2773,1755,53,59,6291,0,0,0.5,1.0,0.9999999999988284,0.0,1.0,1,1,1
2774,1755,156,153,4594,0,0,0.5,1.0,0.9999999999984843,0.0,1.0,1,1,1
2776,1755,160,107,4823,2517,0,0.5,1.0,0.009901778952978587,0.0,1.0,1,1,1
2777,1755,115,350,272,3666,0,0.5,1.0,0.6651925965275443,0.0,1.0,1,1,1
2778,6644,142,19,5695,6979,0,0.5,1.0,0.09869865099269179,0.0,1.0,1,1,1
2779,6644,142,20,2300,5695,0,0.5,1.0,0.04947009763477877,0.0,1.0,1,1,1
2782,2385,53,91,2425,2032,0,0.5,1.0,0.32894702012189153,0.0,2.0,1,1,1
2784,4304,142,342,246,6123,0,0.5,0.8117284594846267,0.30702122208670474,0.18827154051537331,5.0,0,1,0
2785,4304,142,336,246,6123,0,0.5,0.5049508894765016,0.08896197927929929,0.4950491105234984,2.0,1,1,1
2786,4304,142,49,711,1221,1,0.5,1.0,0.03958771040389202,0.0,1.0,1,1,1
2787,4304,142,140,3341,711,0,0.5,0.568874072230784,0.14404865327296854,0.431125927769216,2.0,1,1,1
2788,4304,142,335,6123,246,0,0.5,0.609602972763284,0.25649352579455437,0.390397027236716,3.0,0,1,1
2789,4304,142,331,6123,3155,0,0.5,0.6096029727632838,0.3111010503698242,0.3903970272367162,3.0,0,1,1
2791,4304,127,12,3155,0,1,0.5,1.0,0.9999999999989175,0.0,1.0,1,1,1
2792,4304,123,291,711,2581,0,0.5,1.0,0.47376147876257857,0.0,1.0,1,1,1
2793,4304,53,326,2581,1283,0,0.5,0.9374349637406914,0.32466667121528053,0.06256503625930865,3.0,1,1,1
2794,4304,98,255,3155,0,1,0.5,1.0,0.9999999999560785,0.0,2.0,0,1,1
2795,4304,38,315,6994,1496,0,0.5,1.0,0.19706815186784066,0.0,2.0,1,1,1
2796,4304,38,38,4274,1496,0,0.5,1.0,0.05928264464348362,0.0,3.0,1,1,1
2797,4304,103,292,3155,5159,0,0.5,1.0,0.8823746517351201,0.0,2.0,0,1,1
2798,4304,160,236,1813,5177,0,0.5,0.5737244051811553,0.04454026391586937,0.4262755948188447,2.0,1,1,1
2800,5942,160,229,1503,113,0,0.5,1.0,0.7738356036746326,0.0,1.0,1,1,1
2801,1928,56,105,328,0,0,0.5,1.0,0.9999999999989999,0.0,1.0,1,1,1
2802,1928,56,356,1145,328,1,0.5,0.5346019613807633,0.040761472199007484,0.4653980386192367,2.0,1,1,1
2803,1928,6,193,1145,328,1,0.5,1.0,0.049470097634670515,0.0,1.0,1,1,1
2804,1928,53,100,1418,0,0,0.5,1.0,0.99999999999777,0.0,2.0,0,1,1
2805,1928,146,253,657,1145,0,0.5,0.2763258471146799,0.09875860547668541,0.7236741528853201,5.0,1,1,1
2806,1928,156,86,1145,4019,0,0.5,0.6517388250080116,0.4580650360588139,0.3482611749919884,4.0,0,1,0
2807,1928,156,110,1145,4019,1,0.5,0.3300677323000996,0.19609024629444385,0.6699322676999004,6.0,0,1,0
2808,1928,180,108,657,0,0,0.5,1.0,0.9999999999989999,0.0,1.0,1,1,1
2809,1928,169,353,1145,5562,1,0.5,1.0,0.06920392275880671,0.0,1.0,1,1,1
2810,1928,160,107,4019,657,0,0.5,0.5542471996064685,0.28679659227067156,0.4457528003935315,2.0,1,1,1
2811,1928,115,134,5130,4019,0,0.5,1.0,0.24261666140331,0.0,1.0,1,1,1
2812,1456,38,23,1183,0,1,0.8164939871991828,1.0,0.9999999999996181,0.6329879743983655,3.0,0,0,0
2813,1456,61,206,1183,4293,1,0.5,0.8021773641426884,0.526661342502701,0.19782263585731164,4.0,1,1,1
2814,6239,38,148,5496,6623,0,0.5,0.7368807393832063,0.0831574100181142,0.2631192606167937,2.0,1,1,1
2815,6239,38,158,5496,6623,1,0.5,0.7368807393832063,0.08315741001810581,0.2631192606167937,2.0,1,1,1
2818,2336,207,177,1080,3,0,0.5,1.0,0.07905153228863221,0.0,1.0,1,1,1
2822,5381,127,310,6562,2527,0,0.5,1.0,0.17637406352430168,0.0,1.0,1,1,1
2824,6296,53,239,6245,6066,0,0.5,1.0,0.29767369628862445,0.0,1.0,1,1,1
2828,3746,53,66,1077,0,1,0.6495301212586149,1.0,0.9999999999996354,0.29906024251722985,3.0,0,0,0
2829,5682,170,21,5496,0,1,0.732650236919532,1.0,0.9999999999997136,0.46530047383906403,4.0,0,0,0
2830,5682,170,63,5496,3448,1,0.8719504018492719,0.9613332937070097,0.8991865410546356,0.7825675099915339,30.0,0,0,0
2831,5682,170,75,5496,3448,1,0.8792408657208068,0.9635347705513844,0.904652687416226,0.7949469608902292,31.0,0,0,0
2832,5682,170,33,5496,3448,1,0.7256014870682019,0.8893686891435553,0.7362966231231597,0.5618342849928487,14.0,0,0,0
2833,5682,170,127,5496,1220,1,0.8889917344318063,0.9117405921777466,0.8218029461415577,0.866242876685866,35.0,0,0,0
2834,5682,160,19,5496,0,0,0.5,1.0,0.9999999999989999,0.0,1.0,1,1,1
2835,5682,86,46,5496,2713,0,0.7927856225170792,0.9999999999999999,0.8342373003841084,0.5855712450341585,11.0,0,0,0
2839,2176,53,322,2296,0,0,0.5,1.0,0.9999999999981886,0.0,1.0,1,1,1
2840,4740,160,342,2694,2442,0,0.6371058808846086,0.8226352853076515,0.4252388283324627,0.4515764764615656,3.0,0,0,1
2842,4740,156,334,1161,4506,1,0.8800302797249321,0.995015902137932,0.822803563853727,0.7650446573119322,11.0,0,0,0
2845,4740,56,362,6445,0,0,0.5,1.0,0.9999999999980778,0.0,1.0,1,1,1
2848,1604,160,283,4361,3159,0,0.5,1.0,0.0010955033256935846,0.0,1.0,1,1,1
2849,1604,53,319,2617,0,0,0.5,1.0,0.9999999999966531,0.0,1.0,1,1,1
2850,1604,53,342,2617,0,0,0.5,1.0,0.9999999999947219,0.0,1.0,1,1,1
2851,2143,61,40,3137,0,0,0.5,1.0,0.9999999999985717,0.0,1.0,1,1,1
2853,3706,38,197,1148,0,0,0.6551462620757795,1.0,0.9999999999990716,0.31029252415155895,3.0,0,0,0
2855,3706,160,177,5455,3982,1,0.6155812270025078,0.8785463042999351,0.48641664596138834,0.3526161497050805,4.0,0,0,1
2856,3706,6,280,1148,3973,1,0.688942029415045,0.9506491870190471,0.4515009352069184,0.4272348718110428,4.0,0,0,1
2858,3706,156,173,2427,1436,0,0.5,1.0,0.27036621137345346,0.0,1.0,1,1,1
2859,3706,91,341,6795,1148,1,0.5,1.0,0.9937983091797796,0.0,2.0,0,1,0
2860,2648,53,342,5036,45,0,0.5,0.7330229796815946,0.09558379914015772,0.2669770203184054,2.0,1,1,1
2861,2648,127,137,3884,0,0,0.5,1.0,0.9999999999954953,0.0,1.0,1,1,1
2862,2648,155,317,1077,7038,0,0.7149397808781517,0.897505518997425,0.7889173377757435,0.5323740427588783,11.0,0,0,0
2864,2648,169,300,545,0,0,0.689345834649113,1.0,0.9999999999929007,0.37869166929822606,2.0,0,0,1
2865,4087,160,66,4415,6635,0,0.5,0.39824816659297096,0.13704136772210668,0.6017518334070291,3.0,1,1,1
2866,4087,160,163,6635,4847,1,0.5,0.3341804029470483,0.049939751450442244,0.6658195970529517,7.0,1,1,1
2867,4087,160,309,4415,6510,0,0.7668750809814853,0.9574791863423828,0.6671616515442202,0.5762709756205877,10.0,0,0,0
2868,4087,160,104,6635,4415,0,0.5,0.4724907393598158,0.17990583137607155,0.5275092606401842,3.0,1,1,1
2869,4087,105,210,1176,0,0,0.7035122264182612,1.0,0.9999999999994069,0.40702445283652233,2.0,0,0,0
2871,6888,142,243,3213,4545,0,0.5,0.8420294425880482,0.6074227593050826,0.15797055741195176,3.0,1,1,1
2872,6888,160,145,6017,3380,0,0.8154803973157381,0.8813697836394104,0.7528878840452559,0.7495910109920657,14.0,0,0,0
2873,6888,160,205,6017,2336,0,0.7272176135341846,0.821651631289806,0.6923478273681137,0.6327835957785631,19.0,0,0,0
2874,6888,160,299,6017,3544,0,0.7719532657665638,0.7822364541791843,0.619611632166154,0.7616700773539432,32.0,0,0,0
2875,6888,160,268,6017,1077,1,0.7640049509466162,0.7827129307479082,0.5611688511237036,0.7452969711453243,26.0,0,0,0
2876,6888,160,140,6017,3380,1,0.7844915801323638,0.8614466425002386,0.7172541682294553,0.7075365177644888,13.0,0,0,0
2877,6888,53,267,5900,6889,0,0.5,0.7923862698512086,0.11261552516623952,0.20761373014879136,3.0,1,1,1
2878,6888,53,56,6889,0,0,0.5,1.0,0.9999999999976567,0.0,1.0,1,1,1
2879,6888,53,244,5900,733,0,0.5,0.9354487993768302,0.24605639060333567,0.06455120062316977,2.0,1,1,1
2880,6888,127,171,5900,1138,0,0.5,1.0,0.5537907735905978,0.0,1.0,1,1,1
2881,6888,156,147,5992,4593,0,0.5,1.0,0.19763645430773344,0.0,1.0,1,1,1
2882,6888,169,276,4545,920,0,0.5,1.0,0.5076013916683062,0.0,2.0,0,1,1
2883,6888,169,351,3544,4545,0,0.5,1.0,0.9438802031226208,0.0,2.0,0,1,0
2884,6888,169,119,920,5900,0,0.5,1.0,0.5185262648778073,0.0,1.0,1,1,1
2886,6284,142,349,284,1077,0,0.0,0.0,0.0,0.0,1.0,1,1,1
2887,6284,142,245,3322,6889,1,0.5,1.0,0.45825890045860923,0.0,2.0,0,1,0
2888,6284,142,335,6200,6943,0,0.5,1.0,0.0049755227396698016,0.0,2.0,1,1,1
2889,6284,142,166,4594,5036,0,0.0,0.0,0.0,0.0,1.0,1,1,1
2890,6284,53,303,6017,0,0,0.5,1.0,0.9999999999868746,0.0,1.0,1,1,1
2892,5485,38,147,1171,1511,1,0.6124149004583388,0.7021080069735797,0.513246744531743,0.522721793943098,7.0,0,0,0
2893,5485,38,246,1171,1511,1,0.769561456085416,0.8497054721390142,0.6997575652627936,0.6894174400318178,21.0,0,0,0
2894,5485,38,317,1171,1511,1,0.8346237205168339,0.9497502830645087,0.8884714720106117,0.7194971579691589,24.0,0,0,0
2895,5485,38,172,1171,847,1,0.6694852545257429,0.8545411610276764,0.662122871482934,0.48442934802380944,14.0,0,0,0
2896,5485,222,196,1171,6410,0,0.6355389574607156,0.6659990893232828,0.4730909158372801,0.6050788255981485,5.0,0,0,1
2897,5485,150,232,6410,1171,0,0.5,0.4004243962628504,0.06967598384024815,0.5995756037371496,4.0,1,1,1
2898,5485,150,125,847,6491,0,0.5,1.0,0.2713500946121334,0.0,2.0,1,1,1
2899,5485,160,320,1511,3262,0,0.5,0.5799915641848357,0.3377828285509601,0.42000843581516434,6.0,1,1,1
2900,5485,51,140,6410,847,1,0.5,0.5395257661443605,0.13440288352372484,0.46047423385563946,2.0,1,1,1
2903,4408,51,84,4920,0,1,0.5,1.0,0.99999999999898,0.0,1.0,1,1,1
2905,3461,155,143,6017,0,0,0.5,1.0,0.9999999999962308,0.0,1.0,1,1,1
2907,2278,160,306,362,3516,0,0.5,0.4945875501753483,0.21020528477357592,0.5054124498246517,3.0,1,1,1
2908,2278,160,317,362,6562,0,0.5,0.4945875501753483,0.11386907293635666,0.5054124498246517,3.0,1,1,1
2909,2278,160,338,362,2246,0,0.5,0.4945875501753482,0.06476379716414653,0.5054124498246517,3.0,1,1,1
2911,2278,53,173,7085,1077,0,0.5,0.544441868712635,0.25374648227065844,0.455558131287365,2.0,1,1,1
2912,2278,53,188,7085,545,0,0.5,0.5444418687126351,0.1734967693034115,0.4555581312873649,2.0,1,1,1
2913,2278,53,98,6293,6044,0,0.5,1.0,0.02477469830435869,0.0,2.0,1,1,1
2914,2278,53,345,2240,45,0,0.5,1.0,0.08199533543453068,0.0,2.0,1,1,1
2915,2278,53,328,6931,45,0,0.5,1.0,0.14825080407382982,0.0,2.0,1,1,1
2917,2278,53,289,2215,3262,0,0.5,0.5148487862827442,0.054627710658936145,0.4851512137172558,2.0,1,1,1
2918,2278,53,183,7085,545,0,0.5,0.544441868712635,0.17349676930341906,0.455558131287365,2.0,1,1,1
2919,2278,53,216,238,669,0,0.5,0.5296714039948719,0.03549986848565941,0.4703285960051281,2.0,1,1,1
2920,2278,156,144,2455,6504,1,0.5,1.0,0.009901778953000475,0.0,2.0,1,1,1
2921,2278,156,58,3262,5037,0,0.5,1.0,0.13774814446148953,0.0,1.0,1,1,1
2923,2278,155,260,4319,2266,0,0.5,1.0,0.3637972681417979,0.0,2.0,0,1,1
2924,2278,155,45,3262,5037,0,0.5,0.5049508894765016,0.00990177895300037,0.4950491105234984,2.0,1,1,1
2925,2278,155,261,4319,6293,0,0.5,1.0,0.2657937387725341,0.0,2.0,1,1,1
2926,2278,103,222,18,6778,0,0.5,1.0,0.3594724198073178,0.0,1.0,1,1,1
2927,2278,127,259,3159,3262,0,0.5,0.694623703313514,0.17952887691998357,0.305376296686486,3.0,1,1,1
2928,2278,127,30,537,3262,0,0.5,1.0,0.08888373742522171,0.0,1.0,1,1,1
2930,2278,90,194,5965,0,0,0.5,1.0,0.9999999999957552,0.0,1.0,1,1,1
2932,2403,207,22,1885,2798,1,0.5,1.0,0.4223675810352132,0.0,2.0,0,1,0
2936,1152,127,57,5036,0,0,0.5,1.0,0.9999999999979601,0.0,1.0,1,1,1
2938,1176,156,156,2524,4847,0,0.5,1.0,0.004975522739670576,0.0,2.0,1,1,1
2939,1176,6,224,5678,3137,0,0.5,1.0,0.02969757256471686,0.0,1.0,1,1,1
2940,1176,60,22,6635,0,1,0.5,1.0,0.9999999999986272,0.0,1.0,1,1,1
2941,1176,61,166,4847,3137,0,0.5,1.0,0.8269306812812889,0.0,1.0,1,1,1
2942,1176,56,5,6636,0,0,0.5,1.0,0.9999999999989596,0.0,1.0,1,1,1
2943,1176,56,37,5678,6635,0,0.5,0.737032759289493,0.2466818383500034,0.26296724071050703,3.0,0,1,1
2946,1176,224,33,5678,102,0,0.688889892571948,0.8860103095401007,0.6742345552100211,0.49176947560379514,6.0,0,0,0
2947,1176,191,12,4904,0,0,0.5,1.0,0.9999999999988959,0.0,1.0,1,1,1
2951,1321,224,290,503,1188,1,0.5,0.9428023610540999,0.04034163387855567,0.05719763894590013,3.0,1,1,1
2952,3868,53,144,1434,544,0,0.5,1.0,0.3200878186246586,0.0,2.0,1,1,1
2953,4599,160,352,2454,6407,0,0.5,0.4195905345137696,0.17264153332050944,0.5804094654862304,12.0,1,1,1
2954,4599,160,265,2454,6407,1,0.5,0.5737481038252847,0.014980305306207597,0.42625189617471526,8.0,1,1,1
2955,4599,53,295,4004,6962,0,0.6645747335057715,0.7549481339321428,0.48951732582777757,0.5742013330794002,6.0,0,0,0
2957,489,224,175,4396,6406,0,0.7183115099918281,0.8667172766943676,0.7389801035289914,0.5699057432892887,6.0,0,0,0
2958,489,224,141,4396,1155,1,0.7450495958869907,1.0,0.34219252720941185,0.4900991917739814,2.0,1,1,1
2959,2908,160,99,6079,6890,0,0.5,1.0,0.01980161645202658,0.0,1.0,1,1,1
2960,2908,160,79,925,0,1,0.7450495958869907,1.0,0.9999999999990763,0.4900991917739813,2.0,0,0,0
2961,2908,169,243,6635,6636,0,0.5,1.0,0.019801616452004175,0.0,1.0,1,1,1
2962,2908,53,244,6635,2359,0,0.5,1.0,0.6760888459850348,0.0,1.0,1,1,1
2963,2908,155,302,6332,3635,0,0.5,1.0,0.8584107453787482,0.0,1.0,1,1,1
2965,2694,56,275,776,6597,0,0.5,1.0,0.31561494557962777,0.0,1.0,1,1,1
2966,2694,56,104,1161,0,0,0.5,1.0,0.9999999999931721,0.0,1.0,1,1,1
2967,2694,160,337,2442,3600,0,0.7581243996089431,0.785390344598414,0.6156088072469311,0.7308584546194721,30.0,0,0,0
2968,2694,160,268,2442,3002,1,0.716129787073203,0.7795541496360568,0.5187347826500256,0.6527054245103491,23.0,0,0,0
2969,2694,160,280,2442,3002,0,0.7161297870732029,0.7795541496360568,0.5187347826500049,0.652705424510349,23.0,0,0,0
2970,2694,160,362,2442,3600,0,0.71018064268905,0.7437600626654252,0.5263280604318202,0.676601222712675,32.0,0,0,0
2971,2694,160,244,2442,776,0,0.5703554687326138,0.7134038793729137,0.49507662583560363,0.42730705809231384,20.0,0,0,0
2972,2694,160,335,2442,3600,1,0.7581243996089431,0.7853903445984141,0.6156088072469346,0.7308584546194721,30.0,0,0,0
2973,2694,53,166,2442,5896,1,0.5,1.0,0.039587710403884445,0.0,1.0,1,1,1
2974,2694,156,201,2442,1161,1,0.5960562992491247,0.453518894131243,0.2722218277918616,0.7385937043670063,16.0,0,0,0
2975,2694,156,310,2442,1161,0,0.5,0.31645484462092494,0.02265831392941009,0.683545155379075,29.0,1,1,1
2976,2694,156,8,1161,0,0,0.5,1.0,0.99999999999898,0.0,1.0,1,1,1
2977,2694,156,332,1161,2442,1,0.5,0.2908640190495609,0.008330784264340859,0.7091359809504392,28.0,1,1,1
2978,2694,156,215,2442,1161,0,0.6395329787028199,0.4689461398946036,0.2991944183897487,0.8101198175110361,18.0,0,0,0
2981,2694,169,344,5182,2442,0,0.5,1.0,0.04889526291198102,0.0,1.0,1,1,1
2982,6098,160,278,5037,3535,0,0.5,0.8645994213740531,0.08245893189472368,0.1354005786259469,3.0,1,1,1
2984,6098,61,344,6410,5037,1,0.5,1.0,0.5832487643420122,0.0,1.0,1,1,1
2987,1122,42,301,1466,0,0,0.5,1.0,0.9999999999983266,0.0,1.0,1,1,1
2988,1122,6,234,4438,680,0,0.5,1.0,0.10362328667984527,0.0,2.0,1,1,1
2992,6778,53,95,3976,3341,1,0.5,1.0,0.015474752048697726,0.0,1.0,1,1,1
2993,6778,53,92,3976,3341,1,0.5,1.0,0.015474752048698363,0.0,1.0,1,1,1
2997,416,224,331,146,4431,1,0.6286510033190906,0.8034064873866772,0.43082243930486114,0.45389551925150406,6.0,0,0,1
2998,416,0,70,5230,1956,0,0.5,1.0,0.17637406352420992,0.0,1.0,1,1,1
3000,1552,18,35,3262,1077,0,0.5,0.5049508894765016,0.3377486972983249,0.4950491105234984,2.0,1,1,1
3002,928,160,83,3686,0,0,0.5,1.0,0.9999999999975132,0.0,1.0,1,1,1
3003,928,160,330,890,5423,0,0.6630616021702362,0.9783696130214176,0.8287314422151754,0.3477535913190549,3.0,0,0,1
3004,4500,38,152,1145,4451,0,0.7131838220686653,0.7945210672391209,0.6509160801328588,0.6318465768982096,5.0,0,0,1
3005,4500,38,56,1145,4261,1,0.680120078407638,1.0,0.5575820235593515,0.360240156815276,2.0,0,0,1
3006,4500,38,324,1145,4451,1,0.8638670796136181,0.9980660413580114,0.9960276155514814,0.7296681178692248,15.0,0,0,0
3009,4847,53,180,4606,998,0,0.5,1.0,0.20499788146856185,0.0,1.0,1,1,1
3012,4847,208,193,1176,0,0,0.5,1.0,0.9999999999980392,0.0,1.0,1,1,1
3013,5565,160,166,4415,4847,0,0.5942185606221906,0.6991146731311775,0.36076734038591823,0.4893224481132038,17.0,0,0,0
3014,5565,160,292,6635,4847,1,0.5,0.41062779138210886,0.19021356524455835,0.5893722086178912,15.0,0,1,0
3015,5565,160,139,4415,3087,1,0.761873424394877,0.8284129665043681,0.659716474939526,0.6953338822853858,8.0,0,0,0
3016,5565,160,260,6635,4847,1,0.5,0.5389742177793645,0.05650820522543844,0.4610257822206355,13.0,1,1,1
3017,5565,156,248,1176,4478,1,0.7217947625686443,0.7438804623648942,0.5855166924433644,0.6997090627723942,11.0,0,0,0
3018,5565,156,157,1176,6635,0,0.7204791201881369,0.9763403882364096,0.890926125111485,0.46461785213986406,6.0,0,0,0
3019,5565,156,161,1176,1121,0,0.6273739041208928,0.7901299561019215,0.4428708213067935,0.46461785213986406,6.0,0,0,0
3020,5565,53,229,1368,2241,1,0.5,1.0,0.2426166614033879,0.0,1.0,1,1,1
3021,5565,61,221,4415,1176,1,0.6633960751650104,0.7951110316073977,0.5627753318698971,0.5316811187226231,7.0,0,0,1
3022,5565,61,166,4415,1176,0,0.5,0.6956527341547737,0.41284433750950295,0.3043472658452263,6.0,0,1,0
3023,5565,169,172,4606,0,0,0.5,1.0,0.999999999998781,0.0,1.0,1,1,1
3024,5565,127,253,3922,6635,0,0.5,0.5833817616108397,0.27231157295161496,0.41661823838916034,2.0,1,1,1
3025,5565,155,281,3922,4805,0,0.5,0.6600439093131497,0.008875616208703193,0.3399560906868503,3.0,1,1,1
3026,7109,155,331,4304,1283,0,0.5,1.0,0.04947009763477877,0.0,1.0,1,1,1
3028,7109,160,43,1077,0,0,0.5,1.0,0.9999999999985998,0.0,1.0,1,1,1
3029,7109,160,287,1077,4805,1,0.5,0.6990004306423667,0.5321805352538771,0.3009995693576333,8.0,0,1,1
3030,7109,160,241,1077,4805,1,0.5,0.6990004306423668,0.5321805352545215,0.30099956935763317,8.0,0,1,1
3031,7109,103,125,3262,3657,0,0.0,0.0,0.0,0.0,1.0,1,1,1
3032,7109,53,301,299,7082,0,0.5,1.0,0.15712119150717,0.0,1.0,1,1,1
3033,7109,6,125,3262,0,1,0.5,1.0,0.99999999999898,0.0,1.0,1,1,1
3034,4805,142,318,711,567,1,0.5,0.5623783689957279,0.350239106847617,0.4376216310042721,11.0,0,1,0
3035,4805,142,131,567,6291,0,0.5,1.0,0.4304690564224918,0.0,2.0,0,1,0
3036,4805,142,222,567,2315,0,0.5,0.6287169198836503,0.22282182142139212,0.3712830801163497,9.0,0,1,0
3037,4805,142,317,711,567,1,0.6669423799974241,0.896263128990576,0.4563556225916528,0.4376216310042721,11.0,0,0,0
3038,4805,207,121,1077,3922,0,0.5,1.0,0.7777777777770863,0.0,1.0,1,1,1
3040,4805,54,348,6635,3635,0,0.5,1.0,0.3202637900959034,0.0,2.0,1,1,1
3041,4805,54,345,925,6635,0,0.0,0.0,0.0,0.0,1.0,1,1,1
3042,4805,169,156,1077,6635,0,0.5,1.0,0.3377486972983249,0.0,2.0,0,1,0
3047,3655,169,290,3516,2617,0,0.5,1.0,0.029599613524388523,0.0,1.0,1,1,1
3049,3655,160,292,5244,2617,0,0.5,1.0,0.337748697298182,0.0,2.0,1,1,1
3050,6699,160,294,6890,4319,0,0.5,1.0,0.492715470799149,0.0,1.0,1,1,1
3051,6699,127,92,885,0,1,0.5,1.0,0.99999999999898,0.0,1.0,1,1,1
3053,373,160,151,5036,820,0,0.5,1.0,0.8448163338088635,0.0,1.0,1,1,1
3054,373,103,287,1604,0,0,0.5,1.0,0.9999999998059882,0.0,1.0,1,1,1
3057,1160,156,22,1445,0,0,0.5,1.0,0.9999999999986272,0.0,1.0,1,1,1
3060,6556,63,231,2974,0,0,0.5,1.0,0.9999999999989999,0.0,1.0,1,1,1
3062,6556,155,316,929,0,1,0.5,1.0,0.9999999999808783,0.0,1.0,1,1,1
3063,6556,105,231,5219,0,0,0.5,1.0,0.9999999999989999,0.0,1.0,1,1,1
3064,1791,160,363,2958,2083,1,0.5,1.0,0.20499788146859568,0.0,1.0,1,1,1
3065,1791,160,330,2562,5498,0,0.5,1.0,0.7132162000140999,0.0,1.0,1,1,1
3066,5648,156,225,2442,0,0,0.5,1.0,0.9999999999747687,0.0,1.0,1,1,1
3068,122,156,133,2442,1125,0,0.5,1.0,0.08682846441049408,0.0,1.0,1,1,1
3069,4723,142,111,3341,920,0,0.5,0.85228184898581,0.49696139033434317,0.14771815101418995,6.0,0,1,0
3070,4723,53,128,2290,5556,0,0.5,0.5346019613807634,0.36481689431200115,0.46539803861923656,2.0,0,0,1
3072,4723,155,213,6644,2290,0,0.5,1.0,0.2886226322960329,0.0,1.0,1,1,1
3073,4723,131,304,6823,0,1,0.5,1.0,0.9999999999989596,0.0,1.0,1,1,1
3075,5484,38,281,4286,876,0,0.7847232601058912,0.8928825418428603,0.7616233386151114,0.6765639783689221,24.0,0,0,0
3076,5484,38,294,4286,876,1,0.8058417348027938,0.9506684099283367,0.8826749171477342,0.6610150596772508,27.0,0,0,0
3077,5484,229,29,4286,0,1,0.5,1.0,0.9999999999988514,0.0,1.0,1,1,1
3078,5484,222,317,4286,6407,0,0.7110273910373484,0.825700368665099,0.6986051735315084,0.5963544134095977,16.0,0,0,1
3079,5484,143,300,6407,0,1,0.508479417513718,1.0,0.9999999999967744,0.016958835027435892,2.0,0,0,1
3080,5484,143,42,6407,0,1,0.5,1.0,0.9999999999988514,0.0,1.0,1,1,1
3081,5484,150,35,6407,4286,0,0.5,1.0,0.15712119150718754,0.0,1.0,1,1,1
3082,5484,87,287,4987,0,0,0.5,1.0,0.9999999999894439,0.0,1.0,1,1,1
3084,5484,51,208,6407,0,1,0.7996343952154767,1.0,0.9999999999994815,0.5992687904309535,5.0,0,0,0
3086,6200,53,77,4702,0,0,0.7673253744423448,1.0,0.9999999999995346,0.5346507488846897,3.0,0,0,0
3087,6200,127,124,3155,0,0,0.7167720395873854,1.0,0.9999999999994819,0.4335440791747709,3.0,0,0,0
3088,5114,156,110,1145,0,1,0.5,1.0,0.9999999999980392,0.0,1.0,1,1,1
3089,5114,127,186,1145,0,1,0.5,1.0,0.9999999999885737,0.0,1.0,1,1,1
3090,5114,160,271,4019,2241,0,0.5,1.0,0.35081935302719647,0.0,1.0,1,1,1
3091,2297,160,212,4463,4506,0,0.7475245552617492,1.0,0.7946745327176107,0.4950491105234984,2.0,0,0,0
3092,925,123,310,6635,6890,0,0.5,0.693903213048086,0.4380961865152764,0.306096786951914,3.0,1,1,1
3093,925,123,303,6635,6890,1,0.5,0.693903213048086,0.43809618651531373,0.306096786951914,3.0,1,1,1
3094,925,169,260,3262,1077,0,0.7425756068586278,1.0,0.9137689291650156,0.48515121371725567,2.0,0,0,1
3095,925,115,175,6635,1077,0,0.7475245552617492,1.0,0.9607595670705895,0.4950491105234984,2.0,0,0,0
3096,925,98,358,6890,6635,1,0.7030789264698943,0.8635618935136156,0.543380745878878,0.5425959594261731,4.0,0,0,0
3097,925,223,184,6868,2883,1,0.5,1.0,0.31561494558072567,0.0,1.0,1,1,1
3098,925,53,242,4805,6890,0,0.0,0.0,0.0,0.0,1.0,1,1,1
3100,5397,103,290,986,0,0,0.5,1.0,0.9999999999989999,0.0,1.0,1,1,1
3102,1090,160,185,1468,6607,0,0.5,1.0,0.3010883829578298,0.0,1.0,1,1,1
3103,1090,160,86,6597,4769,1,0.5,1.0,0.10849439921285764,0.0,1.0,1,1,1
3105,5471,160,73,4950,0,0,0.5,1.0,0.9999999999960785,0.0,1.0,1,1,1
3106,5471,150,160,4278,0,0,0.5938129256011041,1.0,0.9999999999983428,0.1876258512022082,2.0,0,0,1
3108,5471,61,45,4278,0,0,0.5,1.0,0.9999999999989388,0.0,1.0,1,1,1
3109,2699,160,247,4984,5421,0,0.5,1.0,0.009901778952979947,0.0,1.0,1,1,1
3111,2823,160,96,6823,0,0,0.5,1.0,0.9999999999988739,0.0,1.0,1,1,1
3113,4904,103,79,6635,0,1,0.5,1.0,0.99999999999898,0.0,1.0,1,1,1
3114,4904,156,93,1176,0,0,0.5744496479682208,1.0,0.9999999999992881,0.14889929593644158,5.0,0,0,0
3115,4904,156,56,1176,0,0,0.5744496479682208,1.0,0.9999999999996579,0.14889929593644158,5.0,0,0,0
3118,3726,38,155,4417,1183,0,0.5,1.0,0.33770526405047874,0.0,1.0,1,1,1
3119,3726,6,324,1183,4293,1,0.5277399848542805,0.9945490185791912,0.9788496943158983,0.06093095112936997,4.0,0,0,0
3127,2650,169,162,2534,2545,0,0.5,0.8869178018376594,0.5677698043962764,0.11308219816234055,2.0,1,1,1
3128,2650,169,231,2545,2534,0,0.7041601591823774,0.9365370243338097,0.6257643056197917,0.471783294030945,3.0,0,0,1
3134,2974,86,341,2445,3767,0,0.5,0.5148487862827442,0.00019607122901973338,0.4851512137172558,2.0,1,1,1
3135,2974,160,230,5219,5674,0,0.5,0.811949817798547,0.06446045620567643,0.18805018220145298,5.0,1,1,1
3136,2974,160,233,5219,5674,0,0.5,0.811949817798547,0.06446045620567449,0.18805018220145298,5.0,1,1,1
3137,2974,160,258,5674,5219,1,0.5,0.7886790549340359,0.2917345553780306,0.2113209450659641,4.0,0,1,0
3138,2974,160,26,2445,2695,0,0.0,0.0,0.0,0.0,1.0,1,1,1
3139,2974,53,240,6556,5762,0,0.5,1.0,0.3377486972983249,0.0,2.0,1,1,1
3140,2974,63,265,2695,0,1,0.6601318950480062,1.0,0.9999999999992928,0.32026379009601225,2.0,0,0,0
3141,2974,155,350,1874,0,0,0.5,1.0,0.9999999999980392,0.0,1.0,1,1,1
3142,2974,105,231,5219,0,0,0.5,1.0,0.9999999999989999,0.0,1.0,1,1,1
3143,438,224,187,6792,4479,0,0.5,1.0,0.09869865099269624,0.0,1.0,1,1,1
3145,3147,169,231,1738,146,0,0.5,1.0,0.5257287775039531,0.0,1.0,1,1,1
3146,4313,61,74,1459,0,0,0.5,1.0,0.9999999999989175,0.0,1.0,1,1,1
3147,4313,160,173,1077,0,0,0.5,1.0,0.9999999999989596,0.0,1.0,1,1,1
3148,4313,53,175,5267,6546,0,0.5,1.0,0.7892452745980251,0.0,1.0,1,1,1
3149,4313,53,262,562,2603,0,0.5,1.0,0.5999999999995105,0.0,1.0,1,1,1
3150,3494,160,352,1873,2442,0,0.5,0.9923989173446942,0.3708877414135113,0.007601082655305791,2.0,1,1,1
3151,3494,157,223,1161,0,0,0.5,1.0,0.9999999999989999,0.0,1.0,1,1,1
3152,5004,160,239,4737,0,0,0.5,1.0,0.9999999999542949,0.0,1.0,1,1,1
3154,5004,142,362,2300,2290,0,0.5,1.0,0.5101438446497988,0.0,3.0,0,1,1
3156,4019,53,324,2199,5779,0,0.5,1.0,0.06920392276148538,0.0,1.0,1,1,1
3157,4019,53,224,2545,5803,0,0.5,1.0,0.02969757256545047,0.0,1.0,1,1,1
3158,3241,156,128,1175,1077,0,0.5,1.0,0.5871745871256044,0.0,1.0,1,1,1
3159,3241,127,218,1077,3459,0,0.5,1.0,0.7119806193277312,0.0,1.0,1,1,1
3160,3241,53,130,6795,6979,0,0.5,1.0,0.7488826693311635,0.0,1.0,1,1,1
3161,3241,160,254,6568,4605,1,0.8486765281938762,0.9952522245166144,0.975968022831803,0.7021008318711379,15.0,0,0,0
3162,3241,142,321,4993,2673,0,0.7450495958869907,1.0,0.99534338602633,0.4900991917739813,2.0,0,0,0
3164,2394,160,208,2471,0,0,0.5,1.0,0.9999999999971435,0.0,1.0,1,1,1
3166,6017,169,19,146,920,1,0.0,0.0,0.0,0.0,1.0,1,1,1
3167,6017,98,243,3155,509,0,0.7392249482168752,0.9861871575417499,0.3869520116909633,0.49226273889200056,3.0,0,0,1
3169,6017,142,62,2103,6889,0,0.5,1.0,0.019315534237258902,0.0,2.0,1,1,1
3170,6017,142,362,6888,3569,1,0.5,0.5942829435933926,0.32686897267305143,0.4057170564066074,4.0,1,1,1
3171,6017,142,10,2527,920,0,0.5,1.0,0.32894702012205573,0.0,2.0,1,1,1
3172,6017,156,292,5036,5187,0,0.8121222650768682,1.0,0.7042033203441441,0.6242445301537365,3.0,0,0,1
3173,906,160,216,3262,0,1,0.5,1.0,0.9999999999975132,0.0,1.0,1,1,1
3174,3990,53,221,2300,3341,1,0.5,0.8062621172384123,0.003896277329025746,0.19373788276158765,2.0,1,1,1
3175,3990,53,170,3380,5887,1,0.5,1.0,0.33774869729832263,0.0,2.0,0,1,1
3176,3990,160,172,3159,3380,0,0.6118666134841447,0.69859045539059,0.3560634625897212,0.5251427715776995,6.0,0,0,0
3177,3990,160,71,3159,0,1,0.5,1.0,0.9999999999968462,0.0,1.0,1,1,1
3178,3990,160,227,3159,5046,0,0.6896037510045159,0.8786302079751678,0.6419613881539196,0.500577294033864,12.0,0,0,0
3179,3990,156,223,3758,3655,0,0.654786177706135,1.0,0.5343284937875163,0.30957235541227,3.0,0,0,0
3180,3990,156,221,3758,3655,0,0.654786177706135,1.0,0.534328493787527,0.30957235541227013,3.0,0,0,0
3181,3990,90,220,2290,2300,0,0.0,0.0,0.0,0.0,1.0,1,1,1
3182,3990,155,144,2126,0,0,0.5,1.0,0.9999999999989999,0.0,1.0,1,1,1
3183,5455,229,271,1148,4265,0,0.5837538880426284,0.7573304548139832,0.5483892755758702,0.4101773212712736,10.0,0,0,0
3184,5455,229,217,1148,2999,1,0.6765719871283999,0.7267321559034559,0.4402141498405018,0.6264118183533439,7.0,0,0,0
3185,5455,229,237,1148,2999,1,0.6765719871283999,0.726732155903456,0.44021414984043433,0.6264118183533438,7.0,0,0,1
3186,5455,160,237,244,4501,0,0.5,0.837804874256764,0.28804143463944243,0.16219512574323602,3.0,1,1,1
3188,5455,160,108,2427,4453,0,0.7000138294343259,0.8292922773132946,0.5417592330348341,0.5707353815553571,4.0,0,0,0
3189,5455,173,240,1148,0,1,0.674258785917069,1.0,0.999999999997342,0.348517571834138,3.0,0,0,1
3190,5455,38,134,1148,4265,1,0.6466485804601998,0.5935789992016259,0.3270398856325483,0.6997181617187737,22.0,0,0,0
3191,5455,38,167,1148,4265,1,0.7601058030736942,0.7593852408277081,0.5381915362289644,0.7608263653196804,27.0,0,0,0
3192,5455,38,133,1148,4265,1,0.6466485804601998,0.5935789992016259,0.3270398856325489,0.6997181617187738,22.0,0,0,0
3193,5455,38,34,1148,4265,1,0.65764843073132,0.8078244103746125,0.6264514608730796,0.5074724510880273,4.0,0,0,0
3194,5455,38,89,4265,1148,0,0.5,0.29244183751755093,0.09719466596337259,0.7075581624824491,10.0,0,1,0
3195,5455,38,281,1148,4265,0,0.7240152349729005,0.6382213155987614,0.4420045784684226,0.8098091543470397,52.0,0,0,0
3196,5455,222,126,1148,1975,0,0.707151830695166,0.7122429777502621,0.46714465824532,0.7020606836400698,8.0,0,0,0
3197,5455,222,118,1148,1975,0,0.7071518306951659,0.712242977750262,0.46714465824534135,0.7020606836400698,8.0,0,0,0
3198,5455,159,275,6479,0,0,0.5,1.0,0.9999999999942868,0.0,1.0,1,1,1
3199,5455,151,266,1148,0,0,0.5,1.0,0.9999999999384854,0.0,1.0,1,1,1
3200,5455,51,93,1148,0,0,0.6881765837744065,1.0,0.999999999999559,0.3763531675488129,3.0,0,0,0
3201,5455,156,309,6979,952,0,0.5,1.0,0.3333333333331111,0.0,1.0,1,1,1
3202,5455,156,327,6979,952,0,0.5,1.0,0.3333333333330159,0.0,1.0,1,1,1
3203,5455,6,259,1148,589,1,0.5441956454695098,0.7955216184511754,0.5773464182295056,0.2928696724878441,6.0,0,0,1
3204,5455,127,338,4021,1148,0,0.5,1.0,0.7020771442215816,0.0,1.0,1,1,1
3205,5455,223,188,1148,0,1,0.5122583065088517,1.0,0.9999999999990049,0.02451661301770358,2.0,0,0,0
3206,5455,223,321,1148,0,0,0.5122583065088517,1.0,0.9999999999861409,0.02451661301770358,2.0,0,0,1
3208,501,224,190,5933,0,0,0.7179947550152684,1.0,0.9999999999990745,0.4359895100305369,2.0,0,0,0
3209,3100,38,193,1145,0,1,0.7856516355637447,1.0,0.9999999999951976,0.5713032711274895,4.0,0,0,1
3210,3100,38,100,1145,0,1,0.7856516355637447,1.0,0.9999999999992386,0.5713032711274895,4.0,0,0,0
3211,3100,150,364,1145,0,1,0.6135859325952385,1.0,0.9999999999625157,0.22717186519047705,4.0,0,0,1
3212,467,224,146,1176,6914,1,0.701129630316311,0.7141195088030103,0.4647737322864339,0.6881397518296116,11.0,0,0,0
3214,2066,127,89,3262,5037,0,0.5,0.7870237117458327,0.5612511245387188,0.21297628825416726,2.0,1,1,1
3215,2066,127,336,6410,3262,1,0.5,0.6708227606699882,0.18086880803388433,0.32917723933001175,5.0,1,1,1
3216,2066,127,160,3262,5037,0,0.5,0.8818613436689385,0.7302760980252919,0.11813865633106146,3.0,0,1,1
3217,2066,53,336,45,1077,0,0.5,1.0,0.3594724198023915,0.0,1.0,1,1,1
3218,2066,155,302,6410,6360,0,0.5,1.0,0.04455445727202025,0.0,2.0,1,1,1
3219,2066,155,299,6410,146,1,0.5,1.0,0.5747871867544273,0.0,2.0,0,1,1
3220,2066,160,290,5037,3155,1,0.5,1.0,0.9546077261525177,0.0,1.0,1,1,1
3222,3372,155,154,3170,2327,0,0.5,1.0,0.01980161645202719,0.0,1.0,1,1,1
3224,4089,160,255,6795,4408,0,0.5,1.0,0.0692039227614404,0.0,1.0,1,1,1
3227,3473,105,280,6795,0,0,0.5,1.0,0.999999999992,0.0,1.0,1,1,1
3229,2713,160,298,5036,537,0,0.5,0.6946445014479113,0.41745651989147103,0.30535549855208866,3.0,0,1,1
3230,2713,160,90,7084,6871,0,0.5,0.5551804202685278,0.04827031743935234,0.44481957973147224,3.0,1,1,1
3231,2713,53,63,6889,0,0,0.5,1.0,0.999999999998293,0.0,1.0,1,1,1
3232,2713,53,324,3149,347,0,0.5,1.0,0.04947009763477877,0.0,1.0,1,1,1
3233,2713,53,148,3380,711,0,0.7014568223560574,0.8138862107762331,0.4691294645115822,0.5890274339358818,3.0,0,0,1
3234,2713,53,180,2300,5792,0,0.5,1.0,0.22389066092895543,0.0,1.0,1,1,1
3235,2713,127,302,3380,929,0,0.5,1.0,0.13286368237428148,0.0,1.0,1,1,1
3236,2713,115,338,5036,7029,0,0.5,1.0,0.45825890045675544,0.0,1.0,1,1,1
3237,2713,156,73,5036,4408,1,0.5,1.0,0.3976579481850467,0.0,2.0,0,1,1
3238,2713,156,100,5036,4408,0,0.5,1.0,0.3976579481849305,0.0,2.0,0,1,1
3239,635,160,285,5079,0,0,0.5,1.0,0.9999999999989999,0.0,1.0,1,1,1
3240,3723,150,336,1171,1146,1,0.5569610006665593,0.8251277911691417,0.6260032398417443,0.288794210163977,9.0,0,0,0
3241,3723,150,134,6410,1171,0,0.6499695347331552,0.7283380869470668,0.42158643018076736,0.5716009825192436,3.0,0,0,0
3243,3723,6,232,1171,1589,1,0.6614379648540414,0.94245666075071,0.858367637759052,0.38041926895737277,4.0,0,0,0
3244,3723,38,195,1171,847,0,0.8021421165456604,0.8258367291009304,0.664924298845068,0.7784475039903904,17.0,0,0,0
3245,3723,38,196,1171,847,0,0.8325667066375205,0.8526178006137299,0.7089507690938491,0.8125156126613111,18.0,0,0,0
3246,3723,38,111,1171,4474,1,0.5991438163693863,0.6362280922590738,0.40344999102759604,0.5620595404796986,7.0,0,0,0
3247,3723,38,127,1171,4474,0,0.7515208667512254,0.7745083348420737,0.5829269532109971,0.728533398660377,9.0,0,0,0
3248,3723,156,141,5210,1171,0,0.5,0.5197938552019579,0.26152891776137976,0.48020614479804213,2.0,1,1,1
3249,3723,156,197,5210,2272,1,0.5,0.5197938552019579,0.14783236740797517,0.48020614479804213,2.0,1,1,1
3250,3723,61,136,1171,0,1,0.5,1.0,0.9999999999972544,0.0,1.0,1,1,1
3251,3825,155,50,6410,5037,0,0.5,1.0,0.014778545105010442,0.0,2.0,1,1,1
3252,3825,53,52,6098,6410,0,0.0,0.0,0.0,0.0,2.0,1,1,1
3254,3017,155,328,2290,0,0,0.5,1.0,0.9999999999900527,0.0,1.0,1,1,1
3255,5154,143,198,5854,0,0,0.5,1.0,0.9999999999974635,0.0,1.0,1,1,1
3258,5154,160,159,1077,3262,1,0.5,0.7664283454743543,0.41362141003512426,0.23357165452564566,2.0,1,1,1
3259,5154,85,154,7111,1077,0,0.5,1.0,0.10849439921287683,0.0,1.0,1,1,1
3260,5154,38,283,5854,7003,0,0.5,0.41543241543604204,0.17978742196360004,0.584567584563958,3.0,1,1,1
3262,4154,160,349,2981,4587,0,0.5,1.0,0.4964738793708681,0.0,1.0,1,1,1
3264,5150,38,343,1128,1810,0,0.5,0.8280409258318552,0.005227378413417122,0.17195907416814482,4.0,1,1,1
3265,3569,155,236,5002,0,0,0.5,1.0,0.9999999999989999,0.0,1.0,1,1,1
3266,3569,127,235,1148,2994,0,0.0,0.0,0.0,0.0,1.0,1,1,1
3269,5527,127,156,4319,6410,0,0.5,1.0,0.23506913281755712,0.0,2.0,1,1,1
3270,5527,127,328,5395,2100,0,0.5934830562011747,0.7827717798734775,0.4593878946824229,0.40419433252887194,7.0,0,0,0
3271,5527,127,338,5395,2100,1,0.7089700638408936,0.8444839360332688,0.5807773466678147,0.5734561916485185,8.0,0,0,0
3272,5527,127,238,6410,5395,1,0.6711356466459951,0.8217081596804205,0.4473325973954274,0.5205631336115697,11.0,0,0,0
3273,5527,127,148,4319,6410,0,0.5,1.0,0.2350691328175713,0.0,2.0,1,1,1
3274,5527,142,140,711,537,0,0.5,0.6328968693863158,0.2758733738343052,0.36710313061368416,3.0,0,1,1
3275,5527,155,224,6410,4319,1,0.5,0.5422627936877937,0.348281980109956,0.45773720631220627,7.0,0,1,0
3276,5527,155,229,6410,4319,0,0.6060502833428527,0.8209607555928912,0.6819939082867806,0.39113981109281415,12.0,0,0,0
3277,5527,155,333,5395,6410,1,0.5,0.4953270028176254,0.3162365763283332,0.5046729971823747,5.0,0,1,0
3278,5527,90,231,2215,0,0,0.5,1.0,0.9999999999941726,0.0,1.0,1,1,1
3280,5527,156,343,3652,2424,0,0.5,0.5049508894765015,0.19351971023826398,0.49504911052349854,2.0,1,1,1
3281,5527,53,115,711,537,0,0.7266317624436924,0.9342726804998674,0.39728467536803935,0.5189908443875173,5.0,0,0,0
3284,328,156,271,1971,1145,0,0.5,0.286864510443262,0.12286084119854664,0.713135489556738,5.0,1,1,1
3285,328,156,321,1145,1971,1,0.5,0.2831987333996695,0.11609216209306394,0.7168012666003305,12.0,1,1,1
3286,328,127,363,1145,2683,0,0.6961406732933237,1.0,0.8999498877853186,0.3922813465866476,5.0,0,0,0
3287,328,56,279,745,3274,1,0.5,1.0,0.1377481444614797,0.0,1.0,1,1,1
3289,4993,127,274,6410,0,1,0.5,1.0,0.9999999999987064,0.0,1.0,1,1,1
3290,4993,105,28,4418,0,1,0.5,1.0,0.9999999999989596,0.0,1.0,1,1,1
3291,4993,155,240,6890,3635,1,0.6778443419254168,1.0,0.7430578732384473,0.35568868385083363,2.0,0,0,1
3292,5488,156,275,2455,0,0,0.5,1.0,0.99999999999184,0.0,1.0,1,1,1
3293,5488,38,194,1173,6493,0,0.7595212118331991,0.82183768151753,0.6846857847866045,0.6972047421488681,9.0,0,0,0
3294,5488,38,191,1173,6493,0,0.726100244785827,0.7444619812347338,0.5767268118256127,0.7077385083369202,8.0,0,0,0
3295,5488,160,137,2266,2455,0,0.5,0.5049508894765015,0.26579373877189627,0.49504911052349854,2.0,1,1,1
3297,5002,115,311,382,0,0,0.5,1.0,0.9999999999963047,0.0,1.0,1,1,1
3298,5002,53,306,382,2266,0,0.6577047961440544,0.7570710142398681,0.32684440179319746,0.5583385780482407,4.0,0,0,1
3299,5002,53,278,382,3569,0,0.6469328774143279,0.8587731509657311,0.5989658832454023,0.4350926038629247,3.0,0,0,0
3300,4004,160,293,3358,5441,0,0.5,1.0,0.5328566909476522,0.0,1.0,1,1,1
3301,4004,53,321,2547,4599,0,0.5,0.532846824790848,0.032592476856507256,0.467153175209152,4.0,1,1,1
3302,4004,53,310,2547,4599,0,0.5,0.532846824790848,0.03259247685650982,0.467153175209152,4.0,1,1,1
3303,4004,90,44,5082,4587,0,0.5,1.0,0.2144643313479244,0.0,1.0,1,1,1
3304,6871,207,337,2100,0,1,0.5,1.0,0.9999999999954953,0.0,1.0,1,1,1
3306,3657,160,293,5037,0,0,0.5,1.0,0.9999999999928962,0.0,1.0,1,1,1
3308,3657,127,98,1077,0,1,0.5,1.0,0.9999999999985717,0.0,1.0,1,1,1
3310,5463,150,75,1154,2026,0,0.5,0.8484539738643238,0.2728977465435591,0.15154602613567625,5.0,0,1,0
3312,5463,38,147,1154,4271,0,0.6905909209737,0.7858556355479114,0.5053980412017196,0.5953262063994886,7.0,0,0,0
3313,5463,38,258,1154,4271,1,0.730701133975838,0.7517670677859898,0.5817198736739422,0.7096352001656862,18.0,0,0,0
3315,5463,127,224,1154,0,0,0.5,1.0,0.9999999999692427,0.0,1.0,1,1,1
3316,5463,6,177,7015,4271,0,0.5,1.0,0.24261666140329055,0.0,1.0,1,1,1
3317,2298,160,259,1386,5395,0,0.6296487630241077,1.0,0.7566897367195152,0.2592975260482152,2.0,0,0,0
3319,3788,56,47,1185,0,0,0.5,1.0,0.9999999999988739,0.0,1.0,1,1,1
3320,3788,156,50,1185,0,1,0.8554588931125066,1.0,0.9999999999997051,0.7109177862250131,4.0,0,0,0
3321,3788,86,49,2461,0,1,0.5,1.0,0.9999999999989388,0.0,1.0,1,1,1
3322,2796,160,183,3005,0,0,0.5,1.0,0.9999999999986272,0.0,1.0,1,1,1
3325,5451,222,148,1179,1060,0,0.5,1.0,0.624748297595076,0.0,1.0,1,1,1
3326,5451,222,310,1060,4669,0,0.6939742675299134,0.8533418736261336,0.7124782945759759,0.5346066614336934,10.0,0,0,0
3327,5451,222,75,1060,0,1,0.5,1.0,0.99999999999898,0.0,1.0,1,1,1
3328,5451,38,350,1486,2624,0,0.6675293577740509,0.7517510464770107,0.43618356799433167,0.583307669071091,11.0,0,0,0
3329,5451,38,131,1486,3211,0,0.5,0.373043746022664,0.03952616570852682,0.626956253977336,4.0,1,1,1
3330,5451,38,73,1060,1050,0,0.5,0.5197938552019578,0.29722719392865327,0.48020614479804224,2.0,1,1,1
3334,927,142,280,2225,2594,0,0.5,1.0,0.2646552037121104,0.0,1.0,1,1,1
3338,329,6,244,2296,2454,0,0.5,0.9209788431612246,0.5196591149450068,0.07902115683877542,2.0,1,1,1
3339,329,6,69,3211,2439,0,0.5,1.0,0.06920392276148009,0.0,1.0,1,1,1
3340,329,6,143,4723,2290,0,0.5,1.0,0.3333333333330624,0.0,1.0,1,1,1
3342,329,156,36,1793,0,0,0.5,1.0,0.9999999999989999,0.0,1.0,1,1,1
3343,329,156,204,3155,2427,0,0.5,1.0,0.049470097634776694,0.0,1.0,1,1,1
3344,329,160,37,3155,0,0,0.5,1.0,0.999999999998805,0.0,1.0,1,1,1
3345,329,160,328,5745,5497,0,0.5,1.0,0.30667156108063437,0.0,1.0,1,1,1
3348,329,56,73,5154,3757,0,0.5,1.0,0.27036621137473643,0.0,1.0,1,1,1
3353,4036,160,116,4082,0,0,0.5,1.0,0.9999999999909905,0.0,1.0,1,1,1
3355,6705,127,121,3380,5421,0,0.5,1.0,0.009901778952990912,0.0,1.0,1,1,1
3356,6705,155,324,3262,0,0,0.6195012886669711,1.0,0.9999999999571623,0.23900257733394226,4.0,0,0,1
3357,6705,160,77,5421,0,1,0.5,1.0,0.99999999999898,0.0,1.0,1,1,1
3358,6705,53,337,711,272,0,0.5,0.9790001356069595,0.5745230259613014,0.020999864393040468,2.0,1,1,1
3359,3977,127,241,4702,0,0,0.5,1.0,0.9999999999989999,0.0,1.0,1,1,1
3360,3977,115,261,5390,0,1,0.5,1.0,0.99999999999898,0.0,1.0,1,1,1
3361,2596,142,257,150,1575,0,0.5,1.0,0.16676352322156074,0.0,1.0,1,1,1
3362,2596,142,216,3951,2278,1,0.5,1.0,0.6062997115188657,0.0,1.0,1,1,1
3364,6955,156,354,829,0,0,0.5,1.0,0.9999999999994694,0.0,2.0,0,1,0
3366,1683,161,45,2083,0,1,0.5,1.0,0.99999999999898,0.0,1.0,1,1,1
3367,5969,156,334,1077,0,0,0.5,1.0,0.9999999999372551,0.0,1.0,1,1,1
3369,1596,160,347,1077,4377,1,0.7762466289871184,0.9199994463857234,0.5472233459263448,0.6324938115885135,7.0,0,0,0
3370,1596,160,295,1077,2166,0,0.5,0.5685386021270008,0.29327639822862345,0.4314613978729992,3.0,1,1,1
3376,5311,53,211,2103,3341,0,0.5,1.0,0.07774610827880539,0.0,2.0,1,1,1
3377,5311,53,199,6293,2243,0,0.5,1.0,0.28410009503933875,0.0,2.0,1,1,1
3378,5311,90,225,6293,0,1,0.5,1.0,0.999999999997028,0.0,1.0,1,1,1
3379,2246,156,333,6335,1181,0,0.5,1.0,0.04947009763477877,0.0,1.0,1,1,1
3380,2246,160,22,956,0,0,0.5,1.0,0.999999999998805,0.0,1.0,1,1,1
3381,2246,160,317,3566,3159,1,0.6554440067925724,0.7867720236944885,0.42275853937794994,0.5241159898906564,7.0,0,0,0
3383,5948,160,280,3155,0,1,0.8524452588394049,1.0,0.9999999999997137,0.7048905176788097,9.0,0,0,0
3384,5422,160,317,1462,4485,1,0.0,0.0,0.0,0.0,1.0,1,1,1
3386,4581,156,274,6291,5463,0,0.5,1.0,0.7400553990618677,0.0,1.0,1,1,1
3387,4581,160,63,5463,0,0,0.5,1.0,0.999999999998454,0.0,1.0,1,1,1
3388,4581,127,257,5463,1946,0,0.5,1.0,0.5936249870879677,0.0,1.0,1,1,1
3390,930,127,290,929,0,1,0.5,1.0,0.99999999999898,0.0,1.0,1,1,1
3391,1496,224,97,4397,4274,1,0.5,1.0,0.16676352322158,0.0,1.0,1,1,1
3392,1496,224,323,6485,4274,1,0.5,0.7284345190259763,0.5698555514219528,0.27156548097402367,4.0,0,1,0
3393,1626,155,341,1077,6017,0,0.5,0.4022063905140396,0.03948610725774772,0.5977936094859604,3.0,1,1,1
3394,1626,155,96,1612,0,0,0.5,1.0,0.9999999999988514,0.0,1.0,1,1,1
3395,1626,6,153,1077,0,1,0.5,1.0,0.99999999999898,0.0,1.0,1,1,1
3397,1626,90,119,6291,0,1,0.5,1.0,0.99999999999898,0.0,1.0,1,1,1
3398,1762,160,168,2596,422,0,0.5,1.0,0.3508193530275277,0.0,1.0,1,1,1
3401,1762,155,303,6504,0,0,0.5,1.0,0.9999999999892327,0.0,1.0,1,1,1
3402,1357,53,21,6364,0,1,0.5,1.0,0.99999999999898,0.0,1.0,1,1,1
3403,566,160,140,5455,6890,0,0.5,1.0,0.05934280798971192,0.0,1.0,1,1,1
3404,566,53,114,537,0,0,0.5,1.0,0.9999999999972544,0.0,1.0,1,1,1
3405,566,53,92,537,0,0,0.5,1.0,0.9999999999982241,0.0,1.0,1,1,1
3406,566,90,292,4465,7042,0,0.5,1.0,0.36806410533278083,0.0,1.0,1,1,1
3407,566,91,149,978,0,1,0.5,1.0,0.99999999999898,0.0,1.0,1,1,1
3408,2248,53,203,670,2243,0,0.5,1.0,0.20499788146859568,0.0,1.0,1,1,1
3412,2695,127,166,3155,0,0,0.777281035650029,1.0,0.9999999999994009,0.5545620713000581,5.0,0,0,0
3413,2695,169,238,6823,0,0,0.5,1.0,0.9999999999448366,0.0,2.0,0,1,1
3414,2695,169,311,6823,0,0,0.5,1.0,0.9999999997658388,0.0,2.0,0,1,1
3415,2695,53,159,3341,6052,0,0.5,1.0,0.37659339364957417,0.0,1.0,1,1,1
3416,2695,156,248,3933,2445,0,0.5,1.0,0.9709798508928466,0.0,1.0,1,1,1
3417,2695,156,221,2445,0,0,0.5,1.0,0.9999999999464485,0.0,1.0,1,1,1
3418,2695,160,92,2445,5218,0,0.7175109159053825,0.6991111135545381,0.5056803932299442,0.7359107182562268,7.0,0,0,0
3419,2695,160,350,2445,5762,0,0.8271297955431269,0.8441045885047233,0.6808912121655704,0.8101550025815307,23.0,0,0,0
3420,2695,160,58,2445,999,0,0.7623287342290905,0.8785619838749986,0.7508753264914665,0.6460954845831824,6.0,0,0,0
3421,2695,160,69,2445,999,1,0.7623287342290905,0.8785619838749985,0.7508753264914252,0.6460954845831824,6.0,0,0,0
3425,2404,160,36,1523,0,0,0.5,1.0,0.9999999999981524,0.0,1.0,1,1,1
3426,2404,207,148,1077,0,0,0.5,1.0,0.9999999999958383,0.0,1.0,1,1,1
3427,2404,169,359,2461,0,0,0.5,1.0,0.9999999994777592,0.0,1.0,1,1,1
3431,3998,160,138,3921,5462,1,0.5,0.7592631324391005,0.13683960240048226,0.24073686756089951,2.0,1,1,1
3432,3998,160,127,3921,0,0,0.5,1.0,0.9999999999974127,0.0,1.0,1,1,1
3437,4534,167,318,3159,0,1,0.636703876312402,1.0,0.9999999999995868,0.2734077526248039,4.0,0,0,0
3438,4534,224,331,3159,4346,1,0.7866178288787844,0.8525239105159621,0.6270970594353844,0.7207117472416066,10.0,0,0,0
3439,2321,160,293,2442,4852,1,0.7311054795688421,0.9445102664641508,0.8883865111250296,0.5177006926735335,7.0,0,0,0
3440,2321,160,282,2442,4852,1,0.7311054795688421,0.9445102664641508,0.88838651112513,0.5177006926735335,7.0,0,0,0
3441,2321,53,34,122,0,0,0.5,1.0,0.9999999999989999,0.0,1.0,1,1,1
3442,3741,160,125,1553,1523,0,0.5,1.0,0.15712119150717685,0.0,1.0,1,1,1
3444,3741,150,178,1553,0,0,0.5,1.0,0.9999999999977919,0.0,1.0,1,1,1
3445,5758,160,286,4304,4868,0,0.5,1.0,0.5537907735900065,0.0,1.0,1,1,1
3447,3158,160,128,3155,0,1,0.5984250721201594,1.0,0.9999999999991643,0.19685014424031877,2.0,0,0,0
3448,2272,160,317,5037,6410,0,0.5,0.6585170718165859,0.0626523677165553,0.3414829281834141,4.0,1,1,1
3449,2272,160,134,6410,3262,0,0.5,0.32133110072488474,0.18434459119091628,0.6786688992751153,4.0,1,1,1
3450,2272,156,181,5037,768,0,0.5,0.8584144223701331,0.4637863666772552,0.1415855776298669,2.0,1,1,1
3451,2272,53,224,1077,6712,0,0.5,1.0,0.9237552197363841,0.0,1.0,1,1,1
3452,2272,61,226,3262,0,0,0.5,1.0,0.999999999950527,0.0,1.0,1,1,1
3453,4425,155,175,3159,0,1,0.5,1.0,0.99999999999898,0.0,1.0,1,1,1
3454,3988,142,216,3380,3341,0,0.5,1.0,0.6277427162917956,0.0,1.0,1,1,1
3455,5984,224,24,1145,0,0,0.5,1.0,0.9999999999988739,0.0,1.0,1,1,1
3458,3703,160,128,1203,1777,0,0.5,0.858414422370133,0.7476139347713064,0.141585577629867,2.0,1,1,1
3461,2665,160,343,6875,0,1,0.5,1.0,0.9999999999977477,0.0,1.0,1,1,1
3462,1171,6,356,4474,2570,0,0.5,0.8828637228778604,0.1113392035229216,0.11713627712213959,3.0,1,1,1
3465,1171,156,246,3262,4600,0,0.5,1.0,0.07905153228866356,0.0,1.0,1,1,1
3468,2388,53,195,2103,0,0,0.5,1.0,0.9999999999823346,0.0,1.0,1,1,1
3469,4634,127,96,1345,6315,0,0.0,0.0,0.0,0.0,1.0,1,1,1
3470,5421,142,149,711,2569,0,0.5,0.6305817975850098,0.06204261871275367,0.36941820241499024,2.0,1,1,1
3471,5421,142,348,711,359,0,0.5,0.8305584227275512,0.14138546130251653,0.1694415772724488,8.0,1,1,1
3473,5421,142,75,3380,3512,0,0.0,0.0,0.0,0.0,1.0,1,1,1
3474,5421,98,278,6890,2290,0,0.5,1.0,0.039587710403726564,0.0,1.0,1,1,1
3475,5421,103,322,2290,0,0,0.5,1.0,0.9999999998918363,0.0,2.0,0,1,1
3476,5421,127,60,2290,3155,0,0.5,1.0,0.23788210689714043,0.0,2.0,1,1,1
3477,6141,160,352,6348,0,0,0.5,1.0,0.9999999999989999,0.0,1.0,1,1,1
3478,5705,150,213,1128,0,1,0.5,1.0,0.999999999998805,0.0,1.0,1,1,1
3479,4565,56,258,2290,2417,0,0.5,0.5493493254963753,0.36160159734357844,0.4506506745036247,2.0,1,1,1
3481,4565,160,159,2417,2290,0,0.5,0.6874939616619256,0.4338340178751828,0.31250603833807444,3.0,1,1,1
3483,637,156,142,1179,0,0,0.6778443419254168,1.0,0.9999999999993556,0.3556886838508335,2.0,0,0,0
3485,4468,160,230,4407,5395,0,0.8365588147870566,0.851462556170321,0.6982448367570185,0.8216550734037924,35.0,0,0,0
3486,4468,160,225,4407,5395,0,0.8365588147870566,0.8514625561703209,0.6982448367570259,0.8216550734037924,35.0,0,0,0
3487,4468,160,71,4407,5474,0,0.6062218758409537,0.6694116715261413,0.4102046634704476,0.5430320801557659,11.0,0,0,0
3488,4468,160,116,4407,1215,1,0.7382002564273233,0.6802998243997408,0.4231365054978489,0.7961006884549059,16.0,0,0,0
3489,4468,160,340,4407,4507,1,0.8500596480376765,0.875096986663641,0.7745682935424193,0.825022309411712,64.0,0,0,0
3490,4468,160,68,4407,5474,0,0.7430471448704625,0.8424237873230391,0.5262317566566472,0.6436705024178858,10.0,0,0,0
3491,4468,160,308,4407,1503,1,0.7091792224262361,0.7067774481202161,0.493717073417107,0.7115809967322562,51.0,0,0,0
3492,4468,160,136,4407,5395,1,0.6459154545994301,0.6867754763762799,0.456483914717188,0.6050554328225803,21.0,0,0,0
3493,4468,160,343,4407,5395,0,0.826430104463362,0.8278378995150121,0.687843446525222,0.825022309411712,64.0,0,0,0
3494,4468,160,159,4407,5395,0,0.7367921962909214,0.767165384646892,0.5656865184894958,0.7064190079349508,23.0,0,0,0
3498,1185,6,148,2461,566,1,0.5,0.4798289100832314,0.18501169996722222,0.5201710899167686,5.0,1,1,1
3499,1185,127,282,2461,0,0,0.5,1.0,0.999999999991169,0.0,2.0,0,1,1
3500,1185,56,54,2461,1222,1,0.5,1.0,0.3976579481850622,0.0,2.0,0,1,0
3501,1185,56,274,3788,2461,0,0.7167179719939842,0.9723684149719549,0.3797802983248012,0.46106752901601367,3.0,0,0,1
3503,1185,224,304,4612,523,0,0.5,1.0,0.2605262716919874,0.0,1.0,1,1,1
3507,5495,38,336,1180,6792,0,0.7231003292814298,0.7538748463243848,0.5708410588939572,0.6923258122384746,12.0,0,0,0
3511,3653,160,342,6902,0,0,0.5,1.0,0.9999999999747687,0.0,1.0,1,1,1
3512,1643,160,48,2570,0,1,0.5,1.0,0.999999999998293,0.0,1.0,1,1,1
3516,2570,160,44,3262,0,0,0.5,1.0,0.9999999999989999,0.0,1.0,1,1,1
3519,587,224,246,146,4484,0,0.6691289286699246,0.7978701581229345,0.42770835965780707,0.5403876992169147,11.0,0,0,0
3520,587,224,331,146,4484,1,0.5,0.35690067681617477,0.06429164064983159,0.6430993231838252,12.0,1,1,1
3521,587,224,124,146,4484,0,0.5,0.42296434613566664,0.1338977333613832,0.5770356538643333,6.0,1,1,1
3522,587,45,246,146,4851,0,0.660822959985643,0.9778046320402336,0.8807550468858226,0.3438412879310523,3.0,0,0,1
3526,6321,156,129,1145,1971,1,0.6601318950480062,1.0,0.5148487862824275,0.32026379009601236,2.0,0,0,1
3527,6321,156,98,1145,1971,0,0.0,0.0,0.0,0.0,1.0,1,1,1
3532,1527,38,215,1145,4261,1,0.7731900270574255,0.9460910327430584,0.8774496205226083,0.6002890213717926,16.0,0,0,0
3537,883,53,222,2300,0,0,0.5,1.0,0.999999999965362,0.0,1.0,1,1,1
3539,2798,56,147,573,0,0,0.5,1.0,0.9999999999986408,0.0,2.0,0,1,1
3540,2798,160,231,3155,6411,0,0.5,0.753800695835553,0.1586202894562127,0.24619930416444702,3.0,1,1,1
3541,2798,156,322,5157,2445,1,0.5,1.0,0.8635340783680345,0.0,1.0,1,1,1
3542,2798,169,331,3155,6568,1,0.5,0.3573903781733248,0.17133485109891508,0.6426096218266752,10.0,0,1,1
3546,3995,142,132,3285,6426,1,0.5,1.0,0.3931294570097182,0.0,1.0,1,1,1
3548,6917,61,313,1077,0,1,0.5,1.0,0.99999999999898,0.0,1.0,1,1,1
3550,5158,38,41,5373,448,1,0.6682468798944246,0.7548887174500679,0.5257086575431907,0.5816050423387813,3.0,0,0,0
3551,5158,38,83,1477,245,1,0.5,0.6024989407343608,0.14341597522717933,0.39750105926563917,2.0,1,1,1
3552,5158,6,6,235,0,0,0.5,1.0,0.9999999999989175,0.0,1.0,1,1,1
3553,5158,160,299,5441,1918,1,0.5,0.9971906696637182,0.7199174229363714,0.0028093303362818345,3.0,0,1,1
3556,1943,155,293,1077,2290,0,0.5,1.0,0.1182691231176001,0.0,1.0,1,1,1
3557,1943,155,100,3162,0,1,0.5,1.0,0.9999999999994641,0.0,2.0,0,1,0
3558,1943,155,156,2290,2300,1,0.0,0.0,0.0,0.0,1.0,1,1,1
3559,6962,160,104,1077,0,1,0.6413814590832734,1.0,0.9999999999990535,0.28276291816654675,2.0,0,0,0
3560,6962,160,246,1077,5154,1,0.5,0.6003964574596746,0.23448598001442655,0.3996035425403254,5.0,1,1,1
3563,2216,127,99,3155,0,1,0.5,1.0,0.9999999999994592,0.0,2.0,0,1,0
3564,2242,160,16,3155,0,0,0.5,1.0,0.9999999999986805,0.0,1.0,1,1,1
3566,2242,53,344,6533,2103,0,0.5,1.0,0.3411045576049868,0.0,1.0,1,1,1
3567,4153,155,222,6890,0,1,0.5,1.0,0.99999999999898,0.0,1.0,1,1,1
3568,680,160,236,649,0,0,0.551593401448956,1.0,0.9999999999980966,0.10318680289791193,3.0,0,0,1
3569,680,208,109,649,0,0,0.5,1.0,0.9999999999981154,0.0,1.0,1,1,1
3570,951,155,42,3262,0,1,0.5,1.0,0.9999999999984843,0.0,1.0,1,1,1
3572,951,127,171,3262,0,1,0.5508506494479676,1.0,0.9999999999980165,0.10170129889593515,2.0,0,0,1
3574,6977,160,34,2427,2547,1,0.5,0.6259566299622092,0.23004510891925659,0.37404337003779076,2.0,1,1,1
3575,6977,160,118,2427,2547,1,0.7022301687545445,0.9225963400457814,0.7706416972632688,0.48186399746330744,4.0,0,0,0
3577,2697,156,273,733,1077,0,0.5,1.0,0.6567042349000691,0.0,1.0,1,1,1
3584,5246,156,197,7076,0,0,0.5,1.0,0.9999999999928962,0.0,1.0,1,1,1
3586,7047,53,142,382,2103,1,0.5,0.5296714039948719,0.22472823203570436,0.4703285960051281,2.0,1,1,1
3590,1837,56,190,1077,0,1,0.5,1.0,0.9999999999878741,0.0,1.0,1,1,1
3592,4064,160,82,2290,4383,1,0.5,1.0,0.1182691231183076,0.0,1.0,1,1,1
3594,1283,142,154,2906,3972,0,0.5,1.0,0.2144643313479166,0.0,1.0,1,1,1
3595,1283,115,170,4304,0,1,0.5,1.0,0.9999999999984843,0.0,1.0,1,1,1
3598,1283,207,191,2290,6410,1,0.0,0.0,0.0,0.0,1.0,1,1,1
3599,1283,102,210,2175,0,0,0.5,1.0,0.9999999999960001,0.0,1.0,1,1,1
3600,4569,160,182,3155,3566,1,0.8103755046814132,0.9503900434166869,0.8752130825525608,0.6703609659461395,33.0,0,0,0
3601,4569,160,245,3155,1077,0,0.8937958234930998,0.9413991689894838,0.864857873883924,0.8461924779967158,39.0,0,0,0
3602,4569,160,250,3155,5293,1,0.8045846661054752,0.877728205422621,0.7611694924908223,0.7314411267883294,40.0,0,0,0
3603,4569,160,237,3155,1077,1,0.8714054836006904,0.9170999516127765,0.8140309353118693,0.8257110155886042,37.0,0,0,0
3604,4569,160,342,3155,5036,1,0.8558388655679094,0.8776875442038866,0.7540232051260982,0.8339901869319322,52.0,0,0,0
3605,4569,160,153,3155,3566,1,0.8451342679759233,0.8958712031598755,0.7548853919178092,0.794397332791971,27.0,0,0,0
3606,4569,160,104,3155,5924,1,0.8209304262889274,0.8929068580795376,0.8030156776556606,0.7489539944983173,20.0,0,0,0
3607,4569,53,129,2290,4187,0,0.5,0.6555861405913617,0.15540621039089775,0.34441385940863833,3.0,1,1,1
3608,4569,53,95,2290,4187,0,0.5,0.6555861405913614,0.15540621039099342,0.34441385940863856,3.0,1,1,1
3610,4569,155,319,1077,0,0,0.5,1.0,0.999999999985465,0.0,3.0,0,1,1
3611,4569,222,212,1060,0,1,0.5,1.0,0.99999999999898,0.0,1.0,1,1,1
3612,1375,142,302,7038,3149,0,0.5,1.0,0.46993179379203215,0.0,2.0,0,1,1
3613,1375,98,243,1077,6407,1,0.5,0.953034561289198,0.5498583193380822,0.046965438710802054,2.0,1,1,1
3614,1375,53,82,362,0,0,0.5,1.0,0.9999999999988739,0.0,1.0,1,1,1
3615,4602,160,139,2455,6504,0,0.5,1.0,0.18131384979037873,0.0,2.0,1,1,1
3616,6552,53,355,5036,711,0,0.5,1.0,0.648301973646148,0.0,1.0,1,1,1
3617,4233,38,41,1161,0,1,0.5,1.0,0.9999999999988284,0.0,1.0,1,1,1
3618,4233,38,153,1161,1873,1,0.8868818103258984,0.9690419038014535,0.8977111376522933,0.8047217168503434,10.0,0,0,0
3619,4233,143,146,1161,2442,0,0.0,0.0,0.0,0.0,1.0,1,1,1
3620,4233,202,275,1161,0,1,0.5160492148697691,1.0,0.9999999999970659,0.03209842973953825,2.0,0,0,1
3621,4233,191,314,1161,5081,0,0.5377124313708114,0.9372515570665878,0.7948121983871285,0.13817330567503494,4.0,0,0,1
3625,3132,53,355,545,5762,0,0.0,0.0,0.0,0.0,1.0,1,1,1
3629,5735,160,172,3159,0,0,0.5,1.0,0.9999999999911673,0.0,1.0,1,1,1
3635,818,127,288,1145,1353,0,0.0,0.0,0.0,0.0,1.0,1,1,1
3636,818,127,45,1145,1353,0,0.0,0.0,0.0,0.0,1.0,1,1,1
3637,3928,156,362,1161,2442,0,0.5,0.7519492530313434,0.5068127643439096,0.2480507469686566,2.0,1,1,1
3638,3928,160,271,2442,1077,1,0.8145253069862886,0.9978591896979973,0.9776539647313438,0.6311914242745797,6.0,0,0,0
3641,2454,56,276,3211,4415,0,0.5,1.0,0.5038985060609109,0.0,1.0,1,1,1
3642,2454,56,184,4415,6635,0,0.0,0.0,0.0,0.0,1.0,1,1,1
3645,4480,160,301,5037,223,1,0.5,0.9711171015941091,0.19053470249137194,0.028882898405890867,3.0,1,1,1
3646,1183,156,131,5264,4248,0,0.5,1.0,0.11826912311828218,0.0,1.0,1,1,1
3647,1183,215,24,1456,0,0,0.5,1.0,0.9999999999986272,0.0,1.0,1,1,1
3649,1183,6,148,5744,3489,0,0.5,1.0,0.37231549669738756,0.0,1.0,1,1,1
3650,1183,224,328,7010,3159,0,0.6364104585067862,1.0,0.772198089674493,0.2728209170135725,3.0,0,0,0
3651,1183,205,163,4417,0,1,0.5,1.0,0.99999999999898,0.0,1.0,1,1,1
3652,1183,115,129,3969,0,0,0.5,1.0,0.9999999999906266,0.0,1.0,1,1,1
3653,1183,155,232,929,0,0,0.5,1.0,0.9999999999908104,0.0,1.0,1,1,1
3654,6861,90,292,5081,0,0,0.5,1.0,0.9999999999954953,0.0,1.0,1,1,1
3655,366,160,320,2290,0,1,0.5398706066759067,1.0,0.9999999999983495,0.07974121335181339,3.0,0,0,1
3657,2273,53,14,2266,4319,0,0.5,0.6513679467462599,0.21111712501177388,0.34863205325374014,3.0,0,1,0
3659,2273,160,146,2290,2457,0,0.5,1.0,0.17237893521799935,0.0,1.0,1,1,1
3660,2273,160,264,3155,497,1,0.5,1.0,0.22389066092894988,0.0,1.0,1,1,1
3665,1417,160,154,4188,0,0,0.5,1.0,0.9999999999868746,0.0,1.0,1,1,1
3669,5987,224,49,5496,0,1,0.5,1.0,0.99999999999898,0.0,1.0,1,1,1
3670,782,56,349,6195,0,0,0.5,1.0,0.9999999999752635,0.0,1.0,1,1,1
3671,2926,155,254,2661,3873,0,0.5,1.0,0.8122376090353131,0.0,1.0,1,1,1
3672,2926,169,107,4723,0,0,0.5,1.0,0.9999999999970863,0.0,1.0,1,1,1
3674,6140,38,145,5091,0,0,0.5,1.0,0.9999999999989999,0.0,1.0,1,1,1
3679,3162,142,104,1943,3341,1,0.5,0.7336260211457082,0.4124876203009252,0.2663739788542918,4.0,0,1,0
3680,3162,142,266,3158,3155,1,0.5,1.0,0.00990177895299781,0.0,1.0,1,1,1
3682,646,160,307,785,509,0,0.5,1.0,0.20499788146856493,0.0,1.0,1,1,1
3685,5008,123,243,1161,0,1,0.5,1.0,0.9999999999974127,0.0,1.0,1,1,1
3686,5008,160,264,2442,0,0,0.5,1.0,0.9999999999602114,0.0,1.0,1,1,1
3688,1923,160,112,45,146,0,0.5,0.6130411874819184,0.03188221178965801,0.3869588125180816,5.0,1,1,1
3689,1923,160,137,45,146,0,0.5,0.39666812006543695,0.24450416700132693,0.603331879934563,7.0,0,1,0
3690,1923,160,153,45,146,0,0.5,0.39666812006543695,0.24450416700131417,0.603331879934563,7.0,0,1,0
3691,1923,169,250,545,5584,1,0.7459728341063832,0.8004526003840151,0.6447397014029829,0.6914930678287512,4.0,0,0,1
3693,3133,160,273,4408,2266,0,0.5,0.8748413436070925,0.047017467875146934,0.12515865639290746,3.0,1,1,1
3694,3133,160,219,5824,501,0,0.5,1.0,0.0888837374251752,0.0,1.0,1,1,1
3695,3133,160,68,2713,536,0,0.5,1.0,0.14744881036222598,0.0,1.0,1,1,1
3696,3133,90,50,4718,0,0,0.5,1.0,0.9999999999981524,0.0,1.0,1,1,1
3698,2277,169,71,2100,2290,1,0.5,1.0,0.4017973015040752,0.0,2.0,0,1,1
3699,2277,169,58,2100,2290,0,0.5,1.0,0.40179730150411697,0.0,2.0,0,1,0
3700,2277,156,62,1147,0,1,0.5,1.0,0.99999999999898,0.0,1.0,1,1,1
3701,2277,53,324,2230,1037,1,0.5,1.0,0.5537907735910366,0.0,1.0,1,1,1
3702,2277,53,62,2266,6293,1,0.5,1.0,0.1954929225944985,0.0,1.0,1,1,1
3703,2277,14,190,711,0,0,0.5,1.0,0.9999999999989999,0.0,1.0,1,1,1
3704,2277,160,286,5311,4408,0,0.5,1.0,0.11647462669130153,0.0,1.0,1,1,1
3705,3989,127,283,1169,0,0,0.5,1.0,0.9999999999868746,0.0,1.0,1,1,1
3709,5196,38,68,1813,4293,0,0.5,1.0,0.019801616452024457,0.0,1.0,1,1,1
3710,5196,6,160,1183,0,0,0.645432236322576,1.0,0.9999999999991181,0.2908644726451518,2.0,0,0,0
3711,4816,6,27,1932,0,1,0.5,1.0,0.99999999999898,0.0,1.0,1,1,1
3713,3717,160,277,1215,5395,0,0.5,0.9372224437637182,0.3061243558080672,0.06277755623628178,3.0,1,1,1
3714,3717,160,15,5474,0,0,0.5,1.0,0.9999999999989388,0.0,1.0,1,1,1
3715,3717,160,216,5395,4356,0,0.5,0.5118586793255953,0.2869550818669563,0.48814132067440474,4.0,1,1,1
3717,4555,56,276,1128,5705,1,0.6599561589171508,0.9950298801095485,0.975582485450541,0.3248824377247531,6.0,0,0,0
3718,4555,56,16,1128,0,1,0.5,1.0,0.9999999999989175,0.0,1.0,1,1,1
3720,6302,224,198,1060,1050,0,0.5,0.7896805613579381,0.019040056883316024,0.21031943864206193,3.0,1,1,1
3721,1884,53,320,18,0,0,0.5,1.0,0.9999999999963047,0.0,1.0,1,1,1
3723,862,53,331,1755,0,0,0.5,1.0,0.9999999999978776,0.0,1.0,1,1,1
3724,6122,169,62,3155,4601,1,0.5,1.0,0.28862263229813545,0.0,1.0,1,1,1
3725,6122,156,75,3262,1145,0,0.5,1.0,0.274971838358648,0.0,2.0,1,1,1
3727,1273,169,356,2617,2460,0,0.5,1.0,0.5673706306599849,0.0,1.0,1,1,1
3728,3173,169,241,1077,6410,0,0.5,1.0,0.5673706306610328,0.0,1.0,1,1,1
3729,3173,155,232,1077,920,1,0.5384413023018049,1.0,0.8856890379139111,0.07688260460360963,3.0,0,0,0
3730,3173,155,253,1077,920,0,0.5384413023018049,1.0,0.8856890379137021,0.07688260460360963,3.0,0,0,0
3731,3173,155,231,1077,920,1,0.5384413023018049,1.0,0.885689037913919,0.07688260460360963,3.0,0,0,0
3734,3087,224,188,4415,1176,0,0.5,0.6505145348960246,0.11204004095193301,0.3494854651039754,4.0,1,1,1
3735,3358,156,348,1161,4783,0,0.5731878706481225,0.966243235764703,0.7490079154803173,0.18013250553154203,6.0,0,0,0
3738,4600,127,320,6410,0,0,0.5,1.0,0.9999999999965179,0.0,1.0,1,1,1
3740,382,160,343,2678,1077,0,0.5,1.0,0.1954929225945135,0.0,1.0,1,1,1
3741,382,160,123,2667,0,0,0.5,1.0,0.9999999999945087,0.0,1.0,1,1,1
3742,382,169,99,1140,0,0,0.5,1.0,0.9999999999989999,0.0,1.0,1,1,1
3743,382,6,340,3897,278,0,0.5,0.9483982126113827,0.5056736344079162,0.051601787388617315,2.0,1,1,1
3745,382,53,330,5002,2103,0,0.5,0.7565552725934177,0.055398027795261005,0.2434447274065823,4.0,1,1,1
3746,382,53,194,7047,1699,0,0.5,0.5328335965232355,0.007807713981315197,0.4671664034767645,5.0,1,1,1
3747,382,127,272,2103,359,1,0.6489467917487204,0.6757018299075471,0.4189074371094527,0.6221917535898938,9.0,0,0,0
3748,382,127,320,2103,2667,1,0.6989048465038169,0.7964495384174084,0.6397754369886782,0.6013601545902254,13.0,0,0,0
3749,382,127,342,2103,1140,1,0.7140933936969824,0.727247849541231,0.4977387033955787,0.7009389378527338,14.0,0,0,0
3752,180,160,159,587,3521,0,0.5,1.0,0.7445015710294077,0.0,1.0,1,1,1
3754,6895,169,324,1144,3544,1,0.0,0.0,0.0,0.0,1.0,1,1,1
3757,3941,160,96,362,0,1,0.5,1.0,0.9999999999962308,0.0,1.0,1,1,1
3760,6603,208,326,3159,0,1,0.9060669061843236,1.0,0.9999999999999185,0.8121338123686472,25.0,0,0,0
3761,6603,208,308,3159,0,1,0.8825605666688454,1.0,0.9999999999999227,0.7651211333376908,21.0,0,0,0
3762,6603,208,330,3159,0,1,0.9060669061843236,1.0,0.9999999999999117,0.8121338123686472,25.0,0,0,0
3763,6603,208,263,3159,0,1,0.5,1.0,0.9999999999934372,0.0,1.0,1,1,1
3765,4724,160,20,3155,0,0,0.5,1.0,0.9999999999989999,0.0,1.0,1,1,1
3767,2212,160,351,6360,5037,0,0.5,1.0,0.9882281626391884,0.0,1.0,1,1,1
3768,2212,169,112,6017,6411,0,0.5,1.0,0.06920392276147211,0.0,1.0,1,1,1
3769,2212,98,248,6017,669,0,0.5,1.0,0.5999999999894569,0.0,1.0,1,1,1
3770,44,180,340,3922,0,1,0.5,1.0,0.99999999999898,0.0,1.0,1,1,1
3771,2547,6,279,1148,6979,0,0.5,0.8568418002971495,0.14030871206753937,0.14315819970285049,3.0,1,1,1
3773,2547,160,344,2427,5455,1,0.785238524530584,0.9461787811623511,0.8733008332583791,0.6242982678988169,30.0,0,0,0
3774,2547,24,334,5455,0,0,0.5,1.0,0.9999999999048963,0.0,1.0,1,1,1
3775,2547,156,201,1148,2427,1,0.7435484626261708,0.8159126725472651,0.5146160599378213,0.6711842527050766,5.0,0,0,0
3776,2547,156,76,1148,6794,1,0.5,1.0,0.1667635232215653,0.0,1.0,1,1,1
3777,2547,115,113,1148,0,1,0.5,1.0,0.9999999999960785,0.0,1.0,1,1,1
3780,2547,53,348,4004,4021,0,0.5,0.5521336602566329,0.2976003135278322,0.4478663397433671,4.0,1,1,1
3781,5305,160,267,2290,4383,0,0.5,0.5223623939360387,0.33500203007278073,0.47763760606396133,4.0,1,1,1
3783,5305,56,96,2290,0,1,0.5,1.0,0.9999999999994849,0.0,2.0,0,1,0
3784,6568,142,157,7038,1826,0,0.5,0.783685315330782,0.09190745396200285,0.216314684669218,2.0,1,1,1
3785,6568,142,138,7038,1826,0,0.5,0.7836853153307821,0.09190745396203112,0.21631468466921788,2.0,1,1,1
3786,6568,142,21,6137,2663,0,0.5,1.0,0.059342807989711296,0.0,1.0,1,1,1
3787,6568,98,299,6017,1077,0,0.5,1.0,0.36806410533248274,0.0,1.0,1,1,1
3790,6568,169,181,1175,0,0,0.5,1.0,0.9999999999715852,0.0,1.0,1,1,1
3793,6979,160,18,2427,2547,1,0.5,0.559134561559201,0.2918475659864639,0.44086543844079895,2.0,1,1,1
3794,6979,160,336,2427,244,0,0.7016735464150583,0.791694282906339,0.5919432421022007,0.6116528099237777,27.0,0,0,0
3795,6979,156,41,2427,3233,0,0.5,1.0,0.12802097993881242,0.0,1.0,1,1,1
3796,6979,169,104,5455,0,0,0.5,1.0,0.9999999999986541,0.0,1.0,1,1,1
3797,6979,53,261,6795,2672,0,0.5,1.0,0.3021570851297194,0.0,1.0,1,1,1
3798,6979,53,50,3241,0,0,0.5,1.0,0.999999999998293,0.0,1.0,1,1,1
3799,6979,155,243,6644,2083,1,0.5,0.7394732253800312,0.5093275465513569,0.26052677461996876,5.0,1,1,1
3800,6979,127,280,6644,1148,1,0.5,0.9265551143224975,0.37461120194174674,0.07344488567750251,2.0,1,1,1
3801,6979,61,255,3982,4501,0,0.5,1.0,0.2703662113745398,0.0,1.0,1,1,1
3802,4551,169,348,2533,6890,0,0.5,1.0,0.4964738793708681,0.0,1.0,1,1,1
3803,4551,160,64,362,2403,0,0.8172164405531512,1.0,0.5859581202834794,0.6344328811063025,4.0,0,0,0
3804,4551,127,79,2543,1155,0,0.5,1.0,0.06920392276146985,0.0,1.0,1,1,1
3807,3145,56,306,1077,0,0,0.5,1.0,0.9999999998059882,0.0,1.0,1,1,1
3808,2533,160,125,362,2403,1,0.6745473173851972,0.8097277669583042,0.41293086804001145,0.5393668678120903,4.0,0,0,0
3812,6597,224,362,1161,2442,0,0.7450326470605249,0.9615047102234364,0.8155624394717348,0.5285605838976134,14.0,0,0,0
3813,6597,224,124,1161,0,1,0.8384737925460288,1.0,0.9999999999992577,0.6769475850920577,5.0,0,0,0
3814,6597,224,119,1161,0,1,0.8384737925460288,1.0,0.9999999999993278,0.6769475850920577,5.0,0,0,0
3815,6597,224,147,1161,0,1,0.8384737925460288,1.0,0.9999999999988296,0.6769475850920577,5.0,0,0,1
3823,6449,160,190,359,2420,0,0.5,0.9039770933272007,0.3596965761156684,0.09602290667279934,6.0,0,1,0
3824,6449,160,306,2420,359,0,0.5,0.7067854913429051,0.23255425657409282,0.29321450865709486,3.0,1,1,1
3826,3908,127,37,1077,0,1,0.5,1.0,0.999999999998423,0.0,1.0,1,1,1
3827,3908,127,40,1077,0,1,0.5,1.0,0.9999999999983266,0.0,1.0,1,1,1
3830,235,160,293,503,2435,0,0.5,0.5493493254963752,0.10112151622918694,0.45065067450362484,2.0,1,1,1
3834,3197,160,249,3155,3159,1,0.5974197360001863,0.8655091155701011,0.6716096517418795,0.3293303564302713,12.0,0,0,1
3835,3197,56,198,3155,0,0,0.5,1.0,0.9999999999926092,0.0,1.0,1,1,1
3837,3002,156,72,2442,0,0,0.5,1.0,0.9999999999989999,0.0,1.0,1,1,1
3840,3002,53,103,6861,0,0,0.5,1.0,0.9999999999981524,0.0,1.0,1,1,1
3842,1276,160,299,4740,3078,0,0.5,1.0,0.8106217761242236,0.0,1.0,1,1,1
3843,1276,156,110,2442,0,0,0.5,1.0,0.9999999999957552,0.0,1.0,1,1,1
3847,4694,53,218,3285,3168,0,0.5,1.0,0.39346090995269783,0.0,1.0,1,1,1
3850,2619,160,331,6090,5526,0,0.5,1.0,0.7777777777768099,0.0,1.0,1,1,1
3851,3716,38,134,6345,0,0,0.5,1.0,0.9999999999904391,0.0,1.0,1,1,1
3853,4003,156,325,1145,0,0,0.5,1.0,0.9999999999989999,0.0,1.0,1,1,1
3856,3822,160,344,1077,6785,1,0.7748409305014423,0.9918708336210224,0.9794734259693217,0.5578110273818622,9.0,0,0,0
3857,5584,169,159,545,45,1,0.5,0.5881870317622027,0.08115630049576407,0.41181296823779734,2.0,1,1,1
3858,5584,53,190,1923,0,0,0.5,1.0,0.9999999999992728,0.0,2.0,0,1,0
3860,3308,156,315,2996,1145,0,0.5,1.0,0.3934609099537971,0.0,1.0,1,1,1
3862,296,160,212,3155,1077,1,0.5,0.46075483935768685,0.0506317240214494,0.5392451606423132,3.0,1,1,1
3866,3309,53,87,7038,2103,1,0.5,1.0,0.20499788146859568,0.0,1.0,1,1,1
3870,2100,160,131,2083,0,0,0.5,1.0,0.9999999999975621,0.0,1.0,1,1,1
3872,2100,158,301,4630,0,0,0.5,1.0,0.9999999999982241,0.0,1.0,1,1,1
3873,2100,56,353,6943,2408,0,0.7475245552617492,1.0,0.3976579481849855,0.4950491105234984,2.0,0,0,1
3875,2332,160,267,2603,0,0,0.5,1.0,0.9999999999989999,0.0,1.0,1,1,1
3876,885,53,262,733,5943,0,0.5,1.0,0.3377486972982971,0.0,2.0,0,1,1
3877,885,127,96,3004,6786,0,0.0,0.0,0.0,0.0,1.0,1,1,1
3879,2255,160,216,3922,1077,0,0.6572733436165774,1.0,0.9096722843522353,0.3145466872331547,3.0,0,0,0
3880,2255,169,173,4702,0,0,0.5,1.0,0.9999999999960785,0.0,1.0,1,1,1
3881,6435,160,87,7038,5198,0,0.5,1.0,0.05934280798970171,0.0,1.0,1,1,1
3882,3828,18,173,2442,1161,1,0.5,1.0,0.6307481928232535,0.0,1.0,1,1,1
3883,3828,160,173,1798,2442,0,0.5,1.0,0.13774814446146452,0.0,1.0,1,1,1
3885,3685,38,246,6993,0,0,0.5,1.0,0.9999999999029942,0.0,1.0,1,1,1
3886,3685,150,208,3155,1669,0,0.5,1.0,0.28862263229754337,0.0,1.0,1,1,1
3888,509,123,292,3155,0,1,0.7654544903405578,1.0,0.999999999987686,0.5309089806811156,3.0,0,0,1
3889,509,53,190,6559,5036,0,0.5,0.684032052666623,0.25353772730951873,0.31596794733337696,2.0,1,1,1
3890,509,53,294,3495,442,0,0.5,1.0,0.5468878617895264,0.0,1.0,1,1,1
3891,509,53,299,3495,442,0,0.5,1.0,0.5468878617894728,0.0,1.0,1,1,1
3892,509,53,198,6559,5036,0,0.5,0.6840320526666229,0.25353772730948865,0.3159679473333771,2.0,1,1,1
3893,509,142,131,1694,2600,0,0.5,1.0,0.08888373742519061,0.0,1.0,1,1,1
3895,509,103,86,3155,0,0,0.5,1.0,0.9999999999976567,0.0,1.0,1,1,1
3896,4994,156,319,5198,3028,0,0.5,0.7212361983332672,0.25655327597094973,0.27876380166673276,2.0,1,1,1
3897,4994,160,319,6890,4613,0,0.6732269335580023,0.9497833810232176,0.8801894554214326,0.3966704860927871,6.0,0,0,0
3898,4994,160,345,6890,4613,1,0.7551043428249329,0.97302442253904,0.933804380547336,0.5371842631108259,7.0,0,0,0
3900,4069,160,122,3155,4569,0,0.6762180224174108,0.781640686085057,0.6379182537704003,0.5707953587497647,10.0,0,0,0
3901,4069,160,98,3155,4146,1,0.6927458754853156,0.7171600155097602,0.5519106413745006,0.6683317354608711,7.0,0,0,0
3902,4069,160,191,3155,4569,1,0.6299496402162099,0.5556339524516457,0.20471403962319604,0.704265327980774,12.0,0,0,1
3903,4069,56,350,1147,3155,0,0.5,0.5099008082260186,0.14754472258544676,0.4900991917739814,2.0,1,1,1
3906,1147,61,202,2446,2694,0,0.5,1.0,0.21446433134773094,0.0,1.0,1,1,1
3908,3572,156,117,6861,1540,0,0.5,1.0,0.4504008506475785,0.0,1.0,1,1,1
3909,3572,160,267,1540,1077,0,0.5,1.0,0.2976736962903361,0.0,1.0,1,1,1
3910,4319,53,13,2273,0,0,0.5,1.0,0.9999999999989999,0.0,1.0,1,1,1
3911,4319,160,310,382,5390,0,0.5,1.0,0.20499788146859818,0.0,1.0,1,1,1
3912,4319,155,137,1626,6052,0,0.5,1.0,0.20499788146857978,0.0,1.0,1,1,1
3913,4319,142,257,3341,920,1,0.5,0.6985123375653408,0.16219482703667965,0.3014876624346592,25.0,0,1,0
3914,4319,142,6,3341,3884,1,0.5,1.0,0.4951481168648604,0.0,3.0,0,1,0
3916,4319,156,261,4807,46,0,0.5,1.0,0.029697572565087253,0.0,1.0,1,1,1
3917,1087,160,272,929,2953,1,0.7295860523110784,0.9048959482995248,0.7300522754764984,0.5542761563226319,4.0,0,0,1
3920,1175,156,202,1148,1998,0,0.5,1.0,0.4814049479030991,0.0,1.0,1,1,1
3921,1175,127,55,6568,0,1,0.5,1.0,0.999999999998,0.0,1.0,1,1,1
3924,4506,222,259,6597,776,1,0.5,1.0,0.026582384240618567,0.0,1.0,1,1,1
3926,6866,156,336,1145,0,1,0.6359205841787401,0.9999999999999999,0.9999999999986278,0.2718411683574802,6.0,0,0,1
3927,480,229,27,1176,0,0,0.5,1.0,0.9999999999987064,0.0,1.0,1,1,1
3929,349,53,75,3657,0,0,0.5,1.0,0.9999999999985141,0.0,1.0,1,1,1
3930,3676,169,54,7084,0,1,0.5,1.0,0.99999999999898,0.0,1.0,1,1,1
3935,2790,169,166,3281,2457,0,0.5,1.0,0.06186021257470925,0.0,1.0,1,1,1
3937,2790,224,57,1286,0,1,0.5,1.0,0.99999999999898,0.0,1.0,1,1,1
3938,2790,156,126,4393,0,0,0.5,1.0,0.9999999999972544,0.0,1.0,1,1,1
3939,2790,160,338,4393,497,0,0.5,0.7768953867957377,0.10602064424951611,0.22310461320426234,2.0,1,1,1
3940,2790,123,82,4393,0,0,0.5,1.0,0.9999999999989999,0.0,1.0,1,1,1
3941,6592,160,300,2452,1752,0,0.5,1.0,0.23327528819484541,0.0,1.0,1,1,1
3943,432,224,354,875,0,0,0.5,1.0,0.9999999997116997,0.0,1.0,1,1,1
3946,1286,224,295,503,1188,0,0.7425756068586279,1.0,0.3725265987233594,0.4851512137172558,2.0,0,0,0
3947,270,160,191,5887,4332,1,0.5,1.0,0.31561494558072567,0.0,1.0,1,1,1
3948,270,160,253,5187,5887,0,0.5,1.0,0.5537907735910452,0.0,1.0,1,1,1
3951,4769,160,197,2442,2694,0,0.5,0.746391912076848,0.24977737666301097,0.25360808792315204,3.0,1,1,1
3954,5398,155,6,3155,0,1,0.5,1.0,0.9999999999989596,0.0,1.0,1,1,1
3957,2685,53,280,2004,956,0,0.5,1.0,0.039587710403364534,0.0,1.0,1,1,1
3958,4431,222,99,566,443,1,0.5,1.0,0.14744881036222424,0.0,1.0,1,1,1
3962,5119,170,50,5496,0,1,0.6410689720336684,1.0,0.9999999999994889,0.2821379440673367,4.0,0,0,0
3963,2628,160,194,4564,0,0,0.5,1.0,0.9999999999989999,0.0,1.0,1,1,1
3964,5709,156,289,1140,0,1,0.5,1.0,0.99999999999898,0.0,1.0,1,1,1
3965,102,86,194,6635,0,1,0.5,1.0,0.9999999999989596,0.0,1.0,1,1,1
3966,5957,207,274,913,0,0,0.5,1.0,0.9999999998769707,0.0,1.0,1,1,1
3968,5219,53,134,999,0,0,0.5,1.0,0.99999999999184,0.0,1.0,1,1,1
3969,5219,156,27,2445,0,1,0.5,1.0,0.9999999999994142,0.0,2.0,0,1,0
3970,5219,156,356,2445,0,1,0.5,1.0,0.9999999996042931,0.0,2.0,0,1,1
3973,457,229,153,5451,3211,0,0.5,1.0,0.009901778952998064,0.0,1.0,1,1,1
3974,3080,224,333,146,4484,0,0.5,0.5332364765299048,0.15370800924477349,0.4667635234700952,10.0,1,1,1
3975,3080,224,241,4851,4484,0,0.5,1.0,0.32020377032885294,0.0,1.0,1,1,1
3976,3080,229,197,146,1923,1,0.5,1.0,0.7892452745980395,0.0,1.0,1,1,1
3980,1699,142,230,3154,2278,0,0.5,1.0,0.7698325504643887,0.0,1.0,1,1,1
3981,1699,53,313,6865,2103,1,0.5,1.0,0.5606183938301573,0.0,1.0,1,1,1
3983,6426,155,54,3995,0,1,0.5,1.0,0.9999999999989175,0.0,1.0,1,1,1
3987,3884,133,275,2202,1145,0,0.6879074099562763,0.8617677645506676,0.6914770716474976,0.514047055361885,6.0,0,0,1
3988,3884,133,272,2202,1145,1,0.6879074099562762,0.8617677645506674,0.6914770716475601,0.514047055361885,6.0,0,0,1
3990,3884,160,255,2202,6226,0,0.5,1.0,0.2795196863692581,0.0,1.0,1,1,1
3991,1729,160,69,6635,0,0,0.5,1.0,0.9999999999979601,0.0,1.0,1,1,1
3992,1729,160,70,6635,0,0,0.5,1.0,0.9999999999979192,0.0,1.0,1,1,1
3995,5300,160,275,2454,6407,0,0.5,1.0,0.4264068154579188,0.0,1.0,1,1,1
3996,5300,160,274,2454,6407,0,0.5,1.0,0.42640681545792913,0.0,1.0,1,1,1
4000,6614,224,130,1188,0,1,0.5,1.0,0.9999999999963047,0.0,1.0,1,1,1
4001,1144,6,92,6895,0,0,0.7401030723990211,1.0,0.9999999999977045,0.48020614479804213,2.0,0,0,1
4002,1144,86,314,6895,0,1,0.7475245552617492,1.0,0.9999999999993467,0.4950491105234984,2.0,0,0,0
4003,277,160,167,6785,6656,0,0.5,1.0,0.8419576863216423,0.0,1.0,1,1,1
4005,6903,6,286,1145,0,1,0.8177975077352458,1.0,0.9999999999995977,0.6355950154704917,8.0,0,0,0
4006,6903,61,191,1145,0,1,0.5,1.0,0.9999999999963772,0.0,1.0,1,1,1
4008,281,160,311,5395,0,1,0.5299647918028572,1.0,0.9999999999982283,0.05992958360571421,2.0,0,0,1
4011,5791,53,176,6785,1755,0,0.5,0.6710529798778339,0.1968501442400088,0.32894702012216614,2.0,1,1,1
4016,1846,169,273,3290,2290,0,0.5,1.0,0.04947009763477877,0.0,1.0,1,1,1
4017,1846,160,318,4319,5036,0,0.5,1.0,0.3390663346759914,0.0,1.0,1,1,1
4018,1846,53,336,6889,2154,0,0.5,0.9884115824840611,0.07500165045409003,0.011588417515938865,3.0,1,1,1
4019,1846,53,210,2216,6889,0,0.5,1.0,0.20499788146835468,0.0,1.0,1,1,1
4020,1846,127,112,4702,6156,0,0.5,1.0,0.5294466035438877,0.0,3.0,0,1,0
4022,3164,160,247,2427,6795,0,0.5,0.8908298477735872,0.05773663471331687,0.1091701522264128,2.0,1,1,1
4023,145,222,260,483,4362,0,0.5,1.0,0.03837199693627321,0.0,1.0,1,1,1
4024,145,55,257,4851,0,1,0.7204327192203994,1.0,0.9999999999994182,0.44086543844079895,2.0,0,0,0
4025,3376,61,260,2619,0,0,0.5,1.0,0.9999999999698459,0.0,1.0,1,1,1
4026,52,16,122,6635,0,0,0.5,1.0,0.9999999999989999,0.0,1.0,1,1,1
4027,52,61,239,917,0,0,0.5,1.0,0.9999999999904391,0.0,1.0,1,1,1
4028,2459,156,140,1182,6816,1,0.6778443419254168,1.0,0.512681194369174,0.3556886838508335,2.0,0,0,1
4029,1503,224,241,4468,5474,0,0.5,1.0,0.4034653981393665,0.0,1.0,1,1,1
4030,1503,229,159,1215,5474,0,0.5,1.0,0.15129256877176053,0.0,1.0,1,1,1
4031,1503,229,286,5474,4407,1,0.5,0.9669005134932762,0.1636618156054042,0.033099486506723785,3.0,1,1,1
4032,1526,142,271,5036,3411,1,0.8244234471881223,0.978842876477823,0.9090287367843365,0.6700040178984217,19.0,0,0,0
4040,3709,160,214,5459,0,1,0.5,1.0,0.9999999999898538,0.0,1.0,1,1,1
4041,3232,127,7,3155,0,0,0.5,1.0,0.9999999999997282,0.0,4.0,0,1,0
4042,3232,53,8,4702,0,0,0.6633770751059638,1.0,0.99999999999966,0.32675415021192744,3.0,0,0,0
4045,1593,160,213,509,442,0,0.5,1.0,0.009901778952998064,0.0,1.0,1,1,1
4046,6932,53,82,3666,0,0,0.5,1.0,0.9999999999985998,0.0,1.0,1,1,1
4047,2603,160,239,4313,2153,1,0.7290361739169144,0.9894694871510575,0.4011728344878265,0.46860286068277124,4.0,0,0,0
4049,2603,156,313,5526,1189,0,0.5,1.0,0.8617974424975167,0.0,1.0,1,1,1
4051,3285,160,300,2290,3159,1,0.7284064793188874,0.7638908825501383,0.5846796430544376,0.6929220760876366,14.0,0,0,0
4052,3285,160,78,2290,4383,0,0.7732456566228568,1.0,0.8203321920257337,0.5464913132457137,3.0,0,0,0
4053,3285,160,208,2290,4383,1,0.6473175385067649,0.6071524266580491,0.25711281710026407,0.6874826503554807,11.0,0,0,0
4054,3285,53,296,2300,1599,0,0.5,1.0,0.009901778952992667,0.0,1.0,1,1,1
4055,3285,53,41,7098,0,0,0.5,1.0,0.9999999999983593,0.0,1.0,1,1,1
4056,3285,155,257,4383,3995,0,0.5,1.0,0.03778803853047824,0.0,1.0,1,1,1
4059,4564,127,70,2083,0,0,0.5,1.0,0.9999999999981886,0.0,1.0,1,1,1
4061,4564,53,161,2037,2671,0,0.5,1.0,0.0395877104037634,0.0,1.0,1,1,1
4062,4564,160,89,2671,5196,0,0.5,0.5929755471634777,0.29214468014330774,0.40702445283652233,2.0,1,1,1
4066,4187,160,35,3155,4702,1,0.8022827882009564,0.9124569286878051,0.6805098288441439,0.6921086477141078,8.0,0,0,0
4067,4187,160,297,3155,4569,1,0.8477384703119983,0.8884185341606862,0.7701620466534168,0.8070584064633104,24.0,0,0,0
4068,4187,160,305,3155,4569,1,0.8021016127985106,0.9241147286051961,0.837723950901257,0.6800884969918252,25.0,0,0,0
4069,6952,160,138,4702,0,0,0.5,1.0,0.9999999999980392,0.0,1.0,1,1,1
4072,3322,127,285,1077,5421,0,0.5,1.0,0.8768005722732698,0.0,2.0,0,1,1
4073,3322,160,195,929,2624,1,0.6670256429854868,0.7102508518689593,0.4212488713513139,0.6238004341020145,7.0,0,0,0
4074,3322,53,285,930,956,0,0.5,1.0,0.3333333333331111,0.0,1.0,1,1,1
4075,3322,155,246,3159,6284,0,0.5,1.0,0.019801616452032194,0.0,2.0,1,1,1
4076,1204,160,52,4346,0,0,0.5,1.0,0.99999999999898,0.0,1.0,1,1,1
4078,4851,38,144,3080,587,0,0.5,0.8535317749092428,0.25188463306532644,0.1464682250907572,2.0,1,1,1
4079,4851,38,324,2616,2632,0,0.5,1.0,0.334915817386416,0.0,2.0,1,1,1
4083,5121,127,135,1185,0,0,0.5,1.0,0.9999999999989999,0.0,1.0,1,1,1
4084,791,160,288,4560,2415,0,0.5,1.0,0.9320070520543627,0.0,1.0,1,1,1
4089,6344,127,169,711,4155,1,0.5,0.6024989407343609,0.18672964598053152,0.39750105926563906,2.0,1,1,1
4091,6344,56,336,5736,1147,0,0.5,1.0,0.279519686366957,0.0,1.0,1,1,1
4092,6344,142,196,3380,0,0,0.5,1.0,0.9999999999625064,0.0,1.0,1,1,1
4093,6344,160,175,3155,733,0,0.5,0.9395129005235047,0.015485039194217091,0.06048709947649533,3.0,1,1,1
4094,2678,156,361,3754,2770,1,0.5,1.0,0.2144643313479851,0.0,1.0,1,1,1
4096,2678,18,352,278,0,0,0.5,1.0,0.9999999999989999,0.0,1.0,1,1,1
4098,2643,160,47,1975,0,0,0.5,1.0,0.9999999999989999,0.0,1.0,1,1,1
4099,1759,160,77,2290,0,0,0.5,1.0,0.9999999999989999,0.0,1.0,1,1,1
4100,1759,160,230,929,2290,0,0.5,1.0,0.014827554573274516,0.0,1.0,1,1,1
4101,1759,53,233,6299,0,0,0.5,1.0,0.9999999999938158,0.0,1.0,1,1,1
4103,4030,53,238,3171,4080,0,0.5,0.9292053726952693,0.1457704051797347,0.07079462730473074,2.0,1,1,1
4104,4030,53,362,2974,6556,0,0.5,0.6680877526556273,0.21240626259187034,0.33191224734437275,4.0,1,1,1
4107,5943,142,336,6890,0,0,0.5,1.0,0.9999999999983915,0.0,1.0,1,1,1
4109,1504,224,313,1148,5455,0,0.0,0.0,0.0,0.0,1.0,1,1,1
4110,5767,56,271,1145,0,0,0.5,1.0,0.9999999999698459,0.0,1.0,1,1,1
4111,4078,160,196,4950,838,0,0.6579839736666885,1.0,0.9648561352931079,0.31596794733337696,2.0,0,0,0
4113,3537,156,254,6977,0,0,0.5,1.0,0.999999999998259,0.0,1.0,1,1,1
4114,2733,160,247,4114,558,0,0.5,1.0,0.03958771040389503,0.0,1.0,1,1,1
4116,4082,160,181,5480,4036,1,0.7368483962494294,0.956868283225355,0.4603494405459792,0.516828509273504,3.0,0,0,1
4117,4082,160,27,5480,0,0,0.5,1.0,0.999999999998423,0.0,1.0,1,1,1
4119,4339,224,54,1161,0,1,0.8438067396351159,1.0,0.9999999999996266,0.6876134792702316,5.0,0,0,0
4120,4339,224,323,1161,927,1,0.8367530686389999,0.8790838885274969,0.7494603525575666,0.7944222487505028,24.0,0,0,0
4121,4339,224,156,1161,4518,1,0.7601484637523691,0.9257923701165102,0.8004756917415786,0.594504557388228,12.0,0,0,0
4122,4339,224,131,1161,4518,0,0.5,0.4617490210879197,0.10877399477376816,0.5382509789120803,7.0,1,1,1
4123,4339,0,210,1161,0,0,0.8594322830292184,1.0,0.999999999999373,0.7188645660584367,6.0,0,0,0
4124,1377,6,335,1523,0,0,0.5,1.0,0.9999999999975132,0.0,1.0,1,1,1
4125,1377,160,98,6296,1553,0,0.5,1.0,0.04455445727201948,0.0,2.0,1,1,1
4126,1377,53,267,5586,1553,0,0.5,1.0,0.2703662113746408,0.0,1.0,1,1,1
4129,3981,160,303,5036,3159,0,0.5,1.0,0.2886226322979303,0.0,1.0,1,1,1
4130,611,224,7,1185,0,1,0.5,1.0,0.99999999999898,0.0,1.0,1,1,1
4131,611,229,131,4296,0,0,0.5,1.0,0.9999999999989999,0.0,1.0,1,1,1
4141,6808,160,162,2442,659,1,0.73871466638016,1.0,0.9420505076219037,0.4774293327603202,3.0,0,0,0
4143,4348,0,184,1179,0,0,0.6878263336313296,1.0,0.9999999999997343,0.3756526672626592,5.0,0,0,0
4144,4348,0,243,1179,0,1,0.7865420837249838,1.0,0.9999999999994157,0.5730841674499676,6.0,0,0,0
4147,4283,229,110,1503,5474,0,0.5,1.0,0.27951968636891655,0.0,1.0,1,1,1
4148,466,50,40,6608,497,1,0.5,1.0,0.029697572565472855,0.0,1.0,1,1,1
4150,3641,160,179,2404,6078,0,0.5,1.0,0.43479219688900506,0.0,2.0,0,1,1
4154,5458,222,263,3111,0,0,0.5,1.0,0.9999999999852185,0.0,1.0,1,1,1
4155,905,196,211,3341,0,1,0.5,1.0,0.9999999999988739,0.0,1.0,1,1,1
4156,5480,38,160,1167,1188,0,0.6920284931141688,0.9112982373234247,0.7414909484861005,0.4727587489049129,3.0,0,0,1
4157,5480,38,308,605,4082,0,0.5,1.0,0.16676352322152882,0.0,1.0,1,1,1
4158,5480,222,286,1167,0,0,0.8368004649837066,1.0,0.9999999999795202,0.6736009299674133,5.0,0,0,1
4163,596,224,292,1146,4915,1,0.5,1.0,0.7309655663112677,0.0,1.0,1,1,1
4170,4297,229,250,5498,0,0,0.5,1.0,0.9999999999138623,0.0,1.0,1,1,1
4171,4297,224,183,4482,0,0,0.5,1.0,0.9999999999710169,0.0,1.0,1,1,1
4173,2097,103,54,2504,0,0,0.5,1.0,0.9999999999989999,0.0,1.0,1,1,1
4178,46,155,94,3566,205,1,0.7475245552617492,1.0,0.6277724215521925,0.4950491105234984,2.0,0,0,0
4179,46,127,43,6895,1953,0,0.5,1.0,0.14744881036222598,0.0,1.0,1,1,1
4181,5773,156,60,4185,0,0,0.5,1.0,0.9999999999984843,0.0,1.0,1,1,1
4183,4400,222,117,460,0,1,0.5,1.0,0.9999999999954953,0.0,1.0,1,1,1
4184,3669,56,285,5282,2704,0,0.5,1.0,0.7216087309584001,0.0,1.0,1,1,1
4185,3669,160,133,6410,0,0,0.5,1.0,0.9999999999945087,0.0,1.0,1,1,1
4187,1339,156,333,226,1928,0,0.5,1.0,0.636404637683174,0.0,1.0,1,1,1
4188,1128,56,240,3859,5340,0,0.5,1.0,0.30667156108035576,0.0,1.0,1,1,1
4190,999,160,62,2445,559,1,0.6587652270690478,0.8780863447643059,0.7627301910461731,0.43944410937378975,9.0,0,0,0
4191,6430,98,190,3159,146,0,0.5,1.0,0.32894702012205573,0.0,2.0,1,1,1
4192,6430,53,345,2273,6785,0,0.5,0.4458893203927132,0.16008432657250596,0.5541106796072868,3.0,1,1,1
4198,3635,142,213,2486,5037,0,0.0,0.0,0.0,0.0,1.0,1,1,1
4199,3635,123,243,6890,1077,0,0.5,1.0,0.902459096247557,0.0,1.0,1,1,1
4200,3635,123,320,925,1077,0,0.5,1.0,0.37124375464726117,0.0,1.0,1,1,1
4203,7055,53,239,7038,1077,1,0.5,1.0,0.29003539832154374,0.0,3.0,0,1,1
4204,7055,155,284,1077,0,1,0.731461521898989,1.0,0.9999999999988715,0.4629230437979781,3.0,0,0,1
4206,2504,103,54,2097,0,0,0.5,1.0,0.9999999999989999,0.0,1.0,1,1,1
4207,4051,160,36,1463,0,1,0.7131377974094224,1.0,0.9999999999992123,0.4262755948188447,2.0,0,0,0
4208,4051,160,314,1463,1669,0,0.7535915563551021,0.8641513188587446,0.6768270454886157,0.6430317938514595,14.0,0,0,0
4212,5520,169,360,2445,1269,1,0.5,1.0,0.8684851454460757,0.0,1.0,1,1,1
4215,1146,224,126,5450,0,0,0.5,1.0,0.9999999999878741,0.0,1.0,1,1,1
4216,1146,61,154,828,5450,0,0.5,1.0,0.7574937547062187,0.0,2.0,0,1,1
4218,5457,150,273,1150,5860,1,0.0,0.0,0.0,0.0,1.0,1,1,1
4219,6828,160,311,362,2403,0,0.0,0.0,0.0,0.0,1.0,1,1,1
4223,6542,160,225,4598,3159,0,0.5,1.0,0.488975893494933,0.0,1.0,1,1,1
4225,5010,156,19,558,0,0,0.5,1.0,0.9999999999989999,0.0,1.0,1,1,1
4230,4318,160,237,5451,1973,1,0.8183810679323043,0.9320529252260819,0.8256512384599152,0.7047092106385265,13.0,0,0,0
4231,4318,160,53,5451,0,0,0.5,1.0,0.9999999999987064,0.0,1.0,1,1,1
4236,1537,54,222,6823,0,0,0.5,1.0,0.9999999999989999,0.0,1.0,1,1,1
4239,3742,169,7,649,0,1,0.5,1.0,0.9999999999994849,0.0,2.0,0,1,0
4240,2991,53,271,6872,1199,0,0.5,1.0,0.33333333332095183,0.0,1.0,1,1,1
4241,2241,160,207,5050,2202,0,0.5,1.0,0.24261666140331,0.0,1.0,1,1,1
4243,2241,127,167,3262,150,0,0.5,1.0,0.9078261610401775,0.0,1.0,1,1,1
4245,4052,160,103,5423,4172,0,0.6619879581569195,0.8626618129600657,0.7274735192862726,0.4613141033537731,6.0,0,0,0
4246,1296,167,164,3159,0,1,0.5,1.0,0.99999999999898,0.0,1.0,1,1,1
4247,6252,156,247,5158,7006,1,0.5,1.0,0.16676352322115562,0.0,1.0,1,1,1
4248,2672,103,257,18,3341,0,0.5,1.0,0.3765933936488965,0.0,1.0,1,1,1
4249,2672,169,86,6504,2419,0,0.5,1.0,0.3680641053327117,0.0,1.0,1,1,1
4251,5167,156,342,5665,0,1,0.5,1.0,0.9999999999962308,0.0,1.0,1,1,1
4252,5167,156,286,5665,0,1,0.5,1.0,0.9999999999987567,0.0,1.0,1,1,1
4255,2684,160,180,6795,3378,0,0.5,1.0,0.06920392276149004,0.0,1.0,1,1,1
4256,2040,160,243,4573,0,1,0.5869356683441227,1.0,0.9999999999958912,0.1738713366882454,3.0,0,0,1
4260,4286,224,317,5484,3126,0,0.6249628629633166,0.8304054161497356,0.6538148141660057,0.4195203097768977,14.0,0,0,0
4262,2719,160,244,6435,0,0,0.5,1.0,0.9999999998907546,0.0,1.0,1,1,1
4263,1833,53,37,3885,0,1,0.5,1.0,0.9999999999989596,0.0,1.0,1,1,1
4264,3636,155,290,2083,0,0,0.5,1.0,0.999999999992,0.0,1.0,1,1,1
4268,1062,156,135,1147,2442,0,0.0,0.0,0.0,0.0,1.0,1,1,1
4270,2786,53,342,6785,3281,1,0.5292046003899836,0.9929564132594451,0.9271906604373539,0.0654527875205222,5.0,0,0,1
4271,2786,160,153,6504,4383,0,0.5,0.8584144223701331,0.21641332834282126,0.1415855776298669,2.0,1,1,1
4275,1444,38,331,4397,0,0,0.7376324755912989,1.0,0.9999999999992045,0.4752649511825976,2.0,0,0,0
4278,4397,38,52,4274,1496,0,0.5,0.5395257661443604,0.0006852419458650597,0.46047423385563957,2.0,1,1,1
4279,4397,163,181,4304,0,1,0.6460793718891462,1.0,0.9999999999992184,0.29215874377829243,4.0,0,0,0
4280,4397,222,181,455,1496,0,0.6841922642990426,0.8264323370999755,0.3460887994392544,0.5419521914981096,3.0,0,0,1
4281,4397,222,96,1496,455,1,0.5,0.475848213954547,0.27494855990815226,0.524151786045453,3.0,1,1,1
4283,4080,160,60,2445,6585,0,0.6774161377729566,0.7465988700891729,0.3005379636979848,0.6082334054567404,3.0,0,0,1
4287,4140,160,306,2648,0,0,0.5,1.0,0.9999999999883451,0.0,1.0,1,1,1
4289,6156,53,164,7038,4807,0,0.5,1.0,0.09869865099247545,0.0,1.0,1,1,1
4290,6156,53,229,7038,4807,0,0.5,1.0,0.09869865099175394,0.0,1.0,1,1,1
4291,5228,103,204,1086,0,1,0.5,1.0,0.99999999999898,0.0,1.0,1,1,1
4294,567,56,222,1077,0,0,0.5,1.0,0.999999999994056,0.0,1.0,1,1,1
4295,567,155,280,4805,3262,1,0.5853849400287077,0.7989796687977844,0.5756757625231416,0.37179021125963085,8.0,0,0,0
4296,567,98,152,1077,0,1,0.5,1.0,0.9999999999977026,0.0,1.0,1,1,1
4297,3210,53,229,7098,0,0,0.5,1.0,0.9999999999989999,0.0,1.0,1,1,1
4298,4660,127,243,3155,1170,0,0.5,1.0,0.820565466730863,0.0,1.0,1,1,1
4300,6889,155,194,6284,6017,1,0.5,1.0,0.7982840043206274,0.0,1.0,1,1,1
4301,6889,53,279,2713,537,0,0.5,0.9917774442183376,0.004128250274912171,0.008222555781662422,2.0,1,1,1
4302,3269,160,91,6635,0,1,0.5,1.0,0.999999999994056,0.0,1.0,1,1,1
4305,2265,53,344,4128,956,0,0.5,1.0,0.6651925965385801,0.0,1.0,1,1,1
4306,4215,160,275,2648,0,0,0.5,1.0,0.9999999999989596,0.0,1.0,1,1,1
4307,451,224,43,1145,0,1,0.5,1.0,0.9999999999986541,0.0,1.0,1,1,1
4308,3563,155,78,6504,0,1,0.5,1.0,0.99999999999898,0.0,1.0,1,1,1
4310,6108,160,296,3262,0,1,0.5,1.0,0.9999999998311029,0.0,1.0,1,1,1
4312,1662,160,189,4431,0,0,0.5,1.0,0.9999999999788879,0.0,1.0,1,1,1
4313,6950,127,309,6360,2596,0,0.5,1.0,0.009901778952998064,0.0,1.0,1,1,1
4315,3697,6,16,235,0,1,0.5,1.0,0.99999999999898,0.0,1.0,1,1,1
4317,5800,156,209,1161,3600,0,0.845986453463554,0.9935314728160868,0.8623512075509032,0.698441434111021,5.0,0,0,0
4318,5800,160,240,2442,776,0,0.5642916235244444,0.9081662779596881,0.6948399660940637,0.2204169690892006,6.0,0,0,1
4319,5476,150,162,5556,1128,1,0.5,1.0,0.147448810362199,0.0,1.0,1,1,1
4322,1523,56,272,2404,4417,0,0.5,1.0,0.65400546728677,0.0,1.0,1,1,1
4323,4011,160,146,1077,5154,0,0.7451350218157752,0.9325993213507382,0.7225009787961886,0.5576707222808122,4.0,0,0,1
4327,4545,53,330,3981,6293,0,0.5,0.8510385721118948,0.0803771020970424,0.14896142788810518,2.0,1,1,1
4328,4545,53,188,347,711,0,0.5,1.0,0.1859510943268069,0.0,1.0,1,1,1
4329,4545,56,31,4562,0,0,0.5,1.0,0.9999999999985432,0.0,1.0,1,1,1
4330,4545,169,22,1534,0,0,0.5,1.0,0.9999999999987064,0.0,1.0,1,1,1
4331,4545,155,75,2100,146,0,0.5,1.0,0.30667156108054283,0.0,1.0,1,1,1
4332,4545,115,103,6699,0,0,0.5,1.0,0.9999999999979192,0.0,1.0,1,1,1
4337,1353,53,305,2545,745,0,0.5,1.0,0.8419576863213847,0.0,1.0,1,1,1
4338,1353,156,240,1145,1971,1,0.5,1.0,0.49647387936275067,0.0,1.0,1,1,1
4345,3401,160,87,2590,1283,0,0.5,0.5197938552019578,0.31596794733317735,0.48020614479804224,2.0,1,1,1
4348,4560,63,296,1134,0,0,0.5,1.0,0.9999999999989999,0.0,1.0,1,1,1
4349,5260,160,306,2877,0,0,0.5,1.0,0.999999999998259,0.0,1.0,1,1,1
4351,4096,160,253,4114,0,0,0.5059671195537186,1.0,0.9999999999984419,0.011934239107437294,2.0,0,0,1
4355,347,156,315,1170,5258,1,0.0,0.0,0.0,0.0,1.0,1,1,1
4356,347,150,301,1404,0,1,0.5,1.0,0.99999999999898,0.0,1.0,1,1,1
4357,347,160,247,3215,5258,0,0.5,1.0,0.0986986509916058,0.0,1.0,1,1,1
4360,448,224,58,5441,1171,1,0.6431225583058273,0.8419798842043673,0.5817221594590659,0.4442652324072873,5.0,0,0,0
4361,448,224,361,5441,979,1,0.8186491429573973,0.9924636021120604,0.9819581396825211,0.6448346838027342,21.0,0,0,0
4363,3549,160,169,2266,2278,0,0.5,1.0,0.5806487423301974,0.0,1.0,1,1,1
4369,4323,160,274,4397,2435,0,0.5,0.9584611715623709,0.6077742169771793,0.04153882843762913,5.0,1,1,1
4370,4323,160,14,4397,0,0,0.5,1.0,0.9999999999994849,0.0,2.0,0,1,0
4371,6148,160,98,645,0,0,0.5,1.0,0.9999999999935659,0.0,1.0,1,1,1
4372,5756,53,158,920,1694,0,0.5,1.0,0.3333333333330928,0.0,1.0,1,1,1
4373,5756,127,58,3155,0,1,0.8244630958228951,1.0,0.9999999999996592,0.6489261916457901,4.0,0,0,0
4375,6739,160,254,3149,5163,0,0.5,1.0,0.949036152967966,0.0,1.0,1,1,1
4376,6269,53,184,545,0,0,0.5,1.0,0.9999999999989999,0.0,1.0,1,1,1
4378,5026,53,216,2104,2486,0,0.5,1.0,0.02969757256542737,0.0,1.0,1,1,1
4381,2848,160,352,3155,2460,1,0.7417631546700099,0.9650046809981391,0.9199007537919495,0.5185216283418805,8.0,0,0,0
4382,1463,208,236,4250,0,0,0.5,1.0,0.9999999999103821,0.0,1.0,1,1,1
4385,6245,6,268,1523,2404,1,0.5,1.0,0.8106217761242075,0.0,1.0,1,1,1
4386,6245,127,277,3413,0,0,0.5,1.0,0.9999999998097926,0.0,1.0,1,1,1
4387,6245,191,289,1523,5227,0,0.5,1.0,0.8531102286439722,0.0,1.0,1,1,1
4388,6245,53,318,4051,1553,0,0.5,1.0,0.7445015710253516,0.0,1.0,1,1,1
4390,2104,160,205,779,6890,0,0.7161367560869261,0.9050480490508205,0.40469473621599444,0.5272254631230318,7.0,0,0,1
4391,2104,155,286,1077,0,1,0.5,1.0,0.9999999999887977,0.0,1.0,1,1,1
4392,5262,123,86,1176,0,1,0.5,1.0,0.9999999999989596,0.0,1.0,1,1,1
4394,6632,155,293,1077,3262,0,0.5,0.8869178018376594,0.05992958360568606,0.11308219816234055,2.0,1,1,1
4396,1135,127,330,3155,3215,0,0.5,1.0,0.5999999999950325,0.0,1.0,1,1,1
4400,5968,171,173,1123,0,1,0.5,1.0,0.9999999999989596,0.0,1.0,1,1,1
4401,2157,160,44,4233,0,0,0.5,1.0,0.9999999999983593,0.0,1.0,1,1,1
4404,6274,229,121,4261,0,0,0.5,1.0,0.999999999998,0.0,1.0,1,1,1
4407,2582,103,241,3261,0,0,0.5,1.0,0.9999999999121395,0.0,1.0,1,1,1
4410,62,215,288,1139,0,1,0.7728030857613691,1.0,0.9999999999996726,0.5456061715227383,4.0,0,0,0
4412,5149,38,363,6328,6996,1,0.5,1.0,0.401797301503972,0.0,1.0,1,1,1
4416,4394,163,330,146,0,0,0.5,1.0,0.9999999999927541,0.0,1.0,1,1,1
4419,4677,168,314,6907,0,0,0.5,1.0,0.9999999999988739,0.0,1.0,1,1,1
4425,3415,56,279,2454,0,0,0.5,1.0,0.9999999999737493,0.0,1.0,1,1,1
4427,661,142,37,3969,0,0,0.5,1.0,0.9999999999988514,0.0,1.0,1,1,1
4428,3728,38,148,1189,0,1,0.5,1.0,0.9999999999946164,0.0,1.0,1,1,1
4429,2726,160,198,3155,0,1,0.5374020066542899,1.0,0.9999999999990562,0.07480401330858,2.0,0,0,0
4431,2449,160,58,2553,0,0,0.5,1.0,0.9999999999989999,0.0,1.0,1,1,1
4432,4548,169,291,1145,0,1,0.5,1.0,0.9999999999788879,0.0,1.0,1,1,1
4433,1040,224,294,5433,0,0,0.5,1.0,0.9999999999896508,0.0,1.0,1,1,1
4434,976,40,336,3535,0,1,0.5,1.0,0.9999999999989175,0.0,1.0,1,1,1
4437,6286,53,343,3285,3878,0,0.5,1.0,0.009901778952998064,0.0,1.0,1,1,1
4439,3905,156,351,1179,46,0,0.5,1.0,0.8844413742367313,0.0,1.0,1,1,1
4444,5186,160,136,1759,5422,0,0.5,1.0,0.7445015710293542,0.0,1.0,1,1,1
4445,2701,156,86,3873,0,0,0.5,1.0,0.9999999999959199,0.0,1.0,1,1,1
4447,4108,6,270,1145,5094,1,0.6417148473618615,1.0,0.9850434403321977,0.2834296947237228,4.0,0,0,0
4448,4108,56,260,1145,4093,1,0.5,0.536799882729771,0.3630371474562348,0.46320011727022903,3.0,1,1,1
4450,5686,83,230,921,1629,1,0.5,1.0,0.019801616452026938,0.0,1.0,1,1,1
4453,1354,160,224,3155,0,1,0.5,1.0,0.9999999999926092,0.0,1.0,1,1,1
4455,2620,160,348,2694,1587,0,0.5,1.0,0.9761315217738847,0.0,1.0,1,1,1
4457,3758,159,189,3990,3159,0,0.5,1.0,0.05934280798971252,0.0,1.0,1,1,1
4459,2931,160,146,2442,4740,1,0.5,1.0,0.03958771040389001,0.0,1.0,1,1,1
4461,2931,156,243,1161,0,0,0.7294350287146256,1.0,0.9999999999993905,0.45887005742925135,3.0,0,0,0
4462,1873,156,159,1161,2442,1,0.7112635512812893,0.927493273731184,0.8517594076594871,0.4950338288313947,3.0,0,0,0
4463,4114,115,315,3600,0,0,0.5,1.0,0.99999999996736,0.0,1.0,1,1,1
4464,4114,56,238,2442,0,1,0.5,1.0,0.9999999999988284,0.0,1.0,1,1,1
4468,1594,169,77,1077,3922,0,0.5,0.5049508894765016,0.3377486972983249,0.4950491105234984,2.0,0,0,0
4469,5429,38,180,1130,3005,1,0.8170161195274414,1.0,0.5888581649604833,0.6340322390548827,5.0,0,0,1
4470,5656,86,38,5427,0,1,0.5,1.0,0.9999999999996532,0.0,3.0,0,1,0
4471,1951,156,314,1161,2442,1,0.5627793326670134,1.0,0.9038730307885612,0.12555866533402693,2.0,0,0,1
4476,4133,160,183,829,0,0,0.5,1.0,0.9999999999816208,0.0,1.0,1,1,1
4477,4212,169,169,5311,5682,0,0.5,1.0,0.8755993466714196,0.0,1.0,1,1,1
4481,1050,168,308,5451,3211,0,0.5,1.0,0.7279524606039091,0.0,1.0,1,1,1
4482,5950,155,260,4805,3155,0,0.5,0.7387207865062247,0.011979862780502256,0.26127921349377525,4.0,1,1,1
4483,5950,53,273,2315,0,0,0.5,1.0,0.9999999999986274,0.0,2.0,0,1,1
4487,2889,156,201,2442,558,0,0.5,1.0,0.21446433134665896,0.0,1.0,1,1,1
4488,2889,18,180,1161,0,1,0.5,1.0,0.9999999999954953,0.0,1.0,1,1,1
4490,1509,0,302,1145,0,1,0.5,1.0,0.9999999999950264,0.0,1.0,1,1,1
4493,4354,224,361,1145,0,1,0.6761843080559752,1.0,0.999999999999771,0.35236861611195036,8.0,0,0,0
4494,2783,160,259,2427,2083,0,0.7946262233142767,1.0,0.9489659412348539,0.5892524466285534,4.0,0,0,1
4498,6329,155,342,5736,6052,0,0.5,1.0,0.730965566312838,0.0,1.0,1,1,1
4499,6875,63,300,1134,0,0,0.5,1.0,0.9999999999996416,0.0,3.0,0,1,0
4500,6875,83,298,4560,5438,1,0.5,1.0,0.34219252720941185,0.0,2.0,0,1,1
4501,5714,6,149,872,0,0,0.5,1.0,0.9999999999987064,0.0,1.0,1,1,1
4504,3067,160,309,4313,0,0,0.5,1.0,0.9999999999431705,0.0,1.0,1,1,1
4505,3936,156,126,1704,2996,0,0.5,1.0,0.15712119150676007,0.0,1.0,1,1,1
4507,6146,38,29,1677,0,1,0.5,1.0,0.99999999999898,0.0,1.0,1,1,1
4508,1540,53,166,5417,4769,1,0.5,0.5737244051811553,0.2616705976080451,0.4262755948188447,2.0,1,1,1
4509,1540,53,222,2157,5417,0,0.5,1.0,0.3503420460166712,0.0,1.0,1,1,1
4516,2524,160,316,6635,1077,0,0.5,0.9859079610716474,0.007096018146148514,0.014092038928352646,3.0,1,1,1
4517,1896,160,293,1866,4569,1,0.5079981306288288,1.0,0.984742236085965,0.01599626125765774,2.0,0,0,1
4518,143,207,97,5887,0,1,0.5,1.0,0.99999999999898,0.0,1.0,1,1,1
4519,1138,158,322,2219,5036,0,0.5,1.0,0.721608730948752,0.0,1.0,1,1,1
4520,1138,127,77,1584,2290,0,0.5,1.0,0.5257287775053231,0.0,1.0,1,1,1
4521,1138,56,362,2419,665,0,0.5,0.9575514598896915,0.3437681272405055,0.04244854011030852,3.0,1,1,1
4523,2234,169,285,150,0,0,0.5,1.0,0.9999999999992929,0.0,2.0,0,1,0
4524,2234,160,148,2083,0,1,0.7448695302313881,1.0,0.9999999999990937,0.48973906046277627,4.0,0,0,0
4526,2712,53,342,3173,6410,0,0.5,1.0,0.858410745388555,0.0,1.0,1,1,1
4527,2712,155,125,3155,0,0,0.5,1.0,0.9999999999960785,0.0,1.0,1,1,1
4529,4473,160,330,244,4359,0,0.6683358825277144,0.7636610532368555,0.3511133723751946,0.5730107118185732,10.0,0,0,0
4530,4473,160,224,244,4359,1,0.7312016353137185,0.889309885622564,0.6008610123439159,0.573093385004873,7.0,0,0,0
4532,4828,160,153,4834,5046,0,0.5,1.0,0.19549292259451584,0.0,1.0,1,1,1
4534,226,156,150,1145,0,1,0.6601318950480062,1.0,0.9999999999992928,0.32026379009601225,2.0,0,0,0
4535,766,155,234,146,0,1,0.5063896177635463,1.0,0.9999999999987356,0.012779235527092592,3.0,0,0,1
4538,2111,0,133,1161,0,1,0.6940273347677268,1.0,0.9999999999993375,0.38805466953545376,2.0,0,0,0
4542,5015,207,345,2243,0,1,0.5,1.0,0.99999999999898,0.0,1.0,1,1,1
4543,2137,123,364,2814,0,0,0.5,1.0,0.9999999999989999,0.0,1.0,1,1,1
4547,28,169,91,2083,0,0,0.5,1.0,0.9999999999975132,0.0,1.0,1,1,1
4549,6422,38,329,5370,2695,1,0.6665790265386169,0.9899077012373099,0.9792567901311515,0.3432503518399239,24.0,0,0,0
4550,6422,191,65,5370,2695,1,0.6612095279051796,0.8111149600607614,0.5123799004651355,0.5113040957495978,3.0,0,0,0
4555,4035,160,201,276,537,0,0.0,0.0,0.0,0.0,1.0,1,1,1
4557,3909,56,364,3884,0,1,0.5,1.0,0.9999999999987318,0.0,1.0,1,1,1
4561,428,224,298,4393,0,1,0.5177559935352585,1.0,0.9999999999990161,0.03551198707051684,4.0,0,0,0
4563,195,222,172,6603,0,1,0.5,1.0,0.9999999999988959,0.0,1.0,1,1,1
4565,3320,160,316,3454,818,1,0.5,1.0,0.11826912311833448,0.0,1.0,1,1,1
4566,3320,127,286,1836,0,1,0.5,1.0,0.99999999999898,0.0,1.0,1,1,1
4569,2655,103,349,359,0,1,0.5,1.0,0.99999999999898,0.0,1.0,1,1,1
4573,6562,53,329,2236,2686,0,0.0,0.0,0.0,0.0,1.0,1,1,1
4574,6562,53,338,1846,2236,0,0.5,1.0,0.009901778952997192,0.0,1.0,1,1,1
4576,6566,160,266,3922,6635,0,0.5,0.5455137867194282,0.005950452625800606,0.4544862132805718,3.0,1,1,1
4579,6360,142,324,6507,3463,0,0.5,0.6844131627389349,0.09110629290176096,0.31558683726106507,3.0,1,1,1
4580,51,53,189,2694,0,0,0.5,1.0,0.9999999999989999,0.0,1.0,1,1,1
4582,6409,163,129,6407,0,1,0.5,1.0,0.9999999999967831,0.0,1.0,1,1,1
4584,308,169,323,2926,0,0,0.5,1.0,0.9999999999985432,0.0,1.0,1,1,1
4585,5039,38,275,4293,1183,1,0.5,0.7190063456914236,0.13550850314010834,0.28099365430857637,4.0,1,1,1
4588,1235,56,279,2427,0,0,0.5,1.0,0.9999999999533807,0.0,1.0,1,1,1
4589,2231,127,63,6871,0,0,0.5,1.0,0.9999999999989999,0.0,1.0,1,1,1
4591,6379,56,280,3149,0,0,0.5,1.0,0.9999999998059882,0.0,1.0,1,1,1
4592,6379,142,323,4545,6293,0,0.5,1.0,0.6866453841024975,0.0,1.0,1,1,1
4593,3186,0,0,1272,0,0,0.5,1.0,0.9999999999989999,0.0,1.0,1,1,1
4594,6973,53,74,3925,0,0,0.5,1.0,0.999999999998423,0.0,1.0,1,1,1
4597,6585,222,355,1874,146,1,0.5,0.6754526642287133,0.5025857944616193,0.3245473357712867,3.0,0,1,0
4600,4688,53,284,20,0,0,0.5,1.0,0.9999999999219831,0.0,1.0,1,1,1
4603,5173,160,133,4457,2946,0,0.5,1.0,0.014876568775794954,0.0,2.0,1,1,1
4609,1913,53,96,5182,1954,0,0.5,1.0,0.3466642194594624,0.0,2.0,1,1,1
4610,2584,0,355,6064,0,0,0.5,1.0,0.9999999999990098,0.0,2.0,0,1,0
4616,5780,160,312,6618,3155,0,0.5,1.0,0.22226477157368735,0.0,1.0,1,1,1
4618,5094,53,293,3592,2805,0,0.5,1.0,0.7309655663127441,0.0,1.0,1,1,1
4619,5094,156,338,1145,0,1,0.8435586958738316,1.0,0.9999999999996808,0.6871173917476632,6.0,0,0,0
4620,2294,156,313,5484,0,1,0.5,1.0,0.99999999999898,0.0,1.0,1,1,1
4622,1580,155,278,6410,3262,0,0.5,1.0,0.3464916995760273,0.0,2.0,0,1,0
4633,4070,160,293,3262,2197,0,0.7179947550152685,1.0,0.5032866413084409,0.435989510030537,2.0,0,0,1
4634,4070,160,272,3262,2197,0,0.7179947550152684,1.0,0.503286641308551,0.4359895100305369,2.0,0,0,0
4637,5907,53,244,4689,6805,0,0.5,1.0,0.9680074774835,0.0,1.0,1,1,1
4638,1839,160,197,2473,0,1,0.5499531207588193,1.0,0.9999999999990818,0.09990624151763872,2.0,0,0,0
4643,3305,127,5,6122,0,0,0.5,1.0,0.9999999999989999,0.0,1.0,1,1,1
4644,5587,53,70,1564,0,0,0.5,1.0,0.9999999999989999,0.0,1.0,1,1,1
4646,1955,127,194,4304,0,0,0.5,1.0,0.9999999999989999,0.0,1.0,1,1,1
4649,5218,160,93,2445,0,0,0.5,1.0,0.999999999998781,0.0,1.0,1,1,1
4651,4577,160,133,971,6745,0,0.5,1.0,0.03958771040380273,0.0,1.0,1,1,1
4653,1694,53,36,1955,0,0,0.5,1.0,0.9999999999989999,0.0,1.0,1,1,1
4655,1714,160,340,2648,0,0,0.5,1.0,0.9999999999977919,0.0,1.0,1,1,1
4656,3776,127,187,3155,0,0,0.5,1.0,0.9999999999989999,0.0,1.0,1,1,1
4663,4150,160,23,3982,0,0,0.5,1.0,0.9999999999989999,0.0,1.0,1,1,1
4669,1932,160,334,2305,0,0,0.5,1.0,0.9999999999989175,0.0,1.0,1,1,1
4670,3501,61,121,5182,0,1,0.5,1.0,0.99999999999898,0.0,1.0,1,1,1
4675,2069,160,324,1077,0,0,0.5,1.0,0.9999999999771474,0.0,1.0,1,1,1
4676,2253,127,151,3155,0,1,0.7463421185295167,1.0,0.9999999999994825,0.4926842370590335,3.0,0,0,0
4679,724,160,325,3155,4133,1,0.6472785543995766,0.7517256658972222,0.5540951296275797,0.542831442901931,22.0,0,0,0
4680,316,150,254,673,4769,0,0.5,1.0,0.3377486972980175,0.0,2.0,0,1,1
4682,2625,160,100,4319,18,0,0.5,1.0,0.21446433134797122,0.0,1.0,1,1,1
4683,2708,53,215,2336,2695,0,0.5,1.0,0.21446433134790427,0.0,1.0,1,1,1
4684,2708,155,348,1077,146,0,0.5,1.0,0.4660459593399865,0.0,1.0,1,1,1
4685,1452,38,308,6495,1176,1,0.5,1.0,0.7216087309593112,0.0,1.0,1,1,1
4686,2639,127,299,3262,0,0,0.5,1.0,0.9999999999464485,0.0,1.0,1,1,1
4687,2639,127,121,3262,0,0,0.5,1.0,0.999999999998423,0.0,1.0,1,1,1
4688,4138,160,62,2798,0,0,0.5,1.0,0.999999999997028,0.0,1.0,1,1,1
4689,5777,156,123,1145,0,1,0.5,1.0,0.99999999999898,0.0,1.0,1,1,1
4694,6437,160,251,4807,4393,0,0.5,1.0,0.5537907735837229,0.0,1.0,1,1,1
4695,31,61,99,2445,0,1,0.5,1.0,0.9999999999994746,0.0,2.0,0,1,0
4699,5436,38,11,4255,0,0,0.5,1.0,0.9999999999989999,0.0,1.0,1,1,1
4706,4612,127,313,3155,0,1,0.5,1.0,0.9999999999989596,0.0,1.0,1,1,1
4708,5681,170,158,4416,0,1,0.5809777885035968,1.0,0.9999999999990928,0.16195557700719365,2.0,0,0,0
4709,5681,170,198,4416,205,0,0.5,0.9158792962625564,0.11825774326248194,0.08412070373744363,3.0,1,1,1
4717,998,60,148,4847,1176,1,0.5,0.5049508894765015,0.32008781862619035,0.49504911052349854,2.0,1,1,1
4725,649,56,293,1122,6733,0,0.5,1.0,0.7168288447392765,0.0,1.0,1,1,1
4727,4084,160,27,244,0,0,0.5,1.0,0.9999999999987318,0.0,1.0,1,1,1
4732,2704,160,174,3262,6410,1,0.5,1.0,0.8091289041401016,0.0,2.0,0,1,0
4733,2704,56,110,1171,0,0,0.5,1.0,0.9999999999989999,0.0,1.0,1,1,1
4734,1389,53,228,3154,6296,0,0.6940273347677269,1.0,0.5660153576048886,0.38805466953545387,2.0,0,0,1
4735,1389,150,128,6890,0,1,0.5,1.0,0.99999999999898,0.0,1.0,1,1,1
4736,1389,145,347,3155,0,0,0.502278000045328,1.0,0.9999999999987123,0.004556000090655932,2.0,0,0,1
4746,6310,53,215,4569,4449,0,0.5,1.0,0.8205654667286222,0.0,1.0,1,1,1
4750,20,53,330,7082,4582,0,0.7450495958869907,1.0,0.4890504927839195,0.4900991917739814,2.0,0,0,1
4752,6987,160,197,4847,4210,1,0.5,1.0,0.019801616452012748,0.0,1.0,1,1,1
4762,5063,207,181,2336,0,1,0.5,1.0,0.9999999999989175,0.0,1.0,1,1,1
4763,5818,224,173,4401,0,1,0.5,1.0,0.9999999999971995,0.0,1.0,1,1,1
4767,3660,98,139,2790,0,1,0.7131377974094224,1.0,0.9999999999993665,0.4262755948188447,2.0,0,0,0
4768,3451,53,176,4004,0,1,0.5,1.0,0.9999999999979192,0.0,1.0,1,1,1
4771,1705,160,278,3635,6890,0,0.5,1.0,0.13774814446148953,0.0,1.0,1,1,1
4773,922,160,272,6374,5046,0,0.5,1.0,0.1474488103618271,0.0,1.0,1,1,1
4775,478,0,96,1161,0,1,0.5,1.0,0.9999999999988739,0.0,1.0,1,1,1
4777,1751,53,236,2083,6504,0,0.5,1.0,0.8867785817732317,0.0,1.0,1,1,1
4778,3554,160,196,5246,7076,0,0.0,0.0,0.0,0.0,1.0,1,1,1
4783,1222,160,67,5197,0,0,0.5,1.0,0.9999999999988284,0.0,1.0,1,1,1
4786,533,56,238,2290,2300,0,0.5,0.7412942911676783,0.33129936189028436,0.2587057088323217,4.0,0,1,0
4788,5684,86,135,1077,0,1,0.7450495958869907,1.0,0.9999999999994694,0.4900991917739814,2.0,0,0,0
4789,1675,160,127,5965,0,0,0.5,1.0,0.9999999999947219,0.0,1.0,1,1,1
4791,2420,56,315,4723,1139,0,0.5,1.0,0.2049978814685269,0.0,1.0,1,1,1
4795,921,169,289,3515,0,1,0.5,1.0,0.99999999999898,0.0,1.0,1,1,1
4796,3979,169,232,1943,0,0,0.5,1.0,0.9999999999849228,0.0,1.0,1,1,1
4800,3086,224,228,3159,6578,1,0.6952101810695916,1.0,0.9741861788328411,0.3904203621391833,3.0,0,0,0
4803,4299,160,327,1077,2661,1,0.5,0.6764056902723815,0.5096456899636106,0.3235943097276185,6.0,0,1,0
4808,7013,56,257,5455,0,0,0.5,1.0,0.999999999994927,0.0,1.0,1,1,1
4813,6994,6,62,4097,0,0,0.5,1.0,0.9999999999989175,0.0,1.0,1,1,1
4816,385,61,327,2560,0,0,0.5,1.0,0.9999999999958383,0.0,1.0,1,1,1
4817,385,156,320,4043,0,0,0.5,1.0,0.9999999999989999,0.0,1.0,1,1,1
4820,5469,38,104,460,0,0,0.5,1.0,0.999999999997361,0.0,1.0,1,1,1
4823,1242,160,66,6890,0,0,0.5,1.0,0.9999999999989999,0.0,1.0,1,1,1
4824,660,156,44,1540,0,1,0.5,1.0,0.99999999999898,0.0,1.0,1,1,1
4825,3870,160,124,1077,0,0,0.5984250721201594,1.0,0.9999999999982613,0.19685014424031877,2.0,0,0,1
4828,657,56,104,4019,0,0,0.5,1.0,0.9999999999947219,0.0,1.0,1,1,1
4831,1392,56,350,5484,4206,0,0.5,1.0,0.6062997115184265,0.0,1.0,1,1,1
4835,128,53,189,6291,0,0,0.5,1.0,0.9999999999766903,0.0,1.0,1,1,1
4836,4241,46,306,2207,2202,0,0.5,1.0,0.35534623958550504,0.0,2.0,0,1,0
4838,2517,160,98,6623,0,0,0.5,1.0,0.999999999997361,0.0,1.0,1,1,1
4841,5989,156,300,6785,0,1,0.5,1.0,0.9999999999876317,0.0,1.0,1,1,1
4843,3281,53,43,6317,3155,0,0.5,1.0,0.2703662113747399,0.0,1.0,1,1,1
4845,4574,155,146,6328,0,1,0.5,1.0,0.999999999992,0.0,1.0,1,1,1
4846,278,127,337,4160,6696,0,0.0,0.0,0.0,0.0,1.0,1,1,1
4847,278,155,339,2678,3162,0,0.5,1.0,0.6366736081560255,0.0,1.0,1,1,1
4851,7098,127,44,134,0,0,0.5,1.0,0.9999999999981154,0.0,1.0,1,1,1
4852,3205,224,31,4407,0,1,0.7450495958869907,1.0,0.9999999999994589,0.4900991917739813,2.0,0,0,0
4854,286,160,120,2442,0,1,0.5,1.0,0.999999999998423,0.0,1.0,1,1,1
4861,1554,53,157,5880,802,0,0.5,1.0,0.3934609099530264,0.0,1.0,1,1,1
4869,422,224,233,4375,1762,0,0.6618562303734605,0.7864294236143391,0.4014030750318952,0.5372830371325819,4.0,0,0,1
4870,6116,160,249,2446,0,0,0.5,1.0,0.9999999999931721,0.0,1.0,1,1,1
4874,801,160,146,1446,0,0,0.5,1.0,0.9999999999985141,0.0,1.0,1,1,1
4875,3410,160,96,711,0,0,0.5,1.0,0.9999999999951239,0.0,1.0,1,1,1
4876,4060,156,184,6890,4068,0,0.5,1.0,0.8205654667300557,0.0,1.0,1,1,1
4877,5477,53,106,3155,0,1,0.5,1.0,0.9999999999989596,0.0,1.0,1,1,1
4879,6929,160,261,2266,3133,0,0.5,1.0,0.5806487423301255,0.0,1.0,1,1,1
4880,2236,53,265,2419,3154,0,0.5,0.9150180273099991,0.20010256725866682,0.08498197269000085,2.0,1,1,1
4881,1828,38,128,4407,0,1,0.5,1.0,0.9999999999989596,0.0,1.0,1,1,1
4882,1828,160,149,4407,0,1,0.5,1.0,0.9999999999923868,0.0,2.0,0,1,1
4885,4705,160,292,3155,0,1,0.5370759328382915,1.0,0.9999999999986776,0.07415186567658294,3.0,0,0,1
4886,3733,53,184,567,6293,0,0.0,0.0,0.0,0.0,1.0,1,1,1
4887,5979,156,134,6504,0,1,0.5,1.0,0.99999999999898,0.0,1.0,1,1,1
4888,6445,38,68,1161,0,1,0.6601318950480062,1.0,0.9999999999992191,0.32026379009601236,2.0,0,0,0
4890,2095,156,229,2547,0,0,0.5,1.0,0.9999999999989999,0.0,1.0,1,1,1
4892,3830,155,135,3159,0,0,0.5,1.0,0.9999999999989175,0.0,1.0,1,1,1
4894,4247,191,76,6354,1128,1,0.5,1.0,0.1280209799388311,0.0,1.0,1,1,1
4901,4192,156,198,1150,0,1,0.5,1.0,0.9999999999609916,0.0,1.0,1,1,1
4903,6353,155,233,1077,3262,0,0.0,0.0,0.0,0.0,1.0,1,1,1
4904,741,103,37,3155,0,1,0.6633770751059638,1.0,0.9999999999996532,0.32675415021192744,3.0,0,0,0
4906,3370,155,351,362,1077,1,0.5,0.9618776098687783,0.9176698141647452,0.03812239013122165,2.0,1,1,1
4908,1469,224,342,4373,1128,0,0.5,0.9901888851049563,0.29600640302254294,0.009811114895043715,2.0,1,1,1
4909,1469,154,235,1128,0,1,0.7302371169278197,1.0,0.9999999999587333,0.46047423385563946,2.0,0,0,1
4910,6519,160,323,3940,782,0,0.5,1.0,0.4264068154573893,0.0,1.0,1,1,1
4911,685,156,258,1130,0,1,0.5,1.0,0.9999999999974635,0.0,1.0,1,1,1
4912,3926,142,258,7038,3996,1,0.735164298002564,1.0,0.9926780198793066,0.470328596005128,2.0,0,0,0
4913,3926,115,105,3262,0,1,0.5,1.0,0.99999999999898,0.0,1.0,1,1,1
4916,1653,160,337,4587,2442,0,0.5,1.0,0.3762568491453261,0.0,1.0,1,1,1
4918,1826,155,195,6568,0,0,0.5,1.0,0.9999999999954052,0.0,1.0,1,1,1
4927,6450,160,175,2417,0,0,0.5,1.0,0.9999999999945087,0.0,1.0,1,1,1
4930,1611,160,217,4581,3922,0,0.5,0.9443808172529669,0.015618007575952166,0.05561918274703315,2.0,1,1,1
4933,2341,155,244,3014,0,0,0.5,1.0,0.9999999999989999,0.0,1.0,1,1,1
4941,64,207,343,2442,0,1,0.6644735100610831,1.0,0.9999999999174408,0.32894702012216626,2.0,0,0,1
4947,4697,160,210,448,0,0,0.5,1.0,0.9999999999987567,0.0,1.0,1,1,1
4949,4670,87,346,3326,0,1,0.5,1.0,0.99999999999898,0.0,1.0,1,1,1
4951,2814,6,230,4769,0,0,0.5,1.0,0.9999999999987064,0.0,1.0,1,1,1
4955,1520,224,260,1185,863,1,0.5,0.9121742503070153,0.4593856273419725,0.08782574969298473,5.0,0,1,1
4959,1801,160,173,2582,816,0,0.5,1.0,0.06920392276140552,0.0,1.0,1,1,1
4965,3294,155,210,4304,1077,1,0.5,1.0,0.9449923542924047,0.0,2.0,0,1,0
4966,2555,222,263,244,0,0,0.5,1.0,0.9999999999927541,0.0,1.0,1,1,1
4970,786,160,201,5450,0,1,0.6277615286974163,1.0,0.9999999999992099,0.2555230573948327,3.0,0,0,0
4971,3969,155,173,661,0,0,0.5,1.0,0.9999999999830206,0.0,1.0,1,1,1
4972,3910,160,91,956,0,0,0.7011267693513419,1.0,0.9999999999982235,0.40225353870268366,2.0,0,0,1
4973,1794,142,170,6773,0,0,0.5,1.0,0.9999999999985432,0.0,1.0,1,1,1
4974,5759,53,348,3988,2281,0,0.5,1.0,0.31170330317452155,0.0,2.0,1,1,1
4982,6493,56,69,2455,0,1,0.5,1.0,0.9999999999985717,0.0,1.0,1,1,1
4983,5369,42,288,5091,0,1,0.5,1.0,0.9999999999747687,0.0,1.0,1,1,1
4985,2660,155,315,362,711,0,0.5,1.0,0.40179730150251763,0.0,1.0,1,1,1
4987,5159,38,124,1478,0,0,0.5,1.0,0.9999999999989999,0.0,1.0,1,1,1
4996,462,224,311,1167,5480,1,0.5,0.9069949924921054,0.5853802962661387,0.09300500750789464,2.0,1,1,1
4998,2065,53,259,3250,0,0,0.5,1.0,0.9999999999431705,0.0,1.0,1,1,1
