dataset,query_id,subject,relation,timestamp,answers,winner,correct,rank,margin,support,recency,diversity,fragility_cost,counter_evidence_cost,certificate,belief_baseline,belief_stability
ICEWS14,0,1426,115,28,3697,0,0,3564.5,0.0,0.0,0.0,0.0,0.0,0.0,0.0,0.06266844042745784,0.00977672855419752
ICEWS14,1,1426,6,325,3697,0,0,3564.5,0.0,0.0,0.0,0.0,0.0,0.0,0.0,0.06266844042745784,0.00977672855419752
ICEWS14,2,1426,160,204,235,4564,0,3566.0,0.008043137988074323,1.0,0.410167678003819,0.0,1.0,0.009901778952990912,0.5,0.14607877586103235,0.10057113794747231
ICEWS14,3,1426,38,175,1121,0,0,3564.5,0.0,0.0,0.0,0.0,0.0,0.0,0.0,0.06266844042745784,0.00977672855419752
ICEWS14,4,1426,8,19,2671,0,0,3564.5,0.0,0.0,0.0,0.0,0.0,0.0,0.0,0.06266844042745784,0.00977672855419752
ICEWS14,5,5395,56,90,1077,1077,1,1.0,1.904222905522272,5.0,0.7141434062641757,0.7228965980340727,0.8021084326326614,0.5858925486861946,0.7625025153333671,0.32763078690318215,0.563560447585637
ICEWS14,6,5395,56,135,1077,1077,1,1.0,3.3637073899371677,9.0,0.9803906099397734,0.5530588034494492,0.8240936269645066,0.631742808827668,0.6885762152069779,0.5046883832674586,0.5831069732577239
ICEWS14,7,5395,56,315,1077,1077,1,1.0,0.5899426103484156,18.0,0.6597539553864471,0.4995684532232778,0.5004315467767222,0.28822715608119026,0.5,0.38101762561361746,0.2828418507893573
ICEWS14,8,5395,142,50,3411,711,0,3566.5,1.1392963525162292,3.0,0.9803906099397734,0.3464866269981337,0.6535133730018663,0.2520710857327487,0.5,0.3830014490072487,0.2712009403503152
ICEWS14,9,5395,142,115,3347,711,0,3567.5,3.221698151151352,9.0,1.0,0.49584967787834455,0.6635073131077953,0.38477716981074683,0.5796784954930699,0.5103101098151972,0.402584266778102
ICEWS14,10,5395,142,155,4443,711,0,3570.5,3.9976428158467754,14.0,0.8705505632961241,0.6735941385663193,0.7632461144792102,0.5711445661228952,0.7184201265227648,0.5072065864499662,0.5741530931287068
ICEWS14,11,5395,142,361,5527,5527,1,1.0,5.6701760054948,10.0,0.9057236642639067,0.5890372594356258,0.9591083218472333,0.8041344055399176,0.7740727906414295,0.524011394321261,0.6645158627759089
ICEWS14,12,5395,142,94,6704,6704,1,1.0,1.0532668589544376,3.0,0.9803906099397734,0.0,1.0,0.22341095950646336,0.5,0.38152572454155353,0.2446371213371893
ICEWS14,13,5395,158,114,711,0,0,3564.5,0.0,0.0,0.0,0.0,0.0,0.0,0.0,0.06266844042745784,0.00977672855419752
ICEWS14,14,5395,38,97,2243,1503,0,3.0,4.025703808916154,12.0,0.9803906099397734,0.8106626023499346,0.7829539097744402,0.6359407482790038,0.7968082560621874,0.5405301294331373,0.6930319946376081
ICEWS14,15,5395,38,99,1386,1503,0,3569.0,3.869368612957161,12.0,0.9423178739918808,0.8106626023499346,0.7829539097744401,0.6359407482789997,0.7968082560621874,0.521841475249553,0.6853886423374373
ICEWS14,16,5395,38,237,1503,1503,1,1.0,1.8987448589048448,22.0,0.8705505632961241,0.7613476917879485,0.523776492685626,0.35182722427741225,0.6425620922367872,0.5080405884988877,0.48883898608771686
ICEWS14,17,5395,38,213,6208,1503,0,18.0,1.6538486326738777,21.0,1.0,0.7761443632946203,0.37449930898718425,0.22716200781889706,0.5753218361409023,0.5534825862463153,0.42588901942827945
ICEWS14,18,5395,38,350,1503,1503,1,1.0,1.590641151525951,30.0,0.7578582832551991,0.5214334674541017,0.47856653254589826,0.22468642823282817,0.5,0.48251786458975,0.2963805805524872
ICEWS14,19,5395,38,281,1503,1503,1,1.0,1.1877398321658144,24.0,0.4711589369959404,0.629583649820099,0.5206679414220355,0.3244914645561684,0.5751257956210672,0.34134493525630527,0.3141569084083737
ICEWS14,20,5395,38,229,873,1503,0,6.0,1.204708698766126,21.0,0.7284274237469965,0.7761443632946203,0.3744993089871843,0.2271620078188855,0.5753218361409023,0.43235765381020147,0.3553689917335525
ICEWS14,21,5395,38,192,4770,1503,0,6.5,2.254846767529589,19.0,0.7284274237469965,0.7944102752490316,0.5428947648411643,0.3627705474164189,0.6686525200450979,0.4425807400009384,0.4634060276450035
ICEWS14,22,5395,207,177,4721,711,0,3566.0,0.02342711029641531,1.0,0.35006974482590136,0.0,1.0,0.03461900655444864,0.5,0.13410689931120423,0.0972523332778266
ICEWS14,23,5395,207,305,3922,711,0,3566.0,0.0018569876857596028,1.0,0.02774884298889307,0.0,1.0,0.03461900655385422,0.5,0.0827192799944979,0.06830607576798142
ICEWS14,24,5395,160,270,1386,1215,0,4.0,0.09477182589459088,1.0,0.646816582731497,0.0,1.0,0.07905153228865501,0.5,0.20367863858720509,0.14030025504425309
ICEWS14,25,5395,160,66,250,873,0,3565.5,0.17918307828876745,1.0,0.597554769985219,0.0,1.0,0.17637406352423185,0.5,0.1915845881890497,0.149769119428368
ICEWS14,26,5395,115,339,1077,3262,0,3566.5,0.49249364037802146,2.0,0.7001394896518027,0.002194729366718162,0.9978052706332818,0.540687654953163,0.5,0.250197523411627,0.2640223957179724
ICEWS14,27,5395,115,313,1176,2290,0,3566.5,0.06571081533972734,1.0,0.35006974482590136,0.0,1.0,0.10357478783706522,0.5,0.1344639818820663,0.10611312253869466
ICEWS14,28,5395,42,90,1077,1077,1,1.0,0.9803906099397734,1.0,0.9803906099397734,0.0,1.0,0.99999999999898,0.5,0.322779285591777,0.4657625428295966
ICEWS14,29,5395,53,289,5385,4350,0,3568.0,0.5,1.0,1.0,0.0,1.0,0.3333333333331111,0.5,0.3223228699649396,0.259705481448449
ICEWS14,30,5395,222,152,1061,6890,0,3566.0,0.11169713988689145,1.0,0.6216979445974911,0.0,1.0,0.09869865099266324,0.5,0.19714170461607408,0.13996824450815962
ICEWS14,31,5395,150,27,2473,0,0,3564.5,0.0,0.0,0.0,0.0,0.0,0.0,0.0,0.06266844042745784,0.00977672855419752
ICEWS14,32,5395,47,244,1077,6635,0,2.0,0.024339068198139524,1.0,0.46191979762002533,0.0,1.0,0.027058425722276888,0.5,0.15737062459464324,0.10860240332896497
ICEWS14,33,4702,53,304,1077,956,0,30.0,6.0633715690034276,49.0,0.7884782461155736,0.7204276796022973,0.5751720247760093,0.39581692948114705,0.6477998521891533,0.6178497887855803,0.4543140054876125
ICEWS14,34,4702,53,12,4151;6293,3232,0,3565.5,0.8872453855120765,3.0,0.9238395952400507,0.32675415021192744,0.6732458497880726,0.1950930127357914,0.5,0.3566917287672615,0.24442643121998986
ICEWS14,35,4702,53,112,6293,956,0,4.0,0.822553604691838,11.0,0.7884782461155736,0.7212649291419853,0.27873507085801474,0.10498936805167593,0.5,0.39640426374003246,0.2532222952277773
ICEWS14,36,4702,53,207,2790,956,0,3578.0,10.07164853826649,32.0,1.0,0.7017475424938657,0.8364272626597097,0.668984147671422,0.7690874025767878,0.725923804814188,0.6353337791022157
ICEWS14,37,4702,53,6,1953,127,0,3564.0,0.0,1.0,1.0,0.0,0.0,0.0,0.0,0.31444089581150797,0.03619909534280753
ICEWS14,38,4702,53,50,956,956,1,1.0,6.81709088778959e-05,4.0,0.9803906099397734,0.5429006737087521,0.45709932629124794,1.1461727325443685e-05,0.5,0.3826661333862997,0.23540153765912122
ICEWS14,39,4702,53,59,5756,956,0,3576.5,0.8535366392902439,5.0,0.8534795977333005,0.4991362999953569,0.5008637000046431,0.14639976329994817,0.5,0.36305615860322765,0.2405993089006891
ICEWS14,40,4702,53,32,920;6351,6293,0,3569.5,0.156785722498475,4.0,0.7884782461155736,0.0,1.0,0.026794814174559242,0.5,0.31260942797368346,0.17646664249171642
ICEWS14,41,4702,53,25,956,6293,0,3569.0,1.3500723020903949,4.0,0.9057236642639067,0.0,1.0,0.24319236335141362,0.5,0.37634216797600273,0.2381584195871839
ICEWS14,42,4702,53,111,6293,956,0,3.0,0.8390060006208833,11.0,0.8042490800314893,0.7212649291419853,0.2787350708580148,0.10498936805167615,0.5,0.4030220173004257,0.2566130756210797
ICEWS14,43,4702,53,237,3159,956,0,7.0,4.993998972839673,32.0,0.5520447568369061,0.7017475424938657,0.7893304378276539,0.562570253466563,0.7455389901607599,0.4639919745012179,0.525781870583709
ICEWS14,44,4702,53,55,2269,956,0,3573.0,0.923901339245436,5.0,0.9238395952400507,0.4991362999953569,0.5008637000046431,0.14639976329995014,0.5,0.3919091263608763,0.25548748632642976
ICEWS14,45,4702,155,159,5395,1077,0,3571.5,0.016316476402018276,2.0,0.7141434062641757,0.0,1.0,0.005859139219850138,0.5,0.24810955966931691,0.14774144755354982
ICEWS14,46,4702,155,235,3159,5092,0,8.0,0.601144925375077,3.0,0.7001394896518027,0.49940980631190857,0.5005901936880914,0.2737315527628946,0.5,0.27193957430603555,0.22909817761140597
ICEWS14,47,4702,155,11,4319,0,0,3564.5,0.0,0.0,0.0,0.0,0.0,0.0,0.0,0.06266844042745784,0.00977672855419752
ICEWS14,48,4702,155,218,5092,5092,1,1.0,0.8417706025177547,3.0,0.9803906099397734,0.4994098063119087,0.5005901936880913,0.2737315527629302,0.5,0.3779071124454777,0.290516348186936
ICEWS14,49,4702,155,311,3155,1077,0,2.0,2.4229370765046174,7.0,0.9057236642639067,0.366480915402132,0.633519084597868,0.41586361851730286,0.5,0.4363847514306725,0.31453854821024146
ICEWS14,50,4702,115,62,6122,956,0,2.0,0.07848394264469227,2.0,0.5306065116666864,0.48020614479804213,0.5197938552019579,0.039979193840966064,0.5,0.19603276600151354,0.14376655969091182
ICEWS14,51,4702,127,310,3341,956,0,2.0,3.5658024336311804,34.0,0.9423178739918808,0.5273894573154476,0.47261054268455244,0.22848940331418527,0.5,0.6050082555604452,0.32350128170886167
ICEWS14,52,4702,127,143,5026,956,0,3570.5,4.191133290356753,13.0,0.9611657480580811,0.8060331174295285,0.879072461543893,0.7327817433786139,0.8425527894867108,0.5422347092014483,0.7497783008207518
ICEWS14,53,4702,127,65,956,6122,0,2.0,0.5234538363705665,4.0,0.8705505632961241,0.4875881558164532,0.5124118441835468,0.08524886189099154,0.5,0.34887260783543933,0.22511924027388017
ICEWS14,54,4702,127,306,5092,956,0,9.0,2.8397619815782127,33.0,1.0,0.5848851618622224,0.41511483813777766,0.17891052454814846,0.5,0.6129137066712619,0.3356242288578995
ICEWS14,55,4702,169,343,2457,3159,0,2.0,0.02720470510300388,2.0,0.9611657480580811,0.027524806125067358,0.9724751938749326,0.013954449825541651,0.5,0.333001611648003,0.19197577009903838
ICEWS14,56,4702,169,255,6017,6618,0,5.0,0.9517418110249808,2.0,0.9611657480580811,0.0,1.0,0.3333333333332165,0.5,0.34808229672118596,0.2607313438625056
ICEWS14,57,4702,160,328,3155,3155,1,1.0,15.69036348991818,135.0,0.9803906099397734,0.8719058986550672,0.9387457065469451,0.870578756075856,0.9053258026010061,0.865946674627206,0.7831570334080579
ICEWS14,58,4702,160,362,3155,3155,1,1.0,18.375664188779556,151.0,0.9803906099397734,0.8376796668389039,0.9373008692699333,0.8671592350164512,0.8874902680544186,0.8910193505001892,0.7420803119721732
ICEWS14,59,4702,160,260,3155,3155,1,1.0,17.893099579032487,112.0,0.9803906099397734,0.8224490894510623,0.8893730262083047,0.7941774782247543,0.8559110578296836,0.8763236302503616,0.6912125888570126
ICEWS14,60,4702,160,188,3155,3155,1,1.0,15.6048182938327,83.0,0.8705505632961241,0.8488088847039483,0.840877356190117,0.7149916337420523,0.8448431204470327,0.8175694594863463,0.6489648413728927
ICEWS14,61,4702,160,86,3155,3155,1,1.0,17.782014384312525,44.0,0.9238395952400507,0.8348269815935907,0.8556611481991799,0.7284284602530345,0.8452440648963853,0.8205049062792849,0.6064969070789712
ICEWS14,62,4702,160,5,3155,3155,1,1.0,0.9803906099397734,1.0,0.9803906099397734,0.0,1.0,0.99999999999898,0.5,0.322779285591777,0.4657625428295966
ICEWS14,63,4702,160,200,3155,3155,1,1.0,18.46437029019714,90.0,0.9803906099397734,0.7974055962256859,0.8877416271943132,0.7901228336594466,0.8425736117099996,0.8722097563224374,0.6605072071844582
ICEWS14,64,4702,160,215,3155,3155,1,1.0,16.31070289279972,93.0,0.9803906099397734,0.8263625591270078,0.9037867966369909,0.8173816440346399,0.8650746778819993,0.8552040204647908,0.7185391184157306
ICEWS14,65,4702,160,113,3155,3155,1,1.0,17.13082534516862,54.0,0.9803906099397734,0.8228170907808909,0.8518367869859559,0.7193075504305759,0.8373269388834235,0.8375660077192676,0.6310322693346335
ICEWS14,66,4702,160,363,3155,3155,1,1.0,18.015328622086034,151.0,0.9611657480580811,0.8376796668389039,0.9373008692699331,0.8671592350164502,0.8874902680544186,0.8852236883023671,0.7420553803933602
ICEWS14,67,4702,160,171,3155,3155,1,1.0,17.296000919279038,79.0,0.9803906099397734,0.8170003503332658,0.8074001371427569,0.6650712602666835,0.8122002437380114,0.8567807857530844,0.6060602958481878
ICEWS14,68,4702,160,104,3155,3155,1,1.0,14.966262298209486,49.0,0.8879629756445782,0.8658095325487174,0.8088045696412308,0.6519701616842339,0.837307051094974,0.7847572863412547,0.6129767654208732
ICEWS14,69,4702,103,77,3155,956,0,3566.0,1.6533649084006399,4.0,1.0,0.544441868712635,0.455558131287365,0.2941106832501434,0.5,0.41937515743185627,0.3028478027692783
ICEWS14,70,4702,103,195,3341,956,0,2.0,4.211023081638042,14.0,0.9238395952400507,0.7007922191118943,0.8357741631676419,0.6650464779876429,0.7682831911397681,0.5333219999641214,0.661710566573008
ICEWS14,71,4702,103,322,6817,956,0,3568.5,1.626408697420303,19.0,1.0,0.7351150847087391,0.5245755989575055,0.27454383490335943,0.6298453418331222,0.5443871720777735,0.4837679879441369
ICEWS14,72,4702,103,95,956,956,1,1.0,2.137976673115597,5.0,0.9803906099397734,0.6710675819237283,0.6068897291515031,0.4348772308258907,0.6389786555376157,0.43622771499353635,0.47134351230881755
ICEWS14,73,4702,156,192,5137,6785,0,3566.0,0.7946885916751729,1.0,1.0,0.0,1.0,0.6593222184621916,0.5,0.3270164888134747,0.355563722320351
ICEWS14,74,4702,156,68,3155,3155,1,1.0,0.25001811426621745,3.0,0.4805828740290406,0.4094047090521531,0.5905952909478469,0.11918693593227156,0.5,0.20138709153842657,0.15388189430003857
ICEWS14,75,4702,158,286,3155,3155,1,1.0,0.9620998917301022,21.0,0.5100008047105996,0.6547519497720664,0.7016775468239996,0.48290857936276305,0.678214748298033,0.34179436979457245,0.46485110845601774
ICEWS14,76,4702,158,218,3155,3155,1,1.0,1.7381686286859022,20.0,0.9803906099397734,0.7192746481379919,0.544373325990319,0.3049980566372474,0.6318239870641554,0.5426739527578177,0.4901393008906302
ICEWS14,77,4702,105,100,956,956,1,1.0,0.38978500640904346,2.0,0.3789291416275995,0.0,1.0,0.35081935302751843,0.5,0.16213443774551495,0.15724702210514271
ICEWS14,78,4702,162,167,956,956,1,1.0,0.5487122548627451,2.0,0.6597539553864471,0.0,1.0,0.2657937387725029,0.5,0.23847771004572088,0.18611768941957907
ICEWS14,79,4702,162,149,5026,956,0,3566.0,1.7656263342279952,2.0,0.9423178739918808,0.0,1.0,0.8977660878413996,0.5,0.35436870941829457,0.42555474270299726
ICEWS14,80,4702,56,51,3155,3155,1,1.0,0.9803906099397734,2.0,0.9803906099397734,0.4262755948188447,0.5737244051811553,0.4022535387025186,0.5,0.3558932898137753,0.31116722031135635
ICEWS14,81,4950,142,322,3786,7038,0,3568.5,1.8367433833929032,3.0,1.0,0.6450293090897684,0.7029806230824563,0.4836685934331112,0.6740049660861124,0.4029098421460541,0.5087818906427795
ICEWS14,82,4950,103,319,6410,0,0,3564.5,0.0,0.0,0.0,0.0,0.0,0.0,0.0,0.06266844042745784,0.00977672855419752
ICEWS14,83,4950,98,78,1077,5194,0,3565.0,0.2929185427091149,1.0,0.2929185427091149,0.0,1.0,0.9999999999965862,0.5,0.1255197768479941,0.2855144010508557
ICEWS14,84,4950,207,320,1077,1077,1,1.0,1.7117735252549722,2.0,0.9238395952400507,0.0,1.0,0.879025801046558,0.5,0.34644143187379156,0.4143917012191906
ICEWS14,85,4950,53,151,3155,0,0,3564.5,0.0,0.0,0.0,0.0,0.0,0.0,0.0,0.06266844042745784,0.00977672855419752
ICEWS14,86,3724,150,204,1179,3450,0,2.0,0.47351964515846456,1.0,0.9803906099397734,0.0,1.0,0.3183835669572442,0.5,0.314783667702285,0.25144122207998604
ICEWS14,87,3724,160,141,5920,1916,0,3565.0,0.10668494971666255,1.0,0.10668494971666255,0.0,1.0,0.9999999999906266,0.5,0.09395447666667518,0.24441990558406407
ICEWS14,88,3724,47,107,3450,1179,0,3565.0,0.864695126032653,1.0,1.0,0.0,1.0,0.7616413404535081,0.5,0.3281366644564061,0.3890965976670362
ICEWS14,89,1145,115,159,6381,1434,0,3565.5,0.07231043570022641,1.0,0.13005041040272958,0.0,1.0,0.3850593077985356,0.5,0.09711635687454863,0.1204726436353128
ICEWS14,90,1145,115,317,1179,1971,0,3568.5,0.029430859508202567,1.0,0.7578582832551991,0.0,1.0,0.01980161645202398,0.5,0.23461665107200635,0.14662886836656475
ICEWS14,91,1145,115,51,1434,929,0,3565.0,0.4901953049698867,1.0,0.4901953049698867,0.0,1.0,0.9999999999979601,0.5,0.16843281174455818,0.3332746123252768
ICEWS14,92,1145,65,249,3592,3036,0,3565.0,0.02886998735125159,1.0,0.02886998735125159,0.0,1.0,0.999999999965362,0.5,0.0830109669631702,0.22848275170600943
ICEWS14,93,1145,6,175,1971,1971,1,1.0,0.6946707529751297,8.0,0.9611657480580811,0.5546178395740156,0.4453821604259844,0.19182017527634143,0.5,0.4388817840724576,0.2999590952355781
ICEWS14,94,1145,6,146,6903,1928,0,6.0,0.22019084801017108,4.0,0.6864101813026526,0.47452819888270314,0.5254718011172969,0.049244093127959535,0.5,0.2780589145161885,0.1834089624315786
ICEWS14,95,1145,6,227,745,1971,0,3.0,1.791087454724571,13.0,0.9611657480580811,0.6350100960255873,0.5874101235120202,0.26140760675351743,0.6112101097688037,0.49874911965056995,0.4235881951067843
ICEWS14,96,1145,6,72,1971,4108,0,2.0,0.5742557521831217,5.0,0.8705505632961241,0.6495715077784145,0.3504284922215855,0.13068386229624582,0.5,0.3649715160968593,0.25176036196124
ICEWS14,97,1145,6,167,745,1928,0,3580.5,0.1452717829146064,4.0,0.4528618321319533,0.4745281988827029,0.5254718011172971,0.049244093127953865,0.5,0.20582154445500203,0.14572619070257103
ICEWS14,98,1145,6,19,4108,1434,0,2.5,2.2523303444128917,4.0,0.8534795977333005,0.23302008191053147,0.7669799180894685,0.5296696545158313,0.5,0.3712240269678434,0.3102051616202735
ICEWS14,99,1145,53,321,4185,4185,1,1.0,0.09471502021186956,1.0,0.16170414568287425,0.0,1.0,0.4141574421213525,0.5,0.10200918253754707,0.12905244873442523
ICEWS14,100,1145,8,174,1434,0,0,3564.5,0.0,0.0,0.0,0.0,0.0,0.0,0.0,0.06266844042745784,0.00977672855419752
ICEWS14,101,1145,127,349,2683,2683,1,1.0,1.0684006514207658,11.0,0.9611657480580811,0.5803597343132773,0.6423041232176362,0.30417077084534844,0.6113319287654567,0.47160794278668494,0.4386385208430054
ICEWS14,102,1145,56,85,6109,2683,0,3574.0,0.8509059173570648,5.0,0.9238395952400507,0.537553591552833,0.462446408447167,0.270597977937578,0.5,0.39064615992336904,0.29445444734890347
ICEWS14,103,1145,56,0,4548,0,0,3564.5,0.0,0.0,0.0,0.0,0.0,0.0,0.0,0.06266844042745784,0.00977672855419752
ICEWS14,104,1145,56,310,226,745,0,20.0,0.1908809093242354,5.0,0.5630865404461788,0.6712556316755095,0.3287443683244905,0.059008578533773275,0.5,0.2504689364737251,0.1779122963378611
ICEWS14,105,1145,56,57,2996,2683,0,3571.0,0.8697387354598991,4.0,0.6341329040632923,0.6608441104434226,0.6173774569580596,0.3030724451367916,0.639110783700741,0.27004587738182656,0.3365923641278742
ICEWS14,106,1145,56,100,4108,2683,0,3575.0,1.432058046675389,6.0,0.8534795977333005,0.6349190372481862,0.6586969911819706,0.44151554599635295,0.6468080142150784,0.3860587849869463,0.458963420045674
ICEWS14,107,1145,56,315,1971,745,0,4.0,0.17288535663117321,5.0,0.5100008047105996,0.6712556316755094,0.32874436832449055,0.05900857853377145,0.5,0.23393262813934426,0.1689585957740391
ICEWS14,108,1145,56,309,5773,745,0,3584.5,0.1946988347185019,5.0,0.5743491774985175,0.6712556316755094,0.32874436832449055,0.05900857853377358,0.5,0.2540756403212062,0.17985902883029226
ICEWS14,109,1145,56,199,2637,4185,0,3580.0,0.44383735984294104,4.0,0.8879629756445782,0.5661853269703051,0.4338146730296949,0.1216024072593756,0.5,0.3541950855761028,0.24338247231086144
ICEWS14,110,1145,56,124,226,2683,0,24.0,0.8208260004254704,7.0,0.7284274237469965,0.6661379398097456,0.5770563405815062,0.23168738228704958,0.621597140195626,0.3387520115293341,0.3467896116061313
ICEWS14,111,1145,156,151,6991,1928,0,3577.5,0.036642783172109894,11.0,0.5520447568369061,0.6693192173943359,0.3306807826056641,0.004568821765677343,0.5,0.2946026556633528,0.1861003937536293
ICEWS14,112,1145,156,363,2545,1971,0,18.0,1.1688253506608186,31.0,0.6095068271022377,0.772713412512713,0.378754314739992,0.16598467192617503,0.5757338636263525,0.4164823489949566,0.3209688218282171
ICEWS14,113,1145,156,134,5409,1928,0,3577.0,2.396496854115918,11.0,0.7730166686334901,0.6693192173943359,0.6160240192811485,0.2697146154794551,0.6426716183377421,0.4177533258449368,0.3850448696942787
ICEWS14,114,1145,156,283,1691,1971,0,3588.5,4.55265600978866,25.0,0.9803906099397734,0.6802534097237612,0.7021580898886745,0.48942458218924434,0.6912057498062179,0.6114505129294199,0.5722751917068258
ICEWS14,115,1145,156,25,2683,6349,0,3568.5,0.572020266715048,2.0,0.7284274237469965,0.0,1.0,0.24729366490226753,0.5,0.2602915050794445,0.19444421670986
ICEWS14,116,1145,156,251,2545,1971,0,13.0,1.9210662432236378,19.0,0.8879629756445782,0.6505937866558118,0.5602629487764395,0.2954866879276243,0.6054283677161256,0.5029936586387309,0.4255914748370564
ICEWS14,117,1145,156,230,745,1971,0,3582.5,0.14832468401499854,15.0,0.7284274237469965,0.5340894691197893,0.4659105308802108,0.04979721943483916,0.5,0.3857871487207436,0.2334652611959165
ICEWS14,118,1145,156,247,3255,1971,0,3583.5,2.8047840003567766,19.0,0.9611657480580811,0.6505937866558118,0.7550607498918089,0.44435868850495064,0.7028272682738104,0.5494985372079834,0.5731075647310172
ICEWS14,119,1145,156,302,1971,1971,1,1.0,3.1249894370876454,25.0,0.6729500963161781,0.6802534097237611,0.7021580898886745,0.48942458218922025,0.6912057498062179,0.4589253470383617,0.5033719847124208
ICEWS14,120,1145,156,295,3479,1971,0,6.0,3.5896702257656883,25.0,0.7730166686334901,0.6802534097237611,0.7021580898886745,0.4894245821892302,0.6912057498062179,0.5091254083595073,0.5259414383106651
ICEWS14,121,1145,156,167,1928;2545,1928,1,3.0,0.026691608144979728,11.0,0.40212454001574466,0.6693192173943359,0.33068078260566414,0.004568821765677117,0.5,0.24514318322146922,0.1604922364810451
ICEWS14,122,1145,156,135,4451,1928,0,15.0,2.349503012525454,11.0,0.7578582832551991,0.6693192173943359,0.6160240192811485,0.26971461547945447,0.6426716183377421,0.41077123012473993,0.381457490251928
ICEWS14,123,1145,224,89,4500,1353,0,3570.0,0.20171619572771404,2.0,0.7578582832551991,0.32459032348608274,0.6754096765139173,0.09876295077254638,0.5,0.2646158959119592,0.18526964362010137
ICEWS14,124,1145,224,130,1022,4500,0,2.0,0.3554507409218932,2.0,0.7141434062641757,0.46539803861923645,0.5346019613807635,0.15346077031021974,0.5,0.2527338301098515,0.1943069581067543
ICEWS14,125,1145,224,67,5776,4451,0,3570.0,0.5861573646280185,2.0,0.9423178739918808,0.33774869729843904,0.662251302701561,0.2594025123155164,0.5,0.3350191580772544,0.25957836921442423
ICEWS14,126,1145,208,345,1971,2683,0,4.0,0.09918292470495282,1.0,0.5520447568369061,0.0,1.0,0.09869865099265225,0.5,0.17921130786600137,0.13030952112694424
ICEWS14,127,1145,208,114,1971,6903,0,3.0,0.10417832766852031,2.0,0.8879629756445782,0.15148953791164232,0.8485104620883577,0.05238213513462791,0.5,0.3075660358287178,0.19194284256180355
ICEWS14,128,1145,60,92,2683,1928,0,3565.0,0.8705505632961241,1.0,0.8705505632961241,0.0,1.0,0.9999999999988514,0.5,0.2823612352681468,0.43492005470572903
ICEWS14,129,1145,168,97,6665,544,0,3.0,0.1510629451131742,1.0,0.4439814878222891,0.0,1.0,0.20499788146844358,0.5,0.15463117589588826,0.13270519260932157
ICEWS14,130,1145,168,317,4500,2683,0,3568.5,0.5440877609506332,1.0,0.7730166686334901,0.0,1.0,0.5430312522067604,0.5,0.24607127928725597,0.26522999055214624
ICEWS14,131,1145,168,235,1353,6665,0,3.0,0.23753122918368863,3.0,0.820335356007638,0.29364907507928806,0.7063509249207119,0.11391235481255325,0.5,0.3078648487634494,0.20774797350289734
ICEWS14,132,1145,158,31,13,13,1,1.0,0.646816582731497,1.0,0.646816582731497,0.0,1.0,0.999999999998454,0.5,0.21026026310865065,0.37386151215348074
ICEWS14,133,1145,61,362,328,1244,0,3573.0,0.028853738304298493,1.0,0.7429971445684742,0.0,1.0,0.019801616452023708,0.5,0.230173861153194,0.14441905509662875
ICEWS14,134,1145,191,347,2086,6274,0,3572.5,1.5128155440192863,3.0,1.0,0.6032493632213312,0.7222192116467551,0.4287862878390704,0.6627342874340432,0.39726206969479116,0.4809376168007943
ICEWS14,135,1145,191,282,4019,1434,0,3571.5,0.7083639084594935,2.0,0.9611657480580811,0.3377486972984389,0.6622513027015611,0.3228114303467259,0.5,0.3440812660789012,0.28057332116428985
ICEWS14,136,1145,191,356,6274,6274,1,1.0,1.2658383967520728,3.0,0.836743383392903,0.6032493632213312,0.7222192116467551,0.42878628783904665,0.6627342874340432,0.3300477023227383,0.43629339852771243
ICEWS14,137,1145,191,341,6274,6274,1,1.0,0.908068761324135,2.0,0.9238395952400507,0.46047423385563957,0.5395257661443604,0.3608363257128299,0.5,0.33334344300309665,0.2874926049898582
ICEWS14,138,1145,63,261,2683,4185,0,3568.0,0.44636965470563705,1.0,0.836743383392903,0.0,1.0,0.36375473075149445,0.5,0.26499721126034154,0.23223794374077725
ICEWS14,139,1145,105,316,3274,3274,1,1.0,0.2802511202879707,1.0,0.9803906099397734,0.0,1.0,0.16676352322158,0.5,0.3117633108965931,0.21450493256515074
ICEWS14,140,1145,190,165,4185,0,0,3564.5,0.0,0.0,0.0,0.0,0.0,0.0,0.0,0.06266844042745784,0.00977672855419752
ICEWS14,141,1145,128,344,1353,0,0,3564.5,0.0,0.0,0.0,0.0,0.0,0.0,0.0,0.06266844042745784,0.00977672855419752
ICEWS14,142,1145,86,113,4451,5773,0,3567.5,0.3494904177415331,1.0,0.9238395952400507,0.0,1.0,0.2332752882018062,0.5,0.2928725580849594,0.21858422458170457
ICEWS14,143,1145,176,207,1971,1971,1,1.0,1.6780077374761964,2.0,0.9423178739918808,0.4752649511825976,1.0,0.8768911770713274,0.7376324755912989,0.3529138380872124,0.6602365622736052
ICEWS14,144,1145,123,68,5767,6080,0,3565.0,0.2987773849926094,1.0,0.2987773849926094,0.0,1.0,0.9999999999966531,0.5,0.12664674813762092,0.28687255792637534
ICEWS14,145,1145,170,244,4451,2683,0,2.0,0.3844994373911482,2.0,0.4439814878222891,0.020999864393040468,0.9790001356069595,0.7358691245996116,0.5,0.17741243549339716,0.26166494554583697
ICEWS14,146,1145,205,340,1971,1043,0,2.0,0.9167118065805826,2.0,0.5520447568369061,0.0,1.0,0.7219245166826549,0.5,0.21173187454746867,0.2752632666686649
ICEWS14,147,1145,205,14,7021,1971,0,3.0,0.7628644129713436,2.0,0.8705505632961241,0.4950491105234984,0.5049508894765016,0.28410009503935935,0.5,0.31156633081323004,0.2567450833840547
ICEWS14,148,1145,47,241,4019,1434,0,3569.5,0.4435948716278848,2.0,0.8705505632961241,0.48020614479804224,0.5197938552019578,0.15264769362835204,0.5,0.30661355043158406,0.22492018990197846
ICEWS14,149,1145,185,310,1971,5947,0,3568.0,0.7187557562381413,1.0,0.9238395952400507,0.0,1.0,0.6366736081797509,0.5,0.2984585541246941,0.32874401576610707
ICEWS14,150,2442,156,119,4233,1161,0,1.0,2.049806049913591,7.0,1.0,0.6706484093767838,0.6132297929001637,0.41033305834348927,0.6419391011384737,0.4687356866320882,0.4866181243819108
ICEWS14,151,2442,156,167,1161,1161,1,1.0,2.5175649022917144,11.0,0.7730166686334901,0.79180294825727,0.754072309060243,0.5129248720775126,0.7729376286587566,0.4198940470813178,0.5931690776725566
ICEWS14,152,2442,156,243,1161,1161,1,1.0,5.417518290268862,22.0,0.8705505632961241,0.7009510721425651,0.8696505058953884,0.7494181845576277,0.7853007890189767,0.5714521751353948,0.6895751791928983
ICEWS14,153,2442,156,160,6785,1161,0,2.0,2.8919226618607636,11.0,0.8879629756445782,0.79180294825727,0.754072309060243,0.512924872077526,0.7729376286587566,0.4740983976261944,0.6203479442936665
ICEWS14,154,2442,123,116,1161,1161,1,1.0,1.0179613575105744,2.0,0.8879629756445782,0.23004510891934693,1.0,0.7899923824211669,0.6150225544596735,0.32188045774788193,0.5012970920980543
ICEWS14,155,2442,98,271,558,1361,0,3566.0,0.4315062597649536,2.0,0.8705505632961241,0.13451721684326456,0.8654827831567354,0.27306986432872443,0.5,0.30642688601205736,0.2377759149648538
ICEWS14,156,2442,38,237,1161,1161,1,1.0,1.0935977024323538,11.0,0.3298769776932236,0.7291001962972538,0.7694446579765623,0.56166116380626,0.749272427136908,0.2372060382222493,0.47602549631844554
ICEWS14,157,2442,38,244,1161,1161,1,1.0,0.9520320958718328,11.0,0.2871745887492588,0.7291001962972538,0.7694446579765623,0.5616611638062171,0.749272427136908,0.22273697757132196,0.4655190597670781
ICEWS14,158,2442,171,243,1161,1161,1,1.0,0.6593884421193729,7.0,0.26010082080545915,0.6403167506030507,0.9315659510116208,0.8379691939074524,0.7859413508073357,0.1878353504468337,0.5674847899566189
ICEWS14,159,2442,172,134,2137,0,0,3564.5,0.0,0.0,0.0,0.0,0.0,0.0,0.0,0.06266844042745784,0.00977672855419752
ICEWS14,160,2442,222,247,6451,776,0,3565.5,0.037027104645208656,1.0,0.11321545803298837,0.0,1.0,0.19549292259360074,0.5,0.09445501817912444,0.09278355700938691
ICEWS14,161,2442,222,229,776,776,1,1.0,0.05288532527085872,1.0,0.16170414568287425,0.0,1.0,0.19549292259391002,0.5,0.10173117099777204,0.09770269628370765
ICEWS14,162,2442,160,145,1384,1873,0,3570.0,0.4729569332829464,3.0,0.7578582832551991,0.43591064048030326,0.5640893595196967,0.21361541589807861,0.5,0.2895546988373152,0.22410292281695485
ICEWS14,163,2442,173,112,1161,1161,1,1.0,0.6402360902919513,2.0,0.36421371187349827,0.431125927769216,1.0,0.9999999999984381,0.7155629638846079,0.16126328697604214,0.5309115371338643
ICEWS14,164,2442,207,299,776,776,1,1.0,0.9740548025285367,3.0,0.9238395952400507,0.34441385940863845,0.6555861405913616,0.2218474433938069,0.5,0.35814004173303626,0.2515928167139126
ICEWS14,165,2442,215,327,1161,0,0,3564.5,0.0,0.0,0.0,0.0,0.0,0.0,0.0,0.06266844042745784,0.00977672855419752
ICEWS14,166,2442,208,50,1161,0,0,3564.5,0.0,0.0,0.0,0.0,0.0,0.0,0.0,0.06266844042745784,0.00977672855419752
ICEWS14,167,2442,140,28,1161,0,0,3564.5,0.0,0.0,0.0,0.0,0.0,0.0,0.0,0.06266844042745784,0.00977672855419752
ICEWS14,168,2442,56,203,5800,1161,0,3566.5,1.5113041768163777,5.0,0.9803906099397734,0.6511166710376022,0.6185759576586726,0.36781602785182826,0.6348463143481373,0.4250663825292729,0.4520009020184003
ICEWS14,169,2442,4,8,1873,0,0,3564.5,0.0,0.0,0.0,0.0,0.0,0.0,0.0,0.06266844042745784,0.00977672855419752
ICEWS14,170,2442,169,28,5800,0,0,3564.5,0.0,0.0,0.0,0.0,0.0,0.0,0.0,0.06266844042745784,0.00977672855419752
ICEWS14,171,2442,42,273,1161,1161,1,1.0,0.17793584584822575,1.0,0.20918584584822575,0.0,1.0,0.7400553990597851,0.5,0.11011070667696436,0.1999951928032186
ICEWS14,172,2442,191,69,4029,0,0,3564.5,0.0,0.0,0.0,0.0,0.0,0.0,0.0,0.06266844042745784,0.00977672855419752
ICEWS14,173,2442,54,296,776,776,1,1.0,0.5092316729438331,1.0,0.9803906099397734,0.0,1.0,0.3508193530275926,0.5,0.31534349630041647,0.2599380699123811
ICEWS14,174,2442,6,285,1161,1161,1,1.0,2.6238938386838253,9.0,0.7578582832551991,0.7261559350116835,0.9822790504863715,0.901350794078247,0.8542174927490276,0.39955896005260805,0.7592016466310046
ICEWS14,175,2442,102,140,1161,1161,1,1.0,0.5192415778987708,1.0,0.7284274237469965,0.0,1.0,0.5537907735908848,0.5,0.23217276246621313,0.25821852586861244
ICEWS14,176,7084,53,279,2527,6889,0,3566.5,0.9699811718226308,1.0,1.0,0.0,1.0,0.9417120787375143,0.5,0.32982503522221596,0.45082908798293564
ICEWS14,177,1085,155,272,3262,6410,0,3565.0,0.6158621789045386,2.0,0.597554769985219,0.02972647054229549,1.0,0.9999999999983763,0.5148632352711477,0.22093429138246531,0.394052689948297
ICEWS14,178,1085,47,173,3262,0,0,3564.5,0.0,0.0,0.0,0.0,0.0,0.0,0.0,0.06266844042745784,0.00977672855419752
ICEWS14,179,2581,56,329,4385,0,0,3564.5,0.0,0.0,0.0,0.0,0.0,0.0,0.0,0.06266844042745784,0.00977672855419752
ICEWS14,180,2581,142,246,5783,6456,0,3567.0,0.0416215945910135,1.0,0.3714985722842371,0.0,1.0,0.05934280798965932,0.5,0.1384826303677544,0.10267515543257986
ICEWS14,181,2581,156,205,2460,0,0,3564.5,0.0,0.0,0.0,0.0,0.0,0.0,0.0,0.06266844042745784,0.00977672855419752
ICEWS14,182,2581,207,219,4304,4304,1,1.0,0.5630865404461788,1.0,0.5630865404461788,0.0,1.0,0.9999999999982241,0.5,0.18701451129895075,0.3518998933245254
ICEWS14,183,2581,127,169,4304,0,0,3564.5,0.0,0.0,0.0,0.0,0.0,0.0,0.0,0.06266844042745784,0.00977672855419752
ICEWS14,184,1161,156,362,558;2442;4587,2442,1,7.333333333333333,6.680002098358797,150.0,0.9057236642639067,0.8891110613076878,0.3134436671359118,0.18199993840569417,0.6012773642217998,0.7547782141954378,0.42861826233890804
ICEWS14,185,1161,156,293,2442,2442,1,1.0,16.88752671772233,118.0,0.9803906099397734,0.8756667443388658,0.7462692909446903,0.5939633474399189,0.8109680176417781,0.8703297755758983,0.609647923476734
ICEWS14,186,1161,156,353,5697,2442,0,11.0,7.941706592565108,148.0,0.9611657480580811,0.8792207607853082,0.3414000359258842,0.20024256522644296,0.6103103983555962,0.7864761095047229,0.43825880441522025
ICEWS14,187,1161,156,20,4463,2442,0,3567.0,2.4081360085616605,7.0,0.9803906099397734,0.3813913503549291,0.6186086496450709,0.2522279836142722,0.5,0.4670481574229812,0.2847845730412633
ICEWS14,188,1161,156,223,5800,2442,0,3584.5,10.28610724530946,84.0,0.9803906099397734,0.8580200131575341,0.5366835472011735,0.3498606269838753,0.6973517801793538,0.7861185865603882,0.5087254747146923
ICEWS14,189,1161,156,138,4233,2442,0,1.0,9.501649593393488,49.0,1.0,0.7764837352808251,0.5751208678106432,0.39184087082825014,0.6758023015457342,0.7472673945998877,0.490611650784826
ICEWS14,190,1161,156,331,4233,2442,0,1.0,13.307436153317466,140.0,1.0,0.8347913224410591,0.5473201130611787,0.32861641509004846,0.691055717751119,0.8504903313375792,0.47672285752145677
ICEWS14,191,1161,156,264,558,2442,0,1.0,16.5205976071285,105.0,1.0,0.8618790998838953,0.7239061156744765,0.5646598552085629,0.7928926077791859,0.8662108495418296,0.5887234988613097
ICEWS14,192,1161,156,181,4783,2442,0,5.0,11.64246220005363,69.0,1.0,0.8191267810354033,0.5596909930066595,0.3818955643167395,0.6894088870210313,0.796125483020974,0.4850149124124673
ICEWS14,193,1161,156,233,2442;6188,2442,1,1793.75,13.027483563281011,90.0,0.9803906099397734,0.835387570600636,0.6541963739817008,0.4258404995456825,0.7447919722911684,0.8213747489246186,0.5365936735012823
ICEWS14,194,1161,156,82,6786,2442,0,3576.0,9.199012564791094,31.0,1.0,0.8199040420288535,0.6533053254408413,0.4139256608029635,0.7366046837348474,0.7108327121856176,0.5386138670303598
ICEWS14,195,1161,156,103,2442,2442,1,1.0,7.177695221977585,37.0,0.9423178739918808,0.8564408342531561,0.556247717290415,0.31067590942846635,0.7063442757717855,0.6723276017673179,0.5004555486645014
ICEWS14,196,1161,156,198,2442,2442,1,1.0,8.814272236845078,75.0,0.9803906099397734,0.86743326096416,0.47453972925213356,0.2734418694759017,0.6709864951081468,0.7602358376272261,0.476121302888659
ICEWS14,197,1161,156,209,6749,2442,0,3584.5,9.952916975044982,79.0,1.0,0.8161848082568055,0.49391830857799,0.32637219692884356,0.6550515584173977,0.7838410273696007,0.46759861932084434
ICEWS14,198,1161,156,313,2442;5182,2442,1,1.5,13.170267914834746,127.0,0.9423178739918808,0.8780407005663453,0.6224760736979372,0.40793046287753004,0.7502583871321413,0.8315597470316731,0.5414058859647111
ICEWS14,199,1161,156,83,2442,2442,1,1.0,9.018625539239178,31.0,0.9803906099397734,0.8199040420288534,0.6533053254408414,0.4139256608029631,0.7366046837348474,0.7013049783665417,0.5356227712213283
ICEWS14,200,1161,156,330,4233,2442,0,2.0,12.553604684232473,139.0,0.9803906099397734,0.8284129518719388,0.4927344125956192,0.31161736037834925,0.660573682233779,0.8386596816307941,0.4488279513565217
ICEWS14,201,1161,156,28,122,2442,0,3571.0,3.8870112632284872,10.0,0.9611657480580811,0.5964900049192265,0.7512236177204036,0.33063493239935743,0.6738568113198151,0.5148318401646146,0.4558621719724684
ICEWS14,202,1161,156,57,2442,2442,1,1.0,5.232178332573449,20.0,0.9423178739918808,0.7638862016429262,0.5957331390562488,0.2880175484950665,0.6798096703495875,0.5893375837961209,0.46324164089807107
ICEWS14,203,1161,156,208,2442,2442,1,1.0,9.131989723560256,78.0,0.9423178739918808,0.8586407887217589,0.46759315012451025,0.3035339521517071,0.6631169694231346,0.7553708900270111,0.4648398245616749
ICEWS14,204,1161,156,215,1446,2442,0,6.0,8.932098109240473,80.0,1.0,0.8258805235489468,0.5410020097038997,0.3081660722098763,0.6834412666264232,0.7718109406974731,0.5038528275266958
ICEWS14,205,1161,156,180,3928,2442,0,3580.0,10.855328572258976,68.0,1.0,0.8354635580054556,0.5377460115900916,0.36093291208902684,0.6866047847977736,0.7858059978555769,0.4879385023519569
ICEWS14,206,1161,156,246,558,2442,0,3.0,16.262242304771238,98.0,0.9803906099397734,0.8119522558424707,0.7163777630247293,0.5119942582704256,0.7641650094336,0.8570969552687241,0.536070022890045
ICEWS14,207,1161,156,117,2442,2442,1,1.0,9.027752577101637,41.0,0.9238395952400507,0.8785351968540174,0.6619551074246316,0.4279115079236417,0.7702451521393245,0.7023869024473307,0.5710410555547858
ICEWS14,208,1161,16,138,2442,0,0,3564.5,0.0,0.0,0.0,0.0,0.0,0.0,0.0,0.06266844042745784,0.00977672855419752
ICEWS14,209,1161,133,153,1873,0,0,3564.5,0.0,0.0,0.0,0.0,0.0,0.0,0.0,0.06266844042745784,0.00977672855419752
ICEWS14,210,1161,167,197,2442,2442,1,1.0,0.2706097479346942,1.0,0.2706097479346942,0.0,1.0,0.9999999999963047,0.5,0.12130696393980464,0.28037844439994325
ICEWS14,211,1161,87,289,4740,4233,0,3566.5,0.06143251407974759,2.0,0.5412194958693883,0.036002578588614,0.963997421411386,0.05787698536157162,0.5,0.19864910398191152,0.13278293406739677
ICEWS14,212,1161,98,303,2442,2442,1,1.0,0.6489026497004949,2.0,0.6216979445974911,0.04192417015951522,1.0,0.999999999998459,0.5209620850797576,0.22838791699317904,0.4065863765245611
ICEWS14,213,1161,34,331,2442,2442,1,1.0,0.4654655288096337,3.0,0.4711589369959404,0.13506308729299787,0.8649369127070021,0.7459398359522151,0.5,0.20136838087857226,0.288168145829629
ICEWS14,214,1161,203,96,4587,0,0,3564.5,0.0,0.0,0.0,0.0,0.0,0.0,0.0,0.06266844042745784,0.00977672855419752
ICEWS14,215,1161,157,223,4587,1798,0,3565.5,0.198186257302215,1.0,0.2929185427091149,0.0,1.0,0.5112494103647092,0.5,0.12476636421642563,0.16544568182647496
ICEWS14,216,1161,170,236,4463,0,0,3564.5,0.0,0.0,0.0,0.0,0.0,0.0,0.0,0.06266844042745784,0.00977672855419752
ICEWS14,217,1161,56,299,4233,2442,0,14.0,1.5836078141777654,31.0,0.6729500963161781,0.5934645099950158,0.531281619066035,0.31845463914367045,0.5623730645305254,0.4499299290871418,0.3589302150851376
ICEWS14,218,1161,56,111,4587;5297,2442,0,3569.5,2.693577451535968,8.0,0.9803906099397734,0.7331521141351526,0.8371439585021113,0.5787215042273913,0.785148036318632,0.4829239763821825,0.6634138038312536
ICEWS14,219,1161,56,355,2442,2442,1,1.0,3.1024769720394243,39.0,0.8879629756445782,0.707718943444927,0.5693727343569038,0.37071256034371125,0.6385458389009154,0.5867274038296362,0.5016836478409423
ICEWS14,220,1161,56,328,1954,2442,0,3583.5,3.8182173890231774,36.0,0.9803906099397734,0.7238053821091236,0.7008892606581354,0.48753755725421016,0.7123473213836296,0.6291723503397654,0.6209505593806767
ICEWS14,221,1161,56,145,2442,2442,1,1.0,3.135524995967505,13.0,0.9057236642639067,0.8341012032837186,0.6567948792400778,0.40284435412679664,0.7454480412618982,0.4999752163835012,0.5702083355969702
ICEWS14,222,1161,56,12,5091,2694,0,3566.0,0.05021520728848616,1.0,0.8705505632961241,0.0,1.0,0.029697572565470908,0.5,0.2704441126170211,0.16613719965303037
ICEWS14,223,1161,56,177,3600,2442,0,16.0,5.542014255115845,20.0,0.7578582832551991,0.6891927232268442,0.7811277481917231,0.5990306340688956,0.7351602357092837,0.5187708574216675,0.5590150409259781
ICEWS14,224,1161,56,238,2442,2442,1,1.0,3.682870154226647,29.0,0.8534795977333005,0.7898001869360336,0.6518592250146243,0.39430452942770494,0.720829705975329,0.5572622808851033,0.5556249363697964
ICEWS14,225,1161,25,145,2442,0,0,3564.5,0.0,0.0,0.0,0.0,0.0,0.0,0.0,0.06266844042745784,0.00977672855419752
ICEWS14,226,1161,25,97,4233,0,0,3564.5,0.0,0.0,0.0,0.0,0.0,0.0,0.0,0.06266844042745784,0.00977672855419752
ICEWS14,227,1161,6,145,2442,776,0,1.0,0.12218991186313577,7.0,1.0,0.5725979392092011,0.42740206079079884,0.019193905563793127,0.5,0.4340740910389238,0.2626294791223523
ICEWS14,228,1161,6,6,2442,0,0,3564.5,0.0,0.0,0.0,0.0,0.0,0.0,0.0,0.06266844042745784,0.00977672855419752
ICEWS14,229,1161,6,357,5800,2442,0,27.0,5.525915537686237,39.0,0.9611657480580811,0.8476496026449031,0.826917001667154,0.690894600654172,0.8372833021560285,0.6567788694097489,0.7602744194262686
ICEWS14,230,1161,6,251,3600,2442,0,3577.5,6.167935703146283,25.0,0.8879629756445782,0.7649100473561334,0.8976888016989204,0.7773080583393508,0.8312994245275269,0.6025526773104962,0.734800537032714
ICEWS14,231,1161,6,141,2442,2442,1,1.0,0.9501758667409934,9.0,0.7578582832551991,0.775736076580769,0.4256302167569433,0.16358502178886578,0.6006831466688561,0.370776616496665,0.33128592310452776
ICEWS14,232,1161,6,170,1540,2442,0,3573.0,3.852954667929624,14.0,0.9611657480580811,0.7802935326410263,0.6736267399078277,0.49348779927865416,0.726960136274427,0.542379213834281,0.5905938575999369
ICEWS14,233,1161,6,334,2442,2442,1,1.0,5.029711851746647,36.0,0.820335356007638,0.7672200662302862,0.7355422132921962,0.5633384026365142,0.7513811397612411,0.5863479759204554,0.6193010601178534
ICEWS14,234,1161,6,166,2442,2442,1,1.0,2.11018347332592,12.0,0.8042490800314893,0.6737924618804318,0.5154197372407183,0.33018852811567767,0.5946060995605751,0.43257052874054996,0.38240817191159365
ICEWS14,235,1161,6,285,1873,2442,0,3.0,4.7764653832519075,28.0,0.9057236642639067,0.843204519689509,0.8490017002305918,0.7048608844156834,0.8461031099600504,0.5949704062124315,0.754328089648993
ICEWS14,236,1161,6,342,673,2442,0,3582.0,6.14369762117904,38.0,0.9803906099397734,0.8224062538086165,0.7982384121760957,0.6486749142646413,0.8103223329923561,0.6718989020924098,0.7247511995256175
ICEWS14,237,1161,18,85,4587,2442,0,3565.0,0.7950229312664555,2.0,0.5858370854182298,0.2631192606167937,1.0,0.9999999999987422,0.6315596303083968,0.21980210263785574,0.5074822721522805
ICEWS14,238,1161,169,117,4233,2694,0,3565.5,0.6529129224720931,1.0,0.8705505632961241,0.0,1.0,0.5999999999994485,0.5,0.279168695008475,0.3043659093397031
ICEWS14,239,1161,169,51,2442,2442,1,1.0,0.8042490800314893,1.0,0.8042490800314893,0.0,1.0,0.9999999999987567,0.5,0.2595087635138871,0.4165286020128027
ICEWS14,240,1161,190,265,4587,0,0,3564.5,0.0,0.0,0.0,0.0,0.0,0.0,0.0,0.06266844042745784,0.00977672855419752
ICEWS14,241,1161,115,322,4747,4587,0,3569.0,0.07004704825229613,1.0,0.7429971445684742,0.0,1.0,0.0494700976347698,0.5,0.23070452318382942,0.14947011944845676
ICEWS14,242,1161,115,239,1361,2694,0,5.0,0.3957179068064058,2.0,0.27602237841845306,0.0,1.0,0.5938788582316417,0.5,0.1401346079664428,0.18985570738981225
ICEWS14,243,1161,123,201,2694,4587,0,3.0,0.21082852890540027,1.0,0.820335356007638,0.0,1.0,0.1474488103622075,0.5,0.25640899763709357,0.18044950653440114
ICEWS14,244,1161,208,139,1873,660,0,3565.0,0.09287464307105926,1.0,0.09287464307105926,0.0,1.0,0.9999999999892327,0.5,0.09192214172982692,0.2415373740188504
ICEWS14,245,1161,31,155,2442,0,0,3564.5,0.0,0.0,0.0,0.0,0.0,0.0,0.0,0.06266844042745784,0.00977672855419752
ICEWS14,246,1161,105,145,122,2694,0,4.0,0.12376523469874878,3.0,0.8705505632961241,0.22532701990065096,0.774672980099349,0.058276325780540573,0.5,0.32423640531344894,0.2023101502775007
ICEWS14,247,1161,224,152,2694,2137,0,2.0,1.7686406799772536,13.0,0.7730166686334901,0.6352974039483288,0.5434780963465295,0.27356490851844667,0.5893877501474292,0.4203289408141647,0.35611088387250345
ICEWS14,248,1161,224,238,4154,3002,0,3568.5,0.3009934361909632,4.0,0.8534795977333005,0.4247383693952105,0.5752616306047895,0.11288886035059703,0.5,0.33878356853313896,0.22774741688369715
ICEWS14,249,1161,27,142,2442,2442,1,1.0,3.9408820300186935,6.0,0.9803906099397734,0.6411252899368648,1.0,0.9999999999997462,0.8205626449684325,0.482674688496299,0.778636088912028
ICEWS14,250,1161,127,266,6861,4004,0,3566.5,0.07616040475994934,1.0,1.0,0.0,1.0,0.03958771040389503,0.5,0.31563474737074043,0.19069877309637914
ICEWS14,251,6872,127,51,6284,0,0,3564.5,0.0,0.0,0.0,0.0,0.0,0.0,0.0,0.06266844042745784,0.00977672855419752
ICEWS14,252,6872,53,334,5036,232,0,3568.0,0.09162911301414811,1.0,0.5100008047105996,0.0,1.0,0.09869865099264424,0.5,0.16901955279013606,0.12475777501934655
ICEWS14,253,780,229,4,1500,0,0,3564.5,0.0,0.0,0.0,0.0,0.0,0.0,0.0,0.06266844042745784,0.00977672855419752
ICEWS14,254,780,38,333,2202,1145,0,3566.0,2.5447801918645423,8.0,1.0,0.6455506649247522,0.9008486033604126,0.6359351032351607,0.7731996341425824,0.4884191800125608,0.6738433304527327
ICEWS14,255,3380,90,162,5046,5046,1,1.0,0.4846153347882259,6.0,0.597554769985219,0.31490075215147884,0.6850992478485212,0.38467109833567353,0.5,0.2766944510453668,0.24749363196695026
ICEWS14,256,3380,90,93,382,5046,0,2.0,0.09671195244529174,5.0,0.2706097479346942,0.5072794483331441,0.4927205516668559,0.04700475012316384,0.5,0.16906173219056828,0.1255260126218583
ICEWS14,257,3380,90,259,537,3990,0,5.0,0.4457611299222377,4.0,0.6341329040632923,0.4263914509260378,0.5736085490739622,0.2525173895002726,0.5,0.26401793403435464,0.21574234808059198
ICEWS14,258,3380,53,111,2713,537,0,6.0,1.0080631283262524,4.0,1.0,0.6038155638018925,0.6791169389734759,0.2495149712034939,0.6414662513876842,0.40800580136369025,0.417051002710224
ICEWS14,259,3380,53,169,1794,5046,0,3571.0,0.6414956067472455,6.0,1.0,0.24466950650430241,0.7553304934956976,0.13938657558269607,0.5,0.431386300482372,0.2659213514745826
ICEWS14,260,3380,53,119,2686,537,0,10.0,0.8603613132536627,4.0,0.8534795977333005,0.6038155638018926,0.6791169389734758,0.24951497120348332,0.6414662513876842,0.3479447167780392,0.3772870271912188
ICEWS14,261,3380,127,300,4723,2713,0,1.5,0.02321866076776491,2.0,1.0,0.022691787843610034,0.97730821215639,0.011476100541175557,0.5,0.3475203062690337,0.19853847846798744
ICEWS14,262,3380,127,76,2686,6705,0,3.5,0.9988688886916037,3.0,1.0,0.0,1.0,0.20609903633971757,0.5,0.3883577040295646,0.24499093238545605
ICEWS14,263,3380,127,73,5421,1794,0,4.0,0.11737133949702994,3.0,0.9057236642639067,0.4481883566599768,0.5518116433400232,0.02990856599060836,0.5,0.33715747211124275,0.21345626788770541
ICEWS14,264,3380,61,168,5046,0,0,3564.5,0.0,0.0,0.0,0.0,0.0,0.0,0.0,0.06266844042745784,0.00977672855419752
ICEWS14,265,3380,156,288,3213,3159,0,3566.5,0.046544138325025214,2.0,0.09473228540689989,0.051601787388617315,0.9483982126113827,0.30375523942333044,0.5,0.10500118378160128,0.11401696152092801
ICEWS14,266,3380,160,339,3155,2713,0,3568.5,0.08845314754334033,1.0,0.7429971445684742,0.0,1.0,0.06329198111650182,0.5,0.230941911630069,0.15187902423654281
ICEWS14,267,3380,155,141,6017,6017,1,1.0,1.6290381650474905,3.0,0.9803906099397734,0.6471256879399878,0.6988289740926057,0.4147709057250153,0.6729773310162968,0.39144275037481846,0.4805419738094962
ICEWS14,268,3380,207,170,2680,6123,0,3564.0,1.0,1.0,1.0,0.0,1.0,0.9999999999989999,0.5,0.33030722584940386,0.47130336916752824
ICEWS14,269,3380,103,324,537,5002,0,3565.5,0.016564728323986005,1.0,0.026671237429165648,0.0,1.0,0.4504008506357631,0.5,0.08266356455202598,0.11776381596948507
ICEWS14,270,3380,169,351,3159,3544,0,10.0,0.1763826669100904,1.0,0.7284274237469965,0.0,1.0,0.13774814446146041,0.5,0.22776241561464816,0.1631079685813277
ICEWS14,271,3380,6,280,6823,6823,1,1.0,1.0177167627578039,2.0,0.9803906099397734,0.0,1.0,0.35517491452007743,0.5,0.3565150923764644,0.2705700379047881
ICEWS14,272,2323,169,134,2300,0,0,3564.5,0.0,0.0,0.0,0.0,0.0,0.0,0.0,0.06266844042745784,0.00977672855419752
ICEWS14,273,1971,6,114,1145,1145,1,1.0,0.1846076950438587,1.0,0.30475341355111885,0.0,1.0,0.4344741636658841,0.5,0.1268354310284164,0.15261073375864287
ICEWS14,274,1971,6,34,4261,3592,0,3565.0,0.5858370854182298,1.0,0.5858370854182298,0.0,1.0,0.999999999998293,0.5,0.19312816118309317,0.35780994083082673
ICEWS14,275,1971,61,280,1145,1145,1,1.0,0.06765243698367357,1.0,0.06765243698367357,0.0,1.0,0.9999999999852185,0.5,0.08831220752024206,0.23633298388930846
ICEWS14,276,1971,47,198,4261,4261,1,1.0,0.6590832470531067,1.0,0.7284274237469965,0.0,1.0,0.8261553139871612,0.5,0.233988625262239,0.33846393920312257
ICEWS14,277,1971,53,163,4185,1145,0,3566.0,0.03110559116629452,1.0,0.24029143701452027,0.0,1.0,0.06920392276137309,0.5,0.11423087777347526,0.09028645080212218
ICEWS14,278,1971,53,329,2683,1603,0,3.0,0.18350910575668156,1.0,0.7578582832551991,0.0,1.0,0.13774814446146452,0.5,0.23663250349997475,0.167916183629796
ICEWS14,279,1971,208,133,1145,1145,1,1.0,0.07926661300791155,1.0,0.07926661300791155,0.0,1.0,0.9999999999873843,0.5,0.08995830918312567,0.23871980972454201
ICEWS14,280,1971,42,363,1145,4185,0,3565.0,0.021460322954766624,3.0,0.01184153567586249,0.4482126060813858,1.0,0.9999999999534024,0.7241063030406929,0.10169844252434243,0.4585000638170047
ICEWS14,281,3484,53,103,4587,2694,0,3565.0,0.35006974482590136,1.0,0.35006974482590136,0.0,1.0,0.9999999999971435,0.5,0.13688627279643642,0.2989258105262075
ICEWS14,282,3484,160,93,2442,776,0,3565.0,0.410167678003819,1.0,0.410167678003819,0.0,1.0,0.9999999999975621,0.5,0.14976040329106585,0.3134105692683034
ICEWS14,283,3484,160,322,4506,2442,0,3567.5,0.7665127533791501,6.0,0.4528618321319533,0.44480311405802575,0.9400356593036031,0.8863027223306449,0.6924193866808144,0.23459877684801794,0.5367874907553819
ICEWS14,284,3484,160,169,2442,2442,1,1.0,0.5578382662092491,3.0,0.5630865404461788,0.642590251141786,0.357409748858214,0.21512477573489522,0.5,0.2284205727904672,0.19510896230148517
ICEWS14,285,3484,156,131,1161,0,0,3564.5,0.0,0.0,0.0,0.0,0.0,0.0,0.0,0.06266844042745784,0.00977672855419752
ICEWS14,286,3871,53,268,4060,3564,0,3569.5,0.04563746017685388,2.0,0.36421371187349827,0.11917932977291057,0.8808206702270894,0.058408491853620695,0.5,0.15550620350417102,0.1128245227076116
ICEWS14,287,3871,53,303,7038,5408,0,10.0,0.6299965822650422,1.0,0.836743383392903,0.0,1.0,0.6037398258362846,0.5,0.2676034603927649,0.29728958484602547
ICEWS14,288,3871,156,335,3564,1077,0,3569.0,0.23525132184267605,5.0,0.35006974482590136,0.5989266848543537,0.4010733151456462,0.1557529483499073,0.5,0.1901117055255341,0.15840130269422925
ICEWS14,289,3871,158,332,3564,3262,0,3567.0,0.015570551767561426,1.0,0.03519290877788617,0.0,1.0,0.2840550263395078,0.5,0.0837456236862335,0.09585674167670487
ICEWS14,290,3871,169,287,5683,4414,0,3567.0,0.07790183481798302,1.0,0.34320509065132626,0.0,1.0,0.1280209799387158,0.5,0.1332351427729054,0.10863971337789724
ICEWS14,291,3871,87,302,4060,0,0,3564.5,0.0,0.0,0.0,0.0,0.0,0.0,0.0,0.06266844042745784,0.00977672855419752
ICEWS14,292,3871,170,135,1077,0,0,3564.5,0.0,0.0,0.0,0.0,0.0,0.0,0.0,0.06266844042745784,0.00977672855419752
ICEWS14,293,3871,160,318,711,1077,0,3571.0,0.5030575623577046,5.0,0.4901953049698867,0.41449278147516,0.58550721852484,0.23824024960173068,0.5,0.23229657507571178,0.18927476757649153
ICEWS14,294,3871,160,317,2661,1077,0,3571.0,0.5131195232363638,5.0,0.5,0.41449278147516,0.58550721852484,0.23824024960173282,0.5,0.23536634937403786,0.19098540283424698
ICEWS14,295,3213,155,238,6888,0,0,3564.5,0.0,0.0,0.0,0.0,0.0,0.0,0.0,0.06266844042745784,0.00977672855419752
ICEWS14,296,3213,155,119,6888,0,0,3564.5,0.0,0.0,0.0,0.0,0.0,0.0,0.0,0.06266844042745784,0.00977672855419752
ICEWS14,297,3213,123,147,537,359,0,3564.0,1.0,1.0,1.0,0.0,1.0,0.9999999999989999,0.5,0.33030722584940386,0.47130336916752824
ICEWS14,298,4210,160,36,5262,6635,0,3565.0,0.646816582731497,1.0,0.646816582731497,0.0,1.0,0.999999999998454,0.5,0.21026026310865065,0.37386151215348074
ICEWS14,299,669,160,218,5736,2278,0,3.0,1.3244083395534858,3.0,0.5743491774985175,0.34441385940863845,1.0,0.6586414068779012,0.6722069297043192,0.2418209502165716,0.42924242264203943
ICEWS14,300,669,98,323,5736,5736,1,1.0,0.9803906099397734,2.0,0.9803906099397734,0.4851512137172558,0.5148487862827442,0.34666421945946,0.5,0.3558932898137753,0.29784158427425106
ICEWS14,301,669,223,337,5115,0,0,3564.5,0.0,0.0,0.0,0.0,0.0,0.0,0.0,0.06266844042745784,0.00977672855419752
ICEWS14,302,669,53,310,7082,7082,1,1.0,0.5451153282917114,1.0,0.9803906099397734,0.0,1.0,0.385059307800314,0.5,0.3159065558546729,0.269129911385527
ICEWS14,303,669,180,81,5736,5736,1,1.0,10.716113951013556,13.0,0.9803906099397734,0.5864131331691347,1.0,0.9999999999999066,0.7932065665845673,0.662733516471044,0.700761583518624
ICEWS14,304,669,180,77,5736,5736,1,1.0,8.477921664516545,10.0,0.9803906099397734,0.4341281481927607,1.0,0.999999999999882,0.7170640740963803,0.6046804847210515,0.6521247703847494
ICEWS14,305,669,180,68,5736,5736,1,1.0,4.713437491493693,5.0,0.9803906099397734,0.0,1.0,0.9999999999997878,0.5,0.48265758166046874,0.4610438017529239
ICEWS14,306,669,56,63,6823,0,0,3564.5,0.0,0.0,0.0,0.0,0.0,0.0,0.0,0.06266844042745784,0.00977672855419752
ICEWS14,307,669,142,47,6785,6785,1,1.0,0.9803906099397734,1.0,0.9803906099397734,0.0,1.0,0.99999999999898,0.5,0.322779285591777,0.4657625428295966
ICEWS14,308,669,127,76,6329,0,0,3564.5,0.0,0.0,0.0,0.0,0.0,0.0,0.0,0.06266844042745784,0.00977672855419752
ICEWS14,309,669,207,108,6823,0,0,3564.5,0.0,0.0,0.0,0.0,0.0,0.0,0.0,0.06266844042745784,0.00977672855419752
ICEWS14,310,669,18,322,711,0,0,3564.5,0.0,0.0,0.0,0.0,0.0,0.0,0.0,0.06266844042745784,0.00977672855419752
ICEWS14,311,1954,156,272,1161,1161,1,1.0,2.3131389663473843,11.0,0.9803906099397734,0.6527304032232284,0.8246940925709615,0.6939818209777447,0.7387122478970949,0.5022238506570516,0.6763557960318303
ICEWS14,312,1954,6,318,1161,3002,0,2.0,0.004044514794072598,1.0,0.04290063633141579,0.0,1.0,0.049470097634199656,0.5,0.08467554775684648,0.07086317851702098
ICEWS14,313,1954,115,322,1161,1161,1,1.0,0.739631062656258,4.0,0.5,0.49986590577797996,0.9904608639080223,0.587086729968565,0.7451633848430012,0.2264866857536613,0.4776259494818186
ICEWS14,314,1954,159,90,1161,0,0,3564.5,0.0,0.0,0.0,0.0,0.0,0.0,0.0,0.06266844042745784,0.00977672855419752
ICEWS14,315,1954,202,274,1161,0,0,3564.5,0.0,0.0,0.0,0.0,0.0,0.0,0.0,0.06266844042745784,0.00977672855419752
ICEWS14,316,3262,123,280,567,6410,0,3.0,0.8728981477124196,6.0,0.9057236642639067,0.5189761331527918,0.4810238668472082,0.3017362472435604,0.5,0.3972061707056889,0.3043240095028525
ICEWS14,317,3262,123,65,711,2083,0,3566.0,0.034336734180274664,1.0,0.36421371187349827,0.0,1.0,0.04947009763473345,0.5,0.13697234602657887,0.10061628040016989
ICEWS14,318,3262,123,252,1077,6635,0,15.0,0.9976913670913109,4.0,0.9057236642639067,0.3983034947055516,1.0,0.4956548778822534,0.6991517473527757,0.3703533973232469,0.5134060949183363
ICEWS14,319,3262,123,293,6635,6410,0,1.0,1.730650326185463,8.0,1.0,0.4307086956100715,0.5692913043899285,0.34419792190669724,0.5,0.4736563701681078,0.3355498256074393
ICEWS14,320,3262,123,253,1181,6635,0,5.0,0.9781272479142968,4.0,0.8879629756445782,0.3983034947055516,1.0,0.4956548778822485,0.6991517473527757,0.363122441717636,0.5083987149116179
ICEWS14,321,3262,115,259,6410,1077,0,1.0,0.5962802870482626,4.0,0.9057236642639067,0.22771988370138363,0.7722801162986164,0.14727003372563366,0.5,0.36357970667388584,0.23397243702212
ICEWS14,322,3262,115,220,1077,6410,0,7.0,0.10879421965499314,4.0,0.9611657480580811,0.45894291602101767,0.5410570839789823,0.031588358624295376,0.5,0.3769501142775202,0.2337489404799886
ICEWS14,323,3262,115,253,6410,1077,0,2.0,0.09946239478678365,3.0,1.0,0.3732889679813918,0.6267110320186082,0.03216972681416512,0.5,0.37295602802564626,0.22986449060257286
ICEWS14,324,3262,115,312,929,1077,0,5.0,1.4372892886622153,10.0,0.9803906099397734,0.5536139898030856,0.4463860101969143,0.19792704297692468,0.5,0.47840221298654895,0.3050747712644432
ICEWS14,325,3262,53,62,5037,3155,0,1.0,0.03808766881205661,2.0,1.0,0.0,1.0,0.009901778953000451,0.5,0.347765264966684,0.19695818699495604
ICEWS14,326,3262,53,316,6410,1077,0,1.0,2.9796266294336613,26.0,1.0,0.7416914151797998,0.4947667250228107,0.24118917513516647,0.6182290701013052,0.5952493257412699,0.4553501393552362
ICEWS14,327,3262,53,78,6410,5037,0,3.0,0.2096493629020042,3.0,0.9803906099397734,0.41410652124553116,0.5858934787544688,0.04632808632691505,0.5,0.3671739185063685,0.23023632657831003
ICEWS14,328,3262,53,207,6410,6410,1,1.0,0.0898936065003042,20.0,0.9057236642639067,0.6302832726442297,0.3697167273557703,0.006481355713021303,0.5,0.4816215014670066,0.2783375289147947
ICEWS14,329,3262,53,100,2290,6410,0,5.0,2.4016907712334525,7.0,0.9238395952400507,0.5762376777707647,0.7612802716440156,0.28816787173455316,0.6687589747073901,0.4434723371674404,0.43137583249494776
ICEWS14,330,3262,98,216,567,6410,0,3570.5,0.5486868698192362,10.0,0.6729500963161781,0.6136887851872462,0.38631121481275377,0.11986014969649283,0.5,0.33953456596044645,0.2261364877369944
ICEWS14,331,3262,98,258,6410,6890,0,2.0,0.1516646026765649,6.0,0.9803906099397734,0.4947512330626185,0.5052487669373815,0.020131004410573066,0.5,0.41469539975988096,0.24861383949711469
ICEWS14,332,3262,98,66,1077,6410,0,4.0,0.17299285333339376,3.0,0.4267397988666503,0.6237388683178063,0.37626113168219366,0.0825613721230112,0.5,0.1864374911459766,0.14761520670841416
ICEWS14,333,3262,98,314,1077,6410,0,3.0,1.2106692824818035,18.0,0.7141434062641757,0.6507497346420399,0.5898235289408126,0.2561534076784802,0.6202866317914262,0.413590548302004,0.38295520083466367
ICEWS14,334,3262,56,317,1077,5037,0,3.0,0.05640010541777207,9.0,0.39423912305778674,0.30329044011898476,0.6967095598810152,0.026073919416100242,0.5,0.23108798565035202,0.14433615141367206
ICEWS14,335,3262,56,20,6410,1077,0,3564.0,1.9803906099397734,2.0,1.0,0.0,1.0,0.999999999999495,0.5,0.38041607056450544,0.4758549828372774
ICEWS14,336,3262,142,106,711,711,1,1.0,10.559246693736643,23.0,0.9803906099397734,0.6931700978488473,0.8324675540184241,0.7011601725283577,0.7628188259336357,0.7027802539521822,0.6127801875615712
ICEWS14,337,3262,142,315,4634,3531,0,3589.0,1.0749373429055082,3.0,0.836743383392903,0.0,1.0,0.2840740446537709,0.5,0.3269886154149201,0.22913849030658234
ICEWS14,338,3262,142,135,6332,711,0,3576.0,11.84854161920305,35.0,0.8042490800314893,0.7832841287015009,0.809393297798948,0.6281496508956309,0.7963387132502244,0.6915393925875927,0.5713356239105627
ICEWS14,339,3262,142,132,733,711,0,4.0,14.264499411191224,35.0,0.8534795977333005,0.7832841287015009,0.8877615976834573,0.778350566655677,0.8355228631924791,0.7436819710464317,0.6340866180472676
ICEWS14,340,3262,142,48,711,711,1,1.0,2.558508624594987,6.0,0.9423178739918808,0.4402899472388865,0.5597100527611135,0.35131169015757435,0.5,0.441901800351155,0.3011662562947039
ICEWS14,341,3262,142,116,711,711,1,1.0,14.122776271250435,30.0,0.9803906099397734,0.7748383876339431,0.8515248035227183,0.7169185714055089,0.8131815955783307,0.7707810401019228,0.6248241629067154
ICEWS14,342,3262,127,326,6410,1077,0,2.0,2.7107290920693767,25.0,1.0,0.7086390411367072,0.5257907257884733,0.22594006923187024,0.6172148834625902,0.5872040607121088,0.4489348157682889
ICEWS14,343,3262,127,180,1077;5037,5037,1,1.0,5.978835830523182,20.0,0.9803906099397734,0.5864593541576655,0.7275366359931729,0.49134859922538376,0.6569979950754192,0.6175508624657832,0.5027271035274908
ICEWS14,344,3262,127,58,5037,1077,0,4.0,0.8789160257073558,3.0,0.9803906099397734,0.6404818971531953,0.35951810284680474,0.1921128302038089,0.5,0.3785416840588629,0.2745992015773713
ICEWS14,345,3262,127,74,6410,5037,0,1.0,0.5580335829155767,4.0,1.0,0.4520075098915213,0.5479924901084787,0.08544624047564377,0.5,0.4001339968182188,0.2509717278794545
ICEWS14,346,3262,127,199,6410,5037,0,2.0,2.2037515637762546,20.0,0.6729500963161781,0.5864593541576655,0.4135406458423345,0.21494626931094504,0.5,0.42325136876481423,0.25397959340976034
ICEWS14,347,3262,127,209,2290,5037,0,6.0,1.8078153236227825,20.0,0.5520447568369061,0.5864593541576655,0.4135406458423346,0.2149462693109405,0.5,0.3680743328849241,0.2319716316791164
ICEWS14,348,3262,127,92,6410,5037,0,3.0,1.211036703958717,7.0,0.8879629756445782,0.6789477980328483,0.3210522019671517,0.13896360542295513,0.5,0.4076718098978701,0.2628929853944868
ICEWS14,349,3262,122,168,5037,5037,1,1.0,4.460925282455447,6.0,0.8705505632961241,0.5383245320493211,1.0,0.9999999999997758,0.7691622660246605,0.44637622901422297,0.7066424439807987
ICEWS14,350,3262,160,277,223,5037,0,3570.5,2.13521973239308,9.0,0.8534795977333005,0.7108183063122744,0.8030641933974132,0.5667467415979272,0.7569412498548438,0.42976271959404266,0.6126124279532654
ICEWS14,351,3262,160,184,5037,5037,1,1.0,0.16365559541922048,4.0,0.9238395952400507,0.5703951884966635,0.4296048115033365,0.0353285331591747,0.5,0.3633211498740372,0.23201457842698123
ICEWS14,352,3262,160,309,1077,5037,0,6.0,0.8337150541050342,9.0,0.4528618321319533,0.7108183063122744,0.5359923692881603,0.3627517018562389,0.6234053378002173,0.25968026167328595,0.3294761938462562
ICEWS14,353,3262,160,107,3142,6410,0,3566.0,0.151318724035999,1.0,0.7730166686334901,0.0,1.0,0.10849439921285914,0.5,0.24081647845526105,0.16485011431818933
ICEWS14,354,3262,207,168,5037,5037,1,1.0,2.5716561436190215,5.0,0.8705505632961241,0.5203602078586127,0.9435476441045402,0.6210657815071794,0.7319539259815764,0.39921094693702264,0.570124606573755
ICEWS14,355,3262,208,135,1171,0,0,3564.5,0.0,0.0,0.0,0.0,0.0,0.0,0.0,0.06266844042745784,0.00977672855419752
ICEWS14,356,3262,155,281,5037,5037,1,1.0,1.4572069678897965,8.0,0.8534795977333005,0.7527544288563119,0.48964280744215616,0.26753966520041933,0.621198618149234,0.40842584008925614,0.39550891628151125
ICEWS14,357,3262,155,286,5037,5037,1,1.0,1.3198268345480433,8.0,0.7730166686334901,0.7527544288563118,0.48964280744215616,0.2675396652004142,0.6211986181492339,0.37400398661750195,0.37474817878479055
ICEWS14,358,3262,155,266,1077,1077,1,1.0,0.3136162971013041,8.0,0.9803906099397734,0.276814065693089,0.723185934306911,0.06203054607689593,0.5,0.43998632461492015,0.255312288926777
ICEWS14,359,3262,155,264,6635,5037,0,3569.5,0.693714184245128,6.0,0.8705505632961241,0.6471090110077387,0.3528909889922614,0.16360769735522043,0.5,0.3801330104962138,0.26516209759260384
ICEWS14,360,3262,203,9,1077,0,0,3564.5,0.0,0.0,0.0,0.0,0.0,0.0,0.0,0.06266844042745784,0.00977672855419752
ICEWS14,361,3262,169,173,5395,3155,0,3569.5,0.6499318144263078,3.0,0.820335356007638,0.5193068165565838,0.48069318344341616,0.23520956619104424,0.5,0.31428487517183695,0.24558589414356835
ICEWS14,362,3262,169,8,5092,0,0,3564.5,0.0,0.0,0.0,0.0,0.0,0.0,0.0,0.06266844042745784,0.00977672855419752
ICEWS14,363,3262,171,111,2083,5395,0,3565.5,0.0973858714045101,1.0,0.3789291416275995,0.0,1.0,0.14744881036208732,0.5,0.1404608608216211,0.11557295532038094
ICEWS14,364,3262,172,343,5395,6890,0,3566.5,0.10009258342418458,2.0,0.054409410206007765,0.4950491105234984,1.0,0.8672693374135473,0.7475245552617492,0.09917505802421303,0.43239507194754834
ICEWS14,365,3262,172,238,3926,6890,0,3566.5,0.8007406673934766,2.0,0.43527528164806206,0.49504911052349854,1.0,0.8672693374201226,0.7475245552617493,0.1797109459603176,0.5348859126134162
ICEWS14,366,3262,103,87,5037,5037,1,1.0,2.521173983799579,8.0,0.836743383392903,0.6914706154782408,0.5520843740196538,0.3066892256168925,0.6217774947489474,0.420386176991244,0.38428280613227145
ICEWS14,367,3262,103,314,6410,1077,0,2.0,2.747301519726147,14.0,0.9803906099397734,0.5548590558513178,0.44514094414868227,0.2735777816390102,0.5,0.5304053564444826,0.32408016697492636
ICEWS14,368,3262,103,78,6410,5037,0,1.0,3.0130790799641507,8.0,1.0,0.6914706154782408,0.5520843740196538,0.3066892256168986,0.6217774947489474,0.49692177542735794,0.42383567180557297
ICEWS14,369,3262,103,182,6410,5037,0,2.0,5.10525192161709,23.0,0.9611657480580811,0.8392460522690185,0.8689543316356746,0.7449691727216745,0.8541001919523465,0.6064023735048019,0.771205747750953
ICEWS14,370,3262,103,48,6410,5037,0,3565.0,0.8879629756445782,1.0,0.8879629756445782,0.0,1.0,0.9999999999988739,0.5,0.28856128263442826,0.4397821273454182
ICEWS14,371,3262,103,208,6410,5037,0,2.0,4.087736695067761,27.0,0.7884782461155736,0.8017895637679361,0.6732157988311034,0.4688057628893692,0.7375026812995198,0.5313508184418717,0.5687862473626085
ICEWS14,372,3262,52,219,5037,3155,0,3565.5,0.7007478261635872,2.0,0.5520447568369061,0.4851512137172558,1.0,0.48536815044819337,0.7425756068586279,0.20912532956463176,0.4287421222617364
ICEWS14,373,3262,38,71,4263,4263,1,1.0,0.8620150805147124,2.0,0.43527528164806206,0.0,1.0,0.9999999999988399,0.5,0.1803680462731649,0.33130747666763943
ICEWS14,374,3262,191,75,5037,6410,0,3565.0,0.3865083343167451,1.0,0.3865083343167451,0.0,1.0,0.9999999999974127,0.5,0.1445769544152223,0.30766258121435913
ICEWS14,375,3262,181,152,6890,0,0,3564.5,0.0,0.0,0.0,0.0,0.0,0.0,0.0,0.06266844042745784,0.00977672855419752
ICEWS14,376,3262,159,222,1077,2290,0,2.0,0.47152942471154446,3.0,0.8042490800314893,0.3224125427398994,0.6775874572601006,0.11148211779303867,0.5,0.30575606735014815,0.20299497237358813
ICEWS14,377,1127,56,55,1249,0,0,3564.5,0.0,0.0,0.0,0.0,0.0,0.0,0.0,0.06266844042745784,0.00977672855419752
ICEWS14,378,5185,38,51,1503,0,0,3564.5,0.0,0.0,0.0,0.0,0.0,0.0,0.0,0.06266844042745784,0.00977672855419752
ICEWS14,379,5185,38,315,4283,1503,0,3567.5,0.7420453114123773,4.0,0.3298769776932236,0.6376104603629734,0.8653728034141027,0.6880216074059257,0.7514916318885381,0.18053732189379643,0.4789927306093366
ICEWS14,380,5185,160,112,1215,5395,0,3.0,0.17918307828876745,1.0,0.597554769985219,0.0,1.0,0.17637406352423185,0.5,0.1915845881890497,0.149769119428368
ICEWS14,381,171,158,228,4370,0,0,3564.5,0.0,0.0,0.0,0.0,0.0,0.0,0.0,0.06266844042745784,0.00977672855419752
ICEWS14,382,171,160,15,1553,0,0,3564.5,0.0,0.0,0.0,0.0,0.0,0.0,0.0,0.06266844042745784,0.00977672855419752
ICEWS14,383,171,160,111,1523,2404,0,3565.5,0.0832027617224107,1.0,0.23557946849797018,0.0,1.0,0.21446433134756493,0.5,0.11381678386135047,0.10822775832402298
ICEWS14,384,3159,142,168,3990,5046,0,3571.5,1.784800891782953,8.0,0.9423178739918808,0.3204005313990397,0.6795994686009603,0.48145054047933356,0.5,0.4506498103521026,0.35664240762667454
ICEWS14,385,3159,142,62,1077,5046,0,4.0,0.18933009542285717,4.0,0.7578582832551991,0.1597569738422282,0.8402430261577718,0.03750394464301452,0.5,0.30220627815711554,0.18000704545193458
ICEWS14,386,3159,142,177,6293,3341,0,6.0,1.9238395952400502,5.0,1.0,0.38815901617572257,0.6118409838242774,0.2501225469210861,0.5,0.4404752780248921,0.2839859158874348
ICEWS14,387,3159,142,249,3322,4702,0,3.0,0.8648596834803128,9.0,0.820335356007638,0.49389312905532756,0.5061068709446724,0.15568844165411816,0.5,0.3939938534582633,0.25418186804861315
ICEWS14,388,3159,142,265,4702,3341,0,3.0,0.8278005335440501,10.0,0.820335356007638,0.24655092731506034,0.7534490726849397,0.1084997176300463,0.5,0.4016714289602827,0.23203655202430748
ICEWS14,389,3159,142,236,2262,4702,0,3582.5,0.16589321846378535,7.0,1.0,0.03437905371661609,0.9656209462833839,0.042148696326266694,0.5,0.4348541374990802,0.23834911471677708
ICEWS14,390,3159,142,250,1289,4702,0,3585.0,0.8479003125995832,9.0,0.8042490800314893,0.4938931290553277,0.5061068709446723,0.1556884416541176,0.5,0.3872941526698964,0.25074740738024226
ICEWS14,391,3159,142,338,2278,6105,0,39.0,0.11623333282217807,4.0,0.5202016416109183,0.302379687658909,0.697620312341091,0.04096700350654073,0.5,0.22448072175673298,0.1481636079568385
ICEWS14,392,3159,142,342,1115,6105,0,3591.0,0.10738095514784307,4.0,0.4805828740290406,0.3023796876589091,0.6976203123410909,0.040967003506539534,0.5,0.213044344157701,0.1423398449415425
ICEWS14,393,3159,142,362,6105,1115,0,7.0,0.21149347265148988,3.0,0.7284274237469965,0.0,1.0,0.05263046911714292,0.5,0.27572214942504786,0.16480735314798936
ICEWS14,394,3159,156,320,4828,2010,0,3569.0,0.5035991242481621,1.0,0.9057236642639067,0.0,1.0,0.3850593078002917,0.5,0.28892969233440857,0.25239546740658775
ICEWS14,395,3159,156,160,3758,5046,0,3.0,0.28178736589337683,2.0,0.646816582731497,0.07618622408735698,0.923813775912643,0.2519263471951306,0.5,0.23110557120216405,0.18672900311702373
ICEWS14,396,3159,156,307,5169,1972,0,3568.5,0.04040604782799834,1.0,0.5202016416109183,0.0,1.0,0.04040615953507556,0.5,0.1709022941608385,0.11743266416984363
ICEWS14,397,3159,169,292,2617,4534,0,3.0,0.07559810075364082,2.0,0.8879629756445782,0.0,1.0,0.021967066952726554,0.5,0.30712405750606436,0.17878474665279384
ICEWS14,398,3159,160,168,3155,5046,0,8.0,1.3680310177739843,8.0,0.836743383392903,0.6689042613050279,0.633976038142294,0.37110636141111114,0.6514401497236609,0.400122249497521,0.4487342192483718
ICEWS14,399,3159,160,187,5046,5046,1,1.0,0.8961727640212216,9.0,0.7001394896518027,0.7124484997684668,0.5234401625444983,0.2255379149300937,0.6179443311564825,0.3476516225646655,0.3462199659951319
ICEWS14,400,3159,160,226,2617,5046,0,4.0,1.4073246029437747,12.0,0.836743383392903,0.7307997988470339,0.47729644384369735,0.29263240513209826,0.6040481213453657,0.43338268933366914,0.4014496916652626
ICEWS14,401,3159,160,182,5046,5046,1,1.0,0.9894549511959063,9.0,0.7730166686334901,0.7124484997684668,0.5234401625444984,0.22553791493009898,0.6179443311564826,0.37738276314266644,0.36486810098818273
ICEWS14,402,3159,98,152,3155,3155,1,1.0,2.7630462289713593,10.0,0.7578582832551991,0.5129730927931169,0.903094043000331,0.8125912118819831,0.708033567896724,0.4103657863608211,0.6094806598044934
ICEWS14,403,3159,98,62,669,3155,0,4.0,2.498848086022603,6.0,0.8042490800314893,0.5295013204383912,0.8869653633611818,0.5941423176996378,0.7082333418997865,0.3849046296106965,0.5292938140713679
ICEWS14,404,3159,98,364,3155,3155,1,1.0,7.426166482574814,31.0,0.9803906099397734,0.6844743891492961,0.8386707518904156,0.7141411348599361,0.7615725705198559,0.6765231711854526,0.6741714488732159
ICEWS14,405,3159,98,206,3155,3155,1,1.0,0.6047824489918209,11.0,0.4528618321319533,0.6589876607314645,0.6408203494167765,0.25030005615294015,0.6499040050741205,0.26937343794476043,0.3222869166120967
ICEWS14,406,3159,171,98,2266,0,0,3564.5,0.0,0.0,0.0,0.0,0.0,0.0,0.0,0.06266844042745784,0.00977672855419752
ICEWS14,407,3159,53,301,3155,3155,1,1.0,2.5479760398153593,4.0,0.9611657480580811,0.0,1.0,0.5376541154876776,0.5,0.4193785815819382,0.3215708986087342
ICEWS14,408,3159,97,301,6603,4346,0,2.0,1.2236065774419558,5.0,0.6864101813026526,0.6712690641121423,0.8029485949219541,0.414428569292983,0.7371088295170483,0.30687664703239287,0.47793758202530173
ICEWS14,409,3159,97,226,4346,4346,1,1.0,0.8559682452745954,2.0,0.9803906099397734,0.46047423385563957,0.5395257661443604,0.3080906759347024,0.5,0.35382410150732535,0.28642421342522095
ICEWS14,410,3159,222,127,3155,4346,0,3566.0,0.9494795452346494,7.0,0.3298769776932236,0.7308229621460794,0.8895922794115114,0.6323437748720296,0.8102076207787954,0.2097682389624097,0.5381199521205116
ICEWS14,411,3159,174,301,1179,1317,0,3566.0,0.8467283534329252,1.0,0.8879629756445782,0.0,1.0,0.9112468170231138,0.5,0.2879467365272314,0.4090698908875884
ICEWS14,412,3159,207,329,3155,3155,1,1.0,0.774134784143244,14.0,0.9611657480580811,0.12425692484795248,0.8757430751520475,0.5448003374283957,0.5,0.4865708932765461,0.4089717789174697
ICEWS14,413,3159,207,297,3155,711,0,3.0,0.13834789010629728,1.0,0.6095068271022377,0.0,1.0,0.1280209799388078,0.5,0.1942361194451399,0.1431413560789135
ICEWS14,414,3159,207,270,3155,1598,0,2.0,0.36552371947329443,1.0,0.8042490800314893,0.0,1.0,0.29407179064727257,0.5,0.2534315507352289,0.20910695427302234
ICEWS14,415,3159,56,163,5046,6524,0,3565.0,0.1971195615288934,1.0,0.1971195615288934,0.0,1.0,0.999999999994927,0.5,0.10828256789865794,0.26386462578130054
ICEWS14,416,3159,173,315,4346,4346,1,1.0,0.9665161884453269,1.0,0.9803906099397734,0.0,1.0,0.9720911003479248,0.5,0.32255901051454305,0.45595090821005574
ICEWS14,417,3159,16,56,5046,0,0,3564.5,0.0,0.0,0.0,0.0,0.0,0.0,0.0,0.06266844042745784,0.00977672855419752
ICEWS14,418,3159,161,266,3155,0,0,3564.5,0.0,0.0,0.0,0.0,0.0,0.0,0.0,0.06266844042745784,0.00977672855419752
ICEWS14,419,4188,160,154,3159,3159,1,1.0,0.2510190747339689,3.0,0.5743491774985175,0.17359897467417384,0.8264010253258262,0.2203889645585906,0.5,0.2278140036105487,0.18007980269965804
ICEWS14,420,4188,160,19,3159,3159,1,1.0,0.7284274237469965,1.0,0.7284274237469965,0.0,1.0,0.9999999999986272,0.5,0.23489271923396138,0.39578030556394517
ICEWS14,421,4188,53,286,5046,3990,0,3566.0,0.16356290511469265,2.0,0.17160254532566316,0.07902115683877542,0.9209788431612246,0.7822621984717488,0.5,0.11860158939532478,0.22005544858041834
ICEWS14,422,4188,171,128,1867,0,0,3564.5,0.0,0.0,0.0,0.0,0.0,0.0,0.0,0.06266844042745784,0.00977672855419752
ICEWS14,423,287,156,348,1161,2442,0,3565.0,0.03382621849183678,1.0,0.03382621849183678,0.0,1.0,0.9999999999704372,0.5,0.08367195598770316,0.22947566575766568
ICEWS14,424,287,90,76,4004,0,0,3564.5,0.0,0.0,0.0,0.0,0.0,0.0,0.0,0.06266844042745784,0.00977672855419752
ICEWS14,425,3592,160,167,1971,3573,0,3565.0,0.4183716916964515,1.0,0.4183716916964515,0.0,1.0,0.9999999999976098,0.5,0.1515932125999808,0.3154172927655916
ICEWS14,426,3592,169,82,1928,1928,1,1.0,0.6040940449259933,1.0,0.9611657480580811,0.0,1.0,0.4582589004584337,0.5,0.30991248286637707,0.2849699504671957
ICEWS14,427,3592,150,281,1145,0,0,3564.5,0.0,0.0,0.0,0.0,0.0,0.0,0.0,0.06266844042745784,0.00977672855419752
ICEWS14,428,2340,160,348,6635,6635,1,1.0,2.542186438061197,6.0,0.820335356007638,0.7482359558299463,0.8319656789255288,0.6396220534706876,0.7901008173777375,0.39204604669836346,0.6356821224010633
ICEWS14,429,2340,156,361,1176,1176,1,1.0,0.6899768483144811,3.0,0.39423912305778674,0.42861978047399873,1.0,0.9999999999985507,0.7143098902369993,0.18389952137348173,0.551957088640639
ICEWS14,430,2340,103,303,2908,0,0,3564.5,0.0,0.0,0.0,0.0,0.0,0.0,0.0,0.06266844042745784,0.00977672855419752
ICEWS14,431,5092,142,50,4920,3241,0,3565.0,0.5412194958693883,1.0,0.5412194958693883,0.0,1.0,0.9999999999981524,0.5,0.18127976746005783,0.3462617701085022
ICEWS14,432,5092,142,109,6355,956,0,3566.0,0.1735257565525105,1.0,0.5100008047105996,0.0,1.0,0.2049978814684795,0.5,0.1698567750403686,0.14190405228923075
ICEWS14,433,5092,142,314,4702,956,0,3.0,0.008798227194471542,3.0,0.9803906099397734,0.004511091091471409,0.9954889089085286,0.00226064453244077,0.5,0.3637903564439009,0.20107471828066348
ICEWS14,434,5092,162,343,669,3566,0,3564.0,0.0,1.0,1.0,0.0,0.0,0.0,0.0,0.31444089581150797,0.03619909534280753
ICEWS14,435,5092,98,333,3155,3155,1,1.0,0.39187785458970337,7.0,0.19325416715837251,0.05000670849681543,0.9882984034790738,0.9651455811528132,0.5191525559879446,0.16862410504819364,0.3241618887495722
ICEWS14,436,5092,53,314,711,4702,0,3566.0,0.05033911695005311,1.0,0.9611657480580811,0.0,1.0,0.026890663397064734,0.5,0.30137584778846127,0.18112598521327875
ICEWS14,437,2315,56,91,7038,0,0,3564.5,0.0,0.0,0.0,0.0,0.0,0.0,0.0,0.06266844042745784,0.00977672855419752
ICEWS14,438,2315,127,51,3262,3341,0,3566.0,0.10149630298657275,1.0,0.6216979445974911,0.0,1.0,0.08888373742519218,0.5,0.1970244451462547,0.13834515275994974
ICEWS14,439,2315,127,16,6410,1077,0,3564.0,1.0,1.0,1.0,0.0,1.0,0.9999999999989999,0.5,0.33030722584940386,0.47130336916752824
ICEWS14,440,2315,169,34,1694,0,0,3564.5,0.0,0.0,0.0,0.0,0.0,0.0,0.0,0.06266844042745784,0.00977672855419752
ICEWS14,441,2315,160,75,3262,3262,1,1.0,4.929852805236113,10.0,0.9057236642639067,0.8055703782676986,0.9409838666975416,0.7888571374359147,0.8732771224826201,0.5105835214916483,0.7552298484607253
ICEWS14,442,2315,160,112,3262,3262,1,1.0,5.195970071368323,15.0,0.9611657480580811,0.8247977064728643,0.8876328132306435,0.791008652748929,0.8562152598517538,0.5722432882246844,0.7682821473816139
ICEWS14,443,2315,160,162,3262,3262,1,1.0,7.678635424770066,25.0,0.8879629756445782,0.7528141969053821,0.9229814152769318,0.8533577581986665,0.8378978060911569,0.6285156168295664,0.7413581329452084
ICEWS14,444,2315,160,82,920,3262,0,4.0,6.640497092090586,13.0,0.9611657480580811,0.7550299275733179,0.9084959267189711,0.7720360685048918,0.8317629271461444,0.5859556111568952,0.7200802640960849
ICEWS14,445,2315,160,265,3262,3262,1,1.0,6.025440464538562,44.0,0.8042490800314893,0.863981538024511,0.7804446576137722,0.6179845876749582,0.8222130978191416,0.6143554153854078,0.6907042122857725
ICEWS14,446,2315,160,315,1077,3262,0,6.0,8.977524935923181,56.0,0.9423178739918808,0.8151610412652935,0.8926321030347928,0.8005120796098866,0.8538965721500431,0.7305216779134686,0.7668763929025888
ICEWS14,447,2315,160,76,3498,3262,0,3565.0,5.833181398638736,11.0,1.0,0.7086475981825295,0.9500912975134349,0.8184836782508788,0.8293694478479823,0.5738090317840451,0.7421086980365827
ICEWS14,448,2315,160,198,3262,3262,1,1.0,9.614188090003076,33.0,0.9803906099397734,0.8136422645440388,0.931994945334448,0.856674407158592,0.8728186049392435,0.7148140891977708,0.7758286718489545
ICEWS14,449,2315,90,69,6293,3341,0,3565.0,0.3789291416275995,1.0,0.3789291416275995,0.0,1.0,0.999999999997361,0.5,0.14294827657300818,0.30583366651247434
ICEWS14,450,2315,53,21,6122,4565,0,3565.0,0.7884782461155736,1.0,0.7884782461155736,0.0,1.0,0.9999999999987318,0.5,0.25425331949001234,0.41218592304193796
ICEWS14,451,2315,53,99,2875,6293,0,3568.0,0.22630849222413552,2.0,0.5520447568369061,0.32026379009601236,0.6797362099039876,0.16188218795826678,0.5,0.20348229699878165,0.16257158679032033
ICEWS14,452,2315,61,266,5037,5037,1,1.0,0.9803906099397734,1.0,0.9803906099397734,0.0,1.0,0.99999999999898,0.5,0.322779285591777,0.4657625428295966
ICEWS14,453,6890,169,76,6885,4912,0,3566.0,0.5438248406837881,1.0,0.836743383392903,0.0,1.0,0.48140494790314353,0.5,0.26637838638584405,0.2627498590571749
ICEWS14,454,6890,169,290,3155,3155,1,1.0,0.2805548400283071,1.0,0.9611657480580811,0.0,1.0,0.17088490020114105,0.5,0.30490860710751544,0.2116386145070574
ICEWS14,455,6890,52,160,1077,0,0,3564.5,0.0,0.0,0.0,0.0,0.0,0.0,0.0,0.06266844042745784,0.00977672855419752
ICEWS14,456,6890,142,323,1242,2395,0,3581.0,0.27820406936435393,4.0,0.3364750481580891,0.47334557355925644,0.5266544264407436,0.12488173466081756,0.5,0.17720980021438928,0.14095528771462018
ICEWS14,457,6890,142,95,2655,4136,0,2.0,0.9622746789636296,2.0,0.9803906099397734,0.48020614479804224,0.5197938552019578,0.3424521268577917,0.5,0.35559167820341914,0.2965028096245802
ICEWS14,458,6890,142,135,1077,877,0,9.0,0.019224861881692368,1.0,0.9803906099397734,0.0,1.0,0.009901778952997927,0.5,0.30770935621280826,0.18119126221832613
ICEWS14,459,6890,142,281,3319,2395,0,2.0,1.0124166717803216,4.0,0.7730166686334901,0.47334557355925644,0.5266544264407436,0.21337701580300872,0.5,0.32045944026030093,0.2309553923753854
ICEWS14,460,6890,142,212,2315,2315,1,1.0,0.16387703876948956,2.0,0.5202016416109183,0.0,1.0,0.08917546544104586,0.5,0.19427282267963514,0.13311548865310552
ICEWS14,461,6890,160,146,1077,1077,1,1.0,2.7572862531903737,4.0,0.8042490800314893,0.46539803861923645,1.0,0.8613107294541053,0.7326990193096182,0.36062449711658695,0.6198092542318995
ICEWS14,462,6890,160,131,1077,1077,1,1.0,1.567380084239322,2.0,0.9423178739918808,0.0,1.0,0.7239848724224169,0.5,0.3510808007505701,0.368468361546665
ICEWS14,463,6890,123,290,5395,929,0,2.0,0.39690534370854835,2.0,0.7284274237469965,0.4900991917739813,0.5099008082260187,0.16132865156086423,0.5,0.2578497177518766,0.19955699248265063
ICEWS14,464,6890,123,295,4304,1077,0,3570.0,0.042879436772966795,3.0,0.9803906099397734,0.26659535574014825,0.7334046442598517,0.016299920299447337,0.5,0.3643635547217664,0.21693486988826438
ICEWS14,465,6890,123,132,925,4805,0,3566.5,0.4488473397166841,1.0,0.9803906099397734,0.0,1.0,0.2968696882882459,0.5,0.3143972139204819,0.24591982702366497
ICEWS14,466,6890,207,291,3155,1077,0,3566.0,0.053278600205615916,2.0,0.043758718103237663,0.29910134924787046,1.0,0.7442599588403801,0.6495506746239352,0.09729531845772768,0.29576142475305545
ICEWS14,467,6890,127,313,567,986,0,3569.0,0.07890031543555132,1.0,0.6095068271022377,0.0,1.0,0.06920392276146632,0.5,0.19356114027165547,0.1334557174257333
ICEWS14,468,6890,202,106,1745,1745,1,1.0,1.7626532299995188,2.0,0.9423178739918808,0.46539803861923645,1.0,0.9999999999994327,0.7326990193096182,0.3543192978542116,0.6934970367314134
ICEWS14,469,6890,222,163,1077,1077,1,1.0,1.040607316377286,2.0,0.5306065116666864,0.0,1.0,0.999999999999039,0.5,0.20728231873761155,0.354482385273896
ICEWS14,470,6890,222,132,1077,1077,1,1.0,1.9227084839316544,2.0,0.9803906099397734,0.0,1.0,0.9999999999994799,0.5,0.3717349748043369,0.47091124558587577
ICEWS14,471,6890,115,177,925,3635,0,1.0,0.0,1.0,1.0,0.0,0.0,0.0,0.0,0.31444089581150797,0.03619909534280753
ICEWS14,472,6890,115,106,6504,1077,0,3565.0,0.3865083343167451,1.0,0.3865083343167451,0.0,1.0,0.9999999999974127,0.5,0.1445769544152223,0.30766258121435913
ICEWS14,473,6890,115,197,6635,3635,0,1.5,0.0,1.0,0.6729500963161781,0.0,0.0,0.0,0.0,0.20971895441090405,0.024752609662604227
ICEWS14,474,6890,98,169,1077,5421,0,2.0,0.17170812605718655,1.0,0.9423178739918808,0.0,1.0,0.1002424876913139,0.5,0.29661440592761756,0.19264240773927443
ICEWS14,475,6890,98,135,3262,1077,0,3565.5,1.3809467112037301,2.0,0.9803906099397734,0.3511631518546884,1.0,0.8415031766399536,0.6755815759273442,0.3625910143787117,0.6033445188091265
ICEWS14,476,6890,98,358,925,3635,0,3.0,0.9081914853454494,3.0,0.836743383392903,0.0,1.0,0.23730879605319885,0.5,0.32432857763447376,0.21921779500486246
ICEWS14,477,6890,103,225,4481,3144,0,3564.0,0.0,1.0,1.0,0.0,0.0,0.0,0.0,0.31444089581150797,0.03619909534280753
ICEWS14,478,6890,46,178,1121,1121,1,1.0,0.9803906099397734,1.0,0.9803906099397734,0.0,1.0,0.99999999999898,0.5,0.322779285591777,0.4657625428295966
ICEWS14,479,6890,134,55,1077,0,0,3564.5,0.0,0.0,0.0,0.0,0.0,0.0,0.0,0.06266844042745784,0.00977672855419752
ICEWS14,480,956,127,69,3155;4702,3155,1,1.0,3.936273739067838,13.0,0.9423178739918808,0.6781878917758888,0.5213051497736773,0.2986538840509874,0.599746520774783,0.5297883327084667,0.39145039056737996
ICEWS14,481,956,127,73,4702,3155,0,2.0,4.578803411846353,14.0,0.9423178739918808,0.7124584316115715,0.6150261579443393,0.3490321561189757,0.6637422947779554,0.5476346271209611,0.4608374236878112
ICEWS14,482,956,127,237,4702,4702,1,1.0,3.1427271532502203,13.0,0.9803906099397734,0.3038705844464892,0.867024961953876,0.6111012814015216,0.5854477732001826,0.5312960505109962,0.4861656909754065
ICEWS14,483,956,127,282,3341,4702,0,1.0,4.211525924660533,20.0,1.0,0.6781465745190454,0.7349204052819223,0.5202858474135146,0.7065334899004838,0.5947390793913384,0.5969044145109389
ICEWS14,484,956,127,12,3155,3155,1,1.5,0.0,1.0,0.9803906099397734,0.0,0.0,0.0,0.0,0.3074119377660179,0.035388146018500696
ICEWS14,485,956,127,145,4702,3155,0,2.0,0.17640765639949763,14.0,0.22643091606597668,0.7124584316115716,0.2875415683884284,0.043278326758176,0.5,0.2097517502933198,0.14660630439525557
ICEWS14,486,956,127,14,3155,3155,1,1.0,0.9803906099397736,2.0,0.9803906099397734,0.0,1.0,0.34219252720941185,0.5,0.3558932898137753,0.26734415631536046
ICEWS14,487,956,156,132,5173,2433,0,3568.5,0.2459861785091204,1.0,0.820335356007638,0.0,1.0,0.17637406352427895,0.5,0.25689624493763363,0.18638119386890858
ICEWS14,488,956,53,261,4702,4702,1,1.0,5.98363951975108,38.0,0.9423178739918808,0.8101384640084973,0.8564256680059089,0.6712325609364107,0.8332820660072031,0.6550834624151821,0.7395461278382471
ICEWS14,489,956,53,125,3341,4702,0,4.0,1.9477452301381748,13.0,0.6095068271022377,0.7385507191579674,0.6203152125646044,0.3720355477340097,0.6794329658612859,0.35847754990932146,0.42427986109884513
ICEWS14,490,956,53,332,4702,4702,1,1.0,3.7745251698924838,55.0,0.9057236642639067,0.8043438881230092,0.3627835258799769,0.2184620526709823,0.5835637070014931,0.6345146162834482,0.4168906930972789
ICEWS14,491,956,53,256,4702,4702,1,1.0,5.566070364139536,37.0,0.820335356007638,0.7826422238859176,0.8356328608302354,0.6323715458362508,0.8091375423580764,0.5981040836170533,0.6831519279156907
ICEWS14,492,956,53,207,4702,4702,1,1.0,9.749160178670099,34.0,0.8879629756445782,0.7031535125322743,0.8248763222597428,0.6250758970540494,0.7640149173960086,0.6866734661055166,0.5919206339851326
ICEWS14,493,956,53,183,4702,4702,1,1.0,4.252937513447085,22.0,0.9803906099397734,0.7592810060011524,0.8099768183291695,0.550002411460682,0.784628912165161,0.5955486603416107,0.6748601124736056
ICEWS14,494,956,155,77,3155,3155,1,1.0,6.498277443773285,10.0,0.9803906099397734,0.49668833199276474,0.9244543759967347,0.7717111066622967,0.7105713539947498,0.5698401710552206,0.6033447506166446
ICEWS14,495,956,207,287,4702,3341,0,3564.5,0.10766911516413469,1.0,1.0,0.0,1.0,0.05689761554222937,0.5,0.3161293753675145,0.1942794514111481
ICEWS14,496,956,115,117,6284,3341,0,3566.5,0.03249430336141368,1.0,0.836743383392903,0.0,1.0,0.01980161645202524,0.5,0.2591828514972945,0.15883055151951808
ICEWS14,497,956,158,20,5158,5158,1,1.0,0.9611657480580811,1.0,0.9611657480580811,0.0,1.0,0.9999999999989596,0.5,0.3154870741711184,0.4603385493265481
ICEWS14,498,956,142,244,4702,0,0,3564.5,0.0,0.0,0.0,0.0,0.0,0.0,0.0,0.06266844042745784,0.00977672855419752
ICEWS14,499,4417,163,299,146,0,0,3564.5,0.0,0.0,0.0,0.0,0.0,0.0,0.0,0.06266844042745784,0.00977672855419752
ICEWS14,500,4417,163,340,669,146,0,3565.0,0.4528618321319533,1.0,0.4528618321319533,0.0,1.0,0.9999999999977919,0.5,0.1595005152804708,0.3239286307236654
ICEWS14,501,4417,131,104,1183,0,0,3564.5,0.0,0.0,0.0,0.0,0.0,0.0,0.0,0.06266844042745784,0.00977672855419752
ICEWS14,502,4417,222,56,1183,1183,1,1.0,0.5858370854182298,1.0,0.5858370854182298,0.0,1.0,0.999999999998293,0.5,0.19312816118309317,0.35780994083082673
ICEWS14,503,1281,56,208,2678,382,0,3565.0,0.7578582832551991,1.0,0.7578582832551991,0.0,1.0,0.9999999999986805,0.5,0.24425173435739508,0.4037938423264953
ICEWS14,504,1281,56,182,382,0,0,3564.5,0.0,0.0,0.0,0.0,0.0,0.0,0.0,0.06266844042745784,0.00977672855419752
ICEWS14,505,1281,6,252,278,382,0,3566.5,0.06908144298521242,5.0,0.08580127266283155,0.43384438480607734,0.5661556151939227,0.2951946974950912,0.5,0.1297130023319482,0.1390026506118845
ICEWS14,506,1281,160,350,382,6739,0,2.0,0.11302809885049084,1.0,0.2987773849926094,0.0,1.0,0.23327528820148036,0.5,0.12516178940513484,0.11837318876666963
ICEWS14,507,1281,156,337,382,1140,0,3565.0,0.06813060632070492,2.0,0.03809417669388987,0.44086543844079906,1.0,0.9999999999853222,0.7204327192203995,0.09656019004630102,0.44760462143850555
ICEWS14,508,2460,159,5,6410,0,0,3564.5,0.0,0.0,0.0,0.0,0.0,0.0,0.0,0.06266844042745784,0.00977672855419752
ICEWS14,509,2460,6,141,4377,860,0,3565.0,0.7284274237469965,1.0,0.7284274237469965,0.0,1.0,0.9999999999986272,0.5,0.23489271923396138,0.39578030556394517
ICEWS14,510,2460,107,172,1147,0,0,3564.5,0.0,0.0,0.0,0.0,0.0,0.0,0.0,0.06266844042745784,0.00977672855419752
ICEWS14,511,2460,191,119,6880,6880,1,1.0,0.562018918243322,1.0,0.9803906099397734,0.0,1.0,0.401797301503972,0.5,0.3161719817779932,0.27370535256071304
ICEWS14,512,2460,163,360,146,6823,0,3565.0,0.12750020117764987,1.0,0.12750020117764987,0.0,1.0,0.9999999999921568,0.5,0.09709377364900382,0.24880830984918859
ICEWS14,513,2460,160,73,3155,5037,0,3565.5,0.29901565674618513,1.0,0.7429971445684742,0.0,1.0,0.25191325992420627,0.5,0.23366974381660732,0.18839500279572508
ICEWS14,514,2460,160,250,244,244,1,1.0,1.2414168683460518,2.0,0.9803906099397734,0.0,1.0,0.46993179379453637,0.5,0.36025171202863693,0.3015451547459107
ICEWS14,515,2460,127,30,2103,0,0,3564.5,0.0,0.0,0.0,0.0,0.0,0.0,0.0,0.06266844042745784,0.00977672855419752
ICEWS14,516,1154,123,59,3922,3922,1,1.0,0.9803906099397734,1.0,0.9803906099397734,0.0,1.0,0.99999999999898,0.5,0.322779285591777,0.4657625428295966
ICEWS14,517,1154,42,303,1242,3922,0,3564.0,1.061274413121236,2.0,1.0,0.05773663471356694,1.0,0.9999999999990576,0.5288683173567834,0.3648094871515527,0.520468517738301
ICEWS14,518,1154,6,119,3922,1242,0,2.0,0.01104178360927266,1.0,0.5630865404461788,0.0,1.0,0.00990177895299419,0.5,0.1809937689062843,0.11838223472259354
ICEWS14,519,776,222,272,1161,1161,1,1.0,7.719514055799934,86.0,0.9238395952400507,0.8558517161794592,0.704940127198546,0.5054752884571743,0.7803959216890026,0.7367422136654481,0.6582892912139191
ICEWS14,520,776,222,259,1873,1161,0,3.0,6.647457848797961,83.0,0.8534795977333005,0.8962976260508353,0.6195169023988591,0.40490476736053554,0.7579072642248472,0.6943887410529658,0.6032050337905399
ICEWS14,521,776,222,229,2442,1161,0,4.0,12.778338730999613,81.0,1.0,0.8807889828452801,0.7462405670130912,0.5422153615463066,0.8135147749291856,0.8179379791881773,0.6438924019778649
ICEWS14,522,776,222,348,1161,1161,1,1.0,12.915852661328186,110.0,0.9423178739918808,0.821294869789502,0.7909654838650337,0.6443352657358904,0.8061301768272678,0.8214640669153274,0.6633644577828851
ICEWS14,523,776,222,152,1161,1161,1,1.0,9.37825406926236,50.0,0.9803906099397734,0.6918699948534215,0.5043574960980983,0.3271181495493156,0.5981137454757599,0.7406860413454589,0.3904993561679215
ICEWS14,524,776,222,56,1873,1161,0,2.0,8.690958833457996,14.0,1.0,0.6450291445376553,0.8634981848012886,0.7034712202776612,0.7542636646694719,0.6425257001361108,0.6145304324404122
ICEWS14,525,776,222,105,2442,1161,0,3566.0,9.133550602712557,32.0,0.9611657480580811,0.81148606578472,0.6498386870443358,0.4378005264061095,0.7306623764145279,0.6986589362895445,0.5322900065121511
ICEWS14,526,776,222,316,1161,1161,1,1.0,8.390266152127154,96.0,0.9423178739918808,0.7777457725676342,0.6931033586148401,0.5272348730879272,0.7354245655912371,0.7592194138461956,0.62354769851267
ICEWS14,527,776,222,0,1161,0,0,3564.5,0.0,0.0,0.0,0.0,0.0,0.0,0.0,0.06266844042745784,0.00977672855419752
ICEWS14,528,776,222,291,1161,1161,1,1.0,6.059805006048114,88.0,0.8879629756445782,0.8192056989293612,0.6385961237440897,0.4589180361112408,0.7289009113367255,0.7019913482307644,0.6131937102482256
ICEWS14,529,776,222,34,1161,1161,1,1.0,2.465915067689343,5.0,0.8879629756445782,0.5702085766812909,0.6577968371212595,0.4632523797109617,0.6140027069012752,0.40436676051330844,0.4196101204285764
ICEWS14,530,776,222,329,1161,1161,1,1.0,10.97284381457543,102.0,0.9611657480580811,0.7478460790417145,0.7514313861372461,0.5932692274107049,0.7496387325894803,0.8004998415553053,0.6253516853718428
ICEWS14,531,776,222,226,3002,1161,0,7.0,12.499326454568664,80.0,0.9803906099397734,0.8738470602393149,0.7342634549275868,0.5219296995147225,0.8040552575834509,0.8092107871163037,0.6269004903023597
ICEWS14,532,776,222,168,1161,1161,1,1.0,13.401747706126747,58.0,0.9803906099397734,0.7909764324539452,0.663775151193888,0.48815483071513927,0.7273757918239165,0.8013777928197804,0.5128817840380961
ICEWS14,533,776,167,319,1161,1161,1,1.0,0.019224861881692368,1.0,0.9803906099397734,0.0,1.0,0.009901778952997927,0.5,0.30770935621280826,0.18119126221832613
ICEWS14,534,776,215,113,1161,0,0,3564.5,0.0,0.0,0.0,0.0,0.0,0.0,0.0,0.06266844042745784,0.00977672855419752
ICEWS14,535,776,0,352,1161,1161,1,1.0,9.291025293772037,66.0,0.9803906099397734,0.8081383515433112,0.9204312919237607,0.8486424010604515,0.8642848217335359,0.7581681958112128,0.7946485824563722
ICEWS14,536,776,0,126,1161,1161,1,1.0,7.314820459773283,10.0,0.9803906099397734,0.5375623997209253,1.0,0.8419800736846895,0.7687811998604627,0.5843156179995489,0.6657411867678767
ICEWS14,537,776,0,146,1161,1161,1,1.0,14.020679491391629,23.0,0.9803906099397734,0.7277907796758781,0.963892838119221,0.7879925788426229,0.8458418088975496,0.7525055950367419,0.6617429101002456
ICEWS14,538,776,0,121,1161,1161,1,1.0,5.932564548970186,8.0,0.9803906099397734,0.4310451378497544,1.0,0.7965011600648485,0.7155225689248772,0.541642865477853,0.6105286647519981
ICEWS14,539,776,0,226,1161,1161,1,1.0,11.57938206441249,46.0,0.9803906099397734,0.8604630480395244,0.952459403201843,0.8645647163994867,0.9064612256206837,0.764886851469617,0.7902265352666964
ICEWS14,540,776,0,216,1161,1161,1,1.0,12.920315303798793,45.0,0.8705505632961241,0.8485734899233667,0.9484086003100854,0.8538678375317003,0.8984910451167261,0.7475257290908949,0.7422521068363391
ICEWS14,541,776,0,149,1161,1161,1,1.0,15.153493248247578,25.0,0.9803906099397734,0.7590066202777852,0.9680334598384838,0.8099950088307896,0.8635200400581344,0.7726766670777843,0.672416642388549
ICEWS14,542,776,229,243,4506,1161,0,5.0,2.0376948319926513,17.0,0.43527528164806206,0.8015268580932384,0.9457788958244133,0.8676418248058172,0.8736528769588259,0.31532468163235905,0.7228811591728515
ICEWS14,543,776,229,333,1161,1161,1,1.0,4.408860129326641,24.0,0.9057236642639067,0.5056386625708815,0.8860578870259307,0.692167719910227,0.695848274798406,0.5753583680461933,0.6132516828318606
ICEWS14,544,776,229,204,1161,1161,1,1.0,4.411360678826883,17.0,0.9423178739918808,0.8015268580932384,0.9457788958244134,0.8676418248060159,0.8736528769588259,0.561046959327338,0.804631654373116
ICEWS14,545,776,156,278,1161,2442,0,2.0,0.2642433065613883,3.0,0.15542448614937274,0.4751271491586082,0.8923570607615708,0.8056360304814463,0.6837421049600896,0.12779119814080106,0.39485714102387187
ICEWS14,546,776,156,189,2442,2442,1,1.0,1.539856568327199,3.0,0.9057236642639067,0.4751271491586081,0.8923570607615707,0.8056360304834811,0.6837421049600894,0.36062462367050024,0.5965385484296812
ICEWS14,547,776,56,45,1181,0,0,3564.5,0.0,0.0,0.0,0.0,0.0,0.0,0.0,0.06266844042745784,0.00977672855419752
ICEWS14,548,776,160,314,2460,2442,0,3566.0,0.5566610128885786,3.0,1.0,0.16907468519614322,0.8309253148038568,0.30085000504309384,0.5,0.38075520870695756,0.28697442366862547
ICEWS14,549,776,202,148,1161,0,0,3564.5,0.0,0.0,0.0,0.0,0.0,0.0,0.0,0.06266844042745784,0.00977672855419752
ICEWS14,550,537,53,196,5756,2243,0,3574.0,0.29552388752351466,1.0,0.836743383392903,0.0,1.0,0.21446433134796228,0.5,0.2628684137692664,0.1974854153489838
ICEWS14,551,537,53,59,3380,6925,0,3567.5,0.3467441881035027,2.0,0.836743383392903,0.3786916692982262,0.6213083307017738,0.14775542637375091,0.5,0.2932612857872769,0.21268797979435186
ICEWS14,552,537,53,301,2713,4166,0,3576.5,0.04691469769793344,1.0,0.6864101813026526,0.0,1.0,0.0353831339133584,0.5,0.21404850032208358,0.13877770381769466
ICEWS14,553,537,53,71,3380,711,0,3568.5,0.6649912145864476,2.0,1.0,0.0,1.0,0.2017698984213975,0.5,0.35816515673306343,0.23726732701566747
ICEWS14,554,537,53,54,3234,6925,0,3568.0,0.5989631600416512,2.0,0.9238395952400507,0.37869166929822595,0.621308330701774,0.25220679028073034,0.5,0.3283723396130723,0.2555232074767566
ICEWS14,555,537,160,118,4408,4408,1,1.0,0.6958626408184294,3.0,0.9423178739918808,0.5172889047406961,0.4827110952593039,0.2168870653785453,0.5,0.36060505568009504,0.26773503019948447
ICEWS14,556,537,160,219,2713,6800,0,3570.5,0.23557946849797018,2.0,1.0,0.19066314591998834,0.8093368540800117,0.10537736270057299,0.5,0.3510264351320451,0.22736700606676274
ICEWS14,557,537,160,166,6800,4408,0,2.0,0.08156687139066343,3.0,0.36421371187349827,0.5172889047406961,0.48271109525930384,0.05714098310662734,0.5,0.1701478859875029,0.13113878330079293
ICEWS14,558,537,160,273,6800,6800,1,1.0,0.8838494672918809,6.0,0.7578582832551991,0.6462529540026878,0.35374704599731227,0.17889280369235516,0.5,0.3399055097223909,0.24148038449136147
ICEWS14,559,537,127,302,3380,359,0,3566.5,0.6492114928056583,2.0,1.0,0.006243963889202009,0.993756036110798,0.4761867164948135,0.5,0.3579016889567733,0.3169330178491349
ICEWS14,560,537,6,184,5496,5496,1,1.0,0.3108489722987456,1.0,0.3108489722987456,0.0,1.0,0.9999999999967831,0.5,0.1289960496615907,0.28968304754732827
ICEWS14,561,537,6,124,5496,0,0,3564.5,0.0,0.0,0.0,0.0,0.0,0.0,0.0,0.06266844042745784,0.00977672855419752
ICEWS14,562,537,156,315,3149,1147,0,3567.0,0.6566464594630577,3.0,0.3170664520316462,0.0,1.0,0.5432706472978561,0.5,0.16497255438621553,0.1924163325008673
ICEWS14,563,5036,207,277,545,146,0,3565.5,0.943049817081937,2.0,0.9611657480580811,0.4851512137172558,0.5148487862827442,0.3379223903597293,0.5,0.34793903022312755,0.2909227864831138
ICEWS14,564,5036,160,253,4408,4408,1,1.0,6.066554204474195,17.0,0.8879629756445782,0.5638433327669222,0.8624775175401664,0.7347387678664015,0.7131604251535444,0.5682487581427345,0.601011718708937
ICEWS14,565,5036,160,126,3133,4408,0,3568.0,0.7018319104319118,3.0,0.597554769985219,0.37171639935265566,0.6282836006473443,0.2792494759643695,0.5,0.24064935097279622,0.20218737111055488
ICEWS14,566,5036,155,266,1526,1526,1,1.0,13.01341738693952,19.0,0.9611657480580811,0.6825936712619325,1.0,0.9717055453411186,0.8412968356309662,0.7191456784990036,0.7133981735070181
ICEWS14,567,5036,53,323,6552,5017,0,3574.5,0.03380717990322113,1.0,0.8705505632961241,0.0,1.0,0.0198016164520257,0.5,0.2702090054885845,0.16430669268958617
ICEWS14,568,5036,131,154,4484,146,0,1.0,1.1047530424327103,3.0,0.9611657480580811,0.4674664940033809,0.920445515828692,0.441013541083012,0.6939560049160365,0.3748414833945476,0.49796990796116963
ICEWS14,569,5036,131,152,4484,146,0,1.0,1.1493886924963048,3.0,1.0,0.4674664940033809,0.9204455158286919,0.4410135410830189,0.6939560049160365,0.3909581115351297,0.5088935062046172
ICEWS14,570,5036,222,3,587,0,0,3564.5,0.0,0.0,0.0,0.0,0.0,0.0,0.0,0.06266844042745784,0.00977672855419752
ICEWS14,571,5036,98,311,146,283,0,3566.5,0.03517999875337502,1.0,0.46191979762002533,0.0,1.0,0.03958771040387106,0.5,0.15747508126880636,0.11030182054862252
ICEWS14,572,5036,6,316,4408,0,0,3564.5,0.0,0.0,0.0,0.0,0.0,0.0,0.0,0.06266844042745784,0.00977672855419752
ICEWS14,573,5036,127,57,1625,3154,0,3565.5,1.561105289528231,3.0,0.7284274237469965,0.0,1.0,0.5905349498361451,0.5,0.29572437398450907,0.28280873281187613
ICEWS14,574,5036,162,245,711,3411,0,2.0,0.908035964480283,1.0,1.0,0.0,1.0,0.8315621530953393,0.5,0.3288311447055562,0.4127225345161919
ICEWS14,575,5036,158,180,3770,1139,0,3565.0,0.14645927135455744,1.0,0.14645927135455744,0.0,1.0,0.9999999999931721,0.5,0.10003424736113496,0.25285097409365986
ICEWS14,576,5036,97,160,4431,6991,0,3566.5,0.03470964888622485,1.0,0.3364750481580891,0.0,1.0,0.054383342556771824,0.5,0.13158122826172494,0.09827394515386637
ICEWS14,577,5036,169,287,4484,5421,0,3566.5,0.20261047932961074,1.0,0.836743383392903,0.0,1.0,0.1377481444614743,0.5,0.26156267042250686,0.18136108070243515
ICEWS14,578,4827,160,2,2427,0,0,3564.5,0.0,0.0,0.0,0.0,0.0,0.0,0.0,0.06266844042745784,0.00977672855419752
ICEWS14,579,2847,160,228,6603,5924,0,3565.5,0.05676205442975829,4.0,0.05889486712449256,0.5808895982107811,0.4191104017892188,0.1683879574447472,0.5,0.11754694375726243,0.11598033277602038
ICEWS14,580,2671,160,33,129,5441,0,3566.0,0.08207231718055052,1.0,0.8705505632961241,0.0,1.0,0.0494700976347749,0.5,0.2709009537946355,0.16985179067830974
ICEWS14,581,2671,103,176,4694,18,0,3565.5,0.8467283534329252,1.0,0.8879629756445782,0.0,1.0,0.9112468170231138,0.5,0.2879467365272314,0.4090698908875884
ICEWS14,582,2671,103,286,3341,18,0,3565.5,0.09586273836342665,1.0,0.10053113500393618,0.0,1.0,0.9112468170154323,0.5,0.09301533448529219,0.22034257652668476
ICEWS14,583,2671,127,178,6504,2083,0,1.0,0.9434489853002772,2.0,1.0,0.48020614479804224,0.5197938552019578,0.3248533754718441,0.5,0.3628284325055671,0.296343768525912
ICEWS14,584,2671,53,236,2628,3341,0,3568.0,0.02557921965948884,2.0,0.5202016416109183,0.3511631518546884,0.6488368481453116,0.01621081675634294,0.5,0.19270508975222586,0.13398655048333147
ICEWS14,585,2671,53,329,3285,18,0,3571.5,0.9206932188277162,3.0,0.9423178739918808,0.5043259746190127,0.4956740253809872,0.3195215638423133,0.5,0.3643792891456189,0.29404468815188134
ICEWS14,586,2671,142,357,7109,6504,0,3566.0,0.3428589109886804,1.0,0.5520447568369061,0.0,1.0,0.45040085064741786,0.5,0.18182987315840654,0.19703059363730346
ICEWS14,587,2671,155,356,1077,1077,1,1.0,0.05206936215303415,2.0,0.9238395952400507,0.470328596005128,0.529671403994872,0.015152826302078213,0.5,0.31967107336852413,0.20582117125890886
ICEWS14,588,265,6,257,4970,1183,0,3565.0,1.8661574692319314,2.0,0.9423178739918808,0.0,1.0,0.9999999999994641,0.5,0.35604131256744315,0.4604540892757737
ICEWS14,589,265,156,102,1183,1183,1,1.0,2.0742079859145264,3.0,0.9803906099397734,0.06395290579222446,1.0,0.9999999999995178,0.5319764528961122,0.3991727045960048,0.5160288647815545
ICEWS14,590,3873,155,61,2700,1077,0,3566.0,2.3992426831051556,4.0,0.8879629756445782,0.23641148243371923,0.7635885175662808,0.579479094824235,0.5,0.387317134895922,0.3331175548262424
ICEWS14,591,3873,155,45,1077,6823,0,3565.0,0.597554769985219,1.0,0.597554769985219,0.0,1.0,0.9999999999983266,0.5,0.1963358159049662,0.360871000173214
ICEWS14,592,5419,123,265,4265,0,0,3564.5,0.0,0.0,0.0,0.0,0.0,0.0,0.0,0.06266844042745784,0.00977672855419752
ICEWS14,593,5419,222,161,1148,1148,1,1.0,0.20918584584822575,1.0,0.20918584584822575,0.0,1.0,0.9999999999952195,0.5,0.11033334099705547,0.2665327776625776
ICEWS14,594,6410,162,150,3262,3262,1,1.0,0.5466321263531473,2.0,0.27602237841845306,0.0,1.0,0.9999999999981707,0.5,0.14146081277999184,0.2946172493684443
ICEWS14,595,6410,123,322,5037,1077,0,3.0,1.2228994695753799,10.0,0.7884782461155736,0.6407631152437067,0.5962448403949633,0.38615758840800546,0.618503977819335,0.3957741886846313,0.42101387539805885
ICEWS14,596,6410,123,36,1077,3155,0,3.0,0.2344982705894082,1.0,0.820335356007638,0.0,1.0,0.16676352322156074,0.5,0.25673696824624076,0.18439200864730723
ICEWS14,597,6410,123,279,5037,1077,0,6.0,1.0180002535820583,8.0,0.9238395952400507,0.5551302860033942,0.7820179117183048,0.32468950876345254,0.6685740988608495,0.42931077148471913,0.47029384011582187
ICEWS14,598,6410,123,275,5037,1077,0,4.0,1.1019231680771822,8.0,1.0,0.5551302860033942,0.7820179117183047,0.3246895087634604,0.6685740988608495,0.4622856086532222,0.4917418657987083
ICEWS14,599,6410,61,36,5037,5037,1,1.0,2.4970468296629145,3.0,0.8705505632961241,0.30957235541227,1.0,0.9999999999995995,0.654786177706135,0.36309205383119775,0.6027045694320023
ICEWS14,600,6410,61,149,5037,5037,1,1.0,0.7720998332932849,8.0,0.646816582731497,0.6501759140374215,0.5547640088919918,0.2638887482471145,0.6024699614647067,0.3173430307392002,0.32500307516371857
ICEWS14,601,6410,61,180,5037,5037,1,1.0,0.22768556678476837,8.0,0.35006974482590136,0.6501759140374215,0.3498240859625786,0.1283662063163066,0.5,0.2138220393773632,0.1661025590746948
ICEWS14,602,6410,61,257,5037,5037,1,1.0,0.2715436935158639,9.0,0.22199074391114454,0.49522459116108775,0.6780168987880314,0.44660415033889084,0.5866207449745595,0.186223940899617,0.2639683612487871
ICEWS14,603,6410,142,185,7038,7038,1,1.0,1.2222426516762646,13.0,0.9238395952400507,0.5538743332003384,0.4461256667996616,0.08354904939179968,0.5,0.4728328477181718,0.2699668513099008
ICEWS14,604,6410,142,178,1077,7038,0,6.0,1.56926044530387,11.0,1.0,0.7180119101981639,0.28198808980183604,0.12577572173271404,0.5,0.49691659739339983,0.3001893129241944
ICEWS14,605,6410,142,276,3535,7038,0,11.0,0.8500315547625314,28.0,0.9238395952400507,0.7935379464942169,0.20646205350578303,0.07351360501986809,0.5,0.5323632152239148,0.31653491526990685
ICEWS14,606,6410,142,28,3341,1552,0,3565.5,0.0,1.0,0.9423178739918808,0.0,0.0,0.0,0.0,0.29401865650632836,0.03386334533859431
ICEWS14,607,6410,142,183,1077;7038,7038,1,1.5,2.291626877118949,13.0,0.9611657480580811,0.5538743332003384,0.4461256667996616,0.16138100441716546,0.5,0.5078386129977703,0.2879304862306564
ICEWS14,608,6410,142,273,4993,7038,0,3579.5,0.9020645561583143,28.0,0.9803906099397734,0.7935379464942169,0.20646205350578303,0.07351360501986852,0.5,0.5567613798833482,0.3306417872773206
ICEWS14,609,6410,142,40,2278,3341,0,2.5,0.9611657480580811,2.0,1.0,0.0,1.0,0.3245903234859732,0.5,0.36312601739672845,0.26719880607810265
ICEWS14,610,6410,142,343,6098,5037,0,3585.5,1.5350457372872923,18.0,0.836743383392903,0.6875325839015043,0.4866905910294681,0.19020750335423964,0.5871115874654862,0.4699218030095453,0.3650370414922209
ICEWS14,611,6410,142,94,711,711,1,1.0,1.5966532126526833,9.0,0.7429971445684742,0.6762186040989555,0.6199416289824315,0.21305386453205985,0.6480801165406935,0.37594665275936306,0.36582567482000505
ICEWS14,612,6410,56,21,3262,5037,0,3565.5,1.1939393160058096,2.0,0.9611657480580811,0.0,1.0,0.4700845513839245,0.5,0.35208531598469456,0.2973917820634127
ICEWS14,613,6410,56,28,5037,3262,0,1.0,0.2805020347554299,2.0,1.0,0.4752649511825976,0.5247350488174024,0.079441059381486,0.5,0.3517701977982387,0.2352148051028592
ICEWS14,614,6410,53,88,3262,3262,1,1.0,4.083351493112595,6.0,0.9611657480580811,0.6263398813947215,1.0,0.6798719141531862,0.8131699406973607,0.47722965483283614,0.6751978851169121
ICEWS14,615,6410,53,118,1077,3262,0,1.0,3.606383147833128,11.0,1.0,0.7673263010648137,0.6730473891681537,0.36740579873831924,0.7201868451164837,0.5338601953498494,0.543361139173066
ICEWS14,616,6410,53,60,829,3825,0,3566.5,1.0643081266387007,2.0,0.8534795977333005,0.0,1.0,0.4661227057735205,0.5,0.3101388664820103,0.2716472008979156
ICEWS14,617,6410,53,121,3155,3262,0,3.0,3.3983593006662605,11.0,0.9423178739918808,0.7673263010648138,0.6730473891681535,0.367405798738317,0.7201868451164837,0.5060072052157537,0.5294619108610565
ICEWS14,618,6410,98,196,3262,1077,0,2.0,2.3096642150031297,12.0,0.836743383392903,0.6751865749812898,0.4841291097677648,0.2963177808038843,0.5796578423745273,0.44954368222869917,0.36470560421430165
ICEWS14,619,6410,98,190,4723,1077,0,3567.0,2.601081664836903,12.0,0.9423178739918808,0.6751865749812896,0.48412910976776496,0.29631778080388854,0.5796578423745273,0.49882242762699314,0.3900713640127503
ICEWS14,620,6410,191,103,5037,5037,1,1.0,1.3146941698933354,8.0,0.3108489722987456,0.6486695789256729,1.0,0.7399999065259563,0.8243347894628364,0.21607370253345312,0.5773500053421516
ICEWS14,621,6410,191,43,5037,5037,1,1.0,3.293958830181263,7.0,0.7001394896518027,0.5602259041739,1.0,0.6848609435153004,0.78011295208695,0.36899433092316375,0.5903368668182264
ICEWS14,622,6410,127,40,1077,6823,0,2.0,0.2421417167448009,1.0,1.0,0.0,1.0,0.13774814446148953,0.5,0.3182450169395814,0.21181276761675918
ICEWS14,623,6410,127,47,1077,5037,0,5.0,0.13204400369078395,2.0,0.9238395952400507,0.41661823838916034,0.5833817616108397,0.0435050340120031,0.5,0.3209358701936863,0.20910609020773263
ICEWS14,624,6410,127,198,3262,3262,1,1.0,1.1992345725113354,13.0,0.9423178739918808,0.7139489290658878,0.47477439642542196,0.2225245195034426,0.5943616627456549,0.4801276218827505,0.40469522871519775
ICEWS14,625,6410,127,10,3155,3155,1,1.0,0.9803906099397734,1.0,0.9803906099397734,0.0,1.0,0.99999999999898,0.5,0.322779285591777,0.4657625428295966
ICEWS14,626,6410,127,362,3262,3262,1,1.0,0.728201250785955,31.0,0.9803906099397734,0.7159567184258362,0.28404328157416386,0.07835742417123065,0.5,0.5624916987494958,0.3338776162066595
ICEWS14,627,6410,127,288,1077,3262,0,2.0,3.5251149944305937,25.0,1.0,0.8005907083216455,0.6753856005778812,0.358406124359844,0.7379881544497633,0.6014662496291815,0.5970253835276846
ICEWS14,628,6410,127,192,3262,3262,1,1.0,0.28933266990434703,12.0,0.7001394896518027,0.7356627094626635,0.2643372905373364,0.05777425191926593,0.5,0.3594328288393164,0.2311950099654386
ICEWS14,629,6410,156,241,3262,5037,0,2.0,0.805930143208343,22.0,0.7284274237469965,0.550834438072588,0.449165561927412,0.14347014554194723,0.5,0.4292274639285135,0.2654071554237561
ICEWS14,630,6410,156,41,3262,5037,0,2.0,3.491422946391622,8.0,0.7730166686334901,0.448715208403219,0.7330340101736256,0.5152374504524291,0.5908746092884223,0.41160681052747156,0.37986399440571234
ICEWS14,631,6410,156,257,5037,5037,1,1.0,1.5293794919291825,23.0,0.9423178739918808,0.679805931452298,0.607329824962956,0.3037984700364039,0.643567878207627,0.5351716639581634,0.4957963907182452
ICEWS14,632,6410,156,76,3262,5037,0,2.0,3.9930971874475776,11.0,0.8042490800314893,0.7002411815469245,0.8576569725610727,0.708554437943228,0.7789490770539986,0.45914945251360156,0.6451878536111735
ICEWS14,633,6410,38,341,1588,1171,0,3568.0,1.6643029367751252,23.0,0.8705505632961241,0.7561501185893807,0.5569445825175583,0.30394062112742204,0.6565473505534696,0.5076613791853335,0.48945019486903774
ICEWS14,634,6410,196,181,5037,5037,1,1.0,0.4439814878222891,1.0,0.4439814878222891,0.0,1.0,0.9999999999977477,0.5,0.15743318282674576,0.32172572124964655
ICEWS14,635,6410,160,119,5037,5037,1,1.0,5.238808356703051,14.0,0.9611657480580811,0.7290555261513858,0.8250176645405999,0.6325410403750552,0.7770365953459928,0.567239401106312,0.6554132654731387
ICEWS14,636,6410,160,170,3262,5037,0,1.0,3.2037147686576173,17.0,0.646816582731497,0.730173058998552,0.8050292218935063,0.6030761422932459,0.7676011404460292,0.4166081969338216,0.5880437489653817
ICEWS14,637,6410,160,114,3155,5037,0,3568.0,4.722900347449202,13.0,0.9611657480580811,0.7535215725865381,0.7960165021256289,0.5842977578696096,0.7747690373560835,0.5518062513127587,0.6436849371196323
ICEWS14,638,6410,171,61,5395,5395,1,1.0,0.9423178739918808,1.0,0.9423178739918808,0.0,1.0,0.9999999999989388,0.5,0.30842497070347896,0.4550300124776501
ICEWS14,639,6410,115,35,1171,1077,0,3564.5,0.8910918773833708,2.0,0.7429971445684742,0.0,1.0,0.4466219870418714,0.5,0.2695514698474349,0.2430791289761351
ICEWS14,640,6410,115,61,1643,1077,0,3566.0,0.16958682946918957,4.0,0.8705505632961241,0.3377486972984389,0.6622513027015611,0.034350933982940285,0.5,0.3430561661970621,0.20887714192701368
ICEWS14,641,6410,115,44,5037,5037,1,1.0,1.069030113395686,3.0,0.9611657480580811,0.5778000243745343,0.7970979222989227,0.3068310496778369,0.6874489733367285,0.37423357830819043,0.4525424043199183
ICEWS14,642,6410,115,263,1077,1077,1,1.0,2.388664225182977,19.0,0.9611657480580811,0.6955610081865139,0.5720665519009245,0.23899059379067444,0.6338137800437191,0.5420049378015878,0.447948812150641
ICEWS14,643,6410,31,315,5037,5037,1,1.0,0.9585313403790565,2.0,0.6597539553864471,0.3117033031746842,1.0,0.9999999999989567,0.655851651587342,0.24392620985289473,0.5521130518424644
ICEWS14,644,6410,6,96,5037,0,0,3564.5,0.0,0.0,0.0,0.0,0.0,0.0,0.0,0.06266844042745784,0.00977672855419752
ICEWS14,645,6410,6,135,5037,5037,1,1.0,1.0630865404461787,2.0,0.5630865404461788,0.470328596005128,1.0,0.9999999999990593,0.735164298002564,0.2166306143539563,0.6027203486672316
ICEWS14,646,6410,139,185,4723,5226,0,3565.0,0.6597539553864471,1.0,0.6597539553864471,0.0,1.0,0.9999999999984843,0.5,0.21403508149589467,0.37730440022150336
ICEWS14,647,6410,155,240,5037,5037,1,1.0,0.34925430640037824,1.0,0.9803906099397734,0.0,1.0,0.2167226023213891,0.5,0.3128398584611647,0.22616404160140047
ICEWS14,648,6410,155,182,5037,3155,0,3566.5,1.3929942127132153,6.0,0.8042490800314893,0.5959661947423014,0.7557656620154648,0.5382296638101373,0.675865928378883,0.3660699940766238,0.5027459716378592
ICEWS14,649,6410,145,322,5037,0,0,3564.5,0.0,0.0,0.0,0.0,0.0,0.0,0.0,0.06266844042745784,0.00977672855419752
ICEWS14,650,6410,102,341,1077,0,0,3564.0,0.0,0.0,0.0,0.0,0.0,0.0,0.0,0.06266844042745784,0.00977672855419752
ICEWS14,651,6410,207,320,1077,1077,1,1.0,2.382843867644219,10.0,0.8879629756445782,0.5073492086407465,0.7069214046749636,0.5234390933360337,0.6071353066578551,0.45700732819705603,0.46139346047188906
ICEWS14,652,6410,207,362,3262,1077,0,9.0,1.1099534320874223,11.0,0.4711589369959404,0.6245500947324116,0.6133484089283676,0.3893132906586869,0.6189492518303896,0.28282445757365066,0.3378142046801136
ICEWS14,653,6410,52,347,5421,5037,0,3565.5,0.2880162423998091,3.0,0.25,0.014651645020578807,0.9853483549794212,0.4017507682981267,0.5,0.14670625444173108,0.1555545717381764
ICEWS14,654,6410,116,146,6823,3262,0,3565.5,0.2219907439111445,2.0,0.22199074391114454,0.4555581312873649,0.5444418687126351,0.3740433700371604,0.5,0.12817503881462303,0.15612192349267565
ICEWS14,655,3361,169,208,4614,4614,1,1.0,0.11647384499606195,1.0,0.15853322601582306,0.0,1.0,0.5806487423278734,0.5,0.10166850297472432,0.15793065900902467
ICEWS14,656,3361,160,268,2374,4614,0,3565.5,0.1794730605470454,1.0,0.21763764082403103,0.0,1.0,0.7016086872657358,0.5,0.11151500960851699,0.1928013122875617
ICEWS14,657,3987,160,218,3155,3155,1,1.0,6.355073699985351,46.0,0.7578582832551991,0.7830557004082843,0.9297448605312985,0.849467192584565,0.8564002804697914,0.6053572533350744,0.7628389002453211
ICEWS14,658,3987,160,48,3155,3155,1,1.0,6.062932737691217,13.0,0.8042490800314893,0.6260746133654034,0.8990056593399108,0.7008598393800961,0.7625401363526572,0.5106934546005919,0.599961490687352
ICEWS14,659,3987,160,283,3155,3155,1,1.0,10.912981681920698,61.0,0.9803906099397734,0.826288586203292,0.9878792938248778,0.9723045560935242,0.9070839400140849,0.7742061207025037,0.8280158415190624
ICEWS14,660,3987,160,101,3155,3155,1,1.0,9.750473012848554,28.0,0.9423178739918808,0.7767308761926786,0.9050369283339595,0.7751365715812678,0.840883902263319,0.6914916599392221,0.713566769018921
ICEWS14,661,3987,160,125,2290,3155,0,3567.5,9.213349081032165,32.0,1.0,0.8150342339862533,0.934689936639779,0.8397251588130176,0.8748620853130161,0.7133457999600272,0.780358139764024
ICEWS14,662,3987,160,210,3155,3155,1,1.0,7.446075708034925,46.0,0.8879629756445782,0.7830557004082843,0.9297448605312981,0.8494671925845815,0.8564002804697912,0.6736559272938666,0.7781394691410661
ICEWS14,663,3987,160,50,3155,3155,1,1.0,6.807873890188583,14.0,0.9803906099397734,0.6716055476859248,0.9113032108186297,0.7324111428825901,0.7914543792522772,0.6027035590084774,0.6781008382255599
ICEWS14,664,3987,160,231,3155,3155,1,1.0,4.912577900482983,46.0,0.5858370854182298,0.7830557004082843,0.9297448605312982,0.8494671925845316,0.8564002804697912,0.5088103972682316,0.7415180152276707
ICEWS14,665,3987,160,296,3155,3155,1,1.0,9.24016582464813,62.0,0.8042490800314893,0.7552928899349927,0.9889207192887348,0.9746540245493018,0.8721068046118637,0.6946247603096127,0.7904435235346143
ICEWS14,666,3987,159,24,3155,0,0,3564.5,0.0,0.0,0.0,0.0,0.0,0.0,0.0,0.06266844042745784,0.00977672855419752
ICEWS14,667,3987,158,230,3159,3155,0,2.0,0.7973477908826212,2.0,0.8879629756445782,0.4950491105234984,0.5049508894765016,0.2931771384567245,0.5,0.3183924449957235,0.26286092858442067
ICEWS14,668,3987,156,90,1188,3147,0,3567.0,1.3117650967051628,2.0,0.9803906099397734,0.0,1.0,0.5331374037672149,0.5,0.36143032131664266,0.3201696536808522
ICEWS14,669,3987,156,12,920,920,1,1.0,1.8118025708846288,2.0,0.9238395952400507,0.4900991917739813,1.0,0.999999999999448,0.7450495958869907,0.3480885153240394,0.6990237178474584
ICEWS14,670,3987,157,249,3155,4308,0,2.0,0.26516581286975605,2.0,0.7141434062641757,0.0,1.0,0.10344301125297102,0.5,0.2514971970130529,0.16423006077708646
ICEWS14,671,3987,169,205,3159,3159,1,1.0,0.1286244077807296,1.0,0.410167678003819,0.0,1.0,0.18595109432668655,0.5,0.14717480637121008,0.1252206380144756
ICEWS14,672,6126,156,292,1161,1161,1,1.0,0.00515432777645662,1.0,0.00515432777645662,0.0,1.0,0.9999999998059882,0.5,0.07991343105417537,0.22377357527804592
ICEWS14,673,6794,169,250,6979,0,0,3564.5,0.0,0.0,0.0,0.0,0.0,0.0,0.0,0.06266844042745784,0.00977672855419752
ICEWS14,674,2461,38,263,5136,2825,0,3566.0,0.040659467328028484,3.0,0.02944743356224628,0.32675415021192733,0.6732458497880727,0.30667156107852184,0.5,0.1045516793177851,0.1207757499269998
ICEWS14,675,2461,156,99,902,1185,0,2.0,0.19791449969022046,3.0,0.46191979762002533,0.607979466570356,0.392020533429644,0.09168244412397944,0.5,0.19581526805811433,0.1538989644939074
ICEWS14,676,2461,61,65,2263,0,0,3564.5,0.0,0.0,0.0,0.0,0.0,0.0,0.0,0.06266844042745784,0.00977672855419752
ICEWS14,677,2461,160,329,1520,5069,0,3566.5,0.9224833685041244,2.0,0.5100008047105996,0.0,1.0,0.8405175732956074,0.5,0.2002966493976697,0.3000042791891064
ICEWS14,678,1077,156,53,146,3262,0,3567.5,3.9006443584462707,8.0,0.9611657480580811,0.6726125044749848,0.919820995077252,0.5968580210009521,0.7962167497761183,0.4967973383850279,0.6517001912896175
ICEWS14,679,1077,156,141,4040,3262,0,3570.0,0.0163200311244438,17.0,0.8879629756445782,0.6625817609654954,0.3374182390345047,0.0013644161699203484,0.5,0.4588940171490181,0.2693790371634184
ICEWS14,680,1077,156,72,3922,3262,0,1.0,3.327610084220609,11.0,1.0,0.8106584491511936,0.6148450675711585,0.36735067483623696,0.712751758361176,0.5288174182218769,0.5443492112168113
ICEWS14,681,1077,156,348,3262,3262,1,1.0,1.9045171549669728,32.0,0.7578582832551991,0.7522570859435364,0.6824699715263448,0.4519944308741398,0.7173635287349406,0.4939085216795564,0.5746310347151459
ICEWS14,682,1077,156,238,3262,3262,1,1.0,1.0708194569665923,24.0,0.3298769776932236,0.8442665605913094,0.5195681989309445,0.25820671296823766,0.681917379761127,0.28860345832145406,0.35577863345069205
ICEWS14,683,1077,156,356,362,3262,0,3.0,2.389279032865971,33.0,0.8705505632961241,0.7499415594436452,0.7618710352762821,0.5224183145647459,0.7559062973599636,0.5523752888725483,0.6569269874195657
ICEWS14,684,1077,142,82,1087,711,0,3580.5,2.65400711114953,7.0,0.9803906099397734,0.5343386012319912,0.8198791319995096,0.3235775038921336,0.6771088666157503,0.4714964509356895,0.4610930551622406
ICEWS14,685,1077,142,286,711;2104,711,1,33.75,1.2479114036713481,16.0,0.9611657480580811,0.6080989309445874,0.3919010690554125,0.1771877300405864,0.5,0.5065771114023859,0.31830978019025585
ICEWS14,686,1077,142,313,2648,711,0,3.0,0.8990362512585044,28.0,1.0,0.6042443653652327,0.3957556346347672,0.03873085112300009,0.5,0.5647878678559308,0.31257203843359654
ICEWS14,687,1077,142,320,1620,711,0,3629.0,0.8022659050169523,32.0,1.0,0.6461940789950088,0.3538059210049912,0.028966636742659254,0.5,0.5746101071615705,0.31908992408330294
ICEWS14,688,1077,142,97,1115,711,0,2.0,0.3327541877662332,8.0,0.7578582832551991,0.5436274019435291,0.4563725980564709,0.03597731224000783,0.5,0.3515706324329173,0.21470211136331677
ICEWS14,689,1077,142,153,6147,7038,0,3594.5,4.619466863016673,16.0,0.7578582832551991,0.5594377562464707,0.8384483039410182,0.46026888513621633,0.6989430300937445,0.48277648098628906,0.47136597646106837
ICEWS14,690,1077,142,310,711,545,0,2.0,2.167548937692068,14.0,0.9803906099397734,0.5510924973330804,0.44890750266691953,0.10076144395051236,0.5,0.5199036922053712,0.2790185317350318
ICEWS14,691,1077,142,45,3341,3908,0,1.0,0.1044638497149375,4.0,1.0,0.4529744712030528,0.5470255287969472,0.014784379410491346,0.5,0.3922521112273082,0.23748249293003762
ICEWS14,692,1077,142,188,920,7038,0,53.0,0.6694428233899075,18.0,0.9803906099397734,0.6580175355627602,0.34198246443723973,0.06395760705709728,0.5,0.5142450880913806,0.3039404953396643
ICEWS14,693,1077,142,33,3341,5678,0,4.5,0.07320277241350293,1.0,0.9611657480580811,0.0,1.0,0.03958771040389418,0.5,0.30172565849030336,0.18364813440112154
ICEWS14,694,1077,142,251,711,3731,0,2.0,1.6352742776298834,6.0,0.8879629756445782,0.5024265544076356,0.4975734455923644,0.20768419132559698,0.5,0.4033673803731266,0.26163144035475494
ICEWS14,695,1077,142,324,793,711,0,3631.5,1.7215556189055317,33.0,0.9803906099397734,0.6707174267953369,0.3292825732046632,0.06479993915345188,0.5,0.5855353316032518,0.31543176077942287
ICEWS14,696,1077,142,86,7038,711,0,3.0,2.4518768553285986,8.0,0.9423178739918808,0.5436274019435291,0.4563725980564709,0.25912777949772836,0.5,0.46267274824017074,0.2915874368986208
ICEWS14,697,1077,142,63,5037,3341,0,8.0,0.8123777712037583,6.0,0.7578582832551991,0.4729274566439974,0.5270725433560026,0.11596202562472346,0.5,0.33874157457382365,0.21711787811582625
ICEWS14,698,1077,142,315,2660,711,0,3626.5,0.8641228509722101,29.0,0.9803906099397734,0.5571089043740519,0.4428910956259481,0.03560199876497825,0.5,0.5591294312326685,0.3055117762441314
ICEWS14,699,1077,142,190,1115,7038,0,10.0,0.643445512125675,18.0,0.9423178739918808,0.6580175355627602,0.3419824644372398,0.0639576070570971,0.5,0.4978521139304383,0.29471904342899063
ICEWS14,700,1077,142,339,6566,545,0,15.0,1.446948111208922,21.0,1.0,0.7496908443164048,0.25030915568359524,0.06440772537315625,0.5,0.549765204199831,0.3105560019430419
ICEWS14,701,1077,142,128,5363,7038,0,3588.5,2.9453745505505102,12.0,0.9423178739918808,0.2683075168618193,0.7316924831381807,0.25539157150665676,0.5,0.5050748454426586,0.2822876437867163
ICEWS14,702,1077,142,130,6795,7038,0,3588.5,2.8309931331911153,12.0,0.9057236642639067,0.2683075168618193,0.7316924831381807,0.25539157150665587,0.5,0.48769397053888647,0.27493584913779956
ICEWS14,703,1077,142,48,3873,3341,0,4.5,0.8627275952856941,5.0,0.9611657480580811,0.3461636023490082,0.6538363976509918,0.11322746721094051,0.5,0.4058161864703904,0.24706041283711475
ICEWS14,704,1077,142,47,3341,3341,1,1.0,0.8799835356834884,5.0,0.9803906099397734,0.34616360234900834,0.6538363976509917,0.11322746721094074,0.5,0.4138990129064148,0.25116442922626614
ICEWS14,705,1077,142,238,2068,3173,0,3609.5,0.7519430616041367,6.0,0.8879629756445782,0.529670485551284,0.47032951444871596,0.11179895340394973,0.5,0.388025066378057,0.2475048429670309
ICEWS14,706,1077,142,159,6319,7038,0,3594.5,3.6796337248968465,16.0,0.6729500963161781,0.5594377562464707,0.8384483039410182,0.3942064799887764,0.6989430300937445,0.4306372012170638,0.43727599877739326
ICEWS14,707,1077,142,233,3173,3173,1,1.0,0.8302124491969081,6.0,0.9803906099397734,0.529670485551284,0.47032951444871596,0.11179895340395121,0.5,0.4267076812837022,0.26772760711674076
ICEWS14,708,1077,142,161,4478,7038,0,3595.0,3.536737901770219,16.0,0.646816582731497,0.5594377562464707,0.8384483039410182,0.3942064799887746,0.6989430300937445,0.4174243418009334,0.4318132885479985
ICEWS14,709,1077,142,175,3547,7038,0,3601.0,2.448436726900653,16.0,0.4901953049698867,0.5594377562464709,0.8384483039410181,0.3482218628253463,0.6989430300937445,0.3375003756363346,0.38711087881720097
ICEWS14,710,1077,142,148,3262,7038,0,14.0,5.100304922220368,16.0,0.836743383392903,0.5594377562464709,0.8384483039410182,0.4602688851362205,0.6989430300937445,0.5244777642208862,0.4873277232825922
ICEWS14,711,1077,142,72,6052,3341,0,3577.0,0.6797517248702185,6.0,0.6341329040632923,0.4729274566439974,0.5270725433560026,0.11596202562472026,0.5,0.2920301604333973,0.19428988694466265
ICEWS14,712,1077,53,53,5046,3341,0,3568.5,1.5212284530103988,4.0,0.9238395952400507,0.4909800456767367,0.5090199543232633,0.2821849980350523,0.5,0.38642601887448946,0.2789320640866226
ICEWS14,713,1077,53,118,3262,3262,1,1.0,0.7073538788612681,4.0,0.9803906099397734,0.4912698243393664,0.5087301756606336,0.12164546397856678,0.5,0.3948744891421047,0.25685043231978383
ICEWS14,714,1077,53,239,3922,6407,0,9.0,0.25911411297721987,9.0,0.4183716916964515,0.3356741753541306,0.6643258246458694,0.04470272900924483,0.5,0.2410234733233443,0.15095421583949764
ICEWS14,715,1077,53,180,6410,3262,0,1.0,0.12180875911941458,7.0,0.8879629756445782,0.47056212759513083,0.5294378724048692,0.01923869972580785,0.5,0.38871356972538096,0.23204240859720868
ICEWS14,716,1077,53,360,6890,3262,0,35.0,1.566557400913883,24.0,0.7429971445684742,0.7369225279088989,0.41918340885914557,0.19002554873918068,0.5780529683840222,0.45636623398601756,0.3472196598297716
ICEWS14,717,1077,53,77,2290,3746,0,4.0,1.7496774367928642,5.0,0.8879629756445782,0.39702329795547375,0.6029767020445262,0.28934982188969066,0.5,0.39190008522055103,0.27119218771470954
ICEWS14,718,1077,53,101,6410,3746,0,5.0,0.06548856510831458,5.0,0.5520447568369061,0.39702329795547375,0.6029767020445262,0.013695823927728227,0.5,0.24532644573561557,0.15672482404175733
ICEWS14,719,1077,53,319,3262,3262,1,1.0,1.935197610772308,21.0,0.9423178739918808,0.7250954724613251,0.5289718260337414,0.16623166624181568,0.6270336492475332,0.5346152506607248,0.4244705215572795
ICEWS14,720,1077,53,117,6410,3262,0,3.0,1.5609525290740933,4.0,1.0,0.4912698243393665,0.5087301756606335,0.3065657965816148,0.5,0.41774141333216336,0.3045610308105225
ICEWS14,721,1077,53,153,6407,3922,0,15.0,1.370742858552319,7.0,0.7578582832551991,0.576361117566832,0.42363888243316805,0.20913987832526473,0.5,0.35900786584594024,0.24490074555023789
ICEWS14,722,1077,53,286,2624,3262,0,3585.5,0.1585466874397632,15.0,1.0,0.7362763039586715,0.26372369604132845,0.021352663521624234,0.5,0.497512607798386,0.3004469331396464
ICEWS14,723,1077,53,244,929,3262,0,3583.5,0.7457048260715542,12.0,0.9803906099397734,0.7189253619482002,0.2810746380517998,0.11968981724494544,0.5,0.4810612925750843,0.3078554857478919
ICEWS14,724,1077,53,167,6410,3922,0,3.0,1.0388288295667842,7.0,0.5743491774985175,0.576361117566832,0.4236388824331681,0.20913987832525444,0.5,0.28683410521341807,0.21002114651072853
ICEWS14,725,1077,155,184,6410,5037,0,2.0,1.3535141767119185,10.0,0.9803906099397734,0.47921815105683985,0.5207818489431602,0.22178579227800543,0.5,0.4768838426557213,0.30884991736284834
ICEWS14,726,1077,155,310,669,5037,0,10.0,0.07213837466580697,13.0,0.17160254532566316,0.6555610062801513,0.34443899371984865,0.05281877132902553,0.5,0.18986652549601837,0.1373648936342725
ICEWS14,727,1077,155,128,362,3922,0,3568.5,0.5215429858042535,5.0,0.4528618321319533,0.32825133197972867,0.6717486680202713,0.15601428352197447,0.5,0.22157564514377975,0.1617590802144459
ICEWS14,728,1077,155,201,5037,5037,1,1.0,1.7244615078391,11.0,0.7578582832551991,0.37303454684588444,0.6269654531541156,0.3370635187116395,0.5,0.399827767502069,0.28024799870540107
ICEWS14,729,1077,155,187,6410,5037,0,1.0,2.2754406014170465,11.0,1.0,0.37303454684588455,0.6269654531541154,0.3370635187116556,0.5,0.5097400405895613,0.3344567754179077
ICEWS14,730,1077,155,185,6410,5037,0,2.0,1.3269725892687285,10.0,0.9611657480580811,0.47921815105683996,0.52078184894316,0.22178579227800477,0.5,0.46838636814214596,0.30431116639240413
ICEWS14,731,1077,38,210,1171,1121,0,3571.5,0.025847455554531162,4.0,0.34320509065132626,0.46307890805214036,0.5369210919478596,0.010952850480520296,0.5,0.1761810163144208,0.12443079686294004
ICEWS14,732,1077,38,319,7003,7003,1,1.0,2.824428585493182,10.0,0.9423178739918808,0.5705595788029938,0.6912899519397626,0.4814352894826923,0.6309247653713782,0.48765795653342997,0.48131286416531227
ICEWS14,733,1077,87,350,6890,5395,0,2.0,0.015937525147206255,3.0,1.0,0.0334532572843379,0.9665467427156621,0.007761965576725303,0.5,0.3715381866264649,0.20751110929749308
ICEWS14,734,1077,160,334,3677,3262,0,3576.5,0.6196476052962157,10.0,0.7730166686334901,0.47024532128986407,0.5297546787101359,0.15034402583245768,0.5,0.37923546621676263,0.24724548735566548
ICEWS14,735,1077,160,154,3922,6890,0,2.0,0.36867094687300916,3.0,0.7730166686334901,0.39512027224171653,0.6048797277582835,0.1040225025565362,0.5,0.293227076999384,0.1997645997037007
ICEWS14,736,1077,160,211,1596,6890,0,3572.5,0.5144098393805745,7.0,0.4805828740290406,0.6083477222528592,0.39165227774714084,0.12358240429756279,0.5,0.2486576956475564,0.17974346869232308
ICEWS14,737,1077,160,357,6635,3262,0,15.0,0.6897951487976481,11.0,0.9803906099397734,0.6052636610530955,0.39473633894690446,0.16126039555611238,0.5,0.4727698003957825,0.31085241686289655
ICEWS14,738,1077,115,245,3262;6410,6410,1,2.0,0.6113857361191548,12.0,0.6095068271022377,0.6068360704660889,0.3931639295339111,0.1524108851198782,0.5,0.33046828261712696,0.22582883534680867
ICEWS14,739,1077,115,145,6410,3922,0,2.0,0.16912772802270126,4.0,0.8879629756445782,0.387353312269228,0.612646687730772,0.03158231886990972,0.5,0.3496438032023014,0.21415048769123832
ICEWS14,740,1077,115,315,3262,3262,1,1.0,0.021668427406241975,13.0,0.9803906099397734,0.4413218577752478,0.5586781422247522,0.0016076310831181515,0.5,0.4746781379123339,0.26841890160503534
ICEWS14,741,1077,115,352,6635,3262,0,15.0,3.643405845745166,19.0,0.9803906099397734,0.7560460892060166,0.5535722815782981,0.32488030622761055,0.6548091853921574,0.5724194579668079,0.4878587449356328
ICEWS14,742,1077,115,115,3262,6410,0,3568.5,0.7014741017395763,5.0,0.7578582832551991,0.5362350104875613,0.4637649895124388,0.27328614738623663,0.5,0.32450328768113756,0.2573574917830792
ICEWS14,743,1077,115,282,3262,3262,1,1.0,1.497984625826513,9.0,0.7730166686334901,0.47572195697491215,0.5242780430250878,0.15047414181616767,0.5,0.38610110174948475,0.23391728739791098
ICEWS14,744,1077,115,200,6410,6410,1,1.0,0.31618817076519257,10.0,0.7730166686334901,0.2825331039081558,0.7174668960918442,0.053957482085150936,0.5,0.3740599161119791,0.21598165297493369
ICEWS14,745,1077,207,257,3922,6410,0,3575.5,1.139879479728605,6.0,0.836743383392903,0.4834264233632821,0.5165735766367179,0.21864021562834204,0.5,0.37445883483870784,0.25784790958851717
ICEWS14,746,1077,207,317,3262,6410,0,2.0,0.7970010350024062,11.0,0.9611657480580811,0.6425618462627772,0.35743815373722276,0.08527107504398043,0.5,0.46669794018676214,0.28397339842952496
ICEWS14,747,1077,207,316,4950,6410,0,5.5,0.8129423384128147,11.0,0.9803906099397734,0.6425618462627771,0.3574381537372228,0.08527107504398052,0.5,0.47500013287541726,0.28847283315356304
ICEWS14,748,1077,207,143,3922,2290,0,3571.5,2.365600590181226,8.0,0.7141434062641757,0.661950795057282,0.7380154435462838,0.5026336830346472,0.6999831193017829,0.3687438367540953,0.4863224688670393
ICEWS14,749,1077,207,138,3495,2290,0,3571.5,2.611834805159673,8.0,0.7884782461155736,0.661950795057282,0.7380154435462838,0.5026336830346572,0.6999831193017829,0.40242909034919,0.5046747080619435
ICEWS14,750,1077,35,356,5037,2457,0,3565.0,0.025341395919329504,2.0,0.018673586562038092,0.2631192606167937,1.0,0.9999999999605389,0.6315596303083968,0.09349881846968328,0.35416515022285194
ICEWS14,751,1077,123,356,6635,146,0,1.0,0.7667530765975199,14.0,1.0,0.6149272406891323,0.3850727593108677,0.09364859560141868,0.5,0.5026768147748117,0.3040431449218184
ICEWS14,752,1077,123,57,6763,146,0,3567.5,0.3220341248008003,4.0,0.9803906099397734,0.5834770677315106,0.41652293226848935,0.0518979055714677,0.5,0.3882062113480618,0.24760635501731323
ICEWS14,753,1077,123,64,3155,146,0,3568.0,0.2803469887459107,4.0,0.8534795977333005,0.5834770677315105,0.41652293226848947,0.051897905571466396,0.5,0.33844767749039995,0.2208277757486298
ICEWS14,754,1077,123,92,6504,2290,0,3571.0,0.4014386274384263,5.0,0.8705505632961241,0.4107767070684284,0.5892232929315716,0.0736525833724049,0.5,0.3620668923429879,0.22588885715932822
ICEWS14,755,1077,123,245,509,6411,0,3583.5,0.5484077248801107,3.0,0.7730166686334901,0.15795751563980487,0.8420424843601951,0.17761092725280708,0.5,0.29594027195426176,0.20372529963356262
ICEWS14,756,1077,123,41,6690,146,0,3567.5,1.1797472879292787,2.0,0.9423178739918808,0.0,1.0,0.462180615538923,0.5,0.3446928069980021,0.29051872501466236
ICEWS14,757,1077,123,357,3262,146,0,2.0,1.7517175164386396,15.0,1.0,0.6863777944940838,0.49917299318775715,0.19405306525595584,0.5927753938409205,0.5264210261683977,0.4060220190275588
ICEWS14,758,1077,123,182,6410;6568,3922,0,12.5,0.7162166724505705,6.0,0.5743491774985175,0.5212509609637808,0.47874903903621924,0.19263868567572445,0.5,0.27231304430845255,0.2024481647717236
ICEWS14,759,1077,123,292,2290,6410,0,2.0,0.23743625176215888,6.0,0.9423178739918808,0.5156607343004975,0.48433926569950253,0.06498494419166172,0.5,0.4008183939519424,0.252371977367951
ICEWS14,760,1077,123,306,6635,146,0,24.0,0.8331618341281768,10.0,1.0,0.39939883164423284,0.6006011683557672,0.15112972262708196,0.5,0.4756387375022727,0.2942491752063532
ICEWS14,761,1077,123,243,3922,6411,0,5.0,0.5705651975094843,3.0,0.8042490800314893,0.15795751563980487,0.8420424843601951,0.1776109272528092,0.5,0.3072853117875059,0.20963052348617384
ICEWS14,762,1077,56,159,5395,3262,0,7.0,0.2828629153960147,15.0,0.9238395952400507,0.8046526790731635,0.19534732092683652,0.030827836200426555,0.5,0.4679585490793725,0.2869331270503912
ICEWS14,763,1077,56,14,3262,3262,1,1.0,0.8705505632961241,1.0,0.8705505632961241,0.0,1.0,0.9999999999988514,0.5,0.2823612352681468,0.43492005470572903
ICEWS14,764,1077,56,47,3341,3262,0,3565.0,3.602225645659965,5.0,0.9057236642639067,0.7485655388203842,1.0,0.9999999999997223,0.8742827694101921,0.4316694676571677,0.7994287830720664
ICEWS14,765,1077,56,356,3262,5395,0,2.0,0.26301776911318453,6.0,0.7578582832551991,0.006296458377431646,0.9937035416225684,0.0622704275933939,0.5,0.3298609030867993,0.18787774034609542
ICEWS14,766,1077,169,59,1751,3159,0,3569.5,1.0929417991094084,3.0,0.9238395952400507,0.0,1.0,0.2517074947816134,0.5,0.360127735178923,0.23925324055183514
ICEWS14,767,1077,169,184,3159,6635,0,20.0,0.044171465238401764,2.0,0.5743491774985175,0.0,1.0,0.019801616452028412,0.5,0.20741401579345367,0.12993357249011372
ICEWS14,768,1077,169,268,6785,6785,1,1.0,0.06425065989296153,6.0,0.7141434062641757,0.1867498638211641,0.8132501361788359,0.018820586990915586,0.5,0.3107978646935117,0.18051355106633143
ICEWS14,769,1077,169,14,6332,3155,0,3565.5,0.18814907942459103,1.0,0.9611657480580811,0.0,1.0,0.10849439921287435,0.5,0.30348780747786663,0.19790283334327424
ICEWS14,770,1077,169,128,362,2083,0,3573.0,0.4398823914159664,2.0,0.9611657480580811,0.4851512137172558,0.5148487862827442,0.1335446940524324,0.5,0.33969307761124184,0.2396564898422182
ICEWS14,771,1077,169,303,146,711,0,4.0,0.8294054810834726,5.0,0.9803906099397734,0.5756024517088922,0.42439754829110776,0.12702946462992626,0.5,0.4130080014235017,0.2687261236961763
ICEWS14,772,1077,103,243,3262,6410,0,5.0,2.089626449158528,9.0,1.0,0.7079799802082392,0.6772191768663465,0.4390691885623998,0.6925995785372928,0.4897538097317296,0.5551947697073
ICEWS14,773,1077,103,153,3155,2290,0,9.0,1.2311421727745597,5.0,0.7141434062641757,0.6020558107266667,0.7513038957209517,0.5221081287779904,0.6766798532238092,0.31695201677843854,0.4660656199854307
ICEWS14,774,1077,46,142,3820,6796,0,3565.0,0.8042490800314893,1.0,0.8042490800314893,0.0,1.0,0.9999999999987567,0.5,0.2595087635138871,0.4165286020128027
ICEWS14,775,1077,46,231,1139,1171,0,3567.5,0.8036366314938647,2.0,0.7884782461155736,0.0,1.0,0.3464916995759958,0.5,0.2835015013071674,0.22782109454362268
ICEWS14,776,1077,158,188,7038,3922,0,2.0,1.1499468332973173,7.0,0.7578582832551991,0.6415259375953304,0.6613949087564951,0.2983987633497602,0.6514604231759127,0.35532530603061857,0.3957766125301475
ICEWS14,777,1077,158,23,3262,3874,0,3565.0,1.8661574692319314,2.0,0.9423178739918808,0.0,1.0,0.9999999999994641,0.5,0.35604131256744315,0.4604540892757737
ICEWS14,778,1077,61,305,5037,5037,1,1.0,0.14816580033644017,1.0,0.5306065116666864,0.0,1.0,0.16227616338391257,0.5,0.1745078803851969,0.13763659447227575
ICEWS14,779,1077,127,311,3262,3262,1,1.0,1.425160042203109,11.0,0.9803906099397734,0.7264484052806628,0.5023992023860999,0.19952106513348603,0.6144238038333814,0.4861011423707093,0.41500834590020463
ICEWS14,780,1077,127,289,4545,3262,0,3573.0,0.6876283696764256,10.0,0.9803906099397734,0.6452690837258953,0.3547309162741047,0.07217336850155552,0.5,0.4648325738702278,0.28286756900625204
ICEWS14,781,1077,127,34,2290,2290,1,1.0,0.6313550052494136,2.0,0.7730166686334901,0.455558131287365,0.544441868712635,0.28589943310508226,0.5,0.27576991770460413,0.23494500172485794
ICEWS14,782,1077,127,178,7038,6407,0,6.0,0.3265341472466672,4.0,0.820335356007638,0.6130289855507545,0.3869710144492456,0.08344336908200418,0.5,0.3268828615236879,0.22285697137849544
ICEWS14,783,1077,127,247,2272,6410,0,3569.5,2.007879064049559,13.0,1.0,0.7444931653121063,0.701766628680881,0.3450141753753043,0.7231298969964937,0.5189203967145426,0.5689250135138131
ICEWS14,784,1077,127,253,6410,6410,1,1.0,0.8364641415103238,14.0,0.9803906099397734,0.7799688908287112,0.22003110917128876,0.1035879469915305,0.5,0.4957409083130316,0.3115981495850432
ICEWS14,785,1077,127,33,2290,2290,1,1.0,0.6439831214705315,2.0,0.7884782461155736,0.455558131287365,0.544441868712635,0.2858994331050848,0.5,0.2811516122424853,0.23814596696361895
ICEWS14,786,1077,190,333,3677,5395,0,3565.0,0.008128150650170597,1.0,0.008128150650170597,0.0,1.0,0.9999999998769707,0.5,0.08029597985719082,0.22436027439569975
ICEWS14,787,1077,98,82,927,6410,0,3570.0,0.6152795557227253,4.0,0.5743491774985175,0.2751901809095959,0.7248098190904041,0.2498131796446284,0.5,0.24733108296173545,0.19436660850283696
ICEWS14,788,1077,98,110,567,3262,0,3571.5,0.8305967104304335,3.0,1.0,0.1800148563713181,0.8199851436286819,0.2175707291309589,0.5,0.38545811619130665,0.2602329025224656
ICEWS14,789,1077,98,340,6407,3262,0,8.0,1.1626424540054008,16.0,0.8879629756445782,0.528823663405418,0.471176336594582,0.1947696551919544,0.5,0.4744326837616655,0.30112246585990343
ICEWS14,790,1077,98,107,6559,6410,0,3572.5,0.17977297708673845,5.0,0.646816582731497,0.5709899356724049,0.4290100643275951,0.06012338522864151,0.5,0.2775128427121467,0.18882273982275247
ICEWS14,791,1077,98,127,6690,4950,0,3573.5,0.059991941530855186,4.0,0.820335356007638,0.14033789316346645,0.8596621068365335,0.011233924444854233,0.5,0.32263691858283416,0.18588429903117945
ICEWS14,792,1077,98,120,6360,4950,0,3572.5,1.195085725441929,4.0,0.9423178739918808,0.14033789316346645,0.8596621068365335,0.23862766141505043,0.5,0.38814018747231616,0.2546382415208435
ICEWS14,793,1077,98,363,927,3262,0,3584.0,0.7372698357457179,16.0,0.5630865404461788,0.528823663405418,0.471176336594582,0.19476965519193568,0.5,0.33697496627778417,0.2307250255018814
ICEWS14,794,1077,17,152,3922,0,0,3564.5,0.0,0.0,0.0,0.0,0.0,0.0,0.0,0.06266844042745784,0.00977672855419752
ICEWS14,795,1077,17,99,5037,0,0,3564.5,0.0,0.0,0.0,0.0,0.0,0.0,0.0,0.06266844042745784,0.00977672855419752
ICEWS14,796,1077,159,1,6411,3262,0,3565.0,0.9803906099397734,1.0,0.9803906099397734,0.0,1.0,0.99999999999898,0.5,0.322779285591777,0.4657625428295966
ICEWS14,797,1077,159,162,3159,3262,0,3566.0,0.6377114609987403,6.0,0.2550004023552998,0.7492321141616229,0.6887507883739915,0.4567986469301735,0.7189914512678073,0.17903214609395116,0.3734164096750816
ICEWS14,798,1077,159,169,3159,3159,1,1.0,0.02047975366914956,1.0,0.9057236642639067,0.0,1.0,0.011435022027550836,0.5,0.2817731718178538,0.16859272064369357
ICEWS14,799,1077,6,149,6890,6890,1,1.0,0.8928455638501864,5.0,0.9611657480580811,0.6694779709657535,0.33052202903424655,0.12730826177365645,0.5,0.40634385036097115,0.26896409496290197
ICEWS14,800,1077,6,238,1827,6890,0,12.0,0.4245759604612762,13.0,0.2871745887492588,0.7600401072693828,0.23995989273061727,0.09018121524613339,0.5,0.22584660557966052,0.16298411101390783
ICEWS14,801,1077,185,15,1588,0,0,3564.5,0.0,0.0,0.0,0.0,0.0,0.0,0.0,0.06266844042745784,0.00977672855419752
ICEWS14,802,1077,208,280,3262,5665,0,6.0,0.7781006536231371,1.0,0.8879629756445782,0.0,1.0,0.7797964788449313,0.5,0.28692566420248433,0.3650296606745287
ICEWS14,803,1077,134,200,6410,6410,1,1.0,1.6945124114487708,2.0,0.9803906099397734,0.44086543844079906,1.0,0.9350054655458292,0.7204327192203995,0.3678718004115318,0.6729165229065742
ICEWS14,804,1077,139,131,5037,927,0,3565.5,0.2539291416275995,1.0,0.3789291416275995,0.0,1.0,0.5038985060616868,0.5,0.14183940968639977,0.1780867456175994
ICEWS14,805,1077,191,133,5395,6890,0,6.0,0.21501287932840007,1.0,0.8879629756445782,0.0,1.0,0.1377481444614797,0.5,0.27863014238031397,0.19053089439063117
ICEWS14,806,1077,157,189,1138,1060,0,3566.0,0.499051991011887,1.0,0.8705505632961241,0.0,1.0,0.4017973015039357,0.5,0.27692509317211483,0.24908019770311887
ICEWS14,807,1077,227,344,6407,6407,1,1.0,0.7340213279821337,2.0,0.9803906099397734,0.49504911052349854,0.5049508894765015,0.23308987817114957,0.5,0.3518013788418733,0.2682954859888298
ICEWS14,808,1077,58,168,6890,0,0,3564.5,0.0,0.0,0.0,0.0,0.0,0.0,0.0,0.06266844042745784,0.00977672855419752
ICEWS14,809,1077,24,73,3922,3922,1,1.0,0.9803906099397734,1.0,0.9803906099397734,0.0,1.0,0.99999999999898,0.5,0.322779285591777,0.4657625428295966
ICEWS14,810,1077,171,364,785,3159,0,3567.5,0.7189536491439179,1.0,0.836743383392903,0.0,1.0,0.7531992718275642,0.5,0.2688718767663562,0.34305909083584424
ICEWS14,811,1077,162,324,3911,2290,0,3566.5,1.7066102844129776,5.0,1.0,0.24190756279731473,0.7580924372026853,0.4851001524633687,0.5,0.4365898874239302,0.35103608105073797
ICEWS14,812,6967,169,62,4418,0,0,3564.5,0.0,0.0,0.0,0.0,0.0,0.0,0.0,0.06266844042745784,0.00977672855419752
ICEWS14,813,6967,6,296,3155,0,0,3564.5,0.0,0.0,0.0,0.0,0.0,0.0,0.0,0.06266844042745784,0.00977672855419752
ICEWS14,814,6967,160,40,3155,3155,1,1.0,2.7175262351485356,3.0,0.9238395952400507,0.32675415021192744,1.0,0.999999999999632,0.6633770751059638,0.3877462893702016,0.6230094889324399
ICEWS14,815,146,142,197,45,920,0,1.0,0.9452175089719903,6.0,1.0,0.3521377100207571,0.6478622899792429,0.09174551798690786,0.5,0.4368062129862402,0.2550751757637652
ICEWS14,816,146,142,309,3290,545,0,3580.0,1.338791327815077,6.0,1.0,0.5823088879723901,0.4176911120276099,0.24041941629743602,0.5,0.44385185836172797,0.30718207299337236
ICEWS14,817,146,142,353,3131,5762,0,3583.5,0.9678181018791889,6.0,1.0,0.23022381519946944,0.7697761848005306,0.14717673577011128,0.5,0.4372101406969141,0.26324282155554196
ICEWS14,818,146,142,144,711,45,0,3575.0,1.4398661785373483,5.0,0.9803906099397734,0.5852315373528798,0.6912586702863398,0.4379760632679098,0.6382451038196097,0.42379865445810005,0.4765181755295931
ICEWS14,819,146,142,244,920,920,1,1.0,0.0007849044773386993,15.0,0.6597539553864471,0.5707994959842208,0.42920050401577925,5.3514068071974804e-05,0.5,0.3564811704302315,0.21035023890338816
ICEWS14,820,146,142,225,3341,920,0,2.0,3.5318709055809556,15.0,0.9611657480580811,0.5707994959842209,0.42920050401577914,0.19800441630813803,0.5,0.5424289437605807,0.28910007622212724
ICEWS14,821,146,142,215,545,920,0,12.0,3.1783510257287118,10.0,0.9803906099397734,0.656872852851873,0.5992621492177148,0.2718722151370796,0.6280675010347939,0.5100063008157827,0.41596313087837855
ICEWS14,822,146,142,146,711,45,0,2.0,1.0118122074365,5.0,0.9423178739918808,0.5852315373528798,0.6912586702863398,0.2864689241547279,0.6382451038196097,0.4008337010775261,0.41785829009945114
ICEWS14,823,146,142,152,1115,711,0,4.0,1.7012174485884972,4.0,1.0,0.2341075706939758,0.7658924293060242,0.29658774560522166,0.5,0.4202218325515772,0.28386072351577163
ICEWS14,824,146,127,333,3290,5036,0,3566.5,0.06472471835193794,1.0,1.0,0.0,1.0,0.033444708856502074,0.5,0.3154553315847571,0.1894427136977889
ICEWS14,825,146,123,273,6873,6559,0,3565.0,0.005804665191941205,1.0,0.005804665191941205,0.0,1.0,0.9999999998277247,0.5,0.07999694719614364,0.22390178560411167
ICEWS14,826,146,123,84,6559,6559,1,1.0,0.24509765248494336,1.0,0.24509765248494336,0.0,1.0,0.9999999999959199,0.5,0.11663917875982602,0.27457466650683277
ICEWS14,827,146,98,294,1077,3155,0,5.0,0.04413773196401277,3.0,0.4183716916964515,0.20286317264660447,0.7971368273533955,0.04389419434753212,0.5,0.18292006478357348,0.12606753483370667
ICEWS14,828,146,207,30,6559,2460,0,3565.0,0.8879629756445782,1.0,0.8879629756445782,0.0,1.0,0.9999999999988739,0.5,0.28856128263442826,0.4397821273454182
ICEWS14,829,146,169,229,3155,3155,1,1.0,0.20774005073886526,1.0,0.9611657480580811,0.0,1.0,0.12116008819408916,0.5,0.3037887194944955,0.20062745846858776
ICEWS14,830,146,169,79,5230,545,0,3568.0,1.3674104917634593,3.0,0.9423178739918808,0.5566123753059855,0.7600299732883801,0.47428034357308574,0.6583211742971828,0.37192767216684824,0.47503337743757756
ICEWS14,831,146,160,215,5876,443,0,3571.0,2.2882206701933727,5.0,0.9057236642639067,0.7020436957176505,0.8393828333215815,0.6035366839316594,0.770713264519616,0.4084211965998695,0.6246688670130942
ICEWS14,832,146,133,43,1668,1318,0,3565.0,0.5202016416109183,1.0,0.5202016416109183,0.0,1.0,0.9999999999980778,0.5,0.17589766623458072,0.34088297123219036
ICEWS14,833,146,53,100,3495,6559,0,3567.0,0.7429971445684744,4.0,0.7730166686334901,0.0,1.0,0.14121120511907098,0.5,0.3162125354487803,0.1929808330495796
ICEWS14,834,146,53,309,5762,545,0,6.0,1.2009949174754762,3.0,0.7578582832551991,0.3181013659290305,0.6818986340709695,0.37519425942178247,0.5,0.30055401871669185,0.2517220173167215
ICEWS14,835,146,38,252,3005,3005,1,1.0,0.8792673753158508,2.0,0.9611657480580811,0.4457528003935315,0.5542471996064685,0.3396038154438058,0.5,0.3468885738125328,0.2898486007611594
ICEWS14,836,146,18,6,2648,0,0,3564.5,0.0,0.0,0.0,0.0,0.0,0.0,0.0,0.06266844042745784,0.00977672855419752
ICEWS14,837,2290,53,195,3911,1077,0,3.0,2.541019999668544,10.0,1.0,0.4769980277244358,0.7373523156384514,0.527632325950394,0.6071751716814435,0.5066349158684756,0.4916660078190659
ICEWS14,838,2290,53,15,2242,1077,0,3565.5,0.7884782461155736,2.0,0.9423178739918808,0.455558131287365,0.544441868712635,0.2949661884438057,0.5,0.338301306164436,0.27396602707765105
ICEWS14,839,2290,53,188,1077,1077,1,1.0,0.7089541153034151,8.0,0.9057236642639067,0.55062635293176,0.44937364706824,0.21340571971229563,0.5,0.41643555884868005,0.2921844089615013
ICEWS14,840,2290,53,34,829,4569,0,2.0,0.7923545313388882,2.0,1.0,0.0,1.0,0.25007822784865746,0.5,0.3602948171263885,0.24862932046413486
ICEWS14,841,2290,53,258,929,929,1,1.0,1.2894734925943854,5.0,0.9803906099397734,0.31170355417537154,0.6882964458246285,0.29628392049978414,0.5,0.42113310322341796,0.2965303672162139
ICEWS14,842,2290,53,124,1077,1077,1,1.0,0.4859502424615356,6.0,0.5743491774985175,0.6298413295411809,0.37015867045881906,0.18566788351661287,0.5,0.26901106102214695,0.20845550135857085
ICEWS14,843,2290,207,61,5421,3155,0,3564.5,0.7267543789302979,2.0,1.0,0.27876380166673265,0.7212361983332674,0.35516188837910784,0.5,0.35919721467672805,0.29588464655463276
ICEWS14,844,2290,207,187,1077,1077,1,1.0,1.4026429548407129,6.0,0.9238395952400507,0.6029028478171996,0.6591349470805924,0.43153967272429766,0.6310188974488959,0.4137878894700496,0.4604316133221998
ICEWS14,845,2290,207,349,3281,1077,0,3570.5,0.937641364122499,10.0,0.6729500963161781,0.5483917713530013,0.7059027437528641,0.459043727010592,0.6271472575529327,0.34589914342387557,0.4182220432093494
ICEWS14,846,2290,127,132,1138,3929,0,3568.0,0.02738609748305032,1.0,0.5743491774985175,0.0,1.0,0.024423257036128795,0.5,0.18398200375035634,0.12191957709090243
ICEWS14,847,2290,127,154,3262,3155,0,3568.0,0.7107136417586583,5.0,0.7284274237469965,0.32690888691252185,0.6730911130874782,0.4888961741515451,0.5,0.31394893546618013,0.30029919495467433
ICEWS14,848,2290,127,260,6971,3155,0,3571.0,0.8657667893452163,9.0,0.7578582832551991,0.22895663993705806,0.7710433600629419,0.2859879775440248,0.5,0.36934721841835666,0.260851440527222
ICEWS14,849,2290,123,209,3262,2446,0,4.0,0.025533231468389928,3.0,0.3364750481580891,0.4728083287215715,0.5271916712784285,0.020411110884643157,0.5,0.1631384983120705,0.12058034033588287
ICEWS14,850,2290,123,91,3922,1077,0,3565.5,1.5022613508098386,4.0,0.8879629756445782,0.6226895822162912,0.8186710750204073,0.4687912766294008,0.7206803286183492,0.37197278618718765,0.5261922186503255
ICEWS14,851,2290,98,37,3155;6017,5171,0,3564.5,0.836743383392903,1.0,0.836743383392903,0.0,1.0,0.999999999998805,0.5,0.27055724802985914,0.42551652872510165
ICEWS14,852,2290,98,257,3155,1077,0,1.0,0.3149703649099429,4.0,1.0,0.2246490069618997,0.7753509930381003,0.13909006475004676,0.5,0.39590346709706836,0.2558020442701939
ICEWS14,853,2290,115,15,1077,1077,1,1.0,1.0144547800020076,2.0,0.9611657480580811,0.0,1.0,0.36814886519775253,0.5,0.34911678168633253,0.26976899780737806
ICEWS14,854,2290,142,286,6293,4694,0,3.0,0.3139633509632147,3.0,0.9057236642639067,0.6285582341511058,0.3714417658488942,0.06880880294144033,0.5,0.3403564037763183,0.23025376747289197
ICEWS14,855,2290,142,274,5421,3341,0,3590.5,1.2015316301193812,13.0,0.7001394896518027,0.48538631795630927,0.5146136820436907,0.2869555730859727,0.5,0.3811784869611903,0.27137909846648434
ICEWS14,856,2290,142,159,6559,711,0,3580.5,2.9981731600112678,8.0,0.9423178739918808,0.4280317100917903,0.7516034520910617,0.4478724826296973,0.589817581091426,0.47255190707693506,0.4101722881305735
ICEWS14,857,2290,142,49,359,711,0,5.0,0.25325198203049726,2.0,0.8705505632961241,0.4950491105234984,0.5049508894765016,0.0792698512951079,0.5,0.30368178711723326,0.20967965104793557
ICEWS14,858,2290,142,48,920,711,0,3572.0,0.25831742926021595,2.0,0.8879629756445782,0.4950491105234984,0.5049508894765016,0.07926985129510844,0.5,0.30995579417871866,0.2131043166042362
ICEWS14,859,2290,142,116,3041,7038,0,3577.5,0.7649545223307328,6.0,0.7141434062641757,0.3180033695157799,0.6819966304842201,0.13464024387537005,0.5,0.3218046237030514,0.20572339282975832
ICEWS14,860,2290,142,332,18,18,1,1.0,2.6211052041066845,7.0,0.9803906099397734,0.44559580541142796,0.554404194588572,0.25391424828722026,0.5,0.47090091248686977,0.2864100796344348
ICEWS14,861,2290,142,307,2278,3155,0,5.0,0.9542065462421565,6.0,0.8705505632961241,0.15825561889476059,0.8417443811052394,0.18599654218518957,0.5,0.38460184722747287,0.24073490372494205
ICEWS14,862,2290,142,81,7038,1523,0,10.0,0.3863454436760827,2.0,0.9611657480580811,0.4851512137172558,0.5148487862827442,0.11541542420905701,0.5,0.3388212971648241,0.23552264589018246
ICEWS14,863,2290,142,202,6054,711,0,3585.0,0.6386653597319607,8.0,0.40212454001574466,0.4280317100917903,0.5719682899082097,0.18260729371904996,0.5,0.23413780513278915,0.17296469042875373
ICEWS14,864,2290,103,264,3155,3155,1,1.0,1.412698245372466,8.0,0.820335356007638,0.311040516195799,0.688959483804201,0.4276557327701944,0.5,0.39432621527094086,0.31150716288287494
ICEWS14,865,2290,103,323,3155,3155,1,1.0,1.3874910201387758,10.0,0.9611657480580811,0.5220986747617213,0.7289926297495564,0.52657137900145,0.6255456522556389,0.46948118094784996,0.517707575518134
ICEWS14,866,2290,222,24,1155,1155,1,1.0,0.9803906099397734,1.0,0.9803906099397734,0.0,1.0,0.99999999999898,0.5,0.322779285591777,0.4657625428295966
ICEWS14,867,2290,222,273,3159,3159,1,1.0,3.8058082231989934,6.0,0.8879629756445782,0.4589064957154222,0.9225450618841828,0.7029170412231814,0.6907257787998025,0.4418196718259086,0.5519268573833723
ICEWS14,868,2290,156,26,1077,0,0,3564.5,0.0,0.0,0.0,0.0,0.0,0.0,0.0,0.06266844042745784,0.00977672855419752
ICEWS14,869,2290,156,329,3155,3155,1,1.0,0.22253232668457434,1.0,0.9803906099397734,0.0,1.0,0.12802097993885259,0.5,0.31086437443790216,0.20581225060771619
ICEWS14,870,2290,38,170,7007,4257,0,7.0,4.57822835030546,12.0,1.0,0.6304942012011637,0.8908431608913052,0.758380852175925,0.7606686810462344,0.558585178052179,0.6894130035333308
ICEWS14,871,2290,38,34,4257,7007,0,3565.5,1.118390503785722,3.0,0.7884782461155736,0.3998631783646258,0.6001368216353742,0.39584144365608537,0.5,0.3101470480064136,0.2702494089257579
ICEWS14,872,2290,155,110,3155,3155,1,1.0,0.5217008128911542,5.0,0.2550004023552998,0.3769529548938979,0.6230470451061021,0.29556500347786596,0.5,0.1697309935316778,0.15896126204331507
ICEWS14,873,2290,155,37,3155,3155,1,1.0,3.771119617501812,4.0,0.9803906099397734,0.4851512137172558,1.0,0.9999999999997348,0.7425756068586279,0.44910003014327454,0.7062183795924611
ICEWS14,874,2290,169,118,4723,4723,1,1.0,1.4039620833029094,3.0,0.8879629756445782,0.3903970272367161,1.0,0.44640186527420056,0.695198513618358,0.3515481674592796,0.4686608340488326
ICEWS14,875,2290,169,296,3720,362,0,3576.0,0.0,1.0,0.8705505632961241,0.0,0.0,0.0,0.0,0.26972499561700375,0.031159761938267357
ICEWS14,876,2290,169,264,5158,3159,0,3574.0,0.19236722228713748,1.0,0.6729500963161781,0.0,1.0,0.16676352322153465,0.5,0.21204437052655503,0.1596538506096603
ICEWS14,877,2290,138,352,1179,0,0,3564.5,0.0,0.0,0.0,0.0,0.0,0.0,0.0,0.06266844042745784,0.00977672855419752
ICEWS14,878,2290,61,360,103,2576,0,3566.0,0.6184997938893707,1.0,0.8042490800314893,0.0,1.0,0.6247482975949525,0.5,0.25692425652407574,0.29565901112844467
ICEWS14,879,2290,167,40,3159,0,0,3564.5,0.0,0.0,0.0,0.0,0.0,0.0,0.0,0.06266844042745784,0.00977672855419752
ICEWS14,880,2290,97,261,3159,4346,0,1.0,0.01960939006022655,1.0,1.0,0.0,1.0,0.009901778952998064,0.5,0.3147480489379219,0.1846999597433842
ICEWS14,881,2290,202,153,1177,0,0,3564.5,0.0,0.0,0.0,0.0,0.0,0.0,0.0,0.06266844042745784,0.00977672855419752
ICEWS14,882,2290,56,1,2300,0,0,3564.5,0.0,0.0,0.0,0.0,0.0,0.0,0.0,0.06266844042745784,0.00977672855419752
ICEWS14,883,2290,162,50,5421,1077,0,3565.0,0.4711589369959404,1.0,0.4711589369959404,0.0,1.0,0.9999999999978776,0.5,0.16382933997002688,0.32849212654895865
ICEWS14,884,2290,174,232,497,150,0,3565.0,0.012078385447398289,1.0,0.012078385447398289,0.0,1.0,0.9999999999172074,0.5,0.0808067175998047,0.22514129703947272
ICEWS14,885,2290,159,330,2100,3155,0,3566.0,0.42154582237360144,1.0,0.646816582731497,0.0,1.0,0.48337569133818736,0.5,0.20755584227003068,0.22292645701563216
ICEWS14,886,4172,56,275,1121,1121,1,1.0,0.34320509065132626,1.0,0.34320509065132626,0.0,1.0,0.9999999999970863,0.5,0.1354765563404365,0.29729590411954065
ICEWS14,887,4172,56,289,1121,1121,1,1.0,0.26010082080545915,1.0,0.26010082080545915,0.0,1.0,0.9999999999961554,0.5,0.11936501187699582,0.2779787020533911
ICEWS14,888,4172,160,184,928,3800,0,5.0,0.1390738958504555,1.0,0.5743491774985175,0.0,1.0,0.13774814446143155,0.5,0.18520320025666057,0.13972864525898612
ICEWS14,889,4172,169,36,5336,0,0,3564.5,0.0,0.0,0.0,0.0,0.0,0.0,0.0,0.06266844042745784,0.00977672855419752
ICEWS14,890,179,160,77,5463,5463,1,1.0,0.3298769776932236,1.0,0.3298769776932236,0.0,1.0,0.9999999999969686,0.5,0.1327744755475675,0.29414604633566377
ICEWS14,891,179,160,281,5463,3922,0,2.0,0.2333503599103738,1.0,0.26530325583334324,0.0,1.0,0.7850144009833205,0.5,0.12007752627252502,0.22139337209584445
ICEWS14,892,3495,53,90,3155,1077,0,3.0,0.0,1.0,0.9057236642639067,0.0,0.0,0.0,0.0,0.28147219217021263,0.03245763219738684
ICEWS14,893,3495,98,49,5421,0,0,3564.5,0.0,0.0,0.0,0.0,0.0,0.0,0.0,0.06266844042745784,0.00977672855419752
ICEWS14,894,3495,142,342,2300,2300,1,1.0,0.48254745955659084,3.0,0.9423178739918808,0.0,1.0,0.09534222077427298,0.5,0.3570399762281812,0.2104819429290639
ICEWS14,895,3495,142,348,7038,2300,0,8.0,1.3342079423415094,4.0,0.9057236642639067,0.26899608415542076,0.7310039158445792,0.24708034807191798,0.5,0.3760717210374104,0.25420928440004426
ICEWS14,896,3495,143,297,2096,0,0,3564.5,0.0,0.0,0.0,0.0,0.0,0.0,0.0,0.06266844042745784,0.00977672855419752
ICEWS14,897,3495,139,159,6890,0,0,3564.5,0.0,0.0,0.0,0.0,0.0,0.0,0.0,0.06266844042745784,0.00977672855419752
ICEWS14,898,3495,123,305,3155,6559,0,3565.5,0.3046362272761041,2.0,0.597554769985219,0.023135159713496778,0.9768648402865032,0.3315670380530179,0.5,0.2170674586606301,0.19271891344681158
ICEWS14,899,6047,156,222,6168,1161,0,3565.5,0.4236223341503953,5.0,1.0,0.5810104720328626,0.41898952796713745,0.09738966882657206,0.5,0.4138157636570192,0.27030605298811394
ICEWS14,900,6047,156,341,1161,2442,0,2.0,0.41565956023905404,6.0,0.35707170313208786,0.4736200817474374,0.5263799182525626,0.22139249848528733,0.5,0.20289864903999613,0.17010631087647388
ICEWS14,901,6047,156,310,6512,2442,0,3566.5,0.76800551977781,6.0,0.6597539553864471,0.4736200817474375,0.5263799182525625,0.22139249848534137,0.5,0.3023215246299926,0.22364257635325765
ICEWS14,902,6047,53,285,4004,2694,0,3565.5,0.1915387258343999,1.0,0.20106227000787236,0.0,1.0,0.9095518925531605,0.5,0.10888181343676653,0.24017195277011566
ICEWS14,903,6047,160,334,3002,4587,0,3568.0,0.21410317640634266,1.0,0.25,0.0,1.0,0.7488826693293268,0.5,0.11725368668596915,0.20966495727741113
ICEWS14,904,3586,61,189,816,816,1,1.0,0.9803906099397734,1.0,0.9803906099397734,0.0,1.0,0.99999999999898,0.5,0.322779285591777,0.4657625428295966
ICEWS14,905,1437,38,260,1491,0,0,3564.5,0.0,0.0,0.0,0.0,0.0,0.0,0.0,0.06266844042745784,0.00977672855419752
ICEWS14,906,733,6,168,2624,2624,1,1.0,1.0348000201457812,4.0,0.9803906099397734,0.018517412486885876,0.9814825875131141,0.21372361860246872,0.5,0.40057223961727156,0.25154020985804665
ICEWS14,907,733,6,191,2624,2624,1,1.0,5.1657226641265,10.0,0.836743383392903,0.6307717689257071,0.863286415327475,0.6815076138346986,0.747029092126591,0.486019866647421,0.5917997425605404
ICEWS14,908,733,6,247,2624,2624,1,1.0,4.267420277120678,15.0,0.7284274237469965,0.8039306377938833,0.9383993640646732,0.842733483007999,0.8711650009292782,0.45863640806125244,0.7503982263265508
ICEWS14,909,733,155,134,3262,3262,1,1.0,3.773555886497074,5.0,0.9803906099397734,0.3689945808181726,0.8498101826428414,0.7273943255716377,0.609402381730507,0.46563598983810756,0.5022960194072144
ICEWS14,910,733,155,57,711,3341,0,3566.0,0.1821263320630317,2.0,0.3298769776932236,0.0,1.0,0.16197009249739114,0.5,0.14936564772676647,0.11945340815912911
ICEWS14,911,733,160,151,2624,3155,0,3569.5,2.734359054621911,13.0,0.8042490800314893,0.5825008492188213,0.8008074520084764,0.6433671535220301,0.6916541506136489,0.45040948273264986,0.5665743134297082
ICEWS14,912,733,160,194,3155,2624,0,3.0,3.9993065945532296,12.0,0.9803906099397734,0.6524678101812265,0.5579248318366529,0.3229887228078306,0.6051963210089397,0.5400538510660844,0.40918785619476
ICEWS14,913,733,160,135,3155,3155,1,1.0,1.707376401193458,11.0,0.9611657480580811,0.637254094912195,0.7437651708063975,0.4753258982111382,0.6905096328592962,0.48318794420239636,0.5645550751524634
ICEWS14,914,733,160,78,3211,3155,0,3567.5,3.5209032980783013,10.0,0.8534795977333005,0.7641841253258516,0.7402161017977272,0.5087141411639939,0.7522001135617894,0.46321204660189386,0.5754549100204166
ICEWS14,915,733,160,139,1077,3155,0,3570.0,2.4478924866971026,12.0,0.9611657480580811,0.45758370894023415,0.7412083763855707,0.5601297545213573,0.5993960426629024,0.5039238404016514,0.49318418096261607
ICEWS14,916,733,160,113,2624,3155,0,3569.0,1.7604516490391506,10.0,0.4267397988666503,0.7641841253258516,0.7402161017977271,0.5087141411639204,0.7522001135617893,0.27105560731248945,0.47619007366628713
ICEWS14,917,733,160,335,7042,2624,0,3572.0,2.376517750668854,33.0,0.7730166686334901,0.8529265936404126,0.542946198160368,0.29211818878544976,0.6979363959003904,0.511538741063451,0.5060431172378348
ICEWS14,918,733,160,170,3211,2624,0,3.0,2.6216075074980054,6.0,0.9423178739918808,0.4476895297310861,0.5523104702689139,0.3535167377366169,0.5,0.44303254661802927,0.301455901505688
ICEWS14,919,733,160,131,3262,3155,0,3569.0,1.2325617191149458,10.0,0.2987773849926094,0.7641841253258516,0.7402161017977271,0.5087141411638576,0.7522001135617893,0.22413802338410294,0.44643325967268255
ICEWS14,920,733,53,167,3341,3341,1,1.0,0.7124018180331997,14.0,0.7578582832551991,0.7192273473704351,0.2807726526295649,0.15202851591102282,0.5,0.4017054408343343,0.2690590339246646
ICEWS14,921,733,53,204,3341,3341,1,1.0,2.2530582333255893,19.0,0.9803906099397734,0.5228132119842996,0.4771867880157004,0.24221194743913407,0.5,0.5475386514896032,0.331506743798691
ICEWS14,922,733,53,318,3341,711,0,2.0,0.0029089370460488873,27.0,0.5202016416109183,0.5659459021173564,0.4340540978826436,0.0004262999192155184,0.5,0.3497782306596277,0.2010312322107651
ICEWS14,923,733,53,7,920,3341,0,2.0,0.9604338049680248,3.0,0.9423178739918808,0.0,1.0,0.21118613588096377,0.5,0.3650481687427677,0.23418524165501486
ICEWS14,924,733,53,78,3341,711,0,2.0,9.353701648851853,15.0,0.9803906099397734,0.6038529601026412,0.834599894400044,0.6777074521074894,0.7192264272513427,0.6514010576057461,0.5594885102439906
ICEWS14,925,733,53,54,359,3341,0,3567.5,0.1891161744620593,5.0,0.46191979762002533,0.4572619450310986,0.5427380549689014,0.04961060379081759,0.5,0.2200283044097852,0.1507388786031884
ICEWS14,926,733,53,206,6699,3341,0,3574.5,3.1459530121925834,20.0,0.9803906099397734,0.5944172859559452,0.6998646615358373,0.3170951172214827,0.6471409737458913,0.5679218643945992,0.4765488966751436
ICEWS14,927,733,162,325,3341,711,0,2.0,0.2631147080496362,3.0,0.13801118920922653,0.22828725856163834,0.7717127414383617,0.590974762527655,0.5,0.12457003570006792,0.18435253958036846
ICEWS14,928,733,56,174,2624,2624,1,1.0,0.4213447107215549,2.0,0.7141434062641757,0.4752649511825976,0.5247350488174024,0.18314754431894892,0.5,0.2536389165657031,0.20091605077316632
ICEWS14,929,733,56,140,1115,3155,0,2.0,0.9000621175599041,3.0,0.9803906099397734,0.46786731595254794,0.5321326840474521,0.32321715353628094,0.5,0.37890311802933135,0.3027225920005546
ICEWS14,930,733,208,211,3211,2624,0,3565.0,1.9005404896259388,3.0,1.0,0.46282554867949754,1.0,0.7851065444356475,0.7314127743397487,0.4040252549835391,0.649727231536542
ICEWS14,931,733,103,203,3341,711,0,2.0,0.25436111283222107,6.0,0.10881882041201553,0.6092708244484437,0.6281480240623651,0.3840449958364971,0.6187094242554044,0.14241925188526075,0.23631456458159342
ICEWS14,932,733,103,273,711,3341,0,2.0,0.1914101241472445,7.0,0.2550004023552998,0.16665283413209941,0.8333471658679006,0.4551091665958773,0.5,0.18143342393900236,0.19474510242129042
ICEWS14,933,733,127,165,3211,3262,0,3568.5,1.3087509072743801,5.0,0.4901953049698867,0.3415428386184367,0.6584571613815633,0.4300955274773856,0.5,0.24289718280996456,0.22268585876294342
ICEWS14,934,733,127,317,3341,711,0,2.0,0.6314116244302101,12.0,0.4183716916964515,0.506754204462543,0.493245795537457,0.24306913607429148,0.5,0.2641715866299824,0.20409282274971194
ICEWS14,935,733,90,78,3341,920,0,1.0,0.01960939006022655,1.0,1.0,0.0,1.0,0.009901778952998064,0.5,0.3147480489379219,0.1846999597433842
ICEWS14,936,733,169,216,3211,5943,0,8.0,0.7563209498717549,3.0,0.35006974482590136,0.3245473357712867,1.0,0.5924853621217155,0.6622736678856433,0.1737575114495516,0.3419479495799965
ICEWS14,937,733,156,182,5451,2624,0,3568.0,0.205584174612104,1.0,0.9057236642639067,0.0,1.0,0.1280209799388466,0.5,0.28450240060882004,0.19173855456434194
ICEWS14,938,733,159,139,3155,1115,0,3564.0,1.0,1.0,1.0,0.0,1.0,0.9999999999989999,0.5,0.33030722584940386,0.47130336916752824
ICEWS14,939,733,61,195,3211,711,0,3.0,0.06684665364708664,1.0,0.26010082080545915,0.0,1.0,0.1474488103619854,0.5,0.11789719306313659,0.10197312726836456
ICEWS14,940,733,61,274,711,3211,0,2.0,0.3906414582662032,6.0,0.4183716916964515,0.5418975145188181,0.458102485481182,0.15878175313075765,0.5,0.21967991512496698,0.17077837382545477
ICEWS14,941,733,123,40,7042,0,0,3564.5,0.0,0.0,0.0,0.0,0.0,0.0,0.0,0.06266844042745784,0.00977672855419752
ICEWS14,942,6052,160,362,6355,3159,0,3565.5,0.017587596171031204,1.0,0.019428060768671596,0.0,1.0,0.8269306812432763,0.5,0.08175483295707188,0.18575229802391757
ICEWS14,943,6052,103,357,4822,711,0,3566.0,0.43573320105859625,4.0,0.5100008047105996,0.06344888164532658,0.9365511183546734,0.666900285605652,0.5,0.22555187273482447,0.27946499140355446
ICEWS14,944,6052,142,363,2269,1624,0,3567.5,0.56072100497445,1.0,0.836743383392903,0.0,1.0,0.5038985060622341,0.5,0.26661831161066857,0.2688901842756197
ICEWS14,945,6052,53,282,6805,6805,1,1.0,0.12259997712872728,1.0,0.836743383392903,0.0,1.0,0.07905153228866994,0.5,0.2604416179900087,0.16980993811686074
ICEWS14,946,6052,155,244,2290,2290,1,1.0,0.8161999169819771,2.0,0.9611657480580811,0.4359895100305369,0.5640104899694631,0.3148766527784555,0.5,0.345851357108784,0.2827667348627726
ICEWS14,947,1115,162,64,5036,0,0,3564.5,0.0,0.0,0.0,0.0,0.0,0.0,0.0,0.06266844042745784,0.00977672855419752
ICEWS14,948,1115,160,96,1077,5421,0,3.0,0.3975196749686505,2.0,0.9238395952400507,0.4900991917739813,0.5099008082260187,0.12322044132412828,0.5,0.32515317291887746,0.22968964199399147
ICEWS14,949,1115,160,285,4416,2290,0,3570.5,0.39423912305778686,2.0,0.7284274237469965,0.3511631518546885,0.6488368481453115,0.21297628825405218,0.5,0.25781265595883857,0.20498179230099306
ICEWS14,950,1115,127,28,5421,2525,0,3565.0,0.6864101813026526,1.0,0.6864101813026526,0.0,1.0,0.9999999999985432,0.5,0.22196742483288057,0.3844369759551559
ICEWS14,951,1115,127,9,3210,2525,0,3564.0,1.0,1.0,1.0,0.0,1.0,0.9999999999989999,0.5,0.33030722584940386,0.47130336916752824
ICEWS14,952,1115,127,85,3262,1077,0,1.5,1.3947146132309811,3.0,1.0,0.5824137062199715,0.7403874594648722,0.41084885539262617,0.6614005828424219,0.39520965152079446,0.47360651259933007
ICEWS14,953,1115,155,152,146,1077,0,2.0,0.7391314647562193,8.0,0.46191979762002533,0.6353152967363438,0.36468470326365626,0.1612223047960542,0.5,0.25393169958540024,0.18711419740900753
ICEWS14,954,1115,155,100,1077,1077,1,1.0,2.6642414552377653,7.0,0.9803906099397734,0.5587420246360366,0.44125797536396333,0.27586518115018005,0.5,0.471681713522713,0.2993757662926482
ICEWS14,955,1115,53,196,3285,2623,0,14.0,1.1384100743547505,2.0,0.9803906099397734,0.0,1.0,0.4147662690606519,0.5,0.3585289816161704,0.286344926429301
ICEWS14,956,1115,53,342,3159,2617,0,3576.5,0.03883425194191892,1.0,1.0,0.0,1.0,0.01980161645202719,0.5,0.31504933639229626,0.1866805669302996
ICEWS14,957,1115,90,68,1618,6291,0,3565.5,0.665881608287449,3.0,0.836743383392903,0.39988670791868486,0.6001132920813151,0.3136901928986774,0.5,0.3204832614661195,0.2639412476579283
ICEWS14,958,1115,156,96,1077,1077,1,1.0,0.0924276342951953,1.0,0.9803906099397734,0.0,1.0,0.04947009763477821,0.5,0.3088433016757571,0.1891238762518331
ICEWS14,959,1115,31,152,1419,1419,1,1.0,0.9611657480580811,1.0,0.9611657480580811,0.0,1.0,0.9999999999989596,0.5,0.3154870741711184,0.4603385493265481
ICEWS14,960,1115,169,96,3262,6291,0,2.0,0.45311714785789725,2.0,0.7141434062641757,0.0,1.0,0.19075013429869572,0.5,0.2540760906583487,0.18053328644916306
ICEWS14,961,4587,115,362,1161,1161,1,1.0,0.07986052272706046,16.0,0.5100008047105996,0.4219075272318975,0.5780924727681025,0.04740718348900602,0.5,0.3071713506557283,0.18679648840122662
ICEWS14,962,4587,115,142,1361,1161,0,3565.0,2.7287185718582228,9.0,0.8705505632961241,0.6809672597701089,1.0,0.9999999999996335,0.8404836298850544,0.447409042735915,0.7952661771536425
ICEWS14,963,4587,160,250,4463,2442,0,3570.0,9.109728007565973,58.0,1.0,0.8269954132577725,0.8341714081648762,0.705023170927672,0.8305834107113244,0.7532370848177096,0.7389527845665234
ICEWS14,964,4587,160,363,2442,2442,1,1.0,14.947144256045279,95.0,0.9803906099397734,0.8434173047179698,0.9390567452820759,0.8819860166536642,0.8912370250000229,0.843517417273645,0.7720562182230944
ICEWS14,965,4587,160,154,1913,2442,0,3568.0,12.899409424168732,36.0,1.0,0.8211689488753334,0.9390648978315802,0.8703032588104311,0.8801169233534568,0.7722673776363093,0.7541679202757087
ICEWS14,966,4587,160,75,801,2442,0,3566.0,5.471715500859903,12.0,0.9057236642639067,0.7876495262958706,0.9136692273951931,0.7728178502661049,0.8506593768455318,0.5355885264668989,0.7342384521229256
ICEWS14,967,4587,160,345,776,2442,0,9.0,14.587597155668293,89.0,0.9423178739918808,0.8528656614494448,0.9381141636235175,0.8711231643438329,0.8954899125364811,0.8279679618865663,0.7661381002746525
ICEWS14,968,4587,160,287,2442,2442,1,1.0,13.316603918442858,70.0,0.9803906099397734,0.7429621026223571,0.9285218991695144,0.8606088244821546,0.8357420008959358,0.8109551740041404,0.7320218575305897
ICEWS14,969,4587,160,162,1615,2442,0,3568.0,11.951700640328555,37.0,0.9423178739918808,0.8343630626366687,0.9435606756342185,0.879294740447682,0.8889618691354436,0.7437455760903389,0.7623986721750995
ICEWS14,970,4587,160,238,1384,2442,0,3569.5,8.381908131238472,55.0,1.0,0.8661673396540163,0.8149402272883205,0.667331999924455,0.8405537834711684,0.7396324520591511,0.74442832316294
ICEWS14,971,4587,160,356,1653,2442,0,3575.5,16.211894682987495,94.0,1.0,0.833160424183726,0.9467687714216462,0.892102779449718,0.8899645978026861,0.8588173768062429,0.7627872156560617
ICEWS14,972,4587,56,271,1384,3345,0,3565.5,0.3187313987631076,1.0,0.35006974482590136,0.0,1.0,0.8356702607425444,0.5,0.1366175298061233,0.2519689137525294
ICEWS14,973,4587,56,147,2442,1161,0,3565.0,0.3652433709922035,2.0,0.24509765248494336,0.32894702012216603,1.0,0.9999999999972622,0.664473510061083,0.1337587314267463,0.4466837813183085
ICEWS14,974,4587,56,316,1161,2442,0,3.0,0.34660801059525737,1.0,0.4901953049698867,0.0,1.0,0.5468878617891793,0.5,0.16697692050139784,0.20755331034787686
ICEWS14,975,4587,18,85,1161,0,0,3564.5,0.0,0.0,0.0,0.0,0.0,0.0,0.0,0.06266844042745784,0.00977672855419752
ICEWS14,976,4587,156,37,1161,2442,0,3565.5,0.1789714190133359,1.0,0.7884782461155736,0.0,1.0,0.12802097993883477,0.5,0.24594986850009762,0.17114157229437565
ICEWS14,977,4587,156,230,1161,1161,1,1.0,3.8504070173314786,17.0,0.9238395952400507,0.7730975649216388,0.8416177510058888,0.6757368837368993,0.8073576579637638,0.5433278714722316,0.7122704571426
ICEWS14,978,4587,156,111,1161,1161,1,1.0,2.2226904465298336,6.0,0.8879629756445782,0.6770998227590233,0.7802199494982792,0.5263683129687834,0.7286598861286513,0.4136777489127865,0.5631248197358292
ICEWS14,979,4587,156,264,1161,1161,1,1.0,6.280317472561658,23.0,0.9423178739918808,0.7540839056010128,0.9089627431766778,0.7829434899736212,0.8315233243888454,0.6191732390380145,0.7440135925305235
ICEWS14,980,4587,156,275,1161,1161,1,1.0,5.788405192083236,24.0,0.9611657480580811,0.7892980752747596,0.8800541763237807,0.7580331622971647,0.8346761257992701,0.6216883633037735,0.752981527338433
ICEWS14,981,4587,173,307,776,0,0,3564.5,0.0,0.0,0.0,0.0,0.0,0.0,0.0,0.06266844042745784,0.00977672855419752
ICEWS14,982,4587,169,223,1161,5800,0,1.0,0.32057312297414,2.0,1.0,0.0,1.0,0.08806450467669025,0.5,0.3524342442897422,0.21243557066815189
ICEWS14,983,4587,53,57,5800,4199,0,3565.5,0.3927618955706139,1.0,0.836743383392903,0.0,1.0,0.3066715610805952,0.5,0.264239415235023,0.21842239758700066
ICEWS14,984,4587,25,363,6445,0,0,3564.0,0.0,0.0,0.0,0.0,0.0,0.0,0.0,0.06266844042745784,0.00977672855419752
ICEWS14,985,1553,18,222,1193,0,0,3564.5,0.0,0.0,0.0,0.0,0.0,0.0,0.0,0.06266844042745784,0.00977672855419752
ICEWS14,986,1553,169,206,1852,3641,0,3565.0,0.2309598988100127,1.0,0.2309598988100127,0.0,1.0,0.9999999999956702,0.5,0.11412018295518861,0.2713907985546364
ICEWS14,987,1553,160,286,2404,1523,0,4.0,0.05344105951580791,3.0,0.6729500963161781,0.0735706362704791,0.9264293637295209,0.038190155141736154,0.5,0.255387683314224,0.15731305488344863
ICEWS14,988,5177,160,119,455,4304,0,2.0,0.46474417924301514,3.0,0.820335356007638,0.36788582240695256,0.6321141775930474,0.218109385523717,0.5,0.3113929890205128,0.23501169886396348
ICEWS14,989,5177,160,86,1496,4397,0,3565.5,0.08222286952416624,1.0,1.0,0.0,1.0,0.04287404840609526,0.5,0.3157298843664186,0.1913738839080218
ICEWS14,990,5177,160,212,4503,1496,0,3568.0,0.619105742568872,1.0,0.836743383392903,0.0,1.0,0.5871745871262063,0.5,0.2674484318370398,0.29245127279712413
ICEWS14,991,5177,160,282,4304,2919,0,7.0,0.7498682424840526,2.0,0.9423178739918808,0.0,1.0,0.2638776776911027,0.5,0.3376737410654806,0.24005192808417516
ICEWS14,992,5177,38,112,4112,1496,0,3568.0,0.2687637086017518,3.0,0.5,0.5477188670966775,0.45228113290332245,0.13837747088103255,0.5,0.2068859636661453,0.16609459102730678
ICEWS14,993,5177,38,157,1496,4274,0,2.0,0.48721140577446537,3.0,0.646816582731497,0.31237616245652744,0.6876238375434726,0.3494814710830886,0.5,0.2530720938227123,0.22863566561272824
ICEWS14,994,5177,38,145,1813,4274,0,3568.5,0.6179135672730418,3.0,0.820335356007638,0.31237616245652755,0.6876238375434724,0.34948147108314165,0.5,0.31378383885841044,0.2657273849142485
ICEWS14,995,5177,53,12,4323,0,0,3564.5,0.0,0.0,0.0,0.0,0.0,0.0,0.0,0.06266844042745784,0.00977672855419752
ICEWS14,996,1464,53,265,5423,0,0,3564.5,0.0,0.0,0.0,0.0,0.0,0.0,0.0,0.06266844042745784,0.00977672855419752
ICEWS14,997,1464,224,135,1121,6994,0,2.0,0.11494995126648588,1.0,0.40212454001574466,0.0,1.0,0.16676352322143725,0.5,0.14537033105920616,0.12127414764616275
ICEWS14,998,1464,56,256,1121,0,0,3564.5,0.0,0.0,0.0,0.0,0.0,0.0,0.0,0.06266844042745784,0.00977672855419752
ICEWS14,999,1464,205,198,1121,1121,1,1.0,0.1590309083401103,2.0,0.08580127266283155,0.4604742338556397,1.0,0.9999999999937119,0.7302371169278199,0.10436657417778132,0.47049433281658076
ICEWS14,1000,1464,87,56,1121,0,0,3564.5,0.0,0.0,0.0,0.0,0.0,0.0,0.0,0.06266844042745784,0.00977672855419752
ICEWS14,1001,3811,155,49,1077,1077,1,1.0,2.847280022261761,3.0,0.9803906099397734,0.0,1.0,0.9999999999996487,0.5,0.4127144286304077,0.47051203675187725
ICEWS14,1002,2078,53,313,5046,0,0,3564.5,0.0,0.0,0.0,0.0,0.0,0.0,0.0,0.06266844042745784,0.00977672855419752
ICEWS14,1003,2078,160,263,2010,3155,0,3566.0,0.449290632708217,7.0,0.646816582731497,0.4098966108237686,0.5901033891762314,0.2577798485392099,0.5,0.303139593285243,0.23513229242686468
ICEWS14,1004,2078,158,185,3155,3155,1,1.0,0.5100008047105996,1.0,0.5100008047105996,0.0,1.0,0.9999999999980392,0.5,0.17333115988607728,0.3382870103630394
ICEWS14,1005,2545,53,258,2683,2683,1,1.0,0.30818496992858857,1.0,0.9423178739918808,0.0,1.0,0.19549292259450876,0.5,0.29868697918870635,0.21352253489390496
ICEWS14,1006,2545,156,274,1145,1145,1,1.0,2.313925639108776,12.0,0.9423178739918808,0.596808004520021,0.9932211305205991,0.9803261946104109,0.7950145675203101,0.4936078239148871,0.7868090417835829
ICEWS14,1007,2545,169,235,2996,555,0,3566.5,0.07890031543555132,1.0,0.6095068271022377,0.0,1.0,0.06920392276146632,0.5,0.19356114027165547,0.1334557174257333
ICEWS14,1008,4606,160,356,6635,6635,1,1.0,2.594364359852402,6.0,0.9057236642639067,0.653286668390747,1.0,0.9863523729808409,0.8266433341953735,0.42749772377837425,0.77892737055192
ICEWS14,1009,2646,160,316,5036,146,0,3565.5,0.46556323432441216,1.0,0.5202016416109183,0.0,1.0,0.8099004848680581,0.5,0.1753230570531574,0.28274648323518176
ICEWS14,1010,7038,155,134,1077,1077,1,1.0,4.605347474513396,13.0,0.8705505632961241,0.35275568310607497,0.647244316893925,0.46387038191224783,0.5,0.5119540376049242,0.3136120179177135
ICEWS14,1011,7038,155,50,6407;6568,3811,0,3566.0,0.07320277241350293,1.0,0.9611657480580811,0.0,1.0,0.03958771040389418,0.5,0.30172565849030336,0.18364813440112154
ICEWS14,1012,7038,155,320,2175,6410,0,6.0,1.8019437555761355,35.0,0.7578582832551991,0.739506272657189,0.36213379957106867,0.18968458117684686,0.5508200361141289,0.4999744882434299,0.34234552086633585
ICEWS14,1013,7038,155,253,6559,6410,0,10.0,8.048443722419384,30.0,0.8705505632961241,0.8310936010185771,0.8193030785601977,0.650874405897703,0.8251983397893874,0.6428370053631026,0.6745095993550679
ICEWS14,1014,7038,155,257,3926,6410,0,5.0,5.135602767483931,30.0,0.8042490800314893,0.8310936010185771,0.5490719753359684,0.3742145184350155,0.6900827881772728,0.5659078255483133,0.4880257484835014
ICEWS14,1015,7038,155,256,44;3926,6410,0,1790.5,6.258324697602774,30.0,0.820335356007638,0.8310936010185772,0.7115051802761871,0.48221894851804675,0.7712993906473822,0.5923395867216023,0.5856482913975464
ICEWS14,1016,7038,155,346,1077,1077,1,1.0,0.9560834549648289,29.0,0.7001394896518027,0.5308195898685004,0.46918041013149964,0.12401487570332627,0.5,0.44409138778910784,0.26061484052576955
ICEWS14,1017,7038,155,86,2290,1077,0,3.0,1.5524684636841437,6.0,1.0,0.5522239661357873,0.4477760338642128,0.21540775824981503,0.5,0.44768671134200516,0.294833009942189
ICEWS14,1018,7038,155,246,6559,6410,0,8.0,9.245234064229358,30.0,1.0,0.8310936010185771,0.8193030785601975,0.6508744058977097,0.8251983397893873,0.7091412070860673,0.6916175037574966
ICEWS14,1019,7038,142,316,711,711,1,1.0,0.036594209727974114,1.0,0.9423178739918808,0.0,1.0,0.01980161645202658,0.5,0.2945707470246094,0.17643294557430841
ICEWS14,1020,7038,160,315,1077,1077,1,1.0,15.4472644572649,103.0,0.9803906099397734,0.7985324757478999,0.8605773368445653,0.7142973533576952,0.8295549062962326,0.8519707230288122,0.6743873150635211
ICEWS14,1021,7038,160,214,1077,1077,1,1.0,20.31191687327587,67.0,0.8042490800314893,0.7932072512510793,0.9495375831653452,0.8891959600417265,0.8713724172082122,0.8394243605355617,0.628069912262393
ICEWS14,1022,7038,160,239,1077,1077,1,1.0,16.504443174640283,73.0,0.9803906099397734,0.8523595898342742,0.9056768122228709,0.8115393187563454,0.8790182010285725,0.8459114433914466,0.7163409667267046
ICEWS14,1023,7038,160,339,1077,1077,1,1.0,16.96682284252674,113.0,0.8879629756445782,0.8417986399517468,0.914931481052013,0.8153983637125248,0.8783650605018799,0.8506047850391619,0.7052095143525225
ICEWS14,1024,7038,160,120,1077,1077,1,1.0,10.956128864215767,26.0,0.9238395952400507,0.7833585452923187,0.9255421052822623,0.8260481691916843,0.8544503252872906,0.6979850863663679,0.715815429574234
ICEWS14,1025,7038,160,351,1077,1077,1,1.0,15.227520625159068,116.0,0.9423178739918808,0.8653135204387647,0.8798080270840598,0.7707322670584724,0.8725607737614123,0.8472784706510901,0.7260671610834061
ICEWS14,1026,7038,160,322,2661,1077,0,21.0,18.182135829472436,108.0,1.0,0.8210713302420165,0.8922040961087625,0.7717087233104255,0.8566377131753895,0.8806641904760466,0.6842638103965146
ICEWS14,1027,7038,160,323,1077,1077,1,1.0,17.825595235864295,108.0,0.9803906099397734,0.8210713302420165,0.8922040961087624,0.771708723310425,0.8566377131753895,0.8743550778531337,0.6840839675624267
ICEWS14,1028,7038,160,149,1077,1077,1,1.0,11.231974084702452,34.0,0.8705505632961241,0.8203891357745524,0.8945341829949707,0.7961382197532385,0.8574616593847615,0.7033280058998512,0.7052563624621797
ICEWS14,1029,7038,160,191,1077,1077,1,1.0,19.5222064341969,56.0,0.9803906099397734,0.7505735941503179,0.9202027614538292,0.8302503450246024,0.8353881778020735,0.8613996942331207,0.628044299291942
ICEWS14,1030,7038,160,82,1077,1077,1,1.0,7.629385373792344,14.0,0.9803906099397734,0.7029005017611634,0.8002619955651212,0.6615340360271272,0.7515812486631424,0.6169020603098132,0.6123817295466891
ICEWS14,1031,7038,169,267,925,3922,0,12.5,0.3996253170866595,2.0,0.6729500963161781,0.0,1.0,0.17637406352432758,0.5,0.24052644944354284,0.1708667968069657
ICEWS14,1032,7038,169,313,2661,3922,0,3572.0,0.6271265273156058,3.0,1.0,0.3489214574349513,0.6510785425650487,0.2565249971987532,0.5,0.3819628591762967,0.28387632484265635
ICEWS14,1033,7038,18,157,1077,1077,1,1.0,1.644011949438994,4.0,0.9803906099397734,0.40365968126063567,1.0,0.9999999999993917,0.7018298406303178,0.4112436614054876,0.6990409521864965
ICEWS14,1034,7038,18,336,1077,1077,1,1.0,0.20572100491238232,11.0,0.21763764082403103,0.5867679635435297,0.4132320364564704,0.11950535315796142,0.5,0.1946079140349242,0.1486438134055793
ICEWS14,1035,7038,127,80,6974,2290,0,4.5,0.7580903605213716,5.0,0.9611657480580811,0.5097023143996033,0.4902976856003967,0.11677535989997714,0.5,0.40398464930584527,0.2584572640941968
ICEWS14,1036,7038,127,76,711;6644,2290,0,2.5,1.3500697448259016,4.0,1.0,0.33279156261045095,0.667208437389549,0.30566952999283303,0.5,0.4140200562317789,0.2972088470152356
ICEWS14,1037,7038,127,200,1185,6410,0,3579.0,2.4427615627647405,14.0,0.6864101813026526,0.6158980824383047,0.38410191756169526,0.21607410104088992,0.5,0.4031866816900416,0.24359659988926916
ICEWS14,1038,7038,127,194,711,6410,0,12.0,2.7509723150241996,14.0,0.7730166686334901,0.6158980824383047,0.38410191756169526,0.2160741010408922,0.5,0.44400695907522353,0.2594416247659508
ICEWS14,1039,7038,127,315,2175,711,0,4.0,1.9630253621422167,13.0,0.9803906099397734,0.5439494250107764,0.4560505749892237,0.18653447184055894,0.5,0.5099115272164454,0.30404897522832236
ICEWS14,1040,7038,127,82,2290,711,0,1.0,0.27134951153385556,4.0,1.0,0.23180338276087253,0.7681966172391275,0.03748044483059904,0.5,0.39514586982384836,0.22970284032123928
ICEWS14,1041,7038,127,239,711,1077,0,18.0,0.4331349880427968,10.0,0.7884782461155736,0.567256756731148,0.43274324326885205,0.06385038928854105,0.5,0.3821400091362743,0.23518137395361507
ICEWS14,1042,7038,123,195,1077,146,0,3567.0,0.02396191881765991,2.0,0.3234082913657485,0.11917932977291057,0.8808206702270894,0.03373150326929768,0.5,0.1465528876963825,0.10475944769806832
ICEWS14,1043,7038,134,343,4309,711,0,3565.5,0.7482868372865813,4.0,0.5743491774985175,0.2389709579232463,0.9977019994732831,0.9831460398987811,0.6183364786982647,0.2491341357290934,0.5104805499828833
ICEWS14,1044,7038,158,313,3922,567,0,3567.5,0.297573083344034,1.0,0.9803906099397734,0.0,1.0,0.17891512000638968,0.5,0.31203336759047895,0.21729421167298538
ICEWS14,1045,7038,207,342,711,711,1,1.0,3.5457332566799327,6.0,0.8042490800314893,0.3902570718045981,1.0,0.7814321019195939,0.6951285359022991,0.4030595267286027,0.5581298197297231
ICEWS14,1046,7038,90,69,711,0,0,3564.5,0.0,0.0,0.0,0.0,0.0,0.0,0.0,0.06266844042745784,0.00977672855419752
ICEWS14,1047,7038,156,173,1077,3922,0,2.0,0.46404890077661,2.0,0.6341329040632923,0.0,1.0,0.22662922480236353,0.5,0.2296904478643017,0.17401856553240114
ICEWS14,1048,7038,156,241,4377,1077,0,2.0,0.24495857509999652,5.0,0.8042490800314893,0.1144974240943154,0.8855025759056846,0.07306999912215979,0.5,0.33432243993607386,0.19940736352599206
ICEWS14,1049,7038,156,325,5154,1077,0,6.0,0.12926257298579324,6.0,0.7884782461155736,0.3017759864025059,0.6982240135974941,0.0607076715787438,0.5,0.3391014924856901,0.20863430548748124
ICEWS14,1050,7038,53,51,711,3811,0,3569.5,0.12975378711322572,3.0,0.9803906099397734,0.32675415021192744,0.6732458497880726,0.023014173398496974,0.5,0.3658263984775447,0.22070481167900766
ICEWS14,1051,7038,53,44,3341,554,0,3567.5,0.3065705381179442,2.0,0.6597539553864471,0.0,1.0,0.13291184165040051,0.5,0.23529799763257023,0.16080310088560218
ICEWS14,1052,7038,53,262,2708,7055,0,3589.0,1.152246029658769,5.0,0.6341329040632923,0.4784922109558438,0.5215077890441562,0.31448554808668594,0.5,0.28753008669628655,0.23250546225779414
ICEWS14,1053,7038,53,326,1077,711,0,19.0,3.1886382165640708,15.0,0.9611657480580811,0.4868816962237692,0.5131183037762308,0.32765789675639906,0.5,0.5362342563909699,0.32842702138757435
ICEWS14,1054,7038,53,205,2683,1523,0,4.0,0.3709569002100399,4.0,1.0,0.3971596341661974,0.6028403658338026,0.06790181636554422,0.5,0.3968765609633238,0.2454162333370318
ICEWS14,1055,7038,53,254,3173,7055,0,3587.0,1.3500569114000405,5.0,0.7429971445684742,0.4784922109558437,0.5215077890441563,0.31448554808669843,0.5,0.32939962457468736,0.2541994636086294
ICEWS14,1056,7038,53,358,1077,711,0,19.0,1.6919122010581453,15.0,0.5100008047105996,0.4868816962237692,0.5131183037762308,0.32765789675636925,0.5,0.3277517462625489,0.23852247555865602
ICEWS14,1057,7038,53,197,711,711,1,1.0,0.027474907150837113,7.0,0.9611657480580811,0.5069553269407479,0.49304467305925215,0.007096847273781665,0.5,0.41651379550474094,0.2478981867579609
ICEWS14,1058,7038,103,325,2175,711,0,3573.0,1.0709943428963955,5.0,0.8705505632961241,0.24320113006459132,0.7567988699354087,0.30730508555418473,0.5,0.3733747443172403,0.2717010348223403
ICEWS14,1059,7038,103,84,2300,711,0,3566.0,0.24702234179390536,1.0,0.9611657480580811,0.0,1.0,0.14744881036222257,0.5,0.30439259113577727,0.20638642537165644
ICEWS14,1060,7038,103,280,3262,6517,0,3571.0,0.026656225916205534,1.0,0.6864101813026526,0.0,1.0,0.01980161645202264,0.5,0.21380102949471258,0.13625717474844756
ICEWS14,1061,7038,115,198,1523,711,0,3566.0,1.0327379444714297,3.0,0.9423178739918808,0.2038683351095668,0.9150647333633213,0.7738743775446951,0.559466534236444,0.36626646595981993,0.4743351498718185
ICEWS14,1062,7038,115,230,3173,711,0,3566.5,0.06495028066030484,3.0,0.5,0.2038683351095667,0.7961316648904333,0.05452859271904953,0.5,0.20446714612386713,0.13895339782881733
ICEWS14,1063,7038,56,240,6428,3262,0,3566.0,0.04171547132472764,2.0,0.3298769776932236,0.12774921448497145,0.8722507855150285,0.058370618669052514,0.5,0.1480743322980328,0.10903697499896772
ICEWS14,1064,7038,197,178,3535,0,0,3564.5,0.0,0.0,0.0,0.0,0.0,0.0,0.0,0.06266844042745784,0.00977672855419752
ICEWS14,1065,323,162,89,29,0,0,3564.5,0.0,0.0,0.0,0.0,0.0,0.0,0.0,0.06266844042745784,0.00977672855419752
ICEWS14,1066,5450,202,40,6994,0,0,3564.5,0.0,0.0,0.0,0.0,0.0,0.0,0.0,0.06266844042745784,0.00977672855419752
ICEWS14,1067,5450,38,232,1146,1146,1,1.0,5.264087409856025,40.0,0.9057236642639067,0.8058731900258094,0.5798854098565362,0.39832833264359274,0.6928792999411728,0.6332521092144383,0.5395323021421262
ICEWS14,1068,5450,38,262,1146,1146,1,1.0,6.293985282649258,47.0,0.9611657480580811,0.827447624943898,0.6281229976489493,0.42207791742189693,0.7277853112964237,0.6837857572164485,0.588085191289601
ICEWS14,1069,5450,38,222,1146,1146,1,1.0,6.551748544990571,38.0,0.9057236642639067,0.788905602497565,0.72574757378491,0.5647085180872697,0.7573265881412374,0.6505605363285001,0.6300061552712776
ICEWS14,1070,5450,38,106,1146,1146,1,1.0,4.537657215320248,15.0,0.9611657480580811,0.6808590009145365,0.8023056394475023,0.6139322448078135,0.7415823201810194,0.5604991265643066,0.6300873151640711
ICEWS14,1071,5450,38,199,1146;1171,1146,1,1784.25,4.441183795805797,33.0,0.9611657480580811,0.8840167556094214,0.5339531986202009,0.35800951838004197,0.7089849771148111,0.6250256884466524,0.5652138477056197
ICEWS14,1072,5450,38,362,4262,1146,0,2.0,3.597405419879647,64.0,0.9803906099397734,0.8394534222098929,0.5691507858966302,0.38727164051500024,0.7043021040532615,0.672170010209677,0.6177964235360986
ICEWS14,1073,5450,38,238,1146,1146,1,1.0,5.692031483266719,42.0,0.9803906099397734,0.8086406605550356,0.6109983775429462,0.3898591732147824,0.7098195190489909,0.6725113901783628,0.5693517561648082
ICEWS14,1074,5450,38,186,1146,1146,1,1.0,4.389196214744564,31.0,0.836743383392903,0.8505779968266352,0.6168066136024599,0.35038311336229205,0.7336923052145475,0.5687839971369728,0.5428197814315746
ICEWS14,1075,5450,38,286,4262,1146,0,1.0,10.557038877928985,58.0,1.0,0.7035519332960783,0.6910196353030743,0.505585803425041,0.6972857842995763,0.7722550721716063,0.5368767099117278
ICEWS14,1076,5450,150,155,1146,1146,1,1.0,0.9382957752323879,7.0,0.9611657480580811,0.6192095261537335,0.3807904738462665,0.2282974784595765,0.5,0.4326771496097392,0.30694502506627247
ICEWS14,1077,5450,150,258,4262,1146,0,2.0,3.115590595589564,16.0,0.8534795977333005,0.6217956295487718,0.7587662135482205,0.551361604911372,0.6902809215484962,0.4954539730667148,0.5535219460333368
ICEWS14,1078,5450,158,347,1146,0,0,3564.5,0.0,0.0,0.0,0.0,0.0,0.0,0.0,0.06266844042745784,0.00977672855419752
ICEWS14,1079,5450,115,9,1146,0,0,3564.5,0.0,0.0,0.0,0.0,0.0,0.0,0.0,0.06266844042745784,0.00977672855419752
ICEWS14,1080,711,156,113,3262,5036,0,3569.0,0.6575264762687807,3.0,0.597554769985219,0.0,1.0,0.23006882215951358,0.5,0.2400617080413849,0.17488528054814995
ICEWS14,1081,711,156,23,6411,0,0,3564.5,0.0,0.0,0.0,0.0,0.0,0.0,0.0,0.06266844042745784,0.00977672855419752
ICEWS14,1082,711,156,206,5584,45,0,3.0,0.09848558826402032,4.0,0.7429971445684742,0.242623168955995,0.757376831044005,0.017360623120426584,0.5,0.2956129856744326,0.17757517630391648
ICEWS14,1083,711,156,267,6785,1147,0,3574.0,2.526760089585916,4.0,1.0,0.4561900024632993,0.8077435571387239,0.5312078586347495,0.6319667798010116,0.43489838951248544,0.4746006089780776
ICEWS14,1084,711,207,26,146,0,0,3564.5,0.0,0.0,0.0,0.0,0.0,0.0,0.0,0.06266844042745784,0.00977672855419752
ICEWS14,1085,711,207,278,2713,3159,0,3568.0,0.31124529254176847,1.0,0.8879629756445782,0.0,1.0,0.21250044552901834,0.5,0.2800373898541816,0.20676309118204
ICEWS14,1086,711,127,307,1077,7038,0,1.0,0.15641524784346217,16.0,1.0,0.594758391473273,0.4052416085267269,0.011178408308103396,0.5,0.5029983726038879,0.29116554217324747
ICEWS14,1087,711,127,194,7038,3262,0,16.0,0.17728718479593386,27.0,0.19325416715837251,0.6290124080098867,0.37098759199011333,0.03069812650795577,0.5,0.2396941224999933,0.1518434179016163
ICEWS14,1088,711,127,303,4805,1077,0,3.0,0.8923192884589932,19.0,0.8042490800314893,0.6319175472555676,0.3680824527444324,0.07459550762781922,0.5,0.4494689619995849,0.2619198836360057
ICEWS14,1089,711,127,70,3262,3262,1,1.0,2.80415771750445,12.0,0.9803906099397734,0.6411673554132534,0.6336059268175047,0.26988997161308725,0.637386641115379,0.518426790804606,0.43618485341877977
ICEWS14,1090,711,127,306,7038,1077,0,1.0,0.8604578048828531,20.0,1.0,0.6840799026213189,0.3159200973786811,0.06492798130463477,0.5,0.5349829793959237,0.31255228448817995
ICEWS14,1091,711,127,45,6410,3262,0,2.0,2.9936656385309863,11.0,1.0,0.578533284617099,0.421466715382901,0.1939328197063743,0.5,0.5227689724518145,0.2932242316526909
ICEWS14,1092,711,127,113,3262,3262,1,1.0,4.599291232069303,27.0,0.9611657480580811,0.6290124080098867,0.37098759199011333,0.1839289909613974,0.5,0.6110312973886262,0.29744981178901053
ICEWS14,1093,711,127,308,1077,7038,0,2.0,0.15334804023713122,16.0,0.9803906099397734,0.594758391473273,0.40524160852672697,0.011178408308103271,0.5,0.4947408642503741,0.2863795271852602
ICEWS14,1094,711,127,23,1147,5527,0,2.0,1.2788991860108345,3.0,1.0,0.3245473357712867,0.6754526642287133,0.2824381545515608,0.5,0.39320053221841594,0.281607457614112
ICEWS14,1095,711,127,309,7038,1077,0,1.0,0.8496590212988506,21.0,1.0,0.7253796476433523,0.2746203523566478,0.058803067784041506,0.5,0.539003933204839,0.3154249575174443
ICEWS14,1096,711,127,72,537,3262,0,8.0,1.696118226385579,12.0,0.9423178739918808,0.6411673554132534,0.3588326445867466,0.1543938746547133,0.5,0.4823949512090014,0.2912961792888193
ICEWS14,1097,711,127,153,2290,3262,0,6.5,0.39931211020874,27.0,0.43527528164806206,0.6290124080098867,0.3709875919901133,0.030698126507958796,0.5,0.32446939998723906,0.1908785242217437
ICEWS14,1098,711,53,198,733,359,0,4.0,2.3880762080523974,18.0,1.0,0.6064691426263118,0.6333906016183481,0.3150933713841502,0.61992987212233,0.5534574420147453,0.46543292026819477
ICEWS14,1099,711,53,113,1955,733,0,5.0,1.3172080102360972,14.0,0.4901953049698867,0.7294429957214288,0.2705570042785712,0.1456940120654731,0.5,0.3095440435201194,0.20347337950488448
ICEWS14,1100,711,53,70,537;733,733,1,1784.75,3.645777383726074,10.0,0.9238395952400507,0.5745467732640611,0.7775634430254331,0.30922940269842464,0.6760551081447471,0.4948429628973186,0.4412618669076625
ICEWS14,1101,711,53,183,359,359,1,1.0,0.9279736893473749,16.0,0.820335356007638,0.6044980240776168,0.3955019759223832,0.12874970585813295,0.5,0.44212256145509,0.27267187433227935
ICEWS14,1102,711,53,195,359;7038,359,1,3.0,0.5431159948940336,16.0,0.646816582731497,0.6044980240776168,0.39550197592238323,0.09249895816530249,0.5,0.3656740360378015,0.22846273280587187
ICEWS14,1103,711,53,292,5195,733,0,3590.0,2.266903664114922,24.0,0.8705505632961241,0.48759318855391076,0.5124068114460892,0.3059074395448997,0.5,0.5223107739470685,0.3300733232824061
ICEWS14,1104,711,53,184,359,359,1,1.0,0.9097766913073349,16.0,0.8042490800314893,0.6044980240776168,0.3955019759223832,0.12874970585813258,0.5,0.43517007875060126,0.26909318978514724
ICEWS14,1105,711,53,154,4545;5421,359,0,3578.0,2.067527139468096,14.0,0.5743491774985175,0.6278552829439403,0.503666955703215,0.3101440568923894,0.5657611193235776,0.3527552286635356,0.29541376983010714
ICEWS14,1106,711,53,60,2300,733,0,2.0,1.2628217122616303,5.0,1.0,0.5186362847083925,0.4813637152916075,0.18551151142118275,0.5,0.4286768686618724,0.2814117949285322
ICEWS14,1107,711,53,205,6123,359,0,3583.0,1.8522021880988038,18.0,0.8705505632961241,0.6064691426263118,0.6333906016183483,0.2714009949514768,0.6199298721223301,0.4897871973404971,0.4200062244139503
ICEWS14,1108,711,53,218,150;4694,733,0,3584.5,0.19280127095932897,19.0,0.836743383392903,0.4384632043614437,0.5615367956385563,0.02248779049896399,0.5,0.4503477455810988,0.2524794813160877
ICEWS14,1109,711,53,294,45;545,733,0,2.5,2.178870156094624,24.0,0.836743383392903,0.48759318855391076,0.5124068114460892,0.3059074395448981,0.5,0.5065859126903066,0.3223989973612685
ICEWS14,1110,711,53,156,7038,359,0,4.0,1.584013222182569,14.0,0.5520447568369061,0.6278552829439403,0.5036669557032151,0.23257766336523264,0.5657611193235776,0.33639722656095583,0.2734024212243367
ICEWS14,1111,711,53,220,359,733,0,2.0,0.18531397782817294,19.0,0.8042490800314893,0.4384632043614436,0.5615367956385564,0.02248779049896397,0.5,0.4367960752237587,0.24528964873385067
ICEWS14,1112,711,155,73,6410,3262,0,2.0,3.3124955921554635,11.0,0.9803906099397734,0.6918656568769748,0.5528719340255592,0.3046444508757889,0.622368795451267,0.520361598148856,0.42723623252319715
ICEWS14,1113,711,155,113,1955;5395,3262,0,1785.0,7.400896297394095,28.0,1.0,0.7333841688990161,0.513842766299535,0.28404089885380596,0.6236134675992755,0.6754478090464354,0.40921494684979454
ICEWS14,1114,711,155,44,3262,3262,1,1.0,1.3643283883589201,4.0,0.9803906099397734,0.7051894937345826,0.5618273582636288,0.25807001361392246,0.6335084259991057,0.4063334906921841,0.4092780527156215
ICEWS14,1115,711,155,121,3262,3262,1,1.0,4.374196120773908,33.0,0.9803906099397734,0.767939711271732,0.23206028872826798,0.13071465002240304,0.5,0.6314014721473363,0.305921144752952
ICEWS14,1116,711,155,309,4805,1077,0,1.0,5.709923395475788,24.0,0.9803906099397734,0.7341732710224858,0.6840476967514711,0.3790180077582726,0.7091104838869784,0.6278920635643638,0.5324444515018301
ICEWS14,1117,711,155,128,6410,3262,0,2.0,4.695204282419519,35.0,0.9238395952400507,0.7911408800380555,0.4012027879505932,0.14716789797272528,0.5961718339943244,0.6195816374079471,0.37232636720244594
ICEWS14,1118,711,155,131,6410,3262,0,2.0,4.424374917367134,35.0,0.8705505632961241,0.7911408800380555,0.40120278795059333,0.14716789797272495,0.5961718339943244,0.5936179240843614,0.36149309029083104
ICEWS14,1119,711,155,104,6410,3262,0,1.0,6.678253938435996,21.0,1.0,0.5980041055193426,0.6382051199750374,0.3728354934155155,0.61810461274719,0.6410072183791948,0.4237039128785835
ICEWS14,1120,711,155,316,1077,1077,1,1.0,3.952298749557336,29.0,0.9803906099397734,0.6692307400553732,0.33076925994462675,0.16853055027259442,0.5,0.6134797970664538,0.31175595962937014
ICEWS14,1121,711,155,43,6410,3262,0,5.0,1.4116187613263287,4.0,1.0,0.7051894937345825,0.5618273582636288,0.2627538467471325,0.6335084259991057,0.4151051910573551,0.41588641196298
ICEWS14,1122,711,155,109,3262,3262,1,1.0,7.990208986002971,25.0,0.9803906099397734,0.7004340349727811,0.5543693868028783,0.3648954908890049,0.6274017108878297,0.6688806446307745,0.41843913245062025
ICEWS14,1123,711,155,313,1077,1077,1,1.0,5.25544392846782,27.0,0.9803906099397734,0.6963522467857419,0.5080485289004921,0.26670552878559206,0.602200387843117,0.6298279568238451,0.4076310702469709
ICEWS14,1124,711,155,70,3262,3262,1,1.0,2.474860178907935,10.0,0.9238395952400507,0.6424437756458465,0.6415474473828157,0.23573460100636187,0.641995611514331,0.47360268937628824,0.4087156574723604
ICEWS14,1125,711,162,248,5036,5036,1,1.0,1.2977794332563681,4.0,0.9803906099397734,0.014096782125706864,0.9859032178742931,0.2850734825645375,0.5,0.4051678595399295,0.26791366147095974
ICEWS14,1126,711,162,85,7038,7038,1,1.0,0.5926683876856854,2.0,0.9611657480580811,0.3927678343259411,0.6072321656740589,0.23033610509218702,0.5,0.3421869671461237,0.258899402740696
ICEWS14,1127,711,162,71,2713,929,0,3565.5,0.48623518211030625,2.0,0.6597539553864471,0.0,1.0,0.22861151659461623,0.5,0.23765446833846327,0.17868957349596826
ICEWS14,1128,711,164,318,3159,3159,1,1.0,1.8456611182866522,3.0,0.9238395952400507,0.02777918396962975,1.0,0.9999999999994581,0.5138895919848149,0.37282179111847696,0.48391206779561446
ICEWS14,1129,711,61,313,5037,5036,0,9.0,0.0469415953033509,2.0,0.2706097479346942,0.0,1.0,0.04580184335230762,0.5,0.13604155783719254,0.0972564042405397
ICEWS14,1130,711,61,113,5037,733,0,3567.0,0.6575425107463915,3.0,0.40212454001574466,0.31373670063825443,0.6862632993617456,0.4062143423124471,0.5,0.18553149404418534,0.1919162560939424
ICEWS14,1131,711,216,218,1297,0,0,3564.5,0.0,0.0,0.0,0.0,0.0,0.0,0.0,0.06266844042745784,0.00977672855419752
ICEWS14,1132,711,160,113,3262,3155,0,5.0,0.20310289575205154,12.0,0.5412194958693883,0.5594706757578064,0.4405293242421936,0.029695896793518313,0.5,0.29943767674786753,0.18550738486127108
ICEWS14,1133,711,160,266,3159,3159,1,1.0,1.0322970970561531,12.0,0.4901953049698867,0.5448060365677114,0.4551939634322885,0.19913995690273265,0.5,0.29419216990114144,0.2054503117295198
ICEWS14,1134,711,160,223,3159,3159,1,1.0,1.226183018055822,9.0,0.9423178739918808,0.6864223753284289,0.3135776246715711,0.18274797619226885,0.5,0.45011145234766675,0.29798531339133594
ICEWS14,1135,711,160,83,7038,3155,0,5.0,4.026081322912036,12.0,0.9803906099397734,0.5594706757578065,0.6413496359001224,0.4611201649801915,0.6004101558289645,0.5405369402893221,0.4467269563457594
ICEWS14,1136,711,160,69,4408,3155,0,2.0,2.924197706132418,9.0,0.8534795977333005,0.6410530160746737,0.8264841502356393,0.45032848616695936,0.7337685831551565,0.4438612510111667,0.5340343697936143
ICEWS14,1137,711,160,126,2442,3155,0,9.0,0.92408707421303,14.0,0.8705505632961241,0.7302941885243965,0.2697058114756035,0.11597528324547615,0.5,0.45154179137122497,0.28359780736448204
ICEWS14,1138,711,160,181,4418,3159,0,3581.5,3.2937754655117315,7.0,0.9611657480580811,0.4875523188039951,0.8439378687773419,0.41891225682466676,0.6657450937906685,0.4750636511799349,0.4660067235377655
ICEWS14,1139,711,160,363,5037,1077,0,2.0,0.33370098412374105,11.0,0.820335356007638,0.6704953840370732,0.3295046159629268,0.048721492919426256,0.5,0.40066810788701457,0.24810974015113738
ICEWS14,1140,711,160,111,3262,3155,0,5.0,0.2113089195722968,12.0,0.5630865404461788,0.5594706757578065,0.44052932424219354,0.029695896793518476,0.5,0.3072951049450824,0.18941916928496166
ICEWS14,1141,711,160,85,3149,3155,0,3570.5,2.8893408565396417,12.0,0.9423178739918808,0.5594706757578064,0.6413496359001225,0.30828137608578393,0.6004101558289645,0.504057320454211,0.39930713145521957
ICEWS14,1142,711,160,212,2624,3159,0,4.0,0.3529567532148459,8.0,0.7429971445684742,0.5887598355515755,0.4112401644484245,0.04921911330719069,0.5,0.34625569536279316,0.2169811288817539
ICEWS14,1143,711,18,65,3262,0,0,3564.5,0.0,0.0,0.0,0.0,0.0,0.0,0.0,0.06266844042745784,0.00977672855419752
ICEWS14,1144,711,123,350,5807,1283,0,3574.5,0.03154327022308934,2.0,0.2815432702230894,0.0,1.0,0.030578717474679436,0.5,0.13807275121029414,0.0965614799615811
ICEWS14,1145,711,123,285,1283,3159,0,2.0,0.104277140446693,2.0,0.5100008047105996,0.0,1.0,0.05443222244922229,0.5,0.19094552528190323,0.12648718444788795
ICEWS14,1146,711,65,268,1147,0,0,3564.5,0.0,0.0,0.0,0.0,0.0,0.0,0.0,0.06266844042745784,0.00977672855419752
ICEWS14,1147,711,131,268,497,3159,0,2.0,0.08617133542027045,12.0,0.8534795977333005,0.7889047142189552,0.21109528578104472,0.010452290083111765,0.5,0.4167731623098492,0.2577773062352429
ICEWS14,1148,711,131,257,497,3159,0,2.0,2.251637881123655,11.0,0.9423178739918808,0.7345025287349729,0.6896484562994213,0.37627935062470746,0.712075492517197,0.4851865854918263,0.5411645410124775
ICEWS14,1149,711,103,9,3155,3159,0,3565.0,0.9611657480580811,1.0,0.9611657480580811,0.0,1.0,0.9999999999989596,0.5,0.3154870741711184,0.4603385493265481
ICEWS14,1150,711,103,291,7038,2300,0,2.0,0.29016201958084564,5.0,0.9423178739918808,0.3684962004456004,0.6315037995543996,0.1076987806471927,0.5,0.3883115268935596,0.2493832586198832
ICEWS14,1151,711,103,134,3155,733,0,4.0,0.278816370299509,5.0,0.4267397988666503,0.7011702909499762,0.29882970905002376,0.09800736109985518,0.5,0.21117714654344327,0.16325095320281288
ICEWS14,1152,711,169,319,1121,545,0,3591.0,0.2429116834703522,5.0,0.6341329040632923,0.24191048193397335,0.7580895180660266,0.07911827313607643,0.5,0.27419005197935253,0.175499869350269
ICEWS14,1153,711,169,235,146,545,0,15.0,0.5378655486181056,3.0,1.0,0.4727838887753747,0.5272161112246253,0.14566839425034175,0.5,0.3804333370808404,0.2605296578290718
ICEWS14,1154,711,169,222,2313;3159,45,0,1793.0,0.0,2.0,0.7284274237469965,0.0,0.0,0.0,0.0,0.2523709085084358,0.028562066274913363
ICEWS14,1155,711,169,7,359,6805,0,3565.0,0.9803906099397734,1.0,0.9803906099397734,0.0,1.0,0.99999999999898,0.5,0.322779285591777,0.4657625428295966
ICEWS14,1156,711,169,265,5584,2617,0,4.0,0.4609324272573678,3.0,0.7578582832551991,0.5346507488846897,0.4653492511153104,0.1648408640025907,0.5,0.2893750432018378,0.2171448784653138
ICEWS14,1157,711,169,315,1077,545,0,5.0,0.26293707773721686,5.0,0.6864101813026526,0.24191048193397335,0.7580895180660266,0.07911827313607837,0.5,0.29223625504470957,0.1845578860582541
ICEWS14,1158,711,90,135,46,359,0,3565.5,1.1419128492903783,9.0,0.5,0.7893121905815426,0.6101143694821817,0.31268889614599843,0.6997132800318622,0.27961409066378645,0.3892392718372558
ICEWS14,1159,711,90,300,2654,733,0,3570.5,0.31161931650051566,10.0,0.22199074391114454,0.6708273826836126,0.3291726173163873,0.12348426237005451,0.5,0.19199749679003708,0.15015731936632384
ICEWS14,1160,711,90,202,359,733,0,2.0,1.7068696007867796,7.0,0.9803906099397734,0.46692629916150763,0.5330737008384924,0.1627785484277814,0.5,0.4543919757120887,0.272839625466074
ICEWS14,1161,711,163,169,3159,146,0,3565.0,0.08166065863237151,2.0,0.04123462221165295,0.0,1.0,0.9999999999877541,0.5,0.09710566134904734,0.24511190565523525
ICEWS14,1162,711,163,258,3159,3159,1,1.0,3.966545273469031,10.0,0.9057236642639067,0.7724631667735491,0.9999999999999999,0.9929838900475333,0.8862315833867744,0.4930912186945338,0.8204813198025054
ICEWS14,1163,711,208,118,1077,5037,0,3566.0,2.5264340652942963,3.0,0.9611657480580811,0.0,1.0,0.8076286923801004,0.5,0.399337276661032,0.4015511502681218
ICEWS14,1164,711,129,219,3159,0,0,3564.5,0.0,0.0,0.0,0.0,0.0,0.0,0.0,0.06266844042745784,0.00977672855419752
ICEWS14,1165,711,115,354,5807,7038,0,2.0,1.5047484459620284,7.0,0.9611657480580811,0.4179080252963423,0.9778633989845467,0.4488533710927588,0.6978857121404445,0.44280444282137865,0.5286816984377428
ICEWS14,1166,711,115,153,5421,3262,0,3569.5,0.3585670078937815,4.0,0.6597539553864471,0.32685081747598743,0.6731491825240126,0.09747728997952758,0.5,0.271177508781585,0.1811994143118241
ICEWS14,1167,711,56,144,1077,776,0,3.0,0.07852177262771232,1.0,0.7730166686334901,0.0,1.0,0.05350674878460696,0.5,0.23985100017712646,0.1547934199307662
ICEWS14,1168,711,56,257,2457,1183,0,3569.5,0.7300109528520906,2.0,0.9803906099397734,0.0,1.0,0.23152153266504272,0.5,0.35173494886880824,0.240066614198765
ICEWS14,1169,711,145,244,829,846,0,3569.0,0.4479013973607222,2.0,0.5202016416109183,0.431125927769216,0.568874072230784,0.32433587347798193,0.5,0.19752280113289483,0.1941070067798093
ICEWS14,1170,711,191,313,5037,2290,0,3565.5,0.03894312364348758,1.0,0.04463396289151099,0.0,1.0,0.773835603659942,0.5,0.08509775279526938,0.17860775128250275
ICEWS14,1171,711,142,180,2660,359,0,3568.0,0.43759076041269696,3.0,0.3298769776932236,0.0,1.0,0.2960707198361381,0.5,0.16573441530345545,0.14645278309259335
ICEWS14,1172,711,120,146,146,146,1,1.0,0.3909159876281595,3.0,0.16823752407904452,0.5696325312765858,1.0,0.9999999999974419,0.7848162656382929,0.13124537591106228,0.5622275012788529
ICEWS14,1173,711,6,214,2624,2624,1,1.0,0.2073739413062834,1.0,0.9803906099397734,0.0,1.0,0.11826912311833448,0.5,0.31062852746449277,0.2036722863770497
ICEWS14,1174,711,110,315,7038,0,0,3564.5,0.0,0.0,0.0,0.0,0.0,0.0,0.0,0.06266844042745784,0.00977672855419752
ICEWS14,1175,711,105,78,1154,0,0,3564.5,0.0,0.0,0.0,0.0,0.0,0.0,0.0,0.06266844042745784,0.00977672855419752
ICEWS14,1176,4362,224,197,146,146,1,1.0,0.6702860069937725,5.0,0.7429971445684742,0.4030402210816846,0.5969597789183154,0.36849465064108744,0.5,0.3185850150146871,0.27340721586930605
ICEWS14,1177,4362,224,19,5036,0,0,3564.5,0.0,0.0,0.0,0.0,0.0,0.0,0.0,0.06266844042745784,0.00977672855419752
ICEWS14,1178,4362,6,92,5370,0,0,3564.5,0.0,0.0,0.0,0.0,0.0,0.0,0.0,0.06266844042745784,0.00977672855419752
ICEWS14,1179,3535,156,113,1163,6410,0,3566.0,0.12014571850726012,1.0,0.24029143701452027,0.0,1.0,0.3333333333324085,0.5,0.11488697092117128,0.1263389738846458
ICEWS14,1180,3535,155,179,6410,5037,0,1.0,2.9357927044956362,9.0,1.0,0.6057930155599869,0.8145706465689052,0.6369309395940813,0.7101818310644461,0.5051191541294727,0.6192802873891892
ICEWS14,1181,3535,53,289,5037,3262,0,3566.0,0.1035042392324127,1.0,0.9238395952400507,0.0,1.0,0.05934280798970998,0.5,0.28918564143881925,0.1809533413353515
ICEWS14,1182,3535,6,91,6410,6410,1,1.0,0.3501383968917071,2.0,0.17853585156604396,0.0,1.0,0.9999999999971441,0.5,0.12125632963352798,0.2734096068235752
ICEWS14,1183,5925,160,177,1077,0,0,3564.5,0.0,0.0,0.0,0.0,0.0,0.0,0.0,0.06266844042745784,0.00977672855419752
ICEWS14,1184,3933,53,289,2648,45,0,3565.5,0.0,2.0,1.0,0.41661823838916034,0.0,0.0,0.20830911919458017,0.3471379530400886,0.08832019171301525
ICEWS14,1185,6696,160,162,6284,6284,1,1.0,1.6603152412259043,7.0,0.5520447568369061,0.4247814315172064,0.925192589097542,0.7755227721462183,0.6749870103073742,0.28843834241324234,0.5018984831789852
ICEWS14,1186,6696,53,195,2388,6829,0,3565.5,0.07380468931593359,1.0,0.2871745887492588,0.0,1.0,0.1474488103620159,0.5,0.12274448204539695,0.10494112331115098
ICEWS14,1187,3493,156,289,1161,1161,1,1.0,0.8042490800314894,2.0,0.8042490800314893,0.3833623558990191,1.0,0.44575280039328447,0.6916811779495096,0.2889008494309221,0.4352496340507381
ICEWS14,1188,1384,160,306,4154,3494,0,3565.5,0.07315577135747409,1.0,0.11778973424898508,0.0,1.0,0.45040085064523644,0.5,0.09533776905022791,0.12918461924865152
ICEWS14,1189,1384,169,307,5008,5648,0,3566.0,0.21032577088169016,1.0,0.40212454001574466,0.0,1.0,0.35412951073164184,0.5,0.14623321195293043,0.15245861830252763
ICEWS14,1190,5226,127,195,2844,2844,1,1.0,0.05792123742916565,2.0,0.03125,0.46047423385563957,1.0,0.9999999999827351,0.7302371169278198,0.09550177936513148,0.45583987309565793
ICEWS14,1191,5226,38,230,4099,2670,0,3566.0,0.03097932194955111,1.0,0.14645927135455744,0.0,1.0,0.11826912311795042,0.5,0.09928155724544867,0.08693873284530527
ICEWS14,1192,3211,222,252,1060,1060,1,1.0,0.393456685492632,20.0,0.8534795977333005,0.8154317857672178,0.18456821423278225,0.0444336035936817,0.5,0.4653296895967574,0.2839924403483462
ICEWS14,1193,3211,222,215,2624,2624,1,1.0,0.8160436420198245,8.0,0.9057236642639067,0.5850286772891509,0.4149713227108492,0.07329607087528443,0.5,0.4183272752936982,0.2527371509620095
ICEWS14,1194,3211,222,343,7118,1060,0,3573.0,5.054743721735749,30.0,1.0,0.7294674950879891,0.872247365220214,0.734099064930449,0.8008574301541016,0.6426324378994568,0.746011832909075
ICEWS14,1195,3211,222,221,6207,2624,0,3571.5,0.7246165406237628,8.0,0.8042490800314893,0.5850286772891508,0.41497132271084924,0.07329607087528366,0.5,0.376117413225375,0.23150126994328865
ICEWS14,1196,3211,222,169,2624,1060,0,3568.5,4.186907577940146,12.0,0.9611657480580811,0.5354040429606581,0.8351771872493374,0.5399118455650026,0.6852906151049978,0.5354460642724279,0.5405381554260641
ICEWS14,1197,3211,160,21,233,0,0,3564.5,0.0,0.0,0.0,0.0,0.0,0.0,0.0,0.06266844042745784,0.00977672855419752
ICEWS14,1198,3211,160,357,2624,203,0,3.0,0.3973370623594622,1.0,0.9611657480580811,0.0,1.0,0.26054984435608336,0.5,0.3067095389620102,0.23275945811996232
ICEWS14,1199,3211,160,19,2624,0,0,3564.5,0.0,0.0,0.0,0.0,0.0,0.0,0.0,0.06266844042745784,0.00977672855419752
ICEWS14,1200,3211,38,134,1050,1060,0,3565.5,1.5512484616059423,4.0,0.6095068271022377,0.42582624097402033,0.9134774279131438,0.7598781249836408,0.669651834443582,0.27168614123332685,0.48715781023561155
ICEWS14,1201,3211,38,232,2624,2624,1,1.0,2.381245198186669,10.0,0.8705505632961241,0.8005037063919442,0.6496246228268567,0.3752213696947186,0.7250641646094005,0.44975888485804605,0.5294437561927412
ICEWS14,1202,3211,229,349,7118,1060,0,2.0,0.19118136268673802,13.0,0.40212454001574466,0.46512044261821095,0.534879557381789,0.05011587475822612,0.5,0.25796976811733485,0.16394759582815718
ICEWS14,1203,3211,229,152,457,1060,0,3567.0,1.1056836457691717,4.0,0.820335356007638,0.42550095058936377,0.805519215394371,0.6317669616014282,0.6155100829918674,0.33945632941110754,0.46281763924257213
ICEWS14,1204,3211,229,84,1060,5859,0,2.0,0.17119779858363016,2.0,0.836743383392903,0.32459032348608285,0.6754096765139171,0.07422283743147368,0.5,0.2906252676999705,0.19464996200779822
ICEWS14,1205,3211,97,196,2624,2624,1,1.0,0.9803906099397734,1.0,0.9803906099397734,0.0,1.0,0.99999999999898,0.5,0.322779285591777,0.4657625428295966
ICEWS14,1206,3211,6,230,2624,2624,1,1.0,1.4285669133987993,2.0,0.7284274237469965,0.0,1.0,0.9999999999992999,0.5,0.27244910787119175,0.40443851243972506
ICEWS14,1207,3290,127,278,2277;2449,5421,0,3564.0,0.8128684372880048,2.0,0.9423178739918808,0.48020614479804213,0.5197938552019579,0.28898203218897567,0.5,0.3386980367410318,0.2733920834447858
ICEWS14,1208,3290,160,301,5036,5036,1,1.0,1.3081081259001437,2.0,0.6864101813026526,0.4752649511825976,1.0,0.9999999999992355,0.7376324755912989,0.25706474598025536,0.6362881057295641
ICEWS14,1209,3290,162,278,5036,0,0,3564.5,0.0,0.0,0.0,0.0,0.0,0.0,0.0,0.06266844042745784,0.00977672855419752
ICEWS14,1210,503,191,245,1188,0,0,3564.5,0.0,0.0,0.0,0.0,0.0,0.0,0.0,0.06266844042745784,0.00977672855419752
ICEWS14,1211,503,224,171,1188,1188,1,1.0,0.5601666823492362,7.0,0.9803906099397734,0.3716116226353836,0.6283883773646164,0.2188008641042865,0.5,0.43383034183448344,0.29846243923176546
ICEWS14,1212,503,224,27,1188,1188,1,1.0,1.8007259659474113,2.0,0.9803906099397734,0.455558131287365,1.0,0.9999999999994447,0.7277790656436824,0.3696678346385935,0.6983064733508623
ICEWS14,1213,503,224,169,1188,1188,1,1.0,0.6032009292682663,6.0,0.25,0.5855444050736607,1.0,0.9999999999983422,0.7927722025368303,0.1774396057237469,0.6175163455063997
ICEWS14,1214,503,224,139,1188,1188,1,1.0,1.0926667118884952,6.0,0.4528618321319533,0.5855444050736607,1.0,0.9999999999990847,0.7927722025368303,0.2388798120115461,0.6661885038937984
ICEWS14,1215,503,115,290,1321,1629,0,3565.5,0.1819664576586637,2.0,0.09855978076444671,0.0,1.0,0.8731291224134742,0.5,0.10653728325040837,0.2233822526306303
ICEWS14,1216,503,56,285,1188,0,0,3564.5,0.0,0.0,0.0,0.0,0.0,0.0,0.0,0.06266844042745784,0.00977672855419752
ICEWS14,1217,503,167,264,1188,1629,0,3.0,0.7583998660286289,1.0,0.9803906099397734,0.0,1.0,0.6307481928250455,0.5,0.3192643758453337,0.34136958619258784
ICEWS14,1218,3384,6,206,5187,0,0,3564.5,0.0,0.0,0.0,0.0,0.0,0.0,0.0,0.06266844042745784,0.00977672855419752
ICEWS14,1219,3384,160,219,2624,0,0,3564.5,0.0,0.0,0.0,0.0,0.0,0.0,0.0,0.06266844042745784,0.00977672855419752
ICEWS14,1220,3384,156,278,1077,1077,1,1.5,0.0,1.0,0.8705505632961241,0.0,0.0,0.0,0.0,0.26972499561700375,0.031159761938267357
ICEWS14,1221,1446,38,345,1268,1161,0,3565.0,3.533185298145631,23.0,1.0,0.4751814443462513,0.9519065063553311,0.8802664096642283,0.7135439753507913,0.5945936493865392,0.7206558735829235
ICEWS14,1222,1446,38,198,1161,1161,1,1.0,3.615697667008522,15.0,0.9803906099397734,0.7728388318760344,0.8414030487577425,0.7208362243205724,0.8071209403168884,0.5519070883765554,0.7369222519764924
ICEWS14,1223,1446,160,78,4233,4233,1,1.0,0.9713940656437423,3.0,0.9803906099397734,0.5793246563958155,0.42067534360418446,0.26327626026195394,0.5,0.38012333042856133,0.2905920757756061
ICEWS14,1224,1446,160,292,1873,2442,0,3566.5,1.4362542525465525,9.0,1.0,0.5664999513039859,0.6681187265106261,0.4520282062170165,0.617309338907306,0.47790109574621786,0.49283093832735714
ICEWS14,1225,1446,160,50,2442,1698,0,2.0,0.12198251798424287,1.0,0.9423178739918808,0.0,1.0,0.06920392276148778,0.5,0.29586133031349904,0.18623398573702024
ICEWS14,1226,1446,160,322,2442,4233,0,2.0,0.7263385850247193,8.0,0.9611657480580811,0.07534228870842397,0.924657711291576,0.221900832594295,0.5,0.4394483798334684,0.27922262547816473
ICEWS14,1227,1446,61,69,1161,1161,1,1.0,1.0569842607353162,3.0,0.646816582731497,0.5336111755027428,0.9999999999999999,0.6156933251724919,0.7668055877513713,0.2609755257684748,0.5375476076398249
ICEWS14,1228,1446,56,226,1161,1161,1,1.0,0.3961592590547259,2.0,0.7001394896518027,0.02699963437389441,0.9730003656261056,0.3798355083430074,0.5,0.24888700515091036,0.2236783947136415
ICEWS14,1229,1446,87,96,6445,6445,1,1.0,0.9423178739918808,1.0,0.9423178739918808,0.0,1.0,0.9999999999989388,0.5,0.30842497070347896,0.4550300124776501
ICEWS14,1230,13,105,349,1145,1145,1,1.0,0.6864101813026526,1.0,0.6864101813026526,0.0,1.0,0.9999999999985432,0.5,0.22196742483288057,0.3844369759551559
ICEWS14,1231,13,56,127,1928,1145,0,2.0,0.05477131959719683,2.0,0.6216979445974911,0.38805466953545387,0.6119453304645461,0.027702818063817827,0.5,0.2208713641755645,0.15202416858805298
ICEWS14,1232,13,56,203,1145,1145,1,1.0,0.012158725982376689,2.0,0.13801118920922653,0.38805466953545387,0.6119453304645461,0.02770281806376853,0.5,0.11175492249149438,0.09147855027782477
ICEWS14,1233,13,6,229,4185,1971,0,3565.0,0.10254191950095473,1.0,0.10254191950095473,0.0,1.0,0.9999999999902478,0.5,0.0933405927669598,0.24355272135828843
ICEWS14,1234,13,6,109,1145,0,0,3564.5,0.0,0.0,0.0,0.0,0.0,0.0,0.0,0.06266844042745784,0.00977672855419752
ICEWS14,1235,4185,156,170,6349,1145,0,3566.5,0.1762277415378941,3.0,0.9423178739918808,0.1715111062165382,0.8284888937834618,0.08397558590474298,0.5,0.3519481831963626,0.21958969222427133
ICEWS14,1236,4185,53,277,4019,226,0,3.0,0.016408027385265034,1.0,0.836743383392903,0.0,1.0,0.009901778952997032,0.5,0.25895854453673284,0.157061934308722
ICEWS14,1237,4185,169,294,2683,1145,0,3565.0,0.043758718103237663,1.0,0.043758718103237663,0.0,1.0,0.9999999999771474,0.5,0.08501101918765337,0.2314746144679537
ICEWS14,1238,4185,160,224,6866,5577,0,3567.0,0.05547732743081846,1.0,0.7284274237469965,0.0,1.0,0.0395877104038874,0.5,0.22622131601408713,0.1455931460375137
ICEWS14,1239,4185,160,274,6080,745,0,3568.5,0.04461758954884143,1.0,0.5858370854182298,0.0,1.0,0.03958771040388051,0.5,0.18707541912379647,0.12567317527577673
ICEWS14,1240,4185,160,146,13,6509,0,3565.5,0.015003482376954314,1.0,0.35006974482590136,0.0,1.0,0.021898546007834665,0.5,0.13403585823576517,0.09569509901324581
ICEWS14,1241,4185,56,196,3592,1145,0,3566.0,0.12198659702409163,5.0,0.04123462221165295,0.7538427127763296,0.84696452048535,0.5725994306836608,0.8004036166308398,0.12193641973613245,0.42256674681876455
ICEWS14,1242,6105,53,83,2246,6293,0,3565.5,0.46711590587533924,2.0,0.5202016416109183,0.0,1.0,0.2931771384566484,0.5,0.19774413849703074,0.16828013975202122
ICEWS14,1243,6105,53,293,3159,2624,0,3566.5,0.11021968422622994,1.0,0.15853322601582306,0.0,1.0,0.5328566909461324,0.5,0.10162701658019836,0.1490029251274376
ICEWS14,1244,6105,155,16,2661,0,0,3564.5,0.0,0.0,0.0,0.0,0.0,0.0,0.0,0.06266844042745784,0.00977672855419752
ICEWS14,1245,4415,222,343,1176,6635,0,2.0,1.906107998576101,11.0,0.6341329040632923,0.500007090530848,0.8826311810141145,0.6211812484314262,0.6913191357724813,0.35434589915079745,0.507065944765607
ICEWS14,1246,4415,160,147,4043,998,0,3567.5,0.03807273594789262,1.0,0.9803906099397734,0.0,1.0,0.019801616452026938,0.5,0.3080010975792355,0.18314628148180928
ICEWS14,1247,4415,160,142,5678,5565,0,1.5,0.0,1.0,0.9803906099397734,0.0,0.0,0.0,0.0,0.3074119377660179,0.035388146018500696
ICEWS14,1248,4415,156,139,5678,5678,1,1.0,0.10881882041201553,1.0,0.10881882041201553,0.0,1.0,0.9999999999908104,0.5,0.09427206795476759,0.24486736362968375
ICEWS14,1249,4415,156,28,5678,5678,1,1.0,0.9803906099397734,1.0,0.9803906099397734,0.0,1.0,0.99999999999898,0.5,0.322779285591777,0.4657625428295966
ICEWS14,1250,4415,228,7,6635,6635,1,1.0,0.9803906099397734,1.0,0.9803906099397734,0.0,1.0,0.99999999999898,0.5,0.322779285591777,0.4657625428295966
ICEWS14,1251,4415,38,146,917,1176,0,3566.0,1.8273232172900125,3.0,0.9611657480580811,0.0,1.0,0.4774415730123247,0.5,0.3872201019210255,0.3031805924952094
ICEWS14,1252,4415,146,139,4043,0,0,3564.5,0.0,0.0,0.0,0.0,0.0,0.0,0.0,0.06266844042745784,0.00977672855419752
ICEWS14,1253,4415,148,270,6635,0,0,3564.5,0.0,0.0,0.0,0.0,0.0,0.0,0.0,0.06266844042745784,0.00977672855419752
ICEWS14,1254,4415,208,143,1176,0,0,3564.5,0.0,0.0,0.0,0.0,0.0,0.0,0.0,0.06266844042745784,0.00977672855419752
ICEWS14,1255,453,224,277,4393,4393,1,1.0,2.545258406397381,8.0,0.820335356007638,0.665196987295646,0.9980364747300979,0.978243412200579,0.8316167310128719,0.414136611165416,0.7720149968904675
ICEWS14,1256,453,38,218,4393,0,0,3564.5,0.0,0.0,0.0,0.0,0.0,0.0,0.0,0.06266844042745784,0.00977672855419752
ICEWS14,1257,2457,207,126,497,497,1,1.0,2.8273232172900125,3.0,0.9611657480580811,0.0,1.0,0.9999999999996463,0.5,0.4045914999468821,0.4650924594884022
ICEWS14,1258,2457,222,114,497,4361,0,3566.5,0.708616642973437,2.0,0.8879629756445782,0.2592975260482152,0.7407024739517848,0.4195462404029295,0.5,0.31699525374328946,0.2864434764445361
ICEWS14,1259,2457,127,33,4845,0,0,3564.5,0.0,0.0,0.0,0.0,0.0,0.0,0.0,0.06266844042745784,0.00977672855419752
ICEWS14,1260,2457,127,363,5901,0,0,3564.5,0.0,0.0,0.0,0.0,0.0,0.0,0.0,0.06266844042745784,0.00977672855419752
ICEWS14,1261,2457,123,127,6624,3147,0,3565.0,0.5412194958693883,1.0,0.5412194958693883,0.0,1.0,0.9999999999981524,0.5,0.18127976746005783,0.3462617701085022
ICEWS14,1262,2457,6,146,497,497,1,1.0,1.8324256273714454,9.0,0.5100008047105996,0.4364494675342607,0.8991866674957505,0.69076167768293,0.6678180675150056,0.29328477366127276,0.4615494425746274
ICEWS14,1263,2457,160,143,497,3155,0,2.0,0.0943679814589708,1.0,0.410167678003819,0.0,1.0,0.12998928707713517,0.5,0.14686274042924985,0.11684331814568043
ICEWS14,1264,2457,169,342,435,6624,0,4.0,0.15536230634877193,1.0,0.3170664520316462,0.0,1.0,0.3245026054024443,0.5,0.1288957921157533,0.13508395045743346
ICEWS14,1265,6856,160,6,2430,2430,1,1.0,0.9803906099397734,1.0,0.9803906099397734,0.0,1.0,0.99999999999898,0.5,0.322779285591777,0.4657625428295966
ICEWS14,1266,6856,160,176,2686,2686,1,1.0,0.0668180523135175,3.0,0.04831354178959312,0.3245473357712867,0.6754526642287133,0.3126179385450091,0.5,0.10772639156382648,0.12387743041222866
ICEWS14,1267,2560,61,8,1176,0,0,3564.5,0.0,0.0,0.0,0.0,0.0,0.0,0.0,0.06266844042745784,0.00977672855419752
ICEWS14,1268,2560,53,257,2340,385,0,3565.5,0.8626059672936344,1.0,0.9611657480580811,0.0,1.0,0.8139899849834428,0.5,0.31394295809250017,0.39608880118393147
ICEWS14,1269,2560,158,254,6635,0,0,3564.5,0.0,0.0,0.0,0.0,0.0,0.0,0.0,0.06266844042745784,0.00977672855419752
ICEWS14,1270,2560,156,54,1176,0,0,3564.5,0.0,0.0,0.0,0.0,0.0,0.0,0.0,0.06266844042745784,0.00977672855419752
ICEWS14,1271,4918,38,2,2202,0,0,3564.5,0.0,0.0,0.0,0.0,0.0,0.0,0.0,0.06266844042745784,0.00977672855419752
ICEWS14,1272,4918,38,187,2202,2202,1,1.0,4.832630094452324,13.0,0.7141434062641757,0.536745557387386,0.9903101564777965,0.9775090321690503,0.7635278569325913,0.45082287334757026,0.6797728498227126
ICEWS14,1273,4918,38,30,2202,2207,0,3565.0,1.2455910408046769,2.0,0.6597539553864471,0.470328596005128,1.0,0.9999999999991971,0.735164298002564,0.24779251859390297,0.6273930180004857
ICEWS14,1274,4918,38,144,2202,2202,1,1.0,0.8290726110266186,5.0,0.3108489722987456,0.675980482856272,0.8843017991654524,0.760873519091855,0.7801411410108622,0.1866741382248527,0.5356444532231276
ICEWS14,1275,3769,160,126,5186,0,0,3564.5,0.0,0.0,0.0,0.0,0.0,0.0,0.0,0.06266844042745784,0.00977672855419752
ICEWS14,1276,3155,142,3,3677,2065,0,3563.5,0.0,1.0,1.0,0.0,0.0,0.0,0.0,0.31444089581150797,0.03619909534280753
ICEWS14,1277,3155,142,105,4609,956,0,3588.0,6.1946988467816695,17.0,0.9423178739918808,0.7627902066430237,0.8008802093200249,0.5452375999740564,0.7818352079815243,0.5926566375364577,0.6216719630352178
ICEWS14,1278,3155,142,171,6410,5046,0,13.0,0.390144324184277,7.0,0.5743491774985175,0.6263142666265971,0.3736857333734029,0.06567318876051524,0.5,0.27729238103959697,0.18599320914777165
ICEWS14,1279,3155,142,263,3726,5950,0,3607.0,0.802219425031494,3.0,0.9423178739918808,0.3531427198375575,0.6468572801624425,0.176913297093848,0.5,0.36238835486018556,0.24610845436544412
ICEWS14,1280,3155,142,80,956,956,1,1.0,4.7111527525407535,13.0,0.9423178739918808,0.6182769512602408,0.730743119136296,0.3572270841713429,0.6745100351982685,0.5437835556731939,0.46088177590647095
ICEWS14,1281,3155,142,240,4702,5827,0,3.0,0.6475432790877114,5.0,0.6864101813026526,0.4772257572612185,0.5227742427387815,0.1454225953102565,0.5,0.29804832390058644,0.2067835310289518
ICEWS14,1282,3155,142,163,3911,5046,0,41.0,0.4571220275451635,7.0,0.6729500963161781,0.6263142666265972,0.37368573337340283,0.06567318876051684,0.5,0.31257693832927697,0.203856807147367
ICEWS14,1283,3155,142,293,3159,5950,0,28.0,0.5307455997509909,4.0,0.9057236642639067,0.59943375474513,0.4005662452548699,0.12556591250823054,0.5,0.3624788664297239,0.24920466310365066
ICEWS14,1284,3155,142,49,838,3232,0,3577.5,0.8239746297464636,10.0,0.9057236642639067,0.669562925752268,0.3304370742477321,0.08119925850110586,0.5,0.43636647993499555,0.267341415171961
ICEWS14,1285,3155,142,60,5137;6410,3232,0,21.75,0.6626808379428804,10.0,0.7284274237469965,0.669562925752268,0.3304370742477321,0.08119925850110392,0.5,0.36256003845413737,0.22963794326261966
ICEWS14,1286,3155,142,239,2220,5827,0,7.0,0.6604951868393465,5.0,0.7001394896518027,0.4772257572612185,0.5227742427387815,0.1454225953102572,0.5,0.30307493864127794,0.2093587621713255
ICEWS14,1287,3155,142,31,5756,3232,0,14.0,0.00834616311925096,8.0,0.8042490800314893,0.5157480017918198,0.4842519982081802,0.0007811342660643108,0.5,0.36398889516350325,0.21758596710197176
ICEWS14,1288,3155,142,306,2262,2617,0,5.0,0.2544922959858593,4.0,0.820335356007638,0.42940437557746713,0.5705956244225329,0.04726320822248332,0.5,0.32573241726353336,0.2056446198876661
ICEWS14,1289,3155,142,67,4702,4702,1,1.0,0.4781577172885827,6.0,0.9611657480580811,0.5673485576585524,0.43265144234144753,0.05806000124506959,0.5,0.41264649887180443,0.25475956706680003
ICEWS14,1290,3155,142,267,2617,5950,0,11.0,0.5989947607122947,3.0,0.8705505632961241,0.3531427198375575,0.6468572801624425,0.13829414249137828,0.5,0.3318458327541366,0.22297345996551624
ICEWS14,1291,3155,142,150,956,5046,0,2.0,0.687391692961671,7.0,0.8705505632961241,0.6263142666265971,0.3736857333734029,0.07716249788306685,0.5,0.3915575529676306,0.2453456393436494
ICEWS14,1292,3155,142,73,956;2103,956,1,13.5,3.288851142022704,11.0,0.9803906099397734,0.5601547393469557,0.43984526065304436,0.2524772523024635,0.5,0.5199328959831178,0.3009434156923777
ICEWS14,1293,3155,142,212,3495,5827,0,3600.5,1.1666927541393082,4.0,0.9238395952400507,0.284693666105039,0.715306333894961,0.21916439991781192,0.5,0.3803377608285198,0.2535723196776352
ICEWS14,1294,3155,142,45,5792,3232,0,3578.5,0.8919022674410932,10.0,0.9803906099397734,0.669562925752268,0.3304370742477321,0.08119925850110642,0.5,0.4685258349955858,0.2843476597162093
ICEWS14,1295,3155,142,351,6955,4702,0,13.5,1.4795146445586984,18.0,0.7578582832551991,0.8164603846273277,0.3599516070806392,0.21825811561886702,0.5882059958539835,0.43623079538852527,0.36313148890970454
ICEWS14,1296,3155,54,49,6410,1077,0,1.0,0.03883425194191892,1.0,1.0,0.0,1.0,0.01980161645202719,0.5,0.31504933639229626,0.1866805669302996
ICEWS14,1297,3155,98,362,3159,3159,1,1.0,3.309457675636854,31.0,0.8534795977333005,0.6871533752985022,0.4821733175281169,0.26620993584227065,0.5846633464133095,0.5563736709081882,0.3913556275285747
ICEWS14,1298,3155,98,322,3159,3159,1,1.0,4.078904712089674,24.0,0.8705505632961241,0.6499437376947128,0.7478300121465983,0.49494547068555245,0.6988868749206556,0.5550092067762673,0.5518702226934837
ICEWS14,1299,3155,98,191,1077;5395,1077,1,1789.0,0.3961000024094359,5.0,0.7284274237469965,0.6936816085323521,0.306318391467648,0.09085039678537245,0.5,0.3090474961537597,0.21538756800585493
ICEWS14,1300,3155,98,40,2290,3159,0,6.0,0.5463636586946508,5.0,0.6729500963161781,0.5614335120421259,0.4385664879578742,0.10411815670578789,0.5,0.2918370265141257,0.19958926745451197
ICEWS14,1301,3155,98,107,6823,4319,0,3574.5,0.48581706766471244,3.0,0.9423178739918808,0.0,1.0,0.09605028297445012,0.5,0.35709450220483613,0.21061764357399493
ICEWS14,1302,3155,98,23,829,3159,0,3566.0,2.5693770893274066,5.0,0.9423178739918808,0.5614335120421259,0.8239524556653236,0.4634771666811902,0.6926929838537248,0.42828621721910565,0.5031653071470668
ICEWS14,1303,3155,98,336,4304,3159,0,32.0,0.26856964277765627,25.0,0.9803906099397734,0.710698492951919,0.289301507048081,0.02435112649059722,0.5,0.5354916418459112,0.3137962490784413
ICEWS14,1304,3155,98,330,3566,3159,0,5.0,0.28080538010603817,24.0,0.7429971445684742,0.6499437376947128,0.35005626230528725,0.02743825288159462,0.5,0.4333046719332199,0.2517967422246628
ICEWS14,1305,3155,98,188,1077,1077,1,1.0,0.4203464810992732,5.0,0.7730166686334901,0.6936816085323521,0.306318391467648,0.09085039678537353,0.5,0.32558693738717004,0.22428629907925773
ICEWS14,1306,3155,98,141,1077,3159,0,5.0,1.0058392592617238,10.0,0.9238395952400507,0.6825369268574011,0.5993585282275734,0.2089274304232542,0.6409477275424873,0.4470984334753728,0.4239694197556109
ICEWS14,1307,3155,98,131,509,3159,0,5.0,0.6979685275824679,9.0,1.0,0.5869887122695276,0.41301128773047235,0.16840780486294174,0.5,0.4645385532915836,0.30906773659615777
ICEWS14,1308,3155,98,283,829,3159,0,3581.5,1.4277003199439215,17.0,0.7884782461155736,0.6482538376373301,0.5862129497999371,0.2694784268361092,0.6172333937186336,0.4430690617316756,0.40014792495727614
ICEWS14,1309,3155,98,124,509,4319,0,3574.5,0.3469430555233515,3.0,0.6729500963161781,0.0,1.0,0.09605028297444257,0.5,0.25946324800752724,0.16312388880040535
ICEWS14,1310,3155,123,179,3159,3159,1,1.0,2.4676711756855108,8.0,0.9611657480580811,0.5394835312207786,0.6550912694576575,0.42552929042320203,0.5972874003392181,0.4708067626464029,0.43057287997999405
ICEWS14,1311,3155,123,130,6379,1077,0,3.0,0.8228730954311545,3.0,0.9611657480580811,0.27083182370593395,0.729168176294066,0.1892786398756003,0.5,0.3700555412428258,0.24884911470138268
ICEWS14,1312,3155,123,224,3159,3159,1,1.0,0.2517730416621933,9.0,0.5743491774985175,0.6560163779845107,0.34398362201548927,0.058720212994291775,0.5,0.29180236205094284,0.19398032411717755
ICEWS14,1313,3155,123,320,1077,3159,0,2.0,2.032793908823583,15.0,0.8879629756445782,0.6808320968305972,0.5634470246236106,0.388139644995887,0.6221395607271039,0.4846931650633735,0.46289831563040995
ICEWS14,1314,3155,123,207,3159,3159,1,1.0,1.6720604085677948,9.0,0.8042490800314893,0.6560163779845107,0.5970317856840935,0.3569400120268959,0.6265240818343021,0.40159318166891933,0.41184807839447257
ICEWS14,1315,3155,103,270,3159,2290,0,17.0,1.397795328834724,7.0,0.9057236642639067,0.3844186243939308,0.6155813756060692,0.3155420302252471,0.5,0.4181635855018536,0.29867620260775457
ICEWS14,1316,3155,103,328,6785,2290,0,11.0,0.6735947073076409,9.0,0.9057236642639067,0.6603117815207571,0.33968821847924296,0.1445767125780294,0.5,0.4251695541728003,0.2832081283424786
ICEWS14,1317,3155,103,39,3341,741,0,3566.5,1.1082991859767324,2.0,0.9423178739918808,0.0,1.0,0.4223675810352231,0.5,0.34352139643404933,0.2797069080210538
ICEWS14,1318,3155,103,30,3548,3548,1,1.0,0.03517310096778259,1.0,0.9057236642639067,0.0,1.0,0.01980161645202617,0.5,0.2819892322938145,0.17016402719170695
ICEWS14,1319,3155,103,53,2219,741,0,3567.5,0.5085592316520716,2.0,0.7141434062641757,0.0,1.0,0.21920594552647324,0.5,0.254840137235543,0.18616865503976993
ICEWS14,1320,3155,103,125,509,956,0,8.0,0.6477122236159695,4.0,0.34320509065132626,0.2651197014454123,0.7348802985545877,0.3336409004082119,0.5,0.18283380871228483,0.17041947307051106
ICEWS14,1321,3155,103,144,711,2695,0,3.0,0.1802466887244123,2.0,0.820335356007638,0.4900991917739813,0.5099008082260187,0.05934280798972445,0.5,0.2851323655367766,0.19581078693446174
ICEWS14,1322,3155,103,149,6785,2695,0,4.0,0.16325369138291057,2.0,0.7429971445684742,0.4900991917739814,0.5099008082260186,0.05934280798972244,0.5,0.2592689676011968,0.18178786331436686
ICEWS14,1323,3155,103,101,711,956,0,2.0,1.2347443996618066,4.0,0.5520447568369061,0.2651197014454122,0.7348802985545878,0.4214504298512211,0.5,0.2487640134166597,0.22396668714874446
ICEWS14,1324,3155,169,17,146,2457,0,3564.5,0.036594209727974114,1.0,0.9423178739918808,0.0,1.0,0.01980161645202658,0.5,0.2945707470246094,0.17643294557430841
ICEWS14,1325,3155,169,215,2624,3159,0,3.0,4.4099422643178645,11.0,0.7001394896518027,0.7394286955193863,0.891634410094196,0.6662999259064905,0.8155315528067911,0.42368345108116723,0.628954298277502
ICEWS14,1326,3155,169,249,4319,3159,0,3573.5,5.891377887294905,21.0,0.8042490800314893,0.683087781689109,0.6221787682502329,0.44454159979908026,0.6526332749696709,0.5486134472077837,0.44029959482560727
ICEWS14,1327,3155,169,47,2457,2790,0,2.0,1.9781410884911583,5.0,0.7141434062641757,0.5476098328425484,0.6492658153612606,0.4694597918936311,0.5984378241019045,0.32881474710396097,0.3647232221908187
ICEWS14,1328,3155,169,222,4807,3159,0,3572.0,5.010611149641538,13.0,0.9423178739918808,0.7200731366696254,0.790078806406126,0.602051112084864,0.7550759715378756,0.5491748760187045,0.6215196326964322
ICEWS14,1329,3155,156,70,5736,956,0,3566.0,0.024001002693703755,2.0,0.4711589369959404,0.39750105926563917,0.6024989407343608,0.015584916746225754,0.5,0.18024400258675938,0.12875924193154936
ICEWS14,1330,3155,156,364,669,1354,0,3570.5,0.04833370747013421,1.0,0.3298769776932236,0.0,1.0,0.0790515322885917,0.5,0.13043714910861975,0.10068463942233984
ICEWS14,1331,3155,160,68,4702,5924,0,4.0,0.3966437458941563,2.0,0.9423178739918808,0.4851512137172558,0.5148487862827442,0.12152381020590139,0.5,0.331959173254339,0.23293901821400012
ICEWS14,1332,3155,160,147,1077,1077,1,1.0,0.024774727890954362,3.0,0.597554769985219,0.33416472858050794,0.6658352714194921,0.01399600932621647,0.5,0.23177669855837532,0.15129326599501325
ICEWS14,1333,3155,160,322,6890,711,0,3579.0,1.485270721091908,6.0,0.8879629756445782,0.38505695384929073,0.6149430461507093,0.38043847133952624,0.5,0.4007477491231931,0.30726739497948635
ICEWS14,1334,3155,160,324,146,711,0,7.0,1.4275913437070697,6.0,0.8534795977333005,0.3850569538492906,0.6149430461507094,0.38043847133952235,0.5,0.385981881960212,0.29931100259713017
ICEWS14,1335,3155,127,311,4702,956,0,3573.0,0.2625872564401128,5.0,1.0,0.38863229332771554,0.6113677066722845,0.08727405821985061,0.5,0.41098103648205414,0.2583435878211692
ICEWS14,1336,3155,127,336,3159,2290,0,18.0,0.3051945995621397,7.0,0.7578582832551991,0.4179949955685476,0.5820050044314524,0.13274484353623486,0.5,0.34139647715931076,0.2286770269977498
ICEWS14,1337,3155,127,71,5092,1077,0,3.0,0.0,3.0,0.5412194958693883,0.36710313061368416,0.0,0.0,0.18355156530684208,0.21511585873664787,0.05069286953984488
ICEWS14,1338,3155,127,349,2290,509,0,2.0,0.5109097180446629,3.0,0.8705505632961241,0.4263235523172971,0.5736764476827029,0.20241437221747907,0.5,0.33042860747398334,0.24446830416509036
ICEWS14,1339,3155,127,246,2290,5395,0,3.0,0.8319088493170198,3.0,0.8705505632961241,0.007828095092137777,0.9921719049078622,0.3147168952445041,0.5,0.3356079123194366,0.24776478084627254
ICEWS14,1340,3155,38,21,5542,5542,1,1.0,0.32063665455332635,1.0,0.9803906099397734,0.0,1.0,0.1954929225945135,0.5,0.3123931366794825,0.22114779954191618
ICEWS14,1341,3155,159,167,3183,3159,0,3566.0,0.7455505632961241,1.0,0.8705505632961241,0.0,1.0,0.748882669331194,0.5,0.2805248966482701,0.3504379590088511
ICEWS14,1342,3155,55,148,2790,2790,1,1.0,0.3820186072314494,3.0,0.18574928614211858,0.5137690085614581,1.0,0.9999999999973824,0.7568845042807291,0.1345469703435047,0.5387993836692632
ICEWS14,1343,3155,55,49,5046,2790,0,3564.0,1.3942391230577869,2.0,1.0,0.28276291816654675,1.0,0.9999999999992827,0.6413814590832734,0.3704324047005874,0.6292529904643205
ICEWS14,1344,3155,56,186,3159,6426,0,3570.0,0.17614152990828413,1.0,0.9803906099397734,0.0,1.0,0.0986986509926952,0.5,0.31014289734658884,0.199436033371251
ICEWS14,1345,3155,53,342,3159,1077,0,2.0,1.035471644135751,8.0,0.7730166686334901,0.6387373923923167,0.6517507598872108,0.24155341999588073,0.6452440761397638,0.3691805462441024,0.38237463314335696
ICEWS14,1346,3155,53,189,6410,956,0,3.0,0.262227688591568,6.0,0.646816582731497,0.22493570396054885,0.7750642960394512,0.08616913556359503,0.5,0.2901504129161348,0.18281763951590868
ICEWS14,1347,3155,53,109,3197,146,0,11.0,0.04241477564123941,3.0,0.646816582731497,0.0,1.0,0.011345405913983208,0.5,0.24701327661039968,0.1455854222440197
ICEWS14,1348,3155,53,144,5421,6823,0,3580.0,0.02894969422315752,3.0,0.5858370854182298,0.28452598725602496,0.715474012743975,0.009363074410605732,0.5,0.22835777299597837,0.14675986569267255
ICEWS14,1349,3155,53,254,1077,5092,0,27.0,0.8331897869421643,8.0,0.8705505632961241,0.49188427022209547,0.5081157297779045,0.16412916867685082,0.5,0.4043804783702266,0.26433244205407913
ICEWS14,1350,3155,53,112,5092,3495,0,2.0,0.784385471779681,4.0,0.9803906099397734,0.6292063430684679,0.3707936569315321,0.17416544506203094,0.5,0.39621237797229425,0.27881148385566135
ICEWS14,1351,3155,53,59,3262,1077,0,3570.5,0.20395978361753286,2.0,0.8705505632961241,0.0,1.0,0.06418245638447961,0.5,0.30292514374630886,0.18353758125342626
ICEWS14,1352,3155,53,166,2290,2243,0,3583.0,0.05298827059034261,2.0,0.9423178739918808,0.0,1.0,0.014401621648059037,0.5,0.3264464951943269,0.18709848952906588
ICEWS14,1353,3155,53,84,6559,956,0,7.0,1.4431366342202772,4.0,0.7730166686334901,0.48524916344001123,0.5147508365599888,0.3203491635244173,0.5,0.3273109547558581,0.2550173115096331
ICEWS14,1354,3155,53,223,146,5092,0,20.0,2.199579717109684,7.0,0.9803906099397734,0.2796550535696146,0.7203449464303854,0.3997418539713854,0.5,0.4632790366051642,0.3264210556697558
ICEWS14,1355,3155,53,153,3495,6823,0,3.0,0.02422346509247486,3.0,0.4901953049698867,0.28452598725602496,0.715474012743975,0.009363074410605163,0.5,0.20133563983534325,0.13301588385249008
ICEWS14,1356,3155,53,2,2100,0,0,3564.5,0.0,0.0,0.0,0.0,0.0,0.0,0.0,0.06266844042745784,0.00977672855419752
ICEWS14,1357,3155,53,67,956,3262,0,5.0,0.3864266252836803,2.0,0.9238395952400507,0.4950491105234984,0.5049508894765016,0.11807578996918668,0.5,0.3249763758153814,0.2287590876504304
ICEWS14,1358,3155,130,141,2442,2442,1,1.0,0.9423178739918808,1.0,0.9423178739918808,0.0,1.0,0.9999999999989388,0.5,0.30842497070347896,0.4550300124776501
ICEWS14,1359,3155,130,167,3159,2442,0,2.0,0.32194014753309763,2.0,0.646816582731497,0.46539803861923645,0.5346019613807635,0.15346077031021282,0.5,0.23162428213934572,0.18230441216086035
ICEWS14,1360,3155,174,292,4393,3159,0,2.0,0.7766484867624917,9.0,0.6597539553864471,0.5448712746495268,0.6632089751453698,0.36590373370543994,0.6040401248974483,0.33056543860804316,0.36058661321582636
ICEWS14,1361,3155,174,274,4393,3159,0,2.0,1.109276791612967,9.0,0.9423178739918808,0.5448712746495268,0.6632089751453697,0.3659037337054918,0.6040401248974483,0.44801039453776254,0.4365037981205211
ICEWS14,1362,3155,207,155,3566,3159,0,2.0,1.537197025430618,10.0,0.7429971445684742,0.5844444361778987,0.6338687444601189,0.29171525484007954,0.6091565903190088,0.3831105118062465,0.3589818895831929
ICEWS14,1363,3155,207,56,3159,6823,0,3.0,1.113305459833842,4.0,0.5100008047105996,0.2637515719219332,0.7362484280780668,0.40425384620736377,0.5,0.23426560830579693,0.21237940208473421
ICEWS14,1364,3155,207,184,1077,3159,0,13.0,1.499057846405404,11.0,0.6864101813026526,0.694034994537891,0.7304250950925407,0.4044371309279784,0.7122300448152159,0.3677002832404001,0.4838760575556869
ICEWS14,1365,3155,207,259,4304,3495,0,3575.5,0.3810584316554684,3.0,0.8879629756445782,0.5410324744753245,0.4589675255246754,0.1092379104234959,0.5,0.3348015365279727,0.2314865618399546
ICEWS14,1366,3155,167,212,3159,3159,1,1.0,0.3865083343167451,1.0,0.3865083343167451,0.0,1.0,0.9999999999974127,0.5,0.1445769544152223,0.30766258121435913
ICEWS14,1367,3155,155,353,3262,4304,0,3571.5,0.3989575958673335,3.0,0.7141434062641757,0.35076135887608373,0.6492386411239163,0.10861888160679481,0.5,0.27367389109517737,0.18743486803703835
ICEWS14,1368,3155,131,176,3159,3159,1,1.0,0.03382621849183678,1.0,0.03382621849183678,0.0,1.0,0.9999999999704372,0.5,0.08367195598770316,0.22947566575766568
ICEWS14,1369,3155,172,246,146,146,1,1.0,0.9683122244923752,1.0,0.9803906099397734,0.0,1.0,0.9756599238786816,0.5,0.32258752056211953,0.4572034732623542
ICEWS14,1370,3155,162,193,3341,956,0,3568.0,0.270094803896366,2.0,0.4528618321319533,0.0,1.0,0.18138020936410124,0.5,0.1783698893809665,0.13850581860477487
ICEWS14,1371,3155,158,327,2290,1077,0,3567.5,0.43680303283228816,1.0,1.0,0.0,1.0,0.27942929906231395,0.5,0.32132091658351314,0.24574099118758022
ICEWS14,1372,3155,128,120,829,0,0,3564.5,0.0,0.0,0.0,0.0,0.0,0.0,0.0,0.06266844042745784,0.00977672855419752
ICEWS14,1373,3155,190,260,6603,0,0,3564.5,0.0,0.0,0.0,0.0,0.0,0.0,0.0,0.06266844042745784,0.00977672855419752
ICEWS14,1374,3155,115,273,3159,6785,0,4.0,0.10090948840728312,1.0,0.2309598988100127,0.0,1.0,0.27951968636867364,0.5,0.1131685759546391,0.11696110528853096
ICEWS14,1375,3155,115,287,6890,6785,0,3567.5,0.07647509164850394,1.0,0.17503487241295065,0.0,1.0,0.27951968636842606,0.5,0.10394698307322195,0.11036773076285715
ICEWS14,1376,3155,173,182,3159,3159,1,1.0,0.3932330835733643,1.0,0.9238395952400507,0.0,1.0,0.2703662113747258,0.5,0.2935310635380739,0.22739794948738284
ICEWS14,1377,3155,163,174,3159,3159,1,1.0,5.915088234165534,7.0,0.9238395952400507,0.30630186721808506,1.0,0.9999999999998309,0.6531509336090425,0.507034873444912,0.5973088414541595
ICEWS14,1378,7067,160,93,4408,4408,1,1.0,0.4813759939648752,2.0,0.8042490800314893,0.39750105926563917,0.6024989407343608,0.21997361112203082,0.5,0.28410640565181094,0.22335133170790233
ICEWS14,1379,7067,160,321,5311,2277,0,3570.0,0.8265994497940913,2.0,0.8705505632961241,0.006623644160776876,0.9933763558392231,0.8925489961601543,0.5,0.31256027347741216,0.4177795365744824
ICEWS14,1380,244,160,168,1302,1302,1,1.0,0.8218573839239504,1.0,0.9803906099397734,0.0,1.0,0.7216087309593112,0.5,0.32026706293270024,0.37056452392596867
ICEWS14,1381,244,222,75,150,5455,0,3565.5,0.47318382557483285,3.0,0.5412194958693883,0.3202211037099568,0.6797788962900432,0.1785829512042744,0.5,0.2209763043560279,0.16986796032167006
ICEWS14,1382,244,222,146,1751,6785,0,5.0,0.3619972187761821,1.0,0.9423178739918808,0.0,1.0,0.2377433723316702,0.5,0.2995064677066836,0.2233716666010411
ICEWS14,1383,244,222,360,150,1148,0,3.0,5.611685307644057,16.0,0.9423178739918808,0.7384025242863033,0.8595380327464928,0.6006710201382821,0.798970278516398,0.5773178185037507,0.6584593563102856
ICEWS14,1384,244,222,201,1148,4473,0,2.0,0.6236628569703053,2.0,0.9611657480580811,0.48020614479804224,0.5197938552019578,0.20284393230584025,0.5,0.342693953757492,0.2558845111984434
ICEWS14,1385,244,12,234,3113,1148,0,3566.5,0.03591300376803752,2.0,0.2706097479346942,0.49504911052349854,0.5049508894765015,0.03466797273262583,0.5,0.1359474230698088,0.10943944847684776
ICEWS14,1386,244,12,147,1751,1751,1,1.0,0.48039060993977345,1.0,0.9803906099397734,0.0,1.0,0.3245026054029028,0.5,0.31489133652194684,0.25302834475299024
ICEWS14,1387,244,215,288,2083,1751,0,3565.0,0.08411876203952229,1.0,0.08411876203952229,0.0,1.0,0.999999999988112,0.5,0.09065416815240576,0.2397218605473181
ICEWS14,1388,3233,160,217,2547,2427,0,3565.5,0.6631907446701188,3.0,0.4528618321319533,0.33584759989774904,1.0,0.9466878634598124,0.6679237999488745,0.19876786180098205,0.502590588337884
ICEWS14,1389,3233,123,271,1148,0,0,3564.5,0.0,0.0,0.0,0.0,0.0,0.0,0.0,0.06266844042745784,0.00977672855419752
ICEWS14,1390,3233,115,177,1148,0,0,3564.5,0.0,0.0,0.0,0.0,0.0,0.0,0.0,0.06266844042745784,0.00977672855419752
ICEWS14,1391,1550,53,271,965,3338,0,3564.5,0.5,1.0,1.0,0.0,1.0,0.3333333333331111,0.5,0.3223228699649396,0.259705481448449
ICEWS14,1392,1550,110,225,1138,0,0,3564.5,0.0,0.0,0.0,0.0,0.0,0.0,0.0,0.06266844042745784,0.00977672855419752
ICEWS14,1393,4482,222,363,1188,1188,1,1.0,0.25593114708524195,4.0,0.2706097479346942,0.011938864516662706,0.9880611354833373,0.8769932042119709,0.5,0.16149003833052114,0.28212648140966373
ICEWS14,1394,4482,53,119,5498,2562,0,3564.5,0.5816283083035485,1.0,1.0,0.0,1.0,0.4100676231118788,0.5,0.32361946234743905,0.2805594139738308
ICEWS14,1395,4482,61,136,1188,0,0,3564.5,0.0,0.0,0.0,0.0,0.0,0.0,0.0,0.06266844042745784,0.00977672855419752
ICEWS14,1396,4482,156,278,1188,0,0,3564.5,0.0,0.0,0.0,0.0,0.0,0.0,0.0,0.06266844042745784,0.00977672855419752
ICEWS14,1397,6635,207,331,6890,4805,0,3567.0,0.02890329055210128,2.0,0.6095068271022377,0.0249947280278926,0.9750052719721074,0.023664834239130524,0.5,0.2170618150616923,0.13640981782606168
ICEWS14,1398,6635,207,296,1077,3155,0,3566.5,0.5356075546981318,1.0,0.7141434062641757,0.0,1.0,0.599999999999328,0.5,0.22814902184391586,0.26765335443710064
ICEWS14,1399,6635,38,246,1069,1176,0,18.0,11.023838782342137,46.0,0.9423178739918808,0.8524934272602581,0.8579178070287659,0.7153915817807305,0.8552056171445119,0.745661558083124,0.7140131915537523
ICEWS14,1400,6635,38,125,1176,1176,1,1.0,6.17260071865233,14.0,0.9611657480580811,0.5589728949380994,0.8450468041659458,0.6900075652954968,0.7020098495520226,0.583809097119974,0.5862511645940408
ICEWS14,1401,6635,38,96,1176,1176,1,1.0,1.8146661071917196,7.0,0.820335356007638,0.7171748136331204,0.6381450888901791,0.45522107512830756,0.6776599512616497,0.3910511886526534,0.4880800354138669
ICEWS14,1402,6635,38,36,5678,1176,0,3565.0,0.09326425270629457,2.0,0.5520447568369061,0.0,1.0,0.04455445727202025,0.5,0.2019203576774709,0.13060858811056128
ICEWS14,1403,6635,38,173,998,1176,0,1.0,7.109322662298838,22.0,1.0,0.7805865675475144,0.8202297937911034,0.6709872573783432,0.8004081806693089,0.6518668815947067,0.6920668643751687
ICEWS14,1404,6635,38,215,1176,1176,1,1.0,16.297892338540287,41.0,0.9803906099397734,0.7906174394376178,0.9597357997956849,0.8999716520960268,0.8751766196166513,0.8147880963888849,0.7156181037986356
ICEWS14,1405,6635,169,197,6890,1419,0,3567.5,0.1036111311803396,2.0,0.3789291416275995,0.0,1.0,0.07415391240399076,0.5,0.15933018882106442,0.11295799237948681
ICEWS14,1406,6635,169,314,1077,1077,1,1.0,0.7374451097767534,3.0,0.9803906099397734,0.13968346724722724,0.8603165327527728,0.47833423428027516,0.5,0.3761271157243663,0.33245507562834226
ICEWS14,1407,6635,127,289,925,4805,0,3.0,0.2094646716900539,1.0,0.8534795977333005,0.0,1.0,0.1398767530459229,0.5,0.2671044652842852,0.18475554837108643
ICEWS14,1408,6635,115,355,6890,6890,1,1.0,1.1619335336486578,6.0,0.6216979445974911,0.4774557630621892,0.5225442369378108,0.27805951378029453,0.5,0.2949792699169938,0.22581434150807725
ICEWS14,1409,6635,115,177,6890,925,0,3564.5,0.8203353560076381,2.0,1.0,0.45065067450362484,0.5493493254963752,0.29086447264504867,0.5,0.36076342952764845,0.2860008195889313
ICEWS14,1410,6635,142,264,3262,5565,0,3573.5,0.3999530390337849,2.0,0.9057236642639067,0.4752649511825976,0.5247350488174024,0.13103912758185612,0.5,0.3185763465612217,0.227053724816084
ICEWS14,1411,6635,142,196,6045,6868,0,3570.0,0.655771250485157,2.0,0.7884782461155736,0.0,1.0,0.265793738772524,0.5,0.2813247119452788,0.20949204781261346
ICEWS14,1412,6635,142,135,2241,4922,0,3567.0,0.33980169444385344,2.0,0.2929185427091149,0.0,1.0,0.41419805723060293,0.5,0.14307693781236136,0.15616216761331678
ICEWS14,1413,6635,156,147,4847,1176,0,3565.5,1.1759126775757691,4.0,0.6864101813026526,0.10516465145076381,0.8948353485492362,0.6314225656250214,0.5,0.2922080234539008,0.3054008707923848
ICEWS14,1414,6635,18,10,1176,1176,1,1.0,2.7921931808244023,3.0,0.9803906099397734,0.3511184744209964,1.0,0.9999999999996418,0.6755592372104982,0.41174484159627045,0.649322200337684
ICEWS14,1415,6635,208,162,1176,0,0,3564.5,0.0,0.0,0.0,0.0,0.0,0.0,0.0,0.06266844042745784,0.00977672855419752
ICEWS14,1416,6635,53,313,2661,925,0,3571.0,0.02459761057954346,1.0,0.8705505632961241,0.0,1.0,0.014330067110300675,0.5,0.2700770999428974,0.16330276025321178
ICEWS14,1417,6635,53,355,6890,925,0,4.0,0.6737404223524721,3.0,0.6729500963161781,0.5554561203260755,0.7496833247178876,0.286228193409562,0.6525697225219815,0.2640505751726452,0.3381537951650468
ICEWS14,1418,6635,155,357,925,3922,0,3.5,1.8168170261388439,3.0,0.7578582832551991,0.3717163993526559,1.0,0.8036174010725108,0.685858199676328,0.31004133490580044,0.5424443034166234
ICEWS14,1419,6635,160,163,3137,4415,0,3566.0,0.10557449059897783,1.0,0.9423178739918808,0.0,1.0,0.059342807989710686,0.5,0.2956130803153803,0.1842385476770915
ICEWS14,1420,6635,126,43,5678,3137,0,3564.0,1.0,1.0,1.0,0.0,1.0,0.9999999999989999,0.5,0.33030722584940386,0.47130336916752824
ICEWS14,1421,1445,38,218,1160,1160,1,1.0,1.3056691479141835,9.0,0.410167678003819,0.4241096363519221,0.9838678027685462,0.8936245545619114,0.7039887195602341,0.2526029089086251,0.5445293739656961
ICEWS14,1422,1445,38,155,1160,1160,1,1.0,1.7724170436195437,7.0,0.4439814878222891,0.5696303283416786,0.9619622006936254,0.7660741060090163,0.7657962645176519,0.25433271432479077,0.5558457310092629
ICEWS14,1423,1445,38,33,1160,1160,1,1.0,0.8705505632961241,1.0,0.8705505632961241,0.0,1.0,0.9999999999988514,0.5,0.2823612352681468,0.43492005470572903
ICEWS14,1424,5454,38,106,2149,0,0,3564.5,0.0,0.0,0.0,0.0,0.0,0.0,0.0,0.06266844042745784,0.00977672855419752
ICEWS14,1425,5454,169,305,580,0,0,3564.5,0.0,0.0,0.0,0.0,0.0,0.0,0.0,0.06266844042745784,0.00977672855419752
ICEWS14,1426,151,90,53,4070,2300,0,3567.0,0.46448562162851825,2.0,0.5743491774985175,0.0,1.0,0.25656720129454674,0.5,0.21247825068651363,0.1699797353741003
ICEWS14,1427,151,90,324,2604,2657,0,3573.5,0.003493644591632983,1.0,0.17853585156604396,0.0,1.0,0.009880829726948042,0.5,0.10399876817703331,0.07811746127025626
ICEWS14,1428,151,155,90,6504,6504,1,1.0,0.25,1.0,0.25,0.0,1.0,0.9999999999960001,0.5,0.11752386099861807,0.2756840957657569
ICEWS14,1429,151,160,132,1115,2624,0,3567.0,0.25912621412779124,1.0,0.5520447568369061,0.0,1.0,0.30667156108047183,0.5,0.18092673308488386,0.1669293855225166
ICEWS14,1430,151,185,21,3159,0,0,3564.5,0.0,0.0,0.0,0.0,0.0,0.0,0.0,0.06266844042745784,0.00977672855419752
ICEWS14,1431,6925,53,63,3341,3341,1,1.0,0.29880933890258454,2.0,0.5412194958693883,0.0,1.0,0.1619700924974473,0.5,0.20140835798350037,0.14782298520604448
ICEWS14,1432,6925,53,30,1760,0,0,3564.5,0.0,0.0,0.0,0.0,0.0,0.0,0.0,0.06266844042745784,0.00977672855419752
ICEWS14,1433,6925,156,22,5682,0,0,3564.5,0.0,0.0,0.0,0.0,0.0,0.0,0.0,0.06266844042745784,0.00977672855419752
ICEWS14,1434,6925,156,87,7084,2713,0,3567.0,0.35872955711744814,2.0,0.4711589369959404,0.4950491105234984,0.5049508894765016,0.23797460179307467,0.5,0.18386475370600133,0.1704296943604433
ICEWS14,1435,6925,127,48,537,537,1,1.0,0.019224861881692368,1.0,0.9803906099397734,0.0,1.0,0.009901778952997927,0.5,0.30770935621280826,0.18119126221832613
ICEWS14,1436,284,53,145,6686,0,0,3564.5,0.0,0.0,0.0,0.0,0.0,0.0,0.0,0.06266844042745784,0.00977672855419752
ICEWS14,1437,284,53,233,1389,5893,0,3565.5,0.3655844463969626,1.0,0.836743383392903,0.0,1.0,0.27951968636923413,0.5,0.26385576738810707,0.21208004453079232
ICEWS14,1438,284,53,27,1077,0,0,3564.5,0.0,0.0,0.0,0.0,0.0,0.0,0.0,0.06266844042745784,0.00977672855419752
ICEWS14,1439,284,169,57,537,0,0,3564.5,0.0,0.0,0.0,0.0,0.0,0.0,0.0,0.06266844042745784,0.00977672855419752
ICEWS14,1440,284,160,350,1077,6384,0,3569.0,0.6965598230329446,1.0,0.7429971445684742,0.0,1.0,0.882352941175353,0.5,0.2388807165832628,0.36036575201361176
ICEWS14,1441,5661,86,77,5441,5441,1,1.0,6.756224396225831,14.0,0.9611657480580811,0.7474947848501635,1.0,0.8412981939345545,0.8737473924250818,0.5940723098988471,0.7683406188160933
ICEWS14,1442,5661,86,16,5441,5441,1,1.0,1.2981366275776045,3.0,0.7730166686334901,0.0,1.0,0.40308941983511487,0.5,0.3074126926649702,0.2438708572607351
ICEWS14,1443,5661,86,64,5441,5441,1,1.0,5.305004282815287,11.0,0.9423178739918808,0.6140311246761341,1.0,0.7629010656729192,0.807015562338067,0.5405442547003084,0.6970217114153848
ICEWS14,1444,5661,86,149,5441,5441,1,1.0,5.312960334657648,24.0,0.8705505632961241,0.7380230462151272,0.8636551235336705,0.68812133706964,0.8008390848743988,0.5770259198075223,0.6897885656007919
ICEWS14,1445,5661,86,348,5441,5441,1,1.0,8.14265454527646,46.0,0.9423178739918808,0.7296556736776558,0.9941567994750162,0.9877251164913115,0.861906236576336,0.703977074446084,0.8144960526250686
ICEWS14,1446,5661,170,185,5441,5441,1,1.0,4.8314074768976285,29.0,0.9803906099397734,0.6097370053111957,0.9732322640223253,0.9438956755861039,0.7914846346667606,0.6285086142130274,0.7851817545376835
ICEWS14,1447,5661,170,26,5441,5441,1,1.0,6.151699220295438,8.0,0.9803906099397734,0.6843869817964523,0.9999999999999999,0.9999999999998375,0.842193490898226,0.5455921948008184,0.7785369151592151
ICEWS14,1448,5661,170,223,5441,5441,1,1.0,3.200200406249376,30.0,0.9238395952400507,0.7172946152844355,0.9807996471198582,0.9594349693370849,0.8490471312021468,0.5804610392187946,0.8317903467954372
ICEWS14,1449,5661,170,20,5441,5441,1,1.0,4.741349558230639,6.0,0.9238395952400507,0.5480800786047539,1.0,0.9999999999997891,0.774040039302377,0.47357578982689297,0.7202018657947581
ICEWS14,1450,359,115,129,2300,711,0,3568.0,0.6276354577608775,4.0,0.6341329040632923,0.5423054718397793,0.45769452816022077,0.2928289196796668,0.5,0.2665931523705317,0.22979319672736725
ICEWS14,1451,359,115,220,711,2300,0,2.0,0.4444288523665475,1.0,0.6729500963161781,0.0,1.0,0.49300386214719794,0.5,0.21511983815656302,0.23060400375961362
ICEWS14,1452,359,115,233,711,2300,0,2.0,0.34355091090099377,1.0,0.5202016416109183,0.0,1.0,0.4930038621470374,0.5,0.17404524211653774,0.20076307280214298
ICEWS14,1453,359,156,282,1077,1139,0,6.5,0.30872536047064925,2.0,0.8705505632961241,0.36941820241499035,0.6305817975850097,0.125888194675663,0.5,0.30453458562336566,0.21412194921373817
ICEWS14,1454,359,155,124,711,1077,0,3566.0,0.0684078890104487,1.0,0.3234082913657485,0.0,1.0,0.11826912311819747,0.5,0.12937867794163546,0.10508702832711547
ICEWS14,1455,359,155,121,711,1077,0,3566.0,0.07259534271663204,1.0,0.34320509065132626,0.0,1.0,0.11826912311820921,0.5,0.1331906326905782,0.10731350174120077
ICEWS14,1456,359,103,173,711,711,1,1.0,1.156512526690239,3.0,0.6864101813026526,0.4633485096482596,1.0,0.8251313695295769,0.7316742548241297,0.27539285179997136,0.5862164548593505
ICEWS14,1457,359,103,183,2300,711,0,3566.0,0.94872811530973,3.0,0.5630865404461788,0.4633485096482596,1.0,0.8251313695294479,0.7316742548241297,0.233463644112174,0.5532410160479416
ICEWS14,1458,359,127,185,1077,1077,1,1.0,0.07891436641676053,2.0,0.9803906099397734,0.048770451875363,0.951229548124637,0.039807529505090304,0.5,0.34102739008708177,0.20201216740380037
ICEWS14,1459,359,53,57,3677,711,0,3567.5,1.0384217722941895,4.0,0.8879629756445782,0.40225353870268366,0.5977464612973163,0.21431133161455787,0.5,0.36413597695202665,0.2522598566113929
ICEWS14,1460,359,53,265,382,2676,0,9.0,0.05227394210409053,2.0,0.9803906099397734,0.0,1.0,0.01378116821566828,0.5,0.340592623431886,0.19400342441152382
ICEWS14,1461,359,53,347,2713,2300,0,4.0,1.6452153308540567,16.0,1.0,0.5517810371883454,0.834742010512877,0.5840539111903821,0.6932615238506112,0.529999958437948,0.6274043955318146
ICEWS14,1462,359,53,289,2300,2713,0,3.0,0.2593280321166356,5.0,1.0,0.36995144099163746,0.6300485590083625,0.08896237442122597,0.5,0.4109237241146066,0.2577886883239547
ICEWS14,1463,359,56,37,2278,0,0,3564.5,0.0,0.0,0.0,0.0,0.0,0.0,0.0,0.06266844042745784,0.00977672855419752
ICEWS14,1464,359,160,49,2290,6889,0,3567.5,0.08833875646377087,1.0,0.7884782461155736,0.0,1.0,0.05934280798970412,0.5,0.2447308890713666,0.15827176474005197
ICEWS14,1465,359,160,130,2290,2290,1,1.0,0.47115893699594036,2.0,0.9803906099397734,0.32459032348608285,0.6754096765139171,0.19373788276150802,0.5,0.3474594183275335,0.2508427565629059
ICEWS14,1466,359,110,292,347,0,0,3564.5,0.0,0.0,0.0,0.0,0.0,0.0,0.0,0.06266844042745784,0.00977672855419752
ICEWS14,1467,359,90,227,3990,711,0,3567.0,1.2869891343547266,15.0,0.8705505632961241,0.6904536353622072,0.5535690841013061,0.2200731231244741,0.6220113597317567,0.4639237521601884,0.4102694164470918
ICEWS14,1468,359,61,194,3129,1139,0,3566.0,0.1745882095058488,1.0,0.410167678003819,0.0,1.0,0.270366211374493,0.5,0.14759438479857792,0.13887027647627953
ICEWS14,1469,455,224,272,6485,4274,0,3568.0,0.018698130794272044,3.0,0.14938869249630476,0.29292127893841813,0.7070787210615819,0.0462992720069315,0.5,0.12470973582471365,0.09738078498210653
ICEWS14,1470,4783,222,33,1161,0,0,3564.5,0.0,0.0,0.0,0.0,0.0,0.0,0.0,0.06266844042745784,0.00977672855419752
ICEWS14,1471,4783,222,180,1161,1161,1,1.0,0.2575747327225377,2.0,0.5306065116666864,0.38805466953545376,0.6119453304645462,0.17443908878249564,0.5,0.1980912482931876,0.1640223835193395
ICEWS14,1472,4783,156,117,2442,2442,1,1.0,0.3298769776932236,1.0,0.3298769776932236,0.0,1.0,0.9999999999969686,0.5,0.1327744755475675,0.29414604633566377
ICEWS14,1473,4783,56,204,1161,776,0,3564.5,1.8778486904388187,2.0,1.0,0.0,1.0,0.9015408151228612,0.5,0.378661931816391,0.44211975681731486
ICEWS14,1474,1013,6,229,2442,2442,1,1.0,0.7879339300149216,1.0,0.9057236642639067,0.0,1.0,0.7698325504668294,0.5,0.29319164801631264,0.3664782245345519
ICEWS14,1475,1013,53,247,4114,3494,0,3565.0,0.5345027973023067,2.0,0.5,0.06455120062316977,1.0,0.9999999999981292,0.5322756003115849,0.19319881575841244,0.3847179109313452
ICEWS14,1476,1013,160,47,5010,2442,0,3.0,0.1913279321060677,2.0,0.6597539553864471,0.37869166929822606,0.6213083307017739,0.09900903282568477,0.5,0.23379502222854173,0.1705799793348987
ICEWS14,1477,1013,227,146,1161,0,0,3564.5,0.0,0.0,0.0,0.0,0.0,0.0,0.0,0.06266844042745784,0.00977672855419752
ICEWS14,1478,1013,156,107,2733,1161,0,3565.5,0.010096383566338879,1.0,0.17503487241295065,0.0,1.0,0.02969757256540111,0.5,0.1034987156867901,0.07986717118655716
ICEWS14,1479,150,53,306,2083,6293,0,7.0,0.15484210528027295,1.0,0.3298769776932236,0.0,1.0,0.30667156108022753,0.5,0.13131722417223785,0.1338723542046428
ICEWS14,1480,150,162,33,4313,0,0,3564.5,0.0,0.0,0.0,0.0,0.0,0.0,0.0,0.06266844042745784,0.00977672855419752
ICEWS14,1481,150,155,132,6504,2083,0,3565.5,1.0965272191836046,8.0,0.3865083343167451,0.5825133353357984,0.917332373305963,0.7138125957979882,0.7499228543208807,0.23541932273222652,0.5233369027701995
ICEWS14,1482,150,155,33,2083,2083,1,1.0,2.98335896151874,5.0,0.9803906099397734,0.36546381676896755,0.8299138564894225,0.4885667464503684,0.597688836629195,0.4513852817521937,0.4185080260887509
ICEWS14,1483,150,156,304,4490,2410,0,3567.5,0.052244066530606204,1.0,0.9057236642639067,0.0,1.0,0.02969757256547165,0.5,0.2822403811077596,0.17204035200402587
ICEWS14,1484,150,160,86,4723,5322,0,3566.5,0.4010983781224925,1.0,0.9423178739918808,0.0,1.0,0.27036621137472944,0.5,0.30010273263105847,0.23122275482764293
ICEWS14,1485,246,160,4,3155,3155,1,1.0,0.9803906099397734,1.0,0.9803906099397734,0.0,1.0,0.99999999999898,0.5,0.322779285591777,0.4657625428295966
ICEWS14,1486,246,160,176,3155,3155,1,1.0,3.865864177183532,18.0,0.9803906099397734,0.7872813822119757,0.8461667192067526,0.7223405105928885,0.8167240507093642,0.5717984487239267,0.7481954378232623
ICEWS14,1487,246,160,313,2290;3155,3155,1,1.0,3.6602204317153064,28.0,0.9803906099397734,0.6783896326372196,0.8258916799185708,0.6556536292061784,0.7521406562778952,0.6054887826736476,0.6956975099106435
ICEWS14,1488,246,160,117,3155,3155,1,1.0,3.265003561792563,13.0,0.9057236642639067,0.8013612128333787,0.7357060511567052,0.55771036000015,0.768533631995042,0.5023266188969481,0.6390255660804987
ICEWS14,1489,246,160,292,4319,3155,0,6.0,2.8794211008001835,25.0,0.7578582832551991,0.5492855192486199,0.8883091976621461,0.7883559645824881,0.7187973584553831,0.4898888802400637,0.6508595327154372
ICEWS14,1490,246,160,161,3155,3155,1,1.0,2.7573863490965898,16.0,0.8042490800314893,0.7859551812592124,0.7460367097356725,0.5796010974848884,0.7659959454974424,0.4683991020548405,0.6314477424366256
ICEWS14,1491,246,145,319,3155,3155,1,1.0,0.8881371137800154,2.0,0.4528618321319533,0.0,1.0,0.9999999999988741,0.5,0.18504488841569205,0.33562242586999885
ICEWS14,1492,246,191,31,3155,0,0,3564.5,0.0,0.0,0.0,0.0,0.0,0.0,0.0,0.06266844042745784,0.00977672855419752
ICEWS14,1493,246,53,49,4723,0,0,3564.5,0.0,0.0,0.0,0.0,0.0,0.0,0.0,0.06266844042745784,0.00977672855419752
ICEWS14,1494,714,160,69,6411,4412,0,3565.0,0.9238395952400507,1.0,0.9238395952400507,0.0,1.0,0.9999999999989175,0.5,0.3015872178185898,0.44983546847777767
ICEWS14,1495,714,53,8,323,0,0,3564.5,0.0,0.0,0.0,0.0,0.0,0.0,0.0,0.06266844042745784,0.00977672855419752
ICEWS14,1496,4302,53,335,6293,6155,0,3567.5,0.056335274115830614,1.0,0.597554769985219,0.0,1.0,0.04947009763476138,0.5,0.1902062423412964,0.12873641844512573
ICEWS14,1497,4302,53,351,4702,3158,0,7.0,0.03807273594789262,1.0,0.9803906099397734,0.0,1.0,0.019801616452026938,0.5,0.3080010975792355,0.18314628148180928
ICEWS14,1498,4302,90,309,3341,4702,0,3565.0,0.5,1.0,0.5,0.0,1.0,0.999999999998,0.5,0.17084380106053865,0.33575137090206625
ICEWS14,1499,4302,127,349,3155,3155,1,1.0,1.1157519590642506,2.0,0.9803906099397734,0.0,1.0,0.4143604772834113,0.5,0.3581505250306203,0.286519355570071
ICEWS14,1500,4302,142,22,2278,0,0,3564.5,0.0,0.0,0.0,0.0,0.0,0.0,0.0,0.06266844042745784,0.00977672855419752
ICEWS14,1501,1297,224,194,3159,3159,1,1.0,0.511772062307142,1.0,0.5412194958693883,0.0,1.0,0.8967964252211937,0.5,0.18096249794967817,0.31368873727760477
ICEWS14,1502,5423,150,326,1121,1121,1,1.0,9.668566299823599,79.0,0.8879629756445782,0.784468349791847,0.815763547818321,0.6728172935632759,0.800115948805084,0.7465107920725811,0.6820791908077336
ICEWS14,1503,5423,150,341,1121,1121,1,1.0,6.313166589543789,79.0,0.6597539553864471,0.784468349791847,0.721385127476294,0.5467071512693581,0.7529267386340706,0.6117159101096257,0.587197904766162
ICEWS14,1504,5423,150,7,6994,1121,0,2.0,1.796586274888595,3.0,0.9803906099397734,0.0,1.0,0.4880407277054917,0.5,0.39434590553975163,0.3117664634825712
ICEWS14,1505,5423,150,225,1121,1121,1,1.0,10.320357849667877,54.0,0.9803906099397734,0.7854638051087645,0.8141883152848535,0.686500497037869,0.799826060196809,0.7586875321455497,0.6850877822015156
ICEWS14,1506,5423,150,125,1121,1121,1,1.0,5.3531800780157255,28.0,0.9803906099397734,0.8470050938781384,0.6466371864541302,0.47671703040547675,0.7468211401661342,0.6344533094939783,0.6204642243854355
ICEWS14,1507,5423,150,143,1121,1121,1,1.0,5.738682283969407,32.0,0.9611657480580811,0.7965758472647896,0.6275773266151624,0.4422621357793577,0.712076586939976,0.6443528621659156,0.5697600719510649
ICEWS14,1508,5423,150,168,1121,1121,1,1.0,8.028078619971081,40.0,0.9611657480580811,0.6999246206941544,0.669659466693453,0.4975505180474251,0.6847920436938038,0.6984098348963527,0.5330512423761331
ICEWS14,1509,5423,51,210,1121,1121,1,1.0,0.1101159142092003,4.0,0.7884782461155736,0.28973340889608623,0.7102665911039138,0.05218477026197673,0.5,0.31188138399058174,0.19548810000427588
ICEWS14,1510,5423,51,281,6994,1121,0,3565.5,3.4453936415514166,10.0,1.0,0.5366525405351412,0.8147331842796531,0.6320309205408404,0.6756928624073972,0.5230430145170527,0.5799009008997742
ICEWS14,1511,5423,51,161,1464,1121,0,3566.5,0.17585679858799608,3.0,0.5858370854182298,0.3098111137700317,0.6901888862299683,0.11556168271443559,0.5,0.2302436937604662,0.16680377239321137
ICEWS14,1512,5423,51,170,1121,1121,1,1.0,0.1471470126431642,3.0,0.4901953049698867,0.3098111137700317,0.6901888862299683,0.11556168271442084,0.5,0.20277533028698747,0.15171213549458906
ICEWS14,1513,5423,229,88,1121,1121,1,1.0,1.3988341279543908,4.0,0.4183716916964515,0.21806458515367033,1.0,0.7998347706382607,0.6090322925768352,0.21132762055066334,0.3796781984438899
ICEWS14,1514,5423,229,312,1121,1121,1,1.0,1.1848120872596546,11.0,0.6864101813026526,0.5836122003649536,0.41638779963504635,0.22168863863961974,0.5,0.36240913252837237,0.24994512514468975
ICEWS14,1515,5423,229,317,1121,1121,1,1.0,1.0731123451369822,11.0,0.6216979445974911,0.5836122003649536,0.41638779963504635,0.22168863863961547,0.5,0.3359698421930277,0.23697252854218426
ICEWS14,1516,5423,38,135,6994,1121,0,2.0,15.840145909415627,49.0,0.9423178739918808,0.8234449737650472,0.896413626307165,0.7821720990755141,0.8599293000361061,0.8096950263477711,0.6739049572534472
ICEWS14,1517,5423,38,95,6994,1121,0,1.0,11.48372675058335,31.0,0.9238395952400507,0.7443267771333497,0.8669688036954906,0.7345872770476881,0.8056477904144201,0.7186908264940909,0.6470293491374044
ICEWS14,1518,5423,38,324,1121,1121,1,1.0,10.708721367807186,110.0,0.9057236642639067,0.8578886656838097,0.6185614376636387,0.4146606869659694,0.7382250516737242,0.7866318199613398,0.5525883534383285
ICEWS14,1519,5423,38,173,1121,1121,1,1.0,13.994265626207639,60.0,0.9238395952400507,0.8781363242155928,0.8787616856091084,0.7743314578235181,0.8784490049123506,0.7950284739394027,0.7173996826401606
ICEWS14,1520,5423,38,225,1121,1121,1,1.0,12.23398043422772,74.0,0.9803906099397734,0.7447328884694826,0.803396696016531,0.6637613147503901,0.7740647922430068,0.8017967123654117,0.6411452234427713
ICEWS14,1521,5423,38,329,1464,1121,0,2.0,12.603372562011344,113.0,1.0,0.8791094167550152,0.6861879180762535,0.4793107799217357,0.7826486674156343,0.833387320685948,0.6147401859070175
ICEWS14,1522,5423,38,149,1121,1121,1,1.0,14.51709419256659,52.0,0.8705505632961241,0.8508465914328989,0.9124903943723971,0.812815232287038,0.8816684929026479,0.7778336773152859,0.7038329444680114
ICEWS14,1523,5423,38,9,1121,1121,1,1.0,6.314494821080498,8.0,0.9803906099397734,0.2682324753634142,1.0,0.773629037084496,0.6341162376817071,0.5485224782543197,0.5133392180954419
ICEWS14,1524,5423,38,337,6994,1121,0,2.0,14.45570405580005,117.0,0.9803906099397734,0.8240217765103843,0.7371217752192357,0.5529888054983992,0.7805717758648101,0.8486622792295418,0.6024517772140668
ICEWS14,1525,5423,38,42,6994,1121,0,1.0,7.7700738370155955,15.0,1.0,0.7051304755681813,0.8625959404427674,0.7116221102302217,0.7838632080054744,0.632503626461877,0.6621773083756303
ICEWS14,1526,5423,38,259,1121,1121,1,1.0,11.543845034898926,82.0,0.9803906099397734,0.8554144785816445,0.8368274885554162,0.7184586797196715,0.8461209835685304,0.7996922918912482,0.7336919267818021
ICEWS14,1527,5423,38,197,6994,1121,0,2.0,10.125192381935594,65.0,0.8705505632961241,0.8751906437226861,0.7692166291763913,0.5785353150370165,0.8222036364495386,0.7338034000132266,0.6557881516671663
ICEWS14,1528,5423,38,355,1121;6994,1121,1,1.0,13.552678901598053,123.0,0.9611657480580811,0.8090205005855918,0.7275795723026727,0.5306241672171769,0.7683000364441323,0.8381412845292923,0.593710761860502
ICEWS14,1529,5423,38,217,1121,1121,1,1.0,12.188064190989676,71.0,0.9611657480580811,0.687399982216945,0.8537635972007042,0.7105955475108592,0.7705817897088245,0.7936684883836616,0.6434574325681183
ICEWS14,1530,5423,38,301,4294,1121,0,10.5,12.710155022578359,102.0,0.9803906099397734,0.8519317285327581,0.6834271117077771,0.5032851949639838,0.7676794201202677,0.8245941852263106,0.5962898441140682
ICEWS14,1531,5423,222,21,1670,1670,1,1.0,0.2519631861927769,1.0,0.9803906099397734,0.0,1.0,0.14744881036222424,0.5,0.3113225651416461,0.2101331502389139
ICEWS14,1532,5423,222,225,1121,1121,1,1.0,2.6426853499675786,14.0,0.7141434062641757,0.7888735883736305,0.7899883377530258,0.6410560706090399,0.7894309630633282,0.4179288047718875,0.6425049090672658
ICEWS14,1533,5423,222,149,1121,1121,1,1.0,2.8279734354345196,9.0,0.7730166686334901,0.59215992195111,0.8187925620332762,0.6235976729100735,0.7054762419921932,0.40923784615088227,0.5451828337959638
ICEWS14,1534,5423,151,344,1121,1121,1,1.0,0.2732003308903303,3.0,0.20918584584822575,0.4454737836599205,0.9203770809359275,0.567669420137694,0.682925432297924,0.1382343080732409,0.3276045290558344
ICEWS14,1535,5423,156,51,1121,1121,1,1.0,6.3546698731534885,10.0,0.9238395952400507,0.7120915333094965,1.0,0.9999999999998426,0.8560457666547483,0.5439245983606522,0.7814307612267981
ICEWS14,1536,5423,156,330,1121,1121,1,1.0,9.135707104927118,66.0,0.7730166686334901,0.7608264537804621,0.9628968281983574,0.9247879958945693,0.8618616409894098,0.686633272670762,0.7688812227410668
ICEWS14,1537,5423,156,27,1121,1121,1,1.0,3.8461281347302325,5.0,0.9803906099397734,0.6699899904458824,1.0,0.99999999999974,0.8349949952229412,0.46694796069317557,0.7846863525764189
ICEWS14,1538,5423,156,155,1121,1121,1,1.0,11.156177863760332,33.0,0.9611657480580811,0.7854761195247923,1.0,0.9999999999999104,0.8927380597623962,0.7308089593049284,0.8006707079047015
ICEWS14,1539,5423,156,174,1121,1121,1,1.0,10.292243999776318,36.0,0.9423178739918808,0.8221689215999701,1.0,0.9999999999999029,0.9110844607999851,0.7181412004517288,0.8199468632805179
ICEWS14,1540,5423,127,4,1121,0,0,3564.5,0.0,0.0,0.0,0.0,0.0,0.0,0.0,0.06266844042745784,0.00977672855419752
ICEWS14,1541,5423,127,268,1464,1121,0,3565.5,2.4102269879801366,13.0,0.9423178739918808,0.6156097774183954,0.9858777681032501,0.9669156460573791,0.8007437727608228,0.5021095861303972,0.7893528799409992
ICEWS14,1542,5423,127,321,1121,1121,1,1.0,2.3915289626726213,16.0,0.9238395952400507,0.7167942755884542,0.7369216374099656,0.5786941756254449,0.7268579564992099,0.5117317735895176,0.6326279856437012
ICEWS14,1543,5423,202,140,1121,1121,1,1.0,0.9720885338889969,6.0,0.5306065116666864,0.6520491765779826,0.6599775993449671,0.4002104541996815,0.6560133879614749,0.26162946374811263,0.3672577916654099
ICEWS14,1544,5423,202,84,1121,1121,1,1.0,3.54650225714536,5.0,0.9057236642639067,0.49423784059501663,1.0,0.999999999999718,0.7471189202975084,0.4306766686630911,0.7020409961535001
ICEWS14,1545,5423,6,190,1121,1121,1,1.0,2.4473850096477703,27.0,0.820335356007638,0.8494630136224192,0.5289080437165535,0.2895832787350999,0.6891855286694863,0.5149225588375206,0.5004666678203954
ICEWS14,1546,5423,6,132,1121,1121,1,1.0,5.426101166817075,20.0,0.8042490800314893,0.78483990051628,0.8329476213597256,0.7014363351929133,0.8088937609380028,0.5360160530787578,0.6769388048440959
ICEWS14,1547,5423,6,226,1121,1121,1,1.0,6.514286392021962,34.0,0.9803906099397734,0.8120608214365931,0.8424198488992468,0.6888010664828046,0.82724033516792,0.6691320424669577,0.7385453687900965
ICEWS14,1548,5423,6,14,1121,1121,1,1.0,1.6435672319296142,3.0,0.9611657480580811,0.2967738630303448,0.7032261369696552,0.46091248161438375,0.5,0.38405755967840366,0.31945131432185325
ICEWS14,1549,5423,160,184,5154,1464,0,3566.0,2.1962269151060827,6.0,0.9057236642639067,0.6221883993437141,0.9390737463402103,0.8452385880193656,0.7806310728419622,0.4204346081667131,0.7124279000639615
ICEWS14,1550,5423,160,69,5097,1464,0,3565.0,1.4243720977620624,2.0,0.9803906099397734,0.3117033031746841,1.0,0.9999999999992979,0.655851651587342,0.36332040308286406,0.6373364381648989
ICEWS14,1551,5423,24,307,1121,1121,1,1.0,0.7470152255570741,4.0,0.6729500963161781,0.09914808521561691,1.0,0.9999999999986614,0.5495740426078084,0.28123165273631984,0.47444341310719723
ICEWS14,1552,5423,102,20,1121,0,0,3564.5,0.0,0.0,0.0,0.0,0.0,0.0,0.0,0.06266844042745784,0.00977672855419752
ICEWS14,1553,5423,205,329,1121,1121,1,1.0,0.3786208888167395,3.0,0.410167678003819,0.24481650031112023,0.7551834996888798,0.53503825738585,0.5,0.1845054248755734,0.22367932198244678
ICEWS14,1554,5423,107,5,1121,0,0,3564.5,0.0,0.0,0.0,0.0,0.0,0.0,0.0,0.06266844042745784,0.00977672855419752
ICEWS14,1555,5423,46,342,1464,1121,0,3565.0,1.0224926695350216,2.0,0.836743383392903,0.1816631959098426,1.0,0.9999999999990219,0.5908315979549212,0.30353748989277635,0.536592658820366
ICEWS14,1556,5423,61,155,1121,1121,1,1.0,1.8998931067056057,4.0,0.836743383392903,0.16068874558257418,1.0,0.9999999999994736,0.5803443727912871,0.35880089773833,0.537114389155213
ICEWS14,1557,5423,159,113,1464,0,0,3564.5,0.0,0.0,0.0,0.0,0.0,0.0,0.0,0.06266844042745784,0.00977672855419752
ICEWS14,1558,4979,156,274,3723,0,0,3564.5,0.0,0.0,0.0,0.0,0.0,0.0,0.0,0.06266844042745784,0.00977672855419752
ICEWS14,1559,2103,127,256,382,2266,0,5.0,0.14847610998541527,1.0,0.20508383900190946,0.0,1.0,0.5673706306593961,0.5,0.10923162393231349,0.16257859013526604
ICEWS14,1560,2103,127,303,2242,5002,0,3571.0,0.3544232088066249,1.0,0.43527528164806206,0.0,1.0,0.6866971992920191,0.5,0.15465816345636652,0.23079938724870522
ICEWS14,1561,2103,53,279,382,4702,0,3.0,0.37924982545320796,3.0,0.8042490800314893,0.010507383434232187,0.9894926165657678,0.1335372111781402,0.5,0.30433498804561354,0.19426454604177504
ICEWS14,1562,2103,53,24,382,7047,0,3565.5,0.12691101220647294,1.0,0.9803906099397734,0.0,1.0,0.06920392276148929,0.5,0.3093782655815663,0.19319856523830786
ICEWS14,1563,2103,155,74,3155,3155,1,1.0,0.43559601954269733,2.0,0.9803906099397734,0.41181296823779734,0.5881870317622027,0.15030889695750446,0.5,0.3468739143690359,0.24438589742373554
ICEWS14,1564,2103,56,256,278,1281,0,3565.5,0.08752815613092832,1.0,0.2550004023552998,0.0,1.0,0.20718064571750566,0.5,0.11716794258104439,0.10943632819343779
ICEWS14,1565,2103,6,249,3897,278,0,3565.0,0.21870549927170685,2.0,0.12014571850726015,0.4506506745036247,1.0,0.9999999999954277,0.7253253372518124,0.11028574115082442,0.4747115869734429
ICEWS14,1566,3171,53,234,4030,2278,0,4.0,0.07733821143916375,1.0,0.820335356007638,0.0,1.0,0.04947009763477313,0.5,0.2545644864250238,0.1615756611810467
ICEWS14,1567,3171,156,345,2974,2974,1,1.0,0.9537193725106078,1.0,0.9803906099397734,0.0,1.0,0.9470315800378681,0.5,0.3223559137049363,0.4471751408509546
ICEWS14,1568,3171,155,300,1077,146,0,3565.0,0.007968762573603115,1.0,0.007968762573603115,0.0,1.0,0.9999999998745099,0.5,0.08027543405589257,0.2243288013555279
ICEWS14,1569,4261,224,311,6348,3196,0,3568.0,0.26301586392289045,1.0,0.7730166686334901,0.0,1.0,0.20499788146856185,0.5,0.2423030270744641,0.18391012262060694
ICEWS14,1570,4261,208,304,1353,1971,0,3565.5,0.05832069447162802,2.0,0.24509765248494336,0.03532152657723142,0.9646784734227686,0.12965253350958889,0.5,0.13119641679223562,0.10644319886951256
ICEWS14,1571,1148,6,313,5455,2427,0,1.0,2.3296066640569344,25.0,1.0,0.6524792479996513,0.5491744338825205,0.26327601170917764,0.600826840941086,0.5804773438561845,0.4496991075994875
ICEWS14,1572,1148,6,104,4501,2427,0,3.0,2.1340915494430392,10.0,0.9057236642639067,0.7622926975809583,0.5776158671787687,0.3889782327560293,0.6699542823798634,0.4598984841854715,0.49692459138244793
ICEWS14,1573,1148,6,167,2427,5455,0,1.0,0.9296559875733972,13.0,1.0,0.7583172986355857,0.24168270136441425,0.12655858914319937,0.5,0.4993481672490695,0.3182127130954387
ICEWS14,1574,1148,6,204,2547,5455,0,11.0,3.6500446586642266,18.0,0.8879629756445782,0.7914671787003553,0.709557934367415,0.5420752508738715,0.7505125565338852,0.529683981308128,0.6215696624747816
ICEWS14,1575,1148,6,251,2547,5455,0,6.0,3.4892107152706093,24.0,0.8879629756445782,0.7513107652019309,0.5992306791863609,0.3637875575932979,0.6752707221941459,0.5516220342002813,0.5056743515178622
ICEWS14,1576,1148,56,41,5455,2427,0,1.0,0.8245381013517288,2.0,1.0,0.37404337003779076,0.6259566299622092,0.34782250723134717,0.5,0.36083383847385103,0.29827810215668
ICEWS14,1577,1148,56,349,2427,2427,1,1.0,0.9230608764755069,7.0,0.5100008047105996,0.6529385305771408,0.6873172751169302,0.4578892103496443,0.6701279028470355,0.2636894409421086,0.4001171219926135
ICEWS14,1578,1148,56,308,2427,2547,0,2.0,0.1958188136661494,3.0,0.4805828740290406,0.6095142740497815,0.39048572595021847,0.0864296818779624,0.5,0.20075461711112916,0.1559090274008553
ICEWS14,1579,1148,56,27,2547,6977,0,3565.0,0.2115217538844264,1.0,1.0,0.0,1.0,0.11826912311833583,0.5,0.3177626127587859,0.2074666558482583
ICEWS14,1580,1148,208,102,2427,2547,0,3565.0,0.6095068271022377,1.0,0.6095068271022377,0.0,1.0,0.9999999999983593,0.5,0.19964893814706944,0.36400497326551584
ICEWS14,1581,1148,208,128,3706,2547,0,3565.0,0.36421371187349827,1.0,0.36421371187349827,0.0,1.0,0.9999999999972544,0.5,0.1398297748662734,0.3023001719874483
ICEWS14,1582,1148,191,133,4150,2427,0,3565.0,0.1790963280024922,2.0,0.09662708357918628,0.46047423385563957,1.0,0.9999999999944164,0.7302371169278198,0.10621008727082426,0.47340941262625147
ICEWS14,1583,1148,156,75,2547,2427,0,5.0,4.656855216957415,11.0,0.8042490800314893,0.629221902685327,0.8221949229276203,0.6660281804618203,0.7257084128064737,0.47114459194120484,0.5703286569758484
ICEWS14,1584,1148,156,212,5455,2427,0,6.0,4.933520798450109,25.0,0.9423178739918808,0.5814249110401539,0.8121081534238024,0.6058763071559692,0.6967665322319782,0.6028565406605745,0.5939334931803163
ICEWS14,1585,1148,156,266,6794,2427,0,20.0,6.444861486393986,33.0,0.9611657480580811,0.75713155556964,0.8877293718023854,0.7460056459055023,0.8224304636860127,0.6584709937444554,0.7433232071574168
ICEWS14,1586,1148,156,187,2427;6795,2427,1,1.0,0.06924453397835517,19.0,0.6864101813026526,0.7459544565625075,0.2540455434374925,0.012980288940904803,0.5,0.38704246881067417,0.2350229497812319
ICEWS14,1587,1148,156,273,2427,2427,1,1.0,7.4340549075003715,35.0,0.9803906099397734,0.7784750507228935,0.9126001170191709,0.7880020818608205,0.8455375838710322,0.6859699262052346,0.7657305017021008
ICEWS14,1588,1148,115,230,280,280,1,1.0,0.258822292829635,1.0,0.9803906099397734,0.0,1.0,0.15207317210534108,0.5,0.311429403454269,0.21117294819982887
ICEWS14,1589,1148,224,307,4501,5455,0,3566.5,2.2495359258391323,14.0,0.9611657480580811,0.4996645503650049,0.9291135850428737,0.8114071744631252,0.7143890677039393,0.5133587765694052,0.6899858327770042
ICEWS14,1590,1148,224,306,5455,5455,1,1.0,2.2945302648067223,14.0,0.9803906099397734,0.4996645503650049,0.9291135850428736,0.8114071744631309,0.7143890677039393,0.5222056667314094,0.6942851986414557
ICEWS14,1591,1148,61,278,5455,6795,0,3.0,0.15062189165864504,3.0,0.9238395952400507,0.4044892051545711,0.5955107948454289,0.0510226787228965,0.5,0.34450942466936607,0.21976165833669467
ICEWS14,1592,1148,61,341,2427,2427,1,1.0,1.586337398433334,17.0,0.8705505632961241,0.4085162384101425,0.5914837615898575,0.3942796400376582,0.5,0.480041126908764,0.34852624964431467
ICEWS14,1593,1148,121,278,6979,6795,0,3564.0,1.0,1.0,1.0,0.0,1.0,0.9999999999989999,0.5,0.33030722584940386,0.47130336916752824
ICEWS14,1594,1148,123,83,4827,5455,0,3565.0,0.5421749911045586,2.0,0.2871745887492588,0.0,1.0,0.9999999999981556,0.5,0.14370223939518484,0.2974613175595095
ICEWS14,1595,1148,189,203,867,0,0,3564.5,0.0,0.0,0.0,0.0,0.0,0.0,0.0,0.06266844042745784,0.00977672855419752
ICEWS14,1596,1148,49,21,1235,0,0,3564.5,0.0,0.0,0.0,0.0,0.0,0.0,0.0,0.06266844042745784,0.00977672855419752
ICEWS14,1597,1148,229,155,5455,5455,1,1.0,0.4457578620213165,3.0,0.7578582832551991,0.4613365801627065,0.5386634198372935,0.18823523719211357,0.5,0.28914841752650167,0.21936877132888788
ICEWS14,1598,1148,176,260,2547,4758,0,3565.0,0.10881882041201553,1.0,0.10881882041201553,0.0,1.0,0.9999999999908104,0.5,0.09427206795476759,0.24486736362968375
ICEWS14,1599,1148,42,320,3706,2427,0,3566.0,0.023289276135118997,5.0,0.46191979762002533,0.15008736569932635,0.8499126343006737,0.021894743862057656,0.5,0.21796797290274442,0.13592118978902407
ICEWS14,1600,1148,127,19,2684,0,0,3564.5,0.0,0.0,0.0,0.0,0.0,0.0,0.0,0.06266844042745784,0.00977672855419752
ICEWS14,1601,920,162,286,2697,18,0,3567.5,0.3702692301721392,1.0,0.5630865404461788,0.0,1.0,0.4898364121559378,0.5,0.18489424948382052,0.2080989638446365
ICEWS14,1602,920,162,159,6293,6293,1,1.0,2.202709061549781,8.0,0.9423178739918808,0.6048676683670269,0.9771850691673709,0.8581127115917724,0.7910263687671989,0.4581760710424793,0.7409976087746162
ICEWS14,1603,920,156,195,2624,1077,0,3572.0,0.30887930002707553,3.0,0.8042490800314893,0.5021516230086177,0.4978483769913823,0.10570744219860724,0.5,0.3032538032952607,0.21209941630889192
ICEWS14,1604,920,127,134,6778,2083,0,3571.0,0.00879282781098345,3.0,0.7429971445684742,0.3399560906868503,0.6600439093131497,0.0020156204054539747,0.5,0.2776537401974696,0.17295867789703054
ICEWS14,1605,920,127,266,6293,6293,1,1.0,0.2502723176363095,10.0,0.9803906099397734,0.21757192367128564,0.7824280763287144,0.110948668791956,0.5,0.45693866506187125,0.27420355909631644
ICEWS14,1606,920,127,335,6293,6293,1,1.0,0.16166791523999513,14.0,0.6095068271022377,0.6493931682020243,0.3506068317979757,0.04351179498817725,0.5,0.33479535199237126,0.21083874338031608
ICEWS14,1607,920,127,288,956,6293,0,3.0,0.8104679819757381,13.0,0.8705505632961241,0.4886067499081179,0.5113932500918821,0.13662608275597557,0.5,0.44328385780563506,0.27387034402055616
ICEWS14,1608,920,127,40,6410,4702,0,4.0,0.6633653718683781,2.0,0.9057236642639067,0.4851512137172558,0.5148487862827442,0.23234879517381515,0.5,0.3227446183009187,0.2511887758179129
ICEWS14,1609,920,155,222,146,146,1,1.0,5.407554966947035,11.0,0.9803906099397734,0.6328365553362282,0.8078592561161964,0.557691781485253,0.7203479057262123,0.5581561701887284,0.5675285758119988
ICEWS14,1610,920,155,47,1077,6410,0,2.0,0.8857668592921579,3.0,0.9611657480580811,0.0,1.0,0.18573898654979226,0.5,0.3711212194971894,0.2324896540720276
ICEWS14,1611,920,155,89,2290,6410,0,2.0,0.32476262427370084,3.0,0.4183716916964515,0.0,1.0,0.15200220663029307,0.5,0.18598658220972106,0.1349498796626249
ICEWS14,1612,920,155,44,1077,6410,0,3565.5,1.470389805229174,2.0,1.0,0.0,1.0,0.590425182394476,0.5,0.3717234087546118,0.3414795292151599
ICEWS14,1613,920,155,315,5092,1077,0,4.0,0.23282825072211932,5.0,0.8879629756445782,0.5165871636030649,0.4834128363969351,0.067664986672086,0.5,0.3659756977524854,0.23553311606260324
ICEWS14,1614,920,155,197,146,146,1,1.0,3.0411486396320044,6.0,0.9803906099397734,0.17729758597051437,0.8227024140294856,0.37928461062330643,0.5,0.46637878700948016,0.2964115299199586
ICEWS14,1615,920,53,1,733,0,0,3564.5,0.0,0.0,0.0,0.0,0.0,0.0,0.0,0.06266844042745784,0.00977672855419752
ICEWS14,1616,920,53,176,18,6293,0,6.0,2.540520591330817,17.0,0.7429971445684742,0.7889758922916462,0.7432484129414837,0.5643968562612617,0.766112152616565,0.4442401574043862,0.6152648327470772
ICEWS14,1617,920,53,173,4822,6293,0,18.0,2.756046210848927,17.0,0.7884782461155736,0.7889758922916463,0.7432484129414837,0.584300835958863,0.7661121526165651,0.466992845261349,0.6316005375552721
ICEWS14,1618,920,53,222,545;3411,6293,0,2.5,0.48872197622890656,18.0,0.7730166686334901,0.6468407522892458,0.35315924771075424,0.12566774393138747,0.5,0.4248032210139353,0.2729580619037555
ICEWS14,1619,920,53,156,6293,6293,1,1.0,3.166798675914517,16.0,0.9803906099397734,0.7625002278977292,0.8446320076570633,0.6222671790394133,0.8035661177773963,0.549306230900537,0.7134663630520066
ICEWS14,1620,920,53,268,6293,4702,0,2.0,1.108522134617363,5.0,1.0,0.5446917621292329,0.8759400160547575,0.3375414704197771,0.7103158890919952,0.42593392310653144,0.5125932967097098
ICEWS14,1621,920,53,290,956,956,1,1.0,0.6156935527071976,6.0,0.9611657480580811,0.33960325452638707,0.6603967454736129,0.11445713487294308,0.5,0.41507010122752075,0.255749183521093
ICEWS14,1622,920,53,315,956,956,1,1.0,0.8258935556934044,8.0,0.9611657480580811,0.49935266918266086,0.5006473308173391,0.1272269570822936,0.5,0.44123062295547716,0.2757414971449993
ICEWS14,1623,920,53,265,6344,4702,0,3579.5,0.26954432974263987,4.0,0.9803906099397734,0.22776181424203057,0.7722381857579694,0.11876583603594412,0.5,0.387301002067511,0.24657013613573878
ICEWS14,1624,920,98,169,3155,3155,1,1.0,0.8868201880140947,1.0,0.9423178739918808,0.0,1.0,0.888761634505043,0.5,0.30756571975036656,0.4163556044920058
ICEWS14,1625,920,61,252,3159,733,0,3565.0,0.007509107406703757,1.0,0.007509107406703757,0.0,1.0,0.9999999998668283,0.5,0.08021620941846551,0.22423805464134708
ICEWS14,1626,920,90,324,6293,6293,1,1.0,1.2532105961008635,27.0,0.8705505632961241,0.4701544652964357,0.5298455347035643,0.24140656639446043,0.5,0.5142396720876022,0.3275315266132416
ICEWS14,1627,920,90,111,6293,6293,1,1.0,7.079984510907525,14.0,0.9423178739918808,0.7396049009833879,0.9179494270225118,0.7711056766311536,0.8287771640029499,0.5921379827900041,0.7091928715297495
ICEWS14,1628,920,160,134,1077,1375,0,3567.5,0.047318687374147905,1.0,0.820335356007638,0.0,1.0,0.02969757256546985,0.5,0.25415089518148537,0.15799207460122536
ICEWS14,1629,920,160,32,6785,3155,0,3565.5,2.0818601926902893,4.0,0.9057236642639067,0.4199448895451512,0.808690690875132,0.5149752303572164,0.6143177902101415,0.3888986510435402,0.4295739113622342
ICEWS14,1630,920,160,339,6890,3155,0,3573.5,0.4753428076954873,12.0,0.5306065116666864,0.27100340625627795,0.728996593743722,0.12671385686484224,0.5,0.2998615609173812,0.18926119011940626
ICEWS14,1631,920,103,21,7110,6122,0,3565.5,0.01960939006022655,1.0,1.0,0.0,1.0,0.009901778952998064,0.5,0.3147480489379219,0.1846999597433842
ICEWS14,1632,920,115,311,2266,6293,0,3567.0,1.9598846149354607,7.0,0.7429971445684742,0.6519788455857494,0.9247196102557382,0.8484516616757247,0.7883492279207438,0.36314496665530743,0.6888615550051993
ICEWS14,1633,920,208,16,2457,0,0,3564.5,0.0,0.0,0.0,0.0,0.0,0.0,0.0,0.06266844042745784,0.00977672855419752
ICEWS14,1634,920,142,126,3173,1077,0,3566.5,0.0,1.0,0.1971195615288934,0.0,0.0,0.0,0.0,0.10690766782521835,0.014147674329804173
ICEWS14,1635,920,56,142,2461,2290,0,3566.5,0.3280755210944981,1.0,0.8534795977333005,0.0,1.0,0.23792835261731174,0.5,0.2687945540052577,0.2058446627863488
ICEWS14,1636,45,115,201,545,545,1,1.0,4.180765884908229,6.0,0.9238395952400507,0.5023542823501952,0.8507910440644852,0.6764155062264793,0.6765726632073402,0.4634359530856526,0.5378483113103075
ICEWS14,1637,45,115,220,545,545,1,1.0,6.518570573730684,10.0,0.9803906099397734,0.7305258092963676,0.9263555962594335,0.8260356921002397,0.8284407027779006,0.570201480530251,0.7284361699601212
ICEWS14,1638,45,115,194,545,545,1,1.0,1.8491287237026592,3.0,0.9803906099397734,0.3138211374231912,0.6861788625768088,0.4853470950978858,0.5,0.39525787256812756,0.3305018041821039
ICEWS14,1639,45,6,168,1923,545,0,3564.5,0.36586709593670774,1.0,1.0,0.0,1.0,0.22389066092895543,0.5,0.3201982228009744,0.2319579934742806
ICEWS14,1640,45,6,150,146,4549,0,3565.0,0.9057236642639067,1.0,0.9057236642639067,0.0,1.0,0.9999999999988959,0.5,0.29496796079757365,0.44475337628339506
ICEWS14,1641,45,6,257,545,1923,0,1.0,5.09864622817854,15.0,1.0,0.7054570876101006,0.8122063380552459,0.6401655210498018,0.7588317128326733,0.5863538852231482,0.657069258864676
ICEWS14,1642,45,6,188,1923,1923,1,1.0,2.0804211655714306,7.0,0.8879629756445782,0.45734457851740296,0.542655421482597,0.23727940067163958,0.5,0.42300638486384384,0.2670104872105845
ICEWS14,1643,45,160,176,1923,1923,1,1.0,0.2341469242569567,4.0,0.9803906099397734,0.40670185467436826,0.5932981453256317,0.039029425115398024,0.5,0.3866909971488032,0.2356022021287817
ICEWS14,1644,45,160,190,545,146,0,3.0,0.9225309391014727,7.0,0.9803906099397734,0.6739314060984302,0.32606859390156984,0.1271570102672204,0.5,0.44030677738748664,0.2848649598754609
ICEWS14,1645,45,53,183,545,545,1,1.0,0.12408934566799479,2.0,0.8534795977333005,0.24073686756089951,0.7592631324391005,0.05842002170059946,0.5,0.2957184819976147,0.19080539601425606
ICEWS14,1646,45,53,222,920,545,0,3.0,0.722235558077414,9.0,1.0,0.645400465942624,0.35459953405737604,0.07058073012871949,0.5,0.4649770696851979,0.2828860848604218
ICEWS14,1647,45,53,189,711,545,0,3569.0,0.09242605600581266,2.0,0.7578582832551991,0.2407368675608994,0.7592631324391006,0.04854632495868671,0.5,0.26307387510550473,0.1719827098343434
ICEWS14,1648,45,53,295,545,545,1,1.0,0.3164507551609894,14.0,0.646816582731497,0.702891954725906,0.297108045274094,0.046832158458411585,0.5,0.35139587841392345,0.22023154080984936
ICEWS14,1649,45,61,189,1923,0,0,3564.5,0.0,0.0,0.0,0.0,0.0,0.0,0.0,0.06266844042745784,0.00977672855419752
ICEWS14,1650,45,141,252,545,5584,0,3564.0,1.0,1.0,1.0,0.0,1.0,0.9999999999989999,0.5,0.33030722584940386,0.47130336916752824
ICEWS14,1651,45,142,174,545,7099,0,3565.0,0.46191979762002533,1.0,0.46191979762002533,0.0,1.0,0.9999999999978352,0.5,0.16163180184290757,0.3261836688513874
ICEWS14,1652,45,156,173,1923,1923,1,1.0,2.2108385317864836,6.0,0.9238395952400507,0.4886900740672868,0.7451554599227816,0.44703698321240287,0.6169227669950342,0.4280972300402082,0.4324709268858209
ICEWS14,1653,45,127,259,545,545,1,1.0,1.096357734426091,2.0,0.820335356007638,0.2517630603143801,1.0,0.9999999999990878,0.6258815301571901,0.2988887651306442,0.5666379328440133
ICEWS14,1654,2683,156,329,1971,1145,0,5.0,3.627744934837894,24.0,0.7730166686334901,0.6842195185081469,0.832975167739599,0.658108563899161,0.758597343123873,0.5062435006821989,0.6409015901185051
ICEWS14,1655,2683,156,86,1145,1145,1,1.0,1.0227818820555756,4.0,0.5,0.6936816402669493,0.8205473449238967,0.4562333475609505,0.757114492595423,0.23011041100061908,0.4509961560909484
ICEWS14,1656,2683,156,168,1971,1145,0,3.0,2.946007554787972,12.0,0.7884782461155736,0.7767517185949777,0.9088985877309241,0.7154529541353769,0.8428251531629509,0.44101581433086445,0.7154762239799854
ICEWS14,1657,2683,156,214,3479,1145,0,3568.0,3.1732407553355317,16.0,0.8705505632961241,0.7802593866507803,0.8545328189994604,0.6680229451440943,0.8173961028251204,0.503641036530756,0.7111658224219096
ICEWS14,1658,2683,156,336,1145,1145,1,1.0,3.6509594180115017,25.0,0.9423178739918808,0.7446906369715582,0.7951593073772154,0.589756873272937,0.7699249721743868,0.5803506279944995,0.6787370799823526
ICEWS14,1659,2683,160,256,5779,3592,0,3574.0,0.6166788817450979,4.0,0.9238395952400507,0.5278078400131894,0.4721921599868106,0.18708199809759837,0.5,0.37096729064427914,0.26524236936842355
ICEWS14,1660,2683,160,43,1353,1971,0,3566.5,0.6196442653214509,2.0,0.8705505632961241,0.40225353870268366,0.5977464612973163,0.2702175569756966,0.5,0.3093391553012,0.24946088456488177
ICEWS14,1661,2683,160,118,1339,1971,0,3569.0,1.141684814879185,6.0,0.646816582731497,0.6878371442318888,0.5682410831870056,0.3802558511769772,0.6280391137094472,0.30348281647144576,0.36968435048033077
ICEWS14,1662,2683,6,149,1145,1145,1,1.0,1.4016005782936718,4.0,0.9611657480580811,0.5874777444878673,0.6901291470915895,0.4301571296554419,0.6388034457897284,0.39924768422663004,0.46021239145028087
ICEWS14,1663,2683,56,142,2241,1145,0,3567.0,0.9558826987722442,4.0,0.597554769985219,0.5785345480024525,0.7284724453944843,0.5085233610393532,0.6535034966984684,0.25935371136896307,0.400418902367858
ICEWS14,1664,2683,56,261,4019,4185,0,3567.5,0.1927211732559413,1.0,0.9611657480580811,0.0,1.0,0.11142462016365098,0.5,0.30355801855551,0.1985302888219382
ICEWS14,1665,2683,56,344,1145,6080,0,4.0,0.534075515138035,1.0,0.8705505632961241,0.0,1.0,0.44247239666616783,0.5,0.2774348275839156,0.25981861848551324
ICEWS14,1666,2683,127,328,1145,1145,1,1.0,1.4784177100912494,11.0,0.7429971445684742,0.6015943115833676,0.9384099589817708,0.6566559185828902,0.7700021352825692,0.3896175734686346,0.6337006918763132
ICEWS14,1667,2683,127,244,3592,6890,0,3567.0,0.027893589358200077,1.0,0.6341329040632923,0.0,1.0,0.022488079736157147,0.5,0.19948145204774095,0.1294795510859832
ICEWS14,1668,2683,61,351,1145,1145,1,1.0,1.4027849604090556,6.0,0.8705505632961241,0.5521869507631245,0.8219038223761845,0.5644501209623974,0.6870453865696545,0.39234282331270937,0.5385800383735345
ICEWS14,1669,2683,53,67,4108,2704,0,3566.0,0.031238536376219483,1.0,0.410167678003819,0.0,1.0,0.039587710403865516,0.5,0.1462890848914643,0.10438480282408778
ICEWS14,1670,2683,53,6,4019,0,0,3564.5,0.0,0.0,0.0,0.0,0.0,0.0,0.0,0.06266844042745784,0.00977672855419752
ICEWS14,1671,2683,155,240,3262,1077,0,3565.0,0.2929185427091149,1.0,0.2929185427091149,0.0,1.0,0.9999999999965862,0.5,0.1255197768479941,0.2855144010508557
ICEWS14,1672,2683,47,304,1971,1145,0,3565.0,0.024639945191111665,1.0,0.024639945191111665,0.0,1.0,0.9999999999594156,0.5,0.0824505862503405,0.2276377145899507
ICEWS14,1673,2683,63,261,1145,0,0,3564.5,0.0,0.0,0.0,0.0,0.0,0.0,0.0,0.06266844042745784,0.00977672855419752
ICEWS14,1674,2683,8,267,1145,0,0,3564.5,0.0,0.0,0.0,0.0,0.0,0.0,0.0,0.06266844042745784,0.00977672855419752
ICEWS14,1675,1003,160,343,1077;6410,0,0,3564.0,0.0,0.0,0.0,0.0,0.0,0.0,0.0,0.06266844042745784,0.00977672855419752
ICEWS14,1676,4503,163,144,4304,0,0,3564.5,0.0,0.0,0.0,0.0,0.0,0.0,0.0,0.06266844042745784,0.00977672855419752
ICEWS14,1677,6795,160,177,2427,2427,1,1.0,4.721991130808721,18.0,0.8042490800314893,0.6514104715614304,0.8653552848630716,0.7106805909263074,0.758382878212251,0.5141673375055317,0.6360221901723099
ICEWS14,1678,6795,160,161,2427,2427,1,1.0,5.861120590122042,17.0,0.9611657480580811,0.5939482650359749,0.8812320755416396,0.7778933012013817,0.7375901702888072,0.5944182545679765,0.6612771919666223
ICEWS14,1679,6795,160,160,2427,2427,1,1.0,5.978352434936212,17.0,0.9803906099397734,0.5939482650359748,0.8812320755416395,0.7778933012013839,0.7375901702888071,0.6041869331967781,0.6647592110390156
ICEWS14,1680,6795,160,173,3378,2427,0,3568.5,5.491916646467429,18.0,0.8705505632961241,0.6514104715614303,0.8980394584836942,0.8062801841692417,0.7747249650225623,0.5556539164914063,0.6868089045606838
ICEWS14,1681,6795,160,137,2427,2427,1,1.0,5.143071899991179,14.0,0.9803906099397734,0.6537550911972505,0.8558386038557988,0.6718812398377942,0.7547968475265247,0.5734171821141391,0.6518635724822027
ICEWS14,1682,6795,105,194,4453,1148,0,3566.0,1.030202446321518,3.0,0.597554769985219,0.6328968693863158,0.6866849677571975,0.46294742160522157,0.6597909185717566,0.24503524178112593,0.38221806061121943
ICEWS14,1683,6795,155,288,6644,6644,1,1.0,3.0092146822253834,4.0,0.8879629756445782,0.23900257733394248,1.0,0.7805108845165286,0.6195012886669713,0.397883046802844,0.4962618624015703
ICEWS14,1684,6795,2,280,6979,6979,1,1.0,0.9803906099397734,1.0,0.9803906099397734,0.0,1.0,0.99999999999898,0.5,0.322779285591777,0.4657625428295966
ICEWS14,1685,6795,61,121,1148,2402,0,3565.0,0.5630865404461788,1.0,0.5630865404461788,0.0,1.0,0.9999999999982241,0.5,0.18701451129895075,0.3518998933245254
ICEWS14,1686,6795,156,239,5455,1148,0,2.0,2.346199652457025,12.0,0.820335356007638,0.5326124341762013,0.7409371812032308,0.5246516010153951,0.6367748076897161,0.443415305283791,0.4787038281064862
ICEWS14,1687,6795,156,335,1148,1148,1,1.0,3.542013841129424,20.0,0.5630865404461788,0.7083523889385224,0.9290592087893448,0.8628324552124788,0.8187057988639336,0.4022650773909343,0.6934478587283591
ICEWS14,1688,6795,18,244,1148,2547,0,2.0,0.3436590540937439,1.0,0.7429971445684742,0.0,1.0,0.30083905630420776,0.5,0.23425096678742632,0.19900306139369037
ICEWS14,1689,6795,6,219,244,244,1,1.5,0.0,1.0,0.35707170313208786,0.0,0.0,0.0,0.0,0.13527390290265548,0.017085653202565557
ICEWS14,1690,6795,103,310,6411,5405,0,3565.5,0.023060862398964203,1.0,0.05026556750196808,0.0,1.0,0.29767369628678064,0.5,0.08574371169916659,0.0991372964188849
ICEWS14,1691,6795,208,167,1148,1148,1,1.0,0.8705505632961241,1.0,0.8705505632961241,0.0,1.0,0.9999999999988514,0.5,0.2823612352681468,0.43492005470572903
ICEWS14,1692,6795,115,193,2427,1148,0,3567.0,0.47969153670945297,2.0,0.5306065116666864,0.28276291816654664,0.7172370818334534,0.4797427836389113,0.5,0.20066682892371285,0.22577083636464204
ICEWS14,1693,1156,86,61,2689,151,0,3564.0,1.0,1.0,1.0,0.0,1.0,0.9999999999989999,0.5,0.33030722584940386,0.47130336916752824
ICEWS14,1694,1156,176,124,5176,0,0,3564.5,0.0,0.0,0.0,0.0,0.0,0.0,0.0,0.06266844042745784,0.00977672855419752
ICEWS14,1695,4407,222,71,5395,431,0,2.0,0.18859501839050669,1.0,0.6597539553864471,0.0,1.0,0.16676352322153176,0.5,0.20833375686948105,0.1575755163498277
ICEWS14,1696,4407,222,31,3205,0,0,3564.5,0.0,0.0,0.0,0.0,0.0,0.0,0.0,0.06266844042745784,0.00977672855419752
ICEWS14,1697,4407,222,338,62,62,1,1.0,0.3771247565073521,3.0,0.8042490800314893,0.4700608073290947,0.5299391926709053,0.14187619528346546,0.5,0.3043023063829818,0.21859635760901044
ICEWS14,1698,4407,163,275,5395,5395,1,1.0,1.4025031205832972,7.0,0.8534795977333005,0.3914597513491872,1.0,0.9999999999992869,0.6957298756745935,0.3971430698233682,0.6843922328304559
ICEWS14,1699,4407,97,304,62,0,0,3564.5,0.0,0.0,0.0,0.0,0.0,0.0,0.0,0.06266844042745784,0.00977672855419752
ICEWS14,1700,4407,160,93,5395,5474,0,3565.5,0.8515147205913856,3.0,0.5743491774985175,0.13220570934866427,0.8677942906513357,0.4881200015486723,0.5,0.23557865616965207,0.23523472905593606
ICEWS14,1701,4407,215,316,5395,0,0,3564.5,0.0,0.0,0.0,0.0,0.0,0.0,0.0,0.06266844042745784,0.00977672855419752
ICEWS14,1702,4407,55,26,5474,0,0,3564.5,0.0,0.0,0.0,0.0,0.0,0.0,0.0,0.06266844042745784,0.00977672855419752
ICEWS14,1703,4407,12,115,1215,5395,0,3564.5,0.4693934883333136,1.0,1.0,0.0,1.0,0.30667156108063437,0.5,0.32183741575848257,0.2527267581606176
ICEWS14,1704,4407,226,206,4721,0,0,3564.5,0.0,0.0,0.0,0.0,0.0,0.0,0.0,0.06266844042745784,0.00977672855419752
ICEWS14,1705,5447,223,341,1140,1140,1,1.0,1.0125737572551619,5.0,0.9611657480580811,0.05076964401727657,1.0,0.9999999999990123,0.5253848220086383,0.40844360450602624,0.5403470160409156
ICEWS14,1706,5447,150,107,1140,1140,1,1.0,0.36064270750279315,2.0,0.18210685593674916,0.49504911052349854,1.0,0.9999999999972272,0.7475245552617493,0.12197608194370918,0.514090088721295
ICEWS14,1707,5447,102,172,2460,0,0,3564.5,0.0,0.0,0.0,0.0,0.0,0.0,0.0,0.06266844042745784,0.00977672855419752
ICEWS14,1708,5447,38,60,1140,1140,1,1.0,4.452367891318135,9.0,0.8879629756445782,0.6739137693540569,0.8569482211165599,0.7268157897653245,0.7654309952353084,0.48580337434667936,0.6463889478868703
ICEWS14,1709,18,160,11,525,525,1,1.5,0.0,1.0,0.9803906099397734,0.0,0.0,0.0,0.0,0.3074119377660179,0.035388146018500696
ICEWS14,1710,18,185,143,2671,0,0,3564.5,0.0,0.0,0.0,0.0,0.0,0.0,0.0,0.06266844042745784,0.00977672855419752
ICEWS14,1711,18,169,69,5441,2671,0,3565.0,0.3714985722842371,1.0,0.3714985722842371,0.0,1.0,0.9999999999973083,0.5,0.14136640491839603,0.3040465353400824
ICEWS14,1712,18,169,158,525,733,0,3566.5,0.03732615281803042,1.0,0.9611657480580811,0.0,1.0,0.01980161645202675,0.5,0.3011768542856735,0.17973191014124112
ICEWS14,1713,18,53,176,920,3341,0,4.0,0.25196318619277713,3.0,0.9803906099397734,0.34441385940863856,0.6555861405913614,0.04630711792605598,0.5,0.3678884274360673,0.2261124886774507
ICEWS14,1714,18,53,159,4319,129,0,3568.5,0.05768212600811917,1.0,1.0,0.0,1.0,0.02969757256547318,0.5,0.3153448669158796,0.1886803069968392
ICEWS14,1715,18,115,292,6805,0,0,3564.5,0.0,0.0,0.0,0.0,0.0,0.0,0.0,0.06266844042745784,0.00977672855419752
ICEWS14,1716,18,115,291,6805,0,0,3564.5,0.0,0.0,0.0,0.0,0.0,0.0,0.0,0.06266844042745784,0.00977672855419752
ICEWS14,1717,18,155,332,2290,2290,1,1.0,6.419706963903788,8.0,0.9803906099397734,0.39367982284900527,1.0,0.7799279099658979,0.6968399114245026,0.5504144971783296,0.5785534814090091
ICEWS14,1718,18,155,69,6823,0,0,3564.5,0.0,0.0,0.0,0.0,0.0,0.0,0.0,0.06266844042745784,0.00977672855419752
ICEWS14,1719,18,103,354,2059,2059,1,1.0,0.3945535245215437,1.0,0.9803906099397734,0.0,1.0,0.25191325992425767,0.5,0.3135476903128478,0.23467954356616055
ICEWS14,1720,18,103,251,2262,6699,0,3567.0,0.6115999694805614,3.0,0.34320509065132626,0.3138211374231912,0.6861788625768088,0.4465999370614798,0.5,0.17062196994457254,0.19048761470083242
ICEWS14,1721,18,103,255,3341,6699,0,3.0,0.5650202682537492,3.0,0.3170664520316462,0.31382113742319107,0.6861788625768089,0.446599937061453,0.5,0.164057692987668,0.18615259844239762
ICEWS14,1722,18,207,356,7038,525,0,3565.0,0.019816653251977883,1.0,0.019816653251977883,0.0,1.0,0.9999999999495375,0.5,0.08181581673702368,0.22667685633044954
ICEWS14,1723,18,123,41,2625,0,0,3564.5,0.0,0.0,0.0,0.0,0.0,0.0,0.0,0.06266844042745784,0.00977672855419752
ICEWS14,1724,18,127,357,1077,1077,1,1.0,2.862369725150973,6.0,0.9803906099397734,0.4492620557677188,0.837136178805836,0.38612813356902237,0.6431991172867775,0.4631481759808706,0.43745542359269723
ICEWS14,1725,454,39,223,5458,0,0,3564.5,0.0,0.0,0.0,0.0,0.0,0.0,0.0,0.06266844042745784,0.00977672855419752
ICEWS14,1726,454,224,297,4393,5458,0,7.0,0.4529677793582506,4.0,0.5100008047105996,0.10871849468692385,0.8912815053130762,0.6550949761019079,0.5,0.22577063923340074,0.2785136965068437
ICEWS14,1727,454,224,120,3764,3764,1,1.0,0.061692129986935185,1.0,0.9611657480580811,0.0,1.0,0.033156414461574565,0.5,0.3015495184625962,0.1823665654364387
ICEWS14,1728,6123,155,301,4304,0,0,3564.5,0.0,0.0,0.0,0.0,0.0,0.0,0.0,0.06266844042745784,0.00977672855419752
ICEWS14,1729,6123,155,302,4304,0,0,3564.5,0.0,0.0,0.0,0.0,0.0,0.0,0.0,0.06266844042745784,0.00977672855419752
ICEWS14,1730,6123,53,206,3380,711,0,1.0,1.0,2.0,1.0,0.0,1.0,0.3377486972983249,0.5,0.3637786750647318,0.2704548933935224
ICEWS14,1731,6123,53,203,2581,3871,0,3565.5,0.012937372654950097,1.0,0.6597539553864471,0.0,1.0,0.009901778952995446,0.5,0.20623703018938033,0.13100269016233673
ICEWS14,1732,5197,6,47,5136,3788,0,3564.0,1.9803906099397734,2.0,1.0,0.0,1.0,0.999999999999495,0.5,0.38041607056450544,0.4758549828372774
ICEWS14,1733,5197,150,287,1185,0,0,3564.5,0.0,0.0,0.0,0.0,0.0,0.0,0.0,0.06266844042745784,0.00977672855419752
ICEWS14,1734,5197,61,218,2461,0,0,3564.5,0.0,0.0,0.0,0.0,0.0,0.0,0.0,0.06266844042745784,0.00977672855419752
ICEWS14,1735,3341,127,78,6293,6293,1,1.0,2.048701666899123,12.0,0.8879629756445782,0.6911202226940523,0.5725023653889796,0.2194012639315705,0.6318112940415159,0.466107810959208,0.40191673016903173
ICEWS14,1736,3341,127,285,4699,4702,0,3590.5,0.16074596372062944,6.0,0.9423178739918808,0.5311850405380756,0.4688149594619244,0.020813553871332064,0.5,0.39948118999064947,0.24224464013068728
ICEWS14,1737,3341,127,118,3375,6293,0,2.0,3.093296580126947,18.0,0.6597539553864471,0.6244514631945979,0.6240472579920318,0.35205535106379887,0.6242493605933148,0.4247312561278139,0.3735949725411275
ICEWS14,1738,3341,127,220,4805,146,0,2.0,0.2876961743116966,6.0,0.9611657480580811,0.5843396962878318,0.41566030371216817,0.03745050767304969,0.5,0.40929726304627295,0.25236362460234757
ICEWS14,1739,3341,127,288,2290,956,0,2.0,1.8289168151537734,9.0,1.0,0.4423195082431427,0.5576804917568573,0.16358279733567624,0.5,0.48502219233297583,0.2836720245522465
ICEWS14,1740,3341,127,193,4702,146,0,37.0,1.5554701651794551,4.0,0.9611657480580811,0.242623168955995,0.757376831044005,0.26316515328845663,0.5,0.4019315925162702,0.2672773804348328
ICEWS14,1741,3341,127,306,4702,956,0,1.0,3.260887495517137,13.0,1.0,0.5397180705213543,0.46028192947864566,0.23950382785984053,0.5,0.5415886156831152,0.30752130952644186
ICEWS14,1742,3341,127,33,6410;6925,6293,0,1787.25,2.3220884459366022,7.0,0.6729500963161781,0.45730659014780595,1.0,0.38298133649938254,0.728653295073903,0.3423986919158276,0.4362751890881077
ICEWS14,1743,3341,127,346,733;6293,4702,0,5.0,0.7354958567102257,16.0,0.6864101813026526,0.6836351907900788,0.3163648092099212,0.06199516890643492,0.5,0.38447370922283297,0.23104487925371225
ICEWS14,1744,3341,127,307,1077,956,0,6.0,3.196943480675026,14.0,1.0,0.48151218442514854,0.5184878155748515,0.2082944448016228,0.5,0.5466744726381317,0.29809461842487806
ICEWS14,1745,3341,127,173,5046,2290,0,3581.0,0.5508468655983076,10.0,1.0,0.39975340912182145,0.6002465908781786,0.09303452913253206,0.5,0.47052660879303304,0.28073456615639797
ICEWS14,1746,3341,127,224,2520,146,0,3588.5,0.26578511722822906,6.0,0.8879629756445782,0.5843396962878318,0.4156603037121682,0.03745050767304932,0.5,0.37967280627503114,0.2364263274790052
ICEWS14,1747,3341,127,221,3411,146,0,12.0,0.2820546278107847,6.0,0.9423178739918808,0.5843396962878319,0.4156603037121681,0.037450507673049735,0.5,0.4015970601458633,0.24819302808349483
ICEWS14,1748,3341,53,149,768,6293,0,3585.5,5.189253175415795,36.0,1.0,0.8777266104015256,0.6392955396008353,0.46467308330580664,0.7585110750011804,0.659501103444724,0.6473168657788135
ICEWS14,1749,3341,53,98,6293,6293,1,1.0,9.17925466077152,30.0,0.9803906099397734,0.8377342967812876,0.7897369616472489,0.5320950170430336,0.8137356292142683,0.7013250679587957,0.640524450545095
ICEWS14,1750,3341,53,266,6293,4702,0,1.0,1.5925741353564913,11.0,1.0,0.4107338858385574,0.5892661141614426,0.19432428413022418,0.5,0.4973399759573262,0.30154106614032694
ICEWS14,1751,3341,53,189,733,6293,0,5.0,2.2545007048547574,39.0,0.5743491774985175,0.8090025394799152,0.46214462900330827,0.2709226956560558,0.6355735842416117,0.4413096971944019,0.39173007862160203
ICEWS14,1752,3341,53,64,956,6293,0,3575.5,7.252269568085897,19.0,1.0,0.7405203021617572,0.7900310907618169,0.5660822695449159,0.7652756964617871,0.6426065223888441,0.6186771339324806
ICEWS14,1753,3341,53,193,956;5584,6293,0,7.0,2.0827970186414273,39.0,0.5306065116666864,0.8090025394799153,0.4621446290033082,0.27092269565605304,0.6355735842416117,0.42030863211640473,0.3818867081315187
ICEWS14,1754,3341,53,275,6293,4702,0,3.0,2.192031778602745,12.0,0.8705505632961241,0.5140422290064888,0.48595777099351123,0.2832400679288093,0.5,0.4614522735220434,0.29775914770854206
ICEWS14,1755,3341,53,77,733,6293,0,5.0,9.233682109135358,23.0,0.9803906099397734,0.7562816397421988,0.8569484687808603,0.6824128517686876,0.8066150542615296,0.6822822180481022,0.6662262423739291
ICEWS14,1756,3341,53,124,2083,6293,0,3.0,9.365679524291588,35.0,0.9611657480580811,0.8749164937589393,0.807264971477218,0.6600623422121565,0.8410907326180787,0.7087867174129386,0.7039595840540644
ICEWS14,1757,3341,53,74,6293,6293,1,1.0,8.75850042431297,22.0,0.9611657480580811,0.7707773826054409,0.8434657248501397,0.6576044040342924,0.8071215537277903,0.6642035068534223,0.659283585370256
ICEWS14,1758,3341,53,134,2290,6293,0,3585.5,5.638316655777833,35.0,0.7884782461155736,0.8749164937589393,0.5890469126438397,0.41202247645669315,0.7319817032013896,0.5817137114874523,0.5369703064217111
ICEWS14,1759,3341,53,267,6293,4702,0,2.0,1.5613447279364592,11.0,0.9803906099397734,0.4107338858385574,0.5892661141614426,0.19432428413022387,0.5,0.4885727580086242,0.2970295696546107
ICEWS14,1760,3341,53,65,6293,6293,1,1.0,7.110056985303391,19.0,0.9803906099397734,0.7405203021617572,0.790031090761817,0.566082269544915,0.7652756964617871,0.6326393361550295,0.6152605688147248
ICEWS14,1761,3341,53,127,6293,6293,1,1.0,7.496726676865578,35.0,0.9057236642639067,0.8749164937589393,0.7399080566993588,0.510004051337138,0.807412275229149,0.659479073727839,0.641382827713783
ICEWS14,1762,3341,53,87,6293,6293,1,1.0,9.086946915787852,26.0,0.9238395952400507,0.7778747076358807,0.7861821195098131,0.6090330882595454,0.7820284135728469,0.6686174992780968,0.615070818377505
ICEWS14,1763,3341,53,312,956,6293,0,1.0,0.2722909961217139,50.0,1.0,0.6616108353417949,0.3383891646582052,0.02405632474994923,0.5,0.603689833305719,0.34518446073550685
ICEWS14,1764,3341,53,99,733,6293,0,1.0,9.999255075666301,31.0,1.0,0.8493611929346628,0.733149590074476,0.5582161758987391,0.7912553915045695,0.7226337223101506,0.6262942396026155
ICEWS14,1765,3341,160,192,5584,3155,0,3581.5,0.14833606810619493,17.0,0.6864101813026526,0.35483411498708484,0.6451658850129152,0.024593770653771354,0.5,0.37932352996278434,0.21324417657349287
ICEWS14,1766,3341,160,9,733,3155,0,2.0,1.771881133495838,3.0,0.9423178739918808,0.0,1.0,0.46976059710905077,0.5,0.3788166267200719,0.2968444642634848
ICEWS14,1767,3341,160,291,3159,3155,0,6.0,0.4729665231567344,20.0,0.9057236642639067,0.6230452507487868,0.3769547492512132,0.1091668536952321,0.5,0.4885720745491413,0.3035003610553909
ICEWS14,1768,3341,160,45,1077,3155,0,5.5,2.755556698770756,8.0,0.6597539553864471,0.6306776413707098,0.6908361459718719,0.4837086206479746,0.6607568936712909,0.3542796018154092,0.4203569053253206
ICEWS14,1769,3341,160,337,3159,3155,0,4.0,1.5124603816718447,24.0,0.836743383392903,0.5617742682560087,0.4382257317439913,0.25305537313951054,0.5,0.49448406012951107,0.3197701796973597
ICEWS14,1770,3341,160,204,2624,146,0,3582.5,0.21427146155277033,4.0,0.8042490800314893,0.0,1.0,0.03551696300882447,0.5,0.319214012415711,0.18055215101819208
ICEWS14,1771,3341,160,81,2315,3155,0,3574.5,1.3001273379162415,11.0,0.9057236642639067,0.5947320030504477,0.40526799694955234,0.17613199173914992,0.5,0.4527374001993551,0.2878135646155092
ICEWS14,1772,3341,160,222,4805,1077,0,3584.0,0.6449610824076908,8.0,0.9803906099397734,0.4544261732941449,0.5455738267058551,0.11966560103049496,0.5,0.4459253740936466,0.277795234906448
ICEWS14,1773,3341,160,57,2266,3155,0,3571.5,2.8158134884837556,9.0,0.820335356007638,0.7036370728476398,0.8024505428057135,0.5129640131782092,0.7530438078266766,0.42828978820254093,0.5699101633022879
ICEWS14,1774,3341,160,209,3262,146,0,29.0,0.19407073330475821,4.0,0.7284274237469965,0.0,1.0,0.035516963008823906,0.5,0.2919960054946021,0.16767640815361504
ICEWS14,1775,3341,169,312,1077,1077,1,1.0,0.7591688539210972,3.0,0.9423178739918808,0.49098181029797794,0.5090181897020221,0.25792916035620284,0.5,0.36166606026117737,0.27715626036434976
ICEWS14,1776,3341,169,99,733,146,0,12.0,0.4754179352629294,1.0,0.9238395952400507,0.0,1.0,0.34644855959832815,0.5,0.2947706176078985,0.24633983291562195
ICEWS14,1777,3341,169,132,3155,2269,0,3573.5,0.1465204022666995,1.0,1.0,0.0,1.0,0.07905153228867828,0.5,0.3167398414553052,0.1989512054480236
ICEWS14,1778,3341,169,193,3155,2671,0,3576.0,0.39038617771074435,2.0,0.6729500963161781,0.0,1.0,0.17159666608109625,0.5,0.2404038683299088,0.16997281022607727
ICEWS14,1779,3341,169,44,1077,5682,0,5.0,0.35231344176285173,2.0,0.6729500963161781,0.0,1.0,0.1523125912678997,0.5,0.2398991855348895,0.1664088725552477
ICEWS14,1780,3341,169,70,537,5682,0,3570.5,0.08222025680935563,2.0,0.40212454001574466,0.0,1.0,0.05443222244921453,0.5,0.1643836846994605,0.11302080328069164
ICEWS14,1781,3341,103,264,4702,2617,0,7.0,1.1234741412029643,3.0,0.836743383392903,0.0,1.0,0.3007586622044201,0.5,0.32776501074406256,0.2328777681160755
ICEWS14,1782,3341,103,173,3159,6293,0,3572.0,3.0239215269899296,16.0,0.9803906099397734,0.6940286326555866,0.7974605234087133,0.6019046099235358,0.7457445780321499,0.5467354240336928,0.6604435477357479
ICEWS14,1783,3341,90,128,6293,6293,1,1.0,14.276568467612355,32.0,0.9803906099397734,0.8486467166997129,0.9255037507304924,0.8543835481754607,0.8870752337151027,0.7767259507309758,0.73049569611131
ICEWS14,1784,3341,90,77,733,6293,0,3565.0,8.980493000351567,13.0,1.0,0.6076979754456847,0.9398407489307042,0.8762517655232256,0.7737693621881945,0.6415797910189968,0.6775911955516203
ICEWS14,1785,3341,90,214,4319,6293,0,3568.0,7.200921067353283,48.0,0.9057236642639067,0.8263554793116943,0.7416382518397538,0.5431451430180257,0.7839968655757241,0.6795846402209694,0.6482655993469042
ICEWS14,1786,3341,90,65,6293,6293,1,1.0,3.2148519651165666,6.0,0.8705505632961241,0.5710408517569594,0.8174775998092518,0.6665184740235356,0.6942592257831056,0.42413013950086703,0.5543879713410681
ICEWS14,1787,3341,90,99,6293,6293,1,1.0,10.777845371027455,21.0,0.9803906099397734,0.7939206740164988,0.8415773130429356,0.713808834303594,0.8177489935297172,0.6994616981855908,0.6619566926125249
ICEWS14,1788,3341,90,66,6293,6293,1,1.0,3.1518106789467097,6.0,0.8534795977333005,0.5710408517569593,0.8174775998092518,0.6665184740235328,0.6942592257831055,0.41605678353859066,0.5503208858358201
ICEWS14,1789,3341,90,363,6293,6293,1,1.0,8.887518122938229,70.0,0.9803906099397734,0.7220931391862944,0.8629640570940597,0.7481123083482482,0.7925285981401771,0.7566661389339042,0.7237938576154633
ICEWS14,1790,3341,123,301,929,929,1,1.0,1.6672644523127034,2.0,0.9803906099397734,0.0,1.0,0.7524271763720669,0.5,0.3674116348378875,0.38737107648350655
ICEWS14,1791,3341,123,115,2083,6293,0,3565.0,0.11547994940500633,1.0,0.11547994940500633,0.0,1.0,0.9999999999913405,0.5,0.09526966156993398,0.24626771413579326
ICEWS14,1792,3341,155,173,4319,2083,0,8.0,0.8505011178969002,7.0,0.40212454001574466,0.28755758624716965,0.7124424137528304,0.1984113844361798,0.5,0.22923482353707816,0.1651373554749491
ICEWS14,1793,3341,155,42,5037,4319,0,3565.5,0.46852974627819854,10.0,0.5743491774985175,0.43398891915304516,0.5660110808469548,0.04969691136063352,0.5,0.30234427160675964,0.1826976813543715
ICEWS14,1794,3341,155,140,4304,2083,0,10.0,2.277708476497618,7.0,0.7730166686334901,0.28755758624716965,0.7124424137528304,0.299800478414984,0.5,0.3802641532642832,0.2459912382169262
ICEWS14,1795,3341,155,308,4319,4319,1,1.0,0.32683666554197455,25.0,0.4183716916964515,0.2978864602974741,0.7021135397025259,0.05752824857978532,0.5,0.31133915683177765,0.17737848474643939
ICEWS14,1796,3341,155,124,6411,2083,0,9.0,1.045669943860065,5.0,1.0,0.18904210963695178,0.8109578903630482,0.12524987467559437,0.5,0.42481791042057176,0.24811053958297044
ICEWS14,1797,3341,155,122,6411,2083,0,8.0,0.04751515953656815,4.0,1.0,0.24017367682012314,0.7598263231798769,0.006214721882349697,0.5,0.3912663527530254,0.22469678265210086
ICEWS14,1798,3341,155,201,4319,146,0,2.0,2.42352077718409,7.0,1.0,0.31401372031066566,0.6859862796893343,0.24655085859098783,0.5,0.4755013928793075,0.28362482096175046
ICEWS14,1799,3341,155,254,3159;4319,146,0,2.5,4.3804629011684355,17.0,0.8042490800314893,0.6677716555964532,0.7496127219057813,0.3967681182790519,0.7086921887511173,0.503041732483009,0.48564917690279413
ICEWS14,1800,3341,155,190,1077,3159,0,3.0,2.394962259623427,6.0,0.8879629756445782,0.5061529880730742,0.8071492838550351,0.3514844646841737,0.6566511359640547,0.4167163149853713,0.4212209656777016
ICEWS14,1801,3341,155,49,1077,6410,0,2.0,0.09935329794227243,9.0,0.9803906099397734,0.39485752643006733,0.6051424735699327,0.006517633000550025,0.5,0.4456215496402808,0.25328567639270255
ICEWS14,1802,3341,162,349,733;6293,6293,1,1.0,0.9128633294918993,18.0,0.9423178739918808,0.7060485779710062,0.2939514220289939,0.16601977377067068,0.5,0.5027448849619521,0.3256780038648676
ICEWS14,1803,3341,162,13,2266,6293,0,3564.0,1.0,1.0,1.0,0.0,1.0,0.9999999999989999,0.5,0.33030722584940386,0.47130336916752824
ICEWS14,1804,3341,162,312,956,6293,0,2.0,0.8386489302818997,15.0,0.9803906099397734,0.43102231345743547,0.5689776865425645,0.32162963916327175,0.5,0.5016616673475008,0.3616555634940439
ICEWS14,1805,3341,162,12,6293,0,0,3564.5,0.0,0.0,0.0,0.0,0.0,0.0,0.0,0.06266844042745784,0.00977672855419752
ICEWS14,1806,3341,162,286,6293,2258,0,2.0,0.5128212770374817,2.0,0.5306065116666864,0.27876380166673276,0.7212361983332672,0.5349916385325781,0.5,0.2010531304362899,0.23944578310032927
ICEWS14,1807,3341,162,67,2266,6293,0,3567.0,2.4973975647519087,5.0,0.9611657480580811,0.19851366129526815,0.8014863387047318,0.547938965783693,0.5,0.43473905192306894,0.34676668589281273
ICEWS14,1808,3341,159,93,4408,4408,1,1.0,1.530308100303034,3.0,0.9057236642639067,0.3579499524802674,0.6420500475197326,0.43347720845419757,0.5,0.36046470647232576,0.3021562114093211
ICEWS14,1809,3341,159,132,1077,4408,0,3567.0,0.15483485115135665,3.0,0.4183716916964515,0.3579499524802674,0.6420500475197326,0.07093522432295397,0.5,0.18412499199187202,0.1349304299535387
ICEWS14,1810,3341,61,7,733,733,1,1.0,0.9611657480580811,1.0,0.9611657480580811,0.0,1.0,0.9999999999989596,0.5,0.3154870741711184,0.4603385493265481
ICEWS14,1811,3341,61,73,6293,1077,0,2.0,0.2422909558008548,2.0,0.5630865404461788,0.0,1.0,0.12322044132410372,0.5,0.20668318984615774,0.14454584381176303
ICEWS14,1812,3341,156,166,6504,3375,0,3573.0,0.31487691264666573,3.0,0.4528618321319533,0.34441385940863845,0.6555861405913616,0.13602317726972438,0.5,0.19476890383328924,0.1497248377650974
ICEWS14,1813,3341,156,124,2668,3375,0,3571.5,0.72455976127899,2.0,1.0,0.0,1.0,0.22389066092902316,0.5,0.35916052037225527,0.2424106992906292
ICEWS14,1814,3341,161,29,4319,0,0,3564.5,0.0,0.0,0.0,0.0,0.0,0.0,0.0,0.06266844042745784,0.00977672855419752
ICEWS14,1815,3341,115,221,6293,6293,1,1.0,3.9412806965578584,19.0,0.8042490800314893,0.5606239603304812,0.8392476784855742,0.5957010860944575,0.6999358194080277,0.5046669551826735,0.5538274617877569
ICEWS14,1816,3341,115,220,6293,6293,1,1.0,4.02011265366972,19.0,0.820335356007638,0.5606239603304812,0.8392476784855742,0.5957010860944593,0.6999358194080277,0.5128243395300269,0.5573496077990562
ICEWS14,1817,3341,142,0,733,0,0,3564.5,0.0,0.0,0.0,0.0,0.0,0.0,0.0,0.06266844042745784,0.00977672855419752
ICEWS14,1818,3341,142,16,2103,0,0,3564.5,0.0,0.0,0.0,0.0,0.0,0.0,0.0,0.06266844042745784,0.00977672855419752
ICEWS14,1819,3341,207,222,545,6293,0,3565.5,0.17917902774223704,6.0,0.08411876203952229,0.5798446602430484,1.0,0.8098911429713939,0.7899223301215241,0.13679994873551748,0.5050829857676036
ICEWS14,1820,3341,208,36,3155,3155,1,1.0,0.8534795977333005,1.0,0.8534795977333005,0.0,1.0,0.9999999999988284,0.5,0.2763618672396552,0.4301654414766957
ICEWS14,1821,3341,6,211,2457,2457,1,1.0,0.4942543677248278,3.0,0.9803906099397734,0.07277718816757228,0.9272228118324277,0.3050148083743593,0.5,0.37199084110430036,0.27843705339940483
ICEWS14,1822,3341,6,97,4408,2457,0,3565.0,0.7357122841577354,2.0,0.3714985722842371,0.0,1.0,0.9999999999986408,0.5,0.16386671276110568,0.31633356113415034
ICEWS14,1823,3341,105,318,4822,930,0,3568.5,0.10258471966658378,1.0,0.7001394896518027,0.0,1.0,0.07905153228865998,0.5,0.21862826197122293,0.14812323272125963
ICEWS14,1824,3341,157,299,929,1850,0,3565.5,0.08269150744732517,1.0,0.11099537195557226,0.0,1.0,0.5936249870846154,0.5,0.0944210496868575,0.15319572725969363
ICEWS14,1825,6407,38,148,4286,4286,1,1.0,7.577762852384362,43.0,0.8879629756445782,0.8154712461882548,0.783538680086674,0.6185487584499074,0.7995049631374644,0.6704654959721644,0.6695098080255971
ICEWS14,1826,6407,38,157,1121,4286,0,3566.5,10.092914671088757,47.0,0.9803906099397734,0.840412802094935,0.8509540919119823,0.7207623933382055,0.8456834470034587,0.7463717330986136,0.7299071090379271
ICEWS14,1827,6407,38,96,4286,4286,1,1.0,10.354951413987433,34.0,0.9803906099397734,0.8631665686132572,0.8765593823433203,0.7201467420458912,0.8698629754782887,0.7277542856386812,0.7324045325243875
ICEWS14,1828,6407,38,317,4286,4286,1,1.0,11.115729428377294,88.0,0.9803906099397734,0.8007540051549338,0.841287930607052,0.7034925725579035,0.8210209678809929,0.7987843629275414,0.716483901714577
ICEWS14,1829,6407,38,31,4286,4286,1,1.0,10.848331844547843,16.0,0.9611657480580811,0.7145357135053754,0.9999999999999999,0.8640446334515633,0.8572678567526877,0.6734236292855761,0.7166726000067197
ICEWS14,1830,6407,38,257,4286,4286,1,1.0,11.122293481136728,71.0,0.9803906099397734,0.8698315201280906,0.9112435861305747,0.8331625239426418,0.8905375531293327,0.7861589461072583,0.7925983666324958
ICEWS14,1831,6407,38,319,4286,4286,1,1.0,10.68405839123749,88.0,0.9423178739918808,0.8007540051549338,0.8412879306070516,0.7034925725579019,0.8210209678809928,0.7830716778985165,0.7127762060944158
ICEWS14,1832,6407,38,63,4286,4286,1,1.0,9.914362016078327,27.0,0.9611657480580811,0.8065350066709293,0.7870714433280016,0.5617261361817781,0.7968032249994654,0.6979912504278941,0.6132105529900325
ICEWS14,1833,6407,38,253,1175,4286,0,3568.0,10.977991118211037,70.0,0.8705505632961241,0.8584934230726897,0.9035126144258184,0.8199387709111935,0.8810030187492541,0.7507420552725264,0.7611356688651545
ICEWS14,1834,6407,38,193,4286,4286,1,1.0,8.776042239828165,54.0,0.836743383392903,0.8118230452236048,0.8548385398395021,0.7223284423503488,0.8333307925315534,0.688470896961102,0.7073379048113635
ICEWS14,1835,6407,38,126,4286,4286,1,1.0,9.238564115410425,40.0,0.9803906099397734,0.7573379206555803,0.798676032431446,0.6564683027588777,0.7780069765435131,0.7230887346697248,0.658810532683257
ICEWS14,1836,6407,38,278,1161,4286,0,4.0,11.414349520391958,77.0,0.8705505632961241,0.8249222084983858,0.9097845698992697,0.8218458162040702,0.8673533891988278,0.7628821612311268,0.7491251493979739
ICEWS14,1837,6407,38,67,4286,4286,1,1.0,9.159280191997135,27.0,0.8879629756445782,0.8065350066709293,0.7870714433280016,0.5617261361817756,0.7968032249994654,0.6593558600784198,0.6037487678412738
ICEWS14,1838,6407,142,136,3415,6354,0,2.0,1.2269588225696486,4.0,0.8534795977333005,0.5992608434739453,0.6219651067455075,0.40459399858106565,0.6106129751097265,0.35401086150553873,0.39855544505871876
ICEWS14,1839,6407,142,254,3411,2687,0,3574.0,0.06500135161772691,1.0,0.8534795977333005,0.0,1.0,0.039587710403891495,0.5,0.26505514949629444,0.1651573404118668
ICEWS14,1840,6407,142,221,6350,6350,1,1.0,0.05047329343373841,1.0,0.9611657480580811,0.0,1.0,0.026964271845688868,0.5,0.30137789999694403,0.18114051342188803
ICEWS14,1841,6407,53,187,1077,1077,1,1.0,3.298629084155615,6.0,0.9423178739918808,0.5061129936274061,0.9634890354862057,0.9295502589670015,0.7348010145568059,0.4551997523044178,0.6910321371044491
ICEWS14,1842,6407,53,197,1077,1077,1,1.0,7.4099244507271695,12.0,0.9803906099397734,0.45052896916345797,0.9228989729724635,0.7874584423633461,0.6867139710679607,0.6006840317495284,0.5789873257956727
ICEWS14,1843,6407,207,292,6410,2290,0,3.0,0.7279077217124426,2.0,0.8879629756445782,0.0,1.0,0.27072961488850145,0.5,0.31729873823686006,0.23037030335275344
ICEWS14,1844,6407,207,293,4304,2290,0,2.0,0.7136338952695325,2.0,0.8705505632961241,0.0,1.0,0.2707296148884994,0.5,0.3107997707534084,0.2268507772903468
ICEWS14,1845,6407,160,252,3155,6354,0,3566.0,0.013651663689774815,1.0,0.0455267139841873,0.0,1.0,0.17637406352212676,0.5,0.08507100571796425,0.08413897204695354
ICEWS14,1846,6407,160,299,5484,5182,0,3566.5,0.9243694621950521,1.0,0.9423178739918808,0.0,1.0,0.9626178445230571,0.5,0.3081469363077982,0.44193765997647994
ICEWS14,1847,6407,116,138,3155,0,0,3564.5,0.0,0.0,0.0,0.0,0.0,0.0,0.0,0.06266844042745784,0.00977672855419752
ICEWS14,1848,6407,115,196,1077,1077,1,1.0,0.8121530858607289,1.0,0.9803906099397734,0.0,1.0,0.7070635498178701,0.5,0.32011361824100204,0.3658135278343676
ICEWS14,1849,6407,98,106,1375,1077,0,1.5,0.0,1.0,0.9423178739918808,0.0,0.0,0.0,0.0,0.29401865650632836,0.03386334533859431
ICEWS14,1850,6407,202,35,876,0,0,3564.5,0.0,0.0,0.0,0.0,0.0,0.0,0.0,0.06266844042745784,0.00977672855419752
ICEWS14,1851,6407,123,317,3262,1077,0,3.5,0.2675303316627873,3.0,0.4267397988666503,0.5397961500840222,0.46020384991597785,0.16857207627966847,0.5,0.187481381488312,0.15976903338359333
ICEWS14,1852,536,160,102,4408,5496,0,1.0,3.972682068606831,6.0,0.9803906099397734,0.6300240159375958,0.9137042809511338,0.8260200949687626,0.7718641484443648,0.4832515283781078,0.6957189119878939
ICEWS14,1853,536,160,77,6800,4408,0,3565.5,0.06471223670516157,1.0,0.6864101813026526,0.0,1.0,0.04947009763476693,0.5,0.21426608114076431,0.14109401266472837
ICEWS14,1854,829,53,36,2290,2290,1,1.0,1.9034836220499618,2.0,0.9611657480580811,0.0,1.0,0.9999999999994746,0.5,0.36393111393573263,0.46547953521913227
ICEWS14,1855,829,160,34,3155,3155,1,1.0,0.5100008047105996,1.0,0.5100008047105996,0.0,1.0,0.9999999999980392,0.5,0.17333115988607728,0.3382870103630394
ICEWS14,1856,829,160,224,146,3155,0,3566.0,0.2403545759023431,7.0,0.646816582731497,0.4785228391156249,0.5214771608843751,0.10728416764361003,0.5,0.29994298045091355,0.2036568971743386
ICEWS14,1857,829,103,128,3155,0,0,3564.5,0.0,0.0,0.0,0.0,0.0,0.0,0.0,0.06266844042745784,0.00977672855419752
ICEWS14,1858,4278,208,104,5471,0,0,3564.5,0.0,0.0,0.0,0.0,0.0,0.0,0.0,0.06266844042745784,0.00977672855419752
ICEWS14,1859,1173,123,57,150,0,0,3564.5,0.0,0.0,0.0,0.0,0.0,0.0,0.0,0.06266844042745784,0.00977672855419752
ICEWS14,1860,1173,53,64,4004,0,0,3564.5,0.0,0.0,0.0,0.0,0.0,0.0,0.0,0.06266844042745784,0.00977672855419752
ICEWS14,1861,1173,63,140,167,0,0,3564.5,0.0,0.0,0.0,0.0,0.0,0.0,0.0,0.06266844042745784,0.00977672855419752
ICEWS14,1862,1173,156,113,2455,2455,1,1.0,0.3122601018639122,1.0,0.8534795977333005,0.0,1.0,0.2238906609289319,0.5,0.2685688093953681,0.20270739631889018
ICEWS14,1863,1173,156,344,2455,2455,1,1.0,0.7892999611510185,6.0,0.6729500963161781,0.5292224817777476,0.8275601599773119,0.3813802313746385,0.6783913208775297,0.3073277601414856,0.41443084423289966
ICEWS14,1864,1173,127,36,4602,6504,0,3564.0,1.0,1.0,1.0,0.0,1.0,0.9999999999989999,0.5,0.33030722584940386,0.47130336916752824
ICEWS14,1865,2676,53,264,359,863,0,1.0,1.0,2.0,1.0,0.0,1.0,0.3421925272094141,0.5,0.3637786750647318,0.27172511808874183
ICEWS14,1866,2676,127,251,18,711,0,3565.5,0.05859189899883662,1.0,0.07618835338777971,0.0,1.0,0.6247482975889221,0.5,0.08941521685745611,0.1538251697607978
ICEWS14,1867,2676,160,260,3159,3155,0,3565.0,0.01759645438894309,1.0,0.01759645438894309,0.0,1.0,0.9999999999431705,0.5,0.08152512602857008,0.22623553045886569
ICEWS14,1868,6665,56,102,1145,0,0,3564.5,0.0,0.0,0.0,0.0,0.0,0.0,0.0,0.06266844042745784,0.00977672855419752
ICEWS14,1869,6665,224,140,1145,1145,1,1.0,1.5612511962615971,13.0,0.8705505632961241,0.770747625313116,0.567260292023308,0.25876631640770276,0.6690039586682119,0.4567815639288529,0.4602481029578096
ICEWS14,1870,6665,224,312,1145,1145,1,1.0,7.457650425648193,40.0,0.9803906099397734,0.8418505684775117,0.9634430884625158,0.901798758023865,0.9026468284700138,0.6964531137842258,0.8314444690379645
ICEWS14,1871,6665,224,107,1145,1145,1,1.0,4.045463089240338,11.0,0.6341329040632923,0.7290928093532552,0.9687707849066829,0.8756769443566961,0.848931797129969,0.39064977209603446,0.7090516933102538
ICEWS14,1872,6665,168,29,1145,1145,1,1.0,0.9238395952400507,1.0,0.9238395952400507,0.0,1.0,0.9999999999989175,0.5,0.3015872178185898,0.44983546847777767
ICEWS14,1873,6665,205,33,1145,0,0,3564.5,0.0,0.0,0.0,0.0,0.0,0.0,0.0,0.06266844042745784,0.00977672855419752
ICEWS14,1874,1434,91,237,4261,1145,0,3.0,1.7475297386561677,15.0,0.4528618321319533,0.7727313023271177,0.8935069503595883,0.7809403320721006,0.8331191263433531,0.30790556238876027,0.6673713744123286
ICEWS14,1875,1434,91,27,1145,1145,1,1.0,1.843145810789896,3.0,0.6597539553864471,0.0,1.0,0.9999999999994574,0.5,0.2764478998198062,0.39210353559695266
ICEWS14,1876,1434,191,72,1145,1145,1,1.0,3.6580310508194662,7.0,0.9611657480580811,0.7407275471913297,0.8754225303204253,0.7271196762157045,0.8080750387558775,0.4816662993831042,0.7046425351596393
ICEWS14,1877,1434,191,326,1145,1145,1,1.0,4.17403917446577,32.0,0.8534795977333005,0.6387255724433528,0.9124981981166107,0.834294427201256,0.7756118852799818,0.5745597528114902,0.7307059141799995
ICEWS14,1878,1434,191,243,2805,1145,0,3567.0,4.187440735292668,24.0,0.8879629756445782,0.7668075709706109,0.888030831058081,0.7526476268195134,0.827419201014346,0.5641317683754428,0.7480562697309499
ICEWS14,1879,1434,191,134,1145,1145,1,1.0,6.206353168137323,15.0,0.9238395952400507,0.5785954806792262,0.9752578512278091,0.9391502010333528,0.7769266659535177,0.5749208167975137,0.7207055476513257
ICEWS14,1880,1434,38,255,1145,1145,1,1.0,17.054769840019027,71.0,0.9803906099397734,0.809317083326276,0.8896660734662942,0.7778482350393904,0.8494915783962851,0.8497800891948825,0.6724057840533907
ICEWS14,1881,1434,38,132,1145,1145,1,1.0,10.475452252191749,33.0,0.9611657480580811,0.8155229501355866,0.8196216929706099,0.6521705483157393,0.8175723215530983,0.7209705578047931,0.6618052960390765
ICEWS14,1882,1434,38,65,1145,1145,1,1.0,6.397967293947247,13.0,0.9238395952400507,0.7062314040905513,0.8083994655380862,0.666107526256817,0.7573154348143187,0.5664061318637736,0.6182683244223998
ICEWS14,1883,1434,38,169,1145,1145,1,1.0,7.407812304631928,39.0,0.836743383392903,0.8446350005924397,0.7409825805347381,0.5730031183945724,0.7928087905635889,0.6404941646230299,0.6353732385405078
ICEWS14,1884,1434,38,274,1145,1145,1,1.0,15.168058736932561,76.0,0.9803906099397734,0.8568470813026346,0.8742726737348012,0.7409096802834005,0.8655598775187179,0.834835701891795,0.7048253139285298
ICEWS14,1885,1434,38,102,1145,1145,1,1.0,7.305347643173434,25.0,0.9803906099397734,0.8429875112225054,0.6493848379049688,0.419223859620092,0.746186174563737,0.6577709528861932,0.5644120029027709
ICEWS14,1886,1434,38,322,1145,1145,1,1.0,15.226944000405773,91.0,0.9238395952400507,0.8327881281003675,0.9467164829315848,0.8813397184062564,0.8897523055159762,0.8312950436728139,0.7533496533414216
ICEWS14,1887,1434,38,128,1145,1145,1,1.0,9.278633081227103,31.0,0.9423178739918808,0.7846268034329251,0.7894120021713819,0.6054095083739099,0.7870194028021535,0.6918342459247375,0.628776567038944
ICEWS14,1888,1434,38,271,1145,1145,1,1.0,15.076539860897187,74.0,0.9611657480580811,0.8393430291603071,0.9070398401337384,0.8094974289524637,0.8731914346470228,0.828052646374427,0.7249559518252829
ICEWS14,1889,1434,143,93,1145,1145,1,1.0,0.7284274237469965,1.0,0.7284274237469965,0.0,1.0,0.9999999999986272,0.5,0.23489271923396138,0.39578030556394517
ICEWS14,1890,1434,156,195,4019,1145,0,3565.5,6.600188693470283,19.0,1.0,0.5170539675585596,0.9756897875981579,0.9253500469360502,0.7463718775783588,0.6316556852076619,0.7132629505263703
ICEWS14,1891,1434,156,354,1145,1145,1,1.0,5.8859543475861145,38.0,0.9611657480580811,0.8414943158101647,0.953514516900715,0.9065040401207313,0.8975044163554398,0.6605840739083804,0.839052011619106
ICEWS14,1892,1434,156,334,1145,1145,1,1.0,5.194116611010396,35.0,0.7884782461155736,0.7417502550163381,0.9242622482771345,0.8520222641021425,0.8330062516467363,0.5738421196376307,0.7565350463398686
ICEWS14,1893,1434,156,298,1145,1145,1,1.0,7.815842274604538,33.0,0.9238395952400507,0.6595639520898053,0.900159201025476,0.8094168724942152,0.7798615765576407,0.666773926960061,0.6989496302234107
ICEWS14,1894,1434,156,231,1145,1145,1,1.0,5.7630183439942,22.0,0.9803906099397734,0.7241817953996612,0.9861160488176451,0.9566726294160933,0.8551489221086532,0.6216712923934642,0.8120992912962154
ICEWS14,1895,1434,202,48,1145,1145,1,1.0,0.9238395952400507,1.0,0.9238395952400507,0.0,1.0,0.9999999999989175,0.5,0.3015872178185898,0.44983546847777767
ICEWS14,1896,1434,202,193,1145,1145,1,1.0,1.6234924686582104,8.0,0.8705505632961241,0.6057933522642399,0.7445221682449857,0.5812241778740731,0.6751577602546128,0.4182804994347113,0.5469397398694567
ICEWS14,1897,1434,137,344,1145,0,0,3564.5,0.0,0.0,0.0,0.0,0.0,0.0,0.0,0.06266844042745784,0.00977672855419752
ICEWS14,1898,1434,56,127,1145,1145,1,1.0,0.5016196404526752,2.0,0.7730166686334901,0.21297628825416726,0.7870237117458327,0.34292087164134505,0.5,0.27389166501620027,0.238321782408485
ICEWS14,1899,1434,61,150,1145,1145,1,1.0,0.13488525822262687,6.0,0.27602237841845306,0.6466235712486892,0.35337642875131087,0.09272682678692909,0.5,0.17883305264836086,0.14198576641472038
ICEWS14,1900,1434,160,340,3430,1971,0,10.0,0.4892906197737592,1.0,0.6864101813026526,0.0,1.0,0.5537907735908486,0.5,0.21950435937698026,0.249048311151443
ICEWS14,1901,1434,46,97,1145,1145,1,1.0,0.5858370854182298,1.0,0.5858370854182298,0.0,1.0,0.999999999998293,0.5,0.19312816118309317,0.35780994083082673
ICEWS14,1902,3922,129,191,1154,0,0,3564.5,0.0,0.0,0.0,0.0,0.0,0.0,0.0,0.06266844042745784,0.00977672855419752
ICEWS14,1903,3922,142,343,6635,6635,1,1.0,0.048265137277329395,1.0,0.836743383392903,0.0,1.0,0.02969757256547019,0.5,0.25940288252405885,0.1606172362865371
ICEWS14,1904,3922,142,110,711,1077,0,5.0,1.0907980705537859,4.0,0.646816582731497,0.19321523158028053,0.8067847684197195,0.3112189941413444,0.5,0.2774570696602593,0.2140320985728014
ICEWS14,1905,3922,142,76,2290,711,0,3568.0,0.13488365211337927,2.0,0.5306065116666864,0.0,1.0,0.06930149776934359,0.5,0.1966792781015385,0.13145828373629342
ICEWS14,1906,3922,130,328,6890,0,0,3564.5,0.0,0.0,0.0,0.0,0.0,0.0,0.0,0.06266844042745784,0.00977672855419752
ICEWS14,1907,3922,207,174,6559,1077,0,3565.5,0.7108306771994759,2.0,0.5412194958693883,0.28276291816654675,1.0,0.8903768484727865,0.6413814590832734,0.20626549275708034,0.46608165646107885
ICEWS14,1908,3922,156,67,1176,0,0,3564.5,0.0,0.0,0.0,0.0,0.0,0.0,0.0,0.06266844042745784,0.00977672855419752
ICEWS14,1909,3922,127,160,1154,1077,0,3565.0,1.9134693445557391,3.0,0.9803906099397734,0.48763714834041605,1.0,0.9999999999994773,0.743818574170208,0.3963756106838182,0.7223216874958787
ICEWS14,1910,3922,38,183,1154,4271,0,5.0,0.35122851094881113,4.0,0.5743491774985175,0.5299075016050117,0.47009249839498835,0.1678648070776328,0.5,0.243777636567553,0.19030998049413556
ICEWS14,1911,3922,38,290,4271,1154,0,2.0,1.8175687493836885,10.0,0.9423178739918808,0.7680598059213073,0.5776839924577342,0.2881391053305594,0.6728718991895207,0.4694084435491812,0.4794925758692455
ICEWS14,1912,3922,38,0,4271,0,0,3564.5,0.0,0.0,0.0,0.0,0.0,0.0,0.0,0.06266844042745784,0.00977672855419752
ICEWS14,1913,3922,169,155,1077,6635,0,3564.5,0.7735690839340233,1.0,1.0,0.0,1.0,0.6307481928250558,0.5,0.3266789414418546,0.34645399520535314
ICEWS14,1914,3922,53,117,711,4992,0,3565.5,0.36361916019741236,1.0,0.7578582832551991,0.0,1.0,0.3156149455806636,0.5,0.23900404690692148,0.20511555439499
ICEWS14,1915,3922,53,336,6635,1077,0,2.0,1.0265356412632871,10.0,0.9803906099397734,0.2159253087918539,0.9012065841471748,0.6963233803947325,0.5585659464695143,0.4709619111707033,0.5081243972752515
ICEWS14,1916,3922,53,171,4805,1077,0,3564.5,2.2427324469458423,8.0,0.5306065116666864,0.5306528937634046,0.8317861368782004,0.5286056745246236,0.6812195153208025,0.298676642001134,0.4169720492978329
ICEWS14,1917,3922,116,277,1077,0,0,3564.5,0.0,0.0,0.0,0.0,0.0,0.0,0.0,0.06266844042745784,0.00977672855419752
ICEWS14,1918,3922,155,75,1077,0,0,3564.5,0.0,0.0,0.0,0.0,0.0,0.0,0.0,0.06266844042745784,0.00977672855419752
ICEWS14,1919,5037,141,78,3262,2066,0,3565.0,0.4711589369959404,1.0,0.4711589369959404,0.0,1.0,0.9999999999978776,0.5,0.16382933997002688,0.32849212654895865
ICEWS14,1920,5037,141,250,3262,1077,0,3564.0,0.0,1.0,1.0,0.0,0.0,0.0,0.0,0.31444089581150797,0.03619909534280753
ICEWS14,1921,5037,0,95,3262,1163,0,3565.5,0.7418875087334711,2.0,0.7284274237469965,0.4851512137172558,1.0,0.35534623958545886,0.7425756068586279,0.26267439186363806,0.4338101538715768
ICEWS14,1922,5037,155,269,4805,6410,0,4.0,1.522233029367356,5.0,0.8042490800314893,0.17682602509625245,0.8231739749037476,0.6914248498101832,0.5,0.35527888233958255,0.3639629627500856
ICEWS14,1923,5037,155,279,6410,6410,1,1.0,4.1326158060623905,8.0,0.9803906099397734,0.3462478636444172,0.9387743665736885,0.8811706969776786,0.6425111151090528,0.5090502648981298,0.5988705436192112
ICEWS14,1924,5037,155,259,6410,6410,1,1.0,1.8556228476798493,5.0,0.9803906099397734,0.17682602509625234,0.8231739749037477,0.6914248498102397,0.5,0.4311901583940066,0.40894571623736087
ICEWS14,1925,5037,155,61,1077,1077,1,1.0,0.3154580962321325,2.0,0.9803906099397734,0.0,1.0,0.0912580400105926,0.5,0.3448994093334043,0.20934801341189763
ICEWS14,1926,5037,142,114,711,3535,0,3570.0,0.4168279048775636,6.0,0.6341329040632923,0.7222352314409184,0.2777647685590816,0.10046120864370613,0.5,0.2880971075600452,0.2052098410884525
ICEWS14,1927,5037,142,185,3262,2661,0,5.0,0.8969797202068079,5.0,0.9611657480580811,0.41983235035841837,0.5801676496415816,0.10977805086532293,0.5,0.40641629728705897,0.2498069319946322
ICEWS14,1928,5037,142,181,1077,2661,0,3.0,0.3231051579285622,3.0,0.9803906099397734,0.0,1.0,0.060152261305376604,0.5,0.36909103409160743,0.21128986269925362
ICEWS14,1929,5037,142,162,3535,3535,1,1.0,0.9443733560200822,8.0,0.820335356007638,0.6397419985699779,0.6124888546942161,0.26161510513441505,0.626115426632097,0.38623090300785834,0.38795475689943487
ICEWS14,1930,5037,142,301,2507,3262,0,3574.0,5.620903835297151,12.0,1.0,0.530662388089967,0.7757899060884815,0.5539858073201711,0.6532261470892242,0.5771695613296428,0.5056075270833719
ICEWS14,1931,5037,56,142,3262,6410,0,4.0,2.430084905823554,12.0,0.6597539553864471,0.6274971319734239,0.7362958460150454,0.43588073730656857,0.6818964889942347,0.37992067352984954,0.44466714430151
ICEWS14,1932,5037,56,290,1171,6410,0,10.0,1.3129146616011838,22.0,0.7578582832551991,0.7227099225826201,0.6323523075022914,0.3161164988881688,0.6775311150424558,0.4504296834531498,0.4798069770283443
ICEWS14,1933,5037,56,200,6785,6410,0,2.0,4.883379829232873,19.0,0.8879629756445782,0.6727714042676314,0.8666658078730768,0.6915206795956013,0.769718606070354,0.5565483667019329,0.6631722248226635
ICEWS14,1934,5037,56,115,4404,6410,0,3568.5,3.0218826948677466,11.0,0.8879629756445782,0.5539788578247137,0.6842504097220921,0.36016300894792275,0.6191146337734028,0.4764527852654058,0.4115245815587105
ICEWS14,1935,5037,56,225,6785,6410,0,2.0,1.146890085746838,19.0,0.5412194958693883,0.6727714042676314,0.3272285957323686,0.18697939968775185,0.5,0.34878271663838445,0.2327785284055131
ICEWS14,1936,5037,160,94,6410,6410,1,1.0,0.7865880050998945,4.0,0.820335356007638,0.4843372940731463,0.5156627059268537,0.32841741417936654,0.5,0.3342782828475948,0.27644028388609526
ICEWS14,1937,5037,208,281,6410,6410,1,1.0,0.6550114912834495,6.0,0.3234082913657485,0.5853800937809202,0.8866845674491562,0.7237604136427216,0.7360323306150383,0.19667452349130776,0.4904022648944252
ICEWS14,1938,5037,208,293,6410,6410,1,1.0,2.301102001803983,8.0,0.9803906099397734,0.5914463375374375,0.9709577845689651,0.9210960451134537,0.7812020610532013,0.4758086132443636,0.7581566115414374
ICEWS14,1939,5037,208,103,6410,3262,0,2.0,0.1617062827695197,1.0,0.7730166686334901,0.0,1.0,0.11681219567590236,0.5,0.24095446081950897,0.16642169883802266
ICEWS14,1940,5037,127,33,6410,0,0,3564.5,0.0,0.0,0.0,0.0,0.0,0.0,0.0,0.06266844042745784,0.00977672855419752
ICEWS14,1941,5037,127,215,3262,3262,1,1.0,1.1437564485489284,17.0,0.5,0.6249163105332876,0.3750836894667124,0.17871021359565786,0.5,0.3247581480867194,0.21602286177742536
ICEWS14,1942,5037,127,179,3262,3262,1,1.0,5.246138444461416,16.0,0.9423178739918808,0.7204135060382372,0.8424104129954711,0.6474098695989725,0.7814119595168542,0.5708250314475742,0.6635817112357374
ICEWS14,1943,5037,115,276,6410,6410,1,1.0,0.046950600100597484,7.0,0.6216979445974911,0.0945941732400587,0.9054058267599413,0.035398304006072204,0.5,0.2883021555495915,0.16806557352003146
ICEWS14,1944,5037,6,198,6410,6410,1,1.0,2.406811075278197,8.0,0.8879629756445782,0.656540108244407,0.9747543412060123,0.8708079423909804,0.8156472247252097,0.4393497956477256,0.7492478133541212
ICEWS14,1945,5037,6,355,2460,711,0,3566.5,0.40098426598628456,1.0,1.0,0.0,1.0,0.25076943112968414,0.5,0.3207537584388874,0.2385512204196224
ICEWS14,1946,5037,6,40,6410,6410,1,1.0,1.4915607496821366,2.0,0.9057236642639067,0.3927678343259411,1.0,0.9999999999993295,0.6963839171629705,0.3360326398095227,0.6544741364832398
ICEWS14,1947,5037,6,96,6410,3262,0,2.0,0.18091854416519615,1.0,0.6729500963161781,0.0,1.0,0.15529733399928386,0.5,0.21190544820654503,0.15753764109245466
ICEWS14,1948,5037,196,162,6410,3262,0,2.0,0.3455115768822074,1.0,0.7429971445684742,0.0,1.0,0.3029520510651372,0.5,0.23427510689104558,0.19947192368232125
ICEWS14,1949,5037,103,84,3533,3262,0,3565.0,2.060973930189652,6.0,0.8879629756445782,0.5997094242348229,0.5907585382170385,0.3064549036915006,0.5952339812259306,0.41083132268262557,0.3651649385934905
ICEWS14,1950,5037,103,93,3262,3262,1,1.0,5.495625916933269,10.0,0.9803906099397734,0.7392837972973287,0.7979958528369256,0.5847408630863989,0.7686398250671271,0.5519032858530021,0.620559402638991
ICEWS14,1951,5037,103,221,3262,3262,1,1.0,4.578575693647369,24.0,0.646816582731497,0.755741769439566,0.892252989656124,0.8020950988533144,0.823997379547845,0.47075915281345443,0.6964545325088448
ICEWS14,1952,5037,103,184,3262,3262,1,1.0,4.608355455013543,20.0,0.9803906099397734,0.8304905667095699,0.800618934333524,0.6622121779793726,0.815554750521547,0.5937791132357747,0.72777849452568
ICEWS14,1953,5037,103,276,3262,3262,1,1.0,0.9849225575774492,25.0,0.35006974482590136,0.7968372096903609,0.5300741426863312,0.31006690733827275,0.6634556761883461,0.29726920549248764,0.3632660393716072
ICEWS14,1954,5037,61,20,6410,6410,1,1.0,0.9803906099397734,1.0,0.9803906099397734,0.0,1.0,0.99999999999898,0.5,0.322779285591777,0.4657625428295966
ICEWS14,1955,5037,38,150,5863,1163,0,3566.5,0.42807233667066447,6.0,1.0,0.48140000844161857,0.5185999915583814,0.12485832350736702,0.5,0.42758749375781346,0.2783696897240973
ICEWS14,1956,5037,38,152,5863,1163,0,3567.5,0.41144846769903,6.0,0.9611657480580811,0.48140000844161857,0.5185999915583814,0.12485832350736556,0.5,0.41147249015719267,0.2693265860591959
ICEWS14,1957,5037,98,335,3635,3635,1,1.0,0.6216979445974911,2.0,0.6216979445974911,0.431125927769216,0.568874072230784,0.39750105926538504,0.5,0.22803984012462425,0.2302097246636283
ICEWS14,1958,5037,202,293,4294,3288,0,3564.5,0.7505006132690565,1.0,1.0,0.0,1.0,0.6006410417151027,0.5,0.3263104494025225,0.33698746376886257
ICEWS14,1959,5037,202,259,3288,3262,0,3565.0,0.48921371187349827,2.0,0.36421371187349827,0.2555120532523477,1.0,0.999999999997956,0.6277560266261739,0.15978492972399178,0.4422506351205013
ICEWS14,1960,5037,19,149,3262,0,0,3564.5,0.0,0.0,0.0,0.0,0.0,0.0,0.0,0.06266844042745784,0.00977672855419752
ICEWS14,1961,5037,53,79,3262,3262,1,1.0,1.7896115585558297,3.0,0.9611657480580811,0.40462493285061196,1.0,0.6043359952713806,0.702312466425306,0.38657027784012693,0.5487819977165972
ICEWS14,1962,5037,156,282,567,3262,0,3.0,0.09580455670146781,10.0,0.836743383392903,0.593668054730141,0.40633194526985905,0.016389583219088875,0.5,0.3955055106805037,0.23851984271719587
ICEWS14,1963,5037,176,91,1511,0,0,3564.5,0.0,0.0,0.0,0.0,0.0,0.0,0.0,0.06266844042745784,0.00977672855419752
ICEWS14,1964,5037,222,326,6410,6410,1,1.0,1.5968408286780402,4.0,0.6729500963161781,0.44937732447744827,1.0,0.9999999999993737,0.7246886622387241,0.2938772875503392,0.6393299471827801
ICEWS14,1965,5037,85,226,4319,3262,0,3566.0,0.6377571875382919,1.0,0.6729500963161781,0.0,1.0,0.9006050796938629,0.5,0.21750054199731517,0.34806068525491524
ICEWS14,1966,5037,85,207,3262,3262,1,1.0,0.9291196501892961,1.0,0.9803906099397734,0.0,1.0,0.9006050796942616,0.5,0.32196568273775533,0.4310212351108657
ICEWS14,1967,5037,46,3,985,0,0,3564.5,0.0,0.0,0.0,0.0,0.0,0.0,0.0,0.06266844042745784,0.00977672855419752
ICEWS14,1968,5037,191,292,6410,6410,1,1.0,2.274771881414062,12.0,0.9803906099397734,0.5809933196566494,0.9779013360203728,0.9459209893195788,0.779447327838511,0.5088202160402138,0.7762424212267539
ICEWS14,1969,6504,160,97,2455,2455,1,1.0,0.7448111414418033,1.0,0.9803906099397734,0.0,1.0,0.6125242344763208,0.5,0.3190498783044128,0.33566007059632513
ICEWS14,1970,6504,160,180,2957,4412,0,3567.0,0.048090280918488604,1.0,0.3714985722842371,0.0,1.0,0.06920392276142746,0.5,0.1385387017678346,0.10395855983750238
ICEWS14,1971,6504,146,147,4989,0,0,3564.5,0.0,0.0,0.0,0.0,0.0,0.0,0.0,0.06266844042745784,0.00977672855419752
ICEWS14,1972,6504,53,82,2083,6411,0,2.0,0.13072415429604067,1.0,0.9238395952400507,0.0,1.0,0.07613720309560318,0.5,0.2895922652491563,0.1843215901418303
ICEWS14,1973,6504,53,240,2083,5004,0,2.0,0.1072563628384926,2.0,0.9423178739918808,0.14896142788810518,0.8510385721118948,0.050898582977330034,0.5,0.3273138914241386,0.20174988781933653
ICEWS14,1974,6504,38,323,1173,1736,0,2.0,0.022713825140882715,2.0,0.9423178739918808,0.46539803861923645,0.5346019613807635,0.0064848606471748825,0.5,0.32596311751515566,0.20746157107289717
ICEWS14,1975,6504,38,99,5488,3927,0,3567.0,0.5858370854182298,2.0,0.6216979445974911,0.0,1.0,0.32026379009583716,0.5,0.22758158146801472,0.19083314717440156
ICEWS14,1976,6504,207,269,6411,2083,0,2.0,0.3924709309833095,1.0,0.597554769985219,0.0,1.0,0.4889758934946953,0.5,0.19399574247475268,0.21453972091533297
ICEWS14,1977,6504,98,244,3155,6411,0,3.0,0.033856579360506046,2.0,0.05549768597778612,0.41661823838916057,0.5833817616108394,0.21646681091209669,0.5,0.09890818299734822,0.10770219633151114
ICEWS14,1978,6504,142,172,1786,3168,0,3573.0,0.07951842838634704,2.0,0.4183716916964515,0.0,1.0,0.05040595141188308,0.5,0.168124257336069,0.11441331739482419
ICEWS14,1979,6504,222,72,1173,0,0,3564.5,0.0,0.0,0.0,0.0,0.0,0.0,0.0,0.06266844042745784,0.00977672855419752
ICEWS14,1980,6504,123,305,6411,1077,0,3.0,0.057132722453505036,1.0,0.07322963567727875,0.0,1.0,0.6395939746441082,0.5,0.0890043957543233,0.15618568697043628
ICEWS14,1981,6504,115,240,2083,2083,1,1.0,1.9098955794264696,3.0,0.9423178739918808,0.06697232574039269,1.0,0.930979375221908,0.5334861628701963,0.38117868124513155,0.4838557597101181
ICEWS14,1982,6504,115,106,6890,6411,0,3565.0,1.0058501727267821,4.0,0.5743491774985175,0.4289913218968773,1.0,0.9999999999990057,0.7144956609484386,0.25265056882990866,0.6105086400933568
ICEWS14,1983,6504,61,244,3155,0,0,3564.5,0.0,0.0,0.0,0.0,0.0,0.0,0.0,0.06266844042745784,0.00977672855419752
ICEWS14,1984,6504,150,266,1173,1173,1,1.0,0.10697247653599,1.0,0.14358729437462936,0.0,1.0,0.5936249870855828,0.5,0.0993455405519696,0.15812557951732156
ICEWS14,1985,5965,90,9,151,0,0,3564.5,0.0,0.0,0.0,0.0,0.0,0.0,0.0,0.06266844042745784,0.00977672855419752
ICEWS14,1986,5965,56,40,6792,6792,1,1.0,0.5,1.0,0.5,0.0,1.0,0.999999999998,0.5,0.17084380106053865,0.33575137090206625
ICEWS14,1987,5965,160,44,6792,6792,1,1.0,0.46191979762002533,1.0,0.46191979762002533,0.0,1.0,0.9999999999978352,0.5,0.16163180184290757,0.3261836688513874
ICEWS14,1988,5965,103,221,6805,6795,0,3565.0,0.23557946849797018,1.0,0.23557946849797018,0.0,1.0,0.9999999999957552,0.5,0.1149380187479599,0.2724285887461206
ICEWS14,1989,5965,53,156,6795,6795,1,1.0,0.27913042023478296,1.0,0.8534795977333005,0.0,1.0,0.19549292259449572,0.5,0.26809631520582633,0.1964816305864502
ICEWS14,1990,5965,53,152,6795,6795,1,1.0,0.3021416506425596,1.0,0.9238395952400507,0.0,1.0,0.1954929225945062,0.5,0.2921607424577843,0.20989136640605643
ICEWS14,1991,5965,215,47,6504,0,0,3564.5,0.0,0.0,0.0,0.0,0.0,0.0,0.0,0.06266844042745784,0.00977672855419752
ICEWS14,1992,4807,162,48,5137,5137,1,1.0,0.9238395952400507,1.0,0.9238395952400507,0.0,1.0,0.9999999999989175,0.5,0.3015872178185898,0.44983546847777767
ICEWS14,1993,4807,160,272,3155,3762,0,5.0,0.04062206198546414,3.0,0.22643091606597668,0.450571271522903,0.549428728477097,0.051839033098809315,0.5,0.1396649017836289,0.1109657383803867
ICEWS14,1994,4807,53,122,2278,1569,0,3567.0,0.31358981869734737,1.0,1.0,0.0,1.0,0.18595109432684503,0.5,0.31937216696641796,0.22289986003783263
ICEWS14,1995,4807,156,281,3660,1779,0,3566.0,0.21965606366247148,1.0,0.2815432702230894,0.0,1.0,0.6395939746494059,0.5,0.12287088529722039,0.1903722965930966
ICEWS14,1996,5370,191,273,6556,2974,0,3564.0,1.0,1.0,1.0,0.0,1.0,0.9999999999989999,0.5,0.33030722584940386,0.47130336916752824
ICEWS14,1997,5370,56,37,6372,6422,0,3565.0,0.9611657480580811,1.0,0.9611657480580811,0.0,1.0,0.9999999999989596,0.5,0.3154870741711184,0.4603385493265481
ICEWS14,1998,5370,53,41,6422,5762,0,3565.0,0.5202016416109183,1.0,0.5202016416109183,0.0,1.0,0.9999999999980778,0.5,0.17589766623458072,0.34088297123219036
ICEWS14,1999,1188,224,248,503,4368,0,2.0,0.3993633342548356,6.0,0.34320509065132626,0.5326768113735024,0.4673231886264976,0.18289522472219036,0.5,0.19898359431429782,0.16265491683644756
ICEWS14,2000,1188,224,269,5266,503,0,3569.5,3.817713350549165,14.0,0.9057236642639067,0.4511920073824133,0.8739621797753793,0.6913880903921326,0.6625770935788963,0.5186426789779314,0.5648954564033036
ICEWS14,2001,1188,224,292,1321,503,0,1.0,4.866973049544896,18.0,1.0,0.4373780867256378,0.8026585030651802,0.5611028995795885,0.6200182948954089,0.5974193864675545,0.502472754801396
ICEWS14,2002,1188,224,243,4368,4368,1,1.0,0.44093286949657395,6.0,0.3789291416275995,0.5326768113735024,0.4673231886264976,0.1828952247221984,0.5,0.20918086781713796,0.16819985882839628
ICEWS14,2003,1188,224,294,503,503,1,1.0,3.677967791944339,18.0,0.9611657480580811,0.43737808672563794,0.80265850306518,0.3939092472943913,0.6200182948954089,0.5605460502706414,0.4494451248921099
ICEWS14,2004,1188,224,344,6407,503,0,3570.0,1.7452889252423303,19.0,0.3789291416275995,0.513614920611284,0.6938960437273385,0.4535991012811746,0.6037554821693112,0.29891913221990246,0.3281424902485821
ICEWS14,2005,1188,229,111,4482,5498,0,3565.0,0.978868582023461,2.0,0.820335356007638,0.16195557700719365,1.0,0.9999999999989785,0.5809777885035968,0.29710335066370896,0.52216899116931
ICEWS14,2006,1188,39,162,4482,0,0,3564.5,0.0,0.0,0.0,0.0,0.0,0.0,0.0,0.06266844042745784,0.00977672855419752
ICEWS14,2007,1188,157,341,5401,0,0,3564.5,0.0,0.0,0.0,0.0,0.0,0.0,0.0,0.06266844042745784,0.00977672855419752
ICEWS14,2008,6749,160,203,2442,2442,1,1.0,0.8200096129887577,3.0,0.5202016416109183,0.09901494248238296,0.900985057517617,0.5590366570904809,0.5,0.2192647441342638,0.24064628252980472
ICEWS14,2009,6332,127,135,6043,3262,0,3564.5,0.40918594398371266,1.0,0.5630865404461788,0.0,1.0,0.5707019316237447,0.5,0.1853206841169237,0.22759876105458474
ICEWS14,2010,6332,53,333,545,545,1,1.0,0.48039060993977345,1.0,0.9803906099397734,0.0,1.0,0.3245026054029028,0.5,0.31489133652194684,0.25302834475299024
ICEWS14,2011,6332,53,176,2651,7038,0,3567.0,0.7429971445684742,2.0,0.7429971445684742,0.49504911052349854,0.5049508894765015,0.3377486972982854,0.5,0.26743854722566646,0.24288336356935822
ICEWS14,2012,6332,156,0,1122,0,0,3564.5,0.0,0.0,0.0,0.0,0.0,0.0,0.0,0.06266844042745784,0.00977672855419752
ICEWS14,2013,6332,160,270,680,649,0,5.0,0.6626280697779814,4.0,0.8534795977333005,0.38904598440620985,0.6109540155937901,0.3109038051531346,0.5,0.3446930084389203,0.2752347756604959
ICEWS14,2014,2189,53,224,4564,0,0,3564.5,0.0,0.0,0.0,0.0,0.0,0.0,0.0,0.06266844042745784,0.00977672855419752
ICEWS14,2015,57,156,328,1167,0,0,3564.5,0.0,0.0,0.0,0.0,0.0,0.0,0.0,0.06266844042745784,0.00977672855419752
ICEWS14,2016,2617,53,252,920,5046,0,3566.0,0.00493859027702559,3.0,0.7284274237469965,0.288816209482308,0.711183790517692,0.001218840054570675,0.5,0.27273582250222456,0.16821158527035548
ICEWS14,2017,2617,53,355,5887,1115,0,3572.5,0.1749452437946084,2.0,0.7884782461155736,0.49504911052349854,0.5049508894765015,0.0593428079897239,0.5,0.27431706230210723,0.1901472431369826
ICEWS14,2018,2617,103,252,3341,3159,0,3565.0,0.6216979445974911,1.0,0.6216979445974911,0.0,1.0,0.9999999999983915,0.5,0.2030713764814678,0.36721356114557197
ICEWS14,2019,2617,160,225,3159,4834,0,1.0,0.03883425194191892,1.0,1.0,0.0,1.0,0.01980161645202719,0.5,0.31504933639229626,0.1866805669302996
ICEWS14,2020,2617,160,222,4834,0,0,3564.5,0.0,0.0,0.0,0.0,0.0,0.0,0.0,0.06266844042745784,0.00977672855419752
ICEWS14,2021,2617,160,254,4834,3159,0,6.0,0.1387742658546074,2.0,0.597554769985219,0.4752649511825976,0.5247350488174024,0.06488495212892013,0.5,0.21502677896772232,0.15797147885284443
ICEWS14,2022,2617,155,348,6823,3155,0,3566.0,2.090978805787193,8.0,0.5,0.49080488164205005,0.9290434476515841,0.6034423063996964,0.7099241646468171,0.2858065703423277,0.4592387822483393
ICEWS14,2023,2262,169,307,3155,3155,1,1.0,0.9611657480580811,1.0,0.9611657480580811,0.0,1.0,0.9999999999989596,0.5,0.3154870741711184,0.4603385493265481
ICEWS14,2024,2262,127,141,6410,1171,0,3564.5,0.9323475630163265,1.0,1.0,0.0,1.0,0.8732688005185629,0.5,0.3292210342937675,0.42704048460684896
ICEWS14,2025,2262,155,236,3159,3733,0,3565.0,0.7578582832551991,1.0,0.7578582832551991,0.0,1.0,0.9999999999986805,0.5,0.24425173435739508,0.4037938423264953
ICEWS14,2026,5762,53,288,7093,6556,0,8.0,0.10300030912443825,2.0,0.3865083343167451,0.0,1.0,0.07213540043330818,0.5,0.16103003439391927,0.11358083741825047
ICEWS14,2027,5762,53,239,2974,999,0,3566.0,0.7345798114661974,6.0,0.820335356007638,0.08856636485796099,0.911433635142039,0.2659801324320754,0.5,0.3612300558182478,0.24976601115197572
ICEWS14,2028,5762,127,308,45,545,0,3565.0,0.7398991791945408,1.0,1.0,0.0,1.0,0.5871745871262971,0.5,0.3261411757010742,0.33279864530625325
ICEWS14,2029,5244,160,102,2982,0,0,3564.5,0.0,0.0,0.0,0.0,0.0,0.0,0.0,0.06266844042745784,0.00977672855419752
ICEWS14,2030,5244,53,173,920,5046,0,3565.0,0.4267397988666503,1.0,0.4267397988666503,0.0,1.0,0.9999999999976567,0.5,0.1534816191909766,0.31747127065319514
ICEWS14,2031,362,142,74,3562,4748,0,3568.0,1.0270296660539082,2.0,0.820335356007638,0.0,1.0,0.462180615538896,0.5,0.2978344820281504,0.2632137649481739
ICEWS14,2032,362,142,197,6410,3969,0,3576.5,0.12700863551514274,2.0,0.646816582731497,0.4900991917739814,0.5099008082260186,0.05270023212511324,0.5,0.22911368279270589,0.16426360187179032
ICEWS14,2033,362,142,130,3241,3341,0,3571.5,0.08207231718055086,3.0,0.9057236642639067,0.0,1.0,0.01564354309576024,0.5,0.33658465434973817,0.18912523271867335
ICEWS14,2034,362,142,176,3969,3969,1,1.0,0.2172204200368748,2.0,0.9803906099397734,0.4900991917739814,0.5099008082260186,0.059870080678773176,0.5,0.34328880655281496,0.22750092540454117
ICEWS14,2035,362,53,247,2533,6407,0,2.0,0.022827491074048578,2.0,0.7578582832551991,0.08653465935892168,0.9134653406410783,0.01394917243850659,0.5,0.2620948962432917,0.15935229553222074
ICEWS14,2036,362,162,118,150,0,0,3564.5,0.0,0.0,0.0,0.0,0.0,0.0,0.0,0.06266844042745784,0.00977672855419752
ICEWS14,2037,362,162,185,6785,0,0,3564.5,0.0,0.0,0.0,0.0,0.0,0.0,0.0,0.06266844042745784,0.00977672855419752
ICEWS14,2038,362,207,156,935,935,1,1.0,0.22415304383774215,1.0,0.5412194958693883,0.0,1.0,0.26116359516971516,0.5,0.17788639293563463,0.1565498516661957
ICEWS14,2039,3731,127,236,1077,0,0,3564.5,0.0,0.0,0.0,0.0,0.0,0.0,0.0,0.06266844042745784,0.00977672855419752
ICEWS14,2040,3731,155,240,1077,1077,1,1.0,3.675062199313114,4.0,0.9803906099397734,0.4900991917739813,1.0,0.9326703934306989,0.7450495958869907,0.4473742600087228,0.6891384168969589
ICEWS14,2041,1179,156,72,880,3724,0,3565.0,0.30475341355111885,1.0,0.30475341355111885,0.0,1.0,0.9999999999967187,0.5,0.12780516178062346,0.2882618507246537
ICEWS14,2042,1179,86,107,3905,3450,0,3566.0,0.4326001360410863,1.0,0.7141434062641757,0.0,1.0,0.43447416366647024,0.5,0.22683401442787188,0.22453071333664637
ICEWS14,2043,1179,56,82,3450,3450,1,1.0,0.08941859937880914,2.0,0.6597539553864471,0.27479957467599525,0.7252004253240047,0.051684383453421266,0.5,0.23247150568853098,0.15784451656922727
ICEWS14,2044,1179,56,86,2525,3450,0,3565.5,1.0437741907151326,3.0,0.9611657480580811,0.4665028733968585,0.8718052088054136,0.4078054151077179,0.6691540411011361,0.37380403187325184,0.4647937322032759
ICEWS14,2045,1179,167,105,3155,0,0,3564.5,0.0,0.0,0.0,0.0,0.0,0.0,0.0,0.06266844042745784,0.00977672855419752
ICEWS14,2046,1179,105,70,737,0,0,3564.5,0.0,0.0,0.0,0.0,0.0,0.0,0.0,0.06266844042745784,0.00977672855419752
ICEWS14,2047,929,53,110,3262,3262,1,1.0,1.4333834510563386,4.0,0.820335356007638,0.523220944724882,0.8138962308076171,0.4174842313680158,0.6685585877662495,0.3448142488018963,0.43499047084841413
ICEWS14,2048,929,53,83,2290,3262,0,3566.0,1.6217085292651725,3.0,1.0,0.28074911933625923,0.7192508806637408,0.41741680088692806,0.5,0.3991576777268556,0.3151724697693669
ICEWS14,2049,929,123,272,6890,818,0,3566.5,0.28261351280660185,3.0,0.7578582832551991,0.12153419903136031,0.8784658009686397,0.19587853946311945,0.5,0.2867185923642607,0.20606163443791423
ICEWS14,2050,929,123,312,1077,6890,0,3.0,0.0804720254816943,1.0,0.4711589369959404,0.0,1.0,0.09337171562722889,0.5,0.15997850464368638,0.1190279079431687
ICEWS14,2051,929,142,120,1183,371,0,3566.5,0.1939417646532574,1.0,0.7141434062641757,0.0,1.0,0.15712119150716247,0.5,0.22380788799999612,0.1644489183411161
ICEWS14,2052,929,142,316,6556,2300,0,12.0,1.0029861555049426,3.0,0.836743383392903,0.0,1.0,0.2579612098911067,0.5,0.32583942587769676,0.22332708705882057
ICEWS14,2053,929,142,109,371,371,1,1.0,0.24114639291308115,1.0,0.8879629756445782,0.0,1.0,0.15712119150718754,0.5,0.2790118743233,0.19463002135719631
ICEWS14,2054,929,169,174,2083,1161,0,3567.5,0.39687800075444435,2.0,0.5630865404461788,0.0,1.0,0.22426307724032263,0.5,0.20853052364639987,0.16223401237672425
ICEWS14,2055,929,169,315,930,818,0,7.0,0.7061653457027812,1.0,0.9611657480580811,0.0,1.0,0.5806487423302905,0.5,0.3115004797152949,0.3209552107515526
ICEWS14,2056,929,103,155,2290,0,0,3564.5,0.0,0.0,0.0,0.0,0.0,0.0,0.0,0.06266844042745784,0.00977672855419752
ICEWS14,2057,929,155,316,4950,2290,0,3565.5,0.009190255342186836,1.0,0.013335618714582822,0.0,1.0,0.52572877747565,0.5,0.08094748424373338,0.12782545089479289
ICEWS14,2058,929,38,59,4294,930,0,3565.0,0.8705505632961241,1.0,0.8705505632961241,0.0,1.0,0.9999999999988514,0.5,0.2823612352681468,0.43492005470572903
ICEWS14,2059,929,38,301,818,1962,0,3567.0,0.3575436770532151,1.0,0.4901953049698867,0.0,1.0,0.5740474234907439,0.5,0.16708744684767152,0.2139724980312957
ICEWS14,2060,929,127,67,6410,3262,0,3566.0,0.015461577482083544,1.0,0.7884782461155736,0.0,1.0,0.00990177895299669,0.5,0.2437536816979871,0.1495633257438069
ICEWS14,2061,929,98,54,3159,2083,0,3565.0,0.597554769985219,1.0,0.597554769985219,0.0,1.0,0.9999999999983266,0.5,0.1963358159049662,0.360871000173214
ICEWS14,2062,929,131,124,5036,0,0,3564.5,0.0,0.0,0.0,0.0,0.0,0.0,0.0,0.06266844042745784,0.00977672855419752
ICEWS14,2063,929,185,98,2266,0,0,3564.5,0.0,0.0,0.0,0.0,0.0,0.0,0.0,0.06266844042745784,0.00977672855419752
ICEWS14,2064,929,162,50,711,711,1,1.0,0.9803906099397734,1.0,0.9803906099397734,0.0,1.0,0.99999999999898,0.5,0.322779285591777,0.4657625428295966
ICEWS14,2065,5449,223,359,5665,5665,1,1.0,13.018231345688235,35.0,0.9803906099397734,0.7621961301578877,1.0,0.9998558171128138,0.8810980650789438,0.7662031705506066,0.7786578772386141
ICEWS14,2066,5449,223,291,5665,5665,1,1.0,10.178434064968057,17.0,0.9803906099397734,0.6260363566509908,0.9999999999999998,0.9992914054839773,0.8130181783254953,0.6743765572922104,0.7342869107913941
ICEWS14,2067,5449,38,328,6476,3385,0,3567.5,0.13724055702068094,1.0,1.0,0.0,1.0,0.07367594218236957,0.5,0.31659397076040946,0.19780842488245065
ICEWS14,2068,5449,38,226,1970,1970,1,1.0,0.008971212755202962,1.0,0.9803906099397734,0.0,1.0,0.004596355548159067,0.5,0.30755070712195537,0.18015168941831228
ICEWS14,2069,5449,123,46,5154,0,0,3564.5,0.0,0.0,0.0,0.0,0.0,0.0,0.0,0.06266844042745784,0.00977672855419752
ICEWS14,2070,5449,168,290,5665,5665,1,1.0,1.904230205179824,2.0,0.9803906099397734,0.4851512137172558,1.0,0.9999999999994748,0.7425756068586279,0.37142153425453905,0.7097658566993335
ICEWS14,2071,5449,56,290,5665,0,0,3564.5,0.0,0.0,0.0,0.0,0.0,0.0,0.0,0.06266844042745784,0.00977672855419752
ICEWS14,2072,5449,222,164,5665,0,0,3564.5,0.0,0.0,0.0,0.0,0.0,0.0,0.0,0.06266844042745784,0.00977672855419752
ICEWS14,2073,5449,222,265,6476,5665,0,3565.0,0.19325416715837251,1.0,0.19325416715837251,0.0,1.0,0.9999999999948255,0.5,0.10763272615230125,0.2630135251929828
ICEWS14,2074,3727,160,153,581,1823,0,3570.5,3.263272472170403,11.0,1.0,0.5740208569366754,0.7241128311815723,0.5407432225436295,0.6490668440591238,0.5276527296539789,0.5337690746193638
ICEWS14,2075,3727,160,188,1823,1823,1,1.0,2.885429004475996,13.0,0.8879629756445782,0.7451516154769044,0.7580494963607376,0.5906193707516362,0.751600555918821,0.4880068252028733,0.6328543470673165
ICEWS14,2076,3727,160,106,3402,1823,0,10.0,2.3110584754728336,7.0,0.9803906099397734,0.698654411715669,0.7436916550001476,0.5508167069354097,0.7211730333579083,0.4652932353103892,0.5988286088424767
ICEWS14,2077,3727,160,300,3463,1823,0,2.0,0.31532714546652296,16.0,0.3789291416275995,0.707552713508368,0.292447286491632,0.13853784392134627,0.5,0.2658920204700689,0.19366906700455563
ICEWS14,2078,3727,38,69,4279,2614,0,3566.5,0.21841199461325955,1.0,0.8042490800314893,0.0,1.0,0.15712119150717685,0.5,0.2514149365495069,0.1795982272856079
ICEWS14,2079,3727,6,126,1183,4274,0,2.0,0.4283458531028673,1.0,0.9803906099397734,0.0,1.0,0.27951968636926544,0.5,0.3140762851162686,0.24153402097512225
ICEWS14,2080,3727,6,260,6563,1823,0,3.0,1.1063009036297629,3.0,1.0,0.1491581119458909,0.9884265486731025,0.889086355421305,0.5687923303094967,0.3902130790056339,0.5362817886917577
ICEWS14,2081,5913,53,25,5305,0,0,3564.5,0.0,0.0,0.0,0.0,0.0,0.0,0.0,0.06266844042745784,0.00977672855419752
ICEWS14,2082,5913,53,322,3155,3911,0,3564.0,1.0,1.0,1.0,0.0,1.0,0.9999999999989999,0.5,0.33030722584940386,0.47130336916752824
ICEWS14,2083,5913,162,253,3155,0,0,3564.5,0.0,0.0,0.0,0.0,0.0,0.0,0.0,0.06266844042745784,0.00977672855419752
ICEWS14,2084,4363,38,162,1179,0,0,3564.5,0.0,0.0,0.0,0.0,0.0,0.0,0.0,0.06266844042745784,0.00977672855419752
ICEWS14,2085,3378,127,306,1148,0,0,3564.5,0.0,0.0,0.0,0.0,0.0,0.0,0.0,0.06266844042745784,0.00977672855419752
ICEWS14,2086,3378,160,128,5455,5455,1,1.0,2.6737494772501913,7.0,0.7284274237469965,0.7836886968936481,0.8783299434909403,0.6583575370573833,0.8310093201922941,0.3695240461486902,0.6566270987190218
ICEWS14,2087,3378,160,126,2427,5455,0,2.0,2.7817777346437675,7.0,0.7578582832551991,0.7836886968936481,0.8783299434909405,0.6583575370573894,0.8310093201922943,0.3829202673779981,0.6630015935023774
ICEWS14,2088,3378,65,112,2427,5455,0,3564.0,1.0,1.0,1.0,0.0,1.0,0.9999999999989999,0.5,0.33030722584940386,0.47130336916752824
ICEWS14,2089,444,45,283,1188,1188,1,1.0,1.592727326147063,2.0,0.8042490800314893,0.0,1.0,0.9999999999993721,0.5,0.3008084389989517,0.42394913091107134
ICEWS14,2090,444,50,218,706,0,0,3564.5,0.0,0.0,0.0,0.0,0.0,0.0,0.0,0.06266844042745784,0.00977672855419752
ICEWS14,2091,444,167,7,3159,0,0,3564.5,0.0,0.0,0.0,0.0,0.0,0.0,0.0,0.06266844042745784,0.00977672855419752
ICEWS14,2092,4193,160,123,5458,0,0,3564.5,0.0,0.0,0.0,0.0,0.0,0.0,0.0,0.06266844042745784,0.00977672855419752
ICEWS14,2093,876,160,115,5866,8,0,3565.0,0.4528618321319533,1.0,0.4528618321319533,0.0,1.0,0.9999999999977919,0.5,0.1595005152804708,0.3239286307236654
ICEWS14,2094,3425,191,208,1135,0,0,3564.5,0.0,0.0,0.0,0.0,0.0,0.0,0.0,0.06266844042745784,0.00977672855419752
ICEWS14,2095,5474,160,185,1503,5395,0,2.0,0.036451604236664714,21.0,0.8705505632961241,0.7919522032826676,0.2080477967173324,0.004374732971642162,0.5,0.4702053554225551,0.28145295557065575
ICEWS14,2096,5474,160,339,5395,5395,1,1.0,1.470535119536165,37.0,0.9803906099397734,0.7277953825533128,0.2722046174466872,0.12689974287581898,0.5,0.5909385234383152,0.34751016747858304
ICEWS14,2097,5474,160,190,1503,5395,0,1.0,0.10917548531747912,22.0,1.0,0.7912269345958105,0.2087730654041895,0.011527826672891562,0.5,0.529651566401866,0.31695496165837184
ICEWS14,2098,5474,160,55,4407,1503,0,2.5,0.9528529900564444,7.0,1.0,0.6540915792418645,0.34590842075813555,0.11144413121128198,0.5,0.44895191334832396,0.2834307893009774
ICEWS14,2099,5474,160,333,1990,1503,0,6.0,0.48841573076719236,33.0,1.0,0.6623125367870861,0.3376874632129138,0.044785008235360205,0.5,0.5716945611432833,0.3308366738744397
ICEWS14,2100,5474,160,60,1990,1503,0,3570.5,0.8630215016587433,7.0,0.9057236642639067,0.6540915792418645,0.3459084207581355,0.11144413121128069,0.5,0.40874302996777107,0.2621605603083885
ICEWS14,2101,5474,160,360,1503,5395,0,2.0,0.9701913616486681,37.0,0.646816582731497,0.7277953825533128,0.2722046174466872,0.12689974287581351,0.5,0.4435919225554235,0.26935029256766835
ICEWS14,2102,5474,160,337,4407,5395,0,3.0,0.5099479570372427,36.0,0.9611657480580811,0.679702247110612,0.32029775288938805,0.046206160303483415,0.5,0.5636973379015646,0.3255716404355323
ICEWS14,2103,5474,160,4,4407,0,0,3564.5,0.0,0.0,0.0,0.0,0.0,0.0,0.0,0.06266844042745784,0.00977672855419752
ICEWS14,2104,5474,222,114,4283,1503,0,3.0,0.5524392605813014,1.0,0.7141434062641757,0.0,1.0,0.63074819282485,0.5,0.22836440747173536,0.2762475153120368
ICEWS14,2105,5474,6,306,4283,1215,0,3565.5,0.25202367844415086,2.0,0.1326516279166716,0.4900991917739813,1.0,0.9394054624696075,0.7450495958869907,0.11259721879558572,0.476533094432974
ICEWS14,2106,5474,38,176,1503,1503,1,1.0,1.4394435085933655,18.0,0.8042490800314893,0.6208602768985553,0.3791397231014447,0.2091973813989054,0.5,0.4546825259551237,0.29119989557327663
ICEWS14,2107,5474,38,5,4283,0,0,3564.5,0.0,0.0,0.0,0.0,0.0,0.0,0.0,0.06266844042745784,0.00977672855419752
ICEWS14,2108,5474,38,260,1503,1503,1,1.0,1.593843692968063,22.0,0.6729500963161781,0.7440784036328558,0.7188232761166449,0.4348598223004734,0.7314508398747503,0.42053299891582624,0.5424160560678642
ICEWS14,2109,5474,38,152,1503,1503,1,1.0,0.9499873512655097,16.0,0.8534795977333005,0.7945656239879065,0.38088981632171653,0.12909126218144545,0.5877277201548116,0.45623727936384895,0.36057963846625884
ICEWS14,2110,5474,38,243,1503,1503,1,1.0,2.2318258195588085,22.0,0.9423178739918808,0.7440784036328558,0.7188232761166448,0.4348598223005074,0.7314508398747503,0.5439943663037103,0.6111867370296786
ICEWS14,2111,5474,38,281,4283,1503,0,2.0,1.244038887315929,24.0,0.9803906099397734,0.7189441525325242,0.5026622691391573,0.21701720192733426,0.6108032108358408,0.5495295944225431,0.456174867154056
ICEWS14,2112,5474,38,363,1061,4283,0,12.0,0.9674993421367084,26.0,1.0,0.7817834401789772,0.2182165598210228,0.09583995607939663,0.5,0.5596009428407941,0.338196519944667
ICEWS14,2113,5474,38,101,1503,1503,1,1.0,3.2638690021591947,13.0,0.9238395952400507,0.686421459123181,0.551248524474566,0.3435312588779964,0.6188349917988735,0.5098821095891923,0.4291921868337045
ICEWS14,2114,5474,38,241,4468,1503,0,15.0,2.321998910248251,22.0,0.9803906099397734,0.7440784036328558,0.7188232761166449,0.43485982230051073,0.7314508398747503,0.5613599076222663,0.62062317020873
ICEWS14,2115,5474,38,183,1503,1503,1,1.0,1.2531083572389035,18.0,0.7001394896518027,0.6208602768985554,0.37913972310144467,0.20919738139890082,0.5,0.40866459327675386,0.268455232766829
ICEWS14,2116,5474,150,202,4770,4770,1,1.0,0.47945708955862776,1.0,0.836743383392903,0.0,1.0,0.4015453708584864,0.5,0.26546562621180086,0.24174167699180538
ICEWS14,2117,5474,51,22,62,0,0,3564.5,0.0,0.0,0.0,0.0,0.0,0.0,0.0,0.06266844042745784,0.00977672855419752
ICEWS14,2118,5474,229,146,6669,4283,0,3566.0,0.5,2.0,0.6597539553864471,0.4311259277692161,0.5688740722307839,0.2747995746758442,0.5,0.23783567510388395,0.20894728484872896
ICEWS14,2119,5498,223,341,5686,5686,1,1.0,0.6852420736542559,1.0,0.8534795977333005,0.0,1.0,0.6706769016830091,0.5,0.2739244837493821,0.3215044622275099
ICEWS14,2120,5498,223,251,5686,1188,0,3564.0,1.0,1.0,1.0,0.0,1.0,0.9999999999989999,0.5,0.33030722584940386,0.47130336916752824
ICEWS14,2121,5498,39,112,1188,0,0,3564.5,0.0,0.0,0.0,0.0,0.0,0.0,0.0,0.06266844042745784,0.00977672855419752
ICEWS14,2122,5498,160,92,4482,4368,0,3566.5,0.7918829298502328,2.0,0.7284274237469965,0.40225353870268354,1.0,0.4812817337056731,0.7011267693513418,0.26337839320312645,0.4354053363788145
ICEWS14,2123,5498,38,168,1188,1188,1,1.0,0.9662245438674708,4.0,0.5743491774985175,0.4055738066851504,1.0,0.999999999998965,0.7027869033425752,0.25210743989516166,0.5994658447464306
ICEWS14,2124,4220,151,211,1077,1077,1,1.0,0.9803906099397734,1.0,0.9803906099397734,0.0,1.0,0.99999999999898,0.5,0.322779285591777,0.4657625428295966
ICEWS14,2125,4117,160,157,1215,0,0,3564.5,0.0,0.0,0.0,0.0,0.0,0.0,0.0,0.06266844042745784,0.00977672855419752
ICEWS14,2126,1215,160,215,5395,5395,1,1.0,6.170553137782642,36.0,0.9803906099397734,0.7158521387882326,0.9191147954013822,0.823260278023779,0.8174834670948075,0.6680875351287959,0.76895831746689
ICEWS14,2127,1215,160,238,3717,5395,0,6.0,4.225878083430967,37.0,0.9057236642639067,0.7649787631861322,0.8233916885762074,0.6759767919619408,0.7941852258811698,0.6089922517673146,0.7231817826874991
ICEWS14,2128,1215,160,340,5395,5395,1,1.0,2.4830281066307958,45.0,0.7429971445684742,0.6807079225401558,0.6843392707073697,0.43532094442238556,0.6825235966237627,0.5284339868658953,0.5355704143015599
ICEWS14,2129,1215,160,118,1243,5395,0,3567.0,7.848155686746935,25.0,0.8705505632961241,0.8142474782183812,0.8992739310822558,0.7969162893421478,0.8567607046503185,0.6245804746879419,0.736002858350667
ICEWS14,2130,1215,160,248,5395,5395,1,1.0,4.303380585409119,38.0,0.836743383392903,0.8032809885888788,0.8521741571048276,0.7214286937785015,0.8277275728468532,0.584862421436095,0.7454847323624778
ICEWS14,2131,1215,160,120,5315,5395,0,3568.0,7.543378431528399,25.0,0.836743383392903,0.8142474782183812,0.8992739310822557,0.7969162893421445,0.8567607046503185,0.6059534140800177,0.7318755548791537
ICEWS14,2132,1215,172,299,4468,0,0,3564.5,0.0,0.0,0.0,0.0,0.0,0.0,0.0,0.06266844042745784,0.00977672855419752
ICEWS14,2133,1215,207,346,5639,0,0,3564.5,0.0,0.0,0.0,0.0,0.0,0.0,0.0,0.06266844042745784,0.00977672855419752
ICEWS14,2134,1215,156,19,5395,5395,1,1.0,0.047318687374147905,1.0,0.820335356007638,0.0,1.0,0.02969757256546985,0.5,0.25415089518148537,0.15799207460122536
ICEWS14,2135,6693,160,47,2246,0,0,3564.5,0.0,0.0,0.0,0.0,0.0,0.0,0.0,0.06266844042745784,0.00977672855419752
ICEWS14,2136,5674,86,226,2445,2445,1,1.0,0.2987773849926094,2.0,0.2987773849926094,0.22655606910497894,0.7734439308950211,0.6305817975836788,0.5,0.14391542002344768,0.21464587273647218
ICEWS14,2137,5674,86,227,2445,2695,0,1.0,0.6212801846280536,1.0,1.0,0.0,1.0,0.4506210599867211,0.5,0.324250277428041,0.2920297868965234
ICEWS14,2138,5182,160,331,1873;2442,2442,1,4.5,7.212511839012098,52.0,0.8534795977333005,0.8088731398449425,0.8397971446990345,0.6885840240539329,0.8243351422719885,0.6668340332040822,0.7135718074370776
ICEWS14,2139,5182,160,268,4747,2442,0,5.0,9.382985990514747,42.0,1.0,0.8441975588161613,0.8674365529382653,0.7194375898584732,0.8558170558772134,0.7350689981617617,0.7457898589838403
ICEWS14,2140,5182,160,295,2442,2442,1,1.0,7.626422209010164,46.0,0.8879629756445782,0.8484847123405346,0.8428595900087268,0.6680763106165454,0.8456721511746307,0.676529489891415,0.7235525506434182
ICEWS14,2141,5182,160,56,2733,2442,0,3567.5,1.4666978490849087,5.0,0.646816582731497,0.4914890190718011,0.7049006423875901,0.42792321107525083,0.5981948307296956,0.2966406009674843,0.3361038463121047
ICEWS14,2142,5182,160,233,2442,2442,1,1.0,9.752868688541668,34.0,0.9611657480580811,0.8035771480719546,0.9405102931421706,0.8581334336702219,0.8720437206070626,0.7124589615391037,0.7706146865665024
ICEWS14,2143,5182,160,264,1873,2442,0,1.0,9.074070903333075,41.0,1.0,0.8289415793961792,0.8544561066445554,0.6961391519872453,0.8416988430203673,0.7289847010392714,0.7315771197401736
ICEWS14,2144,5182,13,287,3600,0,0,3564.5,0.0,0.0,0.0,0.0,0.0,0.0,0.0,0.06266844042745784,0.00977672855419752
ICEWS14,2145,5182,156,320,5896,1161,0,3567.5,2.622006171965798,20.0,0.8705505632961241,0.4271839928694061,0.9013397959683384,0.7989633825188978,0.6642618944188723,0.5128833796018671,0.6262789146686069
ICEWS14,2146,5182,156,362,1161,1161,1,1.0,1.6362472985053795,22.0,0.5202016416109183,0.6740395512212358,0.7569113217971403,0.5682118206497289,0.715475436509188,0.360529584943543,0.5248395248940401
ICEWS14,2147,5182,156,34,1161,1161,1,1.0,1.1833918554034488,2.0,0.597554769985219,0.0,1.0,0.9999999999991549,0.5,0.22811192509424605,0.3709261524856921
ICEWS14,2148,5182,87,261,329,2297,0,3565.5,0.10668494971666263,1.0,0.21336989943332518,0.0,1.0,0.33333333333229204,0.5,0.11028960114386578,0.12291307364632915
ICEWS14,2149,5182,99,45,5173,0,0,3564.5,0.0,0.0,0.0,0.0,0.0,0.0,0.0,0.06266844042745784,0.00977672855419752
ICEWS14,2150,5182,61,239,1873,2442,0,3565.0,0.08085207284143715,1.0,0.08085207284143715,0.0,1.0,0.9999999999876317,0.5,0.09018515291645886,0.23904691745973597
ICEWS14,2151,5586,160,227,6245,2404,0,3565.5,0.40486691107956324,1.0,0.6864101813026526,0.0,1.0,0.41827105470926446,0.5,0.218455487473747,0.21511494137099066
ICEWS14,2152,5665,160,274,1077,1077,1,1.0,0.018847874066200254,1.0,0.9611657480580811,0.0,1.0,0.00990177895299781,0.5,0.30089441401227296,0.177801969692324
ICEWS14,2153,5665,86,328,5167,5449,0,2.0,4.736387967561048,18.0,1.0,0.648825292116144,0.6578091800631274,0.42387065648521294,0.6533172360896358,0.5951358066591318,0.5003194913981835
ICEWS14,2154,5665,86,274,5154;5449,1077,0,2.25,1.7922625021003595,7.0,0.9803906099397734,0.39446993864669433,0.6055300613533057,0.2375091128546353,0.5,0.4559302963090489,0.2892341803658459
ICEWS14,2155,5665,86,300,5449,5449,1,1.0,3.9191900838924836,13.0,0.820335356007638,0.6449944051067626,0.6330293144635821,0.41257409628568614,0.6390118597851724,0.4785049293452266,0.42769113284104215
ICEWS14,2156,5665,86,271,5449,1077,0,1.0,0.8615690252391213,5.0,1.0,0.31582795850044176,0.6841720414995582,0.17484589928683866,0.5,0.4215534349591541,0.27138309944066064
ICEWS14,2157,5665,103,286,5449,954,0,3565.0,0.8042490800314893,1.0,0.8042490800314893,0.0,1.0,0.9999999999987567,0.5,0.2595087635138871,0.4165286020128027
ICEWS14,2158,5665,127,316,1077,6476,0,3565.5,0.03660138620675152,1.0,0.4805828740290406,0.0,1.0,0.03958771040387283,0.5,0.16167633278375962,0.11250672780208118
ICEWS14,2159,5665,170,344,5449,5449,1,1.0,10.910049006837925,26.0,0.9803906099397734,0.5915445880516992,0.9515758833658128,0.8780182550874536,0.771560235708756,0.7168700346216985,0.6719385406258599
ICEWS14,2160,5665,170,273,5449,5449,1,1.0,4.072947307980268,7.0,0.9803906099397734,0.0651207739002172,1.0,0.9999999999997544,0.5325603869501085,0.4972344661505806,0.5193057232676574
ICEWS14,2161,5543,160,159,3159,0,0,3564.5,0.0,0.0,0.0,0.0,0.0,0.0,0.0,0.06266844042745784,0.00977672855419752
ICEWS14,2162,368,127,14,3472,0,0,3564.5,0.0,0.0,0.0,0.0,0.0,0.0,0.0,0.06266844042745784,0.00977672855419752
ICEWS14,2163,5453,61,219,4520,0,0,3564.5,0.0,0.0,0.0,0.0,0.0,0.0,0.0,0.06266844042745784,0.00977672855419752
ICEWS14,2164,5453,38,211,4263,4263,1,1.0,3.2216100946161492,19.0,0.7884782461155736,0.7552533599788339,1.0,0.9999999999996896,0.877626679989417,0.48500539833562384,0.8204830934495452
ICEWS14,2165,5453,150,267,4263,4263,1,1.0,1.5308990003919776,6.0,0.9611657480580811,0.05369089015636408,0.9463091098436359,0.6143094802586918,0.5,0.4312969569859452,0.38031714431389285
ICEWS14,2166,5453,150,315,7003,4263,0,3567.0,2.1211830031677095,10.0,0.6729500963161781,0.5674354378590003,0.7476564517456157,0.5249555777316269,0.657545944802308,0.36560028253749294,0.4511918779233578
ICEWS14,2167,4463,156,265,1161,1361,0,2.0,0.5500193103724657,1.0,0.7429971445684742,0.0,1.0,0.5876431772758726,0.5,0.23695064188553439,0.2707587524491226
ICEWS14,2168,4463,156,208,1161,1161,1,1.0,0.04464014431085739,3.0,0.5100008047105996,0.14529826944226698,0.854701730557733,0.03885939993405451,0.5,0.206960013210437,0.13577964497883477
ICEWS14,2169,4463,160,330,2911,776,0,3569.0,0.1247567509717451,3.0,0.7141434062641757,0.3538025502090918,0.6461974497909082,0.05981993745276238,0.5,0.26973242082212945,0.17960578228618596
ICEWS14,2170,4463,169,301,2442,0,0,3564.5,0.0,0.0,0.0,0.0,0.0,0.0,0.0,0.06266844042745784,0.00977672855419752
ICEWS14,2171,4463,6,258,558,1161,0,3565.5,0.9237164754780103,2.0,0.9803906099397734,0.007165777858776701,0.9928342221412233,0.8787117784468967,0.5,0.3549501056194616,0.44366488117581754
ICEWS14,2172,4463,57,290,776,0,0,3564.5,0.0,0.0,0.0,0.0,0.0,0.0,0.0,0.06266844042745784,0.00977672855419752
ICEWS14,2173,6293,90,122,3341,3341,1,1.0,6.717115142165143,36.0,0.8879629756445782,0.7787199491662762,0.41400018470619543,0.2338093801123465,0.5963600669362358,0.6421280645136495,0.3621562656249291
ICEWS14,2174,6293,90,207,3341,3341,1,1.0,4.111840220079224,48.0,0.8879629756445782,0.7927057025555301,0.5722283597741958,0.3369978947797435,0.682467031164863,0.6219302487440146,0.5289861177513727
ICEWS14,2175,6293,90,172,3341,3341,1,1.0,4.773075638952866,44.0,0.8534795977333005,0.7778648403953112,0.5050578977683485,0.2721524588666273,0.6414613690818298,0.612313879652943,0.4430674820244719
ICEWS14,2176,6293,90,149,3341,3341,1,1.0,6.236493225988107,41.0,0.7001394896518027,0.8041783795235193,0.5099428266022522,0.29512242349620293,0.6570606030628858,0.5699522805319494,0.3959143617442619
ICEWS14,2177,6293,90,363,3341,3341,1,1.0,6.238334234529007,71.0,0.9803906099397734,0.7902917042837605,0.7839818298460393,0.5234003343814738,0.7871367670648999,0.7205400144421186,0.692217840775384
ICEWS14,2178,6293,90,225,5311,3341,0,4.0,5.45533067521881,52.0,0.9423178739918808,0.7946934880093836,0.6625224122897359,0.4347768931007684,0.7286079501495597,0.6714802867817563,0.603017973933655
ICEWS14,2179,6293,90,345,3341,3341,1,1.0,5.385760416923311,66.0,0.7001394896518027,0.6240259841324907,0.8047649863379401,0.5931875728751288,0.7143954852352155,0.5963044145666845,0.5760592291910263
ICEWS14,2180,6293,162,336,920,3341,0,3.0,1.4218069264140367,20.0,0.836743383392903,0.5040375002192881,0.9407631546568507,0.7282304550264642,0.7224003274380694,0.4769655523995571,0.663740694423027
ICEWS14,2181,6293,53,84,2277,3341,0,5.0,5.15484687818541,24.0,0.9611657480580811,0.727184618879605,0.4498628320938723,0.27946867946052034,0.5885237254867386,0.6108049968788085,0.3931451514481294
ICEWS14,2182,6293,53,183,2154,3341,0,4.0,3.6160300972057087,42.0,0.7001394896518027,0.8163148274566507,0.5547616016895518,0.32724578729155146,0.6855382145731013,0.5249482371539963,0.47512658320929246
ICEWS14,2183,6293,53,74,3341,3341,1,1.0,5.356095994851149,21.0,0.9803906099397734,0.739953815209204,0.48968997625863747,0.3183677779889616,0.6148218957339208,0.610849659489583,0.42668683440239435
ICEWS14,2184,6293,53,323,920,3341,0,2.0,4.6887218546960305,61.0,0.8879629756445782,0.706110818592139,0.590562921341853,0.4109005601116495,0.648336869966996,0.6514523280590084,0.521382889015074
ICEWS14,2185,6293,53,50,5046,3341,0,3569.0,5.657940653220539,15.0,0.9611657480580811,0.6226765059148116,0.6946728274194467,0.45090774285898266,0.6586746666671291,0.580437209100036,0.4781298876849703
ICEWS14,2186,6293,53,254,4702,3341,0,8.0,2.455854313606303,48.0,0.4183716916964515,0.7098727535142708,0.640286589611384,0.4307379849958808,0.6750796715628273,0.3993410635908288,0.4361687211530159
ICEWS14,2187,6293,53,51,956,3341,0,3570.0,5.546991888013925,15.0,0.9423178739918808,0.6226765059148117,0.6946728274194467,0.4509077428589819,0.6586746666671293,0.5707654254871252,0.4742555835632084
ICEWS14,2188,6293,53,297,3341,3341,1,1.0,5.113876832763453,57.0,0.8534795977333005,0.6872034031279286,0.7170329667530574,0.4675133723480492,0.7021181849404929,0.639757220967669,0.5676193601471925
ICEWS14,2189,6293,53,251,34,3341,0,3592.5,2.606184581008449,48.0,0.4439814878222891,0.7098727535142707,0.6402865896113841,0.430737984995885,0.6750796715628273,0.41230524969772164,0.4413724163468879
ICEWS14,2190,6293,53,12,2317,3341,0,3562.5,2.79144659769454,4.0,1.0,0.23420163063473465,0.7657983693652654,0.5825895250584854,0.5,0.43962956339322856,0.35871347502353473
ICEWS14,2191,6293,127,9,3341,3341,1,1.0,1.7729683189427101,4.0,0.9611657480580811,0.2587057088323217,0.7412942911676783,0.3133779419643221,0.5,0.40573537050652914,0.27991258864994867
ICEWS14,2192,6293,127,347,3341,3341,1,1.0,0.7840473536384778,36.0,0.9803906099397734,0.712126943080537,0.287873056919463,0.07465152578611814,0.5,0.5764598592302205,0.33807297944311676
ICEWS14,2193,6293,127,271,1163,920,0,3587.5,0.42989902518658774,11.0,0.9057236642639067,0.5526075062734584,0.44739249372654155,0.11878942978195986,0.5,0.4371265070116228,0.2796569932892744
ICEWS14,2194,6293,127,110,5792,3341,0,3576.0,4.924200563568553,22.0,0.7730166686334901,0.6785303406911414,0.6101136662751087,0.4343686810057739,0.644322003483125,0.5221754873195642,0.43714040798590315
ICEWS14,2195,6293,127,236,4748,3495,0,3586.0,0.0411655760090095,2.0,0.6597539553864471,0.0,1.0,0.016324286009500026,0.5,0.23184665904129656,0.1413595943829389
ICEWS14,2196,6293,127,170,6155,3341,0,3583.5,2.877796979389626,25.0,0.7429971445684742,0.6789597499868791,0.6331847688602632,0.4576061162389516,0.6560722594235712,0.4836478594630772,0.4853484411969596
ICEWS14,2197,6293,127,147,2281,3341,0,3579.0,3.366486459135197,23.0,1.0,0.7440388521380444,0.6895640051055896,0.5220892226524206,0.716801428621817,0.5916713276623404,0.6298687496230149
ICEWS14,2198,6293,127,103,1077,3341,0,3.0,5.656421087046672,22.0,0.8879629756445782,0.6785303406911414,0.6101136662751087,0.4343686810057791,0.644322003483125,0.5827968567302955,0.4596920942422886
ICEWS14,2199,6293,127,104,1077;6890,3341,0,1788.5,5.545502119605881,22.0,0.8705505632961241,0.6785303406911414,0.6101136662751088,0.4343686810057783,0.6443220034831251,0.5737274556370655,0.4562629364520245
ICEWS14,2200,6293,127,92,3495,3341,0,3572.5,5.92908121351583,21.0,0.9611657480580811,0.6447542207920232,0.674216985974091,0.3929766203629349,0.6594856033830571,0.6130956708623881,0.4710737637354681
ICEWS14,2201,6293,169,243,2154,3155,0,3565.0,2.6679041535519916,3.0,1.0,0.0,1.0,0.8499045978350985,0.5,0.417516326468545,0.42548187834527257
ICEWS14,2202,6293,169,268,3159,3155,0,3566.5,0.9162134922856846,3.0,0.6095068271022377,0.0,1.0,0.3492768495811116,0.5,0.24720914730245494,0.20083663412915406
ICEWS14,2203,6293,103,63,3341,3341,1,1.0,0.7511666239157879,4.0,0.9057236642639067,0.5718388561431129,0.4281611438568871,0.21587766090706031,0.5,0.36618712961445726,0.270039020623042
ICEWS14,2204,6293,160,338,509,3341,0,3587.0,0.6790414482363589,12.0,0.7429971445684742,0.4469546005546925,0.5530453994453075,0.14627800492768314,0.5,0.3827687482590688,0.24366246984724726
ICEWS14,2205,6293,160,229,4035,6785,0,19.0,0.40165466739157374,6.0,0.8705505632961241,0.22824624386255588,0.7717537561374441,0.0998446048362492,0.5,0.3751467111531887,0.2284001555157641
ICEWS14,2206,6293,160,360,2922,5037,0,2.0,1.1892447009579672,5.0,0.836743383392903,0.5171831114312608,0.48281688856873917,0.20955974527221063,0.5,0.36222077261160135,0.25085272588245916
ICEWS14,2207,6293,160,349,2922,5037,0,2.0,0.06728815969811208,3.0,1.0,0.4530911150461987,0.5469088849538013,0.015479805229414605,0.5,0.3724096076117939,0.2301480217832873
ICEWS14,2208,6293,160,259,1625,5745,0,3582.0,0.7973755055695833,5.0,1.0,0.6239597802683906,0.3760402197316094,0.17636351170005055,0.5,0.42041675126429784,0.29114373169584556
ICEWS14,2209,6293,160,15,2922,3155,0,2.0,0.03883425194191892,2.0,1.0,0.4851512137172558,0.5148487862827442,0.01009783057754739,0.5,0.34777756663672976,0.2207835972312978
ICEWS14,2210,6293,160,114,3380,3341,0,7.0,1.1484042744204026,6.0,0.6095068271022377,0.5693575582520111,0.43064244174798894,0.2576364579068854,0.5,0.2905526099961826,0.22302942643589574
ICEWS14,2211,6293,115,287,920,3341,0,3.0,4.015628436063154,24.0,0.9803906099397734,0.593965536227063,0.9368737451477609,0.774126504731227,0.765419640687412,0.5987131499995167,0.7248177313873391
ICEWS14,2212,6293,115,58,920,3341,0,3.0,1.5633529301298317,4.0,0.9803906099397734,0.5438325123198724,0.8053351780578774,0.5716041824875973,0.6745838451888748,0.4098257375694807,0.5430378044463847
ICEWS14,2213,6293,156,24,1416,2457,0,3565.0,0.8534795977333005,1.0,0.8534795977333005,0.0,1.0,0.9999999999988284,0.5,0.2763618672396552,0.4301654414766957
ICEWS14,2214,6293,142,104,7038,3341,0,3565.0,1.4862857070021955,2.0,0.7578582832551991,0.0,1.0,0.9999999999993271,0.5,0.28316843796682845,0.41207192686373784
ICEWS14,2215,6293,56,166,536,2277,0,3565.0,0.6567949093486738,1.0,1.0,0.0,1.0,0.4889758934949405,0.5,0.32481581777619084,0.3031544456329756
ICEWS14,2216,6293,158,324,3535,3535,1,1.0,0.8602448914325133,1.0,0.9803906099397734,0.0,1.0,0.781659695546464,0.5,0.3208744284581804,0.3904624293032886
ICEWS14,2217,6293,155,286,2290,2083,0,2.0,0.8098752111319323,5.0,0.6597539553864471,0.34750225152997793,0.6524977484700221,0.16355331102639406,0.5,0.2912306109779611,0.19797764765379397
ICEWS14,2218,6293,155,51,3159,3159,1,1.5,0.0,1.0,0.9803906099397734,0.0,0.0,0.0,0.0,0.3074119377660179,0.035388146018500696
ICEWS14,2219,6293,155,264,2083,2083,1,1.0,1.6323714453185074,4.0,0.9803906099397734,0.4507259788051339,0.5492740211948661,0.3118014750630281,0.5,0.4110389386241877,0.2977204265502614
ICEWS14,2220,6293,155,3,3155,0,0,3564.5,0.0,0.0,0.0,0.0,0.0,0.0,0.0,0.06266844042745784,0.00977672855419752
ICEWS14,2221,6293,155,53,3159,3159,1,1.5,0.0,1.0,0.9423178739918808,0.0,0.0,0.0,0.0,0.29401865650632836,0.03386334533859431
ICEWS14,2222,6293,155,257,3159,2290,0,13.0,1.1545522330571116,7.0,1.0,0.052271949294915854,0.9477280507050841,0.38689931268908395,0.5,0.45257937611850074,0.3272637524271125
ICEWS14,2223,6293,110,155,3341,0,0,3564.5,0.0,0.0,0.0,0.0,0.0,0.0,0.0,0.06266844042745784,0.00977672855419752
ICEWS14,2224,6293,207,147,2215,3341,0,3566.0,0.36698226197338357,5.0,0.3714985722842371,0.5419048356010506,0.4580951643989494,0.2924289052402541,0.5,0.19720382749210977,0.1866249881789433
ICEWS14,2225,5187,202,350,6937,0,0,3564.5,0.0,0.0,0.0,0.0,0.0,0.0,0.0,0.06266844042745784,0.00977672855419752
ICEWS14,2226,2300,53,50,359,2290,0,3567.0,0.01741241234845403,1.0,0.8879629756445782,0.0,1.0,0.009901778952997462,0.5,0.2757541946544641,0.16535113827039072
ICEWS14,2227,2300,53,41,711,711,1,1.0,0.23739346537129924,1.0,0.9803906099397734,0.0,1.0,0.13774814446148798,0.5,0.3110956919835354,0.20796605628420958
ICEWS14,2228,2300,53,287,711,711,1,1.0,1.1295946804049852,15.0,0.9611657480580811,0.5634717885457645,0.8052811564258682,0.34501053751195127,0.6843764724858163,0.4989042502694718,0.5302810295463367
ICEWS14,2229,2300,115,290,359,3990,0,2.0,0.040527853709302536,1.0,0.25,0.0,1.0,0.0882052460337243,0.5,0.11595487561352387,0.09350073937318024
ICEWS14,2230,2300,115,350,359,359,1,1.0,0.4837836038146621,3.0,0.9611657480580811,0.06228015470943138,0.9377198452905686,0.30888559850166375,0.5,0.36433198549557677,0.2744586646145356
ICEWS14,2231,2300,162,137,711,711,1,1.0,0.07466694567586674,1.0,0.9803906099397734,0.0,1.0,0.039587710403894597,0.5,0.3085679678667454,0.18711299219256047
ICEWS14,2232,2300,127,114,509,2290,0,4.0,0.7361686990284484,4.0,0.4711589369959404,0.6209416769433785,0.6900132674489333,0.42072177860455984,0.6554774721961559,0.21810195154890538,0.3433076909177425
ICEWS14,2233,2300,127,254,3159,3159,1,1.0,0.9289545430157173,2.0,0.9611657480580811,0.4950491105234984,0.5049508894765016,0.3227763875626533,0.5,0.347706762202992,0.287208457800621
ICEWS14,2234,2300,127,342,6286,929,0,3572.5,0.39312940818228537,4.0,0.5,0.22489367892401657,0.7751063210759834,0.11556149549887726,0.5,0.22210737744048892,0.15368410044140152
ICEWS14,2235,2300,169,59,4383,2658,0,3565.5,0.0,1.0,0.3108489722987456,0.0,0.0,0.0,0.0,0.12648013058645052,0.016179915134505424
ICEWS14,2236,2300,169,195,4383,2446,0,3.0,0.7209311755843812,2.0,0.5306065116666864,0.0,1.0,0.5221546603293515,0.5,0.20349247162607048,0.21920536123369427
ICEWS14,2237,2300,160,252,2290,2290,1,1.0,7.476041955945224,41.0,0.9803906099397734,0.6611809210544191,0.7146837833161486,0.5325700527781132,0.6879323521852838,0.6985882274365158,0.5611117722641632
ICEWS14,2238,2300,160,137,776,2290,0,4.0,7.534763701760172,24.0,0.9803906099397734,0.7311356424463946,0.8162652334624124,0.66083633329758,0.7737004379544035,0.6583040739069977,0.6572734431364996
ICEWS14,2239,2300,160,320,2290,2290,1,1.0,5.353815229039507,52.0,0.8042490800314893,0.8348857415380146,0.7138119698588818,0.5343608052084308,0.7743488556984482,0.6169241005103666,0.6406641860876474
ICEWS14,2240,2300,160,231,2417,2290,0,3.0,7.2851897077608,35.0,1.0,0.5228987768322275,0.8725723636642795,0.7395457825886843,0.6977355702482535,0.6906883142520622,0.6327388985049973
ICEWS14,2241,2300,64,70,4408,0,0,3564.5,0.0,0.0,0.0,0.0,0.0,0.0,0.0,0.06266844042745784,0.00977672855419752
ICEWS14,2242,2300,103,210,711,3159,0,2.0,0.41416291458177024,1.0,1.0,0.0,1.0,0.2611635951698548,0.5,0.3209623691309733,0.24113977217159063
ICEWS14,2243,2300,103,320,6121,2317,0,3569.0,0.17337173988759486,1.0,0.4439814878222891,0.0,1.0,0.24261666140320837,0.5,0.15484313624714388,0.13892477300228517
ICEWS14,2244,2300,103,41,711,46,0,3565.0,0.7429971445684742,1.0,0.7429971445684742,0.0,1.0,0.9999999999986541,0.5,0.23949458525844722,0.39974069450866345
ICEWS14,2245,2300,142,144,3990,359,0,3567.0,0.16030351326998016,1.0,0.7578582832551991,0.0,1.0,0.11826912311831472,0.5,0.23632813476183379,0.16421833371659753
ICEWS14,2246,2300,142,84,1077,2659,0,3565.5,0.01758655048389124,1.0,0.4528618321319533,0.0,1.0,0.019801616452014965,0.5,0.15530708794435266,0.10659346839732263
ICEWS14,2247,2300,155,255,3159,5004,0,3.0,0.3166527095379512,4.0,0.35006974482590136,0.0,1.0,0.13624216576607368,0.5,0.18096416189390713,0.1281220943292923
ICEWS14,2248,2300,155,128,359,4304,0,4.0,0.36186131599923466,2.0,0.5630865404461788,0.48020614479804213,0.5197938552019579,0.20050883732420885,0.5,0.20811100727355147,0.17781380071342737
ICEWS14,2249,2300,155,343,3495,3495,1,1.0,1.4187793376385933,4.0,0.9803906099397734,0.0,1.0,0.23737099480045762,0.5,0.40728800662500686,0.2523502455654814
ICEWS14,2250,2300,56,142,6635,4415,0,3565.0,1.1919123638242,2.0,1.0,0.0,1.0,0.4304690564224918,0.5,0.36701132811122045,0.295173035653414
ICEWS14,2251,2300,90,218,3990,359,0,3566.0,0.5665037320348527,6.0,0.5743491774985175,0.6694378210840124,0.3305621789159876,0.13778867686335222,0.5,0.27016330293142937,0.19831123670943265
ICEWS14,2252,1946,53,145,5792,6156,0,3566.0,0.12019586635583523,1.0,0.820335356007638,0.0,1.0,0.07905153228866892,0.5,0.2551557213985639,0.16707732839222034
ICEWS14,2253,1946,53,153,1694,6156,0,3566.0,0.10258471966658378,1.0,0.7001394896518027,0.0,1.0,0.07905153228865998,0.5,0.21862826197122293,0.14812323272125963
ICEWS14,2254,1946,130,41,3159,0,0,3564.5,0.0,0.0,0.0,0.0,0.0,0.0,0.0,0.06266844042745784,0.00977672855419752
ICEWS14,2255,1946,127,257,6017,1077,0,3565.5,0.11928256633907791,1.0,0.20508383900190946,0.0,1.0,0.4100676231107583,0.5,0.10902545070371462,0.13413779535604878
ICEWS14,2256,2083,142,41,4564;6411,150,0,1788.5,4.586598570185997,8.0,0.8879629756445782,0.45768856556882676,0.8126742592571004,0.6044295656382904,0.6351814124129636,0.4786491001299292,0.46698882608122655
ICEWS14,2257,2083,142,261,2915,6293,0,3574.5,0.6812916155856024,2.0,0.9423178739918808,0.4262755948188447,0.5737244051811553,0.2616705976081304,0.5,0.3365605092022648,0.26412484113566
ICEWS14,2258,2083,142,128,6411,3341,0,13.0,2.1957199463767774,5.0,0.9238395952400507,0.18904210963695178,0.8109578903630482,0.3386813579717759,0.5,0.41413291855002493,0.27600832687482335
ICEWS14,2259,2083,142,126,2661,3341,0,3571.5,3.064761186579352,5.0,0.9611657480580811,0.18904210963695178,0.8109578903630482,0.5138115616775302,0.5,0.4448931038830438,0.3270560142795214
ICEWS14,2260,2083,142,245,3262,6293,0,3574.0,0.071517623860885,1.0,0.9611657480580811,0.0,1.0,0.03864117561086777,0.5,0.3016998680849151,0.18345899540195848
ICEWS14,2261,2083,142,237,29,29,1,1.0,0.5412603550473217,3.0,0.9803906099397734,0.05946704024361704,0.940532959756383,0.350671896874877,0.5,0.37278889651492386,0.2904658056145578
ICEWS14,2262,2083,115,292,6504,6504,1,1.0,1.9494052197066905,4.0,0.9423178739918808,0.539441350716437,1.0,0.9098063983739226,0.7697206753582184,0.40123046708900556,0.7170301042518191
ICEWS14,2263,2083,115,152,2074,785,0,3565.5,0.0,1.0,0.11547994940500633,0.0,0.0,0.0,0.0,0.09454905536510345,0.012846089760382283
ICEWS14,2264,2083,61,161,6504,0,0,3564.5,0.0,0.0,0.0,0.0,0.0,0.0,0.0,0.06266844042745784,0.00977672855419752
ICEWS14,2265,2083,53,233,1751,3341,0,8.0,0.5812062170457954,2.0,0.7429971445684742,0.12774921448497145,0.8722507855150285,0.5178126359345052,0.5,0.26514227164283843,0.2738347119191263
ICEWS14,2266,2083,53,124,3341,3341,1,1.0,0.12198251798424287,1.0,0.9423178739918808,0.0,1.0,0.06920392276148778,0.5,0.29586133031349904,0.18623398573702024
ICEWS14,2267,2083,103,1,2234,0,0,3564.5,0.0,0.0,0.0,0.0,0.0,0.0,0.0,0.06266844042745784,0.00977672855419752
ICEWS14,2268,2083,169,126,1077,4383,0,3565.5,0.008789412400930119,1.0,0.15237670677555948,0.0,1.0,0.029697572565388377,0.5,0.10002521321397523,0.07790043027684293
ICEWS14,2269,2083,123,62,6504,6504,1,1.0,1.2392976914721832,2.0,0.9803906099397734,0.0,1.0,0.48927418925727506,0.5,0.360216233529571,0.30749936943270095
ICEWS14,2270,4906,53,334,3007,0,0,3564.5,0.0,0.0,0.0,0.0,0.0,0.0,0.0,0.06266844042745784,0.00977672855419752
ICEWS14,2271,2906,160,285,6332,5565,0,3576.5,0.035861355107884574,2.0,0.3789291416275995,0.0,1.0,0.02497064823581818,0.5,0.1586720838565994,0.10643202637987298
ICEWS14,2272,2906,160,313,3922,2922,0,3577.5,0.038817192252885824,1.0,0.6729500963161781,0.0,1.0,0.029697572565465836,0.5,0.21018667975131966,0.13595293984600057
ICEWS14,2273,2906,160,299,776,2922,0,19.0,0.05121959225167516,1.0,0.8879629756445782,0.0,1.0,0.02969757256547134,0.5,0.2762449310521144,0.1690390313476405
ICEWS14,2274,2906,156,54,3411,4723,0,3565.5,0.14835145615296141,1.0,0.7578582832551991,0.0,1.0,0.10849439921285764,0.5,0.23617147493912438,0.16239017347259554
ICEWS14,2275,2906,156,321,5450,6823,0,3573.0,0.23886210464293645,2.0,0.6216979445974911,0.0,1.0,0.10859128931490834,0.5,0.22318124976257764,0.15074821973294794
ICEWS14,2276,2906,10,16,4412,0,0,3564.5,0.0,0.0,0.0,0.0,0.0,0.0,0.0,0.06266844042745784,0.00977672855419752
ICEWS14,2277,6805,127,19,6411,6411,1,1.0,0.7429971445684742,1.0,0.7429971445684742,0.0,1.0,0.9999999999986541,0.5,0.23949458525844722,0.39974069450866345
ICEWS14,2278,6805,160,346,2455,6504,0,5.0,0.9205022713779833,12.0,0.7884782461155736,0.5725300097637565,0.6829067219274458,0.3324860774008907,0.6277183658456011,0.40511944397950284,0.4179452598660314
ICEWS14,2279,6805,160,361,6504,6504,1,1.0,0.8872167772089627,13.0,0.7578582832551991,0.6439194162818023,0.6313368103091074,0.26331200855279807,0.6376281132954549,0.39871707735744705,0.40261782451682276
ICEWS14,2280,6805,160,38,2455,6504,0,3565.5,0.27779148464411474,2.0,0.5306065116666864,0.0,1.0,0.15231259126788207,0.5,0.19832464049335027,0.14465782258253898
ICEWS14,2281,6805,160,294,6504,6504,1,1.0,0.3738187368338921,10.0,0.7884782461155736,0.5186355309096541,0.4813644690903459,0.12880553139723971,0.5,0.38112315818488635,0.25049233672529786
ICEWS14,2282,6805,160,291,6504,6504,1,1.0,0.3967013118941569,10.0,0.836743383392903,0.5186355309096541,0.4813644690903459,0.1288055313972422,0.5,0.4007430865750351,0.26122603454633064
ICEWS14,2283,6805,155,127,6504,6504,1,1.0,0.11338442897275602,2.0,0.46191979762002533,0.44086543844079895,0.559134561559201,0.07367971390957731,0.5,0.17892319471638468,0.13802250557105797
ICEWS14,2284,6805,155,6,6411,6411,1,1.0,0.9803906099397734,1.0,0.9803906099397734,0.0,1.0,0.99999999999898,0.5,0.322779285591777,0.4657625428295966
ICEWS14,2285,6805,155,83,3566,6504,0,3567.0,0.2962013857976066,1.0,0.8705505632961241,0.0,1.0,0.20499788146857978,0.5,0.2739841880233355,0.20176322448954337
ICEWS14,2286,6805,53,336,6293,6293,1,1.0,0.288215651741903,1.0,0.9611657480580811,0.0,1.0,0.1763740635242975,0.5,0.305026564650051,0.2128848681728363
ICEWS14,2287,6805,169,276,1173,4786,0,3566.0,0.12944943670387588,1.0,1.0,0.0,1.0,0.06920392276149004,0.5,0.31647152931218236,0.19686222030952832
ICEWS14,2288,3994,160,60,5395,5395,1,1.0,2.8782519830922504,4.0,0.9423178739918808,0.6726075828220219,1.0,0.9999999999996525,0.836303791411011,0.41754324853376834,0.7821614353326823
ICEWS14,2289,3994,160,310,5395,5395,1,1.0,1.9931791922432058,14.0,0.7001394896518027,0.6570453188590413,0.9837451522986438,0.9537626598704156,0.8203952355788425,0.40085754001117707,0.7566572975561223
ICEWS14,2290,5899,53,306,4592,0,0,3564.5,0.0,0.0,0.0,0.0,0.0,0.0,0.0,0.06266844042745784,0.00977672855419752
ICEWS14,2291,6411,142,119,121,6805,0,3571.5,0.3273513470574192,4.0,0.6216979445974911,0.14646822509075696,0.853531774909243,0.1279909143947998,0.5,0.2583437013998081,0.17346178013097738
ICEWS14,2292,6411,189,10,1683,0,0,3564.5,0.0,0.0,0.0,0.0,0.0,0.0,0.0,0.06266844042745784,0.00977672855419752
ICEWS14,2293,6411,178,253,1077,1077,1,1.0,0.7909260391259737,1.0,0.9803906099397734,0.0,1.0,0.6760888459850348,0.5,0.3197781111341765,0.3557917113969801
ICEWS14,2294,6411,127,126,2083,2083,1,1.0,1.82595654221592,3.0,0.9238395952400507,0.0465220319887969,0.9534779680112031,0.9076657811869862,0.5,0.3724871553124037,0.44011904556294396
ICEWS14,2295,1466,205,9,1122,0,0,3564.5,0.0,0.0,0.0,0.0,0.0,0.0,0.0,0.06266844042745784,0.00977672855419752
ICEWS14,2296,1466,168,264,1122,1122,1,1.0,1.6333562234022474,3.0,0.9611657480580811,0.4115394215378244,1.0,0.9999999999993877,0.7057697107689123,0.38388210703777154,0.6883516058544388
ICEWS14,2297,6823,142,113,6054,6566,0,3570.5,0.5487627797546346,2.0,0.820335356007638,0.470328596005128,0.529671403994872,0.2153055529974617,0.5,0.29062018723007876,0.22857504072643348
ICEWS14,2298,6823,142,349,2617,6795,0,3.0,0.18362723721202445,2.0,0.6864101813026526,0.48515121371725567,0.5148487862827443,0.07395895471552355,0.5,0.24177616395294255,0.17455081414442014
ICEWS14,2299,6823,142,40,3341,3873,0,3566.0,0.0,1.0,0.6597539553864471,0.0,0.0,0.0,0.0,0.2060832232805509,0.024373736298960027
ICEWS14,2300,6823,180,68,5736,5736,1,1.0,4.713437491493693,5.0,0.9803906099397734,0.0,1.0,0.9999999999997878,0.5,0.48265758166046874,0.4610438017529239
ICEWS14,2301,6823,202,328,5736,5736,1,1.0,2.595256922333605,3.0,0.8879629756445782,0.34214838924160873,1.0,0.9999999999996146,0.6710741946208043,0.3715198676841573,0.622261242272785
ICEWS14,2302,6823,151,176,1519,0,0,3564.5,0.0,0.0,0.0,0.0,0.0,0.0,0.0,0.06266844042745784,0.00977672855419752
ICEWS14,2303,6823,6,190,5736,5736,1,1.0,1.001104874943529,5.0,0.410167678003819,0.25383467737174137,1.0,0.85117850764995,0.6269173386858706,0.21532823428404238,0.42787665136694597
ICEWS14,2304,6823,160,265,669,2823,0,3565.0,0.04927989038222336,1.0,0.04927989038222336,0.0,1.0,0.9999999999797078,0.5,0.08576374306304378,0.23259101803271423
ICEWS14,2305,6823,123,103,3155,0,0,3564.5,0.0,0.0,0.0,0.0,0.0,0.0,0.0,0.06266844042745784,0.00977672855419752
ICEWS14,2306,6823,98,254,6284,1918,0,3568.0,0.016408860951827864,1.0,0.14645927135455744,0.0,1.0,0.05934280798952925,0.5,0.0991869468368891,0.0804747905594757
ICEWS14,2307,6823,98,150,3155,3995,0,2.0,0.5344259491914307,1.0,0.9611657480580811,0.0,1.0,0.38505930780030845,0.5,0.3088311712946727,0.2647548911654464
ICEWS14,2308,6823,133,319,5736,0,0,3564.5,0.0,0.0,0.0,0.0,0.0,0.0,0.0,0.06266844042745784,0.00977672855419752
ICEWS14,2309,6823,38,188,1182,1182,1,1.0,1.8913007296360127,7.0,0.8879629756445782,0.6183391510365925,0.8180529071517413,0.6847945559108711,0.7181960290941669,0.4196568644964046,0.6167670161067568
ICEWS14,2310,6823,38,11,4261,6711,0,3565.0,0.8042490800314893,1.0,0.8042490800314893,0.0,1.0,0.9999999999987567,0.5,0.2595087635138871,0.4165286020128027
ICEWS14,2311,6823,38,173,4292,1182,0,8.0,1.3503924763723874,6.0,0.7001394896518027,0.6384005783878661,0.705748710002852,0.5354309244231596,0.6720746441953591,0.3259868202013882,0.4710230133151289
ICEWS14,2312,6823,115,322,669,669,1,1.0,1.8501411471916305,2.0,0.9611657480580811,0.0,1.0,0.9454806178810851,0.5,0.3630345955050972,0.44675852503739466
ICEWS14,2313,6823,162,343,5092,669,0,3563.5,1.0,1.0,1.0,0.0,1.0,0.9999999999989999,0.5,0.33030722584940386,0.47130336916752824
ICEWS14,2314,5385,6,126,1077,0,0,3564.5,0.0,0.0,0.0,0.0,0.0,0.0,0.0,0.06266844042745784,0.00977672855419752
ICEWS14,2315,5385,157,223,4702,4702,1,1.0,0.05655101469972279,1.0,0.9803906099397734,0.0,1.0,0.029697572565472855,0.5,0.3082872670177816,0.18512032338399192
ICEWS14,2316,5385,53,106,6293,6293,1,1.0,0.9803906099397734,1.0,0.9803906099397734,0.0,1.0,0.99999999999898,0.5,0.322779285591777,0.4657625428295966
ICEWS14,2317,5385,155,274,929,0,0,3564.5,0.0,0.0,0.0,0.0,0.0,0.0,0.0,0.06266844042745784,0.00977672855419752
ICEWS14,2318,2835,52,99,3613,0,0,3564.5,0.0,0.0,0.0,0.0,0.0,0.0,0.0,0.06266844042745784,0.00977672855419752
ICEWS14,2319,3154,53,126,1389,3380,0,3566.5,0.09061518476195696,1.0,0.9611657480580811,0.0,1.0,0.04947009763477774,0.5,0.30199222055029207,0.18563363233859664
ICEWS14,2320,3154,53,57,7098,151,0,3564.5,0.2570028554315258,1.0,1.0,0.0,1.0,0.14744881036222598,0.5,0.3184792884037864,0.21400599882701227
ICEWS14,2321,3154,160,41,3341,0,0,3564.5,0.0,0.0,0.0,0.0,0.0,0.0,0.0,0.06266844042745784,0.00977672855419752
ICEWS14,2322,5556,98,280,3155,3155,1,1.0,0.013210046244560646,2.0,0.0068011762757509715,0.4851512137172558,1.0,0.9999999999243,0.7425756068586279,0.09175532209244651,0.462021713060342
ICEWS14,2323,5556,101,12,1145,0,0,3564.5,0.0,0.0,0.0,0.0,0.0,0.0,0.0,0.06266844042745784,0.00977672855419752
ICEWS14,2324,5556,53,296,2097,3149,0,1.0,0.01960939006022655,1.0,1.0,0.0,1.0,0.009901778952998064,0.5,0.3147480489379219,0.1846999597433842
ICEWS14,2325,5556,127,196,6410,0,0,3564.5,0.0,0.0,0.0,0.0,0.0,0.0,0.0,0.06266844042745784,0.00977672855419752
ICEWS14,2326,2154,115,339,6293,6293,1,1.0,0.9611657480580811,1.0,0.9611657480580811,0.0,1.0,0.9999999999989596,0.5,0.3154870741711184,0.4603385493265481
ICEWS14,2327,2154,127,309,733,733,1,1.0,0.08498353286388638,2.0,0.9803906099397734,0.09640047038136412,0.9035995296186359,0.04075981010128849,0.5,0.3411264751744534,0.20446317988308296
ICEWS14,2328,2154,160,355,6496,6284,0,3567.5,0.0717673106957567,1.0,0.9423178739918808,0.0,1.0,0.03958771040389384,0.5,0.2951019661583614,0.1802996971034656
ICEWS14,2329,2154,53,332,3977,1846,0,3569.0,0.6829463221998971,2.0,0.7429971445684742,0.0,1.0,0.3022016335563237,0.5,0.26658478258617785,0.20890274216310717
ICEWS14,2330,2154,155,356,3159,3159,1,1.0,0.5861514868819867,1.0,0.9803906099397734,0.0,1.0,0.42640681545813813,0.5,0.31655112725595985,0.28052909608002585
ICEWS14,2331,4239,38,301,4286,5484,0,2.0,0.25130100443004966,2.0,0.4439814878222891,0.17299726635609525,0.8270027336439048,0.3055661047703349,0.5,0.17600476611532445,0.16711879961534942
ICEWS14,2332,4239,38,297,4286,5484,0,2.0,0.27201800585820474,2.0,0.4805828740290406,0.17299726635609514,0.8270027336439049,0.3055661047703631,0.5,0.18528977243172068,0.17312451896465778
ICEWS14,2333,4239,191,177,6407,2454,0,3565.5,0.046349275539130506,1.0,0.08085207284143715,0.0,1.0,0.40179730150077614,0.5,0.08997971127371791,0.11701001915329712
ICEWS14,2334,4239,61,357,5484,1906,0,3566.5,1.6445401666553203,3.0,0.9611657480580811,0.001247775465440193,0.9987522245345598,0.8127329433279297,0.5,0.3840742788941149,0.4169787739326659
ICEWS14,2335,4239,227,56,6407,6407,1,1.0,0.9803906099397734,1.0,0.9803906099397734,0.0,1.0,0.99999999999898,0.5,0.322779285591777,0.4657625428295966
ICEWS14,2336,4412,222,139,5965,6411,0,3567.5,1.211833936517691,5.0,0.836743383392903,0.1559306955637132,0.8440693044362868,0.46565116454356276,0.5,0.3625999439922729,0.30315182590772966
ICEWS14,2337,4412,222,17,6504,6792,0,3565.5,0.12442236466517809,1.0,0.9611657480580811,0.0,1.0,0.06920392276148855,0.5,0.3025101470998274,0.1896573177380791
ICEWS14,2338,4412,222,302,6411,6411,1,1.0,0.10325140974007141,7.0,0.13530487396734708,0.22002013892772965,0.7799798610722704,0.1768505423719297,0.5,0.15273221609613596,0.12521284421174225
ICEWS14,2339,4412,148,2,6411,0,0,3564.5,0.0,0.0,0.0,0.0,0.0,0.0,0.0,0.06266844042745784,0.00977672855419752
ICEWS14,2340,918,53,351,3236,0,0,3564.5,0.0,0.0,0.0,0.0,0.0,0.0,0.0,0.06266844042745784,0.00977672855419752
ICEWS14,2341,3293,160,192,699,0,0,3564.5,0.0,0.0,0.0,0.0,0.0,0.0,0.0,0.06266844042745784,0.00977672855419752
ICEWS14,2342,2175,142,328,1077,7038,0,3.0,0.8694421937928349,4.0,0.9611657480580811,0.46311802342296093,0.5368819765770391,0.1397493330574612,0.5,0.39001285490089427,0.25390041741644215
ICEWS14,2343,2175,103,325,7038,0,0,3564.5,0.0,0.0,0.0,0.0,0.0,0.0,0.0,0.06266844042745784,0.00977672855419752
ICEWS14,2344,2175,139,316,1077,5004,0,3566.5,0.11983912454021514,1.0,0.2815432702230894,0.0,1.0,0.2703662113743017,0.5,0.12209155587138656,0.12181462296247549
ICEWS14,2345,2661,127,129,711,150,0,3565.5,0.4439814878222891,1.0,0.8879629756445782,0.0,1.0,0.33333333333308307,0.5,0.2819855571233607,0.23537696640145211
ICEWS14,2346,2661,127,126,150,150,1,1.0,0.4711589369959404,1.0,0.9423178739918808,0.0,1.0,0.33333333333309745,0.5,0.30117280008254854,0.24697935389947778
ICEWS14,2347,2661,127,128,711,150,0,3565.5,0.4528618321319534,1.0,0.9057236642639067,0.0,1.0,0.333333333333088,0.5,0.28817305811377464,0.23912617505104336
ICEWS14,2348,2661,53,313,7038,7038,1,1.0,0.02002391644372925,2.0,0.9803906099397734,0.038855271788269086,0.9611447282117309,0.009912712557864972,0.5,0.34006666800665797,0.19525630677534936
ICEWS14,2349,2661,155,184,6410,6410,1,1.0,2.283153697319262,7.0,0.9803906099397734,0.3848992327798165,0.6151007672201835,0.24313854092787118,0.5,0.4647889428441207,0.2839377432972818
ICEWS14,2350,2661,155,183,5037,6410,0,1.0,2.3288204458216093,7.0,1.0,0.3848992327798165,0.6151007672201835,0.24313854092787177,0.5,0.4737859947872482,0.2881436568491161
ICEWS14,2351,2661,155,123,2083,2290,0,3565.5,0.19008159004749148,2.0,0.4711589369959404,0.0,1.0,0.11340870208088054,0.5,0.18203349484183418,0.13021394234553313
ICEWS14,2352,2661,155,179,6410,6410,1,1.0,0.39796378035517765,4.0,0.9611657480580811,0.4234396644746623,0.5765603355253377,0.06413669689262363,0.5,0.38189617530410813,0.23701671582829364
ICEWS14,2353,2661,169,306,5736,18,0,3566.5,0.4582653407698912,3.0,0.16823752407904452,0.0,1.0,0.8622195149093382,0.5,0.13180421929639155,0.24255185719551142
ICEWS14,2354,2895,56,181,4488,0,0,3564.5,0.0,0.0,0.0,0.0,0.0,0.0,0.0,0.06266844042745784,0.00977672855419752
ICEWS14,2355,2805,105,271,1145,0,0,3564.5,0.0,0.0,0.0,0.0,0.0,0.0,0.0,0.06266844042745784,0.00977672855419752
ICEWS14,2356,2805,156,341,4261,4451,0,3564.5,0.6952465864488812,1.0,1.0,0.0,1.0,0.5328566909483001,0.5,0.3254287030550512,0.31620019224842566
ICEWS14,2357,2805,177,149,1145,0,0,3564.5,0.0,0.0,0.0,0.0,0.0,0.0,0.0,0.06266844042745784,0.00977672855419752
ICEWS14,2358,4478,150,2,6635,0,0,3564.5,0.0,0.0,0.0,0.0,0.0,0.0,0.0,0.06266844042745784,0.00977672855419752
ICEWS14,2359,4478,160,148,5678,4415,0,3567.0,0.9931453850857531,4.0,0.6729500963161781,0.5622474093024652,0.699333739342234,0.4771473534162876,0.6307905743223496,0.2848599312631519,0.3900736273206119
ICEWS14,2360,4478,160,180,3087,6635,0,6.0,0.48678387943964396,5.0,0.8879629756445782,0.5268805039887451,0.4731194960112549,0.1490062832929795,0.5,0.3702668206688005,0.2548804936970711
ICEWS14,2361,4478,53,148,3269,4919,0,3565.5,0.0,1.0,0.0824692444233059,0.0,0.0,0.0,0.0,0.08992557849692873,0.012354007707538943
ICEWS14,2362,833,103,69,695,0,0,3564.5,0.0,0.0,0.0,0.0,0.0,0.0,0.0,0.06266844042745784,0.00977672855419752
ICEWS14,2363,6704,160,58,4598,0,0,3564.5,0.0,0.0,0.0,0.0,0.0,0.0,0.0,0.06266844042745784,0.00977672855419752
ICEWS14,2364,6704,158,97,5395,0,0,3564.5,0.0,0.0,0.0,0.0,0.0,0.0,0.0,0.06266844042745784,0.00977672855419752
ICEWS14,2365,6704,127,90,1169,5395,0,3564.0,1.0,1.0,1.0,0.0,1.0,0.9999999999989999,0.5,0.33030722584940386,0.47130336916752824
ICEWS14,2366,101,160,72,497,1297,0,3.0,0.45595021660184387,1.0,0.7730166686334901,0.0,1.0,0.41827105470931275,0.5,0.2448854084976247,0.23257461084310874
ICEWS14,2367,101,160,97,5127,466,0,3567.0,0.9095876308087429,2.0,0.9803906099397734,0.0,1.0,0.3217365299992263,0.5,0.35471514516616887,0.26245857302872944
ICEWS14,2368,101,167,247,5491,0,0,3564.5,0.0,0.0,0.0,0.0,0.0,0.0,0.0,0.06266844042745784,0.00977672855419752
ICEWS14,2369,4594,160,174,1345,6293,0,3568.0,0.11798384761748715,2.0,0.7730166686334901,0.2867965922707759,0.7132034077292241,0.0575601879754387,0.5,0.2683844047835509,0.1782303914739846
ICEWS14,2370,4594,160,271,3495,5745,0,3568.0,0.029606772943585602,2.0,1.0,0.007751937984496138,0.9922480620155039,0.014907603837781742,0.5,0.34762553701139853,0.19855775539787096
ICEWS14,2371,4594,160,103,6293,1115,0,3565.5,0.40406030377346003,1.0,0.6216979445974911,0.0,1.0,0.48140494790299615,0.5,0.2005248314404998,0.2174596140569707
ICEWS14,2372,4594,53,323,6890,6890,1,1.0,0.10557449059897783,1.0,0.9423178739918808,0.0,1.0,0.059342807989710686,0.5,0.2956130803153803,0.1842385476770915
ICEWS14,2373,3911,160,168,3155,3155,1,1.0,1.2136512580033803,13.0,0.4901953049698867,0.6968723346964276,0.8043426552018412,0.6006394615340747,0.7506074949491344,0.302605166476169,0.542577149926434
ICEWS14,2374,3911,160,40,3155,3155,1,1.0,2.244991292640515,6.0,0.597554769985219,0.33497199702196456,0.8457540263082173,0.5139827921311984,0.5903630116650909,0.30300279143165426,0.3299278586529293
ICEWS14,2375,3911,160,181,3155,3155,1,1.0,2.648145396640013,15.0,0.9057236642639067,0.6940161284565466,0.9173712072545259,0.8093529163041695,0.8056936678555362,0.5032923146090087,0.750562003991293
ICEWS14,2376,3911,169,60,2461,0,0,3564.5,0.0,0.0,0.0,0.0,0.0,0.0,0.0,0.06266844042745784,0.00977672855419752
ICEWS14,2377,3911,53,260,6817,2230,0,3568.0,0.2923713340229463,1.0,0.7578582832551991,0.0,1.0,0.23899331624338202,0.5,0.23806396826750795,0.18832487460121963
ICEWS14,2378,2417,156,239,211,211,1,1.0,0.9803906099397734,1.0,0.9803906099397734,0.0,1.0,0.99999999999898,0.5,0.322779285591777,0.4657625428295966
ICEWS14,2379,2417,160,356,4383,533,0,5.0,0.17502308447370654,1.0,0.3714985722842371,0.0,1.0,0.308153306234083,0.5,0.13964283061528987,0.13986530409617332
ICEWS14,2380,5390,157,301,4313,5441,0,3565.0,0.4805828740290406,1.0,0.4805828740290406,0.0,1.0,0.9999999999979192,0.5,0.16609551667127687,0.3308553242867397
ICEWS14,2381,5390,157,339,1183,1189,0,3566.0,0.0,2.0,0.4901953049698867,0.0,0.0,0.0,0.0,0.18473523337441838,0.021622193834122463
ICEWS14,2382,5390,53,321,3341,3341,1,1.0,1.0540097040231489,3.0,0.46191979762002533,0.0,1.0,0.6336033843375553,0.5,0.20579383632333614,0.23950515272146727
ICEWS14,2383,5390,115,261,3977,3977,1,1.0,0.9803906099397734,1.0,0.9803906099397734,0.0,1.0,0.99999999999898,0.5,0.322779285591777,0.4657625428295966
ICEWS14,2384,5390,160,222,3159,1943,0,3567.0,0.22162836060550506,1.0,0.46191979762002533,0.0,1.0,0.3156149455804881,0.5,0.15928041773509355,0.15443589453840192
ICEWS14,2385,6785,159,344,6504,4484,0,8.0,1.2945481360954274,3.0,0.7730166686334901,0.012050985237744283,0.9879490147622557,0.7173804527110702,0.5,0.3073571944993456,0.33779727251987246
ICEWS14,2386,6785,159,94,6504,416,0,2.0,0.53754192403042,2.0,0.7141434062641757,0.23357165452564566,0.7664283454743543,0.4053799000439275,0.5,0.2552401485383094,0.24263848621137576
ICEWS14,2387,6785,169,314,2442,3515,0,2.0,1.466570162496141,3.0,0.9611657480580811,0.22828725856163834,0.7717127414383617,0.4230608623942284,0.5,0.3810205805762562,0.3057349511772176
ICEWS14,2388,6785,169,204,5026,3159,0,3574.5,0.43463401910861466,5.0,0.7578582832551991,0.47174103418648794,0.5282589658135121,0.17852129547896786,0.5,0.320268836225966,0.23164948800524784
ICEWS14,2389,6785,169,95,146,244,0,3570.0,0.1035042392324127,1.0,0.9238395952400507,0.0,1.0,0.05934280798970998,0.5,0.28918564143881925,0.1809533413353515
ICEWS14,2390,6785,53,34,4319,2786,0,3567.5,0.32548110743582204,2.0,0.6216979445974911,0.0,1.0,0.15231259126789423,0.5,0.22427404415537347,0.15829013259390057
ICEWS14,2391,6785,53,180,3498,3155,0,3575.0,0.42714369634089744,2.0,0.7001394896518027,0.46047423385563946,0.5395257661443605,0.19699975382063703,0.5,0.24930801150670667,0.20067468031026256
ICEWS14,2392,6785,53,202,1782,2786,0,3574.5,0.016245818719616834,4.0,0.9057236642639067,0.10875533499853274,0.8912446650014673,0.008057459347851448,0.5,0.3538871903047808,0.20007132788838825
ICEWS14,2393,6785,177,345,146,2000,0,4.0,0.21782581360604109,2.0,0.2550004023552998,0.0,1.0,0.274971838358648,0.5,0.1344390921748066,0.12717754290511588
ICEWS14,2394,6785,177,217,3159,146,0,3567.0,0.8177761274466229,2.0,0.646816582731497,0.3602401568152761,1.0,0.6790556163520692,0.680120078407638,0.2380965891510365,0.45993431984277244
ICEWS14,2395,6785,177,283,5326,2000,0,2.0,0.7436395510896512,2.0,0.8705505632961241,0.0,1.0,0.2749718383588934,0.5,0.3112668605542707,0.22759337570612123
ICEWS14,2396,6785,56,221,5037,5037,1,1.0,3.0664064676327625,14.0,0.8534795977333005,0.47118594333934405,0.7031369477934889,0.45593508703671376,0.5871614455664165,0.48316128013962917,0.41155921597693695
ICEWS14,2397,6785,56,200,5037,5037,1,1.0,2.646012729746025,11.0,0.9803906099397734,0.2677116594263447,0.7322883405736553,0.5058985796143738,0.5,0.5082683267062642,0.37233805038797096
ICEWS14,2398,6785,56,114,4769,5037,0,3568.5,2.0719380976309165,6.0,0.7001394896518027,0.4652675393418394,1.0,0.384682757338495,0.7326337696709198,0.33760674785354744,0.44637703251107125
ICEWS14,2399,6785,56,110,434,5037,0,3568.0,2.242746585344768,6.0,0.7578582832551991,0.4652675393418394,1.0,0.3846827573385004,0.7326337696709198,0.36239104205357964,0.4608271654456787
ICEWS14,2400,6785,185,142,776,0,0,3564.5,0.0,0.0,0.0,0.0,0.0,0.0,0.0,0.06266844042745784,0.00977672855419752
ICEWS14,2401,6785,160,258,3758,6411,0,3570.0,0.28800950517654644,5.0,0.410167678003819,0.2563187609417129,0.7436812390582871,0.15186308521459077,0.5,0.20670489187166316,0.15330917861331936
ICEWS14,2402,6785,160,201,4408,4319,0,3568.5,0.07664320001806846,1.0,0.9423178739918808,0.0,1.0,0.0423913251767896,0.5,0.2951756506255075,0.1808539326365428
ICEWS14,2403,6785,156,323,6504,2455,0,1.0,0.2063368599233606,3.0,1.0,0.1621483043284786,0.8378516956715214,0.09461866677724247,0.5,0.37477341811989956,0.23357453430379496
ICEWS14,2404,6785,156,238,6411,5965,0,14.5,0.8125461857865187,3.0,0.7284274237469965,0.055098798391971404,0.9449012016080286,0.3626089879956245,0.5,0.2845262644468404,0.23212865994301343
ICEWS14,2405,6785,156,289,1155,1181,0,3573.5,0.6536257205315285,3.0,1.0,0.37341143920651776,0.6265885607934822,0.2575092159097374,0.5,0.382417385572484,0.28530391865474525
ICEWS14,2406,6785,145,322,369,288,0,3567.5,2.4777299178726753,5.0,0.8879629756445782,0.21459945366808975,0.7854005463319103,0.4273563125179619,0.5,0.40457349379808577,0.29123261028096165
ICEWS14,2407,6785,145,216,839,3155,0,3567.0,0.01208295296431161,3.0,0.4183716916964515,0.134405107601984,0.865594892398016,0.012657798999636878,0.5,0.18257229636761305,0.11923835285608855
ICEWS14,2408,6785,157,328,2427,1161,0,3566.0,0.5480683670881861,4.0,0.7730166686334901,0.500657280345129,0.49934271965487104,0.2150917040402169,0.5,0.3131587932994168,0.2381563755636757
ICEWS14,2409,6785,127,27,3155,0,0,3564.0,0.0,0.0,0.0,0.0,0.0,0.0,0.0,0.06266844042745784,0.00977672855419752
ICEWS14,2410,6785,24,1,2455,0,0,3564.5,0.0,0.0,0.0,0.0,0.0,0.0,0.0,0.06266844042745784,0.00977672855419752
ICEWS14,2411,6785,18,219,6411,3762,0,3566.0,1.3122522980083313,3.0,0.9238395952400507,0.3489214574349512,1.0,0.8601423735234127,0.6744607287174755,0.3638070004662619,0.6071847349246082
ICEWS14,2412,6785,115,199,3155,0,0,3564.5,0.0,0.0,0.0,0.0,0.0,0.0,0.0,0.06266844042745784,0.00977672855419752
ICEWS14,2413,6785,61,155,2083,2083,1,1.0,0.6246906998999919,1.0,0.9611657480580811,0.0,1.0,0.48140494790319854,0.5,0.3102325606854173,0.291570635234881
ICEWS14,2414,6785,103,316,713,3155,0,3566.0,0.2926899353285526,7.0,0.07926661300791155,0.49690162399195414,0.9718137939410091,0.9164856604208548,0.7343577089664817,0.14266543264750267,0.4912897375689212
ICEWS14,2415,6785,34,226,6795,0,0,3564.5,0.0,0.0,0.0,0.0,0.0,0.0,0.0,0.06266844042745784,0.00977672855419752
ICEWS14,2416,5632,56,95,2100,0,0,3564.5,0.0,0.0,0.0,0.0,0.0,0.0,0.0,0.06266844042745784,0.00977672855419752
ICEWS14,2417,671,87,243,1540,0,0,3564.5,0.0,0.0,0.0,0.0,0.0,0.0,0.0,0.06266844042745784,0.00977672855419752
ICEWS14,2418,671,156,12,5182,1873,0,3565.5,0.1600552539321355,1.0,0.9803906099397734,0.0,1.0,0.08888373742522068,0.5,0.30989293632246384,0.19734078786258216
ICEWS14,2419,1060,224,303,5451,5451,1,1.0,4.282131467800493,10.0,0.9803906099397734,0.6518803960764662,0.9635270675659096,0.895937152962305,0.8077037318211879,0.5300169056236187,0.7563279358199192
ICEWS14,2420,1060,224,100,3211,5451,0,3565.5,0.6658421012180684,2.0,0.6095068271022377,0.0,1.0,0.3808552891752421,0.5,0.22502790704315315,0.20154734419638767
ICEWS14,2421,1060,168,313,3211,3211,1,1.0,0.12254882624247165,2.0,0.7284274237469965,0.14400969033388222,0.8559903096661178,0.07759183309512944,0.5,0.25405428942218383,0.16860711968776368
ICEWS14,2422,2266,127,42,3155,3341,0,2.0,0.35422384475659596,2.0,0.5520447568369061,0.0,1.0,0.19558721897181283,0.5,0.20499248858778088,0.15528983571237437
ICEWS14,2423,2266,53,61,6293,2273,0,3568.5,0.11017596382039585,3.0,0.39423912305778674,0.34863205325374014,0.6513679467462599,0.05120989638573673,0.5,0.17766234445076698,0.12837193511525888
ICEWS14,2424,2266,53,60,2230,2273,0,3568.0,0.11237966041633562,3.0,0.40212454001574466,0.34863205325374014,0.6513679467462599,0.05120989638573723,0.5,0.1796216068977271,0.12941716730450806
ICEWS14,2425,2266,160,322,5036,3155,0,9.0,1.1627736574519867,13.0,0.9238395952400507,0.6009757048100521,0.39902429518994786,0.23780231632982027,0.5,0.47175616653468666,0.31997511623255154
ICEWS14,2426,2266,160,137,5186,6293,0,3574.0,2.052752390958051,13.0,0.7578582832551991,0.8267356268558276,0.5677160066049963,0.3065984727097582,0.697225816730412,0.4191787049509375,0.46527615290291524
ICEWS14,2427,2266,160,209,3341,6293,0,15.0,0.49987553171738686,14.0,1.0,0.512441191167115,0.487558808832885,0.13876975255550678,0.5,0.49783017523687584,0.31511429444767347
ICEWS14,2428,2266,160,65,5036,6293,0,3570.5,2.8256693021062573,6.0,0.9611657480580811,0.5887621128612224,0.7978166001271572,0.4716545792550303,0.6932893564941898,0.454499749943047,0.5179080653841932
ICEWS14,2429,2266,160,356,146,5037,0,44.0,1.6105963374524837,6.0,0.8705505632961241,0.42911314067788364,0.5708868593221164,0.32976086402124627,0.5,0.3959476466019198,0.28864305975918775
ICEWS14,2430,2266,160,120,5036,6293,0,2.0,1.8132129994404025,12.0,0.9057236642639067,0.8211307185889682,0.47711943292073883,0.21809152985013264,0.6491250757548536,0.4692467700803195,0.43468936312905176
ICEWS14,2431,2266,160,50,3159,6293,0,3567.5,0.069495713594109,3.0,1.0,0.5453690667266013,0.4546309332733987,0.016051015691799207,0.5,0.3724470884724026,0.2351625732700204
ICEWS14,2432,2266,160,62,1077,6293,0,3569.0,1.978635453607284,5.0,1.0,0.47409718141234447,0.7414420626354375,0.3706909412200847,0.6077696220238911,0.44145653573843757,0.4148825031238152
ICEWS14,2433,2266,160,234,5745,6293,0,3582.0,1.051750783361937,16.0,0.836743383392903,0.7058610308246396,0.5605475941396761,0.22678324397688224,0.6332043124821578,0.45112935966084955,0.42015360509913885
ICEWS14,2434,2266,160,188,3926,3155,0,3575.5,0.1905532304328319,7.0,0.7001394896518027,0.6074623590696921,0.3925376409303079,0.05643188469121311,0.5,0.31821796473804054,0.20886179856035098
ICEWS14,2435,2266,155,216,6310,3213,0,3567.0,0.10344606162724693,1.0,0.3298769776932236,0.0,1.0,0.18595109432662113,0.5,0.13089191290579005,0.1152187923157443
ICEWS14,2436,2266,143,82,929,0,0,3564.5,0.0,0.0,0.0,0.0,0.0,0.0,0.0,0.06266844042745784,0.00977672855419752
ICEWS14,2437,2266,143,83,929,0,0,3564.5,0.0,0.0,0.0,0.0,0.0,0.0,0.0,0.06266844042745784,0.00977672855419752
ICEWS14,2438,2266,56,293,275,5036,0,3569.5,0.05689054968914187,2.0,0.6216979445974911,0.032719443448806174,0.9672805565511938,0.04630651421014009,0.5,0.22089785756628358,0.14214853103894465
ICEWS14,2439,2266,177,141,1077,0,0,3564.5,0.0,0.0,0.0,0.0,0.0,0.0,0.0,0.06266844042745784,0.00977672855419752
ICEWS14,2440,2266,156,105,2290,2290,1,1.0,0.21816860348960687,1.0,0.9611657480580811,0.0,1.0,0.12802097993885117,0.5,0.3039489678089673,0.20211693690417143
ICEWS14,2441,2266,115,311,920,6366,0,3566.0,0.10256066199585434,1.0,0.10881882041201553,0.0,1.0,0.8912352673778312,0.5,0.09423325833091294,0.21702069610086464
ICEWS14,2442,2266,208,78,3162,0,0,3564.5,0.0,0.0,0.0,0.0,0.0,0.0,0.0,0.06266844042745784,0.00977672855419752
ICEWS14,2443,2266,174,289,3159,3159,1,1.0,0.9803906099397734,1.0,0.9803906099397734,0.0,1.0,0.99999999999898,0.5,0.322779285591777,0.4657625428295966
ICEWS14,2444,4418,171,364,2209,0,0,3564.5,0.0,0.0,0.0,0.0,0.0,0.0,0.0,0.06266844042745784,0.00977672855419752
ICEWS14,2445,6396,169,154,4801,929,0,3565.0,0.43527528164806206,1.0,0.43527528164806206,0.0,1.0,0.9999999999977026,0.5,0.1554275934021081,0.3195736787878096
ICEWS14,2446,6396,191,149,4334,0,0,3564.5,0.0,0.0,0.0,0.0,0.0,0.0,0.0,0.06266844042745784,0.00977672855419752
ICEWS14,2447,5433,6,164,1027,1027,1,1.0,0.6988473397166841,1.0,0.9803906099397734,0.0,1.0,0.5537907735910366,0.5,0.3183249095288006,0.31761924990648455
ICEWS14,2448,5433,160,359,929,929,1,1.0,0.6967543141563275,11.0,0.4439814878222891,0.6740256523799952,0.6092513884877337,0.2858062469619175,0.6416385204338645,0.26776725372511656,0.32444184061568365
ICEWS14,2449,5433,160,204,6534,929,0,3568.0,1.1279343755692697,5.0,0.7730166686334901,0.5222776777841915,0.8936037589199131,0.5349907548984444,0.7079407183520523,0.33697317074549954,0.511908552794379
ICEWS14,2450,5433,160,331,818,929,0,3.0,1.2868991718511213,11.0,0.7730166686334901,0.6740256523799952,0.6092513884877336,0.30855168747976336,0.6416385204338644,0.39828710964582603,0.4148968176281556
ICEWS14,2451,5433,150,36,5140,0,0,3564.0,0.0,0.0,0.0,0.0,0.0,0.0,0.0,0.06266844042745784,0.00977672855419752
ICEWS14,2452,5433,144,295,929,929,1,1.0,0.03519290877788617,1.0,0.03519290877788617,0.0,1.0,0.9999999999715852,0.5,0.08385506447974471,0.22974999604868798
ICEWS14,2453,4834,191,30,3159,0,0,3564.5,0.0,0.0,0.0,0.0,0.0,0.0,0.0,0.06266844042745784,0.00977672855419752
ICEWS14,2454,6291,160,127,4408,4408,1,1.0,1.2540014033867688,6.0,0.836743383392903,0.4371764774053891,0.5628235225946109,0.2705827263643005,0.5,0.37640272172121475,0.2683449343127897
ICEWS14,2455,6291,160,56,6890,4408,0,3565.0,0.5858370854182298,1.0,0.5858370854182298,0.0,1.0,0.999999999998293,0.5,0.19312816118309317,0.35780994083082673
ICEWS14,2456,6291,160,335,3133,988,0,3569.0,0.031218691158788725,1.0,0.5412194958693883,0.0,1.0,0.029697572565460156,0.5,0.17584600368937459,0.11850225265046907
ICEWS14,2457,6291,53,82,1220,6293,0,3566.5,0.26616887765151453,2.0,0.8042490800314893,0.36481689431254416,0.6351831056874558,0.1174532402577315,0.5,0.2809375228311751,0.19931695914392863
ICEWS14,2458,6291,155,89,6559,3495,0,3565.0,0.30475341355111885,1.0,0.30475341355111885,0.0,1.0,0.9999999999967187,0.5,0.12780516178062346,0.2882618507246537
ICEWS14,2459,6291,90,117,1115,1115,1,1.0,1.1443566072567413,4.0,0.4711589369959404,0.18462590358721487,1.0,0.999999999999126,0.5923129517936074,0.22320083824438616,0.4522675558791171
ICEWS14,2460,6291,115,85,1115,1115,1,1.0,0.9803906099397734,1.0,0.9803906099397734,0.0,1.0,0.99999999999898,0.5,0.322779285591777,0.4657625428295966
ICEWS14,2461,4316,160,262,2290,2290,1,1.0,1.4172890800592328,7.0,0.836743383392903,0.27941777788079936,0.7205822221192006,0.445409903684303,0.5,0.39071439169130806,0.314141194036613
ICEWS14,2462,4316,160,292,2290,2290,1,1.0,2.168956676523357,9.0,0.7001394896518027,0.4779661405228566,0.8664477631128417,0.6900583656482533,0.6722069518178491,0.368904512518601,0.5198188236669015
ICEWS14,2463,4316,127,93,1139,0,0,3564.5,0.0,0.0,0.0,0.0,0.0,0.0,0.0,0.06266844042745784,0.00977672855419752
ICEWS14,2464,231,155,70,6410,0,0,3564.5,0.0,0.0,0.0,0.0,0.0,0.0,0.0,0.06266844042745784,0.00977672855419752
ICEWS14,2465,231,53,71,1085,1085,1,1.0,0.9803906099397734,1.0,0.9803906099397734,0.0,1.0,0.99999999999898,0.5,0.322779285591777,0.4657625428295966
ICEWS14,2466,5736,98,334,3155,3155,1,1.0,3.4616319974451097,9.0,0.9057236642639067,0.40306119261227946,0.8039307769979421,0.6544147426021143,0.6034959848051108,0.47525612319955934,0.4811427883219413
ICEWS14,2467,5736,98,106,3155,3155,1,1.0,0.20330746480288198,1.0,0.9611657480580811,0.0,1.0,0.11826912311833315,0.5,0.3037206214544263,0.2000026955427822
ICEWS14,2468,5736,142,194,1115,3155,0,3569.0,0.916556457291342,2.0,0.9057236642639067,0.4851512137172558,1.0,0.35227105090356026,0.7425756068586279,0.3267778946408652,0.48265253338375186
ICEWS14,2469,5736,53,354,18,6823,0,3569.5,0.027670898446115366,4.0,0.14645927135455744,0.4664152175236569,0.5335847824763431,0.039308887606891794,0.5,0.1333707359770854,0.1047998581563997
ICEWS14,2470,2631,169,131,3155,0,0,3564.5,0.0,0.0,0.0,0.0,0.0,0.0,0.0,0.06266844042745784,0.00977672855419752
ICEWS14,2471,2445,87,239,2974,2974,1,1.0,0.9803906099397734,1.0,0.9803906099397734,0.0,1.0,0.99999999999898,0.5,0.322779285591777,0.4657625428295966
ICEWS14,2472,2445,53,134,5219,3155,0,3565.5,0.32063665455332635,1.0,0.9803906099397734,0.0,1.0,0.1954929225945135,0.5,0.3123931366794825,0.22114779954191618
ICEWS14,2473,2445,184,329,5057,0,0,3564.5,0.0,0.0,0.0,0.0,0.0,0.0,0.0,0.06266844042745784,0.00977672855419752
ICEWS14,2474,2445,103,142,3005,6585,0,3565.5,2.131819038695001,7.0,0.7141434062641757,0.3998370628571394,0.8772015017668449,0.7050287990304838,0.6385192823119921,0.3549101704929324,0.4830990986293804
ICEWS14,2475,1564,142,163,5807,0,0,3564.5,0.0,0.0,0.0,0.0,0.0,0.0,0.0,0.06266844042745784,0.00977672855419752
ICEWS14,2476,545,156,103,1923,5584,0,3565.0,0.26795650188401865,2.0,0.13530487396734708,0.0,1.0,0.9999999999962681,0.5,0.11315763006992625,0.2642544621409124
ICEWS14,2477,545,127,299,7109,1077,0,3566.0,5.122692433949727,7.0,1.0,0.3717554620508169,0.8922444721005132,0.7192073055874372,0.6319999670756651,0.5244809723240089,0.5184147849062103
ICEWS14,2478,545,127,319,2695,1077,0,5.0,2.773310390757503,8.0,0.6864101813026526,0.318667486099379,0.681332513900621,0.40545219263398674,0.5,0.3648459425732008,0.2554186753583435
ICEWS14,2479,545,18,130,5624,0,0,3564.5,0.0,0.0,0.0,0.0,0.0,0.0,0.0,0.06266844042745784,0.00977672855419752
ICEWS14,2480,545,53,340,1626,45,0,3576.5,2.223897943801158,17.0,0.9057236642639067,0.628987630886491,0.6016699964116231,0.30251413943620314,0.6153288136490571,0.5063205963842095,0.43052830334983117
ICEWS14,2481,545,53,333,6332,45,0,8.0,1.5141846265038414,16.0,1.0,0.715525656722718,0.508732195393708,0.2045056645017361,0.612128926058213,0.5276282584584824,0.43525110705878967
ICEWS14,2482,545,53,319,6340,45,0,3576.0,0.6784706822696265,15.0,0.8534795977333005,0.633287498876525,0.366712501123475,0.08028965248017801,0.5,0.44588237861655644,0.2691126331604178
ICEWS14,2483,545,53,196,45,45,1,1.0,1.474571628200678,3.0,0.9611657480580811,0.2573908720729243,0.7426091279270757,0.4037816490579649,0.5,0.381157673931544,0.3015580224913194
ICEWS14,2484,545,53,264,45,45,1,1.0,1.5036029501575898,11.0,0.9803906099397734,0.6500398485039238,0.34996015149607623,0.15675155588348316,0.5,0.4875247273332896,0.3013036176076569
ICEWS14,2485,545,53,191,3341,920,0,3568.0,0.12944943670387588,1.0,1.0,0.0,1.0,0.06920392276149004,0.5,0.31647152931218236,0.19686222030952832
ICEWS14,2486,545,155,314,1077,1077,1,1.0,5.863536836455517,13.0,0.9057236642639067,0.5172936419962932,0.7611533096738803,0.3994092044534351,0.6392234758350868,0.5493565189272201,0.4088376154710271
ICEWS14,2487,545,155,302,1077,1077,1,1.0,4.383841827468929,6.0,0.9803906099397734,0.3337468405587366,0.8463181792919754,0.6738718024204988,0.590032509925356,0.4907132705036105,0.46108451686214375
ICEWS14,2488,545,90,188,3341,0,0,3564.5,0.0,0.0,0.0,0.0,0.0,0.0,0.0,0.06266844042745784,0.00977672855419752
ICEWS14,2489,545,207,304,1077,45,0,3565.5,5.430679472146186,16.0,0.5630865404461788,0.6389409282695684,0.9748333979822834,0.9323185179989775,0.8068871631259259,0.4168149983184449,0.6664030750360124
ICEWS14,2490,545,207,194,45,45,1,1.0,1.2510003578744677,2.0,0.9803906099397734,0.21631468466921788,1.0,0.9999999999992005,0.6081573423346089,0.3604121744293591,0.5929919738523789
ICEWS14,2491,545,103,195,45,45,1,1.0,0.8534795977333005,1.0,0.8534795977333005,0.0,1.0,0.9999999999988284,0.5,0.2763618672396552,0.4301654414766957
ICEWS14,2492,545,162,334,45,3290,0,3564.0,1.0,1.0,1.0,0.0,1.0,0.9999999999989999,0.5,0.33030722584940386,0.47130336916752824
ICEWS14,2493,545,160,191,3341,1923,0,3566.0,0.04262060795948375,3.0,0.3234082913657485,0.5883388704938419,0.411661129506158,0.027881847835195574,0.5,0.1603428171560971,0.12362136415770193
ICEWS14,2494,545,160,304,1077,146,0,3566.0,8.605752567313438,20.0,1.0,0.7288076161421808,0.8093166782601154,0.6719585234525913,0.7690621472011481,0.6688083472470407,0.6389426595042436
ICEWS14,2495,545,6,269,45,45,1,1.0,2.2849515381140453,5.0,0.9238395952400507,0.5956852564135474,1.0,0.9999999999995624,0.7978426282067737,0.4157065026238227,0.7631535710362624
ICEWS14,2496,4383,222,65,1155,2290,0,3.0,0.008706206174227016,1.0,0.4439814878222891,0.0,1.0,0.009901778952991833,0.5,0.15328419535405918,0.10429225143183633
ICEWS14,2497,4383,55,345,4396,0,0,3564.5,0.0,0.0,0.0,0.0,0.0,0.0,0.0,0.06266844042745784,0.00977672855419752
ICEWS14,2498,4383,163,356,2290,2290,1,1.0,0.8394751720726068,6.0,0.7001394896518027,0.16687487828421865,1.0,0.9978552025680106,0.5834374391421093,0.31788531200709524,0.5322278785120572
ICEWS14,2499,4383,148,285,5004,0,0,3564.5,0.0,0.0,0.0,0.0,0.0,0.0,0.0,0.06266844042745784,0.00977672855419752
ICEWS14,2500,443,45,145,146,146,1,1.0,1.705371266040468,10.0,0.6597539553864471,0.7543512843462148,0.6657808048898479,0.4651664851883658,0.7100660446180314,0.35356105749422917,0.49279306529051425
ICEWS14,2501,443,224,81,146,146,1,1.0,3.007095637161777,6.0,0.9611657480580811,0.5135263155759827,0.8331019676095488,0.6240674117825994,0.6733141415927657,0.4577692047521525,0.546612130248449
ICEWS14,2502,443,224,242,4484,146,0,4.0,1.0141253986611272,12.0,0.5,0.6654930161717774,0.7328236549729437,0.513390543842574,0.6991583355723605,0.2973339589317171,0.4653885074678362
ICEWS14,2503,443,224,279,146,146,1,1.0,1.0075729403253293,13.0,0.5202016416109183,0.5799902870921235,0.8450403149435334,0.6856474444654547,0.7125153010178285,0.310091868206702,0.5429265476550701
ICEWS14,2504,443,224,35,5230,146,0,3565.5,0.8955516611448568,2.0,0.9238395952400507,0.431125927769216,0.568874072230784,0.38069596298756225,0.5,0.3331414091465387,0.29177379436553436
ICEWS14,2505,3411,155,86,1694,2175,0,3567.0,0.498568291602702,3.0,0.6095068271022377,0.409404709052153,0.590595290947847,0.20112003119223887,0.5,0.24160657550212583,0.19042338958186214
ICEWS14,2506,3411,155,182,4805,1077,0,3567.5,0.14966883852278812,1.0,0.5306065116666864,0.0,1.0,0.16419263159879027,0.5,0.17452360954825064,0.13795461173970455
ICEWS14,2507,3411,115,223,920,2315,0,3565.0,1.2352364167009957,2.0,0.9423178739918808,0.2371356112471379,1.0,0.9999999999991903,0.618567805623569,0.345603870457268,0.5926795103601727
ICEWS14,2508,3411,103,221,3341,890,0,3565.0,0.9641031764063427,1.0,1.0,0.0,1.0,0.9306942105110582,0.5,0.3297306591956728,0.4469786618180237
ICEWS14,2509,3411,162,246,5036,5036,1,1.0,0.9803906099397734,1.0,0.9803906099397734,0.0,1.0,0.99999999999898,0.5,0.322779285591777,0.4657625428295966
ICEWS14,2510,3411,156,176,1121,4415,0,3.0,0.17993784804088442,1.0,0.7001394896518027,0.0,1.0,0.14744881036218965,0.5,0.21958969740103093,0.16038395375111206
ICEWS14,2511,3411,156,118,2908,1121,0,3566.0,0.04465259274565969,1.0,0.30475341355111885,0.0,1.0,0.07905153228858085,0.5,0.12571375004020663,0.09801189311863982
ICEWS14,2512,3411,160,274,4097,6785,0,3569.0,0.308809104175249,3.0,0.836743383392903,0.2695721999005105,0.7304278000994895,0.15578355819576853,0.5,0.3148609836198141,0.21925657648828042
ICEWS14,2513,3411,127,42,2175,1146,0,3565.0,0.597554769985219,1.0,0.597554769985219,0.0,1.0,0.9999999999983266,0.5,0.1963358159049662,0.360871000173214
ICEWS14,2514,3411,53,223,920,2315,0,3.5,0.3423632429676975,3.0,0.9423178739918808,0.28760904992215686,0.7123909500778431,0.14865035541205474,0.5,0.35470567667945396,0.24038177968415547
ICEWS14,2515,3411,53,309,1077,2296,0,3574.0,0.1622113690338226,4.0,0.8879629756445782,0.019051453558572518,0.9809485464414275,0.09841694707792188,0.5,0.34952956430028664,0.21209562445327954
ICEWS14,2516,3411,56,344,2440,3211,0,3567.0,0.027995653257434167,1.0,0.07926661300791155,0.0,1.0,0.2144643313464749,0.5,0.08965386830413845,0.09172304456165158
ICEWS14,2517,1916,160,282,3157,3905,0,3565.5,0.9336741860416642,1.0,1.0,0.0,1.0,0.8755993466714196,0.5,0.3292423163643533,0.4278449145832004
ICEWS14,2518,497,224,36,5491,1286,0,3566.0,0.48325774456771287,2.0,0.5743491774985175,0.48020614479804213,0.5197938552019579,0.27988111519177455,0.5,0.21270652280231395,0.19613401198139865
ICEWS14,2519,497,224,150,4539,2457,0,3568.5,0.27817853362518696,4.0,0.6341329040632923,0.4359895100305369,0.5640104899694631,0.06662895816426553,0.5,0.26165924558702824,0.17565785350209692
ICEWS14,2520,497,224,323,4361,2457,0,2.0,0.9236178063865681,13.0,0.5743491774985175,0.6476307797101732,0.6748833927193675,0.2328303201533779,0.6612570862147704,0.3284519005880722,0.3599753455790987
ICEWS14,2521,497,160,2,1297,0,0,3564.5,0.0,0.0,0.0,0.0,0.0,0.0,0.0,0.06266844042745784,0.00977672855419752
ICEWS14,2522,497,170,36,5491,0,0,3564.5,0.0,0.0,0.0,0.0,0.0,0.0,0.0,0.06266844042745784,0.00977672855419752
ICEWS14,2523,2287,160,25,1642,1642,1,1.0,0.6341329040632923,1.0,0.6341329040632923,0.0,1.0,0.999999999998423,0.5,0.20660711256241318,0.3704984904428978
ICEWS14,2524,3583,160,293,1466,0,0,3564.5,0.0,0.0,0.0,0.0,0.0,0.0,0.0,0.06266844042745784,0.00977672855419752
ICEWS14,2525,1941,156,256,1124,2676,0,3565.0,0.18574928614211858,1.0,0.18574928614211858,0.0,1.0,0.9999999999946164,0.5,0.1063808110434237,0.2613661152549399
ICEWS14,2526,4484,38,206,1318,443,0,3568.0,0.07166564599340752,3.0,0.6095068271022377,0.4152113548324362,0.5847886451675638,0.03560368654671491,0.5,0.23596989229444232,0.16005387264860244
ICEWS14,2527,4484,38,75,483,483,1,1.0,0.01515838537829095,1.0,0.7730166686334901,0.0,1.0,0.009901778952996564,0.5,0.23901279499150785,0.14722437712739134
ICEWS14,2528,4484,160,0,146,0,0,3564.5,0.0,0.0,0.0,0.0,0.0,0.0,0.0,0.06266844042745784,0.00977672855419752
ICEWS14,2529,4484,222,271,4362,4362,1,1.0,4.744424753861738,26.0,0.8879629756445782,0.7738267413329443,0.6538628536489899,0.4690543048503874,0.7138447974909671,0.580898177823141,0.5633543731504914
ICEWS14,2530,4484,222,189,4362,4362,1,1.0,0.13197166984371655,13.0,0.8534795977333005,0.8078861523031868,0.19211384769681322,0.015077010404266789,0.5,0.42416609715526277,0.2624235872049065
ICEWS14,2531,4484,222,142,4362,587,0,1.0,1.3640433721292755,11.0,1.0,0.7416680397224578,0.2583319602775422,0.14800231651634524,0.5,0.49319009703222344,0.31127327868245463
ICEWS14,2532,4484,222,281,3080,4362,0,2.0,7.501054873838175,30.0,0.9611657480580811,0.6280816865671623,0.782597597336313,0.6299900953012737,0.7053396419517377,0.6680861939719855,0.5875618712508826
ICEWS14,2533,4484,222,181,1318,4362,0,4.0,1.3263019676744996,13.0,1.0,0.8078861523031867,0.3804973966121318,0.14600109812894993,0.5941917744576592,0.5065511542272115,0.39931950193122717
ICEWS14,2534,4484,222,79,587,146,0,2.0,0.4013438319140812,4.0,0.8534795977333005,0.5488868519437902,0.4511131480562098,0.09945055420500226,0.5,0.34041844907034013,0.22969655922642787
ICEWS14,2535,4484,222,200,4362,587,0,2.0,0.8550276539960535,16.0,0.9611657480580811,0.6455522549611643,0.3544477450388357,0.08649282921629155,0.5,0.49944245343812593,0.2980403380250452
ICEWS14,2536,4484,222,285,4362,4362,1,1.0,6.929771498520069,30.0,0.8879629756445782,0.6280816865671623,0.782597597336313,0.6299900953012693,0.7053396419517377,0.6307808116318253,0.5750517838170942
ICEWS14,2537,4484,222,270,3080,4362,0,5.0,5.326811321388968,26.0,0.9057236642639067,0.7738267413329443,0.755867442630978,0.5419100572306905,0.7648470919819612,0.5983230940237276,0.6286448791573254
ICEWS14,2538,4484,222,269,4362,4362,1,1.0,5.433356120899812,26.0,0.9238395952400507,0.7738267413329442,0.755867442630978,0.5419100572306917,0.7648470919819611,0.6074323702884638,0.6321247996212798
ICEWS14,2539,4484,229,331,587,443,0,2.0,1.179907252476866,3.0,0.9803906099397734,0.5566597953673118,0.8217220241415941,0.3638500892714289,0.689190909754453,0.38369882818432777,0.4770171668387993
ICEWS14,2540,6559,142,125,2712,2600,0,3566.5,1.0282755073498615,2.0,1.0,0.0,1.0,0.3506474012841677,0.5,0.3642541957738531,0.2737946104921836
ICEWS14,2541,6559,142,292,2218,7038,0,3572.5,3.173630322633733,9.0,0.5630865404461788,0.41487515789643725,0.8528112472415591,0.6250855027502885,0.6338432025689982,0.33331312990412854,0.4017001383282386
ICEWS14,2542,6559,142,337,146,7038,0,3.0,0.5706374476936578,10.0,0.5858370854182298,0.5653572281418618,0.43464277185813815,0.14318825131731647,0.5,0.3079924053982014,0.2113764192799978
ICEWS14,2543,6559,142,133,1077,2600,0,3568.0,0.7098323711864301,2.0,0.8534795977333005,0.0,1.0,0.26579373877253215,0.5,0.30465666927465956,0.22208890885848132
ICEWS14,2544,6559,53,224,2266,3495,0,3570.0,0.2395581039522694,4.0,0.5630865404461788,0.2601019883351011,0.7398980116648989,0.08909972748225203,0.5,0.23884279237696884,0.16131776001885106
ICEWS14,2545,6559,53,344,1077,3155,0,10.0,0.19324488142911256,8.0,1.0,0.19599912548084297,0.804000874519157,0.08422771718864104,0.5,0.44592395145801433,0.2628482837017246
ICEWS14,2546,6559,53,266,3495,3155,0,5.0,0.2890421089490771,7.0,0.6095068271022377,0.46652494780855724,0.5334750521914428,0.14481058119025042,0.5,0.2877258157326395,0.20413040879274114
ICEWS14,2547,6559,127,252,3155,3495,0,2.0,0.4466662671995314,2.0,0.3234082913657485,0.0,1.0,0.5353892499668045,0.5,0.15043532636433457,0.1851236746581627
ICEWS14,2548,6559,169,144,2708,0,0,3564.5,0.0,0.0,0.0,0.0,0.0,0.0,0.0,0.06266844042745784,0.00977672855419752
ICEWS14,2549,6559,98,261,5736,3155,0,3568.0,0.3681058386380107,2.0,0.8534795977333005,0.3511631518546885,0.6488368481453115,0.1626848390106627,0.5,0.2994235842367621,0.21811591127745236
ICEWS14,2550,6559,38,133,4291,0,0,3564.5,0.0,0.0,0.0,0.0,0.0,0.0,0.0,0.06266844042745784,0.00977672855419752
ICEWS14,2551,6559,155,349,3495,1077,0,3565.5,0.07151362463913505,1.0,0.09473228540689989,0.0,1.0,0.6062997115142219,0.5,0.09205212973699714,0.1531382673585577
ICEWS14,2552,3375,162,125,3341,0,0,3564.5,0.0,0.0,0.0,0.0,0.0,0.0,0.0,0.06266844042745784,0.00977672855419752
ICEWS14,2553,3375,53,141,2300,3241,0,3566.5,0.12019586635583523,1.0,0.820335356007638,0.0,1.0,0.07905153228866892,0.5,0.2551557213985639,0.16707732839222034
ICEWS14,2554,5496,38,286,5987,6189,0,3569.0,0.26014380645394186,1.0,0.7730166686334901,0.0,1.0,0.20230649695799033,0.5,0.24226472552372452,0.1833538523198297
ICEWS14,2555,5496,223,13,5119,5682,0,2.0,1.903483622049962,3.0,0.9803906099397734,0.0,1.0,0.4925862227131979,0.5,0.3962020654366939,0.31171918690122774
ICEWS14,2556,5496,222,50,5682,5682,1,1.0,3.836530503489215,9.0,0.9803906099397734,0.6398935696555963,0.7527893183970757,0.4944707746682245,0.696341444026336,0.5132721932546613,0.5400150096226932
ICEWS14,2557,5496,222,68,5682,5682,1,1.0,5.660152729441735,13.0,0.7884782461155736,0.5916565892248808,0.8460874971413622,0.6733201586429666,0.7188720431831215,0.4967838897460979,0.5513556341680811
ICEWS14,2558,5496,121,47,5682,0,0,3564.5,0.0,0.0,0.0,0.0,0.0,0.0,0.0,0.06266844042745784,0.00977672855419752
ICEWS14,2559,5496,156,49,7029,1071,0,3564.5,1.3462577058764813,2.0,1.0,0.4950491105234984,1.0,0.5149151264716405,0.7475245552617492,0.36961991086838164,0.5676106739157027
ICEWS14,2560,986,53,290,5397,1599,0,4.0,0.3620218019429201,2.0,0.6095068271022377,0.36481689431254416,0.6351831056874558,0.2324927847755255,0.5,0.22120242426546327,0.18791520986515284
ICEWS14,2561,986,156,195,4377,0,0,3564.5,0.0,0.0,0.0,0.0,0.0,0.0,0.0,0.06266844042745784,0.00977672855419752
ICEWS14,2562,3600,208,306,2442,1161,0,3565.0,0.011739231659216788,2.0,0.006159986297777918,0.4752649511825975,1.0,0.9999999999148155,0.7376324755912987,0.09165706525624129,0.4567449830957939
ICEWS14,2563,3600,208,63,1161,1161,1,1.0,1.4442684645578518,2.0,0.7578582832551991,0.4752649511825977,1.0,0.9999999999993076,0.7376324755912989,0.2825492905957172,0.6539054890531921
ICEWS14,2564,3600,156,75,1161,2442,0,3564.5,0.7653032558333432,2.0,1.0,0.209675628834616,0.790324371165384,0.43352509168269476,0.5,0.3598420254116859,0.3150568055516131
ICEWS14,2565,3600,156,299,1161,2442,0,2.0,0.17925484123776148,11.0,0.5,0.5887190907864264,0.4112809092135737,0.0795919375797193,0.5,0.27891514664842576,0.1881015788103078
ICEWS14,2566,3600,123,342,1954,1161,0,3565.0,0.019047088346944924,1.0,0.019047088346944924,0.0,1.0,0.9999999999474986,0.5,0.08171495082298365,0.22652381516170422
ICEWS14,2567,4453,160,76,1509,1509,1,1.0,0.23739346537129924,1.0,0.9803906099397734,0.0,1.0,0.13774814446148798,0.5,0.3110956919835354,0.20796605628420958
ICEWS14,2568,4453,160,338,5455,5455,1,1.0,5.650642175409179,33.0,0.9803906099397734,0.7698315141030014,0.8713210819470454,0.7369867436904327,0.8205762980250234,0.6527067423566264,0.7541649683365621
ICEWS14,2569,4453,150,1,5455,0,0,3564.5,0.0,0.0,0.0,0.0,0.0,0.0,0.0,0.06266844042745784,0.00977672855419752
ICEWS14,2570,4453,229,27,1148,0,0,3564.5,0.0,0.0,0.0,0.0,0.0,0.0,0.0,0.06266844042745784,0.00977672855419752
ICEWS14,2571,5492,38,215,1998,1175,0,3567.0,2.342029321822182,15.0,0.8705505632961241,0.6278524769639189,0.7026007449699588,0.3562593627296297,0.6652266109669389,0.48302772630106683,0.4756882148248645
ICEWS14,2572,5492,38,112,1148,1175,0,3566.0,1.684842003843881,8.0,0.836743383392903,0.7305183389830099,0.7189056631532809,0.37232604838042344,0.7247120010681454,0.40565865741524604,0.5138868602409616
ICEWS14,2573,5492,160,214,4605,1515,0,3565.0,1.2294949872624021,4.0,0.6216979445974911,0.49434690581230767,1.0,0.9999999999991865,0.7471734529061538,0.27109761328346094,0.6520293813058572
ICEWS14,2574,5492,150,225,1175,1175,1,1.0,0.11392823877435954,2.0,0.3108489722987456,0.27876380166673265,0.7212361983332674,0.15229803053536298,0.5,0.1447513762701652,0.12484911426251816
ICEWS14,2575,5492,229,176,1175,0,0,3564.5,0.0,0.0,0.0,0.0,0.0,0.0,0.0,0.06266844042745784,0.00977672855419752
ICEWS14,2576,5492,164,40,6568,0,0,3564.5,0.0,0.0,0.0,0.0,0.0,0.0,0.0,0.06266844042745784,0.00977672855419752
ICEWS14,2577,5761,160,152,2468,0,0,3564.5,0.0,0.0,0.0,0.0,0.0,0.0,0.0,0.06266844042745784,0.00977672855419752
ICEWS14,2578,5470,38,302,1160,1160,1,1.0,2.4249093602912275,16.0,0.9803906099397734,0.7370862481538984,0.7406632676402842,0.48180405840400414,0.7388747578970913,0.5359317302563442,0.6266554192512352
ICEWS14,2579,5470,38,36,1056,1160,0,3565.0,2.418267494327149,3.0,0.8879629756445782,0.2728209170135725,1.0,0.9999999999995864,0.6364104585067862,0.36852284289676296,0.5905269228568626
ICEWS14,2580,5470,222,247,1160,1160,1,1.0,2.173960864613845,4.0,0.9803906099397734,0.10690372140497195,1.0,0.9999999999995399,0.553451860702486,0.4205954279114229,0.5477344217178388
ICEWS14,2581,5470,229,243,1056,1160,0,1.0,1.0548283707403137,2.0,1.0,0.18462590358721498,1.0,0.7545086722670821,0.5923129517936074,0.36470098759219893,0.4978144498381515
ICEWS14,2582,5470,160,133,1445,4231,0,3565.0,0.7884782461155736,1.0,0.7884782461155736,0.0,1.0,0.9999999999987318,0.5,0.25425331949001234,0.41218592304193796
ICEWS14,2583,5470,156,142,1160,2136,0,3565.0,0.8534795977333005,1.0,0.8534795977333005,0.0,1.0,0.9999999999988284,0.5,0.2763618672396552,0.4301654414766957
ICEWS14,2584,1189,6,74,4313,1148,0,3565.0,0.2550004023552998,1.0,0.2550004023552998,0.0,1.0,0.9999999999960785,0.5,0.1184322245976781,0.2768185713339488
ICEWS14,2585,1189,56,82,4313,0,0,3564.5,0.0,0.0,0.0,0.0,0.0,0.0,0.0,0.06266844042745784,0.00977672855419752
ICEWS14,2586,1189,56,293,1081,4313,0,3565.5,0.011487907919712215,1.0,0.5858370854182298,0.0,1.0,0.00990177895299443,0.5,0.18670969864064504,0.12125426269007107
ICEWS14,2587,4748,160,238,2083,3262,0,1.0,0.3190560699506628,1.0,1.0,0.0,1.0,0.18980768141451834,0.5,0.3194584886089085,0.22380731271994028
ICEWS14,2588,2243,53,89,3990,2242,0,3565.0,0.23557946849797018,1.0,0.23557946849797018,0.0,1.0,0.9999999999957552,0.5,0.1149380187479599,0.2724285887461206
ICEWS14,2589,2243,53,187,537,2248,0,3566.5,0.27845614854234046,1.0,0.8879629756445782,0.0,1.0,0.1859510943268312,0.5,0.27955741271913664,0.2008694668505167
ICEWS14,2590,2243,160,353,3312,3341,0,3568.0,0.4894560418599275,1.0,0.9423178739918808,0.0,1.0,0.3508193530275828,0.5,0.30145261756039204,0.25149467274830634
ICEWS14,2591,2243,18,294,4043,0,0,3564.5,0.0,0.0,0.0,0.0,0.0,0.0,0.0,0.06266844042745784,0.00977672855419752
ICEWS14,2592,4355,0,114,1161,1161,1,1.0,1.7605829786329537,2.0,0.9238395952400507,0.0,1.0,0.999999999999432,0.5,0.347244674115655,0.4566228184829053
ICEWS14,2593,4355,0,177,1161,1161,1,1.0,4.187227956459371,10.0,0.6341329040632923,0.719685024641723,1.0,0.9999999999997612,0.8598425123208615,0.3855634612377098,0.7465797013561543
ICEWS14,2594,4355,224,58,1161,1161,1,1.0,0.9803906099397734,1.0,0.9803906099397734,0.0,1.0,0.99999999999898,0.5,0.322779285591777,0.4657625428295966
ICEWS14,2595,4355,224,54,1161,0,0,3564.5,0.0,0.0,0.0,0.0,0.0,0.0,0.0,0.06266844042745784,0.00977672855419752
ICEWS14,2596,4355,156,103,4233,0,0,3564.5,0.0,0.0,0.0,0.0,0.0,0.0,0.0,0.06266844042745784,0.00977672855419752
ICEWS14,2597,5739,160,23,1077,1077,1,1.0,2.6013103133843014,3.0,0.9803906099397734,0.253623703405115,1.0,0.9999999999996155,0.6268118517025575,0.4083904408097449,0.6047549893839091
ICEWS14,2598,5739,160,183,7038,1077,0,3566.0,3.3501962545788753,19.0,0.8879629756445782,0.8013949659938131,0.7170116805628246,0.5374010867853325,0.7592033232783189,0.528915373153689,0.6347540421460101
ICEWS14,2599,5739,123,22,711,0,0,3564.5,0.0,0.0,0.0,0.0,0.0,0.0,0.0,0.06266844042745784,0.00977672855419752
ICEWS14,2600,3149,53,296,5556,5556,1,1.0,0.17614152990828413,1.0,0.9803906099397734,0.0,1.0,0.0986986509926952,0.5,0.31014289734658884,0.199436033371251
ICEWS14,2601,3149,160,16,6379,146,0,3564.0,1.0,1.0,1.0,0.0,1.0,0.9999999999989999,0.5,0.33030722584940386,0.47130336916752824
ICEWS14,2602,3149,127,147,5186,702,0,5.0,0.0732296356772788,2.0,1.0,0.0682329608155724,0.9317670391844276,0.03532152657721437,0.5,0.3483445295236635,0.2057697924361986
ICEWS14,2603,3149,173,314,6360,2596,0,3564.5,0.9711300126487484,1.0,1.0,0.0,1.0,0.9438802031225593,0.5,0.3298434824043873,0.45158761704898476
ICEWS14,2604,3149,103,54,7047,2504,0,3564.0,1.0,1.0,1.0,0.0,1.0,0.9999999999989999,0.5,0.33030722584940386,0.47130336916752824
ICEWS14,2605,3149,169,31,925,0,0,3564.5,0.0,0.0,0.0,0.0,0.0,0.0,0.0,0.06266844042745784,0.00977672855419752
ICEWS14,2606,3149,156,157,1077,1077,1,1.0,0.39893188970633364,1.0,0.9803906099397734,0.0,1.0,0.2554227747831704,0.5,0.3136161514172549,0.23554245399335008
ICEWS14,2607,3149,115,342,5186,6284,0,3565.0,0.7884782461155736,1.0,0.7884782461155736,0.0,1.0,0.9999999999987318,0.5,0.25425331949001234,0.41218592304193796
ICEWS14,2608,1436,87,90,3706,0,0,3564.5,0.0,0.0,0.0,0.0,0.0,0.0,0.0,0.06266844042745784,0.00977672855419752
ICEWS14,2609,1436,191,106,1148,1148,1,1.0,0.5100008047105997,2.0,0.7284274237469965,0.41181296823779734,0.5881870317622027,0.25929752604808337,0.5,0.2594249996484143,0.21792738335677833
ICEWS14,2610,1436,202,82,5455,1148,0,3565.0,0.43527528164806206,1.0,0.43527528164806206,0.0,1.0,0.9999999999977026,0.5,0.1554275934021081,0.3195736787878096
ICEWS14,2611,1436,61,49,2427,1148,0,3564.0,1.0,1.0,1.0,0.0,1.0,0.9999999999989999,0.5,0.33030722584940386,0.47130336916752824
ICEWS14,2612,5046,56,179,1167,5736,0,1.5,1.1326516279166716,3.0,1.0,0.48796381735703553,0.9320775668201727,0.40840965783445726,0.7100206920886041,0.3906686497424235,0.5132175540425243
ICEWS14,2613,5046,160,11,3159,3159,1,1.0,2.663817995355566,4.0,0.9611657480580811,0.4827394511502273,1.0,0.5760105625108883,0.7413697255751137,0.421429033293426,0.5759327820242515
ICEWS14,2614,5046,160,176,2173,3159,0,3568.0,9.177293625647785,38.0,1.0,0.7617018242018418,0.827009835273044,0.6878977089522695,0.7943558297374429,0.7251121138429412,0.685797293467238
ICEWS14,2615,5046,160,224,3159,3159,1,1.0,5.474803134855238,46.0,0.6729500963161781,0.8169373398798193,0.6997895116805729,0.47739331695743575,0.7583634257801961,0.5552322202382047,0.5608394696238246
ICEWS14,2616,5046,160,175,3990,3159,0,3569.5,8.340852658870453,37.0,1.0,0.7384740323510779,0.8101478533252232,0.6626079883317181,0.7743109428381505,0.7108947007892528,0.6711865182068817
ICEWS14,2617,5046,160,225,4834,3159,0,6.0,5.367445584680912,46.0,0.6597539553864471,0.8169373398798193,0.6997895116805729,0.4773933169574349,0.7583634257801961,0.5478424710265642,0.5586244829922373
ICEWS14,2618,5046,160,69,3159,3159,1,1.0,7.729380760055114,20.0,0.9057236642639067,0.8216939454526792,0.7320356391981295,0.572668500964686,0.7768647923254044,0.6180798537615756,0.6047536189558139
ICEWS14,2619,5046,53,286,4188,2617,0,3572.5,0.6702759572768464,3.0,0.3714985722842371,0.2888162094823079,0.7111837905176921,0.47921236651743054,0.5,0.17804842534403525,0.20150407529573322
ICEWS14,2620,5046,53,169,3380,3380,1,1.0,0.6391423062744196,4.0,0.9803906099397734,0.380072529063181,0.619927470936819,0.25324822251932555,0.5,0.3936910995732569,0.2889030465512008
ICEWS14,2621,5046,53,130,5887,5244,0,3568.5,0.7101187492624412,1.0,1.0,0.0,1.0,0.5505303289398479,0.5,0.3256659124622716,0.3215475100901694
ICEWS14,2622,5046,53,51,6293,3159,0,2.5,0.385759392860076,2.0,0.9238395952400507,0.33333333333333337,0.6666666666666666,0.16169249674312774,0.5,0.3249657432903929,0.23143628394557494
ICEWS14,2623,5046,53,7,3380,3380,1,1.0,0.9803906099397734,1.0,0.9803906099397734,0.0,1.0,0.99999999999898,0.5,0.322779285591777,0.4657625428295966
ICEWS14,2624,5046,163,222,3159,0,0,3564.5,0.0,0.0,0.0,0.0,0.0,0.0,0.0,0.06266844042745784,0.00977672855419752
ICEWS14,2625,5046,155,165,3159,3155,0,2.0,1.6766631051663552,7.0,0.646816582731497,0.6087093547327425,0.6820184773971858,0.34423867304965705,0.6453639160649641,0.32229779552295024,0.3647448626854674
ICEWS14,2626,5046,6,200,5736,3159,0,3.0,0.8042490800314894,3.0,0.836743383392903,0.0,1.0,0.19528161402774946,0.5,0.3226761289602659,0.21008427344311487
ICEWS14,2627,5046,6,211,5244,3159,0,5.0,0.6468165827314971,3.0,0.6729500963161781,0.0,1.0,0.19528161402773794,0.5,0.2636706800083237,0.18083721099236036
ICEWS14,2628,5046,208,168,4346,3159,0,3565.0,0.9238395952400507,1.0,0.9238395952400507,0.0,1.0,0.9999999999989175,0.5,0.3015872178185898,0.44983546847777767
ICEWS14,2629,5046,169,198,3155,1077,0,3567.0,0.21082852890540027,1.0,0.820335356007638,0.0,1.0,0.1474488103622075,0.5,0.25640899763709357,0.18044950653440114
ICEWS14,2630,5046,169,313,3155,2617,0,2.0,1.0934699031735353,3.0,1.0,0.2612133357462313,1.0,0.6776285463464116,0.6306066678731157,0.3899913164757029,0.5235166480060102
ICEWS14,2631,5046,164,222,3159,0,0,3564.5,0.0,0.0,0.0,0.0,0.0,0.0,0.0,0.06266844042745784,0.00977672855419752
ICEWS14,2632,5046,156,161,3758,3758,1,1.0,0.7303906099397734,1.0,0.9803906099397734,0.0,1.0,0.5936249870883944,0.5,0.31882233451342284,0.3297939464397732
ICEWS14,2633,5046,176,6,1286,0,0,3564.5,0.0,0.0,0.0,0.0,0.0,0.0,0.0,0.06266844042745784,0.00977672855419752
ICEWS14,2634,1121,6,252,3409,5423,0,2.0,0.8933821457225175,5.0,0.9423178739918808,0.14215106603571281,0.8578489339642872,0.685345607403025,0.5,0.3987693064403409,0.40808962143094174
ICEWS14,2635,1121,56,329,4172,3411,0,7.0,0.06097949731326724,1.0,0.646816582731497,0.0,1.0,0.049470097634764655,0.5,0.20328078053644758,0.13546933714472542
ICEWS14,2636,1121,224,296,5423,5423,1,1.0,4.28751262912983,29.0,0.6729500963161781,0.6652210100111005,0.8461893466100125,0.6819091876277511,0.7557051783105565,0.4929855763900232,0.6158873693456388
ICEWS14,2637,1121,224,48,1464,5423,0,3564.5,3.563323453971687,6.0,1.0,0.5811845547409993,0.9070997294606716,0.6336229693804543,0.7441421421008354,0.4840185089812634,0.6188780623376992
ICEWS14,2638,1121,224,29,5423,5423,1,1.0,0.04468211201386829,2.0,0.9238395952400507,0.40225353870268366,0.5977464612973163,0.014667218736444594,0.5,0.31955437756553273,0.20249873442230715
ICEWS14,2639,1121,227,17,5423,0,0,3564.5,0.0,0.0,0.0,0.0,0.0,0.0,0.0,0.06266844042745784,0.00977672855419752
ICEWS14,2640,1121,191,349,5612,395,0,3566.5,0.02421570529335665,1.0,0.10668494971666255,0.0,1.0,0.12802097993824937,0.5,0.09344573740660009,0.08434493385908999
ICEWS14,2641,1121,191,87,5336,0,0,3564.5,0.0,0.0,0.0,0.0,0.0,0.0,0.0,0.06266844042745784,0.00977672855419752
ICEWS14,2642,1121,158,135,3686,4172,0,3565.0,0.35707170313208786,1.0,0.35707170313208786,0.0,1.0,0.9999999999971995,0.5,0.13833688060616584,0.3005935857694559
ICEWS14,2643,1121,18,304,3411,3611,0,3565.0,0.01093967952580942,1.0,0.01093967952580942,0.0,1.0,0.9999999999085896,0.5,0.08065918768863382,0.22491595953009205
ICEWS14,2644,1121,185,316,1025,3800,0,3566.0,0.009301807997037604,1.0,0.019816653251977883,0.0,1.0,0.3066715610707242,0.5,0.08175845484967523,0.0971373946399916
ICEWS14,2645,1121,156,128,2442,1464,0,3566.0,0.06252608699315204,1.0,0.4267397988666503,0.0,1.0,0.079051532288621,0.5,0.15007555622231547,0.11160304463474006
ICEWS14,2646,1121,42,90,928,5612,0,3566.0,0.575846686570683,1.0,0.9057236642639067,0.0,1.0,0.4660459593628118,0.5,0.29000913720625193,0.2742196748550016
ICEWS14,2647,5230,158,28,711,0,0,3564.5,0.0,0.0,0.0,0.0,0.0,0.0,0.0,0.06266844042745784,0.00977672855419752
ICEWS14,2648,5230,160,29,146,0,0,3564.5,0.0,0.0,0.0,0.0,0.0,0.0,0.0,0.06266844042745784,0.00977672855419752
ICEWS14,2649,4327,53,362,733,0,0,3564.5,0.0,0.0,0.0,0.0,0.0,0.0,0.0,0.06266844042745784,0.00977672855419752
ICEWS14,2650,6354,156,314,4239,0,0,3564.5,0.0,0.0,0.0,0.0,0.0,0.0,0.0,0.06266844042745784,0.00977672855419752
ICEWS14,2651,6354,127,93,6407,6407,1,1.0,2.5490612247485274,3.0,0.9238395952400507,0.309321030997739,1.0,0.9999999999996076,0.6546605154988695,0.38484507799326007,0.6169859360442586
ICEWS14,2652,4368,39,64,4482,5498,0,3564.0,1.0,1.0,1.0,0.0,1.0,0.9999999999989999,0.5,0.33030722584940386,0.47130336916752824
ICEWS14,2653,4368,224,306,5266,1188,0,3569.0,0.8885677124663965,15.0,0.7284274237469965,0.5696950627054308,0.5999479784210161,0.355844722496638,0.5848215205632235,0.39860465034091,0.38225659128187306
ICEWS14,2654,4368,224,261,1188,1188,1,1.0,1.9543479359000613,14.0,0.7001394896518027,0.7022213246489669,0.8465097897372573,0.7111717887389936,0.7743655571931121,0.4001802540693218,0.6536613965052348
ICEWS14,2655,4368,137,202,1188,0,0,3564.5,0.0,0.0,0.0,0.0,0.0,0.0,0.0,0.06266844042745784,0.00977672855419752
ICEWS14,2656,3686,156,188,1121,1121,1,1.0,1.536634605945629,5.0,0.7578582832551991,0.5068064455122556,1.0,0.9999999999993492,0.7534032227561278,0.33794079254374254,0.6971518283944408
ICEWS14,2657,3686,160,288,5423,5423,1,1.0,3.8553906409683725,25.0,0.7578582832551991,0.7551882636588596,0.8676495998459881,0.6628742638986679,0.8114189317524239,0.5076111879709261,0.683708876983593
ICEWS14,2658,3686,160,195,5423,5423,1,1.0,0.9925307263222006,13.0,0.4901953049698867,0.7063657030755486,0.6509866949536977,0.4230223575452443,0.6786761990146231,0.29922613551041216,0.41921929089462795
ICEWS14,2659,3686,160,131,1464,5423,0,2.0,1.9589572328354128,11.0,0.7730166686334901,0.7280491783248682,0.714960255611347,0.5257510582572748,0.7215047169681076,0.41004311555748624,0.5569288722790052
ICEWS14,2660,3686,160,248,4097,5423,0,2.0,3.560536092162761,21.0,0.8042490800314893,0.7150915531754927,0.73481590927993,0.5016059101606745,0.7249537312277113,0.5064374672280136,0.5642215503427734
ICEWS14,2661,3686,61,62,4172,1121,0,3565.5,0.5021070431329117,2.0,0.5858370854182298,0.4900991917739814,0.5099008082260186,0.27961006872215155,0.5,0.21617488323298906,0.19852786694957691
ICEWS14,2662,3686,38,251,1121,1121,1,1.0,0.15159346550613373,10.0,0.646816582731497,0.5666508444450277,0.43334915555497233,0.05349844949835987,0.5,0.32345509502759756,0.20647694395793867
ICEWS14,2663,3686,38,279,1121,1121,1,1.0,2.0031449474477796,13.0,0.6597539553864471,0.3091109861776189,0.824841998655217,0.5652923112958785,0.566976492416418,0.37897852378570684,0.37807114679305887
ICEWS14,2664,3686,191,236,5423,5423,1,1.0,0.8400726688245043,1.0,0.9803906099397734,0.0,1.0,0.7495906656845835,0.5,0.3205551886242843,0.3797813910584751
ICEWS14,2665,3686,6,226,5423,1121,0,2.0,3.018301152420734,9.0,0.9423178739918808,0.6919248380733162,0.9903726511897912,0.9739115600405426,0.8411487446315538,0.48249814604973285,0.800982361607426
ICEWS14,2666,3686,6,35,1121,0,0,3564.5,0.0,0.0,0.0,0.0,0.0,0.0,0.0,0.06266844042745784,0.00977672855419752
ICEWS14,2667,3686,158,202,1767,0,0,3564.5,0.0,0.0,0.0,0.0,0.0,0.0,0.0,0.06266844042745784,0.00977672855419752
ICEWS14,2668,6155,142,4,920,0,0,3564.5,0.0,0.0,0.0,0.0,0.0,0.0,0.0,0.06266844042745784,0.00977672855419752
ICEWS14,2669,6155,53,309,4302,2278,0,3567.0,0.22539170566939482,1.0,0.7884782461155736,0.0,1.0,0.1667635232215559,0.5,0.2465757882035945,0.17880483775032974
ICEWS14,2670,6155,53,327,3341,3341,1,1.0,1.153668382741667,3.0,0.9803906099397734,0.10724023283287265,0.8927597671671273,0.3658179119449301,0.5,0.3832481937375302,0.28988180193603874
ICEWS14,2671,6155,162,264,4702,0,0,3564.5,0.0,0.0,0.0,0.0,0.0,0.0,0.0,0.06266844042745784,0.00977672855419752
ICEWS14,2672,6155,160,265,4319,4702,0,3567.0,0.003700082447492703,2.0,0.09855978076444671,0.42143940424635495,0.578560595753645,0.010979252462901849,0.5,0.10531089940944334,0.08653239492781047
ICEWS14,2673,6350,155,221,6407,6407,1,1.0,0.9611657480580811,1.0,0.9611657480580811,0.0,1.0,0.9999999999989596,0.5,0.3154870741711184,0.4603385493265481
ICEWS14,2674,6350,185,172,1145,0,0,3564.5,0.0,0.0,0.0,0.0,0.0,0.0,0.0,0.06266844042745784,0.00977672855419752
ICEWS14,2675,1140,56,260,1124,278,0,3566.0,1.7425260594969498,2.0,0.9803906099397734,0.4851512137172558,1.0,0.8434566465136986,0.7425756068586279,0.36868324394752655,0.6633095272193604
ICEWS14,2676,1140,6,351,3897,1281,0,3566.0,0.003305027404444171,1.0,0.015625000000000007,0.0,1.0,0.11826912311417005,0.5,0.08120099724915315,0.07539532302522378
ICEWS14,2677,1140,191,336,2097,2678,0,3565.0,0.9776830185542444,1.0,1.0,0.0,1.0,0.9563403878615551,0.5,0.3299487154339323,0.45595190913177497
ICEWS14,2678,1140,50,159,5223,0,0,3564.5,0.0,0.0,0.0,0.0,0.0,0.0,0.0,0.06266844042745784,0.00977672855419752
ICEWS14,2679,5441,38,320,1477,1477,1,1.0,0.16872415439756203,10.0,0.15853322601582306,0.48776936103953583,0.7223310907452903,0.3747198779466153,0.6050502258924131,0.17456219383506855,0.24667002620991604
ICEWS14,2680,5441,38,78,1477,1477,1,1.0,1.3312399081007191,4.0,0.7141434062641757,0.3009482205374223,0.6990517794625777,0.5121127065772537,0.5,0.3042795905858519,0.2864274896868597
ICEWS14,2681,5441,223,183,5661,5661,1,1.0,5.246910099069276,29.0,0.9057236642639067,0.6993915049269164,1.0,0.9999999999998094,0.8496957524634582,0.6061323175142815,0.8169334606630685
ICEWS14,2682,5441,223,115,5661,5661,1,1.0,7.859499782561697,24.0,0.9803906099397734,0.8063531862866875,1.0,0.9999999999998728,0.9031765931433438,0.6635903547140795,0.8327771365929544
ICEWS14,2683,5441,223,100,5661,5661,1,1.0,9.258594360570854,23.0,0.9611657480580811,0.7787552062219332,1.0,0.999999999999892,0.8893776031109666,0.6756659447995456,0.8065763743010642
ICEWS14,2684,5441,160,227,1477,448,0,3567.5,0.1633171878459615,2.0,0.5858370854182298,0.23004510891934693,0.7699548910806531,0.12022524623640554,0.5,0.21203391232517316,0.15686122704827196
ICEWS14,2685,5441,222,52,5661,5661,1,1.0,0.5816340379092564,2.0,0.5743491774985175,0.392767834325941,1.0,0.4439746186972618,0.6963839171629704,0.21390572058840912,0.3764120689515417
ICEWS14,2686,2624,127,348,3155,3155,1,1.0,1.7061692037020095,2.0,0.9057236642639067,0.49504911052349854,1.0,0.9069559360219239,0.7475245552617493,0.33951978445006936,0.6689337397101485
ICEWS14,2687,2624,53,144,5044,5736,0,3565.0,0.05773997470250316,1.0,0.05773997470250316,0.0,1.0,0.999999999982681,0.5,0.08692886159650735,0.23430895013666855
ICEWS14,2688,2624,160,201,3211,733,0,3568.0,0.6764412217601516,2.0,0.8879629756445782,0.0,1.0,0.2527390537330911,0.5,0.31648942093935584,0.22636104145020172
ICEWS14,2689,2624,160,140,330,2446,0,3566.0,0.1478653810087076,1.0,0.9057236642639067,0.0,1.0,0.08888373742521663,0.5,0.2836496722877315,0.183667020958802
ICEWS14,2690,2624,160,7,2446,0,0,3564.5,0.0,0.0,0.0,0.0,0.0,0.0,0.0,0.06266844042745784,0.00977672855419752
ICEWS14,2691,2624,160,203,1311,733,0,3569.0,0.6501721329304186,2.0,0.8534795977333005,0.0,1.0,0.2527390537330873,0.5,0.3037393532883393,0.21949253026667548
ICEWS14,2692,2624,169,28,5158,0,0,3564.5,0.0,0.0,0.0,0.0,0.0,0.0,0.0,0.06266844042745784,0.00977672855419752
ICEWS14,2693,2624,169,63,1286,0,0,3564.5,0.0,0.0,0.0,0.0,0.0,0.0,0.0,0.06266844042745784,0.00977672855419752
ICEWS14,2694,2624,90,201,2790,0,0,3564.5,0.0,0.0,0.0,0.0,0.0,0.0,0.0,0.06266844042745784,0.00977672855419752
ICEWS14,2695,2624,123,348,3155,2446,0,3565.5,0.13839074906817658,1.0,0.1407716351115447,0.0,1.0,0.966736372861013,0.5,0.09912845733077265,0.24270891394822341
ICEWS14,2696,2624,0,205,1060,1050,0,3.0,0.49219690872575317,6.0,0.6095068271022377,0.4921135265975697,0.5078864734024303,0.08519896040303866,0.5,0.2808255336641022,0.1856144330165087
ICEWS14,2697,3754,191,363,1140,382,0,1.0,1.0,2.0,1.0,0.0,1.0,0.3377486972983249,0.5,0.3637786750647318,0.2704548933935224
ICEWS14,2698,2427,38,288,867,1148,0,3565.0,0.12750020117764987,1.0,0.12750020117764987,0.0,1.0,0.9999999999921568,0.5,0.09709377364900382,0.24880830984918859
ICEWS14,2699,2427,115,37,867,1148,0,3565.0,0.9803906099397734,1.0,0.9803906099397734,0.0,1.0,0.99999999999898,0.5,0.322779285591777,0.4657625428295966
ICEWS14,2700,2427,4,208,1148,0,0,3564.5,0.0,0.0,0.0,0.0,0.0,0.0,0.0,0.06266844042745784,0.00977672855419752
ICEWS14,2701,2427,123,330,1148,1148,1,1.0,2.074257116118289,7.0,0.9803906099397734,0.5320050704715159,0.9986683580435815,0.9805082565601575,0.7653367142575487,0.46101614037416333,0.75865092983104
ICEWS14,2702,2427,146,300,1148,1148,1,1.0,0.9803906099397734,1.0,0.9803906099397734,0.0,1.0,0.99999999999898,0.5,0.322779285591777,0.4657625428295966
ICEWS14,2703,2427,87,83,5455,1148,0,3565.0,0.2871745887492588,1.0,0.2871745887492588,0.0,1.0,0.9999999999965179,0.5,0.12442325367066656,0.2841866315282519
ICEWS14,2704,2427,8,25,1148,0,0,3564.5,0.0,0.0,0.0,0.0,0.0,0.0,0.0,0.06266844042745784,0.00977672855419752
ICEWS14,2705,2427,191,341,1148,1148,1,1.0,0.18578571337527444,2.0,0.09473228540689989,0.0,1.0,0.9999999999946174,0.5,0.10595554481524422,0.2559041495649751
ICEWS14,2706,2427,107,107,3007,1148,0,3565.0,0.18574928614211858,1.0,0.18574928614211858,0.0,1.0,0.9999999999946164,0.5,0.1063808110434237,0.2613661152549399
ICEWS14,2707,6134,160,210,3262,6410,0,1.5,0.01960939006022655,1.0,1.0,0.0,1.0,0.009901778952998064,0.5,0.3147480489379219,0.1846999597433842
ICEWS14,2708,6134,61,209,6410,3262,0,3564.0,1.0,1.0,1.0,0.0,1.0,0.9999999999989999,0.5,0.33030722584940386,0.47130336916752824
ICEWS14,2709,4346,0,183,1179,1179,1,1.0,1.3138791760717314,3.0,0.7429971445684742,0.3534114307715839,0.6465885692284161,0.45449805067702626,0.5,0.29706263817347733,0.27106414261967865
ICEWS14,2710,4346,0,157,6478,2790,0,3565.5,0.5205733895406186,1.0,0.6729500963161781,0.0,1.0,0.6307481928248059,0.5,0.21605524067770604,0.26688414525344856
ICEWS14,2711,4346,0,263,1179,1179,1,1.0,0.43115953109633065,4.0,0.20918584584822575,0.5646367814022505,0.7620398112302561,0.5075264093041953,0.6633382963162533,0.1496662330658708,0.3086941565420645
ICEWS14,2712,4346,224,168,3159,3159,1,1.0,5.11248342068787,16.0,0.9423178739918808,0.464614851726572,0.7660270974534168,0.6066112181416871,0.6153209745899944,0.5684448492608163,0.49005534894004454
ICEWS14,2713,4346,224,188,6904,3159,0,3567.0,7.255974310415959,21.0,0.8534795977333005,0.7086292564239185,0.8726657644286478,0.7648243820283642,0.7906475104262831,0.5930443054608437,0.6672140907621635
ICEWS14,2714,4346,224,291,3159,3159,1,1.0,7.693385361126932,40.0,0.8705505632961241,0.7926038600350411,0.8407563987226968,0.6824265466598864,0.816680129378869,0.660117364377494,0.6922394101823569
ICEWS14,2715,4346,224,308,3159,3159,1,1.0,5.494180427498132,40.0,0.6216979445974911,0.7926038600350411,0.8407563987226967,0.682426546659862,0.8166801293788689,0.5219134176680525,0.6575089757562539
ICEWS14,2716,4346,50,274,3159,3159,1,1.0,4.128416665193357,17.0,0.8705505632961241,0.7897472276506154,0.9979575981810073,0.9941826986885156,0.8938524129158114,0.5261724702809314,0.8318933767926504
ICEWS14,2717,4346,50,149,3159,3159,1,1.0,1.810499346127429,7.0,0.646816582731497,0.6689928842841317,0.9485533891280752,0.8630985569418331,0.8087731367061035,0.324425002213635,0.6874350077439992
ICEWS14,2718,4346,50,11,3159,0,0,3564.5,0.0,0.0,0.0,0.0,0.0,0.0,0.0,0.06266844042745784,0.00977672855419752
ICEWS14,2719,4346,50,259,3159,3159,1,1.0,3.3023236223751327,15.0,0.5743491774985175,0.7504428353019759,0.9965703165938997,0.9902506149003137,0.8735065759479378,0.37901612406337254,0.7655439477264806
ICEWS14,2720,4346,85,168,3159,0,0,3564.5,0.0,0.0,0.0,0.0,0.0,0.0,0.0,0.06266844042745784,0.00977672855419752
ICEWS14,2721,4346,167,234,3159,3159,1,1.0,11.716870424568876,33.0,0.9803906099397734,0.809586605016259,1.0,0.9999999999999146,0.9047933025081295,0.7449059759122625,0.8065983375661582
ICEWS14,2722,4346,167,79,3159,3159,1,1.0,2.3453038273745834,6.0,0.5858370854182298,0.5735323935406094,1.0,0.9999999999995736,0.7867661967703047,0.30040772350034195,0.678244135416721
ICEWS14,2723,4346,167,272,3159,3159,1,1.0,8.112236705087318,36.0,0.9803906099397734,0.8704206066331323,1.0,0.9999999999998768,0.9352103033165662,0.6985909651467868,0.8582226583924258
ICEWS14,2724,4346,167,97,3159,3159,1,1.0,3.2985011050325164,8.0,0.9423178739918808,0.7143193699240578,1.0,0.9999999999996968,0.8571596849620289,0.47799267361085485,0.8107985651516267
ICEWS14,2725,4346,131,230,3159,0,0,3564.5,0.0,0.0,0.0,0.0,0.0,0.0,0.0,0.06266844042745784,0.00977672855419752
ICEWS14,2726,4346,229,244,3159,1435,0,3565.0,0.01030865555291324,1.0,0.01030865555291324,0.0,1.0,0.9999999999029942,0.5,0.08057753853073402,0.22479115570989633
ICEWS14,2727,5678,63,19,3137,1176,0,3565.0,0.6864101813026526,1.0,0.6864101813026526,0.0,1.0,0.9999999999985432,0.5,0.22196742483288057,0.3844369759551559
ICEWS14,2728,5678,86,144,6635,4415,0,1.0,0.709914324051824,3.0,1.0,0.0,1.0,0.13722928646177993,0.5,0.38338355569659344,0.2302742394252314
ICEWS14,2729,5678,160,97,6635,6636,0,2.0,1.2117051126696485,4.0,0.5,0.15801596653171912,0.8419840334682809,0.5310080352125712,0.5,0.23255073231722764,0.23560568710950605
ICEWS14,2730,5678,60,152,4847,4415,0,3565.0,1.657078739400541,2.0,0.836743383392903,0.0,1.0,0.9999999999993965,0.5,0.3133700437016751,0.4324812174096602
ICEWS14,2731,5678,61,1,3137,0,0,3564.5,0.0,0.0,0.0,0.0,0.0,0.0,0.0,0.06266844042745784,0.00977672855419752
ICEWS14,2732,5678,61,33,1176,1176,1,1.0,1.4771991763476673,2.0,0.8042490800314893,0.4555581312873649,1.0,0.999999999999323,0.7277790656436824,0.29904630769534624,0.6567264985320396
ICEWS14,2733,5678,170,32,6635,6635,1,1.0,3.9203101437162235,6.0,0.9238395952400507,0.47553645355321106,0.8632301467468246,0.662179860269069,0.6693833001500178,0.45873458634752245,0.528477511722387
ICEWS14,2734,5678,170,152,4415,6635,0,2.0,0.518473486345276,14.0,0.14938869249630476,0.8004637560303787,0.3886633065192021,0.2294562363094588,0.5945635312747903,0.19302516664377406,0.22396779603701392
ICEWS14,2735,5678,146,26,6635,6635,1,1.0,0.9803906099397734,1.0,0.9803906099397734,0.0,1.0,0.99999999999898,0.5,0.322779285591777,0.4657625428295966
ICEWS14,2736,5678,111,146,4415,0,0,3564.5,0.0,0.0,0.0,0.0,0.0,0.0,0.0,0.06266844042745784,0.00977672855419752
ICEWS14,2737,5678,18,14,1176,1176,1,1.0,0.8861142742036803,2.0,0.9803906099397734,0.0,1.0,0.30702674600362617,0.5,0.3543249418919546,0.2586464936550206
ICEWS14,2738,1743,53,71,956,956,1,1.0,0.9423178739918808,1.0,0.9423178739918808,0.0,1.0,0.9999999999989388,0.5,0.30842497070347896,0.4550300124776501
ICEWS14,2739,5497,160,117,6640,4001,0,3.0,0.4088112644838079,2.0,0.8534795977333005,0.18166319590984248,0.8183368040901575,0.24376414844622735,0.5,0.30004422936225206,0.2292912927235944
ICEWS14,2740,5497,160,170,2996,6948,0,3572.0,0.0013056668328739196,2.0,0.820335356007638,0.360240156815276,0.639759843184724,0.0005093884476809537,0.5,0.2824902192581008,0.17872937481952053
ICEWS14,2741,5497,160,238,1823,4304,0,3574.0,0.24784454971795594,1.0,0.7284274237469965,0.0,1.0,0.2049978814685521,0.5,0.22867676643323745,0.17616562244488618
ICEWS14,2742,5497,160,300,3159,581,0,3576.0,0.01960939006022655,1.0,1.0,0.0,1.0,0.009901778952998064,0.5,0.3147480489379219,0.1846999597433842
ICEWS14,2743,5497,202,238,1823,5215,0,3566.0,0.8142507138578814,1.0,1.0,0.0,1.0,0.6866971992927704,0.5,0.32732930479296307,0.3644004032788931
ICEWS14,2744,5497,38,225,3400,4293,0,3567.5,0.1759751015386266,1.0,0.4267397988666503,0.0,1.0,0.2597401235368366,0.5,0.15112978524587636,0.13939719566486777
ICEWS14,2745,5497,150,357,1183,7001,0,5.0,0.12456894122207396,1.0,0.8042490800314893,0.0,1.0,0.08394533892882751,0.5,0.2501341123086779,0.16534843914006464
ICEWS14,2746,5497,53,263,4702,956,0,1.0,0.7293902520653057,1.0,1.0,0.0,1.0,0.5740474234912136,0.5,0.3259734237943069,0.3287430859011506
ICEWS14,2747,3566,173,167,3159,0,0,3564.5,0.0,0.0,0.0,0.0,0.0,0.0,0.0,0.06266844042745784,0.00977672855419752
ICEWS14,2748,3566,142,200,2624,46,0,3573.5,0.19190942791370685,5.0,0.12500000000000003,0.19058751543722163,0.8094124845627784,0.19264948939639245,0.5,0.13835823061014144,0.11867779361692786
ICEWS14,2749,3566,142,341,1626,4569,0,3576.0,0.049261812746278055,1.0,0.646816582731497,0.0,1.0,0.03958771040388378,0.5,0.20314295620152362,0.133890157173332
ICEWS14,2750,3566,161,316,6823,669,0,3563.5,0.0,1.0,1.0,0.0,0.0,0.0,0.0,0.31444089581150797,0.03619909534280753
ICEWS14,2751,3566,53,191,5092,3155,0,3566.5,0.5271905576986657,1.0,0.9611657480580811,0.0,1.0,0.3778762010211515,0.5,0.30871899118693463,0.2628262810016624
ICEWS14,2752,3566,180,173,3159,5736,0,3565.0,0.16170414568287425,1.0,0.16170414568287425,0.0,1.0,0.9999999999938158,0.5,0.10245581340112,0.2561330160077643
ICEWS14,2753,3566,223,251,89,0,0,3564.5,0.0,0.0,0.0,0.0,0.0,0.0,0.0,0.06266844042745784,0.00977672855419752
ICEWS14,2754,3566,123,267,2083,2246,0,3564.5,0.9253056537518477,1.0,1.0,0.0,1.0,0.8609942510457097,0.5,0.3291080776765328,0.4228110145030634
ICEWS14,2755,3566,98,344,929,3155,0,3567.5,1.0901578698125483,5.0,0.7578582832551991,0.6271594455657361,0.7312021248434626,0.3664195177623106,0.6791807852045993,0.3307228423385549,0.42961198757911806
ICEWS14,2756,3566,169,361,3159,6504,0,4.0,0.8291024159588924,1.0,0.9423178739918808,0.0,1.0,0.7854819841336593,0.5,0.30667350922869907,0.3814299782180424
ICEWS14,2757,3566,207,361,3159,1341,0,3567.0,0.010000804710599609,1.0,0.5100008047105996,0.0,1.0,0.009901778952993294,0.5,0.1681883481631389,0.11190908553836246
ICEWS14,2758,1748,156,23,1175,0,0,3564.5,0.0,0.0,0.0,0.0,0.0,0.0,0.0,0.06266844042745784,0.00977672855419752
ICEWS14,2759,6119,162,35,3473,0,0,3564.5,0.0,0.0,0.0,0.0,0.0,0.0,0.0,0.06266844042745784,0.00977672855419752
ICEWS14,2760,3014,61,10,1176,0,0,3564.5,0.0,0.0,0.0,0.0,0.0,0.0,0.0,0.06266844042745784,0.00977672855419752
ICEWS14,2761,4519,38,204,3211,0,0,3564.5,0.0,0.0,0.0,0.0,0.0,0.0,0.0,0.06266844042745784,0.00977672855419752
ICEWS14,2762,4361,224,220,4393,4393,1,1.0,0.28636524799935703,2.0,0.9057236642639067,0.0,1.0,0.08675084860111376,0.5,0.31678779086171194,0.19419091979871095
ICEWS14,2763,4361,224,311,1121,1317,0,10.0,0.04979597999395757,2.0,0.7141434062641757,0.42143940424635506,0.5785605957536449,0.02058625868307966,0.5,0.24856353806057863,0.1668528891164613
ICEWS14,2764,651,53,119,3997,1825,0,3564.5,0.8564127056253706,1.0,1.0,0.0,1.0,0.7488826693312914,0.5,0.3280040349221619,0.3848432839699433
ICEWS14,2765,651,127,17,2290,0,0,3564.5,0.0,0.0,0.0,0.0,0.0,0.0,0.0,0.06266844042745784,0.00977672855419752
ICEWS14,2766,651,155,21,2290,0,0,3564.5,0.0,0.0,0.0,0.0,0.0,0.0,0.0,0.06266844042745784,0.00977672855419752
ICEWS14,2767,651,160,85,2404,0,0,3564.5,0.0,0.0,0.0,0.0,0.0,0.0,0.0,0.06266844042745784,0.00977672855419752
ICEWS14,2768,4393,222,338,6608,3191,0,3573.0,0.059802000240685604,2.0,0.9611657480580811,0.4950491105234984,0.5049508894765016,0.015959264230119473,0.5,0.33352776997233397,0.21457658285666023
ICEWS14,2769,4393,55,292,5935,2790,0,3565.0,1.8019788546705586,3.0,0.6864101813026526,0.38092021974816315,1.0,0.999999999999445,0.6904601098740816,0.2848473541341604,0.5959803253425341
ICEWS14,2770,4393,38,27,6052,4455,0,3566.0,0.1871795832152603,2.0,0.7730166686334901,0.4457528003935315,0.5542471996064685,0.07192991022246943,0.5,0.26937254084816087,0.1877356953199751
ICEWS14,2771,4393,38,191,3011,453,0,3566.5,0.5292966261428337,1.0,1.0,0.0,1.0,0.3598935281927752,0.5,0.3227879073174401,0.2667956539094078
ICEWS14,2772,4393,169,291,497,3762,0,3565.5,0.052244066530606204,1.0,0.9057236642639067,0.0,1.0,0.02969757256547165,0.5,0.2822403811077596,0.17204035200402587
ICEWS14,2773,1755,53,59,537,6291,0,3565.0,0.8534795977333005,1.0,0.8534795977333005,0.0,1.0,0.9999999999988284,0.5,0.2763618672396552,0.4301654414766957
ICEWS14,2774,1755,156,153,3056,4594,0,3565.0,0.6597539553864471,1.0,0.6597539553864471,0.0,1.0,0.9999999999984843,0.5,0.21403508149589467,0.37730440022150336
ICEWS14,2775,1755,158,348,146,0,0,3564.5,0.0,0.0,0.0,0.0,0.0,0.0,0.0,0.06266844042745784,0.00977672855419752
ICEWS14,2776,1755,160,107,3133,4823,0,3565.5,0.004021568994037106,1.0,0.20508383900190946,0.0,1.0,0.009901778952978587,0.5,0.10821477744357859,0.08043919982628722
ICEWS14,2777,1755,115,350,4594,272,0,3565.5,0.0371005282545106,1.0,0.04643732153552965,0.0,1.0,0.6651925965275443,0.5,0.0853225054796751,0.15700423635231978
ICEWS14,2778,6644,142,19,6979,5695,0,2.0,0.16598131198485155,1.0,0.9238395952400507,0.0,1.0,0.09869865099269179,0.5,0.29011945625353364,0.1889353223158905
ICEWS14,2779,6644,142,20,5760,2300,0,3565.0,0.09427633573609329,1.0,1.0,0.0,1.0,0.04947009763477877,0.5,0.31591908276628516,0.1927355423655446
ICEWS14,2780,2437,102,132,5470,0,0,3564.5,0.0,0.0,0.0,0.0,0.0,0.0,0.0,0.06266844042745784,0.00977672855419752
ICEWS14,2781,2385,169,47,2032,0,0,3564.5,0.0,0.0,0.0,0.0,0.0,0.0,0.0,0.06266844042745784,0.00977672855419752
ICEWS14,2782,2385,53,91,1943,2425,0,3567.0,0.3942391230577867,2.0,0.40212454001574466,0.0,1.0,0.32894702012189153,0.5,0.16752084174946238,0.15670083924987074
ICEWS14,2783,2385,123,29,2386,0,0,3564.5,0.0,0.0,0.0,0.0,0.0,0.0,0.0,0.06266844042745784,0.00977672855419752
ICEWS14,2784,4304,142,342,2666,246,0,3578.0,2.172326384786074,5.0,0.9803906099397734,0.18827154051537331,0.8117284594846267,0.30702122208670474,0.5,0.4368414786264068,0.28067361523897405
ICEWS14,2785,4304,142,336,3155,246,0,2.5,0.3235732224976766,2.0,1.0,0.4950491105234984,0.5049508894765016,0.08896197927929929,0.5,0.35248398406201104,0.23827027519797783
ICEWS14,2786,4304,142,49,711,711,1,1.0,0.06630148326463481,1.0,0.8705505632961241,0.0,1.0,0.03958771040389202,0.5,0.27067473436985573,0.16798568311379045
ICEWS14,2787,4304,142,140,2269,3341,0,3567.0,0.4426684435549064,2.0,1.0,0.431125927769216,0.568874072230784,0.14404865327296854,0.5,0.3544610826514825,0.24804726966095664
ICEWS14,2788,4304,142,335,3155,6123,0,2.5,0.6899564017079651,3.0,0.6597539553864471,0.390397027236716,0.609602972763284,0.25649352579455437,0.5,0.26000914734606023,0.21002745613344986
ICEWS14,2789,4304,142,331,7109,6123,0,2.5,0.8681089554891797,3.0,0.7141434062641757,0.3903970272367162,0.6096029727632838,0.3111010503698242,0.5,0.2805002742391361,0.23291633595019132
ICEWS14,2790,4304,115,51,929,0,0,3564.5,0.0,0.0,0.0,0.0,0.0,0.0,0.0,0.06266844042745784,0.00977672855419752
ICEWS14,2791,4304,127,12,3155,3155,1,1.0,0.9238395952400507,1.0,0.9238395952400507,0.0,1.0,0.9999999999989175,0.5,0.3015872178185898,0.44983546847777767
ICEWS14,2792,4304,123,291,362,711,0,3566.0,0.05854082536769218,1.0,0.09105342796837457,0.0,1.0,0.47376147876257857,0.5,0.09146065325868118,0.12948675260984466
ICEWS14,2793,4304,53,326,2279,2581,0,3567.5,0.3382214074673724,3.0,0.646816582731497,0.06256503625930865,0.9374349637406914,0.32466667121528053,0.5,0.25103172389909395,0.21137769259818617
ICEWS14,2794,4304,98,255,3155,3155,1,1.0,0.02276782110676016,2.0,0.01160933038388241,0.0,1.0,0.9999999999560785,0.5,0.09248617934825895,0.23928358765884306
ICEWS14,2795,4304,38,315,1496,6994,0,2.0,0.4749683916747338,2.0,0.7284274237469965,0.0,1.0,0.19706815186784066,0.5,0.25893637308200185,0.18424141033335592
ICEWS14,2796,4304,38,38,455,4274,0,3565.0,0.29247452558698894,3.0,0.9057236642639067,0.0,1.0,0.05928264464348362,0.5,0.3400060233462547,0.19687310564355862
ICEWS14,2797,4304,103,292,362,3155,0,3565.5,0.9193084609078047,2.0,0.5,0.0,1.0,0.8823746517351201,0.5,0.19759338926855866,0.3103441138883057
ICEWS14,2798,4304,160,236,2435,1813,0,3568.0,0.005551521253371487,2.0,0.037347173124076184,0.4262755948188447,0.5737244051811553,0.04454026391586937,0.5,0.0960557740380309,0.08469391932999323
ICEWS14,2799,3440,103,30,5900,0,0,3564.5,0.0,0.0,0.0,0.0,0.0,0.0,0.0,0.06266844042745784,0.00977672855419752
ICEWS14,2800,5942,160,229,5474,1503,0,2.0,0.8724997988223502,1.0,1.0,0.0,1.0,0.7738356036746326,0.5,0.32826166874099144,0.39317929404964175
ICEWS14,2801,1928,56,105,657,328,0,3564.0,1.0,1.0,1.0,0.0,1.0,0.9999999999989999,0.5,0.33030722584940386,0.47130336916752824
ICEWS14,2802,1928,56,356,1145,1145,1,1.0,0.0011909399029473265,2.0,0.008128150650170597,0.4653980386192367,0.5346019613807633,0.040761472199007484,0.5,0.09186764097161104,0.08250415589345832
ICEWS14,2803,1928,6,193,1145,1145,1,1.0,0.01821929474542186,1.0,0.19325416715837251,0.0,1.0,0.049470097634670515,0.5,0.10641755447793004,0.08361337209737572
ICEWS14,2804,1928,53,100,1339,1418,0,3565.0,0.44842165997712125,2.0,0.22643091606597668,0.0,1.0,0.99999999999777,0.5,0.13086701262910164,0.2836868589627174
ICEWS14,2805,1928,146,253,328,657,0,3.0,0.06940396814493238,5.0,0.10668494971666255,0.7236741528853201,0.2763258471146799,0.09875860547668541,0.5,0.13371130958113506,0.11955188101680009
ICEWS14,2806,1928,156,86,4019,1145,0,2.0,1.7477243531277251,4.0,0.9423178739918808,0.3482611749919884,0.6517388250080116,0.4580650360588139,0.5,0.3977158764839436,0.3251985147817351
ICEWS14,2807,1928,156,110,1145,1145,1,1.0,1.1196046376357942,6.0,0.9423178739918808,0.6699322676999004,0.3300677323000996,0.19609024629444385,0.5,0.41630190274992634,0.28769248126208546
ICEWS14,2808,1928,180,108,328,657,0,3564.0,1.0,1.0,1.0,0.0,1.0,0.9999999999989999,0.5,0.33030722584940386,0.47130336916752824
ICEWS14,2809,1928,169,353,1145,1145,1,1.0,0.001760816875639443,1.0,0.013602352551501933,0.0,1.0,0.06920392275880671,0.5,0.08094053402925502,0.07044181418069828
ICEWS14,2810,1928,160,107,328,4019,0,3567.0,0.7884782461155735,2.0,0.9803906099397734,0.4457528003935315,0.5542471996064685,0.28679659227067156,0.5,0.35270399895680576,0.28015374177148356
ICEWS14,2811,1928,115,134,1145,5130,0,3565.5,0.24762456974654717,1.0,0.6341329040632923,0.0,1.0,0.24261666140331,0.5,0.20204261015907243,0.1678268263953018
ICEWS14,2812,1456,38,23,1183,1183,1,1.0,2.618894425822871,3.0,0.9611657480580811,0.6329879743983655,1.0,0.9999999999996181,0.8164939871991828,0.40094944505111907,0.7668461123707309
ICEWS14,2813,1456,61,206,1183,1183,1,1.0,0.8432327564303781,4.0,0.9803906099397734,0.19782263585731164,0.8021773641426884,0.526661342502701,0.5,0.39723548938671444,0.36070496432926596
ICEWS14,2814,6239,38,148,461,5496,0,3564.5,0.18139953559486965,2.0,0.8705505632961241,0.2631192606167937,0.7368807393832063,0.0831574100181142,0.5,0.30257919603578415,0.20012050658728178
ICEWS14,2815,6239,38,158,5496,5496,1,1.0,0.1488084526118375,2.0,0.7141434062641757,0.2631192606167937,0.7368807393832063,0.08315741001810581,0.5,0.2499093860982835,0.17208885053448622
ICEWS14,2816,3555,61,184,5250,0,0,3564.5,0.0,0.0,0.0,0.0,0.0,0.0,0.0,0.06266844042745784,0.00977672855419752
ICEWS14,2817,81,53,177,5885,0,0,3564.5,0.0,0.0,0.0,0.0,0.0,0.0,0.0,0.06266844042745784,0.00977672855419752
ICEWS14,2818,2336,207,177,5063,1080,0,3565.5,0.07041519602522162,1.0,0.4805828740290406,0.0,1.0,0.07905153228863221,0.5,0.1620095330334384,0.11811001867725154
ICEWS14,2819,2336,98,118,6061,0,0,3564.5,0.0,0.0,0.0,0.0,0.0,0.0,0.0,0.06266844042745784,0.00977672855419752
ICEWS14,2820,5511,208,253,1146,0,0,3564.5,0.0,0.0,0.0,0.0,0.0,0.0,0.0,0.06266844042745784,0.00977672855419752
ICEWS14,2821,5381,160,290,4567,0,0,3564.5,0.0,0.0,0.0,0.0,0.0,0.0,0.0,0.06266844042745784,0.00977672855419752
ICEWS14,2822,5381,127,310,2419,6562,0,3564.5,0.2998605103481973,1.0,1.0,0.0,1.0,0.17637406352430168,0.5,0.319155411851797,0.22065944897136563
ICEWS14,2823,6296,6,66,2404,0,0,3564.5,0.0,0.0,0.0,0.0,0.0,0.0,0.0,0.06266844042745784,0.00977672855419752
ICEWS14,2824,6296,53,239,1523,6245,0,3566.5,0.04433062211712985,1.0,0.09662708357918628,0.0,1.0,0.29767369628862445,0.5,0.0921520972435218,0.10408445775285681
ICEWS14,2825,6296,159,260,1193,0,0,3564.5,0.0,0.0,0.0,0.0,0.0,0.0,0.0,0.06266844042745784,0.00977672855419752
ICEWS14,2826,2666,61,351,711,0,0,3564.5,0.0,0.0,0.0,0.0,0.0,0.0,0.0,0.06266844042745784,0.00977672855419752
ICEWS14,2827,3746,38,9,2719,0,0,3564.5,0.0,0.0,0.0,0.0,0.0,0.0,0.0,0.06266844042745784,0.00977672855419752
ICEWS14,2828,3746,53,66,1077,1077,1,1.0,2.7430438399392925,3.0,0.9803906099397734,0.29906024251722985,1.0,0.9999999999996354,0.6495301212586149,0.41088033857852363,0.6250073304377366
ICEWS14,2829,5682,170,21,5496,5496,1,1.0,3.491473848361115,4.0,0.9611657480580811,0.46530047383906403,1.0,0.9999999999997136,0.732650236919532,0.4361537888375645,0.6964649154984426
ICEWS14,2830,5682,170,63,5496,5496,1,1.0,17.317343974456488,30.0,0.9057236642639067,0.7825675099915339,0.9613332937070097,0.8991865410546356,0.8719504018492719,0.7891592041710773,0.6666681546299792
ICEWS14,2831,5682,170,75,5496,5496,1,1.0,14.524899567655673,31.0,0.8705505632961241,0.7949469608902292,0.9635347705513844,0.904652687416226,0.8792408657208068,0.7445472888518068,0.7052513441591131
ICEWS14,2832,5682,170,33,5496,5496,1,1.0,9.820030336915107,14.0,0.9803906099397734,0.5618342849928487,0.8893686891435553,0.7362966231231597,0.7256014870682019,0.6537477561461377,0.5723962928078874
ICEWS14,2833,5682,170,127,5496,5496,1,1.0,7.551236522126526,35.0,0.9238395952400507,0.866242876685866,0.9117405921777466,0.8218029461415577,0.8889917344318063,0.6671322116509055,0.7923487580051395
ICEWS14,2834,5682,160,19,2904,5496,0,3564.0,1.0,1.0,1.0,0.0,1.0,0.9999999999989999,0.5,0.33030722584940386,0.47130336916752824
ICEWS14,2835,5682,86,46,1220,5496,0,3566.0,7.04721241984224,11.0,0.9057236642639067,0.5855712450341585,0.9999999999999999,0.8342373003841084,0.7927856225170792,0.5567216517340496,0.6731612261158832
ICEWS14,2836,5682,169,25,2713,0,0,3564.5,0.0,0.0,0.0,0.0,0.0,0.0,0.0,0.06266844042745784,0.00977672855419752
ICEWS14,2837,5682,202,24,5496,0,0,3564.5,0.0,0.0,0.0,0.0,0.0,0.0,0.0,0.06266844042745784,0.00977672855419752
ICEWS14,2838,5682,83,122,4767,0,0,3564.5,0.0,0.0,0.0,0.0,0.0,0.0,0.0,0.06266844042745784,0.00977672855419752
ICEWS14,2839,2176,53,322,2175,2296,0,3565.0,0.5520447568369061,1.0,0.5520447568369061,0.0,1.0,0.9999999999981886,0.5,0.18410146232180455,0.3490476396680475
ICEWS14,2840,4740,160,342,2442,2694,0,2.0,0.5440379464680298,3.0,0.5,0.4515764764615656,0.8226352853076515,0.4252388283324627,0.6371058808846086,0.21018633561810865,0.3196303459210827
ICEWS14,2841,4740,98,204,1161,0,0,3564.5,0.0,0.0,0.0,0.0,0.0,0.0,0.0,0.06266844042745784,0.00977672855419752
ICEWS14,2842,4740,156,334,1161,1161,1,1.0,3.734493896539534,11.0,0.6864101813026526,0.7650446573119322,0.995015902137932,0.822803563853727,0.8800302797249321,0.4061975263954874,0.7346500584281942
ICEWS14,2843,4740,8,342,2442,0,0,3564.5,0.0,0.0,0.0,0.0,0.0,0.0,0.0,0.06266844042745784,0.00977672855419752
ICEWS14,2844,4740,56,113,776,0,0,3564.5,0.0,0.0,0.0,0.0,0.0,0.0,0.0,0.06266844042745784,0.00977672855419752
ICEWS14,2845,4740,56,362,1161,6445,0,3565.0,0.5202016416109183,1.0,0.5202016416109183,0.0,1.0,0.9999999999980778,0.5,0.17589766623458072,0.34088297123219036
ICEWS14,2846,1604,133,306,3159,0,0,3564.5,0.0,0.0,0.0,0.0,0.0,0.0,0.0,0.06266844042745784,0.00977672855419752
ICEWS14,2847,1604,103,295,3159,0,0,3564.5,0.0,0.0,0.0,0.0,0.0,0.0,0.0,0.06266844042745784,0.00977672855419752
ICEWS14,2848,1604,160,283,4834,4361,0,3566.0,0.0019052948177424867,1.0,0.8705505632961241,0.0,1.0,0.0010955033256935846,0.5,0.26975225875543235,0.16089844239926185
ICEWS14,2849,1604,53,319,3062,2617,0,3565.0,0.2987773849926094,1.0,0.2987773849926094,0.0,1.0,0.9999999999966531,0.5,0.12664674813762092,0.28687255792637534
ICEWS14,2850,1604,53,342,3159,2617,0,3565.0,0.18946457081379975,1.0,0.18946457081379975,0.0,1.0,0.9999999999947219,0.5,0.10699895921937853,0.2621808300626494
ICEWS14,2851,2143,61,40,4606,3137,0,3565.0,0.7001394896518027,1.0,0.7001394896518027,0.0,1.0,0.9999999999985717,0.5,0.22613414722036768,0.38813031045024166
ICEWS14,2852,3706,121,253,6795,0,0,3564.5,0.0,0.0,0.0,0.0,0.0,0.0,0.0,0.06266844042745784,0.00977672855419752
ICEWS14,2853,3706,38,197,7013,1148,0,3565.0,1.0772641599316857,3.0,0.7429971445684742,0.31029252415155895,1.0,0.9999999999990716,0.6551462620757795,0.2934859898007009,0.5879880901601107
ICEWS14,2854,3706,72,362,5455,0,0,3564.5,0.0,0.0,0.0,0.0,0.0,0.0,0.0,0.06266844042745784,0.00977672855419752
ICEWS14,2855,3706,160,177,5455,5455,1,1.0,0.8800959122460537,4.0,0.8705505632961241,0.3526161497050805,0.8785463042999351,0.48641664596138834,0.6155812270025078,0.3547805599077273,0.4240576716318234
ICEWS14,2856,3706,6,280,1148,1148,1,1.0,0.19779761807916607,4.0,0.18210685593674916,0.4272348718110428,0.9506491870190471,0.4515009352069184,0.688942029415045,0.14191453541327476,0.2985229012465777
ICEWS14,2857,3706,53,247,1436,0,0,3564.5,0.0,0.0,0.0,0.0,0.0,0.0,0.0,0.06266844042745784,0.00977672855419752
ICEWS14,2858,3706,156,173,1148,2427,0,3565.5,0.050137297265311506,1.0,0.11778973424898508,0.0,1.0,0.27036621137345346,0.5,0.09519364837101503,0.1027390040418484
ICEWS14,2859,3706,91,341,6795,6795,1,1.0,1.8975628542120306,2.0,0.9611657480580811,0.0,1.0,0.9937983091797796,0.5,0.36383155777519294,0.4633417445396474
ICEWS14,2860,2648,53,342,4549,5036,0,3568.5,0.2113712670103267,2.0,0.8879629756445782,0.2669770203184054,0.7330229796815946,0.09558379914015772,0.5,0.309226861937237,0.2062859422988961
ICEWS14,2861,2648,127,137,1077,3884,0,3565.0,0.22199074391114454,1.0,0.22199074391114454,0.0,1.0,0.9999999999954953,0.5,0.11254678004047267,0.26938296942497
ICEWS14,2862,2648,155,317,5762,1077,0,3566.5,6.637488644567997,11.0,0.9611657480580811,0.5323740427588783,0.897505518997425,0.7889173377757435,0.7149397808781517,0.5722074593050275,0.6120410989537962
ICEWS14,2863,2648,56,343,976,0,0,3564.5,0.0,0.0,0.0,0.0,0.0,0.0,0.0,0.06266844042745784,0.00977672855419752
ICEWS14,2864,2648,169,300,1077,545,0,3565.0,0.14085991106480664,2.0,0.08751743620647534,0.37869166929822606,1.0,0.9999999999929007,0.689345834649113,0.10451166911450237,0.4291963090964061
ICEWS14,2865,4087,160,66,6635,4415,0,2.0,0.37629726434928257,3.0,0.6216979445974911,0.6017518334070291,0.39824816659297096,0.13704136772210668,0.5,0.24372271082306127,0.1883981014846163
ICEWS14,2866,4087,160,163,6635,6635,1,1.0,0.24295405890221966,7.0,0.8534795977333005,0.6658195970529517,0.3341804029470483,0.049939751450442244,0.5,0.3771609479641833,0.24168894557785328
ICEWS14,2867,4087,160,309,6635,4415,0,3.0,2.325548684093286,10.0,0.836743383392903,0.5762709756205877,0.9574791863423828,0.6671616515442202,0.7668750809814853,0.4348099222234,0.6424094239554032
ICEWS14,2868,4087,160,104,52,6635,0,3567.5,0.32270418093471165,3.0,0.5,0.5275092606401842,0.4724907393598158,0.17990583137607155,0.5,0.20752964680099906,0.1732280530917088
ICEWS14,2869,4087,105,210,6635,1176,0,3564.0,1.6864101813026526,2.0,1.0,0.40702445283652233,1.0,0.9999999999994069,0.7035122264182612,0.3753955879452839,0.6833083050224332
ICEWS14,2870,779,156,62,6644,0,0,3564.5,0.0,0.0,0.0,0.0,0.0,0.0,0.0,0.06266844042745784,0.00977672855419752
ICEWS14,2871,6888,142,243,1077,3213,0,3565.5,0.8129416606468594,3.0,0.9057236642639067,0.15797055741195176,0.8420294425880482,0.6074227593050826,0.5,0.3485408577505987,0.3545241707026865
ICEWS14,2872,6888,160,145,3544,6017,0,3569.5,5.519020145840433,14.0,0.9238395952400507,0.7495910109920657,0.8813697836394104,0.7528878840452559,0.8154803973157381,0.5568783167226368,0.7104825531015255
ICEWS14,2873,6888,160,205,2336,6017,0,1.0,4.412589080438027,19.0,1.0,0.6327835957785631,0.821651631289806,0.6923478273681137,0.7272176135341846,0.5939727300841261,0.6635891844177889
ICEWS14,2874,6888,160,299,6922,6017,0,3574.5,6.192171919016242,32.0,0.9238395952400507,0.7616700773539432,0.7822364541791843,0.619611632166154,0.7719532657665638,0.6375625334688981,0.6608600701045666
ICEWS14,2875,6888,160,268,6017,6017,1,1.0,4.770716040310312,26.0,0.9611657480580811,0.7452969711453243,0.7827129307479082,0.5611688511237036,0.7640049509466162,0.6108403095268632,0.6557878010187634
ICEWS14,2876,6888,160,140,6017,6017,1,1.0,5.073490659355739,13.0,0.9057236642639067,0.7075365177644888,0.8614466425002386,0.7172541682294553,0.7844915801323638,0.5351121090655153,0.6717325364591171
ICEWS14,2877,6888,53,267,1077,5900,0,3565.5,0.25547370404810477,3.0,1.0,0.20761373014879136,0.7923862698512086,0.11261552516623952,0.5,0.3756101751521218,0.2401559456123648
ICEWS14,2878,6888,53,56,4593,6889,0,3565.0,0.4267397988666503,1.0,0.4267397988666503,0.0,1.0,0.9999999999976567,0.5,0.1534816191909766,0.31747127065319514
ICEWS14,2879,6888,53,244,7038,5900,0,3567.5,0.16317957174591075,2.0,0.3865083343167451,0.06455120062316977,0.9354487993768302,0.24605639060333567,0.5,0.16162150843675874,0.14334950692231924
ICEWS14,2880,6888,127,171,2290,5900,0,3565.5,0.34942366985834206,1.0,0.4901953049698867,0.0,1.0,0.5537907735905978,0.5,0.16700537266853185,0.2091708558140957
ICEWS14,2881,6888,156,147,4593,5992,0,2.0,0.2816859505459858,1.0,0.8534795977333005,0.0,1.0,0.19763645430773344,0.5,0.268132743321052,0.19694593097177027
ICEWS14,2882,6888,169,276,2265,4545,0,3567.0,0.09202406869677586,2.0,0.06900559460461328,0.0,1.0,0.5076013916683062,0.5,0.101324854551361,0.14130186583640478
ICEWS14,2883,6888,169,351,4866,3544,0,3567.5,1.0408824042557656,2.0,0.5412194958693883,0.0,1.0,0.9438802031226208,0.5,0.21021847119353693,0.33897299857337
ICEWS14,2884,6888,169,119,3341,920,0,3565.5,0.6829335479683538,1.0,1.0,0.0,1.0,0.5185262648778073,0.5,0.3252323790957981,0.3119031845572271
ICEWS14,2885,6888,227,319,3544,0,0,3564.5,0.0,0.0,0.0,0.0,0.0,0.0,0.0,0.06266844042745784,0.00977672855419752
ICEWS14,2886,6284,142,349,2661,284,0,10.0,0.0,1.0,1.0,0.0,0.0,0.0,0.0,0.31444089581150797,0.03619909534280753
ICEWS14,2887,6284,142,245,3322,3322,1,1.0,1.2202709429922685,2.0,0.9803906099397734,0.0,1.0,0.45825890045860923,0.5,0.35989776296551806,0.2982820541799329
ICEWS14,2888,6284,142,335,2661,6200,0,8.0,0.006730042493237276,2.0,0.34320509065132626,0.0,1.0,0.0049755227396698016,0.5,0.1505840903812335,0.09996650149008651
ICEWS14,2889,6284,142,166,6293,4594,0,3568.5,0.0,1.0,0.6095068271022377,0.0,0.0,0.0,0.0,0.19266804610742186,0.022982187375786323
ICEWS14,2890,6284,53,303,5421,6017,0,3565.0,0.07618835338777971,1.0,0.07618835338777971,0.0,1.0,0.9999999999868746,0.5,0.0895193471560507,0.23808558946314048
ICEWS14,2891,6284,160,141,5036,0,0,3564.5,0.0,0.0,0.0,0.0,0.0,0.0,0.0,0.06266844042745784,0.00977672855419752
ICEWS14,2892,5485,38,147,1171,1171,1,1.0,2.524555145210723,7.0,0.9057236642639067,0.522721793943098,0.7021080069735797,0.513246744531743,0.6124149004583388,0.4382011763288255,0.4508859343368823
ICEWS14,2893,5485,38,246,1171,1171,1,1.0,3.6266059011509872,21.0,0.4711589369959404,0.6894174400318178,0.8497054721390142,0.6997575652627936,0.769561456085416,0.37127830660268,0.5727634175346502
ICEWS14,2894,5485,38,317,1171,1171,1,1.0,3.0382359882895864,24.0,0.9057236642639067,0.7194971579691589,0.9497502830645087,0.8884714720106117,0.8346237205168339,0.5508687989441862,0.80071119336111
ICEWS14,2895,5485,38,172,1171,1171,1,1.0,6.494607895012459,14.0,0.9803906099397734,0.48442934802380944,0.8545411610276764,0.662122871482934,0.6694852545257429,0.5972419412666442,0.5430277553939268
ICEWS14,2896,5485,222,196,3605,1171,0,3565.5,0.8978606178132496,5.0,0.5520447568369061,0.6050788255981485,0.6659990893232828,0.4730909158372801,0.6355389574607156,0.2566927312971066,0.37149700102363814
ICEWS14,2897,5485,150,232,3723,6410,0,3.0,0.2146457695343711,4.0,0.6597539553864471,0.5995756037371496,0.4004243962628504,0.06967598384024815,0.5,0.2691161630311029,0.18872451615363658
ICEWS14,2898,5485,150,125,6410,847,0,3566.0,0.6665540745217411,2.0,0.7884782461155736,0.0,1.0,0.2713500946121334,0.5,0.2814831062917938,0.21071219626136287
ICEWS14,2899,5485,160,320,6410,1511,0,3.0,0.5976459575935869,6.0,0.6864101813026526,0.42000843581516434,0.5799915641848357,0.3377828285509601,0.5,0.3091610145121139,0.25935061928382863
ICEWS14,2900,5485,51,140,6410,6410,1,1.0,0.32632189535416156,2.0,0.7429971445684742,0.46047423385563946,0.5395257661443605,0.13440288352372484,0.5,0.26155040040067923,0.19546761373889873
ICEWS14,2901,1959,222,36,5427,0,0,3564.5,0.0,0.0,0.0,0.0,0.0,0.0,0.0,0.06266844042745784,0.00977672855419752
ICEWS14,2902,4408,38,359,1138,0,0,3564.5,0.0,0.0,0.0,0.0,0.0,0.0,0.0,0.06266844042745784,0.00977672855419752
ICEWS14,2903,4408,51,84,4920,4920,1,1.0,0.9803906099397734,1.0,0.9803906099397734,0.0,1.0,0.99999999999898,0.5,0.322779285591777,0.4657625428295966
ICEWS14,2904,1551,103,119,6293,0,0,3564.5,0.0,0.0,0.0,0.0,0.0,0.0,0.0,0.06266844042745784,0.00977672855419752
ICEWS14,2905,3461,155,143,2569,6017,0,3565.0,0.26530325583334324,1.0,0.26530325583334324,0.0,1.0,0.9999999999962308,0.5,0.12032299236918266,0.279165112698991
ICEWS14,2906,3461,98,28,6410,0,0,3564.5,0.0,0.0,0.0,0.0,0.0,0.0,0.0,0.06266844042745784,0.00977672855419752
ICEWS14,2907,2278,160,306,927,362,0,3583.0,0.5323035992040486,3.0,0.7578582832551991,0.5054124498246517,0.4945875501753483,0.21020528477357592,0.5,0.29044235198867996,0.22618483467030245
ICEWS14,2908,2278,160,317,6890,362,0,3585.0,0.2519631500490227,3.0,0.6095068271022377,0.5054124498246517,0.4945875501753483,0.11386907293635666,0.5,0.23833934023776526,0.17809803667935573
ICEWS14,2909,2278,160,338,2442,362,0,3585.5,0.09890686132379278,3.0,0.40212454001574466,0.5054124498246517,0.4945875501753482,0.06476379716414653,0.5,0.1794774330043235,0.1371577206669007
ICEWS14,2910,2278,180,63,6293,0,0,3564.5,0.0,0.0,0.0,0.0,0.0,0.0,0.0,0.06266844042745784,0.00977672855419752
ICEWS14,2911,2278,53,173,3412,7085,0,3576.5,0.7005936737859364,2.0,0.9423178739918808,0.455558131287365,0.544441868712635,0.25374648227065844,0.5,0.33687366449262557,0.2633493151098405
ICEWS14,2912,2278,53,188,3666,7085,0,3578.0,0.3802529108061258,2.0,0.7001394896518027,0.4555581312873649,0.5444418687126351,0.1734967693034115,0.5,0.248671059664282,0.19551576188445047
ICEWS14,2913,2278,53,98,2657,6293,0,3570.5,0.03850537981833224,2.0,0.40212454001574466,0.0,1.0,0.02477469830435869,0.5,0.16394794804352106,0.10906067367085923
ICEWS14,2914,2278,53,345,3922,2240,0,3.0,0.25876292671433987,2.0,0.8705505632961241,0.0,1.0,0.08199533543453068,0.5,0.30376644723560353,0.1869003650167366
ICEWS14,2915,2278,53,328,6310,6931,0,3586.5,0.3510143489002646,2.0,0.6864101813026526,0.0,1.0,0.14825080407382982,0.5,0.24401223461840965,0.16784765826754924
ICEWS14,2916,2278,53,8,2299,0,0,3564.5,0.0,0.0,0.0,0.0,0.0,0.0,0.0,0.06266844042745784,0.00977672855419752
ICEWS14,2917,2278,53,289,1077,2215,0,16.5,0.115568673367906,2.0,0.5743491774985175,0.4851512137172558,0.5148487862827442,0.054627710658936145,0.5,0.20826793439333693,0.15295194332966777
ICEWS14,2918,2278,53,183,45,7085,0,3577.0,0.41983325136498717,2.0,0.7730166686334901,0.455558131287365,0.544441868712635,0.17349676930341906,0.5,0.2727116998991435,0.20920128819909228
ICEWS14,2919,2278,53,216,2251,238,0,3580.0,0.08711301089794832,2.0,0.6729500963161781,0.4703285960051281,0.5296714039948719,0.03549986848565941,0.5,0.2364039029851917,0.16468960865463345
ICEWS14,2920,2278,156,144,2455,2455,1,1.0,0.03807273594789273,2.0,0.9803906099397734,0.0,1.0,0.009901778953000475,0.5,0.34036097198850096,0.19326816207478673
ICEWS14,2921,2278,156,58,1077,3262,0,3565.0,0.2421417167448009,1.0,1.0,0.0,1.0,0.13774814446148953,0.5,0.3182450169395814,0.21181276761675918
ICEWS14,2922,2278,155,14,146,0,0,3564.5,0.0,0.0,0.0,0.0,0.0,0.0,0.0,0.06266844042745784,0.00977672855419752
ICEWS14,2923,2278,155,260,6635,4319,0,22.0,0.9381781829330643,2.0,0.8879629756445782,0.0,1.0,0.3637972681417979,0.5,0.32061672552525855,0.2525683694598034
ICEWS14,2924,2278,155,45,1077,3262,0,3567.5,0.036594209727974114,2.0,0.9423178739918808,0.4950491105234984,0.5049508894765016,0.00990177895300037,0.5,0.32618469314639986,0.20958493359595218
ICEWS14,2925,2278,155,261,2266,4319,0,2.0,0.7240301610294246,2.0,0.8705505632961241,0.0,1.0,0.2657937387725341,0.5,0.31096156299986666,0.22548548873237306
ICEWS14,2926,2278,103,222,3159,18,0,3566.0,0.19646369987128645,1.0,0.3714985722842371,0.0,1.0,0.3594724198073178,0.5,0.13983005852756974,0.14886435085573482
ICEWS14,2927,2278,127,259,3155,3159,0,5.0,0.3666894540319974,3.0,0.836743383392903,0.305376296686486,0.694623703313514,0.17952887691998357,0.5,0.31576871729332984,0.22640870502000768
ICEWS14,2928,2278,127,30,6925,537,0,3565.0,0.163256616607097,1.0,1.0,0.0,1.0,0.08888373742522171,0.5,0.31700301057690067,0.20105664732490922
ICEWS14,2929,2278,65,19,3155,0,0,3564.5,0.0,0.0,0.0,0.0,0.0,0.0,0.0,0.06266844042745784,0.00977672855419752
ICEWS14,2930,2278,90,194,733,5965,0,3565.0,0.23557946849797018,1.0,0.23557946849797018,0.0,1.0,0.9999999999957552,0.5,0.1149380187479599,0.2724285887461206
ICEWS14,2931,2403,56,42,362,0,0,3564.5,0.0,0.0,0.0,0.0,0.0,0.0,0.0,0.06266844042745784,0.00977672855419752
ICEWS14,2932,2403,207,22,1885,1885,1,1.0,1.0443701326765265,2.0,0.8879629756445782,0.0,1.0,0.4223675810352132,0.5,0.32229933773667724,0.26757006307726894
ICEWS14,2933,2862,61,42,2100,0,0,3564.5,0.0,0.0,0.0,0.0,0.0,0.0,0.0,0.06266844042745784,0.00977672855419752
ICEWS14,2934,5432,156,236,72,0,0,3564.5,0.0,0.0,0.0,0.0,0.0,0.0,0.0,0.06266844042745784,0.00977672855419752
ICEWS14,2935,5432,202,182,72,0,0,3564.5,0.0,0.0,0.0,0.0,0.0,0.0,0.0,0.06266844042745784,0.00977672855419752
ICEWS14,2936,1152,127,57,2336,5036,0,3565.0,0.4901953049698867,1.0,0.4901953049698867,0.0,1.0,0.9999999999979601,0.5,0.16843281174455818,0.3332746123252768
ICEWS14,2937,1152,169,61,4812,0,0,3564.5,0.0,0.0,0.0,0.0,0.0,0.0,0.0,0.06266844042745784,0.00977672855419752
ICEWS14,2938,1176,156,156,4415,2524,0,3.0,0.008368107170198869,2.0,0.4267397988666503,0.0,1.0,0.004975522739670576,0.5,0.1693631087784501,0.10933032027438534
ICEWS14,2939,1176,6,224,1121,5678,0,3565.5,0.001143066689939791,1.0,0.019816653251977883,0.0,1.0,0.02969757256471686,0.5,0.08171397151725811,0.06725850106677539
ICEWS14,2940,1176,60,22,6635,6635,1,1.0,0.7284274237469965,1.0,0.7284274237469965,0.0,1.0,0.9999999999986272,0.5,0.23489271923396138,0.39578030556394517
ICEWS14,2941,1176,61,166,4043,4847,0,3565.5,0.7880813188728182,1.0,0.8705505632961241,0.0,1.0,0.8269306812812889,0.5,0.28114888532745996,0.37591645206670043
ICEWS14,2942,1176,56,5,4810,6636,0,3565.0,0.9611657480580811,1.0,0.9611657480580811,0.0,1.0,0.9999999999989596,0.5,0.3154870741711184,0.4603385493265481
ICEWS14,2943,1176,56,37,6636,5678,0,3.0,0.8144854345664285,3.0,0.7884782461155736,0.26296724071050703,0.737032759289493,0.2466818383500034,0.5,0.30544355719177424,0.2261010291644074
ICEWS14,2944,1176,202,266,102,0,0,3564.5,0.0,0.0,0.0,0.0,0.0,0.0,0.0,0.06266844042745784,0.00977672855419752
ICEWS14,2945,1176,47,126,1452,0,0,3564.5,0.0,0.0,0.0,0.0,0.0,0.0,0.0,0.06266844042745784,0.00977672855419752
ICEWS14,2946,1176,224,33,467,5678,0,3564.5,4.139386580090086,6.0,0.9803906099397734,0.49176947560379514,0.8860103095401007,0.6742345552100211,0.688889892571948,0.4862761758616663,0.5645695456702127
ICEWS14,2947,1176,191,12,6635,4904,0,3565.0,0.9057236642639067,1.0,0.9057236642639067,0.0,1.0,0.9999999999988959,0.5,0.29496796079757365,0.44475337628339506
ICEWS14,2948,3264,90,104,3133,0,0,3564.5,0.0,0.0,0.0,0.0,0.0,0.0,0.0,0.06266844042745784,0.00977672855419752
ICEWS14,2949,1137,45,152,1751,0,0,3564.5,0.0,0.0,0.0,0.0,0.0,0.0,0.0,0.06266844042745784,0.00977672855419752
ICEWS14,2950,1321,53,283,1629,0,0,3564.5,0.0,0.0,0.0,0.0,0.0,0.0,0.0,0.06266844042745784,0.00977672855419752
ICEWS14,2951,1321,224,290,503,503,1,1.0,0.09173030629838408,3.0,0.5630865404461788,0.05719763894590013,0.9428023610540999,0.04034163387855567,0.5,0.22250797757370083,0.14013209576328822
ICEWS14,2952,3868,53,144,1928,1434,0,3565.5,0.06244949183185393,2.0,0.06502520520136479,0.0,1.0,0.3200878186246586,0.5,0.10052563517785043,0.11118850570208773
ICEWS14,2953,4599,160,352,6407,2454,0,2.0,0.723231290700826,12.0,0.7284274237469965,0.5804094654862304,0.4195905345137696,0.17264153332050944,0.5,0.377780632208479,0.2544146470096003
ICEWS14,2954,4599,160,265,2454,2454,1,1.0,0.08455888657949329,8.0,0.8705505632961241,0.42625189617471526,0.5737481038252847,0.014980305306207597,0.5,0.3913530082345717,0.22948487800743297
ICEWS14,2955,4599,53,295,4039,4004,0,3.0,1.5133777677833669,6.0,0.9803906099397734,0.5742013330794002,0.7549481339321428,0.48951732582777757,0.6645747335057715,0.43888965530839547,0.5242783629937027
ICEWS14,2956,4005,53,271,1193,0,0,3564.5,0.0,0.0,0.0,0.0,0.0,0.0,0.0,0.06266844042745784,0.00977672855419752
ICEWS14,2957,489,224,175,1155,4396,0,2.5,3.064520708935774,6.0,1.0,0.5699057432892887,0.8667172766943676,0.7389801035289914,0.7183115099918281,0.4749753906359256,0.6395458558435968
ICEWS14,2958,489,224,141,4396,4396,1,1.0,0.9803906099397736,2.0,0.9803906099397734,0.4900991917739814,1.0,0.34219252720941185,0.7450495958869907,0.3558932898137753,0.5029289821465032
ICEWS14,2959,2908,160,99,3500,6079,0,3566.0,0.036594209727974114,1.0,0.9423178739918808,0.0,1.0,0.01980161645202658,0.5,0.2945707470246094,0.17643294557430841
ICEWS14,2960,2908,160,79,925,925,1,1.0,1.0826512685035925,2.0,0.5520447568369061,0.4900991917739813,1.0,0.9999999999990763,0.7450495958869907,0.21375074542821992,0.6090875748387955
ICEWS14,2961,2908,169,243,6890,6635,0,3565.5,0.011834870842003964,1.0,0.30475341355111885,0.0,1.0,0.019801616452004175,0.5,0.12545196218018226,0.09086367482789104
ICEWS14,2962,2908,53,244,925,6635,0,3565.5,0.7909260391259737,1.0,0.9803906099397734,0.0,1.0,0.6760888459850348,0.5,0.3197781111341765,0.3557917113969801
ICEWS14,2963,2908,155,302,5565,6332,0,3565.5,0.06249810920721695,1.0,0.06765243698367357,0.0,1.0,0.8584107453787482,0.5,0.08828206606895289,0.20143015919578028
ICEWS14,2964,1149,50,147,3162,0,0,3564.5,0.0,0.0,0.0,0.0,0.0,0.0,0.0,0.06266844042745784,0.00977672855419752
ICEWS14,2965,2694,56,275,2442,776,0,3.0,0.07606398159251716,1.0,0.15853322601582306,0.0,1.0,0.31561494557962777,0.5,0.10140071270321264,0.1135960000156627
ICEWS14,2966,2694,56,104,2442,1161,0,3565.0,0.14645927135455744,1.0,0.14645927135455744,0.0,1.0,0.9999999999931721,0.5,0.10003424736113496,0.25285097409365986
ICEWS14,2967,2694,160,337,2314,2442,0,13.0,4.292605965546769,30.0,0.9423178739918808,0.7308584546194721,0.785390344598414,0.6156088072469311,0.7581243996089431,0.6070520351895573,0.6755346090961935
ICEWS14,2968,2694,160,268,2442,2442,1,1.0,3.495914936247271,23.0,0.9238395952400507,0.6527054245103491,0.7795541496360568,0.5187347826500256,0.716129787073203,0.5628798783331282,0.5981565089967861
ICEWS14,2969,2694,160,280,3600,2442,0,4.0,2.756452877501485,23.0,0.7284274237469965,0.652705424510349,0.7795541496360568,0.5187347826500049,0.7161297870732029,0.468093620980938,0.5524644131411317
ICEWS14,2970,2694,160,362,4587,2442,0,5.0,3.4995068222297414,32.0,0.836743383392903,0.676601222712675,0.7437600626654252,0.5263280604318202,0.71018064268905,0.555638290976459,0.5874265579706166
ICEWS14,2971,2694,160,244,3600,2442,0,3572.0,2.812476014305213,20.0,0.8705505632961241,0.42730705809231384,0.7134038793729137,0.49507662583560363,0.5703554687326138,0.5163394744284711,0.4328027628845533
ICEWS14,2972,2694,160,335,2442,2442,1,1.0,4.466041340132499,30.0,0.9803906099397734,0.7308584546194721,0.7853903445984141,0.6156088072469346,0.7581243996089431,0.6250959409070644,0.6830714511388574
ICEWS14,2973,2694,53,166,2442,2442,1,1.0,0.05024712828420941,1.0,0.6597539553864471,0.0,1.0,0.039587710403884445,0.5,0.20668106572190564,0.13569082939706031
ICEWS14,2974,2694,156,201,2442,2442,1,1.0,2.7159888560122103,16.0,0.8705505632961241,0.7385937043670063,0.453518894131243,0.2722218277918616,0.5960562992491247,0.4953372288590262,0.39066440700018357
ICEWS14,2975,2694,156,310,1161,2442,0,2.0,0.2432049475730116,29.0,0.7578582832551991,0.683545155379075,0.31645484462092494,0.02265831392941009,0.5,0.4551730262058066,0.2631704136653394
ICEWS14,2976,2694,156,8,558,1161,0,3565.0,0.9803906099397734,1.0,0.9803906099397734,0.0,1.0,0.99999999999898,0.5,0.322779285591777,0.4657625428295966
ICEWS14,2977,2694,156,332,1161,1161,1,1.0,0.10189888454410401,28.0,0.9803906099397734,0.7091359809504392,0.2908640190495609,0.008330784264340859,0.5,0.5423736792738235,0.315663918564163
ICEWS14,2978,2694,156,215,1161,2442,0,2.0,3.049801866634658,18.0,0.9238395952400507,0.8101198175110361,0.4689461398946036,0.2991944183897487,0.6395329787028199,0.5337727504200097,0.4589922444995522
ICEWS14,2979,2694,115,62,1161,0,0,3564.5,0.0,0.0,0.0,0.0,0.0,0.0,0.0,0.06266844042745784,0.00977672855419752
ICEWS14,2980,2694,157,177,1161,0,0,3564.5,0.0,0.0,0.0,0.0,0.0,0.0,0.0,0.06266844042745784,0.00977672855419752
ICEWS14,2981,2694,169,344,2442,5182,0,2.0,0.06927105500637531,1.0,0.7429971445684742,0.0,1.0,0.04889526291198102,0.5,0.23069451874282668,0.14937070640030733
ICEWS14,2982,6098,160,278,4600,5037,0,3566.0,0.1727589177503932,3.0,0.9803906099397734,0.1354005786259469,0.8645994213740531,0.08245893189472368,0.5,0.3665514642209636,0.2252843233733649
ICEWS14,2983,6098,6,140,5037,0,0,3564.5,0.0,0.0,0.0,0.0,0.0,0.0,0.0,0.06266844042745784,0.00977672855419752
ICEWS14,2984,6098,61,344,6410,6410,1,1.0,0.7223269326950239,1.0,0.9803906099397734,0.0,1.0,0.5832487643420122,0.5,0.31869513414661665,0.32659757470869055
ICEWS14,2985,6098,53,50,3825,0,0,3564.5,0.0,0.0,0.0,0.0,0.0,0.0,0.0,0.06266844042745784,0.00977672855419752
ICEWS14,2986,4513,38,154,1176,0,0,3564.5,0.0,0.0,0.0,0.0,0.0,0.0,0.0,0.06266844042745784,0.00977672855419752
ICEWS14,2987,1122,42,301,811,1466,0,3565.0,0.597554769985219,1.0,0.597554769985219,0.0,1.0,0.9999999999983266,0.5,0.1963358159049662,0.360871000173214
ICEWS14,2988,1122,6,234,6332,4438,0,3566.5,0.053399030676161335,2.0,0.14358729437462936,0.0,1.0,0.10362328667984527,0.5,0.1129842495600832,0.09136597009081887
ICEWS14,2989,1122,56,62,680,0,0,3564.5,0.0,0.0,0.0,0.0,0.0,0.0,0.0,0.06266844042745784,0.00977672855419752
ICEWS14,2990,1692,160,246,4185,0,0,3564.5,0.0,0.0,0.0,0.0,0.0,0.0,0.0,0.06266844042745784,0.00977672855419752
ICEWS14,2991,6778,191,336,733,0,0,3564.5,0.0,0.0,0.0,0.0,0.0,0.0,0.0,0.06266844042745784,0.00977672855419752
ICEWS14,2992,6778,53,95,3976,3976,1,1.0,0.023559898958566472,1.0,0.7730166686334901,0.0,1.0,0.015474752048697726,0.5,0.23912381912627773,0.14817196645737243
ICEWS14,2993,6778,53,92,3976,3976,1,1.0,0.025002071603249187,1.0,0.820335356007638,0.0,1.0,0.015474752048698363,0.5,0.2538437172636921,0.15546047717303843
ICEWS14,2994,4613,142,183,7079,0,0,3564.5,0.0,0.0,0.0,0.0,0.0,0.0,0.0,0.06266844042745784,0.00977672855419752
ICEWS14,2995,416,38,60,1956,0,0,3564.5,0.0,0.0,0.0,0.0,0.0,0.0,0.0,0.06266844042745784,0.00977672855419752
ICEWS14,2996,416,224,33,45,0,0,3564.5,0.0,0.0,0.0,0.0,0.0,0.0,0.0,0.06266844042745784,0.00977672855419752
ICEWS14,2997,416,224,331,146,146,1,1.0,0.835708521100809,6.0,0.7578582832551991,0.45389551925150406,0.8034064873866772,0.43082243930486114,0.6286510033190906,0.3391213083388399,0.4072854977223911
ICEWS14,2998,416,0,70,1923,5230,0,3566.0,0.15910793938244927,1.0,0.5306065116666864,0.0,1.0,0.17637406352420992,0.5,0.1746224144696891,0.13999131676908816
ICEWS14,2999,416,39,346,4215,0,0,3564.5,0.0,0.0,0.0,0.0,0.0,0.0,0.0,0.06266844042745784,0.00977672855419752
ICEWS14,3000,1552,18,35,1077,3262,0,1.0,1.0,2.0,1.0,0.4950491105234984,0.5049508894765016,0.3377486972983249,0.5,0.3637786750647318,0.3004190626218685
ICEWS14,3001,3774,53,48,1942,0,0,3564.5,0.0,0.0,0.0,0.0,0.0,0.0,0.0,0.06266844042745784,0.00977672855419752
ICEWS14,3002,928,160,83,5423,3686,0,3565.0,0.40212454001574466,1.0,0.40212454001574466,0.0,1.0,0.9999999999975132,0.5,0.1479812952929724,0.31144995212146936
ICEWS14,3003,928,160,330,5423,890,0,2.0,0.5699590024327378,3.0,0.410167678003819,0.3477535913190549,0.9783696130214176,0.8287314422151754,0.6630616021702362,0.18660593854273969,0.44538998140789016
ICEWS14,3004,4500,38,152,4451,1145,0,2.0,0.7351143092300205,5.0,0.34320509065132626,0.6318465768982096,0.7945210672391209,0.6509160801328588,0.7131838220686653,0.1939636250156645,0.4443571261773087
ICEWS14,3005,4500,38,56,1145,1145,1,1.0,0.9180414417541649,2.0,0.820335356007638,0.360240156815276,1.0,0.5575820235593515,0.680120078407638,0.29618141901672,0.466358571540479
ICEWS14,3006,4500,38,324,1145,1145,1,1.0,3.278177155992636,15.0,0.8879629756445782,0.7296681178692248,0.9980660413580114,0.9960276155514814,0.8638670796136181,0.5073048722285007,0.8217804489829945
ICEWS14,3007,4847,227,183,4043,0,0,3564.5,0.0,0.0,0.0,0.0,0.0,0.0,0.0,0.06266844042745784,0.00977672855419752
ICEWS14,3008,4847,155,267,4805,0,0,3564.5,0.0,0.0,0.0,0.0,0.0,0.0,0.0,0.06266844042745784,0.00977672855419752
ICEWS14,3009,4847,53,180,4043,4606,0,3565.5,0.26301586392289045,1.0,0.7730166686334901,0.0,1.0,0.20499788146856185,0.5,0.2423030270744641,0.18391012262060694
ICEWS14,3010,4847,98,182,1077,0,0,3564.5,0.0,0.0,0.0,0.0,0.0,0.0,0.0,0.06266844042745784,0.00977672855419752
ICEWS14,3011,4847,202,147,1176,0,0,3564.5,0.0,0.0,0.0,0.0,0.0,0.0,0.0,0.06266844042745784,0.00977672855419752
ICEWS14,3012,4847,208,193,4415,1176,0,3565.0,0.5100008047105996,1.0,0.5100008047105996,0.0,1.0,0.9999999999980392,0.5,0.17333115988607728,0.3382870103630394
ICEWS14,3013,5565,160,166,4478,4415,0,3565.5,3.941001521822024,17.0,0.9423178739918808,0.4893224481132038,0.6991146731311775,0.36076734038591823,0.5942185606221906,0.5526154843321102,0.40672216390274035
ICEWS14,3014,5565,160,292,6635,6635,1,1.0,1.4973630289946698,15.0,0.5743491774985175,0.5893722086178912,0.41062779138210886,0.19021356524455835,0.5,0.3486806432759272,0.2244873949429474
ICEWS14,3015,5565,160,139,4415,4415,1,1.0,1.755949903692709,8.0,0.6729500963161781,0.6953338822853858,0.8284129665043681,0.659716474939526,0.761873424394877,0.3428056586191681,0.5969161231955039
ICEWS14,3016,5565,160,260,6635,6635,1,1.0,0.7195432909926254,13.0,0.9611657480580811,0.4610257822206355,0.5389742177793645,0.05650820522543844,0.5,0.4793009790153592,0.271941653239493
ICEWS14,3017,5565,156,248,1176,1176,1,1.0,2.411322926748767,11.0,0.9803906099397734,0.6997090627723942,0.7438804623648942,0.5855166924433644,0.7217947625686443,0.5040068674136097,0.6289051205843991
ICEWS14,3018,5565,156,157,5678,1176,0,3566.0,2.589829927661591,6.0,0.7429971445684742,0.46461785213986406,0.9763403882364096,0.890926125111485,0.7204791201881369,0.3624717243397281,0.6205457814175668
ICEWS14,3019,5565,156,161,2064,1176,0,3566.5,1.5586560935262377,6.0,0.6864101813026526,0.46461785213986406,0.7901299561019215,0.4428708213067935,0.6273739041208928,0.32426626072249043,0.3797242476117022
ICEWS14,3020,5565,53,229,1368,1368,1,1.0,0.3679686964933633,1.0,0.9423178739918808,0.0,1.0,0.2426166614033879,0.5,0.29959748462094327,0.22453087111057263
ICEWS14,3021,5565,61,221,4415,4415,1,1.0,0.9785020665892508,7.0,0.4439814878222891,0.5316811187226231,0.7951110316073977,0.5627753318698971,0.6633960751650104,0.2435510735235086,0.4022935917138636
ICEWS14,3022,5565,61,166,1176,4415,0,2.0,1.5885890549477626,6.0,0.6864101813026526,0.3043472658452263,0.6956527341547737,0.41284433750950295,0.5,0.3247428947631738,0.2615150048265683
ICEWS14,3023,5565,169,172,4847,4606,0,3565.0,0.820335356007638,1.0,0.820335356007638,0.0,1.0,0.999999999998781,0.5,0.2649414893329813,0.4209715227834553
ICEWS14,3024,5565,127,253,567,3922,0,3565.0,0.7337527963244022,2.0,1.0,0.41661823838916034,0.5833817616108397,0.27231157295161496,0.5,0.35931424016503827,0.27962403777091427
ICEWS14,3025,5565,155,281,4805,3922,0,2.0,0.029143600481202903,3.0,0.5630865404461788,0.3399560906868503,0.6600439093131497,0.008875616208703193,0.5,0.22172243902775793,0.14532330327445991
ICEWS14,3026,7109,155,331,1283,4304,0,1.0,0.09427633573609329,1.0,1.0,0.0,1.0,0.04947009763477877,0.5,0.31591908276628516,0.1927355423655446
ICEWS14,3027,7109,61,254,1077,0,0,3564.5,0.0,0.0,0.0,0.0,0.0,0.0,0.0,0.06266844042745784,0.00977672855419752
ICEWS14,3028,7109,160,43,2661,1077,0,3565.0,0.7141434062641757,1.0,0.7141434062641757,0.0,1.0,0.9999999999985998,0.5,0.23044093152968143,0.39191080049974897
ICEWS14,3029,7109,160,287,1077,1077,1,1.0,0.262734605619987,8.0,0.09105342796837457,0.3009995693576333,0.6990004306423667,0.5321805352538771,0.5,0.15022353508589312,0.19066901462299246
ICEWS14,3030,7109,160,241,1077,1077,1,1.0,0.6533662571543133,8.0,0.22643091606597668,0.30099956935763317,0.6990004306423668,0.5321805352545215,0.5,0.18573354650252963,0.21277531706689395
ICEWS14,3031,7109,103,125,3657,3262,0,1.5,0.0,1.0,0.9803906099397734,0.0,0.0,0.0,0.0,0.3074119377660179,0.035388146018500696
ICEWS14,3032,7109,53,301,545,299,0,3568.0,0.20581352641829298,1.0,0.7578582832551991,0.0,1.0,0.15712119150717,0.5,0.23692530713783058,0.17166654443041643
ICEWS14,3033,7109,6,125,3262,3262,1,1.0,0.9803906099397734,1.0,0.9803906099397734,0.0,1.0,0.99999999999898,0.5,0.322779285591777,0.4657625428295966
ICEWS14,3034,4805,142,318,711,711,1,1.0,4.806722958557729,11.0,0.9611657480580811,0.4376216310042721,0.5623783689957279,0.350239106847617,0.5,0.5393860883016087,0.2979015027802267
ICEWS14,3035,4805,142,131,4319,567,0,3566.0,1.1919123638242,2.0,1.0,0.0,1.0,0.4304690564224918,0.5,0.36701132811122045,0.295173035653414
ICEWS14,3036,4805,142,222,3341,567,0,2.0,2.2185260228221297,9.0,1.0,0.3712830801163497,0.6287169198836503,0.22282182142139212,0.5,0.4920939385275887,0.2918346491380004
ICEWS14,3037,4805,142,317,711,711,1,1.0,5.922866763191912,11.0,0.9803906099397734,0.4376216310042721,0.896263128990576,0.4563556225916528,0.6669423799974241,0.5673668517795041,0.4610562629417872
ICEWS14,3038,4805,207,121,6635,1077,0,3564.5,0.875,1.0,1.0,0.0,1.0,0.7777777777770863,0.5,0.32830171860034923,0.394502729430149
ICEWS14,3039,4805,55,64,5037,0,0,3564.5,0.0,0.0,0.0,0.0,0.0,0.0,0.0,0.06266844042745784,0.00977672855419752
ICEWS14,3040,4805,54,348,925;6890,6635,0,1782.0,0.9423178739918807,2.0,1.0,0.0,1.0,0.3202637900959034,0.5,0.36280943702258645,0.2662091310452983
ICEWS14,3041,4805,54,345,3635;6890,925,0,3563.0,0.0,1.0,1.0,0.0,0.0,0.0,0.0,0.31444089581150797,0.03619909534280753
ICEWS14,3042,4805,169,156,6635,1077,0,1.0,1.0,2.0,1.0,0.0,1.0,0.3377486972983249,0.5,0.3637786750647318,0.2704548933935224
ICEWS14,3043,6506,222,14,6504,0,0,3564.5,0.0,0.0,0.0,0.0,0.0,0.0,0.0,0.06266844042745784,0.00977672855419752
ICEWS14,3044,3489,222,42,929,0,0,3564.5,0.0,0.0,0.0,0.0,0.0,0.0,0.0,0.06266844042745784,0.00977672855419752
ICEWS14,3045,3489,123,324,5392,0,0,3564.5,0.0,0.0,0.0,0.0,0.0,0.0,0.0,0.06266844042745784,0.00977672855419752
ICEWS14,3046,558,115,196,1161,0,0,3564.5,0.0,0.0,0.0,0.0,0.0,0.0,0.0,0.06266844042745784,0.00977672855419752
ICEWS14,3047,3655,169,290,1604,3516,0,3566.0,0.05749732835093413,1.0,1.0,0.0,1.0,0.029599613524388523,0.5,0.31534196860338015,0.18866041418572016
ICEWS14,3048,3655,160,234,5244,0,0,3564.5,0.0,0.0,0.0,0.0,0.0,0.0,0.0,0.06266844042745784,0.00977672855419752
ICEWS14,3049,3655,160,292,4534,5244,0,3565.5,0.4439814878222891,2.0,0.4439814878222891,0.0,1.0,0.337748697298182,0.5,0.17804390069059522,0.16475639712395412
ICEWS14,3050,6699,160,294,4304,6890,0,3566.5,0.10888578134947162,1.0,0.16493848884661177,0.0,1.0,0.492715470799149,0.5,0.10260068875931226,0.14273600858000018
ICEWS14,3051,6699,127,92,885,885,1,1.0,0.9803906099397734,1.0,0.9803906099397734,0.0,1.0,0.99999999999898,0.5,0.322779285591777,0.4657625428295966
ICEWS14,3052,4583,155,256,3155,0,0,3564.5,0.0,0.0,0.0,0.0,0.0,0.0,0.0,0.06266844042745784,0.00977672855419752
ICEWS14,3053,373,160,151,6379,5036,0,3564.5,0.9158812379604777,1.0,1.0,0.0,1.0,0.8448163338088635,0.5,0.32895693506939344,0.4172560991989971
ICEWS14,3054,373,103,287,7106,1604,0,3565.0,0.00515432777645662,1.0,0.00515432777645662,0.0,1.0,0.9999999998059882,0.5,0.07991343105417537,0.22377357527804592
ICEWS14,3055,3168,103,183,3636,0,0,3564.5,0.0,0.0,0.0,0.0,0.0,0.0,0.0,0.06266844042745784,0.00977672855419752
ICEWS14,3056,1160,18,26,1986,0,0,3564.5,0.0,0.0,0.0,0.0,0.0,0.0,0.0,0.06266844042745784,0.00977672855419752
ICEWS14,3057,1160,156,22,3663,1445,0,3565.0,0.7284274237469965,1.0,0.7284274237469965,0.0,1.0,0.9999999999986272,0.5,0.23489271923396138,0.39578030556394517
ICEWS14,3058,3821,160,231,1077,0,0,3564.5,0.0,0.0,0.0,0.0,0.0,0.0,0.0,0.06266844042745784,0.00977672855419752
ICEWS14,3059,749,155,271,146,0,0,3564.5,0.0,0.0,0.0,0.0,0.0,0.0,0.0,0.06266844042745784,0.00977672855419752
ICEWS14,3060,6556,63,231,2695,2974,0,3564.0,1.0,1.0,1.0,0.0,1.0,0.9999999999989999,0.5,0.33030722584940386,0.47130336916752824
ICEWS14,3061,6556,53,225,235,0,0,3564.5,0.0,0.0,0.0,0.0,0.0,0.0,0.0,0.06266844042745784,0.00977672855419752
ICEWS14,3062,6556,155,316,929,929,1,1.0,0.05229646146205644,1.0,0.05229646146205644,0.0,1.0,0.9999999999808783,0.5,0.08617755138413574,0.23320256409446277
ICEWS14,3063,6556,105,231,3767,5219,0,3564.0,1.0,1.0,1.0,0.0,1.0,0.9999999999989999,0.5,0.33030722584940386,0.47130336916752824
ICEWS14,3064,1791,160,363,2958,2958,1,1.0,0.33357402720827645,1.0,0.9803906099397734,0.0,1.0,0.20499788146859568,0.5,0.31259504606747196,0.22338239484167802
ICEWS14,3065,1791,160,330,151,2562,0,3567.0,0.5074784409641794,1.0,0.6095068271022377,0.0,1.0,0.7132162000140999,0.5,0.19846727674215178,0.2756012512487791
ICEWS14,3066,5648,156,225,5800,2442,0,3565.0,0.03963330650395579,1.0,0.03963330650395579,0.0,1.0,0.9999999999747687,0.5,0.08445250198780313,0.23064288708847522
ICEWS14,3067,122,53,29,2694,0,0,3564.5,0.0,0.0,0.0,0.0,0.0,0.0,0.0,0.06266844042745784,0.00977672855419752
ICEWS14,3068,122,156,133,1161,2442,0,4.0,0.14471942449718744,1.0,0.9057236642639067,0.0,1.0,0.08682846441049408,0.5,0.2836032388132937,0.18325160815022745
ICEWS14,3069,4723,142,111,5306,3341,0,3571.0,2.739597474251066,6.0,0.7429971445684742,0.14771815101418995,0.85228184898581,0.49696139033434317,0.5,0.3649895722755702,0.27521847937954874
ICEWS14,3070,4723,53,128,3149,2290,0,3566.0,0.24509765248494336,2.0,0.24509765248494336,0.46539803861923656,0.5346019613807634,0.36481689431200115,0.5,0.13275070302956177,0.15821432624446885
ICEWS14,3071,4723,156,36,3155,0,0,3564.5,0.0,0.0,0.0,0.0,0.0,0.0,0.0,0.06266844042745784,0.00977672855419752
ICEWS14,3072,4723,155,213,4695,6644,0,3566.0,0.036218109949926164,1.0,0.08085207284143715,0.0,1.0,0.2886226322960329,0.5,0.08991946693751143,0.10118523403430939
ICEWS14,3073,4723,131,304,6823,6823,1,1.0,0.9611657480580811,1.0,0.9611657480580811,0.0,1.0,0.9999999999989596,0.5,0.3154870741711184,0.4603385493265481
ICEWS14,3074,4976,56,272,2582,0,0,3564.5,0.0,0.0,0.0,0.0,0.0,0.0,0.0,0.06266844042745784,0.00977672855419752
ICEWS14,3075,5484,38,281,433,4286,0,3567.5,2.469820378178407,24.0,0.9238395952400507,0.6765639783689221,0.8928825418428603,0.7616233386151114,0.7847232601058912,0.5481502735988626,0.7454149804678799
ICEWS14,3076,5484,38,294,4286,4286,1,1.0,4.495599698429136,27.0,0.9611657480580811,0.6610150596772508,0.9506684099283367,0.8826749171477342,0.8058417348027938,0.6092395576925893,0.7787875409811267
ICEWS14,3077,5484,229,29,4286,4286,1,1.0,0.8705505632961241,1.0,0.8705505632961241,0.0,1.0,0.9999999999988514,0.5,0.2823612352681468,0.43492005470572903
ICEWS14,3078,5484,222,317,3774,4286,0,3566.0,0.5460512955698953,16.0,0.13530487396734708,0.5963544134095977,0.825700368665099,0.6986051735315084,0.7110273910373484,0.1968010540098464,0.44945403719611243
ICEWS14,3079,5484,143,300,6407,6407,1,1.0,0.310010836178589,2.0,0.30475341355111885,0.016958835027435892,1.0,0.9999999999967744,0.508479417513718,0.14525293514987883,0.31253333240039194
ICEWS14,3080,5484,143,42,6407,6407,1,1.0,0.8705505632961241,1.0,0.8705505632961241,0.0,1.0,0.9999999999988514,0.5,0.2823612352681468,0.43492005470572903
ICEWS14,3081,5484,150,35,1135,6407,0,3565.5,0.24114639291308115,1.0,0.8879629756445782,0.0,1.0,0.15712119150718754,0.5,0.2790118743233,0.19463002135719631
ICEWS14,3082,5484,87,287,1942,4987,0,3565.0,0.09473228540689989,1.0,0.09473228540689989,0.0,1.0,0.9999999999894439,0.5,0.09219319592738373,0.2419237549170043
ICEWS14,3083,5484,149,13,6407,0,0,3564.5,0.0,0.0,0.0,0.0,0.0,0.0,0.0,0.06266844042745784,0.00977672855419752
ICEWS14,3084,5484,51,208,6407,6407,1,1.0,1.9290153853122796,5.0,0.7730166686334901,0.5992687904309535,1.0,0.9999999999994815,0.7996343952154767,0.3500955068128644,0.734855352001319
ICEWS14,3085,1328,160,342,4371,0,0,3564.5,0.0,0.0,0.0,0.0,0.0,0.0,0.0,0.06266844042745784,0.00977672855419752
ICEWS14,3086,6200,53,77,4569,4702,0,3564.0,2.1489236258644087,3.0,1.0,0.5346507488846897,1.0,0.9999999999995346,0.7673253744423448,0.40837728198646933,0.7431429365786442
ICEWS14,3087,6200,127,124,2236,3155,0,3565.0,1.9300076360991976,3.0,0.836743383392903,0.4335440791747709,1.0,0.9999999999994819,0.7167720395873854,0.3408020080283228,0.6615608807851653
ICEWS14,3088,5114,156,110,1145,1145,1,1.0,0.5100008047105996,1.0,0.5100008047105996,0.0,1.0,0.9999999999980392,0.5,0.17333115988607728,0.3382870103630394
ICEWS14,3089,5114,127,186,1145,1145,1,1.0,0.08751743620647534,1.0,0.08751743620647534,0.0,1.0,0.9999999999885737,0.5,0.09114446291545013,0.2404254572571972
ICEWS14,3090,5114,160,271,2683,4019,0,3568.0,0.19296272071819315,1.0,0.3714985722842371,0.0,1.0,0.35081935302719647,0.5,0.13979947224223838,0.14731329285284597
ICEWS14,3091,2297,160,212,4506,4463,0,2.0,1.2775289105102174,2.0,0.7284274237469965,0.4950491105234984,1.0,0.7946745327176107,0.7475245552617492,0.2702797064577859,0.5880081011506723
ICEWS14,3092,925,123,310,1077,6635,0,3.0,0.6654273348265052,3.0,0.7578582832551991,0.306096786951914,0.693903213048086,0.4380961865152764,0.5,0.29243932835803915,0.2752841786956743
ICEWS14,3093,925,123,303,6635,6635,1,1.0,0.7643752848852677,3.0,0.8705505632961241,0.306096786951914,0.693903213048086,0.43809618651531373,0.5,0.33451491894882107,0.30169806574561187
ICEWS14,3094,925,169,260,711,3262,0,3566.0,0.4117485289906987,2.0,0.22199074391114454,0.48515121371725567,1.0,0.9137689291650156,0.7425756068586278,0.12972331811618154,0.48889804326090736
ICEWS14,3095,925,115,175,6890,6635,0,3565.5,1.689527363727118,2.0,0.8705505632961241,0.4950491105234984,1.0,0.9607595670705895,0.7475245552617492,0.3261848906064573,0.6770190441917959
ICEWS14,3096,925,98,358,6890,6890,1,1.0,1.509246959196867,4.0,0.9803906099397734,0.5425959594261731,0.8635618935136156,0.543380745878878,0.7030789264698943,0.40887543385731284,0.5588488323591532
ICEWS14,3097,925,223,184,6868,6868,1,1.0,0.47038980522917384,1.0,0.9803906099397734,0.0,1.0,0.31561494558072567,0.5,0.31473462934373786,0.25072553917334056
ICEWS14,3098,925,53,242,6635,4805,0,3564.5,0.0,1.0,1.0,0.0,0.0,0.0,0.0,0.31444089581150797,0.03619909534280753
ICEWS14,3099,2063,158,278,6504,0,0,3564.5,0.0,0.0,0.0,0.0,0.0,0.0,0.0,0.06266844042745784,0.00977672855419752
ICEWS14,3100,5397,103,290,4377,986,0,3564.0,1.0,1.0,1.0,0.0,1.0,0.9999999999989999,0.5,0.33030722584940386,0.47130336916752824
ICEWS14,3101,1090,56,73,776,0,0,3564.5,0.0,0.0,0.0,0.0,0.0,0.0,0.0,0.06266844042745784,0.00977672855419752
ICEWS14,3102,1090,160,185,4463,1468,0,3568.5,0.387266100530157,1.0,0.836743383392903,0.0,1.0,0.3010883829578298,0.5,0.2641618055437294,0.21710615681706164
ICEWS14,3103,1090,160,86,6597,6597,1,1.0,0.14835145615296141,1.0,0.7578582832551991,0.0,1.0,0.10849439921285764,0.5,0.23617147493912438,0.16239017347259554
ICEWS14,3104,1090,90,159,4029,0,0,3564.5,0.0,0.0,0.0,0.0,0.0,0.0,0.0,0.06266844042745784,0.00977672855419752
ICEWS14,3105,5471,160,73,1872,4950,0,3565.0,0.2550004023552998,1.0,0.2550004023552998,0.0,1.0,0.9999999999960785,0.5,0.1184322245976781,0.2768185713339488
ICEWS14,3106,5471,150,160,1059,4278,0,3565.0,0.6034107630028751,2.0,0.4901953049698867,0.1876258512022082,1.0,0.9999999999983428,0.5938129256011041,0.19142832196260803,0.4428527617933679
ICEWS14,3107,5471,90,121,3993,0,0,3564.5,0.0,0.0,0.0,0.0,0.0,0.0,0.0,0.06266844042745784,0.00977672855419752
ICEWS14,3108,5471,61,45,6187,4278,0,3565.0,0.9423178739918808,1.0,0.9423178739918808,0.0,1.0,0.9999999999989388,0.5,0.30842497070347896,0.4550300124776501
ICEWS14,3109,2699,160,247,5036,4984,0,3566.5,0.004267741390705848,1.0,0.21763764082403103,0.0,1.0,0.009901778952979947,0.5,0.11026020810431836,0.08155781844631876
ICEWS14,3110,2699,2,343,5421,0,0,3564.5,0.0,0.0,0.0,0.0,0.0,0.0,0.0,0.06266844042745784,0.00977672855419752
ICEWS14,3111,2823,160,96,1519,6823,0,3565.0,0.8879629756445782,1.0,0.8879629756445782,0.0,1.0,0.9999999999988739,0.5,0.28856128263442826,0.4397821273454182
ICEWS14,3112,2823,42,14,1167,0,0,3564.5,0.0,0.0,0.0,0.0,0.0,0.0,0.0,0.06266844042745784,0.00977672855419752
ICEWS14,3113,4904,103,79,6635,6635,1,1.0,0.9803906099397734,1.0,0.9803906099397734,0.0,1.0,0.99999999999898,0.5,0.322779285591777,0.4657625428295966
ICEWS14,3114,4904,156,93,102,1176,0,3565.0,1.4048813631564636,5.0,0.3108489722987456,0.14889929593644158,1.0,0.9999999999992881,0.5744496479682208,0.19310818894472037,0.3921493525824847
ICEWS14,3115,4904,156,56,6062,1176,0,3565.0,2.923286365530308,5.0,0.646816582731497,0.14889929593644158,1.0,0.9999999999996579,0.5744496479682208,0.3191814412701785,0.46699344126994274
ICEWS14,3116,3719,6,140,6017,0,0,3564.5,0.0,0.0,0.0,0.0,0.0,0.0,0.0,0.06266844042745784,0.00977672855419752
ICEWS14,3117,3726,12,192,1183,0,0,3564.5,0.0,0.0,0.0,0.0,0.0,0.0,0.0,0.06266844042745784,0.00977672855419752
ICEWS14,3118,3726,38,155,1183,4417,0,2.0,0.12375038011007744,1.0,0.24509765248494336,0.0,1.0,0.33770526405047874,0.5,0.11573399480824478,0.12765324672452066
ICEWS14,3119,3726,6,324,1183,1183,1,1.0,1.0328441958940848,4.0,0.9803906099397734,0.06093095112936997,0.9945490185791912,0.9788496943158983,0.5277399848542805,0.4005381255436437,0.5319760586122505
ICEWS14,3120,972,162,351,2278,0,0,3564.5,0.0,0.0,0.0,0.0,0.0,0.0,0.0,0.06266844042745784,0.00977672855419752
ICEWS14,3121,793,160,138,6284,0,0,3564.5,0.0,0.0,0.0,0.0,0.0,0.0,0.0,0.06266844042745784,0.00977672855419752
ICEWS14,3122,3353,160,29,2664,0,0,3564.5,0.0,0.0,0.0,0.0,0.0,0.0,0.0,0.06266844042745784,0.00977672855419752
ICEWS14,3123,5803,156,311,2683,0,0,3564.5,0.0,0.0,0.0,0.0,0.0,0.0,0.0,0.06266844042745784,0.00977672855419752
ICEWS14,3124,5803,155,297,6410,0,0,3564.5,0.0,0.0,0.0,0.0,0.0,0.0,0.0,0.06266844042745784,0.00977672855419752
ICEWS14,3125,5911,53,51,5069,0,0,3564.5,0.0,0.0,0.0,0.0,0.0,0.0,0.0,0.06266844042745784,0.00977672855419752
ICEWS14,3126,846,160,259,4035,0,0,3564.5,0.0,0.0,0.0,0.0,0.0,0.0,0.0,0.06266844042745784,0.00977672855419752
ICEWS14,3127,2650,169,162,6329,2534,0,3566.0,0.6969951623119728,2.0,0.8534795977333005,0.11308219816234055,0.8869178018376594,0.5677698043962764,0.5,0.30445915720275696,0.31382214967455524
ICEWS14,3128,2650,169,231,3613,2545,0,3566.0,0.8206277752649902,3.0,0.5630865404461788,0.471783294030945,0.9365370243338097,0.6257643056197917,0.7041601591823774,0.23180246855928197,0.45955332790183195
ICEWS14,3129,2650,156,294,5232,0,0,3564.5,0.0,0.0,0.0,0.0,0.0,0.0,0.0,0.06266844042745784,0.00977672855419752
ICEWS14,3130,2650,160,9,5232,0,0,3564.5,0.0,0.0,0.0,0.0,0.0,0.0,0.0,0.06266844042745784,0.00977672855419752
ICEWS14,3131,2917,127,27,2277,0,0,3564.5,0.0,0.0,0.0,0.0,0.0,0.0,0.0,0.06266844042745784,0.00977672855419752
ICEWS14,3132,2974,185,246,3767,0,0,3564.5,0.0,0.0,0.0,0.0,0.0,0.0,0.0,0.06266844042745784,0.00977672855419752
ICEWS14,3133,2974,170,260,2445,0,0,3564.5,0.0,0.0,0.0,0.0,0.0,0.0,0.0,0.06266844042745784,0.00977672855419752
ICEWS14,3134,2974,86,341,6084,2445,0,3566.0,8.793982846122539e-05,2.0,0.11547994940500633,0.4851512137172558,0.5148487862827442,0.00019607122901973338,0.5,0.1079828532407708,0.08843444494054344
ICEWS14,3135,2974,160,230,235;6556,5219,0,3567.0,0.1378038087931004,5.0,0.9238395952400507,0.18805018220145298,0.811949817798547,0.06446045620567643,0.5,0.37838737975088715,0.22609487694009384
ICEWS14,3136,2974,160,233,2445,5219,0,3.0,0.12985499212989782,5.0,0.8705505632961241,0.18805018220145298,0.811949817798547,0.06446045620567449,0.5,0.3575226080936257,0.21520247508879156
ICEWS14,3137,2974,160,258,5674,5674,1,1.0,1.2276598445059193,4.0,0.7429971445684742,0.2113209450659641,0.7886790549340359,0.2917345553780306,0.5,0.3129743227039985,0.22845701845937674
ICEWS14,3138,2974,160,26,3767,2445,0,3563.5,0.0,1.0,1.0,0.0,0.0,0.0,0.0,0.31444089581150797,0.03619909534280753
ICEWS14,3139,2974,53,240,5762,6556,0,1.0,1.0,2.0,1.0,0.0,1.0,0.3377486972983249,0.5,0.3637786750647318,0.2704548933935224
ICEWS14,3140,2974,63,265,2695,2695,1,1.0,1.4140275801900344,2.0,0.9611657480580811,0.32026379009601225,1.0,0.9999999999992928,0.6601318950480062,0.3557410432573905,0.6362803493341007
ICEWS14,3141,2974,155,350,146,1874,0,3565.0,0.5100008047105996,1.0,0.5100008047105996,0.0,1.0,0.9999999999980392,0.5,0.17333115988607728,0.3382870103630394
ICEWS14,3142,2974,105,231,3767,5219,0,3564.0,1.0,1.0,1.0,0.0,1.0,0.9999999999989999,0.5,0.33030722584940386,0.47130336916752824
ICEWS14,3143,438,224,187,5495,6792,0,3564.5,0.17966464399236204,1.0,1.0,0.0,1.0,0.09869865099269624,0.5,0.317261132817051,0.20317804719059313
ICEWS14,3144,3147,171,48,5395,0,0,3564.5,0.0,0.0,0.0,0.0,0.0,0.0,0.0,0.06266844042745784,0.00977672855419752
ICEWS14,3145,3147,169,231,2460,1738,0,3565.5,0.15604509851020432,1.0,0.22643091606597668,0.0,1.0,0.5257287775039531,0.5,0.11281056351325167,0.15785119735802963
ICEWS14,3146,4313,61,74,6546,1459,0,3565.0,0.9238395952400507,1.0,0.9238395952400507,0.0,1.0,0.9999999999989175,0.5,0.3015872178185898,0.44983546847777767
ICEWS14,3147,4313,160,173,5267,1077,0,3565.0,0.9611657480580811,1.0,0.9611657480580811,0.0,1.0,0.9999999999989596,0.5,0.3154870741711184,0.4603385493265481
ICEWS14,3148,4313,53,175,6344,5267,0,3565.5,0.8479502900250927,1.0,0.9611657480580811,0.0,1.0,0.7892452745980251,0.5,0.3137137008851878,0.3877804238095566
ICEWS14,3149,4313,53,262,4483,562,0,3565.5,0.7352929574548301,1.0,0.9803906099397734,0.0,1.0,0.5999999999995105,0.5,0.31889967972636507,0.33176634176537745
ICEWS14,3150,3494,160,352,7061,1873,0,3566.5,0.5452357201975853,2.0,1.0,0.007601082655305791,0.9923989173446942,0.3708877414135113,0.5,0.3561677983657259,0.28634326737156335
ICEWS14,3151,3494,157,223,4587,1161,0,3564.0,1.0,1.0,1.0,0.0,1.0,0.9999999999989999,0.5,0.33030722584940386,0.47130336916752824
ICEWS14,3152,5004,160,239,2622,4737,0,3565.0,0.021879359051618842,1.0,0.021879359051618842,0.0,1.0,0.9999999999542949,0.5,0.08208673261281946,0.22708742113249078
ICEWS14,3153,5004,38,187,1161,0,0,3564.5,0.0,0.0,0.0,0.0,0.0,0.0,0.0,0.06266844042745784,0.00977672855419752
ICEWS14,3154,5004,142,362,3285,2300,0,3566.0,0.0809307426802636,3.0,0.04205938101976112,0.0,1.0,0.5101438446497988,0.5,0.1068224983912341,0.14489046102643904
ICEWS14,3155,5004,156,352,6785,0,0,3564.5,0.0,0.0,0.0,0.0,0.0,0.0,0.0,0.06266844042745784,0.00977672855419752
ICEWS14,3156,4019,53,324,2202,2199,0,3572.0,0.1149463070110881,1.0,0.8879629756445782,0.0,1.0,0.06920392276148538,0.5,0.27717143861160076,0.17662889489891279
ICEWS14,3157,4019,53,224,5114,2545,0,9.0,0.02319539838814516,1.0,0.40212454001574466,0.0,1.0,0.02969757256545047,0.5,0.1445442044357218,0.10221425086828627
ICEWS14,3158,3241,156,128,2661,1175,0,3565.5,0.2975316170916318,1.0,0.40212454001574466,0.0,1.0,0.5871745871256044,0.5,0.14702588845947834,0.20038710267439247
ICEWS14,3159,3241,127,218,3018,1077,0,3565.5,0.11254151697525344,1.0,0.13530487396734708,0.0,1.0,0.7119806193277312,0.5,0.09814832396362742,0.1807444559308382
ICEWS14,3160,3241,53,130,1375,6795,0,3565.5,0.7165976648856428,1.0,0.836743383392903,0.0,1.0,0.7488826693311635,0.5,0.26883823442110777,0.3416869044964748
ICEWS14,3161,3241,160,254,6568,6568,1,1.0,3.094102332872543,15.0,0.8042490800314893,0.7021008318711379,0.9952522245166144,0.975968022831803,0.8486765281938762,0.468987249972223,0.7938746162628798
ICEWS14,3162,3241,142,321,1019,4993,0,3565.5,1.316686685898786,2.0,0.6729500963161781,0.4900991917739813,1.0,0.99534338602633,0.7450495958869907,0.25290515844935,0.6380123008111573
ICEWS14,3163,745,169,233,2683,0,0,3564.5,0.0,0.0,0.0,0.0,0.0,0.0,0.0,0.06266844042745784,0.00977672855419752
ICEWS14,3164,2394,160,208,2442,2471,0,3565.0,0.35006974482590136,1.0,0.35006974482590136,0.0,1.0,0.9999999999971435,0.5,0.13688627279643642,0.2989258105262075
ICEWS14,3165,4410,160,69,2451,0,0,3564.5,0.0,0.0,0.0,0.0,0.0,0.0,0.0,0.06266844042745784,0.00977672855419752
ICEWS14,3166,6017,169,19,146,146,1,1.0,0.0,1.0,0.9803906099397734,0.0,0.0,0.0,0.0,0.3074119377660179,0.035388146018500696
ICEWS14,3167,6017,98,243,6568,3155,0,3567.5,0.3924118093757672,3.0,0.35707170313208786,0.49226273889200056,0.9861871575417499,0.3869520116909633,0.7392249482168752,0.17165428968075497,0.355246425735524
ICEWS14,3168,6017,98,7,3155,0,0,3564.5,0.0,0.0,0.0,0.0,0.0,0.0,0.0,0.06266844042745784,0.00977672855419752
ICEWS14,3169,6017,142,62,6888,2103,0,3567.5,0.059179140264393304,2.0,0.7884782461155736,0.0,1.0,0.019315534237258902,0.5,0.272646174375712,0.16156780410820254
ICEWS14,3170,6017,142,362,6888,6888,1,1.0,0.5053135729181295,4.0,0.6095068271022377,0.4057170564066074,0.5942829435933926,0.32686897267305143,0.5,0.2569151917367845,0.22749080990678733
ICEWS14,3171,6017,142,10,6889,2527,0,1.0,0.9803906099397734,2.0,1.0,0.0,1.0,0.32894702012205573,0.5,0.3634490521488066,0.26819467562799093
ICEWS14,3172,6017,156,292,4202,5036,0,3565.5,0.05419273669794315,3.0,0.024639945191111665,0.6242445301537365,1.0,0.7042033203441441,0.8121222650768682,0.10389253875753797,0.44652859171588105
ICEWS14,3173,906,160,216,3262,3262,1,1.0,0.40212454001574466,1.0,0.40212454001574466,0.0,1.0,0.9999999999975132,0.5,0.1479812952929724,0.31144995212146936
ICEWS14,3174,3990,53,221,2300,2300,1,1.0,0.009438737360393246,2.0,0.9803906099397734,0.19373788276158765,0.8062621172384123,0.003896277329025746,0.5,0.33989412351311415,0.20129083337984444
ICEWS14,3175,3990,53,170,3380,3380,1,1.0,0.9803906099397734,2.0,0.9803906099397734,0.0,1.0,0.33774869729832263,0.5,0.3558932898137753,0.26608692863212996
ICEWS14,3176,3990,160,172,2278,3159,0,3566.5,1.0629494818006426,6.0,0.9611657480580811,0.5251427715776995,0.69859045539059,0.3560634625897212,0.6118666134841447,0.4229793510841705,0.4272969814833888
ICEWS14,3177,3990,160,71,3159,3159,1,1.0,0.3170664520316462,1.0,0.3170664520316462,0.0,1.0,0.9999999999968462,0.5,0.13022048287333868,0.29113693651069905
ICEWS14,3178,3990,160,227,359,3159,0,3567.5,2.3042566192644025,12.0,0.4439814878222891,0.500577294033864,0.8786302079751678,0.6419613881539196,0.6896037510045159,0.29733291952076074,0.4539085666814681
ICEWS14,3179,3990,156,223,1181,3758,0,3566.5,1.0392604118095898,3.0,0.5202016416109183,0.30957235541227,1.0,0.5343284937875163,0.654786177706135,0.22200343460595506,0.3580059267231622
ICEWS14,3180,3990,156,221,1181,3758,0,3566.5,1.081249944569175,3.0,0.5412194958693883,0.30957235541227013,1.0,0.534328493787527,0.654786177706135,0.22867387683591564,0.3631974938404449
ICEWS14,3181,3990,90,220,2300,2290,0,1.5,0.0,1.0,0.9611657480580811,0.0,0.0,0.0,0.0,0.300606479968953,0.03461010449151721
ICEWS14,3182,3990,155,144,2300,2126,0,3564.0,1.0,1.0,1.0,0.0,1.0,0.9999999999989999,0.5,0.33030722584940386,0.47130336916752824
ICEWS14,3183,5455,229,271,6479,1148,0,3566.0,2.288638785797486,10.0,1.0,0.4101773212712736,0.7573304548139832,0.5483892755758702,0.5837538880426284,0.5020518783869081,0.47734631702947794
ICEWS14,3184,5455,229,217,1148,1148,1,1.0,1.3965835910359792,7.0,0.8534795977333005,0.6264118183533439,0.7267321559034559,0.4402141498405018,0.6765719871283999,0.3970401209935224,0.491516581269785
ICEWS14,3185,5455,229,237,1148,1148,1,1.0,0.9398310621012559,7.0,0.5743491774985175,0.6264118183533438,0.726732155903456,0.44021414984043433,0.6765719871283999,0.28536527423270147,0.41595835040673923
ICEWS14,3186,5455,160,237,3706,244,0,3569.5,0.5233730879952346,3.0,0.9803906099397734,0.16219512574323602,0.837804874256764,0.28804143463944243,0.5,0.3724851291974693,0.2784671820824014
ICEWS14,3187,5455,160,15,4879,0,0,3564.0,0.0,0.0,0.0,0.0,0.0,0.0,0.0,0.06266844042745784,0.00977672855419752
ICEWS14,3188,5455,160,108,3241,2427,0,3565.5,1.4129289108333691,4.0,0.8042490800314893,0.5707353815553571,0.8292922773132946,0.5417592330348341,0.7000138294343259,0.3384268758513223,0.5066535893739461
ICEWS14,3189,5455,173,240,1148,1148,1,1.0,0.3762152928283486,3.0,0.24509765248494336,0.348517571834138,1.0,0.999999999997342,0.674258785917069,0.1464816905544654,0.470813942721048
ICEWS14,3190,5455,38,134,1148,1148,1,1.0,4.436094461801228,22.0,0.9611657480580811,0.6997181617187737,0.5935789992016259,0.3270398856325483,0.6466485804601998,0.590997832390573,0.4658164072068614
ICEWS14,3191,5455,38,167,1148,1148,1,1.0,5.533960842503237,27.0,0.8042490800314893,0.7608263653196804,0.7593852408277081,0.5381915362289644,0.7601058030736942,0.5639015355744214,0.5921140430239747
ICEWS14,3192,5455,38,133,1148,1148,1,1.0,4.524823490581722,22.0,0.9803906099397734,0.6997181617187738,0.5935789992016259,0.3270398856325489,0.6466485804601998,0.6002968672768099,0.4701477483309286
ICEWS14,3193,5455,38,34,1148,1148,1,1.0,2.2571126735903286,4.0,0.9238395952400507,0.5074724510880273,0.8078244103746125,0.6264514608730796,0.65764843073132,0.3991750066219656,0.517199918051907
ICEWS14,3194,5455,38,89,1148,4265,0,2.0,1.1305701711925131,10.0,0.9423178739918808,0.7075581624824491,0.29244183751755093,0.09719466596337259,0.5,0.45700030170404804,0.27901132566114734
ICEWS14,3195,5455,38,281,4265,1148,0,2.0,5.960293687686067,52.0,0.9611657480580811,0.8098091543470397,0.6382213155987614,0.4420045784684226,0.7240152349729005,0.6863486616563342,0.6003918353894157
ICEWS14,3196,5455,222,126,4674,1148,0,3566.5,1.4964603101840168,8.0,0.7001394896518027,0.7020606836400698,0.7122429777502621,0.46714465824532,0.707151830695166,0.3488322829552039,0.4924754563306587
ICEWS14,3197,5455,222,118,5054,1148,0,3565.5,1.7533638931245292,8.0,0.820335356007638,0.7020606836400698,0.712242977750262,0.46714465824534135,0.7071518306951659,0.40025178275479323,0.5243807757765713
ICEWS14,3198,5455,159,275,1148,6479,0,3565.0,0.17503487241295065,1.0,0.17503487241295065,0.0,1.0,0.9999999999942868,0.5,0.10461574091869028,0.25902575950465706
ICEWS14,3199,5455,151,266,2547,1148,0,3565.0,0.016256301300341194,1.0,0.016256301300341194,0.0,1.0,0.9999999999384854,0.5,0.08135011554131727,0.22596943242871875
ICEWS14,3200,5455,51,93,6525,1148,0,3565.0,2.267762493649279,3.0,0.8534795977333005,0.3763531675488129,1.0,0.999999999999559,0.6881765837744065,0.3527014383413218,0.634096581721242
ICEWS14,3201,5455,156,309,6794,6979,0,3566.5,0.5,1.0,1.0,0.0,1.0,0.3333333333331111,0.5,0.3223228699649396,0.259705481448449
ICEWS14,3202,5455,156,327,1148,6979,0,4.0,0.35006974482590136,1.0,0.7001394896518027,0.0,1.0,0.3333333333330159,0.5,0.22171497186584974,0.19824544611124267
ICEWS14,3203,5455,6,259,1148,1148,1,1.0,0.4331139929181712,6.0,0.4183716916964515,0.2928696724878441,0.7955216184511754,0.5773464182295056,0.5441956454695098,0.22020926027315801,0.29036555963694244
ICEWS14,3204,5455,127,338,1148,4021,0,2.0,0.22324360523124429,1.0,0.2706097479346942,0.0,1.0,0.7020771442215816,0.5,0.12094068058918532,0.20253307114986807
ICEWS14,3205,5455,223,188,1148,1148,1,1.0,1.0050305551308851,2.0,0.9803906099397734,0.02451661301770358,1.0,0.9999999999990049,0.5122583065088517,0.356303703156186,0.49821726457434745
ICEWS14,3206,5455,223,321,4265,1148,0,3565.0,0.07215480908753782,2.0,0.07038581755577238,0.02451661301770358,1.0,0.9999999999861409,0.5122583065088517,0.10140372632674816,0.2614779608246644
ICEWS14,3207,4706,160,12,3155,0,0,3564.5,0.0,0.0,0.0,0.0,0.0,0.0,0.0,0.06266844042745784,0.00977672855419752
ICEWS14,3208,501,224,190,5496,5933,0,3565.0,1.080665764098178,2.0,0.6095068271022377,0.4359895100305369,1.0,0.9999999999990745,0.7179947550152684,0.23032647576739365,0.5986551804943355
ICEWS14,3209,3100,38,193,1145,1145,1,1.0,0.20823094689292393,4.0,0.08926792578302195,0.5713032711274895,1.0,0.9999999999951976,0.7856516355637447,0.12411263032321534,0.5535475695488618
ICEWS14,3210,3100,38,100,1145,1145,1,1.0,1.3134845743449426,4.0,0.5630865404461788,0.5713032711274895,1.0,0.9999999999992386,0.7856516355637447,0.2533127753995437,0.6709614723236911
ICEWS14,3211,3100,150,364,1145,1145,1,1.0,0.026677743960379974,4.0,0.020617311105826472,0.22717186519047705,1.0,0.9999999999625157,0.6135859325952385,0.11084933473478775,0.3608175942750636
ICEWS14,3212,467,224,146,1176,1176,1,1.0,1.6044667558944474,11.0,0.7884782461155736,0.6881397518296116,0.7141195088030103,0.4647737322864339,0.701129630316311,0.4100715034415673,0.524234842275017
ICEWS14,3213,467,50,53,6635,0,0,3564.5,0.0,0.0,0.0,0.0,0.0,0.0,0.0,0.06266844042745784,0.00977672855419752
ICEWS14,3214,2066,127,89,6410,3262,0,2.5,0.9135380448026065,2.0,1.0,0.21297628825416726,0.7870237117458327,0.5612511245387188,0.5,0.36232626296357995,0.35428352014010284
ICEWS14,3215,2066,127,336,1077;6410,6410,1,1.0,0.8531851765374934,5.0,0.9803906099397734,0.32917723933001175,0.6708227606699882,0.18086880803388433,0.5,0.4134268473393587,0.2693534978487847
ICEWS14,3216,2066,127,160,3159,3262,0,3566.5,0.4739060302368038,3.0,0.25,0.11813865633106146,0.8818613436689385,0.7302760980252919,0.5,0.1484047528229891,0.23191360772009587
ICEWS14,3217,2066,53,336,2240,45,0,3567.5,0.02314140699741119,1.0,0.043758718103237663,0.0,1.0,0.3594724198023915,0.5,0.0848945944204382,0.10666638826832406
ICEWS14,3218,2066,155,302,2596,6410,0,3567.0,0.09326425270629457,2.0,0.5520447568369061,0.0,1.0,0.04455445727202025,0.5,0.2019203576774709,0.13060858811056128
ICEWS14,3219,2066,155,299,6410,6410,1,1.0,0.8469210364197958,2.0,0.5858370854182298,0.0,1.0,0.5747871867544273,0.5,0.22044930308068877,0.24305686071156332
ICEWS14,3220,2066,160,290,5037,5037,1,1.0,0.9576227888330133,1.0,0.9803906099397734,0.0,1.0,0.9546077261525177,0.5,0.32241785727513445,0.44982452507195914
ICEWS14,3221,4217,191,78,3644,0,0,3564.5,0.0,0.0,0.0,0.0,0.0,0.0,0.0,0.06266844042745784,0.00977672855419752
ICEWS14,3222,3372,155,154,2327,3170,0,1.0,0.03883425194191892,1.0,1.0,0.0,1.0,0.01980161645202719,0.5,0.31504933639229626,0.1866805669302996
ICEWS14,3223,4089,56,246,5036,0,0,3564.5,0.0,0.0,0.0,0.0,0.0,0.0,0.0,0.06266844042745784,0.00977672855419752
ICEWS14,3224,4089,160,255,1010,6795,0,12.0,0.055241226582413205,1.0,0.4267397988666503,0.0,1.0,0.0692039227614404,0.5,0.15000806873135766,0.11024388249476225
ICEWS14,3225,4089,155,246,4319,0,0,3564.5,0.0,0.0,0.0,0.0,0.0,0.0,0.0,0.06266844042745784,0.00977672855419752
ICEWS14,3226,3473,169,211,2442,0,0,3564.5,0.0,0.0,0.0,0.0,0.0,0.0,0.0,0.06266844042745784,0.00977672855419752
ICEWS14,3227,3473,105,280,2223,6795,0,3565.0,0.12500000000000003,1.0,0.12500000000000003,0.0,1.0,0.999999999992,0.5,0.09671181062605465,0.24827842752571233
ICEWS14,3228,1493,224,133,5036,0,0,3564.5,0.0,0.0,0.0,0.0,0.0,0.0,0.0,0.06266844042745784,0.00977672855419752
ICEWS14,3229,2713,160,298,7084,5036,0,10.0,0.7309434174317123,3.0,0.43527528164806206,0.30535549855208866,0.6946445014479113,0.41745651989147103,0.5,0.1948944715590199,0.19960352706063733
ICEWS14,3230,2713,160,90,6871,7084,0,2.0,0.1502444490713506,3.0,0.9057236642639067,0.44481957973147224,0.5551804202685278,0.04827031743935234,0.5,0.33769135357313657,0.2174234008535904
ICEWS14,3231,2713,53,63,3341,6889,0,3565.0,0.5858370854182298,1.0,0.5858370854182298,0.0,1.0,0.999999999998293,0.5,0.19312816118309317,0.35780994083082673
ICEWS14,3232,2713,53,324,3380,3149,0,14.0,0.09427633573609329,1.0,1.0,0.0,1.0,0.04947009763477877,0.5,0.31591908276628516,0.1927355423655446
ICEWS14,3233,2713,53,148,359,3380,0,3567.0,0.7617613826527158,3.0,0.4901953049698867,0.5890274339358818,0.8138862107762331,0.4691294645115822,0.7014568223560574,0.2100887320033578,0.3900374233618461
ICEWS14,3234,2713,53,180,359,2300,0,3567.5,0.36586709593670774,1.0,1.0,0.0,1.0,0.22389066092895543,0.5,0.3201982228009744,0.2319579934742806
ICEWS14,3235,2713,127,302,359,3380,0,3568.0,0.23456252405565547,1.0,1.0,0.0,1.0,0.13286368237428148,0.5,0.31812557369176253,0.21071569321668973
ICEWS14,3236,2713,115,338,3341,5036,0,3565.5,0.10366407572537592,1.0,0.16493848884661177,0.0,1.0,0.45825890045675544,0.5,0.10256576868838933,0.13678415355916942
ICEWS14,3237,2713,156,73,5036,5036,1,1.0,0.961795557379207,2.0,0.8534795977333005,0.0,1.0,0.3976579481850467,0.5,0.30854786134709766,0.2537326419657882
ICEWS14,3238,2713,156,100,5290,5036,0,3566.0,0.5634555061032365,2.0,0.5,0.0,1.0,0.3976579481849305,0.5,0.19352686009582862,0.18587184660219808
ICEWS14,3239,635,160,285,5008,5079,0,3564.0,1.0,1.0,1.0,0.0,1.0,0.9999999999989999,0.5,0.33030722584940386,0.47130336916752824
ICEWS14,3240,3723,150,336,1171,1171,1,1.0,1.0406104249590993,9.0,0.9611657480580811,0.288794210163977,0.8251277911691417,0.6260032398417443,0.5569610006665593,0.4545838166061497,0.47597279576599294
ICEWS14,3241,3723,150,134,1171,6410,0,2.0,1.3573568121264037,3.0,0.9803906099397734,0.5716009825192436,0.7283380869470668,0.42158643018076736,0.6499695347331552,0.3867516125625482,0.4612630696842157
ICEWS14,3242,3723,6,77,1588,0,0,3564.5,0.0,0.0,0.0,0.0,0.0,0.0,0.0,0.06266844042745784,0.00977672855419752
ICEWS14,3243,3723,6,232,1171,1171,1,1.0,1.4617494444766337,4.0,0.9803906099397734,0.38041926895737277,0.94245666075071,0.858367637759052,0.6614379648540414,0.4080417600700304,0.6220894719030314
ICEWS14,3244,3723,38,195,4474,1171,0,2.0,4.48358749303303,17.0,1.0,0.7784475039903904,0.8258367291009304,0.664924298845068,0.8021421165456604,0.5859301545849436,0.7160166371348814
ICEWS14,3245,3723,38,196,5485,1171,0,3565.0,5.395667077012992,18.0,1.0,0.8125156126613111,0.8526178006137299,0.7089507690938491,0.8325667066375205,0.6066207824020731,0.7426726549564286
ICEWS14,3246,3723,38,111,1171,1171,1,1.0,2.5241847385597294,7.0,0.9803906099397734,0.5620595404796986,0.6362280922590738,0.40344999102759604,0.5991438163693863,0.4691470987532845,0.42504688468724766
ICEWS14,3247,3723,38,127,847,1171,0,3564.5,3.7998511342286303,9.0,1.0,0.728533398660377,0.7745083348420737,0.5829269532109971,0.7515208667512254,0.5207992153619295,0.6312045813070798
ICEWS14,3248,3723,156,141,5485,5210,0,3564.5,0.708298331652216,2.0,0.8879629756445782,0.48020614479804213,0.5197938552019579,0.26152891776137976,0.5,0.3169902474196748,0.25432453661546955
ICEWS14,3249,3723,156,197,5210,5210,1,1.0,0.14515659894735755,2.0,0.2929185427091149,0.48020614479804213,0.5197938552019579,0.14783236740797517,0.5,0.14135207853669202,0.1281517461460871
ICEWS14,3250,3723,61,136,1171,1171,1,1.0,0.36421371187349827,1.0,0.36421371187349827,0.0,1.0,0.9999999999972544,0.5,0.1398297748662734,0.3023001719874483
ICEWS14,3251,3825,155,50,5037,6410,0,1.0,0.05768212600811906,2.0,1.0,0.0,1.0,0.014778545105010442,0.5,0.3480881958629132,0.19787856913148047
ICEWS14,3252,3825,53,52,5037,6098,0,3563.5,0.0,2.0,1.0,0.0,0.0,0.0,0.0,0.3471379530400886,0.03911804422042387
ICEWS14,3253,3825,103,104,6508,0,0,3564.5,0.0,0.0,0.0,0.0,0.0,0.0,0.0,0.06266844042745784,0.00977672855419752
ICEWS14,3254,3017,155,328,3159,2290,0,3565.0,0.10053113500393618,1.0,0.10053113500393618,0.0,1.0,0.9999999999900527,0.5,0.09304394820877267,0.24313259353478722
ICEWS14,3255,5154,143,198,1077,5854,0,3565.0,0.39423912305778674,1.0,0.39423912305778674,0.0,1.0,0.9999999999974635,0.5,0.1462540641936299,0.3095343206735588
ICEWS14,3256,5154,53,139,5397,0,0,3564.5,0.0,0.0,0.0,0.0,0.0,0.0,0.0,0.06266844042745784,0.00977672855419752
ICEWS14,3257,5154,51,184,6890,0,0,3564.5,0.0,0.0,0.0,0.0,0.0,0.0,0.0,0.06266844042745784,0.00977672855419752
ICEWS14,3258,5154,160,159,1077,1077,1,1.0,0.5452727127714616,2.0,0.7141434062641757,0.23357165452564566,0.7664283454743543,0.41362141003512426,0.5,0.25534691649455393,0.24474516380354702
ICEWS14,3259,5154,85,154,1077,7111,0,1.0,0.19575091996851068,1.0,1.0,0.0,1.0,0.10849439921287683,0.5,0.31751430261981295,0.20531489219945956
ICEWS14,3260,5154,38,283,6179,5854,0,3567.5,0.2619633847483297,3.0,0.35707170313208786,0.584567584563958,0.41543241543604204,0.17978742196360004,0.5,0.17031107666383719,0.1527026766263523
ICEWS14,3261,5154,150,77,1077,0,0,3564.5,0.0,0.0,0.0,0.0,0.0,0.0,0.0,0.06266844042745784,0.00977672855419752
ICEWS14,3262,4154,160,349,2442,2981,0,3567.5,0.6635249518419108,1.0,1.0,0.0,1.0,0.4964738793708681,0.5,0.3249230453834392,0.3053598633758312
ICEWS14,3263,4154,156,120,2442,0,0,3564.5,0.0,0.0,0.0,0.0,0.0,0.0,0.0,0.06266844042745784,0.00977672855419752
ICEWS14,3264,5150,38,343,1469,1128,0,3565.5,0.004143332932328825,4.0,0.3298769776932236,0.17195907416814482,0.8280409258318552,0.005227378413417122,0.5,0.1727424170121993,0.11300062351584067
ICEWS14,3265,3569,155,236,4380,5002,0,3564.0,1.0,1.0,1.0,0.0,1.0,0.9999999999989999,0.5,0.33030722584940386,0.47130336916752824
ICEWS14,3266,3569,127,235,4380,1148,0,3565.5,0.0,1.0,0.26530325583334324,0.0,0.0,0.0,0.0,0.11829798311970154,0.015333687584758744
ICEWS14,3267,5824,160,327,5187,0,0,3564.5,0.0,0.0,0.0,0.0,0.0,0.0,0.0,0.06266844042745784,0.00977672855419752
ICEWS14,3268,5876,160,333,6202,0,0,3564.5,0.0,0.0,0.0,0.0,0.0,0.0,0.0,0.06266844042745784,0.00977672855419752
ICEWS14,3269,5527,127,156,3262,4319,0,3566.5,0.5713117987141341,2.0,0.7578582832551991,0.0,1.0,0.23506913281755712,0.5,0.2698733588402433,0.19722043568509748
ICEWS14,3270,5527,127,328,2290,5395,0,4.0,1.7516511703732212,7.0,0.8534795977333005,0.40419433252887194,0.7827717798734775,0.4593878946824229,0.5934830562011747,0.4032310631806544,0.40342427906187106
ICEWS14,3271,5527,127,338,5395,5395,1,1.0,2.3426650507132187,8.0,0.9057236642639067,0.5734561916485185,0.8444839360332688,0.5807773466678147,0.7089700638408936,0.4455305419244512,0.5732521530520098
ICEWS14,3272,5527,127,238,6410,6410,1,1.0,2.764785480438957,11.0,0.7730166686334901,0.5205631336115697,0.8217081596804205,0.4473325973954274,0.6711356466459951,0.42427468529494916,0.45579423603355884
ICEWS14,3273,5527,127,148,5395,4319,0,3566.5,0.6693912780474693,2.0,0.8879629756445782,0.0,1.0,0.2350691328175713,0.5,0.31637864601660365,0.22199355395989306
ICEWS14,3274,5527,142,140,2388,711,0,3565.5,0.4644124347649645,3.0,0.39423912305778674,0.36710313061368416,0.6328968693863158,0.2758733738343052,0.5,0.1814530861792249,0.16693931531567155
ICEWS14,3275,5527,155,224,6410,6410,1,1.0,1.7617229341977458,7.0,0.9611657480580811,0.45773720631220627,0.5422627936877937,0.348281980109956,0.5,0.44741499699376325,0.32274734723621246
ICEWS14,3276,5527,155,229,3159,6410,0,3566.5,6.403347978609128,12.0,1.0,0.39113981109281415,0.8209607555928912,0.6819939082867806,0.6060502833428527,0.5909765210591127,0.4870300741614039
ICEWS14,3277,5527,155,333,5395,5395,1,1.0,1.485683015330469,5.0,0.820335356007638,0.5046729971823747,0.4953270028176254,0.3162365763283332,0.5,0.3608547541473691,0.27249959080871916
ICEWS14,3278,5527,90,231,1523,2215,0,3565.0,0.17160254532566316,1.0,0.17160254532566316,0.0,1.0,0.9999999999941726,0.5,0.10405579991139677,0.25827892345687953
ICEWS14,3279,5527,115,85,711,0,0,3564.5,0.0,0.0,0.0,0.0,0.0,0.0,0.0,0.06266844042745784,0.00977672855419752
ICEWS14,3280,5527,156,343,3756,3652,0,3569.0,0.48670349556954995,2.0,0.7578582832551991,0.49504911052349854,0.5049508894765015,0.19351971023826398,0.5,0.2686640194786522,0.21224090564169457
ICEWS14,3281,5527,53,115,2713,711,0,3566.5,1.3183161573362487,5.0,0.5630865404461788,0.5189908443875173,0.9342726804998674,0.39728467536803935,0.7266317624436924,0.2661561941367106,0.4135010042434217
ICEWS14,3282,1953,127,34,4807,0,0,3564.5,0.0,0.0,0.0,0.0,0.0,0.0,0.0,0.06266844042745784,0.00977672855419752
ICEWS14,3283,328,103,205,3626,0,0,3564.5,0.0,0.0,0.0,0.0,0.0,0.0,0.0,0.06266844042745784,0.00977672855419752
ICEWS14,3284,328,156,271,1145,1971,0,2.0,0.6135236293158957,5.0,0.8042490800314893,0.713135489556738,0.286864510443262,0.12286084119854664,0.5,0.34030711331753216,0.2380079042392454
ICEWS14,3285,328,156,321,1145,1145,1,1.0,0.7201793645546468,12.0,0.9803906099397734,0.7168012666003305,0.2831987333996695,0.11609216209306394,0.5,0.48059841419310473,0.3069586533002424
ICEWS14,3286,328,127,363,1971,1145,0,4.0,2.3396046172879137,5.0,0.7884782461155736,0.3922813465866476,1.0,0.8999498877853186,0.6961406732933237,0.3628710357854563,0.6073942407524627
ICEWS14,3287,328,56,279,745,745,1,1.0,0.21501287932840007,1.0,0.8879629756445782,0.0,1.0,0.1377481444614797,0.5,0.27863014238031397,0.19053089439063117
ICEWS14,3288,328,158,262,6348,0,0,3564.5,0.0,0.0,0.0,0.0,0.0,0.0,0.0,0.06266844042745784,0.00977672855419752
ICEWS14,3289,4993,127,274,6410,6410,1,1.0,0.7730166686334901,1.0,0.7730166686334901,0.0,1.0,0.9999999999987064,0.5,0.24916949626846113,0.4079416265083591
ICEWS14,3290,4993,105,28,4418,4418,1,1.0,0.9611657480580811,1.0,0.9611657480580811,0.0,1.0,0.9999999999989596,0.5,0.3154870741711184,0.4603385493265481
ICEWS14,3291,4993,155,240,6890,6890,1,1.0,0.7907201161643345,2.0,0.597554769985219,0.35568868385083363,1.0,0.7430578732384473,0.6778443419254168,0.22312836448480336,0.46634931685394104
ICEWS14,3292,5488,156,275,1173,2455,0,3565.0,0.12254882624247168,1.0,0.12254882624247168,0.0,1.0,0.99999999999184,0.5,0.09633864077390064,0.2477596700658276
ICEWS14,3293,5488,38,194,6110,1173,0,3.0,2.6844376810531614,9.0,1.0,0.6972047421488681,0.82183768151753,0.6846857847866045,0.7595212118331991,0.5005545536534745,0.6845449386319853
ICEWS14,3294,5488,38,191,1513,1173,0,3566.5,1.7875472041270808,8.0,0.7141434062641757,0.7077385083369202,0.7444619812347338,0.5767268118256127,0.726100244785827,0.35902442488946834,0.5488400254409197
ICEWS14,3295,5488,160,137,6504,2266,0,3565.5,0.09604377952132312,2.0,0.11547994940500633,0.49504911052349854,0.5049508894765015,0.26579373877189627,0.5,0.10865610608409951,0.12435069842963407
ICEWS14,3296,6964,169,295,349,0,0,3564.5,0.0,0.0,0.0,0.0,0.0,0.0,0.0,0.06266844042745784,0.00977672855419752
ICEWS14,3297,5002,115,311,18,382,0,3565.0,0.2706097479346942,1.0,0.2706097479346942,0.0,1.0,0.9999999999963047,0.5,0.12130696393980464,0.28037844439994325
ICEWS14,3298,5002,53,306,3380,382,0,6.0,0.8971233416571951,4.0,0.8042490800314893,0.5583385780482407,0.7570710142398681,0.32684440179319746,0.6577047961440544,0.33008912154425,0.399843734127157
ICEWS14,3299,5002,53,278,2103,382,0,3.0,1.3262201537886291,3.0,1.0,0.4350926038629247,0.8587731509657311,0.5989658832454023,0.6469328774143279,0.3940210049257168,0.5188500495365996
ICEWS14,3300,4004,160,293,6360,3358,0,3567.0,0.26871860006776,1.0,0.3865083343167451,0.0,1.0,0.5328566909476522,0.5,0.1435219403824095,0.18552829732583728
ICEWS14,3301,4004,53,321,4453,2547,0,15.0,0.07662970758022425,4.0,0.646816582731497,0.467153175209152,0.532846824790848,0.032592476856507256,0.5,0.26293241200092893,0.17393139238929584
ICEWS14,3302,4004,53,310,4599,2547,0,2.0,0.09528106339546394,4.0,0.8042490800314893,0.467153175209152,0.532846824790848,0.03259247685650982,0.5,0.3173385177544742,0.20253124461190042
ICEWS14,3303,4004,90,44,1161,5082,0,3565.5,0.23767481466811602,1.0,0.6729500963161781,0.0,1.0,0.2144643313479244,0.5,0.2125948017805608,0.1687258994713787
ICEWS14,3304,6871,207,337,2100,2100,1,1.0,0.22199074391114454,1.0,0.22199074391114454,0.0,1.0,0.9999999999954953,0.5,0.11254678004047267,0.26938296942497
ICEWS14,3305,6871,133,55,7084,0,0,3564.5,0.0,0.0,0.0,0.0,0.0,0.0,0.0,0.06266844042745784,0.00977672855419752
ICEWS14,3306,3657,160,293,3262,5037,0,3565.0,0.1407716351115447,1.0,0.1407716351115447,0.0,1.0,0.9999999999928962,0.5,0.09914390354758139,0.2516336436499563
ICEWS14,3307,3657,61,105,3262,0,0,3564.5,0.0,0.0,0.0,0.0,0.0,0.0,0.0,0.06266844042745784,0.00977672855419752
ICEWS14,3308,3657,127,98,1077,1077,1,1.0,0.7001394896518027,1.0,0.7001394896518027,0.0,1.0,0.9999999999985717,0.5,0.22613414722036768,0.38813031045024166
ICEWS14,3309,514,156,112,1140,0,0,3564.5,0.0,0.0,0.0,0.0,0.0,0.0,0.0,0.06266844042745784,0.00977672855419752
ICEWS14,3310,5463,150,75,3922,1154,0,1.0,1.4865698246968833,5.0,1.0,0.15154602613567625,0.8484539738643238,0.2728977465435591,0.5,0.4326621373774312,0.28205367297179257
ICEWS14,3311,5463,149,106,3922,0,0,3564.5,0.0,0.0,0.0,0.0,0.0,0.0,0.0,0.06266844042745784,0.00977672855419752
ICEWS14,3312,5463,38,147,3132,1154,0,3567.0,1.9642918015094657,7.0,0.6095068271022377,0.5953262063994886,0.7858556355479114,0.5053980412017196,0.6905909209737,0.31329485994948336,0.4434171843254526
ICEWS14,3313,5463,38,258,1146;1154,1154,1,2.5,3.67755980080451,18.0,0.9057236642639067,0.7096352001656862,0.7517670677859898,0.5817198736739422,0.730701133975838,0.5375764171897123,0.6173018459794818
ICEWS14,3314,5463,0,93,1154,0,0,3564.5,0.0,0.0,0.0,0.0,0.0,0.0,0.0,0.06266844042745784,0.00977672855419752
ICEWS14,3315,5463,127,224,4581,1154,0,3565.0,0.03251260260068239,1.0,0.03251260260068239,0.0,1.0,0.9999999999692427,0.5,0.08349630089248997,0.2292122057375646
ICEWS14,3316,5463,6,177,1154,7015,0,3565.5,0.2287653822861419,1.0,0.5858370854182298,0.0,1.0,0.24261666140329055,0.5,0.18911829018516152,0.16005986512555634
ICEWS14,3317,2298,160,259,6263,1386,0,3566.5,1.0534276051400657,2.0,0.9057236642639067,0.2592975260482152,1.0,0.7566897367195152,0.6296487630241077,0.32896898446587386,0.5092275105581465
ICEWS14,3318,2298,61,127,5395,0,0,3564.5,0.0,0.0,0.0,0.0,0.0,0.0,0.0,0.06266844042745784,0.00977672855419752
ICEWS14,3319,3788,56,47,5197,1185,0,3565.0,0.8879629756445782,1.0,0.8879629756445782,0.0,1.0,0.9999999999988739,0.5,0.28856128263442826,0.4397821273454182
ICEWS14,3320,3788,156,50,1185,1185,1,1.0,3.3913902800774895,4.0,0.9803906099397734,0.7109177862250131,1.0,0.9999999999997051,0.8554588931125066,0.4422853522770893,0.7975463933263339
ICEWS14,3321,3788,86,49,2461,2461,1,1.0,0.9423178739918808,1.0,0.9423178739918808,0.0,1.0,0.9999999999989388,0.5,0.30842497070347896,0.4550300124776501
ICEWS14,3322,2796,160,183,4417,3005,0,3565.0,0.7284274237469965,1.0,0.7284274237469965,0.0,1.0,0.9999999999986272,0.5,0.23489271923396138,0.39578030556394517
ICEWS14,3323,2690,169,324,711,0,0,3564.5,0.0,0.0,0.0,0.0,0.0,0.0,0.0,0.06266844042745784,0.00977672855419752
ICEWS14,3324,2690,123,207,3262,0,0,3564.5,0.0,0.0,0.0,0.0,0.0,0.0,0.0,0.06266844042745784,0.00977672855419752
ICEWS14,3325,5451,222,148,3015,1179,0,3564.5,0.7690401011899873,1.0,1.0,0.0,1.0,0.624748297595076,0.5,0.32660657929782394,0.3445564650059361
ICEWS14,3326,5451,222,310,5859,1060,0,3568.0,4.670124162072761,10.0,0.8879629756445782,0.5346066614336934,0.8533418736261336,0.7124782945759759,0.6939742675299134,0.49843948002240673,0.5723003537154515
ICEWS14,3327,5451,222,75,1060,1060,1,1.0,0.9803906099397734,1.0,0.9803906099397734,0.0,1.0,0.99999999999898,0.5,0.322779285591777,0.4657625428295966
ICEWS14,3328,5451,38,350,1060,1486,0,5.0,1.4871673886152998,11.0,0.820335356007638,0.583307669071091,0.7517510464770107,0.43618356799433167,0.6675293577740509,0.4209460085143347,0.4875715378087495
ICEWS14,3329,5451,38,131,1050,1486,0,3.0,0.16394948869679293,4.0,0.8042490800314893,0.626956253977336,0.373043746022664,0.03952616570852682,0.5,0.3184201321517446,0.21124655898732056
ICEWS14,3330,5451,38,73,1050,1060,0,2.0,0.723207267115139,2.0,0.820335356007638,0.48020614479804224,0.5197938552019578,0.29722719392865327,0.5,0.2932395886363041,0.24861236053249355
ICEWS14,3331,5451,160,35,1486,0,0,3564.5,0.0,0.0,0.0,0.0,0.0,0.0,0.0,0.06266844042745784,0.00977672855419752
ICEWS14,3332,5451,168,189,1060,0,0,3564.5,0.0,0.0,0.0,0.0,0.0,0.0,0.0,0.06266844042745784,0.00977672855419752
ICEWS14,3333,1246,222,83,3947,0,0,3564.5,0.0,0.0,0.0,0.0,0.0,0.0,0.0,0.06266844042745784,0.00977672855419752
ICEWS14,3334,927,142,280,1329,2225,0,3567.0,0.125050669080113,1.0,0.2987773849926094,0.0,1.0,0.2646552037121104,0.5,0.12525744958416,0.12311057341510871
ICEWS14,3335,927,138,315,1161,0,0,3564.5,0.0,0.0,0.0,0.0,0.0,0.0,0.0,0.06266844042745784,0.00977672855419752
ICEWS14,3336,927,207,12,2327,0,0,3564.5,0.0,0.0,0.0,0.0,0.0,0.0,0.0,0.06266844042745784,0.00977672855419752
ICEWS14,3337,329,159,25,2988,0,0,3564.5,0.0,0.0,0.0,0.0,0.0,0.0,0.0,0.06266844042745784,0.00977672855419752
ICEWS14,3338,329,6,244,6618,2296,0,3568.5,0.4350403829123255,2.0,0.5858370854182298,0.07902115683877542,0.9209788431612246,0.5196591149450068,0.5,0.21535051298880512,0.2375628032190765
ICEWS14,3339,329,6,69,3159,3211,0,3565.5,0.10206806481292097,1.0,0.7884782461155736,0.0,1.0,0.06920392276148009,0.5,0.24491528099940668,0.1600640320764706
ICEWS14,3340,329,6,143,669,4723,0,3568.0,0.410167678003819,1.0,0.820335356007638,0.0,1.0,0.3333333333330624,0.5,0.25917963170518915,0.2214762121941672
ICEWS14,3341,329,4,327,6901,0,0,3564.5,0.0,0.0,0.0,0.0,0.0,0.0,0.0,0.06266844042745784,0.00977672855419752
ICEWS14,3342,329,156,36,3922,1793,0,3564.0,1.0,1.0,1.0,0.0,1.0,0.9999999999989999,0.5,0.33030722584940386,0.47130336916752824
ICEWS14,3343,329,156,204,3322,3155,0,3571.5,0.08709621184714766,1.0,0.9238395952400507,0.0,1.0,0.049470097634776694,0.5,0.2889406943311385,0.1789995727964902
ICEWS14,3344,329,160,37,3922,3155,0,3565.0,0.836743383392903,1.0,0.836743383392903,0.0,1.0,0.999999999998805,0.5,0.27055724802985914,0.42551652872510165
ICEWS14,3345,329,160,328,6823,5745,0,3575.0,0.4693934883333136,1.0,1.0,0.0,1.0,0.30667156108063437,0.5,0.32183741575848257,0.2527267581606176
ICEWS14,3346,329,61,254,5158,0,0,3564.5,0.0,0.0,0.0,0.0,0.0,0.0,0.0,0.06266844042745784,0.00977672855419752
ICEWS14,3347,329,10,216,776,0,0,3564.5,0.0,0.0,0.0,0.0,0.0,0.0,0.0,0.06266844042745784,0.00977672855419752
ICEWS14,3348,329,56,73,6052,5154,0,3566.0,0.41730406949359466,1.0,0.9803906099397734,0.0,1.0,0.27036621137473643,0.5,0.31390351142925194,0.23924436707840593
ICEWS14,3349,329,169,317,5733,0,0,3564.5,0.0,0.0,0.0,0.0,0.0,0.0,0.0,0.06266844042745784,0.00977672855419752
ICEWS14,3350,6984,160,169,4463,0,0,3564.5,0.0,0.0,0.0,0.0,0.0,0.0,0.0,0.06266844042745784,0.00977672855419752
ICEWS14,3351,4489,222,70,1469,0,0,3564.5,0.0,0.0,0.0,0.0,0.0,0.0,0.0,0.06266844042745784,0.00977672855419752
ICEWS14,3352,425,229,4,13,0,0,3564.5,0.0,0.0,0.0,0.0,0.0,0.0,0.0,0.06266844042745784,0.00977672855419752
ICEWS14,3353,4036,160,116,679,4082,0,3565.0,0.11099537195557226,1.0,0.11099537195557226,0.0,1.0,0.9999999999909905,0.5,0.09459700209944827,0.24532434146359974
ICEWS14,3354,2237,155,51,4723,0,0,3564.5,0.0,0.0,0.0,0.0,0.0,0.0,0.0,0.06266844042745784,0.00977672855419752
ICEWS14,3355,6705,127,121,3459,3380,0,3567.0,0.008043137988074323,1.0,0.410167678003819,0.0,1.0,0.009901778952990912,0.5,0.14607877586103235,0.10057113794747231
ICEWS14,3356,6705,155,324,929,3262,0,3565.0,0.023343871115010465,4.0,0.006039192723699144,0.23900257733394226,1.0,0.9999999999571623,0.6195012886669711,0.10844467567527341,0.3625170853712133
ICEWS14,3357,6705,160,77,5421,5421,1,1.0,0.9803906099397734,1.0,0.9803906099397734,0.0,1.0,0.99999999999898,0.5,0.322779285591777,0.4657625428295966
ICEWS14,3358,6705,53,337,5883,711,0,3568.0,0.12053878816497489,2.0,0.16170414568287425,0.020999864393040468,0.9790001356069595,0.5745230259613014,0.5,0.11655908538841758,0.16907361233919946
ICEWS14,3359,3977,127,241,3155,4702,0,3564.0,1.0,1.0,1.0,0.0,1.0,0.9999999999989999,0.5,0.33030722584940386,0.47130336916752824
ICEWS14,3360,3977,115,261,5390,5390,1,1.0,0.9803906099397734,1.0,0.9803906099397734,0.0,1.0,0.99999999999898,0.5,0.322779285591777,0.4657625428295966
ICEWS14,3361,2596,142,257,366,150,0,3567.5,0.2344982705894082,1.0,0.820335356007638,0.0,1.0,0.16676352322156074,0.5,0.25673696824624076,0.18439200864730723
ICEWS14,3362,2596,142,216,3951,3951,1,1.0,0.7400991729252532,1.0,0.9803906099397734,0.0,1.0,0.6062997115188657,0.5,0.3189755179324856,0.333721797309239
ICEWS14,3363,2596,127,152,3372,0,0,3564.5,0.0,0.0,0.0,0.0,0.0,0.0,0.0,0.06266844042745784,0.00977672855419752
ICEWS14,3364,6955,156,354,3155,829,0,3565.0,1.8850053432981317,2.0,0.9611657480580811,0.0,1.0,0.9999999999994694,0.5,0.3636204451189505,0.46577182221352864
ICEWS14,3365,1683,127,43,2083,0,0,3564.5,0.0,0.0,0.0,0.0,0.0,0.0,0.0,0.06266844042745784,0.00977672855419752
ICEWS14,3366,1683,161,45,2083,2083,1,1.0,0.9803906099397734,1.0,0.9803906099397734,0.0,1.0,0.99999999999898,0.5,0.322779285591777,0.4657625428295966
ICEWS14,3367,5969,156,334,1827,1077,0,3565.0,0.015937525147206245,1.0,0.015937525147206245,0.0,1.0,0.9999999999372551,0.5,0.08130853703067836,0.22590616953033088
ICEWS14,3368,6416,103,143,194,0,0,3564.5,0.0,0.0,0.0,0.0,0.0,0.0,0.0,0.06266844042745784,0.00977672855419752
ICEWS14,3369,1596,160,347,1077,1077,1,1.0,1.7262095867580816,7.0,0.7141434062641757,0.6324938115885135,0.9199994463857234,0.5472233459263448,0.7762466289871184,0.34819348587660176,0.572086618409361
ICEWS14,3370,1596,160,295,986,1077,0,3567.0,0.24797347965546557,3.0,0.3108489722987456,0.4314613978729992,0.5685386021270008,0.29327639822862345,0.5,0.15952387423253614,0.16119575927197466
ICEWS14,3371,4416,224,31,1179,0,0,3564.5,0.0,0.0,0.0,0.0,0.0,0.0,0.0,0.06266844042745784,0.00977672855419752
ICEWS14,3372,4416,223,69,5681,0,0,3564.5,0.0,0.0,0.0,0.0,0.0,0.0,0.0,0.06266844042745784,0.00977672855419752
ICEWS14,3373,4416,130,325,3159,0,0,3564.5,0.0,0.0,0.0,0.0,0.0,0.0,0.0,0.06266844042745784,0.00977672855419752
ICEWS14,3374,900,191,251,1140,0,0,3564.5,0.0,0.0,0.0,0.0,0.0,0.0,0.0,0.06266844042745784,0.00977672855419752
ICEWS14,3375,3268,155,49,929,0,0,3564.5,0.0,0.0,0.0,0.0,0.0,0.0,0.0,0.06266844042745784,0.00977672855419752
ICEWS14,3376,5311,53,211,1843,2103,0,3567.5,0.25124726840799205,2.0,0.8879629756445782,0.0,1.0,0.07774610827880539,0.5,0.30984595538346527,0.1892207709115007
ICEWS14,3377,5311,53,199,4302,6293,0,3567.0,0.6383217499796828,2.0,0.7284274237469965,0.0,1.0,0.28410009503933875,0.5,0.26121990882454965,0.2022389245121369
ICEWS14,3378,5311,90,225,6293,6293,1,1.0,0.3364750481580891,1.0,0.3364750481580891,0.0,1.0,0.999999999997028,0.5,0.13410638824326268,0.2957029479271288
ICEWS14,3379,2246,156,333,3566,6335,0,3564.5,0.09427633573609329,1.0,1.0,0.0,1.0,0.04947009763477877,0.5,0.31591908276628516,0.1927355423655446
ICEWS14,3380,2246,160,22,6017,956,0,3565.0,0.836743383392903,1.0,0.836743383392903,0.0,1.0,0.999999999998805,0.5,0.27055724802985914,0.42551652872510165
ICEWS14,3381,2246,160,317,3566,3566,1,1.0,1.0658184030865874,7.0,0.8534795977333005,0.5241159898906564,0.7867720236944885,0.42275853937794994,0.6554440067925724,0.3913023807344374,0.4640817181894823
ICEWS14,3382,5331,160,119,4304,0,0,3564.5,0.0,0.0,0.0,0.0,0.0,0.0,0.0,0.06266844042745784,0.00977672855419752
ICEWS14,3383,5948,160,280,3155,3155,1,1.0,3.492285315810349,9.0,0.9611657480580811,0.7048905176788097,1.0,0.9999999999997137,0.8524452588394049,0.49898238640458015,0.8125694178338664
ICEWS14,3384,5422,160,317,1462,1462,1,1.5,0.0,1.0,0.05026556750196808,0.0,0.0,0.0,0.0,0.08561248065360078,0.011891906733228302
ICEWS14,3385,5422,222,168,1462,0,0,3564.5,0.0,0.0,0.0,0.0,0.0,0.0,0.0,0.06266844042745784,0.00977672855419752
ICEWS14,3386,4581,156,274,1154,6291,0,3.0,0.5501894991523107,1.0,0.646816582731497,0.0,1.0,0.7400553990618677,0.5,0.20909707989915938,0.2920251358730425
ICEWS14,3387,4581,160,63,4854,5463,0,3565.0,0.646816582731497,1.0,0.646816582731497,0.0,1.0,0.999999999998454,0.5,0.21026026310865065,0.37386151215348074
ICEWS14,3388,4581,127,257,1154,5463,0,3566.5,0.3875500136942467,1.0,0.5202016416109183,0.0,1.0,0.5936249870879677,0.5,0.1745051880136546,0.2246493531032264
ICEWS14,3389,930,148,295,929,0,0,3564.5,0.0,0.0,0.0,0.0,0.0,0.0,0.0,0.06266844042745784,0.00977672855419752
ICEWS14,3390,930,127,290,929,929,1,1.0,0.9803906099397734,1.0,0.9803906099397734,0.0,1.0,0.99999999999898,0.5,0.322779285591777,0.4657625428295966
ICEWS14,3391,1496,224,97,4397,4397,1,1.0,0.2802511202879707,1.0,0.9803906099397734,0.0,1.0,0.16676352322158,0.5,0.3117633108965931,0.21450493256515074
ICEWS14,3392,1496,224,323,6485,6485,1,1.0,2.3738615081830985,4.0,0.8879629756445782,0.27156548097402367,0.7284345190259763,0.5698555514219528,0.5,0.3868796973913393,0.3327027173008631
ICEWS14,3393,1626,155,341,3566,1077,0,3566.5,0.00206638509322047,3.0,0.01093967952580942,0.5977936094859604,0.4022063905140396,0.03948610725774772,0.5,0.10143220226293896,0.0902292190774506
ICEWS14,3394,1626,155,96,1077,1612,0,3565.0,0.8705505632961241,1.0,0.8705505632961241,0.0,1.0,0.9999999999988514,0.5,0.2823612352681468,0.43492005470572903
ICEWS14,3395,1626,6,153,1077,1077,1,1.0,0.9803906099397734,1.0,0.9803906099397734,0.0,1.0,0.99999999999898,0.5,0.322779285591777,0.4657625428295966
ICEWS14,3396,1626,85,62,3262,0,0,3564.5,0.0,0.0,0.0,0.0,0.0,0.0,0.0,0.06266844042745784,0.00977672855419752
ICEWS14,3397,1626,90,119,6291,6291,1,1.0,0.9803906099397734,1.0,0.9803906099397734,0.0,1.0,0.99999999999898,0.5,0.322779285591777,0.4657625428295966
ICEWS14,3398,1762,160,168,2455,2596,0,3567.5,0.40151809634925295,1.0,0.7730166686334901,0.0,1.0,0.3508193530275277,0.5,0.2441549681158913,0.21620122864932845
ICEWS14,3399,1762,160,9,6411,0,0,3564.5,0.0,0.0,0.0,0.0,0.0,0.0,0.0,0.06266844042745784,0.00977672855419752
ICEWS14,3400,1762,6,170,6504,0,0,3564.5,0.0,0.0,0.0,0.0,0.0,0.0,0.0,0.06266844042745784,0.00977672855419752
ICEWS14,3401,1762,155,303,6360,6504,0,3565.0,0.09287464307105926,1.0,0.09287464307105926,0.0,1.0,0.9999999999892327,0.5,0.09192214172982692,0.2415373740188504
ICEWS14,3402,1357,53,21,6364,6364,1,1.0,0.9803906099397734,1.0,0.9803906099397734,0.0,1.0,0.99999999999898,0.5,0.322779285591777,0.4657625428295966
ICEWS14,3403,566,160,140,5565,5455,0,3567.0,0.10984004664364933,1.0,0.9803906099397734,0.0,1.0,0.05934280798971192,0.5,0.309113368231206,0.19115254820285707
ICEWS14,3404,566,53,114,5395,537,0,3565.0,0.36421371187349827,1.0,0.36421371187349827,0.0,1.0,0.9999999999972544,0.5,0.1398297748662734,0.3023001719874483
ICEWS14,3405,566,53,92,545,537,0,3565.0,0.5630865404461788,1.0,0.5630865404461788,0.0,1.0,0.9999999999982241,0.5,0.18701451129895075,0.3518998933245254
ICEWS14,3406,566,90,292,3364,4465,0,3569.0,0.29121949586938833,1.0,0.5412194958693883,0.0,1.0,0.36806410533278083,0.5,0.1785999904062658,0.17744540280620522
ICEWS14,3407,566,91,149,978,978,1,1.0,0.9803906099397734,1.0,0.9803906099397734,0.0,1.0,0.99999999999898,0.5,0.322779285591777,0.4657625428295966
ICEWS14,3408,2248,53,203,5824,670,0,3567.5,0.33357402720827645,1.0,0.9803906099397734,0.0,1.0,0.20499788146859568,0.5,0.31259504606747196,0.22338239484167802
ICEWS14,3409,2248,142,352,2266,0,0,3564.5,0.0,0.0,0.0,0.0,0.0,0.0,0.0,0.06266844042745784,0.00977672855419752
ICEWS14,3410,2248,162,329,2686,0,0,3564.5,0.0,0.0,0.0,0.0,0.0,0.0,0.0,0.06266844042745784,0.00977672855419752
ICEWS14,3411,2248,123,251,2262,0,0,3564.5,0.0,0.0,0.0,0.0,0.0,0.0,0.0,0.06266844042745784,0.00977672855419752
ICEWS14,3412,2695,127,166,6559,3155,0,3565.0,1.6693235792000256,5.0,0.4901953049698867,0.5545620713000581,1.0,0.9999999999994009,0.777281035650029,0.24774640293587097,0.6465632630771759
ICEWS14,3413,2695,169,238,3767,6823,0,3565.0,0.018127910358074185,2.0,0.009153704459659845,0.0,1.0,0.9999999999448366,0.5,0.09211373093961346,0.2388019764618253
ICEWS14,3414,2695,169,311,1077,6823,0,3565.0,0.004270563487133965,2.0,0.002156424831394166,0.0,1.0,0.9999999997658388,0.5,0.09105600166648802,0.23744060266661948
ICEWS14,3415,2695,53,159,2453,3341,0,3567.0,0.13410228052937112,1.0,0.24509765248494336,0.0,1.0,0.37659339364957417,0.5,0.11581097547047972,0.13397349709992318
ICEWS14,3416,2695,156,248,3767,3933,0,3565.5,0.7320574650426648,1.0,0.7429971445684742,0.0,1.0,0.9709798508928466,0.5,0.23934987314763048,0.3898769261012611
ICEWS14,3417,2695,156,221,5219,2445,0,3565.0,0.018673586562038092,1.0,0.018673586562038092,0.0,1.0,0.9999999999464485,0.5,0.08166603725352284,0.22644956427257218
ICEWS14,3418,2695,160,92,5370,2445,0,3566.5,1.7811162864885715,7.0,0.6729500963161781,0.7359107182562268,0.6991111135545381,0.5056803932299442,0.7175109159053825,0.3336059388030387,0.4996425499565911
ICEWS14,3419,2695,160,350,1874,2445,0,3570.5,4.267455100730055,23.0,1.0,0.8101550025815307,0.8441045885047233,0.6808912121655704,0.8271297955431269,0.6073836477084923,0.753500342544843
ICEWS14,3420,2695,160,58,146,2445,0,3566.0,3.3277858928251907,6.0,0.9423178739918808,0.6460954845831824,0.8785619838749986,0.7508753264914665,0.7623287342290905,0.4557250585206828,0.6647239846765006
ICEWS14,3421,2695,160,69,2445,2445,1,1.0,2.6763687428464276,6.0,0.7578582832551991,0.6460954845831824,0.8785619838749985,0.7508753264914252,0.7623287342290905,0.369700514729986,0.6235839772077341
ICEWS14,3422,2695,61,257,2445,0,0,3564.5,0.0,0.0,0.0,0.0,0.0,0.0,0.0,0.06266844042745784,0.00977672855419752
ICEWS14,3423,2695,6,87,2445,0,0,3564.5,0.0,0.0,0.0,0.0,0.0,0.0,0.0,0.06266844042745784,0.00977672855419752
ICEWS14,3424,2404,115,222,1856,0,0,3564.5,0.0,0.0,0.0,0.0,0.0,0.0,0.0,0.06266844042745784,0.00977672855419752
ICEWS14,3425,2404,160,36,1856,1523,0,3565.0,0.5412194958693883,1.0,0.5412194958693883,0.0,1.0,0.9999999999981524,0.5,0.18127976746005783,0.3462617701085022
ICEWS14,3426,2404,207,148,5227,1077,0,3565.0,0.24029143701452027,1.0,0.24029143701452027,0.0,1.0,0.9999999999958383,0.5,0.11577746170011739,0.2734896902354329
ICEWS14,3427,2404,169,359,3685,2461,0,3565.0,0.0019148254100386198,1.0,0.0019148254100386198,0.0,1.0,0.9999999994777592,0.5,0.0794986000898384,0.22313570431605093
ICEWS14,3428,1790,160,162,6568,0,0,3564.5,0.0,0.0,0.0,0.0,0.0,0.0,0.0,0.06266844042745784,0.00977672855419752
ICEWS14,3429,3478,56,107,1145,0,0,3564.5,0.0,0.0,0.0,0.0,0.0,0.0,0.0,0.06266844042745784,0.00977672855419752
ICEWS14,3430,6328,155,324,1077,0,0,3564.5,0.0,0.0,0.0,0.0,0.0,0.0,0.0,0.06266844042745784,0.00977672855419752
ICEWS14,3431,3998,160,138,3921,3921,1,1.0,0.31084897229874553,2.0,0.9803906099397734,0.24073686756089951,0.7592631324391005,0.13683960240048226,0.5,0.34482376289914973,0.23305514823758414
ICEWS14,3432,3998,160,127,3919,3921,0,3565.0,0.3865083343167451,1.0,0.3865083343167451,0.0,1.0,0.9999999999974127,0.5,0.1445769544152223,0.30766258121435913
ICEWS14,3433,1478,229,155,5442,0,0,3564.5,0.0,0.0,0.0,0.0,0.0,0.0,0.0,0.06266844042745784,0.00977672855419752
ICEWS14,3434,5087,207,196,2315,0,0,3564.5,0.0,0.0,0.0,0.0,0.0,0.0,0.0,0.06266844042745784,0.00977672855419752
ICEWS14,3435,4228,143,309,3764,0,0,3564.5,0.0,0.0,0.0,0.0,0.0,0.0,0.0,0.06266844042745784,0.00977672855419752
ICEWS14,3436,4008,169,222,4437,0,0,3564.5,0.0,0.0,0.0,0.0,0.0,0.0,0.0,0.06266844042745784,0.00977672855419752
ICEWS14,3437,4534,167,318,3159,3159,1,1.0,2.420220619327149,4.0,0.8879629756445782,0.2734077526248039,1.0,0.9999999999995868,0.636703876312402,0.3876788210591432,0.601468837895781
ICEWS14,3438,4534,224,331,3159,3159,1,1.0,2.7058129667715543,10.0,0.9803906099397734,0.7207117472416066,0.8525239105159621,0.6270970594353844,0.7866178288787844,0.5014260188048258,0.6876544449030995
ICEWS14,3439,2321,160,293,2442,2442,1,1.0,1.5382047192827153,7.0,0.7884782461155736,0.5177006926735335,0.9445102664641508,0.8883865111250296,0.7311054795688421,0.37372291401119817,0.665914037322825
ICEWS14,3440,2321,160,282,2442,2442,1,1.0,1.9125974246964492,7.0,0.9803906099397734,0.5177006926735335,0.9445102664641508,0.88838651112513,0.7311054795688421,0.45809950551525025,0.7101130851942193
ICEWS14,3441,2321,53,34,2694,122,0,3564.0,1.0,1.0,1.0,0.0,1.0,0.9999999999989999,0.5,0.33030722584940386,0.47130336916752824
ICEWS14,3442,3741,160,125,1523,1553,0,2.0,0.21841199461325955,1.0,0.8042490800314893,0.0,1.0,0.15712119150717685,0.5,0.2514149365495069,0.1795982272856079
ICEWS14,3443,3741,110,120,5335,0,0,3564.5,0.0,0.0,0.0,0.0,0.0,0.0,0.0,0.06266844042745784,0.00977672855419752
ICEWS14,3444,3741,150,178,2404,1553,0,3565.0,0.4528618321319533,1.0,0.4528618321319533,0.0,1.0,0.9999999999977919,0.5,0.1595005152804708,0.3239286307236654
ICEWS14,3445,5758,160,286,2104,4304,0,3567.5,0.2087997806695926,1.0,0.2929185427091149,0.0,1.0,0.5537907735900065,0.5,0.12485058105410474,0.17402133983169385
ICEWS14,3446,5758,142,68,2690,0,0,3564.5,0.0,0.0,0.0,0.0,0.0,0.0,0.0,0.06266844042745784,0.00977672855419752
ICEWS14,3447,3158,160,128,3155,3155,1,1.0,1.1967452165560513,2.0,0.9611657480580811,0.19685014424031877,1.0,0.9999999999991643,0.5984250721201594,0.3521318149503925,0.5784114180900328
ICEWS14,3448,2272,160,317,6410,5037,0,2.0,0.1528278048451539,4.0,0.8534795977333005,0.3414829281834141,0.6585170718165859,0.0626523677165553,0.5,0.33637672131360313,0.21264595427319385
ICEWS14,3449,2272,160,134,3262,6410,0,2.0,0.23744810294468577,4.0,0.24509765248494336,0.6786688992751153,0.32133110072488474,0.18434459119091628,0.5,0.15561684240581272,0.14587894105090055
ICEWS14,3450,2272,156,181,3262,5037,0,3566.0,0.1455134020900535,2.0,0.1971195615288934,0.1415855776298669,0.8584144223701331,0.4637863666772552,0.5,0.12299608472084358,0.15766130360513464
ICEWS14,3451,2272,53,224,5474,1077,0,3566.0,0.727821853628384,1.0,0.7578582832551991,0.0,1.0,0.9237552197363841,0.5,0.24384919081677073,0.3779954627921508
ICEWS14,3452,2272,61,226,5246,3262,0,3565.0,0.020213018210359285,1.0,0.020213018210359285,0.0,1.0,0.999999999950527,0.5,0.08186781203637296,0.22675570880574936
ICEWS14,3453,4425,155,175,3159,3159,1,1.0,0.9803906099397734,1.0,0.9803906099397734,0.0,1.0,0.99999999999898,0.5,0.322779285591777,0.4657625428295966
ICEWS14,3454,3988,142,216,3399,3380,0,3565.5,0.2981156533219964,1.0,0.3865083343167451,0.0,1.0,0.6277427162917956,0.5,0.14378464100241528,0.20686241277037803
ICEWS14,3455,5984,224,24,4261,1145,0,3565.0,0.8879629756445782,1.0,0.8879629756445782,0.0,1.0,0.9999999999988739,0.5,0.28856128263442826,0.4397821273454182
ICEWS14,3456,6044,155,15,733,0,0,3564.5,0.0,0.0,0.0,0.0,0.0,0.0,0.0,0.06266844042745784,0.00977672855419752
ICEWS14,3457,675,47,152,1145,0,0,3564.5,0.0,0.0,0.0,0.0,0.0,0.0,0.0,0.06266844042745784,0.00977672855419752
ICEWS14,3458,3703,160,128,828,1203,0,3565.5,0.49835048238378366,2.0,0.5,0.141585577629867,0.858414422370133,0.7476139347713064,0.5,0.19278979131729948,0.28401275212232224
ICEWS14,3459,3703,130,245,1146,0,0,3564.5,0.0,0.0,0.0,0.0,0.0,0.0,0.0,0.06266844042745784,0.00977672855419752
ICEWS14,3460,3703,38,119,1146,0,0,3564.5,0.0,0.0,0.0,0.0,0.0,0.0,0.0,0.06266844042745784,0.00977672855419752
ICEWS14,3461,2665,160,343,6875,6875,1,1.0,0.4439814878222891,1.0,0.4439814878222891,0.0,1.0,0.9999999999977477,0.5,0.15743318282674576,0.32172572124964655
ICEWS14,3462,1171,6,356,2704,4474,0,3566.5,0.02469686416519215,3.0,0.10881882041201553,0.11713627712213959,0.8828637228778604,0.1113392035229216,0.5,0.11753243997997447,0.09675718389209818
ICEWS14,3463,1171,186,162,3723,0,0,3564.5,0.0,0.0,0.0,0.0,0.0,0.0,0.0,0.06266844042745784,0.00977672855419752
ICEWS14,3464,1171,105,113,6491,0,0,3564.5,0.0,0.0,0.0,0.0,0.0,0.0,0.0,0.06266844042745784,0.00977672855419752
ICEWS14,3465,1171,156,246,6410,3262,0,4.0,0.10886424050518195,1.0,0.7429971445684742,0.0,1.0,0.07905153228866356,0.5,0.23120535881546186,0.15466919594801307
ICEWS14,3466,1171,39,19,3262,0,0,3564.5,0.0,0.0,0.0,0.0,0.0,0.0,0.0,0.06266844042745784,0.00977672855419752
ICEWS14,3467,1171,119,182,5037,0,0,3564.5,0.0,0.0,0.0,0.0,0.0,0.0,0.0,0.06266844042745784,0.00977672855419752
ICEWS14,3468,2388,53,195,6696,2103,0,3565.0,0.05660772901649418,1.0,0.05660772901649418,0.0,1.0,0.9999999999823346,0.5,0.0867721032115759,0.23407852315016975
ICEWS14,3469,4634,127,96,1077,1345,0,3566.5,0.0,1.0,0.9057236642639067,0.0,0.0,0.0,0.0,0.28147219217021263,0.03245763219738684
ICEWS14,3470,5421,142,149,261,711,0,3569.0,0.17459595178111198,2.0,0.9423178739918808,0.36941820241499024,0.6305817975850098,0.06204261871275367,0.5,0.32839185900543444,0.21448740812270592
ICEWS14,3471,5421,142,348,2713,711,0,3574.5,0.2007312945054056,8.0,0.6729500963161781,0.1694415772724488,0.8305584227275512,0.14138546130251653,0.5,0.317823675234807,0.2060654981498171
ICEWS14,3472,5421,142,28,1115,0,0,3564.5,0.0,0.0,0.0,0.0,0.0,0.0,0.0,0.06266844042745784,0.00977672855419752
ICEWS14,3473,5421,142,75,4545,3380,0,3563.5,0.0,1.0,1.0,0.0,0.0,0.0,0.0,0.31444089581150797,0.03619909534280753
ICEWS14,3474,5421,98,278,6017,6890,0,3568.0,0.008287685408079351,1.0,0.10881882041201553,0.0,1.0,0.039587710403726564,0.5,0.09365035953784182,0.07522413028388421
ICEWS14,3475,5421,103,322,3266,2290,0,3565.0,0.009245248870339444,2.0,0.004668396640509522,0.0,1.0,0.9999999998918363,0.5,0.09143445529140187,0.2379287101721649
ICEWS14,3476,5421,127,60,5036,2290,0,3565.5,0.6368770977896228,2.0,0.836743383392903,0.0,1.0,0.23788210689714043,0.5,0.297648442139599,0.2125993700896482
ICEWS14,3477,6141,160,352,2039,6348,0,3564.0,1.0,1.0,1.0,0.0,1.0,0.9999999999989999,0.5,0.33030722584940386,0.47130336916752824
ICEWS14,3478,5705,150,213,1128,1128,1,1.0,0.836743383392903,1.0,0.836743383392903,0.0,1.0,0.999999999998805,0.5,0.27055724802985914,0.42551652872510165
ICEWS14,3479,4565,56,258,2417,2290,0,2.0,0.7473956173103353,2.0,0.7730166686334901,0.4506506745036247,0.5493493254963753,0.36160159734357844,0.5,0.27745664445564994,0.2535206153389281
ICEWS14,3480,4565,53,37,292,0,0,3564.5,0.0,0.0,0.0,0.0,0.0,0.0,0.0,0.06266844042745784,0.00977672855419752
ICEWS14,3481,4565,160,159,3155,2417,0,3566.5,0.42301339619009065,3.0,0.4805828740290406,0.31250603833807444,0.6874939616619256,0.4338340178751828,0.5,0.2034158085800445,0.2160066953381706
ICEWS14,3482,3677,180,328,1077,0,0,3564.5,0.0,0.0,0.0,0.0,0.0,0.0,0.0,0.06266844042745784,0.00977672855419752
ICEWS14,3483,637,156,142,5195,1179,0,3564.0,1.552044756836906,2.0,1.0,0.3556886838508335,1.0,0.9999999999993556,0.6778443419254168,0.3731097648883043,0.6616674645355394
ICEWS14,3484,827,53,139,2240,0,0,3564.5,0.0,0.0,0.0,0.0,0.0,0.0,0.0,0.06266844042745784,0.00977672855419752
ICEWS14,3485,4468,160,230,5395,4407,0,2.0,6.331047029531025,35.0,0.7001394896518027,0.8216550734037924,0.851462556170321,0.6982448367570185,0.8365588147870566,0.5578241352867562,0.6834337306431516
ICEWS14,3486,4468,160,225,1503,4407,0,9.0,6.990042635880945,35.0,0.7730166686334901,0.8216550734037924,0.8514625561703209,0.6982448367570259,0.8365588147870566,0.5992009623135048,0.6931810665445489
ICEWS14,3487,4468,160,71,5474,4407,0,2.0,3.5764035393936866,11.0,0.9611657480580811,0.5430320801557659,0.6694116715261413,0.4102046634704476,0.6062218758409537,0.5171177227618513,0.4299485999749575
ICEWS14,3488,4468,160,116,4407,4407,1,1.0,3.3604186984597453,16.0,0.9423178739918808,0.7961006884549059,0.6802998243997408,0.4231365054978489,0.7382002564273233,0.5369908425749669,0.5849317625737193
ICEWS14,3489,4468,160,340,4407,4407,1,1.0,12.96112545793315,64.0,0.9803906099397734,0.825022309411712,0.875096986663641,0.7745682935424193,0.8500596480376765,0.8019016569732427,0.7233112196911529
ICEWS14,3490,4468,160,68,1503,4407,0,3567.0,3.795326012700149,10.0,1.0,0.6436705024178858,0.8424237873230391,0.5262317566566472,0.7430471448704625,0.5293804746955155,0.6032846175953847
ICEWS14,3491,4468,160,308,4407,4407,1,1.0,6.60985970214832,51.0,0.9803906099397734,0.7115809967322562,0.7067774481202161,0.493717073417107,0.7091792224262361,0.7017220490291844,0.5933320125390643
ICEWS14,3492,4468,160,136,4407,4407,1,1.0,4.789591708937111,21.0,0.820335356007638,0.6050554328225803,0.6867754763762799,0.456483914717188,0.6459154545994301,0.5354272681996716,0.45499877895021923
ICEWS14,3493,4468,160,343,5395,4407,0,2.0,11.40330098884418,64.0,0.9238395952400507,0.825022309411712,0.8278378995150121,0.687843446525222,0.826430104463362,0.7668203209140038,0.6862086776384202
ICEWS14,3494,4468,160,159,5474,4407,0,4.0,4.710187795981937,23.0,1.0,0.7064190079349508,0.767165384646892,0.5656865184894958,0.7367921962909214,0.6150260635831412,0.6386365844321679
ICEWS14,3495,4468,23,335,4407,0,0,3564.5,0.0,0.0,0.0,0.0,0.0,0.0,0.0,0.06266844042745784,0.00977672855419752
ICEWS14,3496,1185,115,103,3788,0,0,3564.5,0.0,0.0,0.0,0.0,0.0,0.0,0.0,0.06266844042745784,0.00977672855419752
ICEWS14,3497,1185,158,116,2461,0,0,3564.5,0.0,0.0,0.0,0.0,0.0,0.0,0.0,0.06266844042745784,0.00977672855419752
ICEWS14,3498,1185,6,148,2461,2461,1,1.0,0.29366957914223624,5.0,0.36421371187349827,0.5201710899167686,0.4798289100832314,0.18501169996722222,0.5,0.19444583394424395,0.1627374418428715
ICEWS14,3499,1185,127,282,5139,2461,0,3565.0,0.11323766068028929,2.0,0.05773997470250316,0.0,1.0,0.999999999991169,0.5,0.09975972204398545,0.24841503029731385
ICEWS14,3500,1185,56,54,2461,2461,1,1.0,1.061908389200442,2.0,0.9423178739918808,0.0,1.0,0.3976579481850622,0.5,0.34276182429655094,0.2731476826339059
ICEWS14,3501,1185,56,274,2461,3788,0,2.0,0.3303461780479715,3.0,0.3234082913657485,0.46106752901601367,0.9723684149719549,0.3797802983248012,0.7167179719939842,0.1631768207587532,0.32467021846745775
ICEWS14,3502,1185,227,44,5197,0,0,3564.5,0.0,0.0,0.0,0.0,0.0,0.0,0.0,0.06266844042745784,0.00977672855419752
ICEWS14,3503,1185,224,304,1222,4612,0,3566.0,0.030875738144689517,1.0,0.07469434624815234,0.0,1.0,0.2605262716919874,0.5,0.08904844995590011,0.09693039601505156
ICEWS14,3504,1185,229,68,7002,0,0,3564.5,0.0,0.0,0.0,0.0,0.0,0.0,0.0,0.06266844042745784,0.00977672855419752
ICEWS14,3505,1511,205,221,1171,0,0,3564.5,0.0,0.0,0.0,0.0,0.0,0.0,0.0,0.06266844042745784,0.00977672855419752
ICEWS14,3506,5495,156,352,1180,0,0,3564.5,0.0,0.0,0.0,0.0,0.0,0.0,0.0,0.06266844042745784,0.00977672855419752
ICEWS14,3507,5495,38,336,7028,1180,0,3567.0,1.9378194979592531,12.0,0.820335356007638,0.6923258122384746,0.7538748463243848,0.5708410588939572,0.7231003292814298,0.4361066319115819,0.5897595277047276
ICEWS14,3508,5495,40,83,1180,0,0,3564.5,0.0,0.0,0.0,0.0,0.0,0.0,0.0,0.06266844042745784,0.00977672855419752
ICEWS14,3509,6928,169,320,3544,0,0,3564.5,0.0,0.0,0.0,0.0,0.0,0.0,0.0,0.06266844042745784,0.00977672855419752
ICEWS14,3510,3653,155,100,1077,0,0,3564.5,0.0,0.0,0.0,0.0,0.0,0.0,0.0,0.06266844042745784,0.00977672855419752
ICEWS14,3511,3653,160,342,1970,6902,0,3565.0,0.03963330650395579,1.0,0.03963330650395579,0.0,1.0,0.9999999999747687,0.5,0.08445250198780313,0.23064288708847522
ICEWS14,3512,1643,160,48,2570,2570,1,1.0,0.5858370854182298,1.0,0.5858370854182298,0.0,1.0,0.999999999998293,0.5,0.19312816118309317,0.35780994083082673
ICEWS14,3513,1643,49,355,2100,0,0,3564.5,0.0,0.0,0.0,0.0,0.0,0.0,0.0,0.06266844042745784,0.00977672855419752
ICEWS14,3514,4024,160,87,6513,0,0,3564.5,0.0,0.0,0.0,0.0,0.0,0.0,0.0,0.06266844042745784,0.00977672855419752
ICEWS14,3515,365,160,67,5395,0,0,3564.5,0.0,0.0,0.0,0.0,0.0,0.0,0.0,0.06266844042745784,0.00977672855419752
ICEWS14,3516,2570,160,44,6410,3262,0,3564.0,1.0,1.0,1.0,0.0,1.0,0.9999999999989999,0.5,0.33030722584940386,0.47130336916752824
ICEWS14,3517,2570,156,195,3775,0,0,3564.5,0.0,0.0,0.0,0.0,0.0,0.0,0.0,0.06266844042745784,0.00977672855419752
ICEWS14,3518,1142,105,139,3372,0,0,3564.5,0.0,0.0,0.0,0.0,0.0,0.0,0.0,0.06266844042745784,0.00977672855419752
ICEWS14,3519,587,224,246,4484,146,0,1.0,1.7712927228789968,11.0,1.0,0.5403876992169147,0.7978701581229345,0.42770835965780707,0.6691289286699246,0.5005856023692357,0.5320087273533077
ICEWS14,3520,587,224,331,146,146,1,1.0,0.10316326070793569,12.0,0.30475341355111885,0.6430993231838252,0.35690067681617477,0.06429164064983159,0.5,0.22220469756362146,0.15688383820184823
ICEWS14,3521,587,224,124,4851,146,0,3565.0,0.558374496435986,6.0,1.0,0.5770356538643333,0.42296434613566664,0.1338977333613832,0.5,0.4299058087557552,0.28508629774736427
ICEWS14,3522,587,45,246,4851,146,0,2.0,0.45257889070325497,3.0,0.3170664520316462,0.3438412879310523,0.9778046320402336,0.8807550468858226,0.660822959985643,0.16294057568951112,0.43602471149771177
ICEWS14,3523,5402,169,254,6890,0,0,3564.5,0.0,0.0,0.0,0.0,0.0,0.0,0.0,0.06266844042745784,0.00977672855419752
ICEWS14,3524,5402,158,254,2290,0,0,3564.5,0.0,0.0,0.0,0.0,0.0,0.0,0.0,0.06266844042745784,0.00977672855419752
ICEWS14,3525,6321,169,228,2996,0,0,3564.5,0.0,0.0,0.0,0.0,0.0,0.0,0.0,0.06266844042745784,0.00977672855419752
ICEWS14,3526,6321,156,129,1145,1145,1,1.0,0.8367433833929031,2.0,0.836743383392903,0.32026379009601236,1.0,0.5148487862824275,0.6601318950480062,0.3006925500249885,0.4366073170967134
ICEWS14,3527,6321,156,98,1971,1145,0,1.5,0.0,1.0,0.7284274237469965,0.0,0.0,0.0,0.0,0.22551665780983066,0.026409145074835532
ICEWS14,3528,76,167,78,4920,0,0,3564.5,0.0,0.0,0.0,0.0,0.0,0.0,0.0,0.06266844042745784,0.00977672855419752
ICEWS14,3529,3942,160,55,1523,0,0,3564.5,0.0,0.0,0.0,0.0,0.0,0.0,0.0,0.06266844042745784,0.00977672855419752
ICEWS14,3530,5807,103,204,7038,0,0,3564.5,0.0,0.0,0.0,0.0,0.0,0.0,0.0,0.06266844042745784,0.00977672855419752
ICEWS14,3531,5807,207,203,1077,0,0,3564.5,0.0,0.0,0.0,0.0,0.0,0.0,0.0,0.06266844042745784,0.00977672855419752
ICEWS14,3532,1527,38,215,1145,1145,1,1.0,3.7990945788587096,16.0,0.820335356007638,0.6002890213717926,0.9460910327430584,0.8774496205226083,0.7731900270574255,0.49400376588660405,0.7094826175463733
ICEWS14,3533,4420,155,349,2290,0,0,3564.5,0.0,0.0,0.0,0.0,0.0,0.0,0.0,0.06266844042745784,0.00977672855419752
ICEWS14,3534,6679,53,51,6704,0,0,3564.5,0.0,0.0,0.0,0.0,0.0,0.0,0.0,0.06266844042745784,0.00977672855419752
ICEWS14,3535,4978,208,121,1145,0,0,3564.5,0.0,0.0,0.0,0.0,0.0,0.0,0.0,0.06266844042745784,0.00977672855419752
ICEWS14,3536,3454,191,269,5238,0,0,3564.5,0.0,0.0,0.0,0.0,0.0,0.0,0.0,0.06266844042745784,0.00977672855419752
ICEWS14,3537,883,53,222,6795,2300,0,3565.0,0.02886998735125159,1.0,0.02886998735125159,0.0,1.0,0.999999999965362,0.5,0.0830109669631702,0.22848275170600943
ICEWS14,3538,2435,169,26,2345,0,0,3564.5,0.0,0.0,0.0,0.0,0.0,0.0,0.0,0.06266844042745784,0.00977672855419752
ICEWS14,3539,2798,56,147,3922,573,0,3565.0,0.7357122841577354,2.0,0.3714985722842371,0.0,1.0,0.9999999999986408,0.5,0.16386671276110568,0.31633356113415034
ICEWS14,3540,2798,160,231,2083,3155,0,2.0,0.37420849909243525,3.0,0.5202016416109183,0.24619930416444702,0.753800695835553,0.1586202894562127,0.5,0.21377138710082821,0.16025708476463638
ICEWS14,3541,2798,156,322,5157,5157,1,1.0,0.9085969627524587,1.0,0.9803906099397734,0.0,1.0,0.8635340783680345,0.5,0.32164031660430153,0.4182390417268084
ICEWS14,3542,2798,169,331,3155,3155,1,1.0,0.17999508164955258,10.0,0.09105342796837457,0.6426096218266752,0.3573903781733248,0.17133485109891508,0.5,0.15899653094284374,0.1393060619293584
ICEWS14,3543,2068,159,133,6890,0,0,3564.5,0.0,0.0,0.0,0.0,0.0,0.0,0.0,0.06266844042745784,0.00977672855419752
ICEWS14,3544,3995,46,358,1156,0,0,3564.5,0.0,0.0,0.0,0.0,0.0,0.0,0.0,0.06266844042745784,0.00977672855419752
ICEWS14,3545,3995,46,132,1156,0,0,3564.5,0.0,0.0,0.0,0.0,0.0,0.0,0.0,0.06266844042745784,0.00977672855419752
ICEWS14,3546,3995,142,132,3285,3285,1,1.0,0.5318284130296622,1.0,0.9423178739918808,0.0,1.0,0.3931294570097182,0.5,0.30210118484696524,0.26266824524872784
ICEWS14,3547,3995,169,171,2689,0,0,3564.5,0.0,0.0,0.0,0.0,0.0,0.0,0.0,0.06266844042745784,0.00977672855419752
ICEWS14,3548,6917,61,313,1077,1077,1,1.0,0.9803906099397734,1.0,0.9803906099397734,0.0,1.0,0.99999999999898,0.5,0.322779285591777,0.4657625428295966
ICEWS14,3549,6917,155,139,3147,0,0,3564.5,0.0,0.0,0.0,0.0,0.0,0.0,0.0,0.06266844042745784,0.00977672855419752
ICEWS14,3550,5158,38,41,5373,5373,1,1.0,1.4338742749270295,3.0,0.8705505632961241,0.5816050423387813,0.7548887174500679,0.5257086575431907,0.6682468798944246,0.34542728925275534,0.481771868633537
ICEWS14,3551,5158,38,83,1477,1477,1,1.0,0.3218517252860087,2.0,0.7730166686334901,0.39750105926563917,0.6024989407343608,0.14341597522717933,0.5,0.27130227183238864,0.2003237208559993
ICEWS14,3552,5158,6,6,2624,235,0,3565.0,0.9238395952400507,1.0,0.9238395952400507,0.0,1.0,0.9999999999989175,0.5,0.3015872178185898,0.44983546847777767
ICEWS14,3553,5158,160,299,5441,5441,1,1.0,0.8479077354879997,3.0,0.5100008047105996,0.0028093303362818345,0.9971906696637182,0.7199174229363714,0.5,0.2167009111248411,0.27708183836019457
ICEWS14,3554,5158,150,154,4004,0,0,3564.5,0.0,0.0,0.0,0.0,0.0,0.0,0.0,0.06266844042745784,0.00977672855419752
ICEWS14,3555,2441,98,207,6410,0,0,3564.5,0.0,0.0,0.0,0.0,0.0,0.0,0.0,0.06266844042745784,0.00977672855419752
ICEWS14,3556,1943,155,293,3162,1077,0,4.0,0.017444039221941113,1.0,0.0824692444233059,0.0,1.0,0.1182691231176001,0.5,0.09002933732807852,0.08110559692994337
ICEWS14,3557,1943,155,100,3162,3162,1,1.0,1.8661574692319314,2.0,0.9423178739918808,0.0,1.0,0.9999999999994641,0.5,0.35604131256744315,0.4604540892757737
ICEWS14,3558,1943,155,156,2290,2290,1,1.0,0.0,1.0,0.9803906099397734,0.0,0.0,0.0,0.0,0.3074119377660179,0.035388146018500696
ICEWS14,3559,6962,160,104,1077,1077,1,1.0,1.0566356682478086,2.0,0.7578582832551991,0.28276291816654675,1.0,0.9999999999990535,0.6413814590832734,0.2768762049336681,0.5647132116273523
ICEWS14,3560,6962,160,246,1077;6407,1077,1,1782.75,0.5962385097031679,5.0,0.9423178739918808,0.3996035425403254,0.6003964574596746,0.23448598001442655,0.5,0.3936056573021845,0.2831846526039423
ICEWS14,3561,1648,123,87,5241,0,0,3564.5,0.0,0.0,0.0,0.0,0.0,0.0,0.0,0.06266844042745784,0.00977672855419752
ICEWS14,3562,6811,169,218,2425,0,0,3564.5,0.0,0.0,0.0,0.0,0.0,0.0,0.0,0.06266844042745784,0.00977672855419752
ICEWS14,3563,2216,127,99,3155,3155,1,1.0,1.8491287237026592,2.0,0.9611657480580811,0.0,1.0,0.9999999999994592,0.5,0.3630175890464759,0.4663393808296198
ICEWS14,3564,2242,160,16,929,3155,0,3565.0,0.7578582832551991,1.0,0.7578582832551991,0.0,1.0,0.9999999999986805,0.5,0.24425173435739508,0.4037938423264953
ICEWS14,3565,2242,6,163,2790;3155,0,0,3564.0,0.0,0.0,0.0,0.0,0.0,0.0,0.0,0.06266844042745784,0.00977672855419752
ICEWS14,3566,2242,53,344,917,6533,0,3570.0,0.2444686474425713,1.0,0.4805828740290406,0.0,1.0,0.3411045576049868,0.5,0.16373341919621087,0.16213327522721638
ICEWS14,3567,4153,155,222,6890,6890,1,1.0,0.9803906099397734,1.0,0.9803906099397734,0.0,1.0,0.99999999999898,0.5,0.322779285591777,0.4657625428295966
ICEWS14,3568,680,160,236,6332,649,0,3565.0,0.5253702092235228,3.0,0.4711589369959404,0.10318680289791193,1.0,0.9999999999980966,0.551593401448956,0.20206911745601586,0.40951305911279196
ICEWS14,3569,680,208,109,6332,649,0,3565.0,0.5306065116666864,1.0,0.5306065116666864,0.0,1.0,0.9999999999981154,0.5,0.17854620422891862,0.3435407242122205
ICEWS14,3570,951,155,42,3262,3262,1,1.0,0.6597539553864471,1.0,0.6597539553864471,0.0,1.0,0.9999999999984843,0.5,0.21403508149589467,0.37730440022150336
ICEWS14,3571,951,169,209,2315,0,0,3564.5,0.0,0.0,0.0,0.0,0.0,0.0,0.0,0.06266844042745784,0.00977672855419752
ICEWS14,3572,951,127,171,3262,3262,1,1.0,0.5041327918824307,2.0,0.4528618321319533,0.10170129889593515,1.0,0.9999999999980165,0.5508506494479676,0.1808751170156169,0.39011709319317445
ICEWS14,3573,6977,18,313,1148,0,0,3564.5,0.0,0.0,0.0,0.0,0.0,0.0,0.0,0.06266844042745784,0.00977672855419752
ICEWS14,3574,6977,160,34,2427,2427,1,1.0,0.5858370854182298,2.0,0.9803906099397734,0.37404337003779076,0.6259566299622092,0.23004510891925659,0.5,0.34935060409345925,0.26226939969664037
ICEWS14,3575,6977,160,118,2427,2427,1,1.0,1.2482316395818331,4.0,0.7429971445684742,0.48186399746330744,0.9225963400457814,0.7706416972632688,0.7022301687545445,0.3132957386168408,0.5686376125961549
ICEWS14,3576,2697,103,223,6105,0,0,3564.5,0.0,0.0,0.0,0.0,0.0,0.0,0.0,0.06266844042745784,0.00977672855419752
ICEWS14,3577,2697,156,273,6785,733,0,3565.5,0.13337600303629746,1.0,0.16823752407904452,0.0,1.0,0.6567042349000691,0.5,0.10327465006841514,0.17463420220444836
ICEWS14,3578,2697,169,269,2027,0,0,3564.5,0.0,0.0,0.0,0.0,0.0,0.0,0.0,0.06266844042745784,0.00977672855419752
ICEWS14,3579,3510,156,358,1145,0,0,3564.5,0.0,0.0,0.0,0.0,0.0,0.0,0.0,0.06266844042745784,0.00977672855419752
ICEWS14,3580,4029,6,166,2321,0,0,3564.5,0.0,0.0,0.0,0.0,0.0,0.0,0.0,0.06266844042745784,0.00977672855419752
ICEWS14,3581,6260,53,26,3769,0,0,3564.5,0.0,0.0,0.0,0.0,0.0,0.0,0.0,0.06266844042745784,0.00977672855419752
ICEWS14,3582,6260,169,167,2211,0,0,3564.0,0.0,0.0,0.0,0.0,0.0,0.0,0.0,0.06266844042745784,0.00977672855419752
ICEWS14,3583,5246,16,94,3554,0,0,3564.5,0.0,0.0,0.0,0.0,0.0,0.0,0.0,0.06266844042745784,0.00977672855419752
ICEWS14,3584,5246,156,197,3262,7076,0,3565.0,0.1407716351115447,1.0,0.1407716351115447,0.0,1.0,0.9999999999928962,0.5,0.09914390354758139,0.2516336436499563
ICEWS14,3585,6653,53,165,3378,0,0,3564.5,0.0,0.0,0.0,0.0,0.0,0.0,0.0,0.06266844042745784,0.00977672855419752
ICEWS14,3586,7047,53,142,382,382,1,1.0,0.07391703394591256,2.0,0.10668494971666255,0.4703285960051281,0.5296714039948719,0.22472823203570436,0.5,0.1070853780150109,0.11632130476893324
ICEWS14,3587,7047,56,37,1140,0,0,3564.5,0.0,0.0,0.0,0.0,0.0,0.0,0.0,0.06266844042745784,0.00977672855419752
ICEWS14,3588,2465,53,335,5878,0,0,3564.5,0.0,0.0,0.0,0.0,0.0,0.0,0.0,0.06266844042745784,0.00977672855419752
ICEWS14,3589,4364,229,152,5933,0,0,3564.5,0.0,0.0,0.0,0.0,0.0,0.0,0.0,0.06266844042745784,0.00977672855419752
ICEWS14,3590,1837,56,190,1077,1077,1,1.0,0.0824692444233059,1.0,0.0824692444233059,0.0,1.0,0.9999999999878741,0.5,0.09041706464681584,0.23938088444077604
ICEWS14,3591,4064,160,51,2290,0,0,3564.5,0.0,0.0,0.0,0.0,0.0,0.0,0.0,0.06266844042745784,0.00977672855419752
ICEWS14,3592,4064,160,82,2290,2290,1,1.0,0.1480947328148966,1.0,0.7001394896518027,0.0,1.0,0.1182691231183076,0.5,0.21919354627773005,0.15504606103312774
ICEWS14,3593,4064,90,15,566,0,0,3564.5,0.0,0.0,0.0,0.0,0.0,0.0,0.0,0.06266844042745784,0.00977672855419752
ICEWS14,3594,1283,142,154,3570,2906,0,3566.5,0.2284448910350455,1.0,0.646816582731497,0.0,1.0,0.2144643313479166,0.5,0.2052581325166052,0.1644596257563362
ICEWS14,3595,1283,115,170,4304,4304,1,1.0,0.6597539553864471,1.0,0.6597539553864471,0.0,1.0,0.9999999999984843,0.5,0.21403508149589467,0.37730440022150336
ICEWS14,3596,1283,172,274,2662,0,0,3564.5,0.0,0.0,0.0,0.0,0.0,0.0,0.0,0.06266844042745784,0.00977672855419752
ICEWS14,3597,1283,6,7,3691,0,0,3564.5,0.0,0.0,0.0,0.0,0.0,0.0,0.0,0.06266844042745784,0.00977672855419752
ICEWS14,3598,1283,207,191,2290,2290,1,1.5,0.0,1.0,0.9803906099397734,0.0,0.0,0.0,0.0,0.3074119377660179,0.035388146018500696
ICEWS14,3599,1283,102,210,3262,2175,0,3565.0,0.25,1.0,0.25,0.0,1.0,0.9999999999960001,0.5,0.11752386099861807,0.2756840957657569
ICEWS14,3600,4569,160,182,3155,3155,1,1.0,7.898595732453657,33.0,0.836743383392903,0.6703609659461395,0.9503900434166869,0.8752130825525608,0.8103755046814132,0.6350450714175504,0.7190848125937712
ICEWS14,3601,4569,160,245,5293,3155,0,3568.5,6.030473668323889,39.0,1.0,0.8461924779967158,0.9413991689894838,0.864857873883924,0.8937958234930998,0.6793089583387332,0.8350006793371896
ICEWS14,3602,4569,160,250,3155,3155,1,1.0,5.888682506987967,40.0,0.9238395952400507,0.7314411267883294,0.877728205422621,0.7611694924908223,0.8045846661054752,0.6506450295752289,0.7391938982965617
ICEWS14,3603,4569,160,237,3155,3155,1,1.0,4.832863040914663,37.0,0.9238395952400507,0.8257110155886042,0.9170999516127765,0.8140309353118693,0.8714054836006904,0.626558476008737,0.8079390958847984
ICEWS14,3604,4569,160,342,3155,3155,1,1.0,5.66392039527779,52.0,0.9423178739918808,0.8339901869319322,0.8776875442038866,0.7540232051260982,0.8558388655679094,0.6748141249666466,0.7912078370593529
ICEWS14,3605,4569,160,153,3155,3155,1,1.0,6.159448413332121,27.0,0.8042490800314893,0.794397332791971,0.8958712031598755,0.7548853919178092,0.8451342679759233,0.5750410194437088,0.7230720033934144
ICEWS14,3606,4569,160,104,3155,3155,1,1.0,6.822046008971148,20.0,0.9803906099397734,0.7489539944983173,0.8929068580795376,0.8030156776556606,0.8209304262889274,0.6319098491399344,0.7391005652847972
ICEWS14,3607,4569,53,129,4608,2290,0,3567.5,0.12382357712959818,3.0,0.15853322601582306,0.34441385940863833,0.6555861405913617,0.15540621039089775,0.5,0.1272350100533104,0.11412559754904349
ICEWS14,3608,4569,53,95,3155,2290,0,3567.5,0.24279094461402284,3.0,0.3108489722987456,0.34441385940863856,0.6555861405913614,0.15540621039099342,0.5,0.159473404635363,0.13304311875679445
ICEWS14,3609,4569,98,25,6477,0,0,3564.5,0.0,0.0,0.0,0.0,0.0,0.0,0.0,0.06266844042745784,0.00977672855419752
ICEWS14,3610,4569,155,319,3566,1077,0,3564.5,0.06879948693850904,3.0,0.024156770894796557,0.0,1.0,0.999999999985465,0.5,0.10391606565899825,0.2521219071916623
ICEWS14,3611,4569,222,212,1060,1060,1,1.0,0.9803906099397734,1.0,0.9803906099397734,0.0,1.0,0.99999999999898,0.5,0.322779285591777,0.4657625428295966
ICEWS14,3612,1375,142,302,3845,7038,0,3567.0,0.08233798425466007,2.0,0.06502520520136479,0.0,1.0,0.46993179379203215,0.5,0.10065634563022197,0.13433465611185197
ICEWS14,3613,1375,98,243,1077,1077,1,1.0,0.1620369859485492,2.0,0.21763764082403103,0.046965438710802054,0.953034561289198,0.5498583193380822,0.5,0.1268801202961294,0.17425199923820006
ICEWS14,3614,1375,53,82,6407,362,0,3565.0,0.8879629756445782,1.0,0.8879629756445782,0.0,1.0,0.9999999999988739,0.5,0.28856128263442826,0.4397821273454182
ICEWS14,3615,4602,160,139,6504,2455,0,2.0,0.12227774596505575,2.0,0.20508383900190946,0.0,1.0,0.18131384979037873,0.5,0.12425686200990067,0.10761173070481374
ICEWS14,3616,6552,53,355,6856,5036,0,3569.0,0.417391053633698,1.0,0.5306065116666864,0.0,1.0,0.648301973646148,0.5,0.17734315721630664,0.24065171644265534
ICEWS14,3617,4233,38,41,1161,1161,1,1.0,0.8534795977333005,1.0,0.8534795977333005,0.0,1.0,0.9999999999988284,0.5,0.2763618672396552,0.4301654414766957
ICEWS14,3618,4233,38,153,1161,1161,1,1.0,2.8383073044856957,10.0,0.5858370854182298,0.8047217168503434,0.9690419038014535,0.8977111376522933,0.8868818103258984,0.3441640916523853,0.7468897431766058
ICEWS14,3619,4233,143,146,5896,1161,0,3565.5,0.0,1.0,0.12254882624247168,0.0,0.0,0.0,0.0,0.09556641041250837,0.012953952487012314
ICEWS14,3620,4233,202,275,1161,1161,1,1.0,0.34081665721903304,2.0,0.3298769776932236,0.03209842973953825,1.0,0.9999999999970659,0.5160492148697691,0.15083623375189878,0.3254909645415296
ICEWS14,3621,4233,191,314,1361,1161,0,3566.0,0.5786696585500772,4.0,0.5630865404461788,0.13817330567503494,0.9372515570665878,0.7948121983871285,0.5377124313708114,0.24334994403047017,0.36567577423959513
ICEWS14,3622,4233,187,288,1161,0,0,3564.5,0.0,0.0,0.0,0.0,0.0,0.0,0.0,0.06266844042745784,0.00977672855419752
ICEWS14,3623,4233,46,12,1161,0,0,3564.5,0.0,0.0,0.0,0.0,0.0,0.0,0.0,0.06266844042745784,0.00977672855419752
ICEWS14,3624,5703,156,315,1176,0,0,3564.5,0.0,0.0,0.0,0.0,0.0,0.0,0.0,0.06266844042745784,0.00977672855419752
ICEWS14,3625,3132,53,355,3329,545,0,3564.0,0.0,1.0,1.0,0.0,0.0,0.0,0.0,0.31444089581150797,0.03619909534280753
ICEWS14,3626,915,160,256,244,0,0,3564.5,0.0,0.0,0.0,0.0,0.0,0.0,0.0,0.06266844042745784,0.00977672855419752
ICEWS14,3627,1238,169,113,3816,0,0,3564.5,0.0,0.0,0.0,0.0,0.0,0.0,0.0,0.06266844042745784,0.00977672855419752
ICEWS14,3628,2438,123,117,5837,0,0,3564.5,0.0,0.0,0.0,0.0,0.0,0.0,0.0,0.06266844042745784,0.00977672855419752
ICEWS14,3629,5735,160,172,195,3159,0,3565.0,0.11321545803298837,1.0,0.11321545803298837,0.0,1.0,0.9999999999911673,0.5,0.09492946834335476,0.24579105220662917
ICEWS14,3630,5735,163,178,3159,0,0,3564.5,0.0,0.0,0.0,0.0,0.0,0.0,0.0,0.06266844042745784,0.00977672855419752
ICEWS14,3631,1221,127,14,1077,0,0,3564.5,0.0,0.0,0.0,0.0,0.0,0.0,0.0,0.06266844042745784,0.00977672855419752
ICEWS14,3632,1221,156,70,5527,0,0,3564.5,0.0,0.0,0.0,0.0,0.0,0.0,0.0,0.06266844042745784,0.00977672855419752
ICEWS14,3633,818,160,59,929,0,0,3564.5,0.0,0.0,0.0,0.0,0.0,0.0,0.0,0.06266844042745784,0.00977672855419752
ICEWS14,3634,818,53,52,3268,0,0,3564.5,0.0,0.0,0.0,0.0,0.0,0.0,0.0,0.06266844042745784,0.00977672855419752
ICEWS14,3635,818,127,288,929,1145,0,3565.5,0.0,1.0,0.0038296508200772435,0.0,0.0,0.0,0.0,0.07972314971658166,0.011255500553630147
ICEWS14,3636,818,127,45,929,1145,0,3565.5,0.0,1.0,0.4711589369959404,0.0,0.0,0.0,0.0,0.15919448752453336,0.019539771456240723
ICEWS14,3637,3928,156,362,4783,1161,0,3564.5,0.8946016960451615,2.0,1.0,0.2480507469686566,0.7519492530313434,0.5068127643439096,0.5,0.3620084991263919,0.3390811479217059
ICEWS14,3638,3928,160,271,2442,2442,1,1.0,2.526162449566487,6.0,0.9423178739918808,0.6311914242745797,0.9978591896979973,0.9776539647313438,0.8145253069862886,0.44132238228505394,0.7764736694257772
ICEWS14,3639,6885,127,169,6410,0,0,3564.5,0.0,0.0,0.0,0.0,0.0,0.0,0.0,0.06266844042745784,0.00977672855419752
ICEWS14,3640,2454,54,224,6407,0,0,3564.5,0.0,0.0,0.0,0.0,0.0,0.0,0.0,0.06266844042745784,0.00977672855419752
ICEWS14,3641,2454,56,276,5300,3211,0,3567.0,0.1429840818775528,1.0,0.21336989943332518,0.0,1.0,0.5038985060609109,0.5,0.11054861197800438,0.15178055226943063
ICEWS14,3642,2454,56,184,1880,4415,0,3566.5,0.0,1.0,0.43527528164806206,0.0,0.0,0.0,0.0,0.15132196854149785,0.018732775261433122
ICEWS14,3643,4480,169,156,6410,0,0,3564.5,0.0,0.0,0.0,0.0,0.0,0.0,0.0,0.06266844042745784,0.00977672855419752
ICEWS14,3644,4480,155,155,146,0,0,3564.5,0.0,0.0,0.0,0.0,0.0,0.0,0.0,0.06266844042745784,0.00977672855419752
ICEWS14,3645,4480,160,301,5037,5037,1,1.0,0.30449978655450216,3.0,0.9238395952400507,0.028882898405890867,0.9711171015941091,0.19053470249137194,0.5,0.34703806439324436,0.23387330576760604
ICEWS14,3646,1183,156,131,782,5264,0,3567.5,0.11676947518884406,1.0,0.5520447568369061,0.0,1.0,0.11826912311828218,0.5,0.17939930342369384,0.13342224312509698
ICEWS14,3647,1183,215,24,4789,1456,0,3565.0,0.7284274237469965,1.0,0.7284274237469965,0.0,1.0,0.9999999999986272,0.5,0.23489271923396138,0.39578030556394517
ICEWS14,3648,1183,158,21,782,0,0,3564.5,0.0,0.0,0.0,0.0,0.0,0.0,0.0,0.06266844042745784,0.00977672855419752
ICEWS14,3649,1183,6,148,5039,5744,0,3567.0,0.16211935340432257,1.0,0.2987773849926094,0.0,1.0,0.37231549669738756,0.5,0.125552788980644,0.14064809903811318
ICEWS14,3650,1183,224,328,3735,7010,0,8.0,2.3733180096823463,3.0,1.0,0.2728209170135725,1.0,0.772198089674493,0.6364104585067862,0.41232140150274743,0.5433232153299725
ICEWS14,3651,1183,205,163,4417,4417,1,1.0,0.9803906099397734,1.0,0.9803906099397734,0.0,1.0,0.99999999999898,0.5,0.322779285591777,0.4657625428295966
ICEWS14,3652,1183,115,129,5264,3969,0,3565.0,0.10668494971666255,1.0,0.10668494971666255,0.0,1.0,0.9999999999906266,0.5,0.09395447666667518,0.24441990558406407
ICEWS14,3653,1183,155,232,3159,929,0,3565.0,0.10881882041201553,1.0,0.10881882041201553,0.0,1.0,0.9999999999908104,0.5,0.09427206795476759,0.24486736362968375
ICEWS14,3654,6861,90,292,1090,5081,0,3565.0,0.22199074391114454,1.0,0.22199074391114454,0.0,1.0,0.9999999999954953,0.5,0.11254678004047267,0.26938296942497
ICEWS14,3655,366,160,320,2290,2290,1,1.0,0.6058791904311356,3.0,0.2815432702230894,0.07974121335181339,1.0,0.9999999999983495,0.5398706066759067,0.15646004630869467,0.34364223245029546
ICEWS14,3656,6201,156,302,3663,0,0,3564.5,0.0,0.0,0.0,0.0,0.0,0.0,0.0,0.06266844042745784,0.00977672855419752
ICEWS14,3657,2273,53,14,4319,2266,0,1.0,1.0,3.0,1.0,0.34863205325374014,0.6513679467462599,0.21111712501177388,0.5,0.3883772218336087,0.26604355697371923
ICEWS14,3658,2273,155,340,3155,0,0,3564.5,0.0,0.0,0.0,0.0,0.0,0.0,0.0,0.06266844042745784,0.00977672855419752
ICEWS14,3659,2273,160,146,435,2290,0,3565.5,0.2184908868684139,1.0,0.7429971445684742,0.0,1.0,0.17237893521799935,0.5,0.2326239096236152,0.1721586705931362
ICEWS14,3660,2273,160,264,3155,3155,1,1.0,0.3516589209558434,1.0,0.9611657480580811,0.0,1.0,0.22389066092894988,0.5,0.30600441695499475,0.22392801201689558
ICEWS14,3661,2273,56,77,2460,0,0,3564.5,0.0,0.0,0.0,0.0,0.0,0.0,0.0,0.06266844042745784,0.00977672855419752
ICEWS14,3662,3705,208,236,2242,0,0,3564.5,0.0,0.0,0.0,0.0,0.0,0.0,0.0,0.06266844042745784,0.00977672855419752
ICEWS14,3663,2495,160,107,443,0,0,3564.5,0.0,0.0,0.0,0.0,0.0,0.0,0.0,0.06266844042745784,0.00977672855419752
ICEWS14,3664,6766,207,126,3540,0,0,3564.5,0.0,0.0,0.0,0.0,0.0,0.0,0.0,0.06266844042745784,0.00977672855419752
ICEWS14,3665,1417,160,154,5454,4188,0,3565.0,0.07618835338777971,1.0,0.07618835338777971,0.0,1.0,0.9999999999868746,0.5,0.0895193471560507,0.23808558946314048
ICEWS14,3666,1417,142,195,5046,0,0,3564.5,0.0,0.0,0.0,0.0,0.0,0.0,0.0,0.06266844042745784,0.00977672855419752
ICEWS14,3667,3234,53,8,5332,0,0,3564.5,0.0,0.0,0.0,0.0,0.0,0.0,0.0,0.06266844042745784,0.00977672855419752
ICEWS14,3668,5987,168,48,5496,0,0,3564.5,0.0,0.0,0.0,0.0,0.0,0.0,0.0,0.06266844042745784,0.00977672855419752
ICEWS14,3669,5987,224,49,5496,5496,1,1.0,0.9803906099397734,1.0,0.9803906099397734,0.0,1.0,0.99999999999898,0.5,0.322779285591777,0.4657625428295966
ICEWS14,3670,782,56,349,1183,6195,0,3565.0,0.04042603642071857,1.0,0.04042603642071857,0.0,1.0,0.9999999999752635,0.5,0.08455956623958341,0.23080254741142484
ICEWS14,3671,2926,155,254,1077,2661,0,3567.5,0.8788142580954936,1.0,0.9803906099397734,0.0,1.0,0.8122376090353131,0.5,0.32116845014068296,0.4007558904861692
ICEWS14,3672,2926,169,107,4383,4723,0,3565.0,0.34320509065132626,1.0,0.34320509065132626,0.0,1.0,0.9999999999970863,0.5,0.1354765563404365,0.29729590411954065
ICEWS14,3673,7045,156,13,1189,0,0,3564.5,0.0,0.0,0.0,0.0,0.0,0.0,0.0,0.06266844042745784,0.00977672855419752
ICEWS14,3674,6140,38,145,1161,5091,0,3564.0,1.0,1.0,1.0,0.0,1.0,0.9999999999989999,0.5,0.33030722584940386,0.47130336916752824
ICEWS14,3675,4591,127,209,5395,0,0,3564.5,0.0,0.0,0.0,0.0,0.0,0.0,0.0,0.06266844042745784,0.00977672855419752
ICEWS14,3676,3696,169,335,2839,0,0,3564.5,0.0,0.0,0.0,0.0,0.0,0.0,0.0,0.06266844042745784,0.00977672855419752
ICEWS14,3677,3162,105,236,253,0,0,3564.5,0.0,0.0,0.0,0.0,0.0,0.0,0.0,0.06266844042745784,0.00977672855419752
ICEWS14,3678,3162,123,166,1077,0,0,3564.5,0.0,0.0,0.0,0.0,0.0,0.0,0.0,0.06266844042745784,0.00977672855419752
ICEWS14,3679,3162,142,104,1943,1943,1,1.0,2.025634282265941,4.0,0.9238395952400507,0.2663739788542918,0.7336260211457082,0.4124876203009252,0.5,0.3951490593285269,0.2973307756231369
ICEWS14,3680,3162,142,266,3158,3158,1,1.0,0.018847874066200254,1.0,0.9611657480580811,0.0,1.0,0.00990177895299781,0.5,0.30089441401227296,0.177801969692324
ICEWS14,3681,3162,172,332,3149,0,0,3564.5,0.0,0.0,0.0,0.0,0.0,0.0,0.0,0.06266844042745784,0.00977672855419752
ICEWS14,3682,646,160,307,1593,785,0,3568.5,0.2682766045046553,1.0,0.7884782461155736,0.0,1.0,0.20499788146856493,0.5,0.2471549891150466,0.1866564431627163
ICEWS14,3683,646,191,131,776,0,0,3564.5,0.0,0.0,0.0,0.0,0.0,0.0,0.0,0.06266844042745784,0.00977672855419752
ICEWS14,3684,1625,155,76,5036,0,0,3564.5,0.0,0.0,0.0,0.0,0.0,0.0,0.0,0.06266844042745784,0.00977672855419752
ICEWS14,3685,5008,123,243,1161,1161,1,1.0,0.3865083343167451,1.0,0.3865083343167451,0.0,1.0,0.9999999999974127,0.5,0.1445769544152223,0.30766258121435913
ICEWS14,3686,5008,160,264,4233,2442,0,3565.0,0.025132783750984038,1.0,0.025132783750984038,0.0,1.0,0.9999999999602114,0.5,0.08251569809402626,0.22773605558625976
ICEWS14,3687,601,0,138,1155,0,0,3564.5,0.0,0.0,0.0,0.0,0.0,0.0,0.0,0.06266844042745784,0.00977672855419752
ICEWS14,3688,1923,160,112,146,45,0,1.0,0.2906932684252155,5.0,1.0,0.3869588125180816,0.6130411874819184,0.03188221178965801,0.5,0.4114753713758677,0.24287030848993166
ICEWS14,3689,1923,160,137,545,45,0,3567.5,1.741195350287204,7.0,0.9423178739918808,0.603331879934563,0.39666812006543695,0.24450416700132693,0.5,0.43926490156845655,0.2953917632605614
ICEWS14,3690,1923,160,153,1956,45,0,6.0,1.2683344432499575,7.0,0.6864101813026526,0.603331879934563,0.39666812006543695,0.24450416700131417,0.5,0.33033932629864576,0.2412319051754835
ICEWS14,3691,1923,169,250,545,545,1,1.0,0.7899538907860162,4.0,0.3108489722987456,0.6914930678287512,0.8004526003840151,0.6447397014029829,0.7459728341063832,0.1763802823490377,0.456057441285259
ICEWS14,3692,1923,191,96,5230,0,0,3564.5,0.0,0.0,0.0,0.0,0.0,0.0,0.0,0.06266844042745784,0.00977672855419752
ICEWS14,3693,3133,160,273,501,4408,0,4.0,0.05133056094643962,3.0,0.5,0.12515865639290746,0.8748413436070925,0.047017467875146934,0.5,0.20430626132397775,0.13500830929828017
ICEWS14,3694,3133,160,219,4408,5824,0,6.0,0.0832610058439493,1.0,0.5100008047105996,0.0,1.0,0.0888837374251752,0.5,0.1689341917311741,0.12327318891510557
ICEWS14,3695,3133,160,68,4408,2713,0,3566.5,0.2570028554315258,1.0,1.0,0.0,1.0,0.14744881036222598,0.5,0.3184792884037864,0.21400599882701227
ICEWS14,3696,3133,90,50,4565,4718,0,3565.0,0.5412194958693883,1.0,0.5412194958693883,0.0,1.0,0.9999999999981524,0.5,0.18127976746005783,0.3462617701085022
ICEWS14,3697,4161,155,133,3155,0,0,3564.5,0.0,0.0,0.0,0.0,0.0,0.0,0.0,0.06266844042745784,0.00977672855419752
ICEWS14,3698,2277,169,71,2100,2100,1,1.0,0.8775896828297169,2.0,0.7730166686334901,0.0,1.0,0.4017973015040752,0.5,0.27935664714658137,0.2379626232458488
ICEWS14,3699,2277,169,58,5036,2100,0,3565.5,1.1352791193766716,2.0,1.0,0.0,1.0,0.40179730150411697,0.5,0.3660561136597118,0.28735485930946736
ICEWS14,3700,2277,156,62,1147,1147,1,1.0,0.9803906099397734,1.0,0.9803906099397734,0.0,1.0,0.99999999999898,0.5,0.322779285591777,0.4657625428295966
ICEWS14,3701,2277,53,324,2230,2230,1,1.0,0.6988473397166841,1.0,0.9803906099397734,0.0,1.0,0.5537907735910366,0.5,0.3183249095288006,0.31761924990648455
ICEWS14,3702,2277,53,62,2266,2266,1,1.0,0.28471347787789436,1.0,0.8705505632961241,0.0,1.0,0.1954929225944985,0.5,0.2738182206255867,0.1996745619934173
ICEWS14,3703,2277,14,190,1389,711,0,3564.0,1.0,1.0,1.0,0.0,1.0,0.9999999999989999,0.5,0.33030722584940386,0.47130336916752824
ICEWS14,3704,2277,160,286,5421,5311,0,3570.0,0.18527094773386943,1.0,0.8879629756445782,0.0,1.0,0.11647462669130153,0.5,0.2781960925238459,0.18611612198954924
ICEWS14,3705,3989,127,283,5802,1169,0,3565.0,0.07618835338777971,1.0,0.07618835338777971,0.0,1.0,0.9999999999868746,0.5,0.0895193471560507,0.23808558946314048
ICEWS14,3706,56,90,17,4702,0,0,3564.5,0.0,0.0,0.0,0.0,0.0,0.0,0.0,0.06266844042745784,0.00977672855419752
ICEWS14,3707,3902,160,121,2125,0,0,3564.5,0.0,0.0,0.0,0.0,0.0,0.0,0.0,0.06266844042745784,0.00977672855419752
ICEWS14,3708,2680,53,182,3341,0,0,3564.5,0.0,0.0,0.0,0.0,0.0,0.0,0.0,0.06266844042745784,0.00977672855419752
ICEWS14,3709,5196,38,68,6975,1813,0,3566.0,0.030619962860374494,1.0,0.7884782461155736,0.0,1.0,0.019801616452024457,0.5,0.24395672193337098,0.1512702293380204
ICEWS14,3710,5196,6,160,1138,1183,0,3565.0,1.134126057724713,2.0,0.8042490800314893,0.2908644726451518,1.0,0.9999999999991181,0.645432236322576,0.2938485657192055,0.5812328128497304
ICEWS14,3711,4816,6,27,1932,1932,1,1.0,0.9803906099397734,1.0,0.9803906099397734,0.0,1.0,0.99999999999898,0.5,0.322779285591777,0.4657625428295966
ICEWS14,3712,3717,24,51,5185,0,0,3564.5,0.0,0.0,0.0,0.0,0.0,0.0,0.0,0.06266844042745784,0.00977672855419752
ICEWS14,3713,3717,160,277,3071,1215,0,3569.0,0.7215024628609907,3.0,0.7284274237469965,0.06277755623628178,0.9372224437637182,0.3061243558080672,0.5,0.2831818343808076,0.21926227890449565
ICEWS14,3714,3717,160,15,873,5474,0,3565.0,0.9423178739918808,1.0,0.9423178739918808,0.0,1.0,0.9999999999989388,0.5,0.30842497070347896,0.4550300124776501
ICEWS14,3715,3717,160,216,5474,5395,0,7.0,0.5310177394596769,4.0,0.6095068271022377,0.48814132067440474,0.5118586793255953,0.2869550818669563,0.5,0.2572718242440955,0.221416836969079
ICEWS14,3716,744,156,44,1145,0,0,3564.5,0.0,0.0,0.0,0.0,0.0,0.0,0.0,0.06266844042745784,0.00977672855419752
ICEWS14,3717,4555,56,276,1128,1128,1,1.0,1.0656282009971836,6.0,0.7284274237469965,0.3248824377247531,0.9950298801095485,0.975582485450541,0.6599561589171508,0.33186750317614955,0.6073833978319907
ICEWS14,3718,4555,56,16,1128,1128,1,1.0,0.9238395952400507,1.0,0.9238395952400507,0.0,1.0,0.9999999999989175,0.5,0.3015872178185898,0.44983546847777767
ICEWS14,3719,1419,160,155,6635,0,0,3564.5,0.0,0.0,0.0,0.0,0.0,0.0,0.0,0.06266844042745784,0.00977672855419752
ICEWS14,3720,6302,224,198,7011,1060,0,3564.5,0.03881923419386912,3.0,0.820335356007638,0.21031943864206193,0.7896805613579381,0.019040056883316024,0.5,0.30479754398756315,0.18423625335208338
ICEWS14,3721,1884,53,320,5877,18,0,3565.0,0.2706097479346942,1.0,0.2706097479346942,0.0,1.0,0.9999999999963047,0.5,0.12130696393980464,0.28037844439994325
ICEWS14,3722,862,155,33,3155,0,0,3564.5,0.0,0.0,0.0,0.0,0.0,0.0,0.0,0.06266844042745784,0.00977672855419752
ICEWS14,3723,862,53,331,18,1755,0,3565.0,0.4711589369959404,1.0,0.4711589369959404,0.0,1.0,0.9999999999978776,0.5,0.16382933997002688,0.32849212654895865
ICEWS14,3724,6122,169,62,3155,3155,1,1.0,0.4221162323809625,1.0,0.9423178739918808,0.0,1.0,0.28862263229813545,0.5,0.3004235200285436,0.23570967753629293
ICEWS14,3725,6122,156,75,922,3262,0,3566.0,0.21782581360604109,2.0,0.2550004023552998,0.0,1.0,0.274971838358648,0.5,0.1344390921748066,0.12717754290511588
ICEWS14,3726,4226,53,173,5667,0,0,3564.5,0.0,0.0,0.0,0.0,0.0,0.0,0.0,0.06266844042745784,0.00977672855419752
ICEWS14,3727,1273,169,356,3155,2617,0,3565.5,0.203831027148403,1.0,0.2815432702230894,0.0,1.0,0.5673706306599849,0.5,0.12274704524238586,0.17493289969772277
ICEWS14,3728,3173,169,241,1150,1077,0,3565.5,0.6057834845828903,1.0,0.836743383392903,0.0,1.0,0.5673706306610328,0.5,0.2672588701674345,0.28673202628217653
ICEWS14,3729,3173,155,232,1077,1077,1,1.0,1.937016848065785,3.0,0.9611657480580811,0.07688260460360963,1.0,0.8856890379139111,0.5384413023018049,0.38911255087809465,0.4778568579227651
ICEWS14,3730,3173,155,253,6559,1077,0,3565.5,1.2779545271615904,3.0,0.6341329040632923,0.07688260460360963,1.0,0.8856890379137021,0.5384413023018049,0.2599798336360793,0.3920694014803202
ICEWS14,3731,3173,155,231,1077,1077,1,1.0,1.975760302503079,3.0,0.9803906099397734,0.07688260460360963,1.0,0.885689037913919,0.5384413023018049,0.39745877376798017,0.482992551526532
ICEWS14,3732,3173,142,148,2686,0,0,3564.5,0.0,0.0,0.0,0.0,0.0,0.0,0.0,0.06266844042745784,0.00977672855419752
ICEWS14,3733,3087,103,190,4847,0,0,3564.5,0.0,0.0,0.0,0.0,0.0,0.0,0.0,0.06266844042745784,0.00977672855419752
ICEWS14,3734,3087,224,188,1176,4415,0,1.0,0.3097603488623619,4.0,1.0,0.3494854651039754,0.6505145348960246,0.11204004095193301,0.5,0.3958129543418641,0.25547359389081425
ICEWS14,3735,3358,156,348,2694,1161,0,3565.5,1.044674418108839,6.0,1.0,0.18013250553154203,0.966243235764703,0.7490079154803173,0.5731878706481225,0.43858437058352395,0.5206804143002914
ICEWS14,3736,4760,154,12,1161,0,0,3564.5,0.0,0.0,0.0,0.0,0.0,0.0,0.0,0.06266844042745784,0.00977672855419752
ICEWS14,3737,4600,61,65,847,0,0,3564.5,0.0,0.0,0.0,0.0,0.0,0.0,0.0,0.06266844042745784,0.00977672855419752
ICEWS14,3738,4600,127,320,1171,6410,0,3565.0,0.2871745887492588,1.0,0.2871745887492588,0.0,1.0,0.9999999999965179,0.5,0.12442325367066656,0.2841866315282519
ICEWS14,3739,6841,169,257,6484,0,0,3564.5,0.0,0.0,0.0,0.0,0.0,0.0,0.0,0.06266844042745784,0.00977672855419752
ICEWS14,3740,382,160,343,4939,2678,0,5.0,0.32063665455332635,1.0,0.9803906099397734,0.0,1.0,0.1954929225945135,0.5,0.3123931366794825,0.22114779954191618
ICEWS14,3741,382,160,123,3897,2667,0,3565.0,0.18210685593674916,1.0,0.18210685593674916,0.0,1.0,0.9999999999945087,0.5,0.1057778406217173,0.2605689662876457
ICEWS14,3742,382,169,99,5447,1140,0,3564.0,1.0,1.0,1.0,0.0,1.0,0.9999999999989999,0.5,0.33030722584940386,0.47130336916752824
ICEWS14,3743,382,6,340,278,3897,0,2.0,0.1735872748426428,2.0,0.24509765248494336,0.051601787388617315,0.9483982126113827,0.5056736344079162,0.5,0.1321537868699998,0.16992561682406657
ICEWS14,3744,382,158,144,6071,0,0,3564.5,0.0,0.0,0.0,0.0,0.0,0.0,0.0,0.06266844042745784,0.00977672855419752
ICEWS14,3745,382,53,330,2103,5002,0,2.0,0.1924744540058385,4.0,0.7141434062641757,0.2434447274065823,0.7565552725934177,0.055398027795261005,0.5,0.2870563346247024,0.17973459237086883
ICEWS14,3746,382,53,194,2103,7047,0,2.0,0.015738308171390214,5.0,0.5412194958693883,0.4671664034767645,0.5328335965232355,0.007807713981315197,0.5,0.24132643503950055,0.15705594135359177
ICEWS14,3747,382,127,272,2103,2103,1,1.0,1.1384366168442104,9.0,0.7284274237469965,0.6221917535898938,0.6757018299075471,0.4189074371094527,0.6489467917487204,0.3625181952872654,0.43692067455212463
ICEWS14,3748,382,127,320,2103,2103,1,1.0,2.8567669140820726,13.0,0.8705505632961241,0.6013601545902254,0.7964495384174084,0.6397754369886782,0.6989048465038169,0.4802112391391711,0.5904512477638899
ICEWS14,3749,382,127,342,2103,2103,1,1.0,2.097968490813688,14.0,0.7884782461155736,0.7009389378527338,0.727247849541231,0.4977387033955787,0.7140933936969824,0.43868933637280255,0.5517467094102531
ICEWS14,3750,382,103,37,5002,0,0,3564.5,0.0,0.0,0.0,0.0,0.0,0.0,0.0,0.06266844042745784,0.00977672855419752
ICEWS14,3751,6104,160,119,6568,0,0,3564.5,0.0,0.0,0.0,0.0,0.0,0.0,0.0,0.06266844042745784,0.00977672855419752
ICEWS14,3752,180,160,159,443,587,0,3565.5,0.8535407286454426,1.0,1.0,0.0,1.0,0.7445015710294077,0.5,0.3279580512752608,0.3833872061045539
ICEWS14,3753,6895,53,116,3380,0,0,3564.5,0.0,0.0,0.0,0.0,0.0,0.0,0.0,0.06266844042745784,0.00977672855419752
ICEWS14,3754,6895,169,324,1144,1144,1,1.5,0.0,1.0,0.9803906099397734,0.0,0.0,0.0,0.0,0.3074119377660179,0.035388146018500696
ICEWS14,3755,4902,16,135,4599,0,0,3564.5,0.0,0.0,0.0,0.0,0.0,0.0,0.0,0.06266844042745784,0.00977672855419752
ICEWS14,3756,4554,169,341,6635,0,0,3564.5,0.0,0.0,0.0,0.0,0.0,0.0,0.0,0.06266844042745784,0.00977672855419752
ICEWS14,3757,3941,160,96,362,362,1,1.0,0.26530325583334324,1.0,0.26530325583334324,0.0,1.0,0.9999999999962308,0.5,0.12032299236918266,0.279165112698991
ICEWS14,3758,2677,156,170,1147,0,0,3564.5,0.0,0.0,0.0,0.0,0.0,0.0,0.0,0.06266844042745784,0.00977672855419752
ICEWS14,3759,5028,18,26,52,0,0,3564.5,0.0,0.0,0.0,0.0,0.0,0.0,0.0,0.06266844042745784,0.00977672855419752
ICEWS14,3760,6603,208,326,3159,3159,1,1.0,12.26666750612734,25.0,0.9057236642639067,0.8121338123686472,1.0,0.9999999999999185,0.9060669061843236,0.7086541094842856,0.7782704171870517
ICEWS14,3761,6603,208,308,3159,3159,1,1.0,12.935210649309186,21.0,0.9423178739918808,0.7651211333376908,1.0,0.9999999999999227,0.8825605666688454,0.7186457300656971,0.7550881799250287
ICEWS14,3762,6603,208,330,3159,3159,1,1.0,11.332433143804966,25.0,0.836743383392903,0.8121338123686472,1.0,0.9999999999999117,0.9060669061843236,0.6694240473550838,0.7742289701748755
ICEWS14,3763,6603,208,263,3159,3159,1,1.0,0.15237670677555948,1.0,0.15237670677555948,0.0,1.0,0.9999999999934372,0.5,0.10096810039078355,0.254121617228284
ICEWS14,3764,4724,53,100,2262,0,0,3564.5,0.0,0.0,0.0,0.0,0.0,0.0,0.0,0.06266844042745784,0.00977672855419752
ICEWS14,3765,4724,160,20,2457,3155,0,3564.0,1.0,1.0,1.0,0.0,1.0,0.9999999999989999,0.5,0.33030722584940386,0.47130336916752824
ICEWS14,3766,4724,158,208,3155,0,0,3564.5,0.0,0.0,0.0,0.0,0.0,0.0,0.0,0.06266844042745784,0.00977672855419752
ICEWS14,3767,2212,160,351,2596,6360,0,3564.5,0.9940792321620687,1.0,1.0,0.0,1.0,0.9882281626391884,0.5,0.33021209262698153,0.4671560926216433
ICEWS14,3768,2212,169,112,4723,6017,0,3565.5,0.08711301089794832,1.0,0.6729500963161781,0.0,1.0,0.06920392276147211,0.5,0.21076968534284424,0.14243143487017226
ICEWS14,3769,2212,98,248,3155,6017,0,3565.5,0.03414503548814048,1.0,0.0455267139841873,0.0,1.0,0.5999999999894569,0.5,0.08518694826457562,0.14481045807709042
ICEWS14,3770,44,180,340,3922,3922,1,1.0,0.9803906099397734,1.0,0.9803906099397734,0.0,1.0,0.99999999999898,0.5,0.322779285591777,0.4657625428295966
ICEWS14,3771,2547,6,279,2427,1148,0,3566.0,0.17162053990496706,3.0,0.597554769985219,0.14315819970285049,0.8568418002971495,0.14030871206753937,0.5,0.2336815068128228,0.16688976597689129
ICEWS14,3772,2547,61,75,1148,0,0,3564.5,0.0,0.0,0.0,0.0,0.0,0.0,0.0,0.06266844042745784,0.00977672855419752
ICEWS14,3773,2547,160,344,2427,2427,1,1.0,4.451329262017704,30.0,0.9057236642639067,0.6242982678988169,0.9461787811623511,0.8733008332583791,0.785238524530584,0.595136844740505,0.7534775749107038
ICEWS14,3774,2547,24,334,1148,5455,0,3565.0,0.010514845254940279,1.0,0.010514845254940279,0.0,1.0,0.9999999999048963,0.5,0.08060420943420393,0.2248319304669336
ICEWS14,3775,2547,156,201,1148,1148,1,1.0,1.8717760254700928,5.0,0.9057236642639067,0.6711842527050766,0.8159126725472651,0.5146160599378213,0.7435484626261708,0.40113273598359805,0.5747291786243812
ICEWS14,3776,2547,156,76,1148,1148,1,1.0,0.24397277063106282,1.0,0.8534795977333005,0.0,1.0,0.1667635232215653,0.5,0.26759547472550044,0.19034733727415568
ICEWS14,3777,2547,115,113,1148,1148,1,1.0,0.2550004023552998,1.0,0.2550004023552998,0.0,1.0,0.9999999999960785,0.5,0.1184322245976781,0.2768185713339488
ICEWS14,3778,2547,169,262,2427,0,0,3564.5,0.0,0.0,0.0,0.0,0.0,0.0,0.0,0.06266844042745784,0.00977672855419752
ICEWS14,3779,2547,169,148,6794,0,0,3564.5,0.0,0.0,0.0,0.0,0.0,0.0,0.0,0.06266844042745784,0.00977672855419752
ICEWS14,3780,2547,53,348,5419,4004,0,3568.0,0.49642761423343473,4.0,0.597554769985219,0.4478663397433671,0.5521336602566329,0.2976003135278322,0.5,0.2529941914221262,0.21992328593114968
ICEWS14,3781,5305,160,267,6785,2290,0,3566.0,0.10664204772053573,4.0,0.11099537195557226,0.47763760606396133,0.5223623939360387,0.33500203007278073,0.5,0.12729660422450814,0.14660985051728212
ICEWS14,3782,5305,6,94,2290;4383,0,0,3564.0,0.0,0.0,0.0,0.0,0.0,0.0,0.0,0.06266844042745784,0.00977672855419752
ICEWS14,3783,5305,56,96,2290,2290,1,1.0,1.9415563579978545,2.0,0.9803906099397734,0.0,1.0,0.9999999999994849,0.5,0.3720547958781803,0.4706127208921312
ICEWS14,3784,6568,142,157,3989,7038,0,3568.5,0.09350120253529692,2.0,0.43527528164806206,0.216314684669218,0.783685315330782,0.09190745396200285,0.5,0.17226160322953604,0.12979264254122425
ICEWS14,3785,6568,142,138,711,7038,0,3568.5,0.13621768016006486,2.0,0.6341329040632923,0.21631468466921788,0.7836853153307821,0.09190745396203112,0.5,0.22550402010844464,0.1587959251350616
ICEWS14,3786,6568,142,21,2243,6137,0,3565.5,0.10768615032478057,1.0,0.9611657480580811,0.0,1.0,0.059342807989711296,0.5,0.30225368514694156,0.18763683739817796
ICEWS14,3787,6568,98,299,5421,6017,0,3565.5,0.17750027091766413,1.0,0.3298769776932236,0.0,1.0,0.36806410533248274,0.5,0.13150509673896135,0.14433055112655283
ICEWS14,3788,6568,146,275,1175,0,0,3564.5,0.0,0.0,0.0,0.0,0.0,0.0,0.0,0.06266844042745784,0.00977672855419752
ICEWS14,3789,6568,162,100,2906,0,0,3564.5,0.0,0.0,0.0,0.0,0.0,0.0,0.0,0.06266844042745784,0.00977672855419752
ICEWS14,3790,6568,169,181,1826,1175,0,3565.0,0.03519290877788617,1.0,0.03519290877788617,0.0,1.0,0.9999999999715852,0.5,0.08385506447974471,0.22974999604868798
ICEWS14,3791,4821,155,265,3635,0,0,3564.5,0.0,0.0,0.0,0.0,0.0,0.0,0.0,0.06266844042745784,0.00977672855419752
ICEWS14,3792,2768,127,95,3694,0,0,3564.0,0.0,0.0,0.0,0.0,0.0,0.0,0.0,0.06266844042745784,0.00977672855419752
ICEWS14,3793,6979,160,18,2427,2427,1,1.0,0.7319040948835043,2.0,0.9057236642639067,0.44086543844079895,0.559134561559201,0.2918475659864639,0.5,0.32383385488826,0.2643030040714017
ICEWS14,3794,6979,160,336,5455,2427,0,3569.0,4.807647673686378,27.0,1.0,0.6116528099237777,0.791694282906339,0.5919432421022007,0.7016735464150583,0.6298930013087802,0.6173774609038843
ICEWS14,3795,6979,156,41,1148,2427,0,3565.5,0.14393759909340553,1.0,0.6341329040632923,0.0,1.0,0.12802097993881242,0.5,0.2008309985440676,0.14675454836695673
ICEWS14,3796,6979,169,104,6407,5455,0,3565.0,0.7429971445684742,1.0,0.7429971445684742,0.0,1.0,0.9999999999986541,0.5,0.23949458525844722,0.39974069450866345
ICEWS14,3797,6979,53,261,5080,6795,0,3568.0,0.24141881729014708,1.0,0.5202016416109183,0.0,1.0,0.3021570851297194,0.5,0.172981290539976,0.16095892474739437
ICEWS14,3798,6979,53,50,29,3241,0,3565.0,0.5858370854182298,1.0,0.5858370854182298,0.0,1.0,0.999999999998293,0.5,0.19312816118309317,0.35780994083082673
ICEWS14,3799,6979,155,243,6644,6644,1,1.0,0.8266409655272331,5.0,0.9057236642639067,0.26052677461996876,0.7394732253800312,0.5093275465513569,0.5,0.38303898551102306,0.3472964985717341
ICEWS14,3800,6979,127,280,6644,6644,1,1.0,0.03200616482580482,2.0,0.054409410206007765,0.07344488567750251,0.9265551143224975,0.37461120194174674,0.5,0.09873406213802019,0.12038790295746107
ICEWS14,3801,6979,61,255,2547,3982,0,3566.0,0.1966165417866821,1.0,0.46191979762002533,0.0,1.0,0.2703662113745398,0.5,0.1590372633409373,0.14627885628973056
ICEWS14,3802,4551,169,348,2403,2533,0,2.0,0.6635249518419108,1.0,1.0,0.0,1.0,0.4964738793708681,0.5,0.3249230453834392,0.3053598633758312
ICEWS14,3803,4551,160,64,5532,362,0,3564.5,2.021332374561692,4.0,1.0,0.6344328811063025,1.0,0.5859581202834794,0.8172164405531512,0.42589761073096016,0.6733838401886227
ICEWS14,3804,4551,127,79,2403,2543,0,3566.5,0.08373004228531822,1.0,0.646816582731497,0.0,1.0,0.06920392276146985,0.5,0.20354857311042238,0.13867467029277766
ICEWS14,3805,3145,156,266,3147,0,0,3564.5,0.0,0.0,0.0,0.0,0.0,0.0,0.0,0.06266844042745784,0.00977672855419752
ICEWS14,3806,3145,156,70,5160,0,0,3564.5,0.0,0.0,0.0,0.0,0.0,0.0,0.0,0.06266844042745784,0.00977672855419752
ICEWS14,3807,3145,56,306,5451,1077,0,3565.0,0.00515432777645662,1.0,0.00515432777645662,0.0,1.0,0.9999999998059882,0.5,0.07991343105417537,0.22377357527804592
ICEWS14,3808,2533,160,125,362,362,1,1.0,1.14928297701162,4.0,0.9057236642639067,0.5393668678120903,0.8097277669583042,0.41293086804001145,0.6745473173851972,0.3729249571433512,0.46964734799982394
ICEWS14,3809,2533,160,14,362,0,0,3564.5,0.0,0.0,0.0,0.0,0.0,0.0,0.0,0.06266844042745784,0.00977672855419752
ICEWS14,3810,2533,160,8,2403,0,0,3564.5,0.0,0.0,0.0,0.0,0.0,0.0,0.0,0.06266844042745784,0.00977672855419752
ICEWS14,3811,2533,65,189,683,0,0,3564.5,0.0,0.0,0.0,0.0,0.0,0.0,0.0,0.06266844042745784,0.00977672855419752
ICEWS14,3812,6597,224,362,1873,1161,0,3.0,3.095939181348193,14.0,0.820335356007638,0.5285605838976134,0.9615047102234364,0.8155624394717348,0.7450326470605249,0.46986454449905457,0.6685005915300176
ICEWS14,3813,6597,224,124,1161,1161,1,1.0,1.3473828442734255,5.0,0.43527528164806206,0.6769475850920577,1.0,0.9999999999992577,0.8384737925460288,0.226892762919336,0.692811269326618
ICEWS14,3814,6597,224,119,1161,1161,1,1.0,1.4876312692662845,5.0,0.4805828740290406,0.6769475850920577,1.0,0.9999999999993278,0.8384737925460288,0.2423297492011569,0.7023831902115524
ICEWS14,3815,6597,224,147,1161,1161,1,1.0,0.854419795924166,5.0,0.27602237841845306,0.6769475850920577,1.0,0.9999999999988296,0.8384737925460288,0.1782581043264972,0.6578659076891826
ICEWS14,3816,6597,224,8,1161,0,0,3564.5,0.0,0.0,0.0,0.0,0.0,0.0,0.0,0.06266844042745784,0.00977672855419752
ICEWS14,3817,2330,155,292,3922,0,0,3564.5,0.0,0.0,0.0,0.0,0.0,0.0,0.0,0.06266844042745784,0.00977672855419752
ICEWS14,3818,2218,155,362,3155,0,0,3564.5,0.0,0.0,0.0,0.0,0.0,0.0,0.0,0.06266844042745784,0.00977672855419752
ICEWS14,3819,2218,56,167,2277,0,0,3564.5,0.0,0.0,0.0,0.0,0.0,0.0,0.0,0.06266844042745784,0.00977672855419752
ICEWS14,3820,2218,160,299,2407,0,0,3564.5,0.0,0.0,0.0,0.0,0.0,0.0,0.0,0.06266844042745784,0.00977672855419752
ICEWS14,3821,7082,53,174,3657,0,0,3564.5,0.0,0.0,0.0,0.0,0.0,0.0,0.0,0.06266844042745784,0.00977672855419752
ICEWS14,3822,7082,115,360,6890,0,0,3564.5,0.0,0.0,0.0,0.0,0.0,0.0,0.0,0.06266844042745784,0.00977672855419752
ICEWS14,3823,6449,160,190,2290,359,0,3566.5,1.0498166184350843,6.0,0.9057236642639067,0.09602290667279934,0.9039770933272007,0.3596965761156684,0.5,0.40028735934468235,0.2932196874513735
ICEWS14,3824,6449,160,306,2676,2420,0,3.0,0.12089165986870345,3.0,0.22643091606597668,0.29321450865709486,0.7067854913429051,0.23255425657409282,0.5,0.1403670203034797,0.13338773791072905
ICEWS14,3825,5224,127,355,1846;2243,0,0,3564.0,0.0,0.0,0.0,0.0,0.0,0.0,0.0,0.06266844042745784,0.00977672855419752
ICEWS14,3826,3908,127,37,1077,1077,1,1.0,0.6341329040632923,1.0,0.6341329040632923,0.0,1.0,0.999999999998423,0.5,0.20660711256241318,0.3704984904428978
ICEWS14,3827,3908,127,40,1077,1077,1,1.0,0.597554769985219,1.0,0.597554769985219,0.0,1.0,0.9999999999983266,0.5,0.1963358159049662,0.360871000173214
ICEWS14,3828,6899,205,138,1183,0,0,3564.5,0.0,0.0,0.0,0.0,0.0,0.0,0.0,0.06266844042745784,0.00977672855419752
ICEWS14,3829,235,53,55,6496,0,0,3564.5,0.0,0.0,0.0,0.0,0.0,0.0,0.0,0.06266844042745784,0.00977672855419752
ICEWS14,3830,235,160,293,5373,503,0,16.5,0.21201667168232985,2.0,0.6341329040632923,0.45065067450362484,0.5493493254963752,0.10112151622918694,0.5,0.22646715004783766,0.16950850566835804
ICEWS14,3831,4573,156,216,1974,0,0,3564.5,0.0,0.0,0.0,0.0,0.0,0.0,0.0,0.06266844042745784,0.00977672855419752
ICEWS14,3832,4573,38,88,831,0,0,3564.5,0.0,0.0,0.0,0.0,0.0,0.0,0.0,0.06266844042745784,0.00977672855419752
ICEWS14,3833,3197,156,81,1048,0,0,3564.5,0.0,0.0,0.0,0.0,0.0,0.0,0.0,0.06266844042745784,0.00977672855419752
ICEWS14,3834,3197,160,249,3155,3155,1,1.0,0.9635937574598445,12.0,0.8042490800314893,0.3293303564302713,0.8655091155701011,0.6716096517418795,0.5974197360001863,0.41225223783368226,0.4987957418697155
ICEWS14,3835,3197,56,198,3147,3155,0,3565.0,0.13530487396734708,1.0,0.13530487396734708,0.0,1.0,0.9999999999926092,0.5,0.09829478937969056,0.2504672596189675
ICEWS14,3836,1480,56,210,6819,0,0,3564.5,0.0,0.0,0.0,0.0,0.0,0.0,0.0,0.06266844042745784,0.00977672855419752
ICEWS14,3837,3002,156,72,1954,2442,0,3564.0,1.0,1.0,1.0,0.0,1.0,0.9999999999989999,0.5,0.33030722584940386,0.47130336916752824
ICEWS14,3838,3002,208,54,2442,0,0,3564.5,0.0,0.0,0.0,0.0,0.0,0.0,0.0,0.06266844042745784,0.00977672855419752
ICEWS14,3839,3002,38,330,1161,0,0,3564.5,0.0,0.0,0.0,0.0,0.0,0.0,0.0,0.06266844042745784,0.00977672855419752
ICEWS14,3840,3002,53,103,4587,6861,0,3565.0,0.5412194958693883,1.0,0.5412194958693883,0.0,1.0,0.9999999999981524,0.5,0.18127976746005783,0.3462617701085022
ICEWS14,3841,3002,115,274,1161,0,0,3564.5,0.0,0.0,0.0,0.0,0.0,0.0,0.0,0.06266844042745784,0.00977672855419752
ICEWS14,3842,1276,160,299,2442,4740,0,3.0,0.8109913788570068,1.0,0.9057236642639067,0.0,1.0,0.8106217761242236,0.5,0.2935388698878724,0.37993667170127055
ICEWS14,3843,1276,156,110,1161,2442,0,3565.0,0.23557946849797018,1.0,0.23557946849797018,0.0,1.0,0.9999999999957552,0.5,0.1149380187479599,0.2724285887461206
ICEWS14,3844,2784,169,285,2104,0,0,3564.5,0.0,0.0,0.0,0.0,0.0,0.0,0.0,0.06266844042745784,0.00977672855419752
ICEWS14,3845,4845,160,19,3155,0,0,3564.5,0.0,0.0,0.0,0.0,0.0,0.0,0.0,0.06266844042745784,0.00977672855419752
ICEWS14,3846,4845,53,7,2290,0,0,3564.5,0.0,0.0,0.0,0.0,0.0,0.0,0.0,0.06266844042745784,0.00977672855419752
ICEWS14,3847,4694,53,218,711,3285,0,3565.5,0.10699532639049385,1.0,0.18946457081379975,0.0,1.0,0.39346090995269783,0.5,0.1064278842394172,0.12933892412250478
ICEWS14,3848,3076,160,3,4606,0,0,3564.5,0.0,0.0,0.0,0.0,0.0,0.0,0.0,0.06266844042745784,0.00977672855419752
ICEWS14,3849,2619,157,147,1189,0,0,3564.5,0.0,0.0,0.0,0.0,0.0,0.0,0.0,0.06266844042745784,0.00977672855419752
ICEWS14,3850,2619,160,331,993,6090,0,3567.0,0.6248754804811538,1.0,0.7141434062641757,0.0,1.0,0.7777777777768099,0.5,0.22929296503338337,0.31971756467428747
ICEWS14,3851,3716,38,134,2698,6345,0,3565.0,0.10459292292411289,1.0,0.10459292292411289,0.0,1.0,0.9999999999904391,0.5,0.0936440444443465,0.24398175922863888
ICEWS14,3852,4003,56,97,1145,0,0,3564.5,0.0,0.0,0.0,0.0,0.0,0.0,0.0,0.06266844042745784,0.00977672855419752
ICEWS14,3853,4003,156,325,4261,1145,0,3564.0,1.0,1.0,1.0,0.0,1.0,0.9999999999989999,0.5,0.33030722584940386,0.47130336916752824
ICEWS14,3854,1344,123,299,3155,0,0,3564.5,0.0,0.0,0.0,0.0,0.0,0.0,0.0,0.06266844042745784,0.00977672855419752
ICEWS14,3855,29,162,89,323,0,0,3564.5,0.0,0.0,0.0,0.0,0.0,0.0,0.0,0.06266844042745784,0.00977672855419752
ICEWS14,3856,3822,160,344,1077,1077,1,1.0,2.1941393825339963,9.0,0.9803906099397734,0.5578110273818622,0.9918708336210224,0.9794734259693217,0.7748409305014423,0.48345440905290554,0.7724330606892235
ICEWS14,3857,5584,169,159,545,545,1,1.0,0.2502346530629467,2.0,0.9803906099397734,0.41181296823779734,0.5881870317622027,0.08115630049576407,0.5,0.3438296735828872,0.22845921259587407
ICEWS14,3858,5584,53,190,3341,1923,0,3565.0,1.3752440064784937,2.0,0.7284274237469965,0.0,1.0,0.9999999999992728,0.5,0.2716819732125858,0.40525528042228803
ICEWS14,3859,4263,156,47,5453,0,0,3564.5,0.0,0.0,0.0,0.0,0.0,0.0,0.0,0.06266844042745784,0.00977672855419752
ICEWS14,3860,3308,156,315,1145,2996,0,2.5,0.44527315546424734,1.0,0.7884782461155736,0.0,1.0,0.3934609099537971,0.5,0.24955514872575518,0.22961031305849922
ICEWS14,3861,2267,53,24,6785,0,0,3564.5,0.0,0.0,0.0,0.0,0.0,0.0,0.0,0.06266844042745784,0.00977672855419752
ICEWS14,3862,296,160,212,3155,3155,1,1.0,0.20106227000787236,3.0,0.9611657480580811,0.5392451606423132,0.46075483935768685,0.0506317240214494,0.5,0.3595889670245326,0.23396049502944283
ICEWS14,3863,296,127,341,3171,0,0,3564.5,0.0,0.0,0.0,0.0,0.0,0.0,0.0,0.06266844042745784,0.00977672855419752
ICEWS14,3864,2927,6,110,1555,0,0,3564.5,0.0,0.0,0.0,0.0,0.0,0.0,0.0,0.06266844042745784,0.00977672855419752
ICEWS14,3865,4191,156,349,4574,0,0,3564.5,0.0,0.0,0.0,0.0,0.0,0.0,0.0,0.06266844042745784,0.00977672855419752
ICEWS14,3866,3309,53,87,7038,7038,1,1.0,0.33357402720827645,1.0,0.9803906099397734,0.0,1.0,0.20499788146859568,0.5,0.31259504606747196,0.22338239484167802
ICEWS14,3867,3309,169,41,4805,0,0,3564.5,0.0,0.0,0.0,0.0,0.0,0.0,0.0,0.06266844042745784,0.00977672855419752
ICEWS14,3868,4330,160,77,3133,0,0,3564.5,0.0,0.0,0.0,0.0,0.0,0.0,0.0,0.06266844042745784,0.00977672855419752
ICEWS14,3869,2100,162,328,5527,0,0,3564.5,0.0,0.0,0.0,0.0,0.0,0.0,0.0,0.06266844042745784,0.00977672855419752
ICEWS14,3870,2100,160,131,2415,2083,0,3565.0,0.410167678003819,1.0,0.410167678003819,0.0,1.0,0.9999999999975621,0.5,0.14976040329106585,0.3134105692683034
ICEWS14,3871,2100,169,40,374,0,0,3564.5,0.0,0.0,0.0,0.0,0.0,0.0,0.0,0.06266844042745784,0.00977672855419752
ICEWS14,3872,2100,158,301,6284,4630,0,3565.0,0.5630865404461788,1.0,0.5630865404461788,0.0,1.0,0.9999999999982241,0.5,0.18701451129895075,0.3518998933245254
ICEWS14,3873,2100,56,353,2461,6943,0,3566.5,0.7005982600330424,2.0,0.6216979445974911,0.4950491105234984,1.0,0.3976579481849855,0.7475245552617492,0.22905037856598,0.42316592455819263
ICEWS14,3874,861,53,188,4545,0,0,3564.5,0.0,0.0,0.0,0.0,0.0,0.0,0.0,0.06266844042745784,0.00977672855419752
ICEWS14,3875,2332,160,267,3376,2603,0,3564.0,1.0,1.0,1.0,0.0,1.0,0.9999999999989999,0.5,0.33030722584940386,0.47130336916752824
ICEWS14,3876,885,53,262,4702,733,0,3567.0,0.8042490800314893,2.0,0.8042490800314893,0.0,1.0,0.3377486972982971,0.5,0.2889008494309221,0.22891579410626622
ICEWS14,3877,885,127,96,4304,3004,0,3564.0,0.0,1.0,1.0,0.0,0.0,0.0,0.0,0.31444089581150797,0.03619909534280753
ICEWS14,3878,2255,207,213,5311,0,0,3564.5,0.0,0.0,0.0,0.0,0.0,0.0,0.0,0.06266844042745784,0.00977672855419752
ICEWS14,3879,2255,160,216,4950,3922,0,3566.0,1.3898829706333036,3.0,1.0,0.3145466872331547,1.0,0.9096722843522353,0.6572733436165774,0.39512576283152545,0.6276012477909296
ICEWS14,3880,2255,169,173,3155,4702,0,3565.0,0.2550004023552998,1.0,0.2550004023552998,0.0,1.0,0.9999999999960785,0.5,0.1184322245976781,0.2768185713339488
ICEWS14,3881,6435,160,87,1077,7038,0,4.0,0.08324318918202711,1.0,0.7429971445684742,0.0,1.0,0.05934280798970171,0.5,0.23087470004823257,0.1511871206022052
ICEWS14,3882,3828,18,173,2442,2442,1,1.0,0.17172517640917645,1.0,0.22199074391114454,0.0,1.0,0.6307481928232535,0.5,0.11218259101413373,0.17818329251351123
ICEWS14,3883,3828,160,173,2442,1798,0,2.0,0.18350910575668156,1.0,0.7578582832551991,0.0,1.0,0.13774814446146452,0.5,0.23663250349997475,0.167916183629796
ICEWS14,3884,1621,110,261,3210,0,0,3564.5,0.0,0.0,0.0,0.0,0.0,0.0,0.0,0.06266844042745784,0.00977672855419752
ICEWS14,3885,3685,38,246,4250,6993,0,3565.0,0.01030865555291324,1.0,0.01030865555291324,0.0,1.0,0.9999999999029942,0.5,0.08057753853073402,0.22479115570989633
ICEWS14,3886,3685,150,208,3729,3155,0,3566.5,0.1055290580952406,1.0,0.23557946849797018,0.0,1.0,0.28862263229754337,0.5,0.11398046954899486,0.1188759602046044
ICEWS14,3887,3685,56,324,6245,0,0,3564.5,0.0,0.0,0.0,0.0,0.0,0.0,0.0,0.06266844042745784,0.00977672855419752
ICEWS14,3888,509,123,292,3155,3155,1,1.0,0.08120849712536012,3.0,0.03809417669388987,0.5309089806811156,1.0,0.999999999987686,0.7654544903405578,0.1061930917860414,0.5083398259499653
ICEWS14,3889,509,53,190,3495,6559,0,3566.0,0.36765303747736144,2.0,0.6216979445974911,0.31596794733337696,0.684032052666623,0.25353772730951873,0.5,0.2248074646055456,0.19256531401127755
ICEWS14,3890,509,53,294,3155,3495,0,5.0,0.5800439189931177,1.0,0.820335356007638,0.0,1.0,0.5468878617895264,0.5,0.2615560650721305,0.2770855923253568
ICEWS14,3891,509,53,299,2300,3495,0,3567.0,0.5253595037444432,1.0,0.7429971445684742,0.0,1.0,0.5468878617894728,0.5,0.2366269083693548,0.2595778739553426
ICEWS14,3892,509,53,198,3495,6559,0,3566.0,0.31378436653160446,2.0,0.5306065116666864,0.3159679473333771,0.6840320526666229,0.25353772730948865,0.5,0.1987406722355561,0.17665760791383686
ICEWS14,3893,509,142,131,2300,1694,0,3.0,0.09950602239163808,1.0,0.6095068271022377,0.0,1.0,0.08888373742519061,0.5,0.19379489935831246,0.1366278033577786
ICEWS14,3894,509,156,213,442,0,0,3564.5,0.0,0.0,0.0,0.0,0.0,0.0,0.0,0.06266844042745784,0.00977672855419752
ICEWS14,3895,509,103,86,5036,3155,0,3565.0,0.4267397988666503,1.0,0.4267397988666503,0.0,1.0,0.9999999999976567,0.5,0.1534816191909766,0.31747127065319514
ICEWS14,3896,4994,156,319,6890,5198,0,3.0,0.2563981322606669,2.0,0.4528618321319533,0.27876380166673276,0.7212361983332672,0.25655327597094973,0.5,0.17822412005953195,0.16309747800473956
ICEWS14,3897,4994,160,319,5198,6890,0,3565.5,1.7137182419530237,6.0,0.6341329040632923,0.3966704860927871,0.9497833810232176,0.8801894554214326,0.6732269335580023,0.30779796718793434,0.5530019366086673
ICEWS14,3898,4994,160,345,6890,6890,1,1.0,1.9663583838815937,7.0,0.9423178739918808,0.5371842631108259,0.97302442253904,0.933804380547336,0.7551043428249329,0.4432975975440196,0.7318450022643351
ICEWS14,3899,1091,158,274,1077,0,0,3564.5,0.0,0.0,0.0,0.0,0.0,0.0,0.0,0.06266844042745784,0.00977672855419752
ICEWS14,3900,4069,160,122,4569,3155,0,2.0,3.128839256520193,10.0,0.9803906099397734,0.5707953587497647,0.781640686085057,0.6379182537704003,0.6762180224174108,0.5091074619664416,0.5840743209985974
ICEWS14,3901,4069,160,98,3155,3155,1,1.0,1.5014563385316058,7.0,0.7001394896518027,0.6683317354608711,0.7171600155097602,0.5519106413745006,0.6927458754853156,0.33922588175411117,0.5018442926651983
ICEWS14,3902,4069,160,191,3155,3155,1,1.0,0.5921807620429522,12.0,0.4528618321319533,0.704265327980774,0.5556339524516457,0.20471403962319604,0.6299496402162099,0.2749715862248661,0.2993772668329234
ICEWS14,3903,4069,56,350,1121,1147,0,3566.5,0.03693050351638859,2.0,0.07322963567727875,0.4900991917739814,0.5099008082260186,0.14754472258544676,0.5,0.10160429124917872,0.102361622085822
ICEWS14,3904,1147,18,193,5244,0,0,3564.5,0.0,0.0,0.0,0.0,0.0,0.0,0.0,0.06266844042745784,0.00977672855419752
ICEWS14,3905,1147,105,266,6332,0,0,3564.5,0.0,0.0,0.0,0.0,0.0,0.0,0.0,0.06266844042745784,0.00977672855419752
ICEWS14,3906,1147,61,202,501,2446,0,3565.5,0.11883740733405807,1.0,0.3364750481580891,0.0,1.0,0.21446433134773094,0.5,0.13228112216670634,0.1202216046358322
ICEWS14,3907,3572,56,113,4769,0,0,3564.5,0.0,0.0,0.0,0.0,0.0,0.0,0.0,0.06266844042745784,0.00977672855419752
ICEWS14,3908,3572,156,117,4048,6861,0,3566.5,0.47068369450594033,1.0,0.7578582832551991,0.0,1.0,0.4504008506475785,0.5,0.24042149020680245,0.23749659044874039
ICEWS14,3909,3572,160,267,2442,1540,0,3.0,0.3087363844426798,1.0,0.6729500963161781,0.0,1.0,0.2976736962903361,0.5,0.2134602114541287,0.18560355559792302
ICEWS14,3910,4319,53,13,2266,2273,0,3564.0,1.0,1.0,1.0,0.0,1.0,0.9999999999989999,0.5,0.33030722584940386,0.47130336916752824
ICEWS14,3911,4319,160,310,5002,382,0,3572.0,0.3402460446135529,1.0,1.0,0.0,1.0,0.20499788146859818,0.5,0.31979323222747386,0.22741088994965974
ICEWS14,3912,4319,155,137,3399,1626,0,3566.5,0.2962013857976066,1.0,0.8705505632961241,0.0,1.0,0.20499788146857978,0.5,0.2739841880233355,0.20176322448954337
ICEWS14,3913,4319,142,257,3341,3341,1,1.0,1.8834397292218394,25.0,0.9803906099397734,0.3014876624346592,0.6985123375653408,0.16219482703667965,0.5,0.5645168947971697,0.3084845541553109
ICEWS14,3914,4319,142,6,3341,3341,1,1.0,1.8484111335701576,3.0,0.9611657480580811,0.0,1.0,0.4951481168648604,0.5,0.38758365114098603,0.30833291342219277
ICEWS14,3915,4319,0,163,1179,0,0,3564.5,0.0,0.0,0.0,0.0,0.0,0.0,0.0,0.06266844042745784,0.00977672855419752
ICEWS14,3916,4319,156,261,2661,4807,0,3566.0,0.0021973531002325228,1.0,0.03809417669388987,0.0,1.0,0.029697572565087253,0.5,0.08404402615766286,0.06864134279378323
ICEWS14,3917,1087,160,272,929,929,1,1.0,0.059170996497661166,4.0,0.03125,0.5542761563226319,0.9048959482995248,0.7300522754764984,0.7295860523110784,0.11285095940902143,0.39159291602528157
ICEWS14,3918,1087,155,82,1077,0,0,3564.5,0.0,0.0,0.0,0.0,0.0,0.0,0.0,0.06266844042745784,0.00977672855419752
ICEWS14,3919,1175,56,9,3013,0,0,3564.5,0.0,0.0,0.0,0.0,0.0,0.0,0.0,0.06266844042745784,0.00977672855419752
ICEWS14,3920,1175,156,202,6570,1148,0,6.0,0.49255502742185586,1.0,0.7578582832551991,0.0,1.0,0.4814049479030991,0.5,0.2407117537227483,0.24545619369464386
ICEWS14,3921,1175,127,55,6568,6568,1,1.0,0.5,1.0,0.5,0.0,1.0,0.999999999998,0.5,0.17084380106053865,0.33575137090206625
ICEWS14,3922,1175,123,82,5492,0,0,3564.5,0.0,0.0,0.0,0.0,0.0,0.0,0.0,0.06266844042745784,0.00977672855419752
ICEWS14,3923,2718,129,61,929,0,0,3564.5,0.0,0.0,0.0,0.0,0.0,0.0,0.0,0.06266844042745784,0.00977672855419752
ICEWS14,3924,4506,222,259,6597,6597,1,1.0,0.04977696408206855,1.0,0.9611657480580811,0.0,1.0,0.026582384240618567,0.5,0.3013672498340231,0.18106515152881317
ICEWS14,3925,4506,156,188,96,0,0,3564.5,0.0,0.0,0.0,0.0,0.0,0.0,0.0,0.06266844042745784,0.00977672855419752
ICEWS14,3926,6866,156,336,1145,1145,1,1.0,0.7286961149256248,6.0,0.5306065116666864,0.2718411683574802,0.9999999999999999,0.9999999999986278,0.6359205841787401,0.2582283397236935,0.538550142654522
ICEWS14,3927,480,229,27,5678,1176,0,3565.0,0.7730166686334901,1.0,0.7730166686334901,0.0,1.0,0.9999999999987064,0.5,0.24916949626846113,0.4079416265083591
ICEWS14,3928,349,123,55,3262,0,0,3564.5,0.0,0.0,0.0,0.0,0.0,0.0,0.0,0.06266844042745784,0.00977672855419752
ICEWS14,3929,349,53,75,3553,3657,0,3565.0,0.6729500963161781,1.0,0.6729500963161781,0.0,1.0,0.9999999999985141,0.5,0.2179359588887146,0.38082894991170574
ICEWS14,3930,3676,169,54,7084,7084,1,1.0,0.9803906099397734,1.0,0.9803906099397734,0.0,1.0,0.99999999999898,0.5,0.322779285591777,0.4657625428295966
ICEWS14,3931,280,123,168,1148,0,0,3564.5,0.0,0.0,0.0,0.0,0.0,0.0,0.0,0.06266844042745784,0.00977672855419752
ICEWS14,3932,280,98,103,2427,0,0,3564.5,0.0,0.0,0.0,0.0,0.0,0.0,0.0,0.06266844042745784,0.00977672855419752
ICEWS14,3933,4455,169,217,3155,0,0,3564.5,0.0,0.0,0.0,0.0,0.0,0.0,0.0,0.06266844042745784,0.00977672855419752
ICEWS14,3934,2790,55,249,15,0,0,3564.5,0.0,0.0,0.0,0.0,0.0,0.0,0.0,0.06266844042745784,0.00977672855419752
ICEWS14,3935,2790,169,166,5951,3281,0,3565.5,0.1165129116661161,1.0,1.0,0.0,1.0,0.06186021257470925,0.5,0.3162682813732178,0.19531725642760542
ICEWS14,3936,2790,6,13,3155,0,0,3564.5,0.0,0.0,0.0,0.0,0.0,0.0,0.0,0.06266844042745784,0.00977672855419752
ICEWS14,3937,2790,224,57,1286,1286,1,1.0,0.9803906099397734,1.0,0.9803906099397734,0.0,1.0,0.99999999999898,0.5,0.322779285591777,0.4657625428295966
ICEWS14,3938,2790,156,126,3155,4393,0,3565.0,0.36421371187349827,1.0,0.36421371187349827,0.0,1.0,0.9999999999972544,0.5,0.1398297748662734,0.3023001719874483
ICEWS14,3939,2790,160,338,3155,4393,0,3.0,0.20243522677230774,2.0,0.820335356007638,0.22310461320426234,0.7768953867957377,0.10602064424951611,0.5,0.28546102290481173,0.1937441941380207
ICEWS14,3940,2790,123,82,312,4393,0,3564.0,1.0,1.0,1.0,0.0,1.0,0.9999999999989999,0.5,0.33030722584940386,0.47130336916752824
ICEWS14,3941,6592,160,300,1077,2452,0,3565.5,0.007646626334867261,1.0,0.020213018210359285,0.0,1.0,0.23327528819484541,0.5,0.0817992228865164,0.0882625750060177
ICEWS14,3942,5336,156,19,1121,0,0,3564.5,0.0,0.0,0.0,0.0,0.0,0.0,0.0,0.06266844042745784,0.00977672855419752
ICEWS14,3943,432,224,354,2555,875,0,3565.0,0.0034686053736116347,1.0,0.0034686053736116347,0.0,1.0,0.9999999997116997,0.5,0.07969732161317784,0.2234414879756975
ICEWS14,3944,1141,123,257,2596,0,0,3564.5,0.0,0.0,0.0,0.0,0.0,0.0,0.0,0.06266844042745784,0.00977672855419752
ICEWS14,3945,2569,155,127,5421,0,0,3564.5,0.0,0.0,0.0,0.0,0.0,0.0,0.0,0.06266844042745784,0.00977672855419752
ICEWS14,3946,1286,224,295,1188,503,0,1.0,1.0543548983473026,2.0,1.0,0.4851512137172558,1.0,0.3725265987233594,0.7425756068586279,0.3646930186633235,0.5160185159813108
ICEWS14,3947,270,160,191,5887,5887,1,1.0,0.47038980522917384,1.0,0.9803906099397734,0.0,1.0,0.31561494558072567,0.5,0.31473462934373786,0.25072553917334056
ICEWS14,3948,270,160,253,497,5187,0,3567.0,0.7128254112507413,1.0,1.0,0.0,1.0,0.5537907735910452,0.5,0.3257090930467896,0.32253968644320163
ICEWS14,3949,2496,160,85,362,0,0,3564.5,0.0,0.0,0.0,0.0,0.0,0.0,0.0,0.06266844042745784,0.00977672855419752
ICEWS14,3950,4769,53,133,1540,0,0,3564.5,0.0,0.0,0.0,0.0,0.0,0.0,0.0,0.06266844042745784,0.00977672855419752
ICEWS14,3951,4769,160,197,673,2442,0,3567.0,0.3137331229784614,3.0,0.5858370854182298,0.25360808792315204,0.746391912076848,0.24977737666301097,0.5,0.232023588061964,0.1915832085577328
ICEWS14,3952,2156,127,155,4723,0,0,3564.5,0.0,0.0,0.0,0.0,0.0,0.0,0.0,0.06266844042745784,0.00977672855419752
ICEWS14,3953,3817,160,72,2454,0,0,3564.5,0.0,0.0,0.0,0.0,0.0,0.0,0.0,0.06266844042745784,0.00977672855419752
ICEWS14,3954,5398,155,6,3155,3155,1,1.0,0.9611657480580811,1.0,0.9611657480580811,0.0,1.0,0.9999999999989596,0.5,0.3154870741711184,0.4603385493265481
ICEWS14,3955,2667,53,245,622,0,0,3564.5,0.0,0.0,0.0,0.0,0.0,0.0,0.0,0.06266844042745784,0.00977672855419752
ICEWS14,3956,1659,56,36,1121,0,0,3564.5,0.0,0.0,0.0,0.0,0.0,0.0,0.0,0.06266844042745784,0.00977672855419752
ICEWS14,3957,2685,53,280,5513,2004,0,3565.5,0.0028443758217695375,1.0,0.037347173124076184,0.0,1.0,0.039587710403364534,0.5,0.08395148034968518,0.06950105367822784
ICEWS14,3958,4431,222,99,566,566,1,1.0,0.2519631861927769,1.0,0.9803906099397734,0.0,1.0,0.14744881036222424,0.5,0.3113225651416461,0.2101331502389139
ICEWS14,3959,4134,160,202,3211,0,0,3564.5,0.0,0.0,0.0,0.0,0.0,0.0,0.0,0.06266844042745784,0.00977672855419752
ICEWS14,3960,847,127,341,6410,0,0,3564.5,0.0,0.0,0.0,0.0,0.0,0.0,0.0,0.06266844042745784,0.00977672855419752
ICEWS14,3961,3287,160,180,928,0,0,3564.5,0.0,0.0,0.0,0.0,0.0,0.0,0.0,0.06266844042745784,0.00977672855419752
ICEWS14,3962,5119,170,50,5496,5496,1,1.0,1.9566483999938402,4.0,0.5520447568369061,0.2821379440673367,1.0,0.9999999999994889,0.6410689720336684,0.25869276470691527,0.5141685371800179
ICEWS14,3963,2628,160,194,1077,4564,0,3564.0,1.0,1.0,1.0,0.0,1.0,0.9999999999989999,0.5,0.33030722584940386,0.47130336916752824
ICEWS14,3964,5709,156,289,1140,1140,1,1.0,0.9803906099397734,1.0,0.9803906099397734,0.0,1.0,0.99999999999898,0.5,0.322779285591777,0.4657625428295966
ICEWS14,3965,102,86,194,6635,6635,1,1.0,0.9611657480580811,1.0,0.9611657480580811,0.0,1.0,0.9999999999989596,0.5,0.3154870741711184,0.4603385493265481
ICEWS14,3966,5957,207,274,1193,913,0,3565.0,0.008128150650170597,1.0,0.008128150650170597,0.0,1.0,0.9999999998769707,0.5,0.08029597985719082,0.22436027439569975
ICEWS14,3967,5219,127,231,2445,0,0,3564.5,0.0,0.0,0.0,0.0,0.0,0.0,0.0,0.06266844042745784,0.00977672855419752
ICEWS14,3968,5219,53,134,2445,999,0,3565.0,0.12254882624247168,1.0,0.12254882624247168,0.0,1.0,0.99999999999184,0.5,0.09633864077390064,0.2477596700658276
ICEWS14,3969,5219,156,27,2445,2445,1,1.0,1.7072939466890271,2.0,0.8705505632961241,0.0,1.0,0.9999999999994142,0.5,0.3264686159033504,0.4416630208526871
ICEWS14,3970,5219,156,356,2445,2445,1,1.0,0.002527122772362772,2.0,0.0012885819441141547,0.0,1.0,0.9999999996042931,0.5,0.09092543166393617,0.23727241528194443
ICEWS14,3971,6364,53,20,1357,0,0,3564.5,0.0,0.0,0.0,0.0,0.0,0.0,0.0,0.06266844042745784,0.00977672855419752
ICEWS14,3972,6364,53,17,2481,0,0,3564.5,0.0,0.0,0.0,0.0,0.0,0.0,0.0,0.06266844042745784,0.00977672855419752
ICEWS14,3973,457,229,153,3211,5451,0,1.0,0.01960939006022655,1.0,1.0,0.0,1.0,0.009901778952998064,0.5,0.3147480489379219,0.1846999597433842
ICEWS14,3974,3080,224,333,1956,146,0,5.0,0.9799976527082985,10.0,1.0,0.4667635234700952,0.5332364765299048,0.15370800924477349,0.5,0.4782997123234852,0.29724841460743534
ICEWS14,3975,3080,224,241,4484,4851,0,1.0,0.4850823449008219,1.0,1.0,0.0,1.0,0.32020377032885294,0.5,0.32208621095174206,0.25625137146186927
ICEWS14,3976,3080,229,197,146,146,1,1.0,0.8649106605347672,1.0,0.9803906099397734,0.0,1.0,0.7892452745980395,0.5,0.32094829146595166,0.3930063748500516
ICEWS14,3977,3080,170,83,1923,0,0,3564.5,0.0,0.0,0.0,0.0,0.0,0.0,0.0,0.06266844042745784,0.00977672855419752
ICEWS14,3978,5887,207,96,143,0,0,3564.5,0.0,0.0,0.0,0.0,0.0,0.0,0.0,0.06266844042745784,0.00977672855419752
ICEWS14,3979,3288,103,294,5037,0,0,3564.5,0.0,0.0,0.0,0.0,0.0,0.0,0.0,0.06266844042745784,0.00977672855419752
ICEWS14,3980,1699,142,230,2278,3154,0,2.0,0.1856210564444321,1.0,0.21336989943332518,0.0,1.0,0.7698325504643887,0.5,0.11085352636189151,0.20771985575455912
ICEWS14,3981,1699,53,313,6865,6865,1,1.0,0.6770146181585376,1.0,0.9423178739918808,0.0,1.0,0.5606183938301573,0.5,0.30432944451644806,0.3102195325162579
ICEWS14,3982,6426,32,288,3262,0,0,3564.5,0.0,0.0,0.0,0.0,0.0,0.0,0.0,0.06266844042745784,0.00977672855419752
ICEWS14,3983,6426,155,54,3995,3995,1,1.0,0.9238395952400507,1.0,0.9238395952400507,0.0,1.0,0.9999999999989175,0.5,0.3015872178185898,0.44983546847777767
ICEWS14,3984,713,103,316,6785,0,0,3564.5,0.0,0.0,0.0,0.0,0.0,0.0,0.0,0.06266844042745784,0.00977672855419752
ICEWS14,3985,6507,155,281,6360,0,0,3564.5,0.0,0.0,0.0,0.0,0.0,0.0,0.0,0.06266844042745784,0.00977672855419752
ICEWS14,3986,3884,103,152,2683,0,0,3564.5,0.0,0.0,0.0,0.0,0.0,0.0,0.0,0.06266844042745784,0.00977672855419752
ICEWS14,3987,3884,133,275,2207,2202,0,3565.5,0.44179425464092537,6.0,0.10254191950095473,0.514047055361885,0.8617677645506676,0.6914770716474976,0.6879074099562763,0.14279999217132552,0.37072746388681155
ICEWS14,3988,3884,133,272,2202,2202,1,1.0,0.46883781665881047,6.0,0.10881882041201553,0.514047055361885,0.8617677645506674,0.6914770716475601,0.6879074099562762,0.1443327740612297,0.37208213541024654
ICEWS14,3989,3884,115,258,7038,0,0,3564.5,0.0,0.0,0.0,0.0,0.0,0.0,0.0,0.06266844042745784,0.00977672855419752
ICEWS14,3990,3884,160,255,7038,2202,0,3566.0,0.41171136232519445,1.0,0.9423178739918808,0.0,1.0,0.2795196863692581,0.5,0.30026469005858536,0.23346407627332616
ICEWS14,3991,1729,160,69,4606,6635,0,3565.0,0.4901953049698867,1.0,0.4901953049698867,0.0,1.0,0.9999999999979601,0.5,0.16843281174455818,0.3332746123252768
ICEWS14,3992,1729,160,70,4606,6635,0,3565.0,0.4805828740290406,1.0,0.4805828740290406,0.0,1.0,0.9999999999979192,0.5,0.16609551667127687,0.3308553242867397
ICEWS14,3993,4892,156,293,3262,0,0,3564.5,0.0,0.0,0.0,0.0,0.0,0.0,0.0,0.06266844042745784,0.00977672855419752
ICEWS14,3994,3137,172,41,2143,0,0,3564.5,0.0,0.0,0.0,0.0,0.0,0.0,0.0,0.06266844042745784,0.00977672855419752
ICEWS14,3995,5300,160,275,6225,2454,0,3566.5,0.3433892786885049,1.0,0.5743491774985175,0.0,1.0,0.4264068154579188,0.5,0.18745337851377147,0.1957656637295266
ICEWS14,3996,5300,160,274,6225,2454,0,3566.5,0.3502576169202596,1.0,0.5858370854182298,0.0,1.0,0.42640681545792913,0.5,0.1904754223104076,0.19787279803394353
ICEWS14,3997,5300,53,161,3817,0,0,3564.5,0.0,0.0,0.0,0.0,0.0,0.0,0.0,0.06266844042745784,0.00977672855419752
ICEWS14,3998,5392,127,166,2656,0,0,3564.5,0.0,0.0,0.0,0.0,0.0,0.0,0.0,0.06266844042745784,0.00977672855419752
ICEWS14,3999,6381,156,126,5268,0,0,3564.5,0.0,0.0,0.0,0.0,0.0,0.0,0.0,0.06266844042745784,0.00977672855419752
ICEWS14,4000,6614,224,130,1188,1188,1,1.0,0.2706097479346942,1.0,0.2706097479346942,0.0,1.0,0.9999999999963047,0.5,0.12130696393980464,0.28037844439994325
ICEWS14,4001,1144,6,92,3316,6895,0,3565.0,0.4356167619142024,2.0,0.22643091606597668,0.48020614479804213,1.0,0.9999999999977045,0.7401030723990211,0.1307612491781751,0.5184507096842726
ICEWS14,4002,1144,86,314,6895,6895,1,1.0,1.530874951888689,2.0,0.7730166686334901,0.4950491105234984,1.0,0.9999999999993467,0.7475245552617492,0.2890096746174774,0.6659844852130397
ICEWS14,4003,277,160,167,3770,6785,0,3565.5,0.8786965036347751,1.0,0.9611657480580811,0.0,1.0,0.8419576863216423,0.5,0.31419476526277373,0.40555909914136656
ICEWS14,4004,6903,176,229,1145,0,0,3564.5,0.0,0.0,0.0,0.0,0.0,0.0,0.0,0.06266844042745784,0.00977672855419752
ICEWS14,4005,6903,6,286,1145,1145,1,1.0,2.4854864854093788,8.0,0.9057236642639067,0.6355950154704917,1.0,0.9999999999995977,0.8177975077352458,0.4480949213920505,0.785704027637172
ICEWS14,4006,6903,61,191,1145,1145,1,1.0,0.27602237841845306,1.0,0.27602237841845306,0.0,1.0,0.9999999999963772,0.5,0.12231775395613426,0.2816193550696535
ICEWS14,4007,3678,86,178,3262,0,0,3564.5,0.0,0.0,0.0,0.0,0.0,0.0,0.0,0.06266844042745784,0.00977672855419752
ICEWS14,4008,281,160,311,5395,5395,1,1.0,0.5644327301585231,2.0,0.5306065116666864,0.05992958360571421,1.0,0.9999999999982283,0.5299647918028572,0.2016560419006835,0.3906896913614302
ICEWS14,4009,139,53,321,6017,0,0,3564.5,0.0,0.0,0.0,0.0,0.0,0.0,0.0,0.06266844042745784,0.00977672855419752
ICEWS14,4010,5012,56,240,1161,0,0,3564.5,0.0,0.0,0.0,0.0,0.0,0.0,0.0,0.06266844042745784,0.00977672855419752
ICEWS14,4011,5791,53,176,6291,6785,0,3.0,0.12500000000000006,2.0,0.2550004023552998,0.32894702012216614,0.6710529798778339,0.1968501442400088,0.5,0.13365635981193635,0.12613550381476332
ICEWS14,4012,852,116,173,3607,0,0,3564.5,0.0,0.0,0.0,0.0,0.0,0.0,0.0,0.06266844042745784,0.00977672855419752
ICEWS14,4013,4838,121,7,1176,0,0,3564.5,0.0,0.0,0.0,0.0,0.0,0.0,0.0,0.06266844042745784,0.00977672855419752
ICEWS14,4014,4838,151,111,3542,0,0,3564.5,0.0,0.0,0.0,0.0,0.0,0.0,0.0,0.06266844042745784,0.00977672855419752
ICEWS14,4015,3833,53,338,1553,0,0,3564.5,0.0,0.0,0.0,0.0,0.0,0.0,0.0,0.06266844042745784,0.00977672855419752
ICEWS14,4016,1846,169,273,5036,3290,0,3567.5,0.09427633573609329,1.0,1.0,0.0,1.0,0.04947009763477877,0.5,0.31591908276628516,0.1927355423655446
ICEWS14,4017,1846,160,318,2248,4319,0,4.0,0.28515941956055046,1.0,0.5630865404461788,0.0,1.0,0.3390663346759914,0.5,0.18396429319360688,0.17521485230744338
ICEWS14,4018,1846,53,336,5036,6889,0,3569.5,0.22044204604955264,3.0,0.7884782461155736,0.011588417515938865,0.9884115824840611,0.07500165045409003,0.5,0.2963663746926466,0.18009684572399837
ICEWS14,4019,1846,53,210,2262,2216,0,3566.5,0.11448430424694456,1.0,0.3364750481580891,0.0,1.0,0.20499788146835468,0.5,0.132244829610481,0.11880972073304144
ICEWS14,4020,1846,127,112,3322,4702,0,3566.5,1.9205976521149581,3.0,0.9803906099397734,0.0,1.0,0.5294466035438877,0.5,0.39649951191390254,0.3230344506764712
ICEWS14,4021,1846,155,106,3155,0,0,3564.5,0.0,0.0,0.0,0.0,0.0,0.0,0.0,0.06266844042745784,0.00977672855419752
ICEWS14,4022,3164,160,247,2547,2427,0,3565.5,0.013335618714582817,2.0,0.10881882041201553,0.1091701522264128,0.8908298477735872,0.05773663471331687,0.5,0.10700597815259698,0.08547787961789761
ICEWS14,4023,145,222,260,4362,483,0,2.0,0.038447061086110346,1.0,0.5202016416109183,0.0,1.0,0.03837199693627321,0.5,0.17088213107708455,0.11714091499644884
ICEWS14,4024,145,55,257,4851,4851,1,1.0,1.71902403131328,2.0,0.9611657480580811,0.44086543844079895,1.0,0.9999999999994182,0.7204327192203994,0.36083498408464443,0.6880092171963968
ICEWS14,4025,3376,61,260,4004,2619,0,3565.0,0.03316290697916791,1.0,0.03316290697916791,0.0,1.0,0.9999999999698459,0.5,0.08358321686074827,0.2293426048158472
ICEWS14,4026,52,16,122,917,6635,0,3564.0,1.0,1.0,1.0,0.0,1.0,0.9999999999989999,0.5,0.33030722584940386,0.47130336916752824
ICEWS14,4027,52,61,239,4415,917,0,3565.0,0.10459292292411289,1.0,0.10459292292411289,0.0,1.0,0.9999999999904391,0.5,0.0936440444443465,0.24398175922863888
ICEWS14,4028,2459,156,140,1182,1182,1,1.0,0.19541656257201406,2.0,0.18574928614211858,0.3556886838508335,1.0,0.512681194369174,0.6778443419254168,0.12134471766774983,0.2842067852461744
ICEWS14,4029,1503,224,241,5474,4468,0,2.0,0.19732781260852433,1.0,0.34320509065132626,0.0,1.0,0.4034653981393665,0.5,0.13424020374712703,0.15266410557256305
ICEWS14,4030,1503,229,159,5395,1215,0,3566.0,0.11439996621139975,1.0,0.43527528164806206,0.0,1.0,0.15129256877176053,0.5,0.15239230612071097,0.12313854761667807
ICEWS14,4031,1503,229,286,5474,5474,1,1.0,0.220473698564416,3.0,0.7578582832551991,0.033099486506723785,0.9669005134932762,0.1636618156054042,0.5,0.28579631776679054,0.19501523382590916
ICEWS14,4032,1526,142,271,5036,5036,1,1.0,12.180972353635118,19.0,0.9057236642639067,0.6700040178984217,0.978842876477823,0.9090287367843365,0.8244234471881223,0.6871862800061536,0.6778310011521537
ICEWS14,4033,1089,156,100,5036,0,0,3564.5,0.0,0.0,0.0,0.0,0.0,0.0,0.0,0.06266844042745784,0.00977672855419752
ICEWS14,4034,3812,53,173,733,0,0,3564.5,0.0,0.0,0.0,0.0,0.0,0.0,0.0,0.06266844042745784,0.00977672855419752
ICEWS14,4035,3812,72,358,733,0,0,3564.5,0.0,0.0,0.0,0.0,0.0,0.0,0.0,0.06266844042745784,0.00977672855419752
ICEWS14,4036,3394,155,45,2581,0,0,3564.5,0.0,0.0,0.0,0.0,0.0,0.0,0.0,0.06266844042745784,0.00977672855419752
ICEWS14,4037,2700,162,238,2059,0,0,3564.5,0.0,0.0,0.0,0.0,0.0,0.0,0.0,0.06266844042745784,0.00977672855419752
ICEWS14,4038,830,160,77,3159,0,0,3564.5,0.0,0.0,0.0,0.0,0.0,0.0,0.0,0.06266844042745784,0.00977672855419752
ICEWS14,4039,35,169,200,163,0,0,3564.5,0.0,0.0,0.0,0.0,0.0,0.0,0.0,0.06266844042745784,0.00977672855419752
ICEWS14,4040,3709,160,214,5459,5459,1,1.0,0.09855978076444671,1.0,0.09855978076444671,0.0,1.0,0.9999999999898538,0.5,0.09275394227079777,0.242721181964257
ICEWS14,4041,3232,127,7,4702,3155,0,3565.0,3.6797578496099925,4.0,0.9611657480580811,0.0,1.0,0.9999999999997282,0.5,0.43952028841758195,0.4626445750499756
ICEWS14,4042,3232,53,8,3155,4702,0,3564.0,2.9415563579978548,3.0,1.0,0.32675415021192744,1.0,0.99999999999966,0.6633770751059638,0.42235857108635,0.6409210611607117
ICEWS14,4043,1620,208,81,2290,0,0,3564.5,0.0,0.0,0.0,0.0,0.0,0.0,0.0,0.06266844042745784,0.00977672855419752
ICEWS14,4044,1620,56,127,5036,0,0,3564.5,0.0,0.0,0.0,0.0,0.0,0.0,0.0,0.06266844042745784,0.00977672855419752
ICEWS14,4045,1593,160,213,442,509,0,1.0,0.01960939006022655,1.0,1.0,0.0,1.0,0.009901778952998064,0.5,0.3147480489379219,0.1846999597433842
ICEWS14,4046,6932,53,82,6291,3666,0,3565.0,0.7141434062641757,1.0,0.7141434062641757,0.0,1.0,0.9999999999985998,0.5,0.23044093152968143,0.39191080049974897
ICEWS14,4047,2603,160,239,4313,4313,1,1.0,1.0357355374718065,4.0,0.9611657480580811,0.46860286068277124,0.9894694871510575,0.4011728344878265,0.7290361739169144,0.3928905102595739,0.5270942304369504
ICEWS14,4048,2603,98,345,1189,0,0,3564.5,0.0,0.0,0.0,0.0,0.0,0.0,0.0,0.06266844042745784,0.00977672855419752
ICEWS14,4049,2603,156,313,1189,5526,0,2.0,0.8059289715291398,1.0,0.8705505632961241,0.0,1.0,0.8617974424975167,0.5,0.2814109882094059,0.3875517414994371
ICEWS14,4050,4604,127,174,1077,0,0,3564.5,0.0,0.0,0.0,0.0,0.0,0.0,0.0,0.06266844042745784,0.00977672855419752
ICEWS14,4051,3285,160,300,2290,2290,1,1.0,1.4359377452574345,14.0,0.597554769985219,0.6929220760876366,0.7638908825501383,0.5846796430544376,0.7284064793188874,0.3511460042929979,0.5487155754979633
ICEWS14,4052,3285,160,78,4383,2290,0,1.0,1.9873917868521933,3.0,1.0,0.5464913132457137,1.0,0.8203321920257337,0.7732456566228568,0.40554533510649765,0.6979124050232324
ICEWS14,4053,3285,160,208,2290,2290,1,1.0,1.1622517090695683,11.0,0.8879629756445782,0.6874826503554807,0.6071524266580491,0.25711281710026407,0.6473175385067649,0.4429131954146915,0.4382559922600204
ICEWS14,4054,3285,53,296,3873,2300,0,3566.0,0.009423937033100183,1.0,0.4805828740290406,0.0,1.0,0.009901778952992667,0.5,0.16140892814564023,0.1084567317134078
ICEWS14,4055,3285,53,41,1115,7098,0,3565.0,0.6095068271022377,1.0,0.6095068271022377,0.0,1.0,0.9999999999983593,0.5,0.19964893814706944,0.36400497326551584
ICEWS14,4056,3285,155,257,6823,4383,0,3566.5,0.019706936680785048,1.0,0.2706097479346942,0.0,1.0,0.03778803853047824,0.5,0.1193775677195602,0.0895997575285413
ICEWS14,4057,3683,53,65,803,0,0,3564.5,0.0,0.0,0.0,0.0,0.0,0.0,0.0,0.06266844042745784,0.00977672855419752
ICEWS14,4058,4564,222,265,5441,0,0,3564.5,0.0,0.0,0.0,0.0,0.0,0.0,0.0,0.06266844042745784,0.00977672855419752
ICEWS14,4059,4564,127,70,1242,2083,0,3565.0,0.5520447568369061,1.0,0.5520447568369061,0.0,1.0,0.9999999999981886,0.5,0.18410146232180455,0.3490476396680475
ICEWS14,4060,4564,115,243,6252,0,0,3564.5,0.0,0.0,0.0,0.0,0.0,0.0,0.0,0.06266844042745784,0.00977672855419752
ICEWS14,4061,4564,53,161,2250,2037,0,3565.5,0.010304873967347056,1.0,0.13530487396734708,0.0,1.0,0.0395877104037634,0.5,0.09749290261233744,0.0774528673701689
ICEWS14,4062,4564,160,89,5441,2671,0,3.0,0.5665877679764211,2.0,0.7429971445684742,0.40702445283652233,0.5929755471634777,0.29214468014330774,0.5,0.26493541599282544,0.22831845958321614
ICEWS14,4063,4433,156,173,4909,0,0,3564.5,0.0,0.0,0.0,0.0,0.0,0.0,0.0,0.06266844042745784,0.00977672855419752
ICEWS14,4064,1111,156,256,6823,0,0,3564.5,0.0,0.0,0.0,0.0,0.0,0.0,0.0,0.06266844042745784,0.00977672855419752
ICEWS14,4065,2669,53,332,2300,0,0,3564.5,0.0,0.0,0.0,0.0,0.0,0.0,0.0,0.06266844042745784,0.00977672855419752
ICEWS14,4066,4187,160,35,3155,3155,1,1.0,4.812528121956397,8.0,0.9238395952400507,0.6921086477141078,0.9124569286878051,0.6805098288441439,0.8022827882009564,0.4977453020923678,0.6620095245734345
ICEWS14,4067,4187,160,297,3155,3155,1,1.0,2.1249105647402473,24.0,0.4711589369959404,0.8070584064633104,0.8884185341606862,0.7701620466534168,0.8477384703119983,0.3568120471455542,0.6962944120044317
ICEWS14,4068,4187,160,305,3155,3155,1,1.0,2.7939584239535202,25.0,0.9803906099397734,0.6800884969918252,0.9241147286051961,0.837723950901257,0.8021016127985106,0.5807022549401062,0.7862379473689962
ICEWS14,4069,6952,160,138,6443,4702,0,3565.0,0.5100008047105996,1.0,0.5100008047105996,0.0,1.0,0.9999999999980392,0.5,0.17333115988607728,0.3382870103630394
ICEWS14,4070,893,160,259,122,0,0,3564.5,0.0,0.0,0.0,0.0,0.0,0.0,0.0,0.06266844042745784,0.00977672855419752
ICEWS14,4071,5757,191,54,1135,0,0,3564.5,0.0,0.0,0.0,0.0,0.0,0.0,0.0,0.06266844042745784,0.00977672855419752
ICEWS14,4072,3322,127,285,3566,1077,0,3566.5,0.3949726368370474,2.0,0.21763764082403103,0.0,1.0,0.8768005722732698,0.5,0.12876652918543488,0.2475725356286429
ICEWS14,4073,3322,160,195,929,929,1,1.0,1.4557168029549756,7.0,0.9238395952400507,0.6238004341020145,0.7102508518689593,0.4212488713513139,0.6670256429854868,0.4265846282218493,0.49608687278708774
ICEWS14,4074,3322,53,285,4391,930,0,3566.0,0.5,1.0,1.0,0.0,1.0,0.3333333333331111,0.5,0.3223228699649396,0.259705481448449
ICEWS14,4075,3322,155,246,3990,3159,0,3564.5,0.07690698788981165,2.0,1.0,0.0,1.0,0.019801616452032194,0.5,0.34840517131906246,0.1988396423911157
ICEWS14,4076,1204,160,52,3159,4346,0,3565.0,0.9803906099397734,1.0,0.9803906099397734,0.0,1.0,0.99999999999898,0.5,0.322779285591777,0.4657625428295966
ICEWS14,4077,4851,56,203,146,0,0,3564.5,0.0,0.0,0.0,0.0,0.0,0.0,0.0,0.06266844042745784,0.00977672855419752
ICEWS14,4078,4851,38,144,3521,3080,0,3566.0,0.1933789068103326,2.0,0.410167678003819,0.1464682250907572,0.8535317749092428,0.25188463306532644,0.5,0.16736272914341047,0.15077247740196187
ICEWS14,4079,4851,38,324,443,2616,0,3567.0,0.5067963697261949,2.0,0.5100008047105996,0.0,1.0,0.334915817386416,0.5,0.19550355670417008,0.17476376989882939
ICEWS14,4080,3531,155,303,3262,0,0,3564.5,0.0,0.0,0.0,0.0,0.0,0.0,0.0,0.06266844042745784,0.00977672855419752
ICEWS14,4081,673,27,310,2442,0,0,3564.5,0.0,0.0,0.0,0.0,0.0,0.0,0.0,0.06266844042745784,0.00977672855419752
ICEWS14,4082,6639,53,14,1830,0,0,3564.5,0.0,0.0,0.0,0.0,0.0,0.0,0.0,0.06266844042745784,0.00977672855419752
ICEWS14,4083,5121,127,135,2233,1185,0,3564.0,1.0,1.0,1.0,0.0,1.0,0.9999999999989999,0.5,0.33030722584940386,0.47130336916752824
ICEWS14,4084,791,160,288,2415,4560,0,2.0,0.2018239874576642,1.0,0.20918584584822575,0.0,1.0,0.9320070520543627,0.5,0.11028085744359292,0.24783854005099965
ICEWS14,4085,461,229,183,5496,0,0,3564.5,0.0,0.0,0.0,0.0,0.0,0.0,0.0,0.06266844042745784,0.00977672855419752
ICEWS14,4086,659,160,12,6808,0,0,3564.5,0.0,0.0,0.0,0.0,0.0,0.0,0.0,0.06266844042745784,0.00977672855419752
ICEWS14,4087,1813,0,287,6485,0,0,3564.5,0.0,0.0,0.0,0.0,0.0,0.0,0.0,0.06266844042745784,0.00977672855419752
ICEWS14,4088,1813,224,22,4304,0,0,3564.5,0.0,0.0,0.0,0.0,0.0,0.0,0.0,0.06266844042745784,0.00977672855419752
ICEWS14,4089,6344,127,169,711,711,1,1.0,0.4284761172610605,2.0,0.820335356007638,0.39750105926563906,0.6024989407343609,0.18672964598053152,0.5,0.2888220713638546,0.21896774122355583
ICEWS14,4090,6344,177,181,6302,0,0,3564.5,0.0,0.0,0.0,0.0,0.0,0.0,0.0,0.06266844042745784,0.00977672855419752
ICEWS14,4091,6344,56,336,733,5736,0,3.0,0.031367610766596124,1.0,0.0717936471873147,0.0,1.0,0.279519686366957,0.5,0.08865844260293135,0.09904878543228864
ICEWS14,4092,6344,142,196,2154,3380,0,3565.0,0.026671237429165648,1.0,0.026671237429165648,0.0,1.0,0.9999999999625064,0.5,0.08271925352393435,0.22804323127656143
ICEWS14,4093,6344,160,175,711,3155,0,3566.5,0.02484710234587928,3.0,0.3865083343167451,0.06048709947649533,0.9395129005235047,0.015485039194217091,0.5,0.17488429348313567,0.11339544765452991
ICEWS14,4094,2678,156,361,3754,3754,1,1.0,0.3462577058764812,1.0,0.9803906099397734,0.0,1.0,0.2144643313479851,0.5,0.31279306519198696,0.22562611334750865
ICEWS14,4095,2678,135,355,3651,0,0,3564.5,0.0,0.0,0.0,0.0,0.0,0.0,0.0,0.06266844042745784,0.00977672855419752
ICEWS14,4096,2678,18,352,382,278,0,3564.0,1.0,1.0,1.0,0.0,1.0,0.9999999999989999,0.5,0.33030722584940386,0.47130336916752824
ICEWS14,4097,2643,56,191,1148,0,0,3564.5,0.0,0.0,0.0,0.0,0.0,0.0,0.0,0.06266844042745784,0.00977672855419752
ICEWS14,4098,2643,160,47,2427,1975,0,3564.0,1.0,1.0,1.0,0.0,1.0,0.9999999999989999,0.5,0.33030722584940386,0.47130336916752824
ICEWS14,4099,1759,160,77,3133,2290,0,3564.0,1.0,1.0,1.0,0.0,1.0,0.9999999999989999,0.5,0.33030722584940386,0.47130336916752824
ICEWS14,4100,1759,160,230,3133,929,0,3565.5,0.002937702832119693,1.0,0.10053113500393618,0.0,1.0,0.014827554573274516,0.5,0.09244741563266916,0.07212558532465171
ICEWS14,4101,1759,53,233,7066,6299,0,3565.0,0.16170414568287425,1.0,0.16170414568287425,0.0,1.0,0.9999999999938158,0.5,0.10245581340112,0.2561330160077643
ICEWS14,4102,1759,127,129,6017,0,0,3564.5,0.0,0.0,0.0,0.0,0.0,0.0,0.0,0.06266844042745784,0.00977672855419752
ICEWS14,4103,4030,53,238,6313,3171,0,3567.0,0.2529802491112071,2.0,0.9238395952400507,0.07079462730473074,0.9292053726952693,0.1457704051797347,0.5,0.32285347298278455,0.2153834572642714
ICEWS14,4104,4030,53,362,3074,2974,0,3567.5,0.39746933972383114,4.0,0.7578582832551991,0.33191224734437275,0.6680877526556273,0.21240626259187034,0.5,0.3054042096348726,0.22698742593191615
ICEWS14,4105,6599,169,115,2446,0,0,3564.5,0.0,0.0,0.0,0.0,0.0,0.0,0.0,0.06266844042745784,0.00977672855419752
ICEWS14,4106,1906,160,69,6407,0,0,3564.5,0.0,0.0,0.0,0.0,0.0,0.0,0.0,0.06266844042745784,0.00977672855419752
ICEWS14,4107,5943,142,336,6699,6890,0,3565.0,0.6216979445974911,1.0,0.6216979445974911,0.0,1.0,0.9999999999983915,0.5,0.2030713764814678,0.36721356114557197
ICEWS14,4108,5943,155,300,5421,0,0,3564.5,0.0,0.0,0.0,0.0,0.0,0.0,0.0,0.06266844042745784,0.00977672855419752
ICEWS14,4109,1504,224,313,5455,1148,0,1.5,0.0,1.0,0.9057236642639067,0.0,0.0,0.0,0.0,0.28147219217021263,0.03245763219738684
ICEWS14,4110,5767,56,271,6348,1145,0,3565.0,0.03316290697916791,1.0,0.03316290697916791,0.0,1.0,0.9999999999698459,0.5,0.08358321686074827,0.2293426048158472
ICEWS14,4111,4078,160,196,5471,4950,0,3564.5,1.4357715668889972,2.0,1.0,0.31596794733337696,1.0,0.9648561352931079,0.6579839736666885,0.3711362877187756,0.6328893636366667
ICEWS14,4112,3824,53,139,733,0,0,3564.5,0.0,0.0,0.0,0.0,0.0,0.0,0.0,0.06266844042745784,0.00977672855419752
ICEWS14,4113,3537,156,254,1148,6977,0,3565.0,0.5743491774985175,1.0,0.5743491774985175,0.0,1.0,0.999999999998259,0.5,0.1900222561826612,0.3548201208396848
ICEWS14,4114,2733,160,247,2442,4114,0,3.0,0.07616040475994934,1.0,1.0,0.0,1.0,0.03958771040389503,0.5,0.31563474737074043,0.19069877309637914
ICEWS14,4115,2733,6,229,4114,0,0,3564.5,0.0,0.0,0.0,0.0,0.0,0.0,0.0,0.06266844042745784,0.00977672855419752
ICEWS14,4116,4082,160,181,5480,5480,1,1.0,0.4390483907227152,3.0,0.3364750481580891,0.516828509273504,0.956868283225355,0.4603494405459792,0.7368483962494294,0.16728114286973414,0.3731532398168361
ICEWS14,4117,4082,160,27,4036,5480,0,3565.0,0.6341329040632923,1.0,0.6341329040632923,0.0,1.0,0.999999999998423,0.5,0.20660711256241318,0.3704984904428978
ICEWS14,4118,954,141,288,6476,0,0,3564.5,0.0,0.0,0.0,0.0,0.0,0.0,0.0,0.06266844042745784,0.00977672855419752
ICEWS14,4119,4339,224,54,1161,1161,1,1.0,2.678551499079348,5.0,0.836743383392903,0.6876134792702316,1.0,0.9999999999996266,0.8438067396351159,0.3875669624328613,0.7741599368100391
ICEWS14,4120,4339,224,323,1161,1161,1,1.0,3.6282102321669862,24.0,0.8705505632961241,0.7944222487505028,0.8790838885274969,0.7494603525575666,0.8367530686389999,0.5469094935135576,0.7576521988397903
ICEWS14,4121,4339,224,156,1161,1161,1,1.0,4.25750243844236,12.0,0.9803906099397734,0.594504557388228,0.9257923701165102,0.8004756917415786,0.7601484637523691,0.5447091398627556,0.6990159474463135
ICEWS14,4122,4339,224,131,1873,1161,0,3565.5,0.21250112062942028,7.0,0.2550004023552998,0.5382509789120803,0.4617490210879197,0.10877399477376816,0.5,0.1816610764947553,0.14046290192782102
ICEWS14,4123,4339,0,210,1276,1161,0,3565.0,1.5950378566308014,6.0,0.4439814878222891,0.7188645660584367,1.0,0.999999999999373,0.8594322830292184,0.24283579444738326,0.7162317929917049
ICEWS14,4124,1377,6,335,2404,1523,0,3565.0,0.40212454001574466,1.0,0.40212454001574466,0.0,1.0,0.9999999999975132,0.5,0.1479812952929724,0.31144995212146936
ICEWS14,4125,1377,160,98,2404,6296,0,3.0,0.08964240521952371,2.0,0.5306065116666864,0.0,1.0,0.04455445727201948,0.5,0.1961605482612885,0.12774474139020725
ICEWS14,4126,1377,53,267,1553,5586,0,2.0,0.269919192189794,1.0,0.6341329040632923,0.0,1.0,0.2703662113746408,0.5,0.20230384103739793,0.17330484706445962
ICEWS14,4127,7060,156,261,1188,0,0,3564.5,0.0,0.0,0.0,0.0,0.0,0.0,0.0,0.06266844042745784,0.00977672855419752
ICEWS14,4128,6763,142,56,7038,0,0,3564.5,0.0,0.0,0.0,0.0,0.0,0.0,0.0,0.06266844042745784,0.00977672855419752
ICEWS14,4129,3981,160,303,146,5036,0,3567.0,0.20691939526472553,1.0,0.46191979762002533,0.0,1.0,0.2886226322979303,0.5,0.15913738687726273,0.14952444118348895
ICEWS14,4130,611,224,7,1185,1185,1,1.0,0.9803906099397734,1.0,0.9803906099397734,0.0,1.0,0.99999999999898,0.5,0.322779285591777,0.4657625428295966
ICEWS14,4131,611,229,131,1185,4296,0,3564.0,1.0,1.0,1.0,0.0,1.0,0.9999999999989999,0.5,0.33030722584940386,0.47130336916752824
ICEWS14,4132,6537,155,63,6635,0,0,3564.5,0.0,0.0,0.0,0.0,0.0,0.0,0.0,0.06266844042745784,0.00977672855419752
ICEWS14,4133,1521,168,29,1189,0,0,3564.5,0.0,0.0,0.0,0.0,0.0,0.0,0.0,0.06266844042745784,0.00977672855419752
ICEWS14,4134,1136,127,248,3155,0,0,3564.5,0.0,0.0,0.0,0.0,0.0,0.0,0.0,0.06266844042745784,0.00977672855419752
ICEWS14,4135,1136,156,14,4261,0,0,3564.5,0.0,0.0,0.0,0.0,0.0,0.0,0.0,0.06266844042745784,0.00977672855419752
ICEWS14,4136,5091,54,322,150,0,0,3564.5,0.0,0.0,0.0,0.0,0.0,0.0,0.0,0.06266844042745784,0.00977672855419752
ICEWS14,4137,5091,191,49,1013,0,0,3564.5,0.0,0.0,0.0,0.0,0.0,0.0,0.0,0.06266844042745784,0.00977672855419752
ICEWS14,4138,3700,56,121,1139,0,0,3564.5,0.0,0.0,0.0,0.0,0.0,0.0,0.0,0.06266844042745784,0.00977672855419752
ICEWS14,4139,580,191,236,1415,0,0,3564.5,0.0,0.0,0.0,0.0,0.0,0.0,0.0,0.06266844042745784,0.00977672855419752
ICEWS14,4140,580,18,315,1415,0,0,3564.5,0.0,0.0,0.0,0.0,0.0,0.0,0.0,0.06266844042745784,0.00977672855419752
ICEWS14,4141,6808,160,162,2442,2442,1,1.0,1.6669631321197511,3.0,0.820335356007638,0.4774293327603202,1.0,0.9420505076219037,0.73871466638016,0.33042078842081346,0.662579842792423
ICEWS14,4142,4398,6,194,4293,0,0,3564.5,0.0,0.0,0.0,0.0,0.0,0.0,0.0,0.06266844042745784,0.00977672855419752
ICEWS14,4143,4348,0,184,6915,1179,0,3565.0,3.7648685053182405,5.0,0.8042490800314893,0.3756526672626592,1.0,0.9999999999997343,0.6878263336313296,0.3934093266189083,0.6165167031890878
ICEWS14,4144,4348,0,243,1179,1179,1,1.0,1.7115250015874774,6.0,0.5412194958693883,0.5730841674499676,1.0,0.9999999999994157,0.7865420837249838,0.275669430470371,0.6751576041057592
ICEWS14,4145,2314,229,176,1161,0,0,3564.5,0.0,0.0,0.0,0.0,0.0,0.0,0.0,0.06266844042745784,0.00977672855419752
ICEWS14,4146,4283,50,124,5395,0,0,3564.5,0.0,0.0,0.0,0.0,0.0,0.0,0.0,0.06266844042745784,0.00977672855419752
ICEWS14,4147,4283,229,110,1215,1503,0,3565.5,0.14701047734428935,1.0,0.3364750481580891,0.0,1.0,0.27951968636891655,0.5,0.13251620996381347,0.1303329759639264
ICEWS14,4148,466,50,40,6608,6608,1,1.0,0.05655101469972279,1.0,0.9803906099397734,0.0,1.0,0.029697572565472855,0.5,0.3082872670177816,0.18512032338399192
ICEWS14,4149,1904,53,356,5903,0,0,3564.5,0.0,0.0,0.0,0.0,0.0,0.0,0.0,0.06266844042745784,0.00977672855419752
ICEWS14,4150,3641,160,179,1523,2404,0,3567.0,0.3846303912443425,2.0,0.3298769776932236,0.0,1.0,0.43479219688900506,0.5,0.1512443483464564,0.1657798561951629
ICEWS14,4151,1515,156,26,1175,0,0,3564.5,0.0,0.0,0.0,0.0,0.0,0.0,0.0,0.06266844042745784,0.00977672855419752
ICEWS14,4152,5988,170,148,1077,0,0,3564.5,0.0,0.0,0.0,0.0,0.0,0.0,0.0,0.06266844042745784,0.00977672855419752
ICEWS14,4153,3661,127,222,3155,0,0,3564.5,0.0,0.0,0.0,0.0,0.0,0.0,0.0,0.06266844042745784,0.00977672855419752
ICEWS14,4154,5458,222,263,1319,3111,0,3565.0,0.06765243698367357,1.0,0.06765243698367357,0.0,1.0,0.9999999999852185,0.5,0.08831220752024206,0.23633298388930846
ICEWS14,4155,905,196,211,3341,3341,1,1.0,0.8879629756445782,1.0,0.8879629756445782,0.0,1.0,0.9999999999988739,0.5,0.28856128263442826,0.4397821273454182
ICEWS14,4156,5480,38,160,1145,1167,0,3566.0,0.8075608388014759,3.0,0.5,0.4727587489049129,0.9112982373234247,0.7414909484861005,0.6920284931141688,0.21338186238714363,0.47190527093977974
ICEWS14,4157,5480,38,308,1167,605,0,4.0,0.18489678511147167,1.0,0.646816582731497,0.0,1.0,0.16676352322152882,0.5,0.20474256824088974,0.15555934156362772
ICEWS14,4158,5480,222,286,605,1167,0,3565.0,0.04882834116413104,5.0,0.015937525147206245,0.6736009299674133,1.0,0.9999999999795202,0.8368004649837066,0.11692702568278125,0.5954116888372114
ICEWS14,4159,5480,56,74,1167,0,0,3564.5,0.0,0.0,0.0,0.0,0.0,0.0,0.0,0.06266844042745784,0.00977672855419752
ICEWS14,4160,5258,156,301,1170,0,0,3564.5,0.0,0.0,0.0,0.0,0.0,0.0,0.0,0.06266844042745784,0.00977672855419752
ICEWS14,4161,4090,53,52,532,0,0,3564.5,0.0,0.0,0.0,0.0,0.0,0.0,0.0,0.06266844042745784,0.00977672855419752
ICEWS14,4162,6326,160,180,244,0,0,3564.5,0.0,0.0,0.0,0.0,0.0,0.0,0.0,0.06266844042745784,0.00977672855419752
ICEWS14,4163,596,224,292,1146,1146,1,1.0,0.24254062585774777,1.0,0.2871745887492588,0.0,1.0,0.7309655663112677,0.5,0.1240704569874548,0.21246590034379803
ICEWS14,4164,6163,224,263,5441,0,0,3564.5,0.0,0.0,0.0,0.0,0.0,0.0,0.0,0.06266844042745784,0.00977672855419752
ICEWS14,4165,3245,156,2,2999,0,0,3564.5,0.0,0.0,0.0,0.0,0.0,0.0,0.0,0.06266844042745784,0.00977672855419752
ICEWS14,4166,3245,156,159,3540,0,0,3564.5,0.0,0.0,0.0,0.0,0.0,0.0,0.0,0.06266844042745784,0.00977672855419752
ICEWS14,4167,3853,115,231,5216,0,0,3564.5,0.0,0.0,0.0,0.0,0.0,0.0,0.0,0.06266844042745784,0.00977672855419752
ICEWS14,4168,1418,155,9,6504,0,0,3564.5,0.0,0.0,0.0,0.0,0.0,0.0,0.0,0.06266844042745784,0.00977672855419752
ICEWS14,4169,4297,168,308,4791,0,0,3564.5,0.0,0.0,0.0,0.0,0.0,0.0,0.0,0.06266844042745784,0.00977672855419752
ICEWS14,4170,4297,229,250,5686,5498,0,3565.0,0.01160933038388241,1.0,0.01160933038388241,0.0,1.0,0.9999999999138623,0.5,0.08074591738002376,0.22504845675265775
ICEWS14,4171,4297,224,183,5498,4482,0,3565.0,0.03450279730230665,1.0,0.03450279730230665,0.0,1.0,0.9999999999710169,0.5,0.08376255822782541,0.22961144396839064
ICEWS14,4172,828,160,42,3155,0,0,3564.5,0.0,0.0,0.0,0.0,0.0,0.0,0.0,0.06266844042745784,0.00977672855419752
ICEWS14,4173,2097,103,54,7047,2504,0,3564.0,1.0,1.0,1.0,0.0,1.0,0.9999999999989999,0.5,0.33030722584940386,0.47130336916752824
ICEWS14,4174,855,103,243,711,0,0,3564.5,0.0,0.0,0.0,0.0,0.0,0.0,0.0,0.06266844042745784,0.00977672855419752
ICEWS14,4175,4640,53,154,5912,0,0,3564.5,0.0,0.0,0.0,0.0,0.0,0.0,0.0,0.06266844042745784,0.00977672855419752
ICEWS14,4176,395,160,175,1267,0,0,3564.5,0.0,0.0,0.0,0.0,0.0,0.0,0.0,0.06266844042745784,0.00977672855419752
ICEWS14,4177,46,169,48,3461,0,0,3564.5,0.0,0.0,0.0,0.0,0.0,0.0,0.0,0.06266844042745784,0.00977672855419752
ICEWS14,4178,46,155,94,3566,3566,1,1.0,1.439417670365281,2.0,0.9423178739918808,0.4950491105234984,1.0,0.6277724215521925,0.7475245552617492,0.3489660050230839,0.5891179643280796
ICEWS14,4179,46,127,43,3461,6895,0,3565.0,0.2570028554315258,1.0,1.0,0.0,1.0,0.14744881036222598,0.5,0.3184792884037864,0.21400599882701227
ICEWS14,4180,5773,98,143,328,0,0,3564.5,0.0,0.0,0.0,0.0,0.0,0.0,0.0,0.06266844042745784,0.00977672855419752
ICEWS14,4181,5773,156,60,1145,4185,0,3565.0,0.6597539553864471,1.0,0.6597539553864471,0.0,1.0,0.9999999999984843,0.5,0.21403508149589467,0.37730440022150336
ICEWS14,4182,811,160,157,1466,0,0,3564.5,0.0,0.0,0.0,0.0,0.0,0.0,0.0,0.06266844042745784,0.00977672855419752
ICEWS14,4183,4400,222,117,460,460,1,1.0,0.22199074391114454,1.0,0.22199074391114454,0.0,1.0,0.9999999999954953,0.5,0.11254678004047267,0.26938296942497
ICEWS14,4184,3669,56,285,4600,5282,0,3566.5,0.33709933481437987,1.0,0.40212454001574466,0.0,1.0,0.7216087309584001,0.5,0.1473867190877661,0.23291480585855426
ICEWS14,4185,3669,160,133,5228,6410,0,3565.0,0.18210685593674916,1.0,0.18210685593674916,0.0,1.0,0.9999999999945087,0.5,0.1057778406217173,0.2605689662876457
ICEWS14,4186,1339,177,78,1971,0,0,3564.5,0.0,0.0,0.0,0.0,0.0,0.0,0.0,0.06266844042745784,0.00977672855419752
ICEWS14,4187,1339,156,333,711,226,0,3566.0,0.15031471483194075,1.0,0.19325416715837251,0.0,1.0,0.636404637683174,0.5,0.10733349616612273,0.17456740165695855
ICEWS14,4188,1128,56,240,5705,3859,0,3566.5,0.19638094778530696,1.0,0.4183716916964515,0.0,1.0,0.30667156108035576,0.5,0.14953083409916446,0.14632236647361874
ICEWS14,4189,999,208,228,5674,0,0,3564.5,0.0,0.0,0.0,0.0,0.0,0.0,0.0,0.06266844042745784,0.00977672855419752
ICEWS14,4190,999,160,62,2445,2445,1,1.0,5.708911496510693,9.0,0.9803906099397734,0.43944410937378975,0.8780863447643059,0.7627301910461731,0.6587652270690478,0.5471386224455893,0.558685895059396
ICEWS14,4191,6430,98,190,6017,3159,0,1.0,0.9803906099397734,2.0,1.0,0.0,1.0,0.32894702012205573,0.5,0.3634490521488066,0.26819467562799093
ICEWS14,4192,6430,53,345,5390,2273,0,3566.5,0.34852772035462143,3.0,0.5630865404461788,0.5541106796072868,0.4458893203927132,0.16008432657250596,0.5,0.2257518641051409,0.1809777491345194
ICEWS14,4193,5909,6,125,2457,0,0,3564.5,0.0,0.0,0.0,0.0,0.0,0.0,0.0,0.06266844042745784,0.00977672855419752
ICEWS14,4194,6168,61,194,1161,0,0,3564.5,0.0,0.0,0.0,0.0,0.0,0.0,0.0,0.06266844042745784,0.00977672855419752
ICEWS14,4195,1379,59,271,1128,0,0,3564.5,0.0,0.0,0.0,0.0,0.0,0.0,0.0,0.06266844042745784,0.00977672855419752
ICEWS14,4196,6309,127,62,2083,0,0,3564.5,0.0,0.0,0.0,0.0,0.0,0.0,0.0,0.06266844042745784,0.00977672855419752
ICEWS14,4197,1807,98,316,667,0,0,3564.5,0.0,0.0,0.0,0.0,0.0,0.0,0.0,0.06266844042745784,0.00977672855419752
ICEWS14,4198,3635,142,213,5950,2486,0,3565.0,0.0,1.0,1.0,0.0,0.0,0.0,0.0,0.31444089581150797,0.03619909534280753
ICEWS14,4199,3635,123,243,1077,6890,0,2.0,0.4743645201247613,1.0,0.5,0.0,1.0,0.902459096247557,0.5,0.17058016612008287,0.30539132714318473
ICEWS14,4200,3635,123,320,6890,925,0,2.0,0.5414701119174039,1.0,1.0,0.0,1.0,0.37124375464726117,0.5,0.32298124528105404,0.26986718353830175
ICEWS14,4201,3635,98,160,1077,0,0,3564.5,0.0,0.0,0.0,0.0,0.0,0.0,0.0,0.06266844042745784,0.00977672855419752
ICEWS14,4202,6099,98,155,7076,0,0,3564.5,0.0,0.0,0.0,0.0,0.0,0.0,0.0,0.06266844042745784,0.00977672855419752
ICEWS14,4203,7055,53,239,7038,7038,1,1.0,0.8170418571179585,3.0,0.6216979445974911,0.0,1.0,0.29003539832154374,0.5,0.24967243746817241,0.19064007387738202
ICEWS14,4204,7055,155,284,1077,1077,1,1.0,0.8860385835163094,3.0,0.410167678003819,0.4629230437979781,1.0,0.9999999999988715,0.731461521898989,0.19011614182837006,0.5711603571470775
ICEWS14,4205,2504,155,328,2290,0,0,3564.5,0.0,0.0,0.0,0.0,0.0,0.0,0.0,0.06266844042745784,0.00977672855419752
ICEWS14,4206,2504,103,54,3149,2097,0,3564.0,1.0,1.0,1.0,0.0,1.0,0.9999999999989999,0.5,0.33030722584940386,0.47130336916752824
ICEWS14,4207,4051,160,36,1463,1463,1,1.0,1.2696469196163849,2.0,0.7284274237469965,0.4262755948188447,1.0,0.9999999999992123,0.7131377974094224,0.27016679426256035,0.6248396940684893
ICEWS14,4208,4051,160,314,419,1463,0,3568.5,1.7481502312105128,14.0,0.7730166686334901,0.6430317938514595,0.8641513188587446,0.6768270454886157,0.7535915563551021,0.4261043584599084,0.6443356612833654
ICEWS14,4209,4377,163,216,1077,0,0,3564.5,0.0,0.0,0.0,0.0,0.0,0.0,0.0,0.06266844042745784,0.00977672855419752
ICEWS14,4210,4377,162,176,4480,0,0,3564.5,0.0,0.0,0.0,0.0,0.0,0.0,0.0,0.06266844042745784,0.00977672855419752
ICEWS14,4211,978,129,262,1145,0,0,3564.5,0.0,0.0,0.0,0.0,0.0,0.0,0.0,0.06266844042745784,0.00977672855419752
ICEWS14,4212,5520,169,360,2445,2445,1,1.0,0.9113850153351601,1.0,0.9803906099397734,0.0,1.0,0.8684851454460757,0.5,0.32168450816582383,0.4199395066171925
ICEWS14,4213,5520,191,87,3005,0,0,3564.5,0.0,0.0,0.0,0.0,0.0,0.0,0.0,0.06266844042745784,0.00977672855419752
ICEWS14,4214,1146,115,8,1121,0,0,3564.5,0.0,0.0,0.0,0.0,0.0,0.0,0.0,0.06266844042745784,0.00977672855419752
ICEWS14,4215,1146,224,126,5666,5450,0,3565.0,0.0824692444233059,1.0,0.0824692444233059,0.0,1.0,0.9999999999878741,0.5,0.09041706464681584,0.23938088444077604
ICEWS14,4216,1146,61,154,5450,828,0,2.0,0.5152027118369278,2.0,0.30475341355111885,0.0,1.0,0.7574937547062187,0.5,0.1471133480341576,0.2337177638014828
ICEWS14,4217,2996,0,77,1145,0,0,3564.5,0.0,0.0,0.0,0.0,0.0,0.0,0.0,0.06266844042745784,0.00977672855419752
ICEWS14,4218,5457,150,273,1150,1150,1,1.5,0.0,1.0,0.13801118920922653,0.0,0.0,0.0,0.0,0.09782594348105564,0.013193015278473634
ICEWS14,4219,6828,160,311,5745,362,0,3565.5,0.0,1.0,0.043758718103237663,0.0,0.0,0.0,0.0,0.08476408854746563,0.011800632818403793
ICEWS14,4220,3544,160,37,4867,0,0,3564.5,0.0,0.0,0.0,0.0,0.0,0.0,0.0,0.06266844042745784,0.00977672855419752
ICEWS14,4221,3544,169,351,4962,0,0,3564.5,0.0,0.0,0.0,0.0,0.0,0.0,0.0,0.06266844042745784,0.00977672855419752
ICEWS14,4222,3544,18,167,6888,0,0,3564.5,0.0,0.0,0.0,0.0,0.0,0.0,0.0,0.06266844042745784,0.00977672855419752
ICEWS14,4223,6542,160,225,1971,4598,0,3568.0,0.6439155617816843,1.0,0.9803906099397734,0.0,1.0,0.488975893494933,0.5,0.3174596456197186,0.2983848551490099
ICEWS14,4224,294,127,293,3566,0,0,3564.5,0.0,0.0,0.0,0.0,0.0,0.0,0.0,0.06266844042745784,0.00977672855419752
ICEWS14,4225,5010,156,19,1161,558,0,3564.0,1.0,1.0,1.0,0.0,1.0,0.9999999999989999,0.5,0.33030722584940386,0.47130336916752824
ICEWS14,4226,5088,156,146,4233,0,0,3564.5,0.0,0.0,0.0,0.0,0.0,0.0,0.0,0.06266844042745784,0.00977672855419752
ICEWS14,4227,5088,156,35,4233,0,0,3564.5,0.0,0.0,0.0,0.0,0.0,0.0,0.0,0.06266844042745784,0.00977672855419752
ICEWS14,4228,5023,160,167,6410,0,0,3564.5,0.0,0.0,0.0,0.0,0.0,0.0,0.0,0.06266844042745784,0.00977672855419752
ICEWS14,4229,1167,227,32,5480,0,0,3564.5,0.0,0.0,0.0,0.0,0.0,0.0,0.0,0.06266844042745784,0.00977672855419752
ICEWS14,4230,4318,160,237,5451,5451,1,1.0,2.9441314831921708,13.0,0.9611657480580811,0.7047092106385265,0.9320529252260819,0.8256512384599152,0.8183810679323043,0.5196790144251469,0.7675830595226654
ICEWS14,4231,4318,160,53,1486,5451,0,3565.0,0.7730166686334901,1.0,0.7730166686334901,0.0,1.0,0.9999999999987064,0.5,0.24916949626846113,0.4079416265083591
ICEWS14,4232,2406,191,321,329,0,0,3564.5,0.0,0.0,0.0,0.0,0.0,0.0,0.0,0.06266844042745784,0.00977672855419752
ICEWS14,4233,3688,160,85,5426,0,0,3564.5,0.0,0.0,0.0,0.0,0.0,0.0,0.0,0.06266844042745784,0.00977672855419752
ICEWS14,4234,1443,61,150,1154,0,0,3564.5,0.0,0.0,0.0,0.0,0.0,0.0,0.0,0.06266844042745784,0.00977672855419752
ICEWS14,4235,1443,189,8,4271,0,0,3564.5,0.0,0.0,0.0,0.0,0.0,0.0,0.0,0.06266844042745784,0.00977672855419752
ICEWS14,4236,1537,54,222,1077;6407,6823,0,3563.5,1.0,1.0,1.0,0.0,1.0,0.9999999999989999,0.5,0.33030722584940386,0.47130336916752824
ICEWS14,4237,2117,169,236,4346,0,0,3564.5,0.0,0.0,0.0,0.0,0.0,0.0,0.0,0.06266844042745784,0.00977672855419752
ICEWS14,4238,6873,110,33,6239,0,0,3564.5,0.0,0.0,0.0,0.0,0.0,0.0,0.0,0.06266844042745784,0.00977672855419752
ICEWS14,4239,3742,169,7,649,649,1,1.0,1.9415563579978545,2.0,0.9803906099397734,0.0,1.0,0.9999999999994849,0.5,0.3720547958781803,0.4706127208921312
ICEWS14,4240,2991,53,271,2665,6872,0,3565.5,0.008974205898414325,1.0,0.017948411796828663,0.0,1.0,0.33333333332095183,0.5,0.0815223188924204,0.10037236206645042
ICEWS14,4241,2241,160,207,6410,5050,0,3567.0,0.24762456974654717,1.0,0.6341329040632923,0.0,1.0,0.24261666140331,0.5,0.20204261015907243,0.1678268263953018
ICEWS14,4242,2241,155,33,6504,0,0,3564.5,0.0,0.0,0.0,0.0,0.0,0.0,0.0,0.06266844042745784,0.00977672855419752
ICEWS14,4243,2241,127,167,5565,3262,0,3566.0,0.7653929584941461,1.0,0.8042490800314893,0.0,1.0,0.9078261610401775,0.5,0.25896672693228107,0.3851122003671422
ICEWS14,4244,4052,158,76,1121,0,0,3564.5,0.0,0.0,0.0,0.0,0.0,0.0,0.0,0.06266844042745784,0.00977672855419752
ICEWS14,4245,4052,160,103,6588,5423,0,3567.0,3.0662988518410077,6.0,1.0,0.4613141033537731,0.8626618129600657,0.7274735192862726,0.6619879581569195,0.47500760214149274,0.5801601195215541
ICEWS14,4246,1296,167,164,3159,3159,1,1.0,0.9803906099397734,1.0,0.9803906099397734,0.0,1.0,0.99999999999898,0.5,0.322779285591777,0.4657625428295966
ICEWS14,4247,6252,156,247,5158,5158,1,1.0,0.053097658225446986,1.0,0.18574928614211858,0.0,1.0,0.16676352322115562,0.5,0.10546822661531291,0.0965836990454669
ICEWS14,4248,2672,103,257,1639,18,0,3565.5,0.0817362555126312,1.0,0.14938869249630476,0.0,1.0,0.3765933936488965,0.5,0.1000522100351064,0.12157125645643302
ICEWS14,4249,2672,169,86,6401,6504,0,3565.5,0.2535212961719094,1.0,0.4711589369959404,0.0,1.0,0.3680641053327117,0.5,0.1616750620154286,0.16585267565800402
ICEWS14,4250,4700,157,350,5762,0,0,3564.5,0.0,0.0,0.0,0.0,0.0,0.0,0.0,0.06266844042745784,0.00977672855419752
ICEWS14,4251,5167,156,342,5665,5665,1,1.0,0.26530325583334324,1.0,0.26530325583334324,0.0,1.0,0.9999999999962308,0.5,0.12032299236918266,0.279165112698991
ICEWS14,4252,5167,156,286,5665,5665,1,1.0,0.8042490800314893,1.0,0.8042490800314893,0.0,1.0,0.9999999999987567,0.5,0.2595087635138871,0.4165286020128027
ICEWS14,4253,353,157,217,5913,0,0,3564.5,0.0,0.0,0.0,0.0,0.0,0.0,0.0,0.06266844042745784,0.00977672855419752
ICEWS14,4254,2684,150,105,235,0,0,3564.5,0.0,0.0,0.0,0.0,0.0,0.0,0.0,0.06266844042745784,0.00977672855419752
ICEWS14,4255,2684,160,180,6479,6795,0,3566.0,0.12944943670387588,1.0,1.0,0.0,1.0,0.06920392276149004,0.5,0.31647152931218236,0.19686222030952832
ICEWS14,4256,2040,160,243,4573,4573,1,1.0,0.2433788814467001,3.0,0.20106227000787236,0.1738713366882454,1.0,0.9999999999958912,0.5869356683441227,0.13636783784485523,0.3717713980407833
ICEWS14,4257,5309,160,203,4408,0,0,3564.5,0.0,0.0,0.0,0.0,0.0,0.0,0.0,0.06266844042745784,0.00977672855419752
ICEWS14,4258,6783,160,19,6823,0,0,3564.5,0.0,0.0,0.0,0.0,0.0,0.0,0.0,0.06266844042745784,0.00977672855419752
ICEWS14,4259,4286,123,216,3008,0,0,3564.5,0.0,0.0,0.0,0.0,0.0,0.0,0.0,0.06266844042745784,0.00977672855419752
ICEWS14,4260,4286,224,317,6407,5484,0,3.0,1.0221619485624154,14.0,0.3789291416275995,0.4195203097768977,0.8304054161497356,0.6538148141660057,0.6249628629633166,0.26701071224225253,0.4036076881090425
ICEWS14,4261,4286,0,13,876,0,0,3564.5,0.0,0.0,0.0,0.0,0.0,0.0,0.0,0.06266844042745784,0.00977672855419752
ICEWS14,4262,2719,160,244,3146,6435,0,3565.0,0.009153704459659845,1.0,0.009153704459659845,0.0,1.0,0.9999999998907546,0.5,0.08042829293255756,0.22456285704795953
ICEWS14,4263,1833,53,37,3885,3885,1,1.0,0.9611657480580811,1.0,0.9611657480580811,0.0,1.0,0.9999999999989596,0.5,0.3154870741711184,0.4603385493265481
ICEWS14,4264,3636,155,290,6504,2083,0,3565.0,0.12500000000000003,1.0,0.12500000000000003,0.0,1.0,0.999999999992,0.5,0.09671181062605465,0.24827842752571233
ICEWS14,4265,6786,169,292,6635,0,0,3564.5,0.0,0.0,0.0,0.0,0.0,0.0,0.0,0.06266844042745784,0.00977672855419752
ICEWS14,4266,2576,127,340,5395,0,0,3564.5,0.0,0.0,0.0,0.0,0.0,0.0,0.0,0.06266844042745784,0.00977672855419752
ICEWS14,4267,1944,160,219,3159,0,0,3564.5,0.0,0.0,0.0,0.0,0.0,0.0,0.0,0.06266844042745784,0.00977672855419752
ICEWS14,4268,1062,156,135,150,1147,0,3563.5,0.0,1.0,1.0,0.0,0.0,0.0,0.0,0.31444089581150797,0.03619909534280753
ICEWS14,4269,2786,155,34,6411,0,0,3564.5,0.0,0.0,0.0,0.0,0.0,0.0,0.0,0.06266844042745784,0.00977672855419752
ICEWS14,4270,2786,53,342,6785,6785,1,1.0,0.9325429220479327,5.0,0.9057236642639067,0.0654527875205222,0.9929564132594451,0.9271906604373539,0.5292046003899836,0.3848586263584175,0.503263994735647
ICEWS14,4271,2786,160,153,1077,6504,0,3566.0,0.19147073326919128,2.0,0.46191979762002533,0.1415855776298669,0.8584144223701331,0.21641332834282126,0.5,0.1797580438723692,0.15197684491020266
ICEWS14,4272,3869,105,175,6795,0,0,3564.5,0.0,0.0,0.0,0.0,0.0,0.0,0.0,0.06266844042745784,0.00977672855419752
ICEWS14,4273,5022,53,325,7038,0,0,3564.5,0.0,0.0,0.0,0.0,0.0,0.0,0.0,0.06266844042745784,0.00977672855419752
ICEWS14,4274,1872,185,50,1059,0,0,3564.5,0.0,0.0,0.0,0.0,0.0,0.0,0.0,0.06266844042745784,0.00977672855419752
ICEWS14,4275,1444,38,331,4112,4397,0,3565.0,1.257308725371666,2.0,0.6597539553864471,0.4752649511825976,1.0,0.9999999999992045,0.7376324755912989,0.24795120986918448,0.629617490502648
ICEWS14,4276,4097,53,135,3231,0,0,3564.5,0.0,0.0,0.0,0.0,0.0,0.0,0.0,0.06266844042745784,0.00977672855419752
ICEWS14,4277,4097,159,287,6507,0,0,3564.5,0.0,0.0,0.0,0.0,0.0,0.0,0.0,0.06266844042745784,0.00977672855419752
ICEWS14,4278,4397,38,52,4304,4274,0,3566.5,0.0016418950589320858,2.0,0.646816582731497,0.46047423385563957,0.5395257661443604,0.0006852419458650597,0.5,0.22750917131604448,0.15408540670586512
ICEWS14,4279,4397,163,181,4304,4304,1,1.0,1.279557607447819,4.0,0.9057236642639067,0.29215874377829243,1.0,0.9999999999992184,0.6460793718891462,0.37514066422901465,0.632836625571192
ICEWS14,4280,4397,222,181,1496,455,0,2.0,0.5395122499986179,3.0,0.4805828740290406,0.5419521914981096,0.8264323370999755,0.3460887994392544,0.6841922642990426,0.20479054376783065,0.3322317380000219
ICEWS14,4281,4397,222,96,1496,1496,1,1.0,0.7435527231458401,3.0,0.820335356007638,0.524151786045453,0.475848213954547,0.27494855990815226,0.5,0.3157523796963866,0.2555319055529483
ICEWS14,4282,4397,229,74,1813,0,0,3564.5,0.0,0.0,0.0,0.0,0.0,0.0,0.0,0.06266844042745784,0.00977672855419752
ICEWS14,4283,4080,160,60,6585,2445,0,2.0,0.8424891766759244,3.0,0.7141434062641757,0.6082334054567404,0.7465988700891729,0.3005379636979848,0.6774161377729566,0.28012482261501687,0.3756918315735805
ICEWS14,4284,4080,53,18,4030,0,0,3564.5,0.0,0.0,0.0,0.0,0.0,0.0,0.0,0.06266844042745784,0.00977672855419752
ICEWS14,4285,1477,229,119,5441,0,0,3564.5,0.0,0.0,0.0,0.0,0.0,0.0,0.0,0.06266844042745784,0.00977672855419752
ICEWS14,4286,2167,148,107,3155,0,0,3564.5,0.0,0.0,0.0,0.0,0.0,0.0,0.0,0.06266844042745784,0.00977672855419752
ICEWS14,4287,4140,160,306,1923,2648,0,3565.0,0.08580127266283155,1.0,0.08580127266283155,0.0,1.0,0.9999999999883451,0.5,0.09089659065182298,0.24006999916138436
ICEWS14,4288,1485,224,295,3159,0,0,3564.5,0.0,0.0,0.0,0.0,0.0,0.0,0.0,0.06266844042745784,0.00977672855419752
ICEWS14,4289,6156,53,164,6293,7038,0,3565.5,0.03541541584601915,1.0,0.1971195615288934,0.0,1.0,0.09869865099247545,0.5,0.10715355107026475,0.08952210164523594
ICEWS14,4290,6156,53,229,2713,7038,0,3565.5,0.009775447314496775,1.0,0.054409410206007765,0.0,1.0,0.09869865099175394,0.5,0.0862127041574707,0.0766423975634066
ICEWS14,4291,5228,103,204,1086,1086,1,1.0,0.9803906099397734,1.0,0.9803906099397734,0.0,1.0,0.99999999999898,0.5,0.322779285591777,0.4657625428295966
ICEWS14,4292,5228,9,76,5037,0,0,3564.5,0.0,0.0,0.0,0.0,0.0,0.0,0.0,0.06266844042745784,0.00977672855419752
ICEWS14,4293,567,53,59,3147,0,0,3564.5,0.0,0.0,0.0,0.0,0.0,0.0,0.0,0.06266844042745784,0.00977672855419752
ICEWS14,4294,567,56,222,6890,1077,0,3565.0,0.16823752407904452,1.0,0.16823752407904452,0.0,1.0,0.999999999994056,0.5,0.10350941218508451,0.2575480962513293
ICEWS14,4295,567,155,280,4805,4805,1,1.0,1.4115030453181476,8.0,0.3298769776932236,0.37179021125963085,0.7989796687977844,0.5756757625231416,0.5853849400287077,0.22272999330994556,0.3007085401453506
ICEWS14,4296,567,98,152,1077,1077,1,1.0,0.43527528164806206,1.0,0.43527528164806206,0.0,1.0,0.9999999999977026,0.5,0.1554275934021081,0.3195736787878096
ICEWS14,4297,3210,53,229,3154,7098,0,3564.0,1.0,1.0,1.0,0.0,1.0,0.9999999999989999,0.5,0.33030722584940386,0.47130336916752824
ICEWS14,4298,4660,127,243,4702,3155,0,3565.0,0.9014402192355533,1.0,1.0,0.0,1.0,0.820565466730863,0.5,0.3287254081451061,0.4089736407272295
ICEWS14,4299,6889,155,9,6017,0,0,3564.5,0.0,0.0,0.0,0.0,0.0,0.0,0.0,0.06266844042745784,0.00977672855419752
ICEWS14,4300,6889,155,194,6284,6284,1,1.0,0.8704188437655966,1.0,0.9803906099397734,0.0,1.0,0.7982840043206274,0.5,0.32103550213005305,0.3960460260584598
ICEWS14,4301,6889,53,279,7084,2713,0,3567.0,0.008128150650170585,2.0,0.9803906099397734,0.008222555781662422,0.9917774442183376,0.004128250274912171,0.5,0.3398727631522547,0.19264428524818217
ICEWS14,4302,3269,160,91,6635,6635,1,1.0,0.16823752407904452,1.0,0.16823752407904452,0.0,1.0,0.999999999994056,0.5,0.10350941218508451,0.2575480962513293
ICEWS14,4303,1486,224,321,5859,0,0,3564.5,0.0,0.0,0.0,0.0,0.0,0.0,0.0,0.06266844042745784,0.00977672855419752
ICEWS14,4304,2265,156,129,2266,0,0,3564.5,0.0,0.0,0.0,0.0,0.0,0.0,0.0,0.06266844042745784,0.00977672855419752
ICEWS14,4305,2265,53,344,1550,4128,0,3566.5,0.49669794459749106,1.0,0.6216979445974911,0.0,1.0,0.6651925965385801,0.5,0.20160583541937888,0.264917991812717
ICEWS14,4306,4215,160,275,545,2648,0,3565.0,0.9611657480580811,1.0,0.9611657480580811,0.0,1.0,0.9999999999989596,0.5,0.3154870741711184,0.4603385493265481
ICEWS14,4307,451,224,43,1145,1145,1,1.0,0.7429971445684742,1.0,0.7429971445684742,0.0,1.0,0.9999999999986541,0.5,0.23949458525844722,0.39974069450866345
ICEWS14,4308,3563,155,78,6504,6504,1,1.0,0.9803906099397734,1.0,0.9803906099397734,0.0,1.0,0.99999999999898,0.5,0.322779285591777,0.4657625428295966
ICEWS14,4309,1893,56,236,2300,0,0,3564.5,0.0,0.0,0.0,0.0,0.0,0.0,0.0,0.06266844042745784,0.00977672855419752
ICEWS14,4310,6108,160,296,3262,3262,1,1.0,0.005920767837931244,1.0,0.005920767837931244,0.0,1.0,0.9999999998311029,0.5,0.08001186544525181,0.2239246800783734
ICEWS14,4311,1866,56,131,3155,0,0,3564.5,0.0,0.0,0.0,0.0,0.0,0.0,0.0,0.06266844042745784,0.00977672855419752
ICEWS14,4312,1662,160,189,1077,4431,0,3565.0,0.047366142703449944,1.0,0.047366142703449944,0.0,1.0,0.9999999999788879,0.5,0.08550215259481654,0.232203625985088
ICEWS14,4313,6950,127,309,2596,6360,0,1.0,0.01960939006022655,1.0,1.0,0.0,1.0,0.009901778952998064,0.5,0.3147480489379219,0.1846999597433842
ICEWS14,4314,3697,156,46,1426,0,0,3564.5,0.0,0.0,0.0,0.0,0.0,0.0,0.0,0.06266844042745784,0.00977672855419752
ICEWS14,4315,3697,6,16,235,235,1,1.0,0.9803906099397734,1.0,0.9803906099397734,0.0,1.0,0.99999999999898,0.5,0.322779285591777,0.4657625428295966
ICEWS14,4316,5800,157,243,1161,0,0,3564.5,0.0,0.0,0.0,0.0,0.0,0.0,0.0,0.06266844042745784,0.00977672855419752
ICEWS14,4317,5800,156,209,4783,1161,0,3566.0,2.7269412108060314,5.0,0.8879629756445782,0.698441434111021,0.9935314728160868,0.8623512075509032,0.845986453463554,0.4089419152275119,0.7506585959758696
ICEWS14,4318,5800,160,240,1873,2442,0,3565.5,0.6040873142169151,6.0,0.5743491774985175,0.2204169690892006,0.9081662779596881,0.6948399660940637,0.5642916235244444,0.27070196295850535,0.3781467085151835
ICEWS14,4319,5476,150,162,5556,5556,1,1.0,0.19477174280902032,1.0,0.7578582832551991,0.0,1.0,0.147448810362199,0.5,0.23678032374132954,0.1697850207668095
ICEWS14,4320,5060,160,301,3463,0,0,3564.5,0.0,0.0,0.0,0.0,0.0,0.0,0.0,0.06266844042745784,0.00977672855419752
ICEWS14,4321,1523,197,330,4304,0,0,3564.5,0.0,0.0,0.0,0.0,0.0,0.0,0.0,0.06266844042745784,0.00977672855419752
ICEWS14,4322,1523,56,272,4051,2404,0,3566.0,0.4113828211989028,1.0,0.5202016416109183,0.0,1.0,0.65400546728677,0.5,0.17475472491758326,0.23995144018518158
ICEWS14,4323,4011,160,146,2460,1077,0,3566.0,0.948272762112012,4.0,0.5,0.5576707222808122,0.9325993213507382,0.7225009787961886,0.7451350218157752,0.22915292743006543,0.5275046754589873
ICEWS14,4324,5189,103,103,28,0,0,3564.5,0.0,0.0,0.0,0.0,0.0,0.0,0.0,0.06266844042745784,0.00977672855419752
ICEWS14,4325,4545,103,75,5241,0,0,3564.5,0.0,0.0,0.0,0.0,0.0,0.0,0.0,0.06266844042745784,0.00977672855419752
ICEWS14,4326,4545,150,35,4562,0,0,3564.5,0.0,0.0,0.0,0.0,0.0,0.0,0.0,0.06266844042745784,0.00977672855419752
ICEWS14,4327,4545,53,330,2708,3981,0,3569.5,0.15525034801393556,2.0,0.8879629756445782,0.14896142788810518,0.8510385721118948,0.0803771020970424,0.5,0.3083567174338286,0.19766757907054094
ICEWS14,4328,4545,53,188,861,347,0,3568.0,0.2329963398578746,1.0,0.7429971445684742,0.0,1.0,0.1859510943268069,0.5,0.23281206144854677,0.17484171449667643
ICEWS14,4329,4545,56,31,5241,4562,0,3565.0,0.6864101813026526,1.0,0.6864101813026526,0.0,1.0,0.9999999999985432,0.5,0.22196742483288057,0.3844369759551559
ICEWS14,4330,4545,169,22,1225,1534,0,3565.0,0.7730166686334901,1.0,0.7730166686334901,0.0,1.0,0.9999999999987064,0.5,0.24916949626846113,0.4079416265083591
ICEWS14,4331,4545,155,75,5421,2100,0,3565.5,0.32219646942915436,1.0,0.6864101813026526,0.0,1.0,0.30667156108054283,0.5,0.21743190193507772,0.18991776831823365
ICEWS14,4332,4545,115,103,2230,6699,0,3565.0,0.4805828740290406,1.0,0.4805828740290406,0.0,1.0,0.9999999999979192,0.5,0.16609551667127687,0.3308553242867397
ICEWS14,4333,1825,160,139,779,0,0,3564.5,0.0,0.0,0.0,0.0,0.0,0.0,0.0,0.06266844042745784,0.00977672855419752
ICEWS14,4334,3345,18,296,1161,0,0,3564.5,0.0,0.0,0.0,0.0,0.0,0.0,0.0,0.06266844042745784,0.00977672855419752
ICEWS14,4335,4541,160,321,6360,0,0,3564.5,0.0,0.0,0.0,0.0,0.0,0.0,0.0,0.06266844042745784,0.00977672855419752
ICEWS14,4336,4883,160,132,4313,0,0,3564.5,0.0,0.0,0.0,0.0,0.0,0.0,0.0,0.06266844042745784,0.00977672855419752
ICEWS14,4337,1353,53,305,6314,2545,0,3565.5,0.6659274237469965,1.0,0.7284274237469965,0.0,1.0,0.8419576863213847,0.5,0.23407775052040997,0.34350284525732555
ICEWS14,4338,1353,156,240,1145,1145,1,1.0,0.029035001322114534,1.0,0.043758718103237663,0.0,1.0,0.49647387936275067,0.5,0.08492786043474684,0.1270333287344164
ICEWS14,4339,1353,191,166,1971,0,0,3564.5,0.0,0.0,0.0,0.0,0.0,0.0,0.0,0.06266844042745784,0.00977672855419752
ICEWS14,4340,1353,61,25,1145,0,0,3564.5,0.0,0.0,0.0,0.0,0.0,0.0,0.0,0.06266844042745784,0.00977672855419752
ICEWS14,4341,1353,169,15,13,0,0,3564.5,0.0,0.0,0.0,0.0,0.0,0.0,0.0,0.06266844042745784,0.00977672855419752
ICEWS14,4342,1541,103,315,529,0,0,3564.5,0.0,0.0,0.0,0.0,0.0,0.0,0.0,0.06266844042745784,0.00977672855419752
ICEWS14,4343,5620,53,343,4702,0,0,3564.5,0.0,0.0,0.0,0.0,0.0,0.0,0.0,0.06266844042745784,0.00977672855419752
ICEWS14,4344,6815,159,317,6504,0,0,3564.5,0.0,0.0,0.0,0.0,0.0,0.0,0.0,0.06266844042745784,0.00977672855419752
ICEWS14,4345,3401,160,87,2662,2590,0,3566.0,0.5,2.0,0.5412194958693883,0.48020614479804224,0.5197938552019578,0.31596794733317735,0.5,0.20376934648054956,0.1979435858069837
ICEWS14,4346,3401,162,282,1626,0,0,3564.5,0.0,0.0,0.0,0.0,0.0,0.0,0.0,0.06266844042745784,0.00977672855419752
ICEWS14,4347,4560,53,83,820;3590,0,0,3564.0,0.0,0.0,0.0,0.0,0.0,0.0,0.0,0.06266844042745784,0.00977672855419752
ICEWS14,4348,4560,63,296,5438,1134,0,3564.0,1.0,1.0,1.0,0.0,1.0,0.9999999999989999,0.5,0.33030722584940386,0.47130336916752824
ICEWS14,4349,5260,160,306,3871,2877,0,3565.0,0.5743491774985175,1.0,0.5743491774985175,0.0,1.0,0.999999999998259,0.5,0.1900222561826612,0.3548201208396848
ICEWS14,4350,6557,142,314,6917,0,0,3564.5,0.0,0.0,0.0,0.0,0.0,0.0,0.0,0.06266844042745784,0.00977672855419752
ICEWS14,4351,4096,160,253,1873,4114,0,3565.0,0.6417922057034467,2.0,0.6341329040632923,0.011934239107437294,1.0,0.9999999999984419,0.5059671195537186,0.23198293030979875,0.3952853585508409
ICEWS14,4352,4096,56,246,2442,0,0,3564.5,0.0,0.0,0.0,0.0,0.0,0.0,0.0,0.06266844042745784,0.00977672855419752
ICEWS14,4353,504,87,113,4720,0,0,3564.5,0.0,0.0,0.0,0.0,0.0,0.0,0.0,0.06266844042745784,0.00977672855419752
ICEWS14,4354,347,61,237,1170,0,0,3564.5,0.0,0.0,0.0,0.0,0.0,0.0,0.0,0.06266844042745784,0.00977672855419752
ICEWS14,4355,347,156,315,1170,1170,1,1.5,0.0,1.0,0.05127095975047738,0.0,0.0,0.0,0.0,0.08574425266885945,0.011906071806045922
ICEWS14,4356,347,150,301,1404,1404,1,1.0,0.9803906099397734,1.0,0.9803906099397734,0.0,1.0,0.99999999999898,0.5,0.322779285591777,0.4657625428295966
ICEWS14,4357,347,160,247,5036,3215,0,3565.5,0.008510021166106753,1.0,0.047366142703449944,0.0,1.0,0.0986986509916058,0.5,0.08528170606122237,0.07605289051593087
ICEWS14,4358,5466,229,145,1157,0,0,3564.5,0.0,0.0,0.0,0.0,0.0,0.0,0.0,0.06266844042745784,0.00977672855419752
ICEWS14,4359,448,0,130,5441,0,0,3564.5,0.0,0.0,0.0,0.0,0.0,0.0,0.0,0.06266844042745784,0.00977672855419752
ICEWS14,4360,448,224,58,5441,5441,1,1.0,2.2817716289274697,5.0,0.8879629756445782,0.4442652324072873,0.8419798842043673,0.5817221594590659,0.6431225583058273,0.401149093278879,0.48130913848823886
ICEWS14,4361,448,224,361,5441,5441,1,1.0,3.0205535084216444,21.0,0.9803906099397734,0.6448346838027342,0.9924636021120604,0.9819581396825211,0.8186491429573973,0.5698465058977934,0.8193580620851189
ICEWS14,4362,3691,202,333,6064,0,0,3564.5,0.0,0.0,0.0,0.0,0.0,0.0,0.0,0.06266844042745784,0.00977672855419752
ICEWS14,4363,3549,160,169,5745,2266,0,3565.5,0.5908791805981641,1.0,0.8042490800314893,0.0,1.0,0.5806487423301974,0.5,0.25654138612155725,0.2829059416077624
ICEWS14,4364,2629,53,29,3155,0,0,3564.5,0.0,0.0,0.0,0.0,0.0,0.0,0.0,0.06266844042745784,0.00977672855419752
ICEWS14,4365,2629,169,139,5240,0,0,3564.5,0.0,0.0,0.0,0.0,0.0,0.0,0.0,0.06266844042745784,0.00977672855419752
ICEWS14,4366,3621,53,78,175,0,0,3564.5,0.0,0.0,0.0,0.0,0.0,0.0,0.0,0.06266844042745784,0.00977672855419752
ICEWS14,4367,2282,160,116,3147,0,0,3564.5,0.0,0.0,0.0,0.0,0.0,0.0,0.0,0.06266844042745784,0.00977672855419752
ICEWS14,4368,4323,155,190,2581,0,0,3564.5,0.0,0.0,0.0,0.0,0.0,0.0,0.0,0.06266844042745784,0.00977672855419752
ICEWS14,4369,4323,160,274,4503,4397,0,3.0,0.7888105028988133,5.0,1.0,0.04153882843762913,0.9584611715623709,0.6077742169771793,0.5,0.42026515307558265,0.3921725433042211
ICEWS14,4370,4323,160,14,2435,4397,0,3565.0,1.9415563579978545,2.0,0.9803906099397734,0.0,1.0,0.9999999999994849,0.5,0.3720547958781803,0.4706127208921312
ICEWS14,4371,6148,160,98,2438,645,0,3565.0,0.15542448614937274,1.0,0.15542448614937274,0.0,1.0,0.9999999999935659,0.5,0.1014520954123636,0.2547777031061986
ICEWS14,4372,5756,53,158,6293,920,0,3.0,0.46191979762002533,1.0,0.9238395952400507,0.0,1.0,0.3333333333330928,0.5,0.29456682275503654,0.24299235039803485
ICEWS14,4373,5756,127,58,3155,3155,1,1.0,2.934432651501342,4.0,0.9803906099397734,0.6489261916457901,1.0,0.9999999999996592,0.8244630958228951,0.4341136657710972,0.780927505331862
ICEWS14,4374,4342,53,53,1539,0,0,3564.5,0.0,0.0,0.0,0.0,0.0,0.0,0.0,0.06266844042745784,0.00977672855419752
ICEWS14,4375,6739,160,254,2097,3149,0,3565.5,0.831162616287545,1.0,0.8534795977333005,0.0,1.0,0.949036152967966,0.5,0.276037774215229,0.4125388592876281
ICEWS14,4376,6269,53,184,45,545,0,3564.0,1.0,1.0,1.0,0.0,1.0,0.9999999999989999,0.5,0.33030722584940386,0.47130336916752824
ICEWS14,4377,5026,157,25,1188,0,0,3564.5,0.0,0.0,0.0,0.0,0.0,0.0,0.0,0.06266844042745784,0.00977672855419752
ICEWS14,4378,5026,53,216,2281,2104,0,3565.5,0.01442053150202982,1.0,0.25,0.0,1.0,0.02969757256542737,0.5,0.11576060744915706,0.08670114957774641
ICEWS14,4379,5290,156,134,5496,0,0,3564.5,0.0,0.0,0.0,0.0,0.0,0.0,0.0,0.06266844042745784,0.00977672855419752
ICEWS14,4380,2848,160,28,3155,0,0,3564.5,0.0,0.0,0.0,0.0,0.0,0.0,0.0,0.06266844042745784,0.00977672855419752
ICEWS14,4381,2848,160,352,3155,3155,1,1.0,2.5494553610305104,8.0,0.646816582731497,0.5185216283418805,0.9650046809981391,0.9199007537919495,0.7417631546700099,0.34594826347681706,0.6371427905337465
ICEWS14,4382,1463,208,236,6993,4250,0,3565.0,0.01115849072287775,1.0,0.01115849072287775,0.0,1.0,0.9999999999103821,0.5,0.08068751762355578,0.2249592474561617
ICEWS14,4383,1463,127,114,1193,0,0,3564.5,0.0,0.0,0.0,0.0,0.0,0.0,0.0,0.06266844042745784,0.00977672855419752
ICEWS14,4384,4311,160,284,2460,0,0,3564.5,0.0,0.0,0.0,0.0,0.0,0.0,0.0,0.06266844042745784,0.00977672855419752
ICEWS14,4385,6245,6,268,1523,1523,1,1.0,0.7950883325735189,1.0,0.8879629756445782,0.0,1.0,0.8106217761242075,0.5,0.2871782125845322,0.37517266517614356
ICEWS14,4386,6245,127,277,3741,3413,0,3565.0,0.005257422627470144,1.0,0.005257422627470144,0.0,1.0,0.9999999998097926,0.5,0.07992666515268872,0.2237938963566857
ICEWS14,4387,6245,191,289,6078,1523,0,3565.5,0.7117422555122542,1.0,0.7730166686334901,0.0,1.0,0.8531102286439722,0.5,0.2483376888185058,0.3586862830275093
ICEWS14,4388,6245,53,318,6296,4051,0,2.5,0.11779817099886725,1.0,0.13801118920922653,0.0,1.0,0.7445015710253516,0.5,0.09858376974060416,0.18825947765750922
ICEWS14,4389,2104,158,13,3142,0,0,3564.5,0.0,0.0,0.0,0.0,0.0,0.0,0.0,0.06266844042745784,0.00977672855419752
ICEWS14,4390,2104,160,205,2409,779,0,3567.0,0.6157204071477227,7.0,0.46191979762002533,0.5272254631230318,0.9050480490508205,0.40469473621599444,0.7161367560869261,0.24422578729969824,0.4029516106601905
ICEWS14,4391,2104,155,286,1077,1077,1,1.0,0.08926792578302195,1.0,0.08926792578302195,0.0,1.0,0.9999999999887977,0.5,0.0913979193810294,0.240788395493562
ICEWS14,4392,5262,123,86,1176,1176,1,1.0,0.9611657480580811,1.0,0.9611657480580811,0.0,1.0,0.9999999999989596,0.5,0.3154870741711184,0.4603385493265481
ICEWS14,4393,3413,127,12,6245,0,0,3564.5,0.0,0.0,0.0,0.0,0.0,0.0,0.0,0.06266844042745784,0.00977672855419752
ICEWS14,4394,6632,155,293,6410,1077,0,3563.5,0.12750020117764982,2.0,1.0,0.11308219816234055,0.8869178018376594,0.05992958360568606,0.5,0.3492399824268998,0.21329960852788465
ICEWS14,4395,6632,98,169,1077,0,0,3564.5,0.0,0.0,0.0,0.0,0.0,0.0,0.0,0.06266844042745784,0.00977672855419752
ICEWS14,4396,1135,127,330,5344,3155,0,3565.5,0.07247031268438972,1.0,0.09662708357918628,0.0,1.0,0.5999999999950325,0.5,0.09232325315249304,0.1522451601522116
ICEWS14,4397,1135,40,10,3119,0,0,3564.5,0.0,0.0,0.0,0.0,0.0,0.0,0.0,0.06266844042745784,0.00977672855419752
ICEWS14,4398,6624,224,50,1779,0,0,3564.5,0.0,0.0,0.0,0.0,0.0,0.0,0.0,0.06266844042745784,0.00977672855419752
ICEWS14,4399,3463,56,302,5196,0,0,3564.5,0.0,0.0,0.0,0.0,0.0,0.0,0.0,0.06266844042745784,0.00977672855419752
ICEWS14,4400,5968,171,173,1123,1123,1,1.0,0.9611657480580811,1.0,0.9611657480580811,0.0,1.0,0.9999999999989596,0.5,0.3154870741711184,0.4603385493265481
ICEWS14,4401,2157,160,44,2442,4233,0,3565.0,0.6095068271022377,1.0,0.6095068271022377,0.0,1.0,0.9999999999983593,0.5,0.19964893814706944,0.36400497326551584
ICEWS14,4402,2163,156,325,4233,0,0,3564.5,0.0,0.0,0.0,0.0,0.0,0.0,0.0,0.06266844042745784,0.00977672855419752
ICEWS14,4403,6274,169,193,1145,0,0,3564.5,0.0,0.0,0.0,0.0,0.0,0.0,0.0,0.06266844042745784,0.00977672855419752
ICEWS14,4404,6274,229,121,1145,4261,0,3565.0,0.5,1.0,0.5,0.0,1.0,0.999999999998,0.5,0.17084380106053865,0.33575137090206625
ICEWS14,4405,6274,222,107,1145,0,0,3564.5,0.0,0.0,0.0,0.0,0.0,0.0,0.0,0.06266844042745784,0.00977672855419752
ICEWS14,4406,5607,56,173,2442,0,0,3564.5,0.0,0.0,0.0,0.0,0.0,0.0,0.0,0.06266844042745784,0.00977672855419752
ICEWS14,4407,2582,103,241,276,3261,0,3565.0,0.011381678496046817,1.0,0.011381678496046817,0.0,1.0,0.9999999999121395,0.5,0.08071642355363753,0.22500340730176013
ICEWS14,4408,6333,53,194,6813,0,0,3564.5,0.0,0.0,0.0,0.0,0.0,0.0,0.0,0.06266844042745784,0.00977672855419752
ICEWS14,4409,4808,156,299,2460,0,0,3564.5,0.0,0.0,0.0,0.0,0.0,0.0,0.0,0.06266844042745784,0.00977672855419752
ICEWS14,4410,62,215,288,1139,1139,1,1.0,3.0550181189419683,4.0,0.9238395952400507,0.5456061715227383,1.0,0.9999999999996726,0.7728030857613691,0.4131540722606515,0.7272366550261045
ICEWS14,4411,62,222,96,3922,0,0,3564.5,0.0,0.0,0.0,0.0,0.0,0.0,0.0,0.06266844042745784,0.00977672855419752
ICEWS14,4412,5149,38,363,6328,6328,1,1.0,0.562018918243322,1.0,0.9803906099397734,0.0,1.0,0.401797301503972,0.5,0.3161719817779932,0.27370535256071304
ICEWS14,4413,240,160,56,18,0,0,3564.5,0.0,0.0,0.0,0.0,0.0,0.0,0.0,0.06266844042745784,0.00977672855419752
ICEWS14,4414,967,160,212,682,0,0,3564.5,0.0,0.0,0.0,0.0,0.0,0.0,0.0,0.06266844042745784,0.00977672855419752
ICEWS14,4415,7120,160,194,5823,0,0,3564.5,0.0,0.0,0.0,0.0,0.0,0.0,0.0,0.06266844042745784,0.00977672855419752
ICEWS14,4416,4394,163,330,5421,146,0,3565.0,0.13801118920922653,1.0,0.13801118920922653,0.0,1.0,0.9999999999927541,0.5,0.09871432973651542,0.2510442267182567
ICEWS14,4417,4401,156,269,1176,0,0,3564.5,0.0,0.0,0.0,0.0,0.0,0.0,0.0,0.06266844042745784,0.00977672855419752
ICEWS14,4418,4401,38,304,4075,0,0,3564.5,0.0,0.0,0.0,0.0,0.0,0.0,0.0,0.06266844042745784,0.00977672855419752
ICEWS14,4419,4677,168,314,1099,6907,0,3565.0,0.8879629756445782,1.0,0.8879629756445782,0.0,1.0,0.9999999999988739,0.5,0.28856128263442826,0.4397821273454182
ICEWS14,4420,3919,155,338,6407,0,0,3564.5,0.0,0.0,0.0,0.0,0.0,0.0,0.0,0.06266844042745784,0.00977672855419752
ICEWS14,4421,3915,6,203,2454,0,0,3564.5,0.0,0.0,0.0,0.0,0.0,0.0,0.0,0.06266844042745784,0.00977672855419752
ICEWS14,4422,1535,150,123,4810,0,0,3564.5,0.0,0.0,0.0,0.0,0.0,0.0,0.0,0.06266844042745784,0.00977672855419752
ICEWS14,4423,433,229,124,4286,0,0,3564.5,0.0,0.0,0.0,0.0,0.0,0.0,0.0,0.06266844042745784,0.00977672855419752
ICEWS14,4424,3903,207,334,2736,0,0,3564.5,0.0,0.0,0.0,0.0,0.0,0.0,0.0,0.06266844042745784,0.00977672855419752
ICEWS14,4425,3415,56,279,6407,2454,0,3565.0,0.03809417669388987,1.0,0.03809417669388987,0.0,1.0,0.9999999999737493,0.5,0.08424498204470998,0.23033311846827043
ICEWS14,4426,3415,86,203,3774,0,0,3564.5,0.0,0.0,0.0,0.0,0.0,0.0,0.0,0.06266844042745784,0.00977672855419752
ICEWS14,4427,661,142,37,2278,3969,0,3565.0,0.8705505632961241,1.0,0.8705505632961241,0.0,1.0,0.9999999999988514,0.5,0.2823612352681468,0.43492005470572903
ICEWS14,4428,3728,38,148,1189,1189,1,1.0,0.18574928614211858,1.0,0.18574928614211858,0.0,1.0,0.9999999999946164,0.5,0.1063808110434237,0.2613661152549399
ICEWS14,4429,2726,160,198,3155,3155,1,1.0,1.059657222947685,2.0,0.9803906099397734,0.07480401330858,1.0,0.9999999999990562,0.5374020066542899,0.35721434036348987,0.5234927315591905
ICEWS14,4430,4277,224,211,5470,0,0,3564.5,0.0,0.0,0.0,0.0,0.0,0.0,0.0,0.06266844042745784,0.00977672855419752
ICEWS14,4431,2449,160,58,5421,2553,0,3564.0,1.0,1.0,1.0,0.0,1.0,0.9999999999989999,0.5,0.33030722584940386,0.47130336916752824
ICEWS14,4432,4548,169,291,1145,1145,1,1.0,0.047366142703449944,1.0,0.047366142703449944,0.0,1.0,0.9999999999788879,0.5,0.08550215259481654,0.232203625985088
ICEWS14,4433,1040,224,294,930,5433,0,3565.0,0.09662708357918628,1.0,0.09662708357918628,0.0,1.0,0.9999999999896508,0.5,0.09247041121880442,0.2423182973780557
ICEWS14,4434,976,40,336,3535,3535,1,1.0,0.9238395952400507,1.0,0.9238395952400507,0.0,1.0,0.9999999999989175,0.5,0.3015872178185898,0.44983546847777767
ICEWS14,4435,976,174,177,5127,0,0,3564.5,0.0,0.0,0.0,0.0,0.0,0.0,0.0,0.06266844042745784,0.00977672855419752
ICEWS14,4436,4542,173,174,3159,0,0,3564.5,0.0,0.0,0.0,0.0,0.0,0.0,0.0,0.06266844042745784,0.00977672855419752
ICEWS14,4437,6286,53,343,2300,3285,0,3564.5,0.01960939006022655,1.0,1.0,0.0,1.0,0.009901778952998064,0.5,0.3147480489379219,0.1846999597433842
ICEWS14,4438,3905,159,42,3450,0,0,3564.5,0.0,0.0,0.0,0.0,0.0,0.0,0.0,0.06266844042745784,0.00977672855419752
ICEWS14,4439,3905,156,351,4245,1179,0,3566.0,0.06477400014345275,1.0,0.06900559460461328,0.0,1.0,0.8844413742367313,0.5,0.08847778983546875,0.20779831749067126
ICEWS14,4440,3905,127,70,3780,0,0,3564.5,0.0,0.0,0.0,0.0,0.0,0.0,0.0,0.06266844042745784,0.00977672855419752
ICEWS14,4441,6348,56,69,5767,0,0,3564.5,0.0,0.0,0.0,0.0,0.0,0.0,0.0,0.06266844042745784,0.00977672855419752
ICEWS14,4442,3748,169,203,6870,0,0,3564.5,0.0,0.0,0.0,0.0,0.0,0.0,0.0,0.06266844042745784,0.00977672855419752
ICEWS14,4443,4293,168,286,7030,0,0,3564.5,0.0,0.0,0.0,0.0,0.0,0.0,0.0,0.06266844042745784,0.00977672855419752
ICEWS14,4444,5186,160,136,6017,1759,0,3565.5,0.7885347212727036,1.0,0.9238395952400507,0.0,1.0,0.7445015710293542,0.5,0.2995209761118076,0.36300907064415283
ICEWS14,4445,2701,156,86,4409,3873,0,3565.0,0.24509765248494336,1.0,0.24509765248494336,0.0,1.0,0.9999999999959199,0.5,0.11663917875982602,0.27457466650683277
ICEWS14,4446,4108,176,169,1145,0,0,3564.5,0.0,0.0,0.0,0.0,0.0,0.0,0.0,0.06266844042745784,0.00977672855419752
ICEWS14,4447,4108,6,270,1145,1145,1,1.0,1.331235353627325,4.0,0.9611657480580811,0.2834296947237228,1.0,0.9850434403321977,0.6417148473618615,0.39802232456203973,0.6382455402465571
ICEWS14,4448,4108,56,260,1145,1145,1,1.0,0.5370743232595248,3.0,0.5412194958693883,0.46320011727022903,0.536799882729771,0.3630371474562348,0.5,0.22177629854197337,0.21732202544148777
ICEWS14,4449,5686,170,51,5498,0,0,3564.5,0.0,0.0,0.0,0.0,0.0,0.0,0.0,0.06266844042745784,0.00977672855419752
ICEWS14,4450,5686,83,230,921,921,1,1.0,0.03807273594789262,1.0,0.9803906099397734,0.0,1.0,0.019801616452026938,0.5,0.3080010975792355,0.18314628148180928
ICEWS14,4451,5084,160,128,501,0,0,3564.5,0.0,0.0,0.0,0.0,0.0,0.0,0.0,0.06266844042745784,0.00977672855419752
ICEWS14,4452,2822,156,104,1175,0,0,3564.5,0.0,0.0,0.0,0.0,0.0,0.0,0.0,0.06266844042745784,0.00977672855419752
ICEWS14,4453,1354,160,224,3155,3155,1,1.0,0.13530487396734708,1.0,0.13530487396734708,0.0,1.0,0.9999999999926092,0.5,0.09829478937969056,0.2504672596189675
ICEWS14,4454,3743,155,258,509,0,0,3564.5,0.0,0.0,0.0,0.0,0.0,0.0,0.0,0.06266844042745784,0.00977672855419752
ICEWS14,4455,2620,160,348,4740,2694,0,3565.5,0.08476493181973256,1.0,0.08580127266283155,0.0,1.0,0.9761315217738847,0.5,0.09089036990809998,0.23383943211389097
ICEWS14,4456,3758,61,341,3159,0,0,3564.5,0.0,0.0,0.0,0.0,0.0,0.0,0.0,0.06266844042745784,0.00977672855419752
ICEWS14,4457,3758,159,189,3159,3990,0,1.0,0.11203702435542184,1.0,1.0,0.0,1.0,0.05934280798971252,0.5,0.31619797628568286,0.19479017615733962
ICEWS14,4458,3631,53,52,171,0,0,3564.5,0.0,0.0,0.0,0.0,0.0,0.0,0.0,0.06266844042745784,0.00977672855419752
ICEWS14,4459,2931,160,146,2442,2442,1,1.0,0.061251935463015106,1.0,0.8042490800314893,0.0,1.0,0.03958771040389001,0.5,0.24927238573968885,0.15721466560198905
ICEWS14,4460,2931,156,56,1161,0,0,3564.5,0.0,0.0,0.0,0.0,0.0,0.0,0.0,0.06266844042745784,0.00977672855419752
ICEWS14,4461,2931,156,243,4961,1161,0,3565.0,1.64094223177917,3.0,0.8879629756445782,0.45887005742925135,1.0,0.9999999999993905,0.7294350287146256,0.355482465540929,0.6905544792258356
ICEWS14,4462,1873,156,159,1161,1161,1,1.0,1.6500450635472061,3.0,0.9057236642639067,0.4950338288313947,0.927493273731184,0.8517594076594871,0.7112635512812893,0.3624722842009268,0.6352678834420237
ICEWS14,4463,4114,115,315,1161,3600,0,3565.0,0.030637206560617913,1.0,0.030637206560617913,0.0,1.0,0.99999999996736,0.5,0.08324610605314145,0.22883644300276368
ICEWS14,4464,4114,56,238,2442,2442,1,1.0,0.8534795977333005,1.0,0.8534795977333005,0.0,1.0,0.9999999999988284,0.5,0.2763618672396552,0.4301654414766957
ICEWS14,4465,2794,169,42,2427,0,0,3564.5,0.0,0.0,0.0,0.0,0.0,0.0,0.0,0.06266844042745784,0.00977672855419752
ICEWS14,4466,2077,155,20,3155,0,0,3564.5,0.0,0.0,0.0,0.0,0.0,0.0,0.0,0.06266844042745784,0.00977672855419752
ICEWS14,4467,3777,56,336,2456,0,0,3564.5,0.0,0.0,0.0,0.0,0.0,0.0,0.0,0.06266844042745784,0.00977672855419752
ICEWS14,4468,1594,169,77,3922,1077,0,1.0,1.0,2.0,1.0,0.4950491105234984,0.5049508894765016,0.3377486972983249,0.5,0.3637786750647318,0.3004190626218685
ICEWS14,4469,5429,38,180,1130,1130,1,1.0,0.31794638968265965,5.0,0.13530487396734708,0.6340322390548827,1.0,0.5888581649604833,0.8170161195274414,0.1415352489105145,0.4589015335353771
ICEWS14,4470,5656,86,38,5427,5427,1,1.0,2.8838742319897355,3.0,0.9803906099397734,0.0,1.0,0.9999999999996532,0.5,0.413358900658724,0.4699325083812852
ICEWS14,4471,1951,156,314,1161,1161,1,1.0,0.4033907289768605,2.0,0.3714985722842371,0.12555866533402693,1.0,0.9038730307885612,0.5627793326670134,0.16058586429885724,0.34811780764799066
ICEWS14,4472,3311,160,245,2402,0,0,3564.5,0.0,0.0,0.0,0.0,0.0,0.0,0.0,0.06266844042745784,0.00977672855419752
ICEWS14,4473,7066,53,233,1759,0,0,3564.5,0.0,0.0,0.0,0.0,0.0,0.0,0.0,0.06266844042745784,0.00977672855419752
ICEWS14,4474,2880,56,120,2404,0,0,3564.5,0.0,0.0,0.0,0.0,0.0,0.0,0.0,0.06266844042745784,0.00977672855419752
ICEWS14,4475,4196,160,19,6074,0,0,3564.5,0.0,0.0,0.0,0.0,0.0,0.0,0.0,0.06266844042745784,0.00977672855419752
ICEWS14,4476,4133,160,183,3911,829,0,3565.0,0.054409410206007765,1.0,0.054409410206007765,0.0,1.0,0.9999999999816208,0.5,0.08646847833538213,0.23363158566926193
ICEWS14,4477,4212,169,169,6927,5311,0,3564.5,0.9336741860416642,1.0,1.0,0.0,1.0,0.8755993466714196,0.5,0.3292423163643533,0.4278449145832004
ICEWS14,4478,4212,185,50,6089,0,0,3564.5,0.0,0.0,0.0,0.0,0.0,0.0,0.0,0.06266844042745784,0.00977672855419752
ICEWS14,4479,4609,155,16,3566,0,0,3564.5,0.0,0.0,0.0,0.0,0.0,0.0,0.0,0.06266844042745784,0.00977672855419752
ICEWS14,4480,4609,86,168,5360,0,0,3564.5,0.0,0.0,0.0,0.0,0.0,0.0,0.0,0.06266844042745784,0.00977672855419752
ICEWS14,4481,1050,168,308,3300,5451,0,3565.5,0.5342954952612611,1.0,0.6341329040632923,0.0,1.0,0.7279524606039091,0.5,0.2054208138915258,0.2855154983709969
ICEWS14,4482,5950,155,260,3155,4805,0,2.0,0.0444195603636004,4.0,0.4901953049698867,0.26127921349377525,0.7387207865062247,0.011979862780502256,0.5,0.21498022542231873,0.1376904569654824
ICEWS14,4483,5950,53,273,6293,2315,0,3565.0,0.728570275416325,2.0,0.3714985722842371,0.0,1.0,0.9999999999986274,0.5,0.16379564001713198,0.31643176116064203
ICEWS14,4484,5950,103,217,5385,0,0,3564.5,0.0,0.0,0.0,0.0,0.0,0.0,0.0,0.06266844042745784,0.00977672855419752
ICEWS14,4485,3918,127,283,929,0,0,3564.5,0.0,0.0,0.0,0.0,0.0,0.0,0.0,0.06266844042745784,0.00977672855419752
ICEWS14,4486,1615,6,259,6749,0,0,3564.5,0.0,0.0,0.0,0.0,0.0,0.0,0.0,0.06266844042745784,0.00977672855419752
ICEWS14,4487,2889,156,201,4233,2442,0,3566.0,0.03152795108051879,1.0,0.08926792578302195,0.0,1.0,0.21446433134665896,0.5,0.0910501955081246,0.09270750086128715
ICEWS14,4488,2889,18,180,1161,1161,1,1.0,0.22199074391114454,1.0,0.22199074391114454,0.0,1.0,0.9999999999954953,0.5,0.11254678004047267,0.26938296942497
ICEWS14,4489,1978,160,42,5172,0,0,3564.5,0.0,0.0,0.0,0.0,0.0,0.0,0.0,0.06266844042745784,0.00977672855419752
ICEWS14,4490,1509,0,302,1145,1145,1,1.0,0.20106227000787236,1.0,0.20106227000787236,0.0,1.0,0.9999999999950264,0.5,0.10894895616044509,0.26473456790955274
ICEWS14,4491,421,167,154,1128,0,0,3564.5,0.0,0.0,0.0,0.0,0.0,0.0,0.0,0.06266844042745784,0.00977672855419752
ICEWS14,4492,3573,173,17,1971,0,0,3564.5,0.0,0.0,0.0,0.0,0.0,0.0,0.0,0.06266844042745784,0.00977672855419752
ICEWS14,4493,4354,224,361,1145,1145,1,1.0,4.3656365142717455,8.0,0.9611657480580811,0.35236861611195036,1.0,0.999999999999771,0.6761843080559752,0.5052416781093265,0.6585331129635843
ICEWS14,4494,2783,160,259,6794;6979,2427,0,3565.0,0.35417598676739664,4.0,0.14938869249630476,0.5892524466285534,1.0,0.9489659412348539,0.7946262233142767,0.136713496690001,0.5600358414314349
ICEWS14,4495,3483,191,267,6379,0,0,3564.5,0.0,0.0,0.0,0.0,0.0,0.0,0.0,0.06266844042745784,0.00977672855419752
ICEWS14,4496,3483,160,5,6379,0,0,3564.5,0.0,0.0,0.0,0.0,0.0,0.0,0.0,0.06266844042745784,0.00977672855419752
ICEWS14,4497,2257,155,188,18,0,0,3564.5,0.0,0.0,0.0,0.0,0.0,0.0,0.0,0.06266844042745784,0.00977672855419752
ICEWS14,4498,6329,155,342,6355,5736,0,3565.0,0.8445755138506272,1.0,1.0,0.0,1.0,0.730965566312838,0.5,0.3278145291367239,0.3789031244778384
ICEWS14,4499,6875,63,300,4560,1134,0,3565.0,2.7907290075620383,3.0,0.9611657480580811,0.0,1.0,0.9999999999996416,0.5,0.40395128477971537,0.46567126272506526
ICEWS14,4500,6875,83,298,4560,4560,1,1.0,0.9803906099397736,2.0,0.9803906099397734,0.0,1.0,0.34219252720941185,0.5,0.3558932898137753,0.26734415631536046
ICEWS14,4501,5714,6,149,2698,872,0,3565.0,0.7730166686334901,1.0,0.7730166686334901,0.0,1.0,0.9999999999987064,0.5,0.24916949626846113,0.4079416265083591
ICEWS14,4502,6054,155,113,6823,0,0,3564.0,0.0,0.0,0.0,0.0,0.0,0.0,0.0,0.06266844042745784,0.00977672855419752
ICEWS14,4503,1555,18,103,1161,0,0,3564.5,0.0,0.0,0.0,0.0,0.0,0.0,0.0,0.06266844042745784,0.00977672855419752
ICEWS14,4504,3067,160,309,2603,4313,0,3565.0,0.01759645438894309,1.0,0.01759645438894309,0.0,1.0,0.9999999999431705,0.5,0.08152512602857008,0.22623553045886569
ICEWS14,4505,3936,156,126,1928,1704,0,3565.5,0.04660254532566313,1.0,0.17160254532566316,0.0,1.0,0.15712119150676007,0.5,0.10321229452095695,0.09395601767490286
ICEWS14,4506,346,160,223,4562,0,0,3564.5,0.0,0.0,0.0,0.0,0.0,0.0,0.0,0.06266844042745784,0.00977672855419752
ICEWS14,4507,6146,38,29,1677,1677,1,1.0,0.9803906099397734,1.0,0.9803906099397734,0.0,1.0,0.99999999999898,0.5,0.322779285591777,0.4657625428295966
ICEWS14,4508,1540,53,166,5417,5417,1,1.0,0.3687283047272808,2.0,0.5100008047105996,0.4262755948188447,0.5737244051811553,0.2616705976080451,0.5,0.19393089149015363,0.17904641855483078
ICEWS14,4509,1540,53,222,123,2157,0,3567.0,0.3162693030231931,1.0,0.6095068271022377,0.0,1.0,0.3503420460166712,0.5,0.19626694125851535,0.1855557713786552
ICEWS14,4510,3399,160,153,2156,0,0,3564.5,0.0,0.0,0.0,0.0,0.0,0.0,0.0,0.06266844042745784,0.00977672855419752
ICEWS14,4511,3399,155,41,5556,0,0,3564.5,0.0,0.0,0.0,0.0,0.0,0.0,0.0,0.06266844042745784,0.00977672855419752
ICEWS14,4512,3780,175,276,3159,0,0,3564.5,0.0,0.0,0.0,0.0,0.0,0.0,0.0,0.06266844042745784,0.00977672855419752
ICEWS14,4513,4593,103,347,6888,0,0,3564.5,0.0,0.0,0.0,0.0,0.0,0.0,0.0,0.06266844042745784,0.00977672855419752
ICEWS14,4514,6847,55,221,4407,0,0,3564.5,0.0,0.0,0.0,0.0,0.0,0.0,0.0,0.06266844042745784,0.00977672855419752
ICEWS14,4515,6847,156,348,5185,0,0,3564.5,0.0,0.0,0.0,0.0,0.0,0.0,0.0,0.06266844042745784,0.00977672855419752
ICEWS14,4516,2524,160,316,2340,6635,0,3567.5,0.01346898563304233,3.0,0.9423178739918808,0.014092038928352646,0.9859079610716474,0.007096018146148514,0.5,0.349256273945834,0.1953411094616383
ICEWS14,4517,1896,160,293,1866,1866,1,1.0,0.5042219006501706,2.0,0.5,0.01599626125765774,1.0,0.984742236085965,0.5079981306288288,0.19285617522169546,0.3564615298427668
ICEWS14,4518,143,207,97,5887,5887,1,1.0,0.9803906099397734,1.0,0.9803906099397734,0.0,1.0,0.99999999999898,0.5,0.322779285591777,0.4657625428295966
ICEWS14,4519,1138,158,322,1430,2219,0,3565.5,0.04652348007937178,1.0,0.05549768597778612,0.0,1.0,0.721608730948752,0.5,0.08656710455362689,0.1695497418364828
ICEWS14,4520,1138,127,77,6562,1584,0,3564.5,0.6891510277012545,1.0,1.0,0.0,1.0,0.5257287775053231,0.5,0.3253315053863113,0.3140584923939241
ICEWS14,4521,1138,56,362,1430,2419,0,3566.5,0.42130718051696187,3.0,0.7884782461155736,0.04244854011030852,0.9575514598896915,0.3437681272405055,0.5,0.29941818035585943,0.24406704002428348
ICEWS14,4522,1416,156,210,5186,0,0,3564.5,0.0,0.0,0.0,0.0,0.0,0.0,0.0,0.06266844042745784,0.00977672855419752
ICEWS14,4523,2234,169,285,6568,150,0,3565.0,1.4142828959159783,2.0,0.7141434062641757,0.0,1.0,0.9999999999992929,0.5,0.2675344245586494,0.40054047216708427
ICEWS14,4524,2234,160,148,2083,2083,1,1.0,1.1035266406181605,4.0,0.5630865404461788,0.48973906046277627,1.0,0.9999999999990937,0.7448695302313881,0.2504388137990782,0.6355626510297245
ICEWS14,4525,2712,53,15,4702,0,0,3564.5,0.0,0.0,0.0,0.0,0.0,0.0,0.0,0.06266844042745784,0.00977672855419752
ICEWS14,4526,2712,53,342,2600,3173,0,3566.0,0.37148733345512674,1.0,0.40212454001574466,0.0,1.0,0.858410745388555,0.5,0.1477009088454218,0.26968546563255563
ICEWS14,4527,2712,155,125,6559,3155,0,3565.0,0.2550004023552998,1.0,0.2550004023552998,0.0,1.0,0.9999999999960785,0.5,0.1184322245976781,0.2768185713339488
ICEWS14,4528,2347,156,111,1755,0,0,3564.5,0.0,0.0,0.0,0.0,0.0,0.0,0.0,0.06266844042745784,0.00977672855419752
ICEWS14,4529,4473,160,330,4359,244,0,2.0,1.1933497222905882,10.0,0.9803906099397734,0.5730107118185732,0.7636610532368555,0.3511133723751946,0.6683358825277144,0.4739821768917515,0.5050546601707521
ICEWS14,4530,4473,160,224,244,244,1,1.0,1.9092383880307189,7.0,0.7141434062641757,0.573093385004873,0.889309885622564,0.6008610123439159,0.7312016353137185,0.3512170696719494,0.5443749993156932
ICEWS14,4531,4473,6,75,1287,0,0,3564.5,0.0,0.0,0.0,0.0,0.0,0.0,0.0,0.06266844042745784,0.00977672855419752
ICEWS14,4532,4828,160,153,5046,4834,0,1.0,0.3270499036838219,1.0,1.0,0.0,1.0,0.19549292259451584,0.5,0.3195847474727273,0.22515054863937933
ICEWS14,4533,226,157,255,1145,0,0,3564.5,0.0,0.0,0.0,0.0,0.0,0.0,0.0,0.06266844042745784,0.00977672855419752
ICEWS14,4534,226,156,150,1145,1145,1,1.0,1.4140275801900344,2.0,0.9611657480580811,0.32026379009601225,1.0,0.9999999999992928,0.6601318950480062,0.3557410432573905,0.6362803493341007
ICEWS14,4535,766,155,234,146,146,1,1.0,0.7908539664797114,3.0,0.39423912305778674,0.012779235527092592,1.0,0.9999999999987356,0.5063896177635463,0.18500185815722076,0.34002990008876144
ICEWS14,4536,2053,160,297,5803,0,0,3564.5,0.0,0.0,0.0,0.0,0.0,0.0,0.0,0.06266844042745784,0.00977672855419752
ICEWS14,4537,1214,160,223,3211,0,0,3564.5,0.0,0.0,0.0,0.0,0.0,0.0,0.0,0.06266844042745784,0.00977672855419752
ICEWS14,4538,2111,0,133,1161,1161,1,1.0,1.5096766806582804,2.0,0.9238395952400507,0.38805466953545376,1.0,0.9999999999993375,0.6940273347677268,0.34312492945343526,0.656900899586488
ICEWS14,4539,1177,127,89,4607,0,0,3564.5,0.0,0.0,0.0,0.0,0.0,0.0,0.0,0.06266844042745784,0.00977672855419752
ICEWS14,4540,4050,160,98,362,0,0,3564.5,0.0,0.0,0.0,0.0,0.0,0.0,0.0,0.06266844042745784,0.00977672855419752
ICEWS14,4541,1134,169,311,6875,0,0,3564.5,0.0,0.0,0.0,0.0,0.0,0.0,0.0,0.06266844042745784,0.00977672855419752
ICEWS14,4542,5015,207,345,2243,2243,1,1.0,0.9803906099397734,1.0,0.9803906099397734,0.0,1.0,0.99999999999898,0.5,0.322779285591777,0.4657625428295966
ICEWS14,4543,2137,123,364,4740,2814,0,3564.0,1.0,1.0,1.0,0.0,1.0,0.9999999999989999,0.5,0.33030722584940386,0.47130336916752824
ICEWS14,4544,50,115,275,5261,0,0,3564.5,0.0,0.0,0.0,0.0,0.0,0.0,0.0,0.06266844042745784,0.00977672855419752
ICEWS14,4545,6946,160,329,4531,0,0,3564.5,0.0,0.0,0.0,0.0,0.0,0.0,0.0,0.06266844042745784,0.00977672855419752
ICEWS14,4546,5068,160,247,630,0,0,3564.5,0.0,0.0,0.0,0.0,0.0,0.0,0.0,0.06266844042745784,0.00977672855419752
ICEWS14,4547,28,169,91,2425,2083,0,3565.0,0.40212454001574466,1.0,0.40212454001574466,0.0,1.0,0.9999999999975132,0.5,0.1479812952929724,0.31144995212146936
ICEWS14,4548,28,160,129,4359,0,0,3564.5,0.0,0.0,0.0,0.0,0.0,0.0,0.0,0.06266844042745784,0.00977672855419752
ICEWS14,4549,6422,38,329,5370,5370,1,1.0,1.364646953066393,24.0,0.9057236642639067,0.3432503518399239,0.9899077012373099,0.9792567901311515,0.6665790265386169,0.5206401460259515,0.7144642477558635
ICEWS14,4550,6422,191,65,5370,5370,1,1.0,1.050776825964314,3.0,0.7578582832551991,0.5113040957495978,0.8111149600607614,0.5123799004651355,0.6612095279051796,0.29826503514600883,0.43809472290937024
ICEWS14,4551,6476,170,270,5449,0,0,3564.5,0.0,0.0,0.0,0.0,0.0,0.0,0.0,0.06266844042745784,0.00977672855419752
ICEWS14,4552,6476,103,279,954,0,0,3564.5,0.0,0.0,0.0,0.0,0.0,0.0,0.0,0.06266844042745784,0.00977672855419752
ICEWS14,4553,4068,156,41,46,0,0,3564.5,0.0,0.0,0.0,0.0,0.0,0.0,0.0,0.06266844042745784,0.00977672855419752
ICEWS14,4554,4442,163,210,927,0,0,3564.5,0.0,0.0,0.0,0.0,0.0,0.0,0.0,0.06266844042745784,0.00977672855419752
ICEWS14,4555,4035,160,201,6293,276,0,3568.0,0.0,1.0,0.4901953049698867,0.0,0.0,0.0,0.0,0.16350399776432128,0.01998161915818421
ICEWS14,4556,4035,160,39,461,0,0,3564.5,0.0,0.0,0.0,0.0,0.0,0.0,0.0,0.06266844042745784,0.00977672855419752
ICEWS14,4557,3909,56,364,3884,3884,1,1.0,0.7884782461155736,1.0,0.7884782461155736,0.0,1.0,0.9999999999987318,0.5,0.25425331949001234,0.41218592304193796
ICEWS14,4558,3909,6,324,3884,0,0,3564.5,0.0,0.0,0.0,0.0,0.0,0.0,0.0,0.06266844042745784,0.00977672855419752
ICEWS14,4559,882,155,66,3159,0,0,3564.5,0.0,0.0,0.0,0.0,0.0,0.0,0.0,0.06266844042745784,0.00977672855419752
ICEWS14,4560,428,0,233,4393,0,0,3564.5,0.0,0.0,0.0,0.0,0.0,0.0,0.0,0.06266844042745784,0.00977672855419752
ICEWS14,4561,428,224,298,4393,4393,1,1.0,1.0164881230218596,4.0,0.9803906099397734,0.03551198707051684,1.0,0.9999999999990161,0.5177559935352585,0.40025287578551744,0.529102952942965
ICEWS14,4562,4605,42,296,1175,0,0,3564.5,0.0,0.0,0.0,0.0,0.0,0.0,0.0,0.06266844042745784,0.00977672855419752
ICEWS14,4563,195,222,172,6603,6603,1,1.0,0.9057236642639067,1.0,0.9057236642639067,0.0,1.0,0.9999999999988959,0.5,0.29496796079757365,0.44475337628339506
ICEWS14,4564,2313,53,222,3380,0,0,3564.5,0.0,0.0,0.0,0.0,0.0,0.0,0.0,0.06266844042745784,0.00977672855419752
ICEWS14,4565,3320,160,316,3454,3454,1,1.0,0.2073739413062834,1.0,0.9803906099397734,0.0,1.0,0.11826912311833448,0.5,0.31062852746449277,0.2036722863770497
ICEWS14,4566,3320,127,286,1836,1836,1,1.0,0.9803906099397734,1.0,0.9803906099397734,0.0,1.0,0.99999999999898,0.5,0.322779285591777,0.4657625428295966
ICEWS14,4567,3515,103,328,26,0,0,3564.5,0.0,0.0,0.0,0.0,0.0,0.0,0.0,0.06266844042745784,0.00977672855419752
ICEWS14,4568,4785,160,259,6407,0,0,3564.5,0.0,0.0,0.0,0.0,0.0,0.0,0.0,0.06266844042745784,0.00977672855419752
ICEWS14,4569,2655,103,349,359,359,1,1.0,0.9803906099397734,1.0,0.9803906099397734,0.0,1.0,0.99999999999898,0.5,0.322779285591777,0.4657625428295966
ICEWS14,4570,70,169,93,5231,0,0,3564.5,0.0,0.0,0.0,0.0,0.0,0.0,0.0,0.06266844042745784,0.00977672855419752
ICEWS14,4571,4625,160,308,1077,0,0,3564.5,0.0,0.0,0.0,0.0,0.0,0.0,0.0,0.06266844042745784,0.00977672855419752
ICEWS14,4572,3591,103,363,4562,0,0,3564.5,0.0,0.0,0.0,0.0,0.0,0.0,0.0,0.06266844042745784,0.00977672855419752
ICEWS14,4573,6562,53,329,2248,2236,0,3564.0,0.0,1.0,1.0,0.0,0.0,0.0,0.0,0.31444089581150797,0.03619909534280753
ICEWS14,4574,6562,53,338,3341,1846,0,3566.5,0.016736214340397515,1.0,0.8534795977333005,0.0,1.0,0.009901778952997192,0.5,0.2643727185861445,0.15973262284108466
ICEWS14,4575,2510,61,144,4396,0,0,3564.5,0.0,0.0,0.0,0.0,0.0,0.0,0.0,0.06266844042745784,0.00977672855419752
ICEWS14,4576,6566,160,266,2175,3922,0,3569.5,0.011972144932859363,3.0,0.5520447568369061,0.4544862132805718,0.5455137867194282,0.005950452625800606,0.5,0.21833799973534485,0.1475280297130449
ICEWS14,4577,4601,103,189,3884,0,0,3564.5,0.0,0.0,0.0,0.0,0.0,0.0,0.0,0.06266844042745784,0.00977672855419752
ICEWS14,4578,5152,160,296,776,0,0,3564.5,0.0,0.0,0.0,0.0,0.0,0.0,0.0,0.06266844042745784,0.00977672855419752
ICEWS14,4579,6360,142,324,6410,6507,0,3569.5,0.2493215757288394,3.0,0.5412194958693883,0.31558683726106507,0.6844131627389349,0.09110629290176096,0.5,0.21818958163376503,0.1544328255472088
ICEWS14,4580,51,53,189,5091,2694,0,3564.0,1.0,1.0,1.0,0.0,1.0,0.9999999999989999,0.5,0.33030722584940386,0.47130336916752824
ICEWS14,4581,127,155,316,3159,0,0,3564.5,0.0,0.0,0.0,0.0,0.0,0.0,0.0,0.06266844042745784,0.00977672855419752
ICEWS14,4582,6409,163,129,6407,6407,1,1.0,0.3108489722987456,1.0,0.3108489722987456,0.0,1.0,0.9999999999967831,0.5,0.1289960496615907,0.28968304754732827
ICEWS14,4583,5970,6,193,5158,0,0,3564.5,0.0,0.0,0.0,0.0,0.0,0.0,0.0,0.06266844042745784,0.00977672855419752
ICEWS14,4584,308,169,323,4723,2926,0,3565.0,0.6864101813026526,1.0,0.6864101813026526,0.0,1.0,0.9999999999985432,0.5,0.22196742483288057,0.3844369759551559
ICEWS14,4585,5039,38,275,4293,4293,1,1.0,0.1361553979149035,4.0,0.410167678003819,0.28099365430857637,0.7190063456914236,0.13550850314010834,0.5,0.19428689839980545,0.14782150797270416
ICEWS14,4586,5257,169,85,6052,0,0,3564.5,0.0,0.0,0.0,0.0,0.0,0.0,0.0,0.06266844042745784,0.00977672855419752
ICEWS14,4587,5229,53,68,5190,0,0,3564.5,0.0,0.0,0.0,0.0,0.0,0.0,0.0,0.06266844042745784,0.00977672855419752
ICEWS14,4588,1235,56,279,1148,2427,0,3565.0,0.021450318165707895,1.0,0.021450318165707895,0.0,1.0,0.9999999999533807,0.5,0.08203031516405754,0.22700198079995568
ICEWS14,4589,2231,127,63,537,6871,0,3564.0,1.0,1.0,1.0,0.0,1.0,0.9999999999989999,0.5,0.33030722584940386,0.47130336916752824
ICEWS14,4590,4378,6,33,2414,0,0,3564.5,0.0,0.0,0.0,0.0,0.0,0.0,0.0,0.06266844042745784,0.00977672855419752
ICEWS14,4591,6379,56,280,2100,3149,0,3565.0,0.00515432777645662,1.0,0.00515432777645662,0.0,1.0,0.9999999998059882,0.5,0.07991343105417537,0.22377357527804592
ICEWS14,4592,6379,142,323,6962,4545,0,3566.0,0.6170590414632711,1.0,0.7578582832551991,0.0,1.0,0.6866453841024975,0.5,0.24236865336361127,0.3027963063343104
ICEWS14,4593,3186,0,0,959,1272,0,3564.0,1.0,1.0,1.0,0.0,1.0,0.9999999999989999,0.5,0.33030722584940386,0.47130336916752824
ICEWS14,4594,6973,53,74,803;4172,3925,0,3564.5,0.6341329040632923,1.0,0.6341329040632923,0.0,1.0,0.999999999998423,0.5,0.20660711256241318,0.3704984904428978
ICEWS14,4595,4809,155,38,1221,0,0,3564.5,0.0,0.0,0.0,0.0,0.0,0.0,0.0,0.06266844042745784,0.00977672855419752
ICEWS14,4596,6220,158,303,1161,0,0,3564.5,0.0,0.0,0.0,0.0,0.0,0.0,0.0,0.06266844042745784,0.00977672855419752
ICEWS14,4597,6585,222,355,1874,1874,1,1.0,1.830280849636459,3.0,0.9423178739918808,0.3245473357712867,0.6754526642287133,0.5025857944616193,0.5,0.3798154173462891,0.3269044737376269
ICEWS14,4598,2788,53,165,2504,0,0,3564.5,0.0,0.0,0.0,0.0,0.0,0.0,0.0,0.06266844042745784,0.00977672855419752
ICEWS14,4599,3057,159,198,3922,0,0,3564.5,0.0,0.0,0.0,0.0,0.0,0.0,0.0,0.06266844042745784,0.00977672855419752
ICEWS14,4600,4688,53,284,4582,20,0,3565.0,0.012817739937619348,1.0,0.012817739937619348,0.0,1.0,0.9999999999219831,0.5,0.08090263956952297,0.22528769298029022
ICEWS14,4601,4988,156,19,6410,0,0,3564.5,0.0,0.0,0.0,0.0,0.0,0.0,0.0,0.06266844042745784,0.00977672855419752
ICEWS14,4602,4392,53,253,4625,0,0,3564.5,0.0,0.0,0.0,0.0,0.0,0.0,0.0,0.06266844042745784,0.00977672855419752
ICEWS14,4603,5173,160,133,369,4457,0,3566.0,0.015711362157119213,2.0,0.2706097479346942,0.0,1.0,0.014876568775794954,0.5,0.13577513390508317,0.09356714775917033
ICEWS14,4604,6661,160,247,2192,0,0,3564.5,0.0,0.0,0.0,0.0,0.0,0.0,0.0,0.06266844042745784,0.00977672855419752
ICEWS14,4605,973,103,343,846,0,0,3564.5,0.0,0.0,0.0,0.0,0.0,0.0,0.0,0.06266844042745784,0.00977672855419752
ICEWS14,4606,4619,156,252,1156,0,0,3564.5,0.0,0.0,0.0,0.0,0.0,0.0,0.0,0.06266844042745784,0.00977672855419752
ICEWS14,4607,5604,160,139,4408,0,0,3564.5,0.0,0.0,0.0,0.0,0.0,0.0,0.0,0.06266844042745784,0.00977672855419752
ICEWS14,4608,1913,6,154,2442,0,0,3564.5,0.0,0.0,0.0,0.0,0.0,0.0,0.0,0.06266844042745784,0.00977672855419752
ICEWS14,4609,1913,53,96,1954,5182,0,1.0,0.9999999999999999,2.0,1.0,0.0,1.0,0.3466642194594624,0.5,0.3637786750647318,0.27300707547098607
ICEWS14,4610,2584,0,355,1283,6064,0,3565.0,1.0100008047105997,2.0,0.5100008047105996,0.0,1.0,0.9999999999990098,0.5,0.2013169219211385,0.349294828637005
ICEWS14,4611,5438,38,160,4471,0,0,3564.5,0.0,0.0,0.0,0.0,0.0,0.0,0.0,0.06266844042745784,0.00977672855419752
ICEWS14,4612,5438,51,144,820,0,0,3564.5,0.0,0.0,0.0,0.0,0.0,0.0,0.0,0.06266844042745784,0.00977672855419752
ICEWS14,4613,4549,169,145,545,0,0,3564.5,0.0,0.0,0.0,0.0,0.0,0.0,0.0,0.06266844042745784,0.00977672855419752
ICEWS14,4614,5763,224,113,1161,0,0,3564.5,0.0,0.0,0.0,0.0,0.0,0.0,0.0,0.06266844042745784,0.00977672855419752
ICEWS14,4615,3005,13,143,3767,0,0,3564.5,0.0,0.0,0.0,0.0,0.0,0.0,0.0,0.06266844042745784,0.00977672855419752
ICEWS14,4616,5780,160,312,3155,6618,0,2.0,0.35656152421181986,1.0,0.9803906099397734,0.0,1.0,0.22226477157368735,0.5,0.31295397994841273,0.22748857457047192
ICEWS14,4617,236,53,24,4188,0,0,3564.5,0.0,0.0,0.0,0.0,0.0,0.0,0.0,0.06266844042745784,0.00977672855419752
ICEWS14,4618,5094,53,293,4019,3592,0,3565.5,0.7352456893287771,1.0,0.8705505632961241,0.0,1.0,0.7309655663127441,0.5,0.28037383622739237,0.34470924938837005
ICEWS14,4619,5094,156,338,1145,1145,1,1.0,3.133413568161954,6.0,0.9803906099397734,0.6871173917476632,1.0,0.9999999999996808,0.8435586958738316,0.46804717465146145,0.8029403304436362
ICEWS14,4620,2294,156,313,5484,5484,1,1.0,0.9803906099397734,1.0,0.9803906099397734,0.0,1.0,0.99999999999898,0.5,0.322779285591777,0.4657625428295966
ICEWS14,4621,2840,169,43,6856,0,0,3564.5,0.0,0.0,0.0,0.0,0.0,0.0,0.0,0.06266844042745784,0.00977672855419752
ICEWS14,4622,1580,155,278,3262,6410,0,1.0,1.0192248618816924,2.0,1.0,0.0,1.0,0.3464916995760273,0.5,0.36410195848695265,0.2727150741856185
ICEWS14,4623,2419,146,269,1138,0,0,3564.5,0.0,0.0,0.0,0.0,0.0,0.0,0.0,0.06266844042745784,0.00977672855419752
ICEWS14,4624,1843,53,47,2315,0,0,3564.5,0.0,0.0,0.0,0.0,0.0,0.0,0.0,0.06266844042745784,0.00977672855419752
ICEWS14,4625,5872,123,302,1181,0,0,3564.5,0.0,0.0,0.0,0.0,0.0,0.0,0.0,0.06266844042745784,0.00977672855419752
ICEWS14,4626,2484,115,247,4868,0,0,3564.5,0.0,0.0,0.0,0.0,0.0,0.0,0.0,0.06266844042745784,0.00977672855419752
ICEWS14,4627,1015,160,139,4004,0,0,3564.5,0.0,0.0,0.0,0.0,0.0,0.0,0.0,0.06266844042745784,0.00977672855419752
ICEWS14,4628,2739,160,19,3133,0,0,3564.5,0.0,0.0,0.0,0.0,0.0,0.0,0.0,0.06266844042745784,0.00977672855419752
ICEWS14,4629,1220,123,119,5682,0,0,3564.5,0.0,0.0,0.0,0.0,0.0,0.0,0.0,0.06266844042745784,0.00977672855419752
ICEWS14,4630,3958,87,250,6451,0,0,3564.5,0.0,0.0,0.0,0.0,0.0,0.0,0.0,0.06266844042745784,0.00977672855419752
ICEWS14,4631,4888,53,295,545,0,0,3564.5,0.0,0.0,0.0,0.0,0.0,0.0,0.0,0.06266844042745784,0.00977672855419752
ICEWS14,4632,2202,173,11,1145,0,0,3564.5,0.0,0.0,0.0,0.0,0.0,0.0,0.0,0.06266844042745784,0.00977672855419752
ICEWS14,4633,4070,160,293,5453,3262,0,4.0,0.7832464257803018,2.0,0.6597539553864471,0.435989510030537,1.0,0.5032866413084409,0.7179947550152685,0.24158554214725458,0.44039944176228696
ICEWS14,4634,4070,160,272,5453,3262,0,3.0,1.1871795832152603,2.0,1.0,0.4359895100305369,1.0,0.503286641308551,0.7179947550152684,0.36693146171098,0.5355655547159129
ICEWS14,4635,6985,158,347,3415,0,0,3564.5,0.0,0.0,0.0,0.0,0.0,0.0,0.0,0.06266844042745784,0.00977672855419752
ICEWS14,4636,2455,6,46,6411,0,0,3564.5,0.0,0.0,0.0,0.0,0.0,0.0,0.0,0.06266844042745784,0.00977672855419752
ICEWS14,4637,5907,53,244,6504,4689,0,3565.5,0.7911749646659751,1.0,0.8042490800314893,0.0,1.0,0.9680074774835,0.5,0.259326299493793,0.40552690344747655
ICEWS14,4638,1839,160,197,2473,2473,1,1.0,1.089209430351789,2.0,0.9803906099397734,0.09990624151763872,1.0,0.9999999999990818,0.5499531207588193,0.3577074121548031,0.5360366840466633
ICEWS14,4639,5193,160,122,1514,0,0,3564.5,0.0,0.0,0.0,0.0,0.0,0.0,0.0,0.06266844042745784,0.00977672855419752
ICEWS14,4640,7099,155,74,146,0,0,3564.5,0.0,0.0,0.0,0.0,0.0,0.0,0.0,0.06266844042745784,0.00977672855419752
ICEWS14,4641,2251,53,216,2278,0,0,3564.5,0.0,0.0,0.0,0.0,0.0,0.0,0.0,0.06266844042745784,0.00977672855419752
ICEWS14,4642,4867,16,55,6888,0,0,3564.5,0.0,0.0,0.0,0.0,0.0,0.0,0.0,0.06266844042745784,0.00977672855419752
ICEWS14,4643,3305,127,5,6831,6122,0,3564.0,1.0,1.0,1.0,0.0,1.0,0.9999999999989999,0.5,0.33030722584940386,0.47130336916752824
ICEWS14,4644,5587,53,70,2104,1564,0,3564.0,1.0,1.0,1.0,0.0,1.0,0.9999999999989999,0.5,0.33030722584940386,0.47130336916752824
ICEWS14,4645,2281,155,25,3155,0,0,3564.5,0.0,0.0,0.0,0.0,0.0,0.0,0.0,0.06266844042745784,0.00977672855419752
ICEWS14,4646,1955,127,194,2581,4304,0,3564.0,1.0,1.0,1.0,0.0,1.0,0.9999999999989999,0.5,0.33030722584940386,0.47130336916752824
ICEWS14,4647,2902,18,320,6785,0,0,3564.5,0.0,0.0,0.0,0.0,0.0,0.0,0.0,0.06266844042745784,0.00977672855419752
ICEWS14,4648,5990,38,278,7051,0,0,3564.5,0.0,0.0,0.0,0.0,0.0,0.0,0.0,0.06266844042745784,0.00977672855419752
ICEWS14,4649,5218,160,93,5370,2445,0,3564.0,0.820335356007638,1.0,0.820335356007638,0.0,1.0,0.999999999998781,0.5,0.2649414893329813,0.4209715227834553
ICEWS14,4650,3721,38,211,4596,0,0,3564.5,0.0,0.0,0.0,0.0,0.0,0.0,0.0,0.06266844042745784,0.00977672855419752
ICEWS14,4651,4577,160,133,158,971,0,3565.5,0.013869331857704642,1.0,0.18210685593674916,0.0,1.0,0.03958771040380273,0.5,0.10462740465928427,0.08153946187349236
ICEWS14,4652,5558,227,203,1146,0,0,3564.5,0.0,0.0,0.0,0.0,0.0,0.0,0.0,0.06266844042745784,0.00977672855419752
ICEWS14,4653,1694,53,36,2315,1955,0,3564.0,1.0,1.0,1.0,0.0,1.0,0.9999999999989999,0.5,0.33030722584940386,0.47130336916752824
ICEWS14,4654,7070,56,141,5807,0,0,3564.5,0.0,0.0,0.0,0.0,0.0,0.0,0.0,0.06266844042745784,0.00977672855419752
ICEWS14,4655,1714,160,340,1077,2648,0,3565.0,0.4528618321319533,1.0,0.4528618321319533,0.0,1.0,0.9999999999977919,0.5,0.1595005152804708,0.3239286307236654
ICEWS14,4656,3776,127,187,246,3155,0,3564.0,1.0,1.0,1.0,0.0,1.0,0.9999999999989999,0.5,0.33030722584940386,0.47130336916752824
ICEWS14,4657,4498,222,48,1141,0,0,3564.5,0.0,0.0,0.0,0.0,0.0,0.0,0.0,0.06266844042745784,0.00977672855419752
ICEWS14,4658,3337,10,320,1148,0,0,3564.5,0.0,0.0,0.0,0.0,0.0,0.0,0.0,0.06266844042745784,0.00977672855419752
ICEWS14,4659,4202,56,225,3769,0,0,3564.5,0.0,0.0,0.0,0.0,0.0,0.0,0.0,0.06266844042745784,0.00977672855419752
ICEWS14,4660,6254,169,244,4393,0,0,3564.5,0.0,0.0,0.0,0.0,0.0,0.0,0.0,0.06266844042745784,0.00977672855419752
ICEWS14,4661,1499,12,341,839,0,0,3564.5,0.0,0.0,0.0,0.0,0.0,0.0,0.0,0.06266844042745784,0.00977672855419752
ICEWS14,4662,860,155,77,6407,0,0,3564.5,0.0,0.0,0.0,0.0,0.0,0.0,0.0,0.06266844042745784,0.00977672855419752
ICEWS14,4663,4150,160,23,2547,3982,0,3564.0,1.0,1.0,1.0,0.0,1.0,0.9999999999989999,0.5,0.33030722584940386,0.47130336916752824
ICEWS14,4664,4501,160,34,4453,0,0,3564.5,0.0,0.0,0.0,0.0,0.0,0.0,0.0,0.06266844042745784,0.00977672855419752
ICEWS14,4665,5319,57,27,4383,0,0,3564.5,0.0,0.0,0.0,0.0,0.0,0.0,0.0,0.06266844042745784,0.00977672855419752
ICEWS14,4666,6765,42,38,4172,0,0,3564.5,0.0,0.0,0.0,0.0,0.0,0.0,0.0,0.06266844042745784,0.00977672855419752
ICEWS14,4667,2271,142,75,4694,0,0,3564.5,0.0,0.0,0.0,0.0,0.0,0.0,0.0,0.06266844042745784,0.00977672855419752
ICEWS14,4668,5482,160,58,4472,0,0,3564.5,0.0,0.0,0.0,0.0,0.0,0.0,0.0,0.06266844042745784,0.00977672855419752
ICEWS14,4669,1932,160,334,6412,2305,0,3565.0,0.9238395952400507,1.0,0.9238395952400507,0.0,1.0,0.9999999999989175,0.5,0.3015872178185898,0.44983546847777767
ICEWS14,4670,3501,61,121,5182,5182,1,1.0,0.9803906099397734,1.0,0.9803906099397734,0.0,1.0,0.99999999999898,0.5,0.322779285591777,0.4657625428295966
ICEWS14,4671,6531,160,83,4942,0,0,3564.5,0.0,0.0,0.0,0.0,0.0,0.0,0.0,0.06266844042745784,0.00977672855419752
ICEWS14,4672,4720,77,306,4047,0,0,3564.5,0.0,0.0,0.0,0.0,0.0,0.0,0.0,0.06266844042745784,0.00977672855419752
ICEWS14,4673,2975,160,161,5401,0,0,3564.5,0.0,0.0,0.0,0.0,0.0,0.0,0.0,0.06266844042745784,0.00977672855419752
ICEWS14,4674,1139,123,306,1696,0,0,3564.5,0.0,0.0,0.0,0.0,0.0,0.0,0.0,0.06266844042745784,0.00977672855419752
ICEWS14,4675,2069,160,324,7038,1077,0,3565.0,0.043758718103237663,1.0,0.043758718103237663,0.0,1.0,0.9999999999771474,0.5,0.08501101918765337,0.2314746144679537
ICEWS14,4676,2253,127,151,3155,3155,1,1.0,1.9325057125296854,3.0,0.9803906099397734,0.4926842370590335,1.0,0.9999999999994825,0.7463421185295167,0.3967065224072643,0.7241816347375445
ICEWS14,4677,4447,53,153,2773,0,0,3564.5,0.0,0.0,0.0,0.0,0.0,0.0,0.0,0.06266844042745784,0.00977672855419752
ICEWS14,4678,5079,156,170,2442,0,0,3564.5,0.0,0.0,0.0,0.0,0.0,0.0,0.0,0.06266844042745784,0.00977672855419752
ICEWS14,4679,724,160,325,3155,3155,1,1.0,2.4365271527391563,22.0,0.8042490800314893,0.542831442901931,0.7517256658972222,0.5540951296275797,0.6472785543995766,0.49007710320439224,0.5215463927410023
ICEWS14,4680,316,150,254,4769,673,0,2.0,0.2706097479346943,2.0,0.2706097479346942,0.0,1.0,0.3377486972980175,0.5,0.1379625563326877,0.13943528439138506
ICEWS14,4681,2625,169,43,1599,0,0,3564.5,0.0,0.0,0.0,0.0,0.0,0.0,0.0,0.06266844042745784,0.00977672855419752
ICEWS14,4682,2625,160,100,18,4319,0,2.0,0.3136137981460606,1.0,0.8879629756445782,0.0,1.0,0.21446433134797122,0.5,0.280072080230142,0.20720468227884933
ICEWS14,4683,2708,53,215,6293,2336,0,3566.0,0.21526770404445095,1.0,0.6095068271022377,0.0,1.0,0.21446433134790427,0.5,0.1951121307320617,0.1585195566991942
ICEWS14,4684,2708,155,348,3495,1077,0,3565.5,0.009361137239696154,1.0,0.014723716781123131,0.0,1.0,0.4660459593399865,0.5,0.08112135296467753,0.11867831071916349
ICEWS14,4685,1452,38,308,6495,6495,1,1.0,0.8218573839239504,1.0,0.9803906099397734,0.0,1.0,0.7216087309593112,0.5,0.32026706293270024,0.37056452392596867
ICEWS14,4686,2639,127,299,6284,3262,0,3565.0,0.018673586562038092,1.0,0.018673586562038092,0.0,1.0,0.9999999999464485,0.5,0.08166603725352284,0.22644956427257218
ICEWS14,4687,2639,127,121,5513,3262,0,3565.0,0.6341329040632923,1.0,0.6341329040632923,0.0,1.0,0.999999999998423,0.5,0.20660711256241318,0.3704984904428978
ICEWS14,4688,4138,160,62,6411,2798,0,3565.0,0.3364750481580891,1.0,0.3364750481580891,0.0,1.0,0.999999999997028,0.5,0.13410638824326268,0.2957029479271288
ICEWS14,4689,5777,156,123,1145,1145,1,1.0,0.9803906099397734,1.0,0.9803906099397734,0.0,1.0,0.99999999999898,0.5,0.322779285591777,0.4657625428295966
ICEWS14,4690,1190,160,57,929,0,0,3564.5,0.0,0.0,0.0,0.0,0.0,0.0,0.0,0.06266844042745784,0.00977672855419752
ICEWS14,4691,5486,53,35,3563,0,0,3564.5,0.0,0.0,0.0,0.0,0.0,0.0,0.0,0.06266844042745784,0.00977672855419752
ICEWS14,4692,5452,6,107,3704,0,0,3564.5,0.0,0.0,0.0,0.0,0.0,0.0,0.0,0.06266844042745784,0.00977672855419752
ICEWS14,4693,5452,150,45,452,0,0,3564.5,0.0,0.0,0.0,0.0,0.0,0.0,0.0,0.06266844042745784,0.00977672855419752
ICEWS14,4694,6437,160,251,566,4807,0,3565.5,0.03956016083057988,1.0,0.05549768597778612,0.0,1.0,0.5537907735837229,0.5,0.08652711493946887,0.13810279803704523
ICEWS14,4695,31,61,99,2445,2445,1,1.0,1.9034836220499618,2.0,0.9611657480580811,0.0,1.0,0.9999999999994746,0.5,0.36393111393573263,0.46547953521913227
ICEWS14,4696,6993,6,311,4051,0,0,3564.5,0.0,0.0,0.0,0.0,0.0,0.0,0.0,0.06266844042745784,0.00977672855419752
ICEWS14,4697,5072,160,215,2442,0,0,3564.5,0.0,0.0,0.0,0.0,0.0,0.0,0.0,0.06266844042745784,0.00977672855419752
ICEWS14,4698,6480,170,37,5456,0,0,3564.5,0.0,0.0,0.0,0.0,0.0,0.0,0.0,0.06266844042745784,0.00977672855419752
ICEWS14,4699,5436,38,11,7004,4255,0,3564.0,1.0,1.0,1.0,0.0,1.0,0.9999999999989999,0.5,0.33030722584940386,0.47130336916752824
ICEWS14,4700,6996,42,192,2744,0,0,3564.5,0.0,0.0,0.0,0.0,0.0,0.0,0.0,0.06266844042745784,0.00977672855419752
ICEWS14,4701,5372,150,305,1464,0,0,3564.5,0.0,0.0,0.0,0.0,0.0,0.0,0.0,0.06266844042745784,0.00977672855419752
ICEWS14,4702,5782,6,342,5219,0,0,3564.5,0.0,0.0,0.0,0.0,0.0,0.0,0.0,0.06266844042745784,0.00977672855419752
ICEWS14,4703,1949,90,130,146,0,0,3564.5,0.0,0.0,0.0,0.0,0.0,0.0,0.0,0.06266844042745784,0.00977672855419752
ICEWS14,4704,5420,160,153,6635,0,0,3564.5,0.0,0.0,0.0,0.0,0.0,0.0,0.0,0.06266844042745784,0.00977672855419752
ICEWS14,4705,2430,169,275,5036,0,0,3564.5,0.0,0.0,0.0,0.0,0.0,0.0,0.0,0.06266844042745784,0.00977672855419752
ICEWS14,4706,4612,127,313,3155,3155,1,1.0,0.9611657480580811,1.0,0.9611657480580811,0.0,1.0,0.9999999999989596,0.5,0.3154870741711184,0.4603385493265481
ICEWS14,4707,1070,6,89,5495,0,0,3564.5,0.0,0.0,0.0,0.0,0.0,0.0,0.0,0.06266844042745784,0.00977672855419752
ICEWS14,4708,5681,170,158,4416,4416,1,1.0,1.1023754468060947,2.0,0.9238395952400507,0.16195557700719365,1.0,0.9999999999990928,0.5809777885035968,0.336487494101415,0.551049873408169
ICEWS14,4709,5681,170,198,2242,4416,0,3565.5,0.20328527890271486,3.0,0.46191979762002533,0.08412070373744363,0.9158792962625564,0.11825774326248194,0.5,0.19587671261311232,0.1392169034489774
ICEWS14,4710,4280,86,336,2445,0,0,3564.5,0.0,0.0,0.0,0.0,0.0,0.0,0.0,0.06266844042745784,0.00977672855419752
ICEWS14,4711,5080,61,273,2427,0,0,3564.5,0.0,0.0,0.0,0.0,0.0,0.0,0.0,0.06266844042745784,0.00977672855419752
ICEWS14,4712,341,53,135,5992,0,0,3564.5,0.0,0.0,0.0,0.0,0.0,0.0,0.0,0.06266844042745784,0.00977672855419752
ICEWS14,4713,1926,103,147,3866,0,0,3564.5,0.0,0.0,0.0,0.0,0.0,0.0,0.0,0.06266844042745784,0.00977672855419752
ICEWS14,4714,1969,155,223,4304,0,0,3564.5,0.0,0.0,0.0,0.0,0.0,0.0,0.0,0.06266844042745784,0.00977672855419752
ICEWS14,4715,585,97,249,3159,0,0,3564.5,0.0,0.0,0.0,0.0,0.0,0.0,0.0,0.06266844042745784,0.00977672855419752
ICEWS14,4716,334,142,164,6381,0,0,3564.5,0.0,0.0,0.0,0.0,0.0,0.0,0.0,0.06266844042745784,0.00977672855419752
ICEWS14,4717,998,60,148,4847,4847,1,1.0,0.9415563579978545,2.0,0.9803906099397734,0.49504911052349854,0.5049508894765015,0.32008781862619035,0.5,0.3552468799832572,0.29097910586532655
ICEWS14,4718,199,39,232,6599,0,0,3564.5,0.0,0.0,0.0,0.0,0.0,0.0,0.0,0.06266844042745784,0.00977672855419752
ICEWS14,4719,2598,156,12,4431,0,0,3564.5,0.0,0.0,0.0,0.0,0.0,0.0,0.0,0.06266844042745784,0.00977672855419752
ICEWS14,4720,6865,53,198,5447,0,0,3564.5,0.0,0.0,0.0,0.0,0.0,0.0,0.0,0.06266844042745784,0.00977672855419752
ICEWS14,4721,437,224,299,4514,0,0,3564.5,0.0,0.0,0.0,0.0,0.0,0.0,0.0,0.06266844042745784,0.00977672855419752
ICEWS14,4722,3859,156,240,1128,0,0,3564.5,0.0,0.0,0.0,0.0,0.0,0.0,0.0,0.06266844042745784,0.00977672855419752
ICEWS14,4723,5192,160,348,4408,0,0,3564.5,0.0,0.0,0.0,0.0,0.0,0.0,0.0,0.06266844042745784,0.00977672855419752
ICEWS14,4724,7054,150,320,3262,0,0,3564.5,0.0,0.0,0.0,0.0,0.0,0.0,0.0,0.06266844042745784,0.00977672855419752
ICEWS14,4725,649,56,293,680,1122,0,3566.0,0.5191560250965364,1.0,0.6216979445974911,0.0,1.0,0.7168288447392765,0.5,0.20186855754503638,0.2794292350491353
ICEWS14,4726,2456,127,23,5358,0,0,3564.5,0.0,0.0,0.0,0.0,0.0,0.0,0.0,0.06266844042745784,0.00977672855419752
ICEWS14,4727,4084,160,27,25,244,0,3565.0,0.7884782461155736,1.0,0.7884782461155736,0.0,1.0,0.9999999999987318,0.5,0.25425331949001234,0.41218592304193796
ICEWS14,4728,1599,207,266,6026,0,0,3564.5,0.0,0.0,0.0,0.0,0.0,0.0,0.0,0.06266844042745784,0.00977672855419752
ICEWS14,4729,4868,115,247,2484,0,0,3564.5,0.0,0.0,0.0,0.0,0.0,0.0,0.0,0.06266844042745784,0.00977672855419752
ICEWS14,4730,4552,160,340,812,0,0,3564.5,0.0,0.0,0.0,0.0,0.0,0.0,0.0,0.06266844042745784,0.00977672855419752
ICEWS14,4731,1086,103,203,5228,0,0,3564.5,0.0,0.0,0.0,0.0,0.0,0.0,0.0,0.06266844042745784,0.00977672855419752
ICEWS14,4732,2704,160,174,3262,3262,1,1.0,1.4839939369987472,2.0,0.8705505632961241,0.0,1.0,0.8091289041401016,0.5,0.3229118937103608,0.37840439325181513
ICEWS14,4733,2704,56,110,4474,1171,0,3564.0,1.0,1.0,1.0,0.0,1.0,0.9999999999989999,0.5,0.33030722584940386,0.47130336916752824
ICEWS14,4734,1389,53,228,18,3154,0,3567.0,0.15669753070256381,2.0,0.1326516279166716,0.38805466953545387,1.0,0.5660153576048886,0.6940273347677269,0.11190715785843453,0.3014602975084468
ICEWS14,4735,1389,150,128,6890,6890,1,1.0,0.9803906099397734,1.0,0.9803906099397734,0.0,1.0,0.99999999999898,0.5,0.322779285591777,0.4657625428295966
ICEWS14,4736,1389,145,347,2461,3155,0,3565.0,0.776554651697021,2.0,0.7730166686334901,0.004556000090655932,1.0,0.9999999999987123,0.502278000045328,0.27788148795531487,0.42980604981283577
ICEWS14,4737,4810,155,27,6043,0,0,3564.5,0.0,0.0,0.0,0.0,0.0,0.0,0.0,0.06266844042745784,0.00977672855419752
ICEWS14,4738,6000,159,62,3155,0,0,3564.5,0.0,0.0,0.0,0.0,0.0,0.0,0.0,0.06266844042745784,0.00977672855419752
ICEWS14,4739,2937,160,250,2442,0,0,3564.5,0.0,0.0,0.0,0.0,0.0,0.0,0.0,0.06266844042745784,0.00977672855419752
ICEWS14,4740,6485,166,282,4304,0,0,3564.5,0.0,0.0,0.0,0.0,0.0,0.0,0.0,0.06266844042745784,0.00977672855419752
ICEWS14,4741,6485,53,294,6699,0,0,3564.5,0.0,0.0,0.0,0.0,0.0,0.0,0.0,0.06266844042745784,0.00977672855419752
ICEWS14,4742,1753,156,300,4137,0,0,3564.5,0.0,0.0,0.0,0.0,0.0,0.0,0.0,0.06266844042745784,0.00977672855419752
ICEWS14,4743,6833,169,239,5239,0,0,3564.5,0.0,0.0,0.0,0.0,0.0,0.0,0.0,0.06266844042745784,0.00977672855419752
ICEWS14,4744,2891,156,48,5484,0,0,3564.5,0.0,0.0,0.0,0.0,0.0,0.0,0.0,0.06266844042745784,0.00977672855419752
ICEWS14,4745,3765,169,324,1076,0,0,3564.5,0.0,0.0,0.0,0.0,0.0,0.0,0.0,0.06266844042745784,0.00977672855419752
ICEWS14,4746,6310,53,215,509,4569,0,3565.5,0.22536005480888832,1.0,0.25,0.0,1.0,0.8205654667286222,0.5,0.11733835258194171,0.22723885217226752
ICEWS14,4747,4163,127,103,3007,0,0,3564.5,0.0,0.0,0.0,0.0,0.0,0.0,0.0,0.06266844042745784,0.00977672855419752
ICEWS14,4748,6232,160,351,4304,0,0,3564.5,0.0,0.0,0.0,0.0,0.0,0.0,0.0,0.06266844042745784,0.00977672855419752
ICEWS14,4749,2230,127,176,3819,0,0,3564.5,0.0,0.0,0.0,0.0,0.0,0.0,0.0,0.06266844042745784,0.00977672855419752
ICEWS14,4750,20,53,330,1624,7082,0,3567.5,0.8499053716274504,2.0,0.6597539553864471,0.4900991917739814,1.0,0.4890504927839195,0.7450495958869907,0.24247386555562292,0.4621290533660711
ICEWS14,4751,3976,155,184,4319,0,0,3564.5,0.0,0.0,0.0,0.0,0.0,0.0,0.0,0.06266844042745784,0.00977672855419752
ICEWS14,4752,6987,160,197,4847,4847,1,1.0,0.015928554946032236,1.0,0.410167678003819,0.0,1.0,0.019801616452012748,0.5,0.1461502435641607,0.10182811321282662
ICEWS14,4753,6496,56,42,2461,0,0,3564.5,0.0,0.0,0.0,0.0,0.0,0.0,0.0,0.06266844042745784,0.00977672855419752
ICEWS14,4754,695,160,151,3159,0,0,3564.5,0.0,0.0,0.0,0.0,0.0,0.0,0.0,0.06266844042745784,0.00977672855419752
ICEWS14,4755,4314,6,168,6986,0,0,3564.5,0.0,0.0,0.0,0.0,0.0,0.0,0.0,0.06266844042745784,0.00977672855419752
ICEWS14,4756,553,160,363,3678,0,0,3564.5,0.0,0.0,0.0,0.0,0.0,0.0,0.0,0.06266844042745784,0.00977672855419752
ICEWS14,4757,2292,160,233,2083,0,0,3564.5,0.0,0.0,0.0,0.0,0.0,0.0,0.0,0.06266844042745784,0.00977672855419752
ICEWS14,4758,3179,6,342,4290,0,0,3564.5,0.0,0.0,0.0,0.0,0.0,0.0,0.0,0.06266844042745784,0.00977672855419752
ICEWS14,4759,6627,170,84,5441,0,0,3564.5,0.0,0.0,0.0,0.0,0.0,0.0,0.0,0.06266844042745784,0.00977672855419752
ICEWS14,4760,279,53,231,3271,0,0,3564.5,0.0,0.0,0.0,0.0,0.0,0.0,0.0,0.06266844042745784,0.00977672855419752
ICEWS14,4761,5981,169,175,1077,0,0,3564.5,0.0,0.0,0.0,0.0,0.0,0.0,0.0,0.06266844042745784,0.00977672855419752
ICEWS14,4762,5063,207,181,2336,2336,1,1.0,0.9238395952400507,1.0,0.9238395952400507,0.0,1.0,0.9999999999989175,0.5,0.3015872178185898,0.44983546847777767
ICEWS14,4763,5818,224,173,4401,4401,1,1.0,0.35707170313208786,1.0,0.35707170313208786,0.0,1.0,0.9999999999971995,0.5,0.13833688060616584,0.3005935857694559
ICEWS14,4764,5621,160,126,6160,0,0,3564.5,0.0,0.0,0.0,0.0,0.0,0.0,0.0,0.06266844042745784,0.00977672855419752
ICEWS14,4765,3882,56,176,4425,0,0,3564.5,0.0,0.0,0.0,0.0,0.0,0.0,0.0,0.06266844042745784,0.00977672855419752
ICEWS14,4766,5413,53,144,4019,0,0,3564.5,0.0,0.0,0.0,0.0,0.0,0.0,0.0,0.06266844042745784,0.00977672855419752
ICEWS14,4767,3660,98,139,2790,2790,1,1.0,1.578673760580085,2.0,0.9057236642639067,0.4262755948188447,1.0,0.9999999999993665,0.7131377974094224,0.3374459998853653,0.6688422681830405
ICEWS14,4768,3451,53,176,4004,4004,1,1.0,0.4805828740290406,1.0,0.4805828740290406,0.0,1.0,0.9999999999979192,0.5,0.16609551667127687,0.3308553242867397
ICEWS14,4769,3409,56,233,3511,0,0,3564.5,0.0,0.0,0.0,0.0,0.0,0.0,0.0,0.06266844042745784,0.00977672855419752
ICEWS14,4770,5819,0,96,5924,0,0,3564.5,0.0,0.0,0.0,0.0,0.0,0.0,0.0,0.06266844042745784,0.00977672855419752
ICEWS14,4771,1705,160,278,6890,3635,0,1.0,0.2421417167448009,1.0,1.0,0.0,1.0,0.13774814446148953,0.5,0.3182450169395814,0.21181276761675918
ICEWS14,4772,2453,162,337,6293,0,0,3564.5,0.0,0.0,0.0,0.0,0.0,0.0,0.0,0.06266844042745784,0.00977672855419752
ICEWS14,4773,922,160,272,1077,6374,0,3566.0,0.04498446201022108,1.0,0.17503487241295065,0.0,1.0,0.1474488103618271,0.5,0.10373410758862028,0.09312711802195413
ICEWS14,4774,922,160,51,3066,0,0,3564.5,0.0,0.0,0.0,0.0,0.0,0.0,0.0,0.06266844042745784,0.00977672855419752
ICEWS14,4775,478,0,96,1161,1161,1,1.0,0.8879629756445782,1.0,0.8879629756445782,0.0,1.0,0.9999999999988739,0.5,0.28856128263442826,0.4397821273454182
ICEWS14,4776,4536,224,155,1148,0,0,3564.5,0.0,0.0,0.0,0.0,0.0,0.0,0.0,0.06266844042745784,0.00977672855419752
ICEWS14,4777,1751,53,236,6411,2083,0,3565.5,0.8857714582420066,1.0,0.9423178739918808,0.0,1.0,0.8867785817732317,0.5,0.30754949545253846,0.41567488435770567
ICEWS14,4778,3554,160,196,3262,5246,0,3565.5,0.0,1.0,0.11321545803298837,0.0,0.0,0.0,0.0,0.09422520587864497,0.012811724122341536
ICEWS14,4779,1566,160,15,3686,0,0,3564.5,0.0,0.0,0.0,0.0,0.0,0.0,0.0,0.06266844042745784,0.00977672855419752
ICEWS14,4780,2223,160,64,927,0,0,3564.5,0.0,0.0,0.0,0.0,0.0,0.0,0.0,0.06266844042745784,0.00977672855419752
ICEWS14,4781,1361,61,166,2442,0,0,3564.5,0.0,0.0,0.0,0.0,0.0,0.0,0.0,0.06266844042745784,0.00977672855419752
ICEWS14,4782,1361,143,118,1161,0,0,3564.5,0.0,0.0,0.0,0.0,0.0,0.0,0.0,0.06266844042745784,0.00977672855419752
ICEWS14,4783,1222,160,67,2461,5197,0,3565.0,0.8534795977333005,1.0,0.8534795977333005,0.0,1.0,0.9999999999988284,0.5,0.2763618672396552,0.4301654414766957
ICEWS14,4784,5472,53,327,6258,0,0,3564.5,0.0,0.0,0.0,0.0,0.0,0.0,0.0,0.06266844042745784,0.00977672855419752
ICEWS14,4785,1539,160,266,5497,0,0,3564.5,0.0,0.0,0.0,0.0,0.0,0.0,0.0,0.06266844042745784,0.00977672855419752
ICEWS14,4786,533,56,238,2300,2290,0,1.5,1.9238395952400504,4.0,1.0,0.2587057088323217,0.7412942911676783,0.33129936189028436,0.5,0.4241668799156483,0.2927580657195131
ICEWS14,4787,1892,160,20,2266,0,0,3564.5,0.0,0.0,0.0,0.0,0.0,0.0,0.0,0.06266844042745784,0.00977672855419752
ICEWS14,4788,5684,86,135,1077,1077,1,1.0,1.8850053432981317,2.0,0.9611657480580811,0.4900991917739814,1.0,0.9999999999994694,0.7450495958869907,0.3636204451189505,0.7073872413905911
ICEWS14,4789,1675,160,127,5444,5965,0,3565.0,0.18946457081379975,1.0,0.18946457081379975,0.0,1.0,0.9999999999947219,0.5,0.10699895921937853,0.2621808300626494
ICEWS14,4790,5223,156,19,1640,0,0,3564.5,0.0,0.0,0.0,0.0,0.0,0.0,0.0,0.06266844042745784,0.00977672855419752
ICEWS14,4791,2420,56,315,2097,4723,0,3566.5,0.21576121236684076,1.0,0.6341329040632923,0.0,1.0,0.2049978814685269,0.5,0.20166969778986044,0.16063646220572145
ICEWS14,4792,7085,160,130,146,0,0,3564.5,0.0,0.0,0.0,0.0,0.0,0.0,0.0,0.06266844042745784,0.00977672855419752
ICEWS14,4793,2705,123,259,3884,0,0,3564.5,0.0,0.0,0.0,0.0,0.0,0.0,0.0,0.06266844042745784,0.00977672855419752
ICEWS14,4794,2705,133,86,2202,0,0,3564.5,0.0,0.0,0.0,0.0,0.0,0.0,0.0,0.06266844042745784,0.00977672855419752
ICEWS14,4795,921,169,289,3515,3515,1,1.0,0.9803906099397734,1.0,0.9803906099397734,0.0,1.0,0.99999999999898,0.5,0.322779285591777,0.4657625428295966
ICEWS14,4796,3979,169,232,253,1943,0,3565.0,0.0663258139583358,1.0,0.0663258139583358,0.0,1.0,0.9999999999849228,0.5,0.08812592314613878,0.23606140126666775
ICEWS14,4797,5940,47,6,327,0,0,3564.5,0.0,0.0,0.0,0.0,0.0,0.0,0.0,0.06266844042745784,0.00977672855419752
ICEWS14,4798,4389,160,106,6058,0,0,3564.5,0.0,0.0,0.0,0.0,0.0,0.0,0.0,0.06266844042745784,0.00977672855419752
ICEWS14,4799,2527,90,203,6232,0,0,3564.5,0.0,0.0,0.0,0.0,0.0,0.0,0.0,0.06266844042745784,0.00977672855419752
ICEWS14,4800,3086,224,228,3159,3159,1,1.0,1.5872763437602846,3.0,0.9803906099397734,0.3904203621391833,1.0,0.9741861788328411,0.6952101810695916,0.39072031670165974,0.6763619951531804
ICEWS14,4801,3086,154,245,4089,0,0,3564.5,0.0,0.0,0.0,0.0,0.0,0.0,0.0,0.06266844042745784,0.00977672855419752
ICEWS14,4802,5991,169,16,6284,0,0,3564.5,0.0,0.0,0.0,0.0,0.0,0.0,0.0,0.06266844042745784,0.00977672855419752
ICEWS14,4803,4299,160,327,1077,1077,1,1.0,1.8827127745900625,6.0,0.9803906099397734,0.3235943097276185,0.6764056902723815,0.5096456899636106,0.5,0.44550729058215205,0.36382965290084807
ICEWS14,4804,1181,129,340,5395,0,0,3564.5,0.0,0.0,0.0,0.0,0.0,0.0,0.0,0.06266844042745784,0.00977672855419752
ICEWS14,4805,2985,0,114,1145,0,0,3564.5,0.0,0.0,0.0,0.0,0.0,0.0,0.0,0.06266844042745784,0.00977672855419752
ICEWS14,4806,4895,6,134,6110,0,0,3564.5,0.0,0.0,0.0,0.0,0.0,0.0,0.0,0.06266844042745784,0.00977672855419752
ICEWS14,4807,7013,42,289,2427,0,0,3564.5,0.0,0.0,0.0,0.0,0.0,0.0,0.0,0.06266844042745784,0.00977672855419752
ICEWS14,4808,7013,56,257,315,5455,0,3565.0,0.1971195615288934,1.0,0.1971195615288934,0.0,1.0,0.999999999994927,0.5,0.10828256789865794,0.26386462578130054
ICEWS14,4809,2050,160,174,146,0,0,3564.5,0.0,0.0,0.0,0.0,0.0,0.0,0.0,0.06266844042745784,0.00977672855419752
ICEWS14,4810,6905,53,54,2482,0,0,3564.5,0.0,0.0,0.0,0.0,0.0,0.0,0.0,0.06266844042745784,0.00977672855419752
ICEWS14,4811,6936,160,195,4196,0,0,3564.5,0.0,0.0,0.0,0.0,0.0,0.0,0.0,0.06266844042745784,0.00977672855419752
ICEWS14,4812,6994,42,97,4097,0,0,3564.5,0.0,0.0,0.0,0.0,0.0,0.0,0.0,0.06266844042745784,0.00977672855419752
ICEWS14,4813,6994,6,62,5994,4097,0,3565.0,0.9238395952400507,1.0,0.9238395952400507,0.0,1.0,0.9999999999989175,0.5,0.3015872178185898,0.44983546847777767
ICEWS14,4814,2432,53,288,2688,0,0,3564.5,0.0,0.0,0.0,0.0,0.0,0.0,0.0,0.06266844042745784,0.00977672855419752
ICEWS14,4815,5491,154,346,4290,0,0,3564.5,0.0,0.0,0.0,0.0,0.0,0.0,0.0,0.06266844042745784,0.00977672855419752
ICEWS14,4816,385,61,327,6635,2560,0,3565.0,0.24029143701452027,1.0,0.24029143701452027,0.0,1.0,0.9999999999958383,0.5,0.11577746170011739,0.2734896902354329
ICEWS14,4817,385,156,320,4009,4043,0,3564.0,1.0,1.0,1.0,0.0,1.0,0.9999999999989999,0.5,0.33030722584940386,0.47130336916752824
ICEWS14,4818,1163,56,131,711,0,0,3564.5,0.0,0.0,0.0,0.0,0.0,0.0,0.0,0.06266844042745784,0.00977672855419752
ICEWS14,4819,3490,155,93,146,0,0,3564.5,0.0,0.0,0.0,0.0,0.0,0.0,0.0,0.06266844042745784,0.00977672855419752
ICEWS14,4820,5469,38,104,870,460,0,3565.0,0.3789291416275995,1.0,0.3789291416275995,0.0,1.0,0.999999999997361,0.5,0.14294827657300818,0.30583366651247434
ICEWS14,4821,6372,53,70,5370,0,0,3564.5,0.0,0.0,0.0,0.0,0.0,0.0,0.0,0.06266844042745784,0.00977672855419752
ICEWS14,4822,655,160,318,6771,0,0,3564.5,0.0,0.0,0.0,0.0,0.0,0.0,0.0,0.06266844042745784,0.00977672855419752
ICEWS14,4823,1242,160,66,3922,6890,0,3564.0,1.0,1.0,1.0,0.0,1.0,0.9999999999989999,0.5,0.33030722584940386,0.47130336916752824
ICEWS14,4824,660,156,44,1540,1540,1,1.0,0.9803906099397734,1.0,0.9803906099397734,0.0,1.0,0.99999999999898,0.5,0.322779285591777,0.4657625428295966
ICEWS14,4825,3870,160,124,5362,1077,0,3565.0,0.5751352556530137,2.0,0.46191979762002533,0.19685014424031877,1.0,0.9999999999982613,0.5984250721201594,0.1839041401765545,0.4396746133103011
ICEWS14,4826,4404,53,64,6410,0,0,3564.5,0.0,0.0,0.0,0.0,0.0,0.0,0.0,0.06266844042745784,0.00977672855419752
ICEWS14,4827,657,146,303,1145,0,0,3564.5,0.0,0.0,0.0,0.0,0.0,0.0,0.0,0.06266844042745784,0.00977672855419752
ICEWS14,4828,657,56,104,1928,4019,0,3565.0,0.18946457081379975,1.0,0.18946457081379975,0.0,1.0,0.9999999999947219,0.5,0.10699895921937853,0.2621808300626494
ICEWS14,4829,2258,160,226,5736,0,0,3564.5,0.0,0.0,0.0,0.0,0.0,0.0,0.0,0.06266844042745784,0.00977672855419752
ICEWS14,4830,1124,6,135,3687,0,0,3564.5,0.0,0.0,0.0,0.0,0.0,0.0,0.0,0.06266844042745784,0.00977672855419752
ICEWS14,4831,1392,56,350,1874,5484,0,3566.0,0.39270144043326843,1.0,0.5202016416109183,0.0,1.0,0.6062997115184265,0.5,0.1745591012381071,0.22780143747489953
ICEWS14,4832,5760,155,20,6644,0,0,3564.5,0.0,0.0,0.0,0.0,0.0,0.0,0.0,0.06266844042745784,0.00977672855419752
ICEWS14,4833,3800,6,289,1121,0,0,3564.5,0.0,0.0,0.0,0.0,0.0,0.0,0.0,0.06266844042745784,0.00977672855419752
ICEWS14,4834,3499,86,149,2458,0,0,3564.5,0.0,0.0,0.0,0.0,0.0,0.0,0.0,0.06266844042745784,0.00977672855419752
ICEWS14,4835,128,53,189,2243,6291,0,3565.0,0.04290063633141579,1.0,0.04290063633141579,0.0,1.0,0.9999999999766903,0.5,0.08489457283930717,0.2313014434561041
ICEWS14,4836,4241,46,306,2202,2207,0,1.0,1.01847827875183,2.0,1.0,0.0,1.0,0.35534623958550504,0.5,0.36408940172490784,0.2752724067212936
ICEWS14,4837,5743,34,287,3308,0,0,3564.5,0.0,0.0,0.0,0.0,0.0,0.0,0.0,0.06266844042745784,0.00977672855419752
ICEWS14,4838,2517,160,98,5036,6623,0,3565.0,0.3789291416275995,1.0,0.3789291416275995,0.0,1.0,0.999999999997361,0.5,0.14294827657300818,0.30583366651247434
ICEWS14,4839,2517,53,289,1755,0,0,3564.5,0.0,0.0,0.0,0.0,0.0,0.0,0.0,0.06266844042745784,0.00977672855419752
ICEWS14,4840,1891,168,17,1135,0,0,3564.5,0.0,0.0,0.0,0.0,0.0,0.0,0.0,0.06266844042745784,0.00977672855419752
ICEWS14,4841,5989,156,300,6785,6785,1,1.0,0.08085207284143715,1.0,0.08085207284143715,0.0,1.0,0.9999999999876317,0.5,0.09018515291645886,0.23904691745973597
ICEWS14,4842,3176,0,299,4393,0,0,3564.5,0.0,0.0,0.0,0.0,0.0,0.0,0.0,0.06266844042745784,0.00977672855419752
ICEWS14,4843,3281,53,43,3984,6317,0,3564.5,0.42565082250148245,1.0,1.0,0.0,1.0,0.2703662113747399,0.5,0.32114427468672263,0.24344963009727164
ICEWS14,4844,4574,142,80,5111,0,0,3564.5,0.0,0.0,0.0,0.0,0.0,0.0,0.0,0.06266844042745784,0.00977672855419752
ICEWS14,4845,4574,155,146,6328,6328,1,1.0,0.12500000000000003,1.0,0.12500000000000003,0.0,1.0,0.999999999992,0.5,0.09671181062605465,0.24827842752571233
ICEWS14,4846,278,127,337,6284,4160,0,3565.0,0.0,1.0,1.0,0.0,0.0,0.0,0.0,0.31444089581150797,0.03619909534280753
ICEWS14,4847,278,155,339,6284,2678,0,3565.5,0.01668854607897166,1.0,0.021450318165707895,0.0,1.0,0.6366736081560255,0.5,0.08200427158152297,0.1479730122296898
ICEWS14,4848,4145,176,206,1145,0,0,3564.5,0.0,0.0,0.0,0.0,0.0,0.0,0.0,0.06266844042745784,0.00977672855419752
ICEWS14,4849,4792,58,235,4068,0,0,3564.5,0.0,0.0,0.0,0.0,0.0,0.0,0.0,0.06266844042745784,0.00977672855419752
ICEWS14,4850,16,129,250,1176,0,0,3564.5,0.0,0.0,0.0,0.0,0.0,0.0,0.0,0.06266844042745784,0.00977672855419752
ICEWS14,4851,7098,127,44,6284,134,0,3565.0,0.5306065116666864,1.0,0.5306065116666864,0.0,1.0,0.9999999999981154,0.5,0.17854620422891862,0.3435407242122205
ICEWS14,4852,3205,224,31,4407,4407,1,1.0,1.8480415382557875,2.0,0.9423178739918808,0.4900991917739813,1.0,0.9999999999994589,0.7450495958869907,0.35573964479482784,0.7031810982059378
ICEWS14,4853,623,6,91,2625,0,0,3564.5,0.0,0.0,0.0,0.0,0.0,0.0,0.0,0.06266844042745784,0.00977672855419752
ICEWS14,4854,286,160,120,2442,2442,1,1.0,0.6341329040632923,1.0,0.6341329040632923,0.0,1.0,0.999999999998423,0.5,0.20660711256241318,0.3704984904428978
ICEWS14,4855,6170,160,167,711,0,0,3564.5,0.0,0.0,0.0,0.0,0.0,0.0,0.0,0.06266844042745784,0.00977672855419752
ICEWS14,4856,5267,56,329,2603,0,0,3564.5,0.0,0.0,0.0,0.0,0.0,0.0,0.0,0.06266844042745784,0.00977672855419752
ICEWS14,4857,2597,160,139,3372,0,0,3564.5,0.0,0.0,0.0,0.0,0.0,0.0,0.0,0.06266844042745784,0.00977672855419752
ICEWS14,4858,2240,105,97,1720,0,0,3564.5,0.0,0.0,0.0,0.0,0.0,0.0,0.0,0.06266844042745784,0.00977672855419752
ICEWS14,4859,4497,174,293,1296,0,0,3564.5,0.0,0.0,0.0,0.0,0.0,0.0,0.0,0.06266844042745784,0.00977672855419752
ICEWS14,4860,2915,156,265,6504,0,0,3564.5,0.0,0.0,0.0,0.0,0.0,0.0,0.0,0.06266844042745784,0.00977672855419752
ICEWS14,4861,1554,53,157,6871,5880,0,3565.5,0.13841270276828083,1.0,0.24509765248494336,0.0,1.0,0.3934609099530264,0.5,0.11584304252638461,0.13679748946063836
ICEWS14,4862,4881,222,336,1188,0,0,3564.5,0.0,0.0,0.0,0.0,0.0,0.0,0.0,0.06266844042745784,0.00977672855419752
ICEWS14,4863,1198,160,79,2413,0,0,3564.5,0.0,0.0,0.0,0.0,0.0,0.0,0.0,0.06266844042745784,0.00977672855419752
ICEWS14,4864,3532,156,187,1148,0,0,3564.5,0.0,0.0,0.0,0.0,0.0,0.0,0.0,0.06266844042745784,0.00977672855419752
ICEWS14,4865,3532,205,318,7013,0,0,3564.5,0.0,0.0,0.0,0.0,0.0,0.0,0.0,0.06266844042745784,0.00977672855419752
ICEWS14,4866,3845,207,56,5963,0,0,3564.5,0.0,0.0,0.0,0.0,0.0,0.0,0.0,0.06266844042745784,0.00977672855419752
ICEWS14,4867,2127,156,91,4377,0,0,3564.5,0.0,0.0,0.0,0.0,0.0,0.0,0.0,0.06266844042745784,0.00977672855419752
ICEWS14,4868,6690,53,275,5911,0,0,3564.5,0.0,0.0,0.0,0.0,0.0,0.0,0.0,0.06266844042745784,0.00977672855419752
ICEWS14,4869,422,224,233,4383,4375,0,3565.5,0.13482697636436222,4.0,0.07618835338777971,0.5372830371325819,0.7864294236143391,0.4014030750318952,0.6618562303734605,0.12118420972777055,0.2471834416971631
ICEWS14,4870,6116,160,249,2624,2446,0,3565.0,0.14645927135455744,1.0,0.14645927135455744,0.0,1.0,0.9999999999931721,0.5,0.10003424736113496,0.25285097409365986
ICEWS14,4871,4206,61,244,4599,0,0,3564.5,0.0,0.0,0.0,0.0,0.0,0.0,0.0,0.06266844042745784,0.00977672855419752
ICEWS14,4872,2662,103,327,7109,0,0,3564.5,0.0,0.0,0.0,0.0,0.0,0.0,0.0,0.06266844042745784,0.00977672855419752
ICEWS14,4873,484,224,136,1077,0,0,3564.5,0.0,0.0,0.0,0.0,0.0,0.0,0.0,0.06266844042745784,0.00977672855419752
ICEWS14,4874,801,160,146,2442,1446,0,3565.0,0.6729500963161781,1.0,0.6729500963161781,0.0,1.0,0.9999999999985141,0.5,0.2179359588887146,0.38082894991170574
ICEWS14,4875,3410,160,96,6284,711,0,3565.0,0.20508383900190946,1.0,0.20508383900190946,0.0,1.0,0.9999999999951239,0.5,0.1096323789025809,0.26562379890760296
ICEWS14,4876,4060,156,184,3262,6890,0,3565.5,0.43321673132559063,1.0,0.4805828740290406,0.0,1.0,0.8205654667300557,0.5,0.16561948557265985,0.276703903509194
ICEWS14,4877,5477,53,106,3155,3155,1,1.0,0.9611657480580811,1.0,0.9611657480580811,0.0,1.0,0.9999999999989596,0.5,0.3154870741711184,0.4603385493265481
ICEWS14,4878,4596,169,187,3873,0,0,3564.5,0.0,0.0,0.0,0.0,0.0,0.0,0.0,0.06266844042745784,0.00977672855419752
ICEWS14,4879,6929,160,261,2100,2266,0,3566.0,0.524678835450376,1.0,0.7141434062641757,0.0,1.0,0.5806487423301255,0.5,0.22800924997000946,0.2623365907738095
ICEWS14,4880,2236,53,265,6052,2419,0,3565.5,0.28735870429433474,2.0,0.7884782461155736,0.08498197269000085,0.9150180273099991,0.20010256725866682,0.5,0.27594564170105557,0.20191655021500873
ICEWS14,4881,1828,38,128,4407,4407,1,1.0,0.9611657480580811,1.0,0.9611657480580811,0.0,1.0,0.9999999999989596,0.5,0.3154870741711184,0.4603385493265481
ICEWS14,4882,1828,160,149,4407,4407,1,1.0,0.1313510191597006,2.0,0.0663258139583358,0.0,1.0,0.9999999999923868,0.5,0.10117682824241095,0.250124883795042
ICEWS14,4883,6478,224,248,195,0,0,3564.5,0.0,0.0,0.0,0.0,0.0,0.0,0.0,0.06266844042745784,0.00977672855419752
ICEWS14,4884,5894,53,338,3919,0,0,3564.5,0.0,0.0,0.0,0.0,0.0,0.0,0.0,0.06266844042745784,0.00977672855419752
ICEWS14,4885,4705,160,292,3155,3155,1,1.0,0.7562141821060582,3.0,0.7001394896518027,0.07415186567658294,1.0,0.9999999999986776,0.5370759328382915,0.27417556647432756,0.458425762946101
ICEWS14,4886,3733,53,184,6293,567,0,1.5,0.0,1.0,0.9423178739918808,0.0,0.0,0.0,0.0,0.29401865650632836,0.03386334533859431
ICEWS14,4887,5979,156,134,6504,6504,1,1.0,0.9803906099397734,1.0,0.9803906099397734,0.0,1.0,0.99999999999898,0.5,0.322779285591777,0.4657625428295966
ICEWS14,4888,6445,38,68,1161,1161,1,1.0,1.2807182412999432,2.0,0.8705505632961241,0.32026379009601236,1.0,0.9999999999992191,0.6601318950480062,0.3196918273867034,0.6128112925782218
ICEWS14,4889,2600,127,271,3495,0,0,3564.5,0.0,0.0,0.0,0.0,0.0,0.0,0.0,0.06266844042745784,0.00977672855419752
ICEWS14,4890,2095,156,229,6795,2547,0,3564.0,1.0,1.0,1.0,0.0,1.0,0.9999999999989999,0.5,0.33030722584940386,0.47130336916752824
ICEWS14,4891,5802,156,195,5137,0,0,3564.5,0.0,0.0,0.0,0.0,0.0,0.0,0.0,0.06266844042745784,0.00977672855419752
ICEWS14,4892,3830,155,135,669,3159,0,3565.0,0.9238395952400507,1.0,0.9238395952400507,0.0,1.0,0.9999999999989175,0.5,0.3015872178185898,0.44983546847777767
ICEWS14,4893,1219,6,237,7026,0,0,3564.5,0.0,0.0,0.0,0.0,0.0,0.0,0.0,0.06266844042745784,0.00977672855419752
ICEWS14,4894,4247,191,76,6354,6354,1,1.0,0.17202119783696934,1.0,0.7578582832551991,0.0,1.0,0.1280209799388311,0.5,0.23648179222855883,0.16606047716213482
ICEWS14,4895,4247,107,170,3410,0,0,3564.5,0.0,0.0,0.0,0.0,0.0,0.0,0.0,0.06266844042745784,0.00977672855419752
ICEWS14,4896,794,53,251,1626,0,0,3564.5,0.0,0.0,0.0,0.0,0.0,0.0,0.0,0.06266844042745784,0.00977672855419752
ICEWS14,4897,4703,6,244,545,0,0,3564.5,0.0,0.0,0.0,0.0,0.0,0.0,0.0,0.06266844042745784,0.00977672855419752
ICEWS14,4898,5082,160,141,776,0,0,3564.5,0.0,0.0,0.0,0.0,0.0,0.0,0.0,0.06266844042745784,0.00977672855419752
ICEWS14,4899,1114,56,92,6365,0,0,3564.5,0.0,0.0,0.0,0.0,0.0,0.0,0.0,0.06266844042745784,0.00977672855419752
ICEWS14,4900,2270,18,159,1182,0,0,3564.5,0.0,0.0,0.0,0.0,0.0,0.0,0.0,0.06266844042745784,0.00977672855419752
ICEWS14,4901,4192,156,198,1150,1150,1,1.0,0.02563547987523869,1.0,0.02563547987523869,0.0,1.0,0.9999999999609916,0.5,0.08258216048426878,0.22783639441724376
ICEWS14,4902,512,207,331,1709,0,0,3564.5,0.0,0.0,0.0,0.0,0.0,0.0,0.0,0.06266844042745784,0.00977672855419752
ICEWS14,4903,6353,155,233,5037,1077,0,3565.5,0.0,1.0,0.9423178739918808,0.0,0.0,0.0,0.0,0.29401865650632836,0.03386334533859431
ICEWS14,4904,741,103,37,3155,3155,1,1.0,2.8838742319897355,3.0,0.9803906099397734,0.32675415021192744,1.0,0.9999999999996532,0.6633770751059638,0.413358900658724,0.6363444182337974
ICEWS14,4905,78,16,332,4545,0,0,3564.5,0.0,0.0,0.0,0.0,0.0,0.0,0.0,0.06266844042745784,0.00977672855419752
ICEWS14,4906,3370,155,351,362,362,1,1.0,0.656454752555229,2.0,0.6597539553864471,0.03812239013122165,0.9618776098687783,0.9176698141647452,0.5,0.23990199626236663,0.3709864320848973
ICEWS14,4907,521,55,162,3819,0,0,3564.5,0.0,0.0,0.0,0.0,0.0,0.0,0.0,0.06266844042745784,0.00977672855419752
ICEWS14,4908,1469,224,342,1128,4373,0,2.0,0.37101928123148237,2.0,0.8042490800314893,0.009811114895043715,0.9901888851049563,0.29600640302254294,0.5,0.28247873277243646,0.22367602355539937
ICEWS14,4909,1469,154,235,1128,1128,1,1.0,0.02423260608839187,2.0,0.01307411536551412,0.46047423385563946,1.0,0.9999999999587333,0.7302371169278197,0.09270102798829735,0.45097284111111013
ICEWS14,4910,6519,160,323,5484,3940,0,3566.0,0.17169463934425244,1.0,0.2871745887492588,0.0,1.0,0.4264068154573893,0.5,0.1235122379751831,0.14852918908631424
ICEWS14,4911,685,156,258,1130,1130,1,1.0,0.39423912305778674,1.0,0.39423912305778674,0.0,1.0,0.9999999999974635,0.5,0.1462540641936299,0.3095343206735588
ICEWS14,4912,3926,142,258,7038,7038,1,1.0,1.8441399969601466,2.0,0.9803906099397734,0.470328596005128,1.0,0.9926780198793066,0.735164298002564,0.37040299421801437,0.7019562713688746
ICEWS14,4913,3926,115,105,3262,3262,1,1.0,0.9803906099397734,1.0,0.9803906099397734,0.0,1.0,0.99999999999898,0.5,0.322779285591777,0.4657625428295966
ICEWS14,4914,1519,6,105,1182,0,0,3564.5,0.0,0.0,0.0,0.0,0.0,0.0,0.0,0.06266844042745784,0.00977672855419752
ICEWS14,4915,6172,53,277,4473,0,0,3564.5,0.0,0.0,0.0,0.0,0.0,0.0,0.0,0.06266844042745784,0.00977672855419752
ICEWS14,4916,1653,160,337,4740,4587,0,3568.0,0.4855229626379799,1.0,0.8879629756445782,0.0,1.0,0.3762568491453261,0.5,0.28259694895616316,0.24624432285651124
ICEWS14,4917,5089,157,334,1161,0,0,3564.5,0.0,0.0,0.0,0.0,0.0,0.0,0.0,0.06266844042745784,0.00977672855419752
ICEWS14,4918,1826,155,195,714,6568,0,3565.0,0.21763764082403103,1.0,0.21763764082403103,0.0,1.0,0.9999999999954052,0.5,0.111789991328187,0.2684118736914383
ICEWS14,4919,2450,139,341,2083,0,0,3564.5,0.0,0.0,0.0,0.0,0.0,0.0,0.0,0.06266844042745784,0.00977672855419752
ICEWS14,4920,1355,12,43,3162,0,0,3564.5,0.0,0.0,0.0,0.0,0.0,0.0,0.0,0.06266844042745784,0.00977672855419752
ICEWS14,4921,1844,53,120,6293,0,0,3564.5,0.0,0.0,0.0,0.0,0.0,0.0,0.0,0.06266844042745784,0.00977672855419752
ICEWS14,4922,2446,160,5,3341,0,0,3564.5,0.0,0.0,0.0,0.0,0.0,0.0,0.0,0.06266844042745784,0.00977672855419752
ICEWS14,4923,875,222,239,244,0,0,3564.5,0.0,0.0,0.0,0.0,0.0,0.0,0.0,0.06266844042745784,0.00977672855419752
ICEWS14,4924,1786,155,172,6504,0,0,3564.5,0.0,0.0,0.0,0.0,0.0,0.0,0.0,0.06266844042745784,0.00977672855419752
ICEWS14,4925,5653,160,19,146,0,0,3564.5,0.0,0.0,0.0,0.0,0.0,0.0,0.0,0.06266844042745784,0.00977672855419752
ICEWS14,4926,322,156,230,1173,0,0,3564.5,0.0,0.0,0.0,0.0,0.0,0.0,0.0,0.06266844042745784,0.00977672855419752
ICEWS14,4927,6450,160,175,2290,2417,0,3565.0,0.18210685593674916,1.0,0.18210685593674916,0.0,1.0,0.9999999999945087,0.5,0.1057778406217173,0.2605689662876457
ICEWS14,4928,5901,127,135,4594,0,0,3564.5,0.0,0.0,0.0,0.0,0.0,0.0,0.0,0.06266844042745784,0.00977672855419752
ICEWS14,4929,5582,18,47,1161,0,0,3564.5,0.0,0.0,0.0,0.0,0.0,0.0,0.0,0.06266844042745784,0.00977672855419752
ICEWS14,4930,1611,160,217,6566,4581,0,3567.0,0.025174852465423947,2.0,0.7730166686334901,0.05561918274703315,0.9443808172529669,0.015618007575952166,0.5,0.2670626733607197,0.160864922707886
ICEWS14,4931,605,229,286,5480,0,0,3564.5,0.0,0.0,0.0,0.0,0.0,0.0,0.0,0.06266844042745784,0.00977672855419752
ICEWS14,4932,1881,142,105,734,0,0,3564.5,0.0,0.0,0.0,0.0,0.0,0.0,0.0,0.06266844042745784,0.00977672855419752
ICEWS14,4933,2341,155,244,925,3014,0,3564.0,1.0,1.0,1.0,0.0,1.0,0.9999999999989999,0.5,0.33030722584940386,0.47130336916752824
ICEWS14,4934,5588,156,177,1146,0,0,3564.5,0.0,0.0,0.0,0.0,0.0,0.0,0.0,0.06266844042745784,0.00977672855419752
ICEWS14,4935,4491,222,70,927,0,0,3564.5,0.0,0.0,0.0,0.0,0.0,0.0,0.0,0.06266844042745784,0.00977672855419752
ICEWS14,4936,1133,52,127,1771,0,0,3564.5,0.0,0.0,0.0,0.0,0.0,0.0,0.0,0.06266844042745784,0.00977672855419752
ICEWS14,4937,4961,156,124,1161,0,0,3564.5,0.0,0.0,0.0,0.0,0.0,0.0,0.0,0.06266844042745784,0.00977672855419752
ICEWS14,4938,1422,143,186,1123,0,0,3564.5,0.0,0.0,0.0,0.0,0.0,0.0,0.0,0.06266844042745784,0.00977672855419752
ICEWS14,4939,1422,38,326,5234,0,0,3564.5,0.0,0.0,0.0,0.0,0.0,0.0,0.0,0.06266844042745784,0.00977672855419752
ICEWS14,4940,1641,131,184,5147,0,0,3564.5,0.0,0.0,0.0,0.0,0.0,0.0,0.0,0.06266844042745784,0.00977672855419752
ICEWS14,4941,64,207,343,2442,2442,1,1.0,0.012112531936972159,2.0,0.008128150650170597,0.32894702012216626,1.0,0.9999999999174408,0.6644735100610831,0.09193385202253597,0.3832930202665347
ICEWS14,4942,2434,207,111,5351,0,0,3564.5,0.0,0.0,0.0,0.0,0.0,0.0,0.0,0.06266844042745784,0.00977672855419752
ICEWS14,4943,6298,18,21,1883,0,0,3564.5,0.0,0.0,0.0,0.0,0.0,0.0,0.0,0.06266844042745784,0.00977672855419752
ICEWS14,4944,5920,115,149,3450,0,0,3564.5,0.0,0.0,0.0,0.0,0.0,0.0,0.0,0.06266844042745784,0.00977672855419752
ICEWS14,4945,2261,53,280,2315,0,0,3564.5,0.0,0.0,0.0,0.0,0.0,0.0,0.0,0.06266844042745784,0.00977672855419752
ICEWS14,4946,5071,53,314,4004,0,0,3564.5,0.0,0.0,0.0,0.0,0.0,0.0,0.0,0.06266844042745784,0.00977672855419752
ICEWS14,4947,4697,160,210,5441,448,0,3565.0,0.8042490800314893,1.0,0.8042490800314893,0.0,1.0,0.9999999999987567,0.5,0.2595087635138871,0.4165286020128027
ICEWS14,4948,4866,160,141,6888,0,0,3564.5,0.0,0.0,0.0,0.0,0.0,0.0,0.0,0.06266844042745784,0.00977672855419752
ICEWS14,4949,4670,87,346,3326,3326,1,1.0,0.9803906099397734,1.0,0.9803906099397734,0.0,1.0,0.99999999999898,0.5,0.322779285591777,0.4657625428295966
ICEWS14,4950,881,107,301,1180,0,0,3564.5,0.0,0.0,0.0,0.0,0.0,0.0,0.0,0.06266844042745784,0.00977672855419752
ICEWS14,4951,2814,6,230,1161,4769,0,3565.0,0.7730166686334901,1.0,0.7730166686334901,0.0,1.0,0.9999999999987064,0.5,0.24916949626846113,0.4079416265083591
ICEWS14,4952,6789,160,186,2437,0,0,3564.5,0.0,0.0,0.0,0.0,0.0,0.0,0.0,0.06266844042745784,0.00977672855419752
ICEWS14,4953,3587,156,303,5537,0,0,3564.5,0.0,0.0,0.0,0.0,0.0,0.0,0.0,0.06266844042745784,0.00977672855419752
ICEWS14,4954,6567,127,222,3341,0,0,3564.5,0.0,0.0,0.0,0.0,0.0,0.0,0.0,0.06266844042745784,0.00977672855419752
ICEWS14,4955,1520,224,260,1185,1185,1,1.0,0.2803120856714511,5.0,0.20508383900190946,0.08782574969298473,0.9121742503070153,0.4593856273419725,0.5,0.15596206116414157,0.17374249561992575
ICEWS14,4956,4333,127,223,346,0,0,3564.5,0.0,0.0,0.0,0.0,0.0,0.0,0.0,0.06266844042745784,0.00977672855419752
ICEWS14,4957,6343,160,121,3262,0,0,3564.5,0.0,0.0,0.0,0.0,0.0,0.0,0.0,0.06266844042745784,0.00977672855419752
ICEWS14,4958,1956,222,271,4484,0,0,3564.5,0.0,0.0,0.0,0.0,0.0,0.0,0.0,0.06266844042745784,0.00977672855419752
ICEWS14,4959,1801,160,173,816,2582,0,2.0,0.0394501577177756,1.0,0.30475341355111885,0.0,1.0,0.06920392276140552,0.5,0.12567221890006403,0.09678864247807384
ICEWS14,4960,227,156,156,1150,0,0,3564.5,0.0,0.0,0.0,0.0,0.0,0.0,0.0,0.06266844042745784,0.00977672855419752
ICEWS14,4961,2416,156,115,2278,0,0,3564.5,0.0,0.0,0.0,0.0,0.0,0.0,0.0,0.06266844042745784,0.00977672855419752
ICEWS14,4962,7071,160,16,13,0,0,3564.5,0.0,0.0,0.0,0.0,0.0,0.0,0.0,0.06266844042745784,0.00977672855419752
ICEWS14,4963,47,169,168,1163,0,0,3564.5,0.0,0.0,0.0,0.0,0.0,0.0,0.0,0.06266844042745784,0.00977672855419752
ICEWS14,4964,5426,202,85,1125,0,0,3564.5,0.0,0.0,0.0,0.0,0.0,0.0,0.0,0.06266844042745784,0.00977672855419752
ICEWS14,4965,3294,155,210,4304,4304,1,1.0,1.832771799345349,2.0,0.9803906099397734,0.0,1.0,0.9449923542924047,0.5,0.37021043050746505,0.4525579119379483
ICEWS14,4966,2555,222,263,1287,244,0,3565.0,0.13801118920922653,1.0,0.13801118920922653,0.0,1.0,0.9999999999927541,0.5,0.09871432973651542,0.2510442267182567
ICEWS14,4967,1958,155,189,3159,0,0,3564.5,0.0,0.0,0.0,0.0,0.0,0.0,0.0,0.06266844042745784,0.00977672855419752
ICEWS14,4968,4248,38,225,1146,0,0,3564.5,0.0,0.0,0.0,0.0,0.0,0.0,0.0,0.06266844042745784,0.00977672855419752
ICEWS14,4969,3215,191,93,5258,0,0,3564.5,0.0,0.0,0.0,0.0,0.0,0.0,0.0,0.06266844042745784,0.00977672855419752
ICEWS14,4970,786,160,201,5450,5450,1,1.0,1.2657448741050379,3.0,0.9423178739918808,0.2555230573948327,1.0,0.9999999999992099,0.6277615286974163,0.37020413008852465,0.6150407891850413
ICEWS14,4971,3969,155,173,362,661,0,3565.0,0.05889486712449256,1.0,0.05889486712449256,0.0,1.0,0.9999999999830206,0.5,0.08708901932804096,0.23454414815863858
ICEWS14,4972,3910,160,91,6284,956,0,3565.0,0.5629059642240658,2.0,0.3364750481580891,0.40225353870268366,1.0,0.9999999999982235,0.7011267693513419,0.1543497063728854,0.508848905422376
ICEWS14,4973,1794,142,170,3380,6773,0,3565.0,0.6864101813026526,1.0,0.6864101813026526,0.0,1.0,0.9999999999985432,0.5,0.22196742483288057,0.3844369759551559
ICEWS14,4974,5759,53,348,1759,3988,0,3566.5,0.5975547699852188,2.0,0.6597539553864471,0.0,1.0,0.31170330317452155,0.5,0.23912265601617047,0.1958982135347571
ICEWS14,4975,2688,169,115,4579,0,0,3564.5,0.0,0.0,0.0,0.0,0.0,0.0,0.0,0.06266844042745784,0.00977672855419752
ICEWS14,4976,5784,6,117,1145,0,0,3564.5,0.0,0.0,0.0,0.0,0.0,0.0,0.0,0.06266844042745784,0.00977672855419752
ICEWS14,4977,6400,160,202,2446,0,0,3564.5,0.0,0.0,0.0,0.0,0.0,0.0,0.0,0.06266844042745784,0.00977672855419752
ICEWS14,4978,3557,53,294,4203,0,0,3564.5,0.0,0.0,0.0,0.0,0.0,0.0,0.0,0.06266844042745784,0.00977672855419752
ICEWS14,4979,426,39,362,3155,0,0,3564.5,0.0,0.0,0.0,0.0,0.0,0.0,0.0,0.06266844042745784,0.00977672855419752
ICEWS14,4980,4822,158,173,3159,0,0,3564.5,0.0,0.0,0.0,0.0,0.0,0.0,0.0,0.06266844042745784,0.00977672855419752
ICEWS14,4981,2654,123,207,1128,0,0,3564.5,0.0,0.0,0.0,0.0,0.0,0.0,0.0,0.06266844042745784,0.00977672855419752
ICEWS14,4982,6493,56,69,2455,2455,1,1.0,0.7001394896518027,1.0,0.7001394896518027,0.0,1.0,0.9999999999985717,0.5,0.22613414722036768,0.38813031045024166
ICEWS14,4983,5369,42,288,5091,5091,1,1.0,0.03963330650395579,1.0,0.03963330650395579,0.0,1.0,0.9999999999747687,0.5,0.08445250198780313,0.23064288708847522
ICEWS14,4984,4789,155,290,4319,0,0,3564.5,0.0,0.0,0.0,0.0,0.0,0.0,0.0,0.06266844042745784,0.00977672855419752
ICEWS14,4985,2660,155,315,1077,362,0,3565.5,0.09269855107826097,1.0,0.16170414568287425,0.0,1.0,0.40179730150251763,0.5,0.10199576509903922,0.12707032251772435
ICEWS14,4986,6351,103,59,4702,0,0,3564.5,0.0,0.0,0.0,0.0,0.0,0.0,0.0,0.06266844042745784,0.00977672855419752
ICEWS14,4987,5159,38,124,3947,1478,0,3564.0,1.0,1.0,1.0,0.0,1.0,0.9999999999989999,0.5,0.33030722584940386,0.47130336916752824
ICEWS14,4988,5133,86,244,2445,0,0,3564.5,0.0,0.0,0.0,0.0,0.0,0.0,0.0,0.06266844042745784,0.00977672855419752
ICEWS14,4989,4666,38,35,1134,0,0,3564.5,0.0,0.0,0.0,0.0,0.0,0.0,0.0,0.06266844042745784,0.00977672855419752
ICEWS14,4990,5952,208,180,1145,0,0,3564.5,0.0,0.0,0.0,0.0,0.0,0.0,0.0,0.06266844042745784,0.00977672855419752
ICEWS14,4991,6036,6,118,1133,0,0,3564.5,0.0,0.0,0.0,0.0,0.0,0.0,0.0,0.06266844042745784,0.00977672855419752
ICEWS14,4992,5667,170,14,5457,0,0,3564.5,0.0,0.0,0.0,0.0,0.0,0.0,0.0,0.06266844042745784,0.00977672855419752
ICEWS14,4993,1853,169,211,3262,0,0,3564.5,0.0,0.0,0.0,0.0,0.0,0.0,0.0,0.06266844042745784,0.00977672855419752
ICEWS14,4994,2824,169,262,4417,0,0,3564.5,0.0,0.0,0.0,0.0,0.0,0.0,0.0,0.06266844042745784,0.00977672855419752
ICEWS14,4995,1400,160,303,3749,0,0,3564.5,0.0,0.0,0.0,0.0,0.0,0.0,0.0,0.06266844042745784,0.00977672855419752
ICEWS14,4996,462,224,311,1167,1167,1,1.0,0.7672328317689143,2.0,0.9423178739918808,0.09300500750789464,0.9069949924921054,0.5853802962661387,0.5,0.33795591367015393,0.3405584149209093
ICEWS14,4997,3460,53,118,1946,0,0,3564.5,0.0,0.0,0.0,0.0,0.0,0.0,0.0,0.06266844042745784,0.00977672855419752
ICEWS14,4998,2065,53,259,6310,3250,0,3565.0,0.01759645438894309,1.0,0.01759645438894309,0.0,1.0,0.9999999999431705,0.5,0.08152512602857008,0.22623553045886569
ICEWS14,4999,3585,53,118,2378,0,0,3564.5,0.0,0.0,0.0,0.0,0.0,0.0,0.0,0.06266844042745784,0.00977672855419752
