dataset,query_id,subject,relation,timestamp,answers,winner,correct,rank,margin,support,recency,diversity,fragility_cost,counter_evidence_cost,certificate,belief_baseline,belief_stability
ICEWS05-15,0,1741,222,394,2189,1784,0,5245.5,0.002542821151842356,2.0,0.004857015192167901,0.0,1.0,0.15231259125884186,0.5,0.1606379569476731,0.09655823837493314
ICEWS05-15,1,1741,137,1641,5437,7914,0,2.0,0.4475437048086359,31.0,0.820335356007638,0.28569646299091733,0.7143035370090827,0.24200211615771025,0.5,0.41611871667682815,0.30166098409881176
ICEWS05-15,2,1741,64,1574,7914,7914,1,1.0,0.47998455234364745,20.0,0.8705505632961241,0.17431213793535671,0.8256878620646433,0.294707183442477,0.5,0.40641160557018197,0.31609641041714437
ICEWS05-15,3,1741,64,3535,1759,1376,0,5256.5,0.08097710953643224,3.0,0.11547994940500633,1.1102230246251565e-16,0.9999999999999999,0.5399093451194836,0.5,0.18537813676354215,0.18508848107664186
ICEWS05-15,4,1741,245,3972,2189,7914,0,5.0,6.318685666614839,326.0,0.9057236642639067,0.7465307002133096,0.9010860180437669,0.806530667998795,0.8238083591285382,0.7073201652001392,0.807331684770182
ICEWS05-15,5,1741,245,76,7914,7914,1,1.0,7.500616130062479,11.0,0.9238395952400507,0.691446228760147,0.9537432108588323,0.876053001721794,0.8225947198094896,0.5792935424943829,0.7179615209593948
ICEWS05-15,6,1741,245,561,7914,7914,1,1.0,5.142948560406319,62.0,0.8879629756445782,0.6777076310727372,0.8350985132723472,0.6729508263764645,0.7564030721725422,0.59480541568626,0.6722477632291713
ICEWS05-15,7,1741,245,3587,7914,7914,1,1.0,4.3699640215987285,293.0,0.6216979445974911,0.6770302734213134,0.8400263574633288,0.6925555946741757,0.758528315442321,0.5943494879001495,0.6828163406454898
ICEWS05-15,8,1741,245,3944,7914,7914,1,1.0,7.810801819488712,323.0,0.8705505632961241,0.72672271187199,0.9626437125973182,0.9184457538053378,0.8446832122346541,0.7332536246314798,0.8332854434871085
ICEWS05-15,9,1741,245,1312,7914,7914,1,1.0,4.585596780559999,125.0,0.5858370854182298,0.6303224526390259,0.9970323957984004,0.9932313110037403,0.8136774242187131,0.5474876953185449,0.7697588046579323
ICEWS05-15,10,1741,245,3444,7914,7914,1,1.0,4.1193285242701,278.0,0.8534795977333005,0.641665295559735,0.8899386930735792,0.7751202430953532,0.7658019943166571,0.6361788019212548,0.7612007561547673
ICEWS05-15,11,1741,45,3776,9744,5437,0,13.0,0.037724128704019165,2.0,0.03809417669388987,0.0,1.0,0.9807588483374622,0.5,0.16538043138972272,0.2785897391461896
ICEWS05-15,12,1741,6,683,7914,7914,1,1.0,0.05776078781385996,28.0,0.836743383392903,0.3429253376430378,0.6570746623569622,0.02320536231369086,0.5,0.4043706760520832,0.2367578904465519
ICEWS05-15,13,1741,6,749,7914,7914,1,1.0,1.5400275762132958,30.0,0.8879629756445782,0.16385411210192913,0.8361458878980709,0.5776095610986953,0.5,0.4593500262769282,0.4328382418747589
ICEWS05-15,14,1741,6,1626,7914,7914,1,1.0,1.3928599145339557,59.0,0.8042490800314893,0.5465874367149739,0.8039080324721884,0.6464353633559472,0.6752477345935812,0.4712081318565124,0.5965808821540152
ICEWS05-15,15,1741,59,800,1426,7914,0,5255.0,0.5522799027204742,28.0,0.5306065116666864,0.5385366920462502,0.7213070855722765,0.316059997403709,0.6299218888092634,0.3502858076638883,0.33989328563547266
ICEWS05-15,16,1741,59,887,7914,5437,0,2.0,0.5522030593186684,8.0,0.9057236642639067,0.4231429043226288,0.5768570956773712,0.21337073485052774,0.5,0.3728690119195768,0.26080016013778423
ICEWS05-15,17,1741,59,673,5981,7914,0,11.0,2.317245476731849,26.0,0.7730166686334901,0.762199687572652,0.6026282952095795,0.41308599407440094,0.6824139913911158,0.4466222996734265,0.46106954361574304
ICEWS05-15,18,1741,59,3995,2189,6102,0,8.0,0.25839114973061594,38.0,0.9611657480580811,0.0401667829252611,0.9598332170747389,0.14812732551712451,0.5,0.4536179223756573,0.3176737570944186
ICEWS05-15,19,1741,59,1511,5564,6102,0,6.0,0.8650989417181586,21.0,0.9803906099397734,0.41831573543831935,0.5816842645616807,0.34524280411359465,0.5,0.4441070691785594,0.35346217927415347
ICEWS05-15,20,1741,133,3999,6102,7914,0,4.0,0.06801966759536737,26.0,0.10053113500393618,1.1291818153069677e-05,0.9999887081818469,0.5112535805778667,0.5,0.2523554348663533,0.2331233206526709
ICEWS05-15,21,1741,168,2221,5073,7914,0,8.0,0.03327847538994161,87.0,0.17160254532566316,0.5274680749834013,0.47253192501659874,0.04801864084861433,0.5,0.31639281664456,0.16025296150258805
ICEWS05-15,22,1741,168,1700,7842,7914,0,6.0,2.8845708191942583,73.0,0.9611657480580811,0.7500697899479885,0.7536006690717029,0.6000893361211084,0.7518352295098456,0.5594747520550926,0.674333661923456
ICEWS05-15,23,1741,168,2079,7914,7914,1,1.0,2.2557691336877728,86.0,0.9803906099397734,0.5102999722785162,0.7971600804764698,0.5473064072819149,0.653730026377493,0.5554533108050898,0.603033128349259
ICEWS05-15,24,1741,168,585,6102,7842,0,8.0,0.1702411972866571,4.0,0.5743491774985175,6.37207675839857e-05,0.999936279232416,0.05378531976069376,0.5,0.2697311871537749,0.15594694118771074
ICEWS05-15,25,1741,168,3712,6102,1426,0,2.0,0.26044959592102435,7.0,0.6216979445974911,1.205452235586435e-05,0.9999879454776441,0.26496424700605936,0.5,0.3012677330537186,0.22531422791503383
ICEWS05-15,26,1741,225,173,5437,7914,0,3.0,1.670654743511013,6.0,0.7284274237469965,0.6433042425791944,0.9010609054858031,0.6921688880494029,0.7721825740324988,0.3506549523171966,0.5704054292653709
ICEWS05-15,27,1741,96,498,10321,7914,0,5246.0,0.905151557735178,1.0,0.9057236642639067,0.0,1.0,0.998737483837693,0.5,0.3092018058511571,0.4773503695260495
ICEWS05-15,28,1741,202,650,5437,7914,0,3.0,0.09693269207588173,4.0,0.9611657480580811,0.4373457207461615,0.5626542792538385,0.02920003772056558,0.5,0.3442707394034909,0.2037254494519328
ICEWS05-15,29,1741,202,940,1376,5437,0,5249.0,0.20781309854181196,6.0,0.3108489722987456,0.04201171282103522,0.9579882871789648,0.47107251667741795,0.5,0.23780857947615217,0.21710623246420835
ICEWS05-15,30,1741,113,1391,1751,6102,0,5249.0,0.0004857797472233934,2.0,0.00099609532170039,0.0,1.0,0.14831146943375254,0.5,0.16012415049892878,0.09568029589030139
ICEWS05-15,31,1741,170,138,5228,10303,0,5246.5,0.03172775305161818,1.0,0.24509765248494336,0.0,1.0,0.06920392276137595,0.5,0.18036789736417708,0.10145770202323627
ICEWS05-15,32,1741,250,492,7914,2189,0,2.0,1.0541072648771643,6.0,0.9611657480580811,0.5351096661494494,0.9117269993509862,0.34214106792369,0.7234183327502178,0.3852585569840328,0.4667563252588683
ICEWS05-15,33,1741,26,1189,7914,7914,1,1.0,0.05174294574583682,2.0,0.35006974482590136,0.44086543844079895,0.559134561559201,0.043103270200528336,0.5,0.20964158857312748,0.11059273358580878
ICEWS05-15,34,1741,125,1441,1795,7914,0,5246.0,0.19688019106451604,1.0,0.1971195615288934,0.0,1.0,0.9975742626648961,0.5,0.17648036731279834,0.30278662132031703
ICEWS05-15,35,1741,91,2878,3390,6102,0,5250.5,0.19123763725290355,5.0,0.13801118920922653,0.2991811460615402,0.9998861507101146,0.9438272779921298,0.6495336483858274,0.20418654811971632,0.41902550717115367
ICEWS05-15,36,1741,92,2726,1784,7283,0,5249.0,0.004227760214396322,1.0,0.004228277311479598,0.0,1.0,0.9997554397148717,0.5,0.1492046199552253,0.2625685389107975
ICEWS05-15,37,1741,17,1194,7914,1795,0,5245.5,0.000774437607511627,3.0,0.0003926997461091256,0.4950878081637229,0.9999233635566731,0.9914966713268962,0.747505585860198,0.16852288637215762,0.45562364795383486
ICEWS05-15,38,1096,167,3972,3425,3124,0,16.0,1.0142393032423014,21.0,0.25,0.7488679390815646,0.42870892878047606,0.24514941539393098,0.5887884339310203,0.2916555452431634,0.21698221481057667
ICEWS05-15,39,1096,167,1759,4853,4853,1,1.0,2.9046522298730206,33.0,0.9803906099397734,0.7594838962967063,0.24051610370329363,0.0993115890819485,0.5,0.5230601752947164,0.27584179898852557
ICEWS05-15,40,1096,167,1481,73,4684,0,5253.0,0.2665178613438508,21.0,0.6341329040632923,0.5506449960868753,0.4493550039131247,0.10427570508888215,0.5,0.3515865381060857,0.20737547598302142
ICEWS05-15,41,1096,167,3360,1677,4853,0,6.0,4.323359738042256,101.0,0.9803906099397734,0.6012711685360768,0.6322923673326758,0.3057229523583512,0.6167817679343763,0.6185425622943647,0.48027696310271667
ICEWS05-15,42,1096,167,2187,1677,9423,0,4.0,1.564038741879087,39.0,0.4805828740290406,0.6894290285406608,0.31057097145933926,0.12779106695625742,0.5,0.38119468076101093,0.19868327674940983
ICEWS05-15,43,1096,167,2998,6241,6241,1,1.0,4.77094438117366,54.0,0.9803906099397734,0.7126207375042761,0.7368093375652245,0.5806558788955561,0.7247150375347503,0.5986713749322489,0.6345541313279859
ICEWS05-15,44,1096,167,2959,9734,9734,1,1.0,0.34349097858839484,15.0,0.36421371187349827,0.6583929919177423,0.3416070080822578,0.06767416792766484,0.5,0.2843596521467205,0.14747697775768223
ICEWS05-15,45,1096,167,3858,9973,3124,0,1.0,4.26340057979927,9.0,1.0,0.6946041231510016,0.7173119291485042,0.48971204216911457,0.7059580261497529,0.49923199736669766,0.5179688986075559
ICEWS05-15,46,1096,167,3006,6241,6241,1,1.0,8.606965320628923,60.0,0.9803906099397734,0.6810497544369989,0.808714527295693,0.629148821896157,0.744882140866346,0.698971801554835,0.6577217673856168
ICEWS05-15,47,1096,167,2603,1677,9423,0,3.0,0.18600486730023236,42.0,0.5,0.5568644105835048,0.44313558941649517,0.08982961646374801,0.5,0.3539118702750869,0.20075830251796975
ICEWS05-15,48,1096,167,1570,6213,6213,1,1.0,1.165890308708688,17.0,0.9803906099397734,0.7323236730446662,0.26767632695533383,0.0712871381011324,0.5,0.4416185937615564,0.2508456280751289
ICEWS05-15,49,1096,137,1275,3425;4684,4680,0,3.5,0.07301409773190226,8.0,0.8705505632961241,0.6433991089908468,0.3566008910091531,0.010786221058897243,0.5,0.35316987376074055,0.19746172864528208
ICEWS05-15,50,1096,137,2209,1334,4853,0,5278.0,0.23313623900803693,46.0,0.2550004023552998,0.5504103863679628,0.44958961363203725,0.05077758993953221,0.5,0.30885646949282936,0.15651574373370233
ICEWS05-15,51,1096,137,1775,4853,1677,0,1.0,1.3954606218932568,42.0,0.9803906099397734,0.8099835153840211,0.1900164846159789,0.045252786805787516,0.5,0.4943328405210461,0.2717184186405947
ICEWS05-15,52,1096,137,3189,1136,5737,0,3.0,1.4238446860296468,41.0,0.9611657480580811,0.2671499574584214,0.7328500425415786,0.2262900672595971,0.5,0.48938064317242297,0.33700186941535315
ICEWS05-15,53,1096,137,1562,5739,4680,0,26.0,1.3212824196597346,40.0,0.7884782461155736,0.7552238213489387,0.24477617865106124,0.07171895048148391,0.5,0.4453516788624488,0.24026313132579738
ICEWS05-15,54,1096,137,1495,6241,4680,0,3.0,3.7486560829903173,24.0,0.8879629756445782,0.5095709836033998,0.6342244530873301,0.37061317012684386,0.571897718345365,0.5082183726132637,0.3862737064508517
ICEWS05-15,55,1096,137,3316,4853,6213,0,2.0,0.05049217796035976,27.0,0.7284274237469965,0.020019058664878298,0.9799809413351217,0.017449682635882924,0.5,0.3784031136286542,0.22026302168850367
ICEWS05-15,56,1096,137,1620,3963;4680,4680,1,6.0,2.606154458271666,55.0,0.9803906099397734,0.8239647883150285,0.3496372174412545,0.1354660308240898,0.5868010028781415,0.5415605610091717,0.36790814090499685
ICEWS05-15,57,1096,137,1644,2609,2609,1,1.0,0.03909725802550312,33.0,0.9803906099397734,0.7598125799118363,0.24018742008816368,0.001630789518972007,0.5,0.44481612575349483,0.25576355029563175
ICEWS05-15,58,1096,137,2039,4853,1136,0,6.0,3.0900380703914303,35.0,0.597554769985219,0.5473798326846797,0.7090544733515101,0.43126599090783335,0.6282171530180949,0.44247556004848737,0.3953021394509434
ICEWS05-15,59,1096,137,2149,4076,4853,0,19.0,0.7649995984997613,46.0,0.836743383392903,0.5504103863679628,0.44958961363203725,0.05077758993954005,0.5,0.4486217130770597,0.25450198801973206
ICEWS05-15,60,1096,137,2504,2609,5073,0,7.0,0.14893020241227828,6.0,1.0,0.5216424640377454,0.4783575359622546,0.03693666099939357,0.5,0.3704364919502746,0.2211745801259693
ICEWS05-15,61,1096,137,3096,3723,9419,0,5286.0,2.0399084052209373,16.0,1.0,0.6594484579071229,0.34055154209287714,0.13389319268091618,0.5,0.4668326312896655,0.26999357020971343
ICEWS05-15,62,1096,137,1546,2609,4680,0,2.0,7.282986729306497,39.0,0.9423178739918808,0.7339768781913962,0.5847129962936113,0.4124569424391595,0.6593449372425038,0.6390956594754823,0.4866308146307137
ICEWS05-15,63,1096,137,2491,9832,1136,0,70.0,0.28748693137214554,53.0,0.4805828740290406,0.5475937550407801,0.4524062449592199,0.07333890574430718,0.5,0.36355423142186133,0.20007990951741042
ICEWS05-15,64,1096,137,3807,3869,9973,0,4.0,0.03412672424287466,6.0,1.0,0.5605730026019682,0.43942699739803176,0.006868835156333751,0.5,0.36750802925037823,0.2130210878521639
ICEWS05-15,65,1096,137,2931,9423,1421,0,18.0,0.978844533275284,12.0,0.35707170313208786,0.5724551270086091,0.4275448729913908,0.1928102554244407,0.5,0.2881254915817179,0.16636841578026643
ICEWS05-15,66,1096,180,1917,1677,1677,1,1.0,0.6198708391713842,14.0,0.43527528164806206,0.434964481994625,0.565035518005375,0.2549525798006621,0.5,0.30144619242092585,0.19982053301044422
ICEWS05-15,67,1096,180,2350,414,9280,0,18.0,0.3348012585453366,4.0,0.9803906099397734,0.12555866533402682,0.8744413346659732,0.08154195800174056,0.5,0.35425628076799853,0.22578387166005712
ICEWS05-15,68,1096,180,1599,1136,4680,0,7.0,1.1982029886947285,6.0,0.8879629756445782,0.21375204654717128,0.7862479534528287,0.22001548144760405,0.5,0.3729525257221797,0.25290960117613565
ICEWS05-15,69,1096,180,2369,1726,9280,0,5286.0,0.22981099257846083,4.0,0.6729500963161781,0.12555866533402693,0.8744413346659731,0.08154195800173152,0.5,0.28950856731369823,0.17405020102398147
ICEWS05-15,70,1096,180,3974,4853,9423,0,32.0,0.0959388831163448,26.0,0.5306065116666864,0.3267742634347478,0.6732257365652522,0.03170723828316299,0.5,0.3355685515466302,0.18320913187763185
ICEWS05-15,71,1096,180,3590,540,871,0,5307.0,0.3308405729209296,5.0,0.8705505632961241,0.24191048193397335,0.7580895180660266,0.07844444190501748,0.5,0.33987495679976465,0.2086251357558061
ICEWS05-15,72,1096,64,3170,1759,10120,0,8.0,0.13162446206410916,1.0,0.6729500963161781,0.0,1.0,0.10839750704924671,0.5,0.24879400571566868,0.1585428090336473
ICEWS05-15,73,1096,64,1734,4680,1759,0,8.0,0.1895517581874553,2.0,0.8534795977333005,0.0,1.0,0.05940396204484675,0.5,0.3007201663280901,0.1857639931613807
ICEWS05-15,74,1096,225,3198,4680,4680,1,1.0,0.3713328782437407,46.0,0.7141434062641757,0.001943039742352437,0.9980569602576476,0.3504017835671192,0.5,0.4101426882084167,0.3351700049540615
ICEWS05-15,75,1096,225,3916,1677,4680,0,2.0,0.018739494033926496,54.0,0.04205938101976112,0.47721777745233884,0.5227822225476612,0.062482244444464256,0.5,0.2702687594342351,0.1355836801793133
ICEWS05-15,76,1096,171,3001,10120,8255,0,5254.0,0.03300716871793234,2.0,0.12750020117764987,0.00012449641392553445,0.9998755035860745,0.14866420926848786,0.5,0.1771020432453707,0.10795604150794126
ICEWS05-15,77,1096,172,3484,4684,4680,0,2.0,2.0160757393075075,175.0,0.9803906099397734,0.5640500399607904,0.6313435608307569,0.3000144924108852,0.5976968003957737,0.5860321090905103,0.49772368533163697
ICEWS05-15,78,1096,172,2092,9568,4684,0,41.0,1.331884187827792,55.0,0.6864101813026526,0.47482088515479104,0.525179114845209,0.1278145040204975,0.5,0.43872190735610367,0.2523132890325562
ICEWS05-15,79,1096,172,3509,4684,4680,0,2.0,0.26764617900503573,175.0,0.597554769985219,0.5640500399607904,0.43594996003920955,0.052925800771351936,0.5,0.4501745584139044,0.254055680767684
ICEWS05-15,80,1096,172,1773,4680,4680,1,1.0,0.9207942330853314,72.0,0.5,0.6290882969271385,0.37091170307286153,0.10866200695129877,0.5,0.39942280306113676,0.21830132886604955
ICEWS05-15,81,1096,172,1677,1677,4680,0,3.0,4.51334561783717,64.0,0.5858370854182298,0.6514895683303257,0.5952564752178491,0.35699354227114405,0.6233730217740874,0.5101602385698342,0.37973885067284857
ICEWS05-15,82,1096,172,3332,4680,4680,1,1.0,3.8589892012410125,165.0,0.9803906099397734,0.6328428728517164,0.7013713094873135,0.508343361332309,0.6671070911695149,0.6311016710545684,0.6183145094520609
ICEWS05-15,83,1096,172,3770,1070,4680,0,5310.5,7.60444530575634,209.0,0.836743383392903,0.7257597225902483,0.6601256750443523,0.4724414079290181,0.6929426988173003,0.7035253536764747,0.5826520144961425
ICEWS05-15,84,1096,172,2507,1677,3425,0,18.0,0.3650974712627806,8.0,0.836743383392903,0.020402066020356213,0.9795979339796438,0.12096995434894149,0.5,0.35329848597211955,0.23039125731687665
ICEWS05-15,85,1096,172,1965,6213,4680,0,2.0,1.248092769581072,86.0,1.0,0.7912950043100225,0.37830093228088973,0.14974457016539994,0.5847979682954562,0.5325949850991523,0.40138569692964926
ICEWS05-15,86,1096,172,2812,6241,4680,0,20.0,0.7902510313325897,126.0,0.6729500963161781,0.28644932476244167,0.7135506752375583,0.27840467912050393,0.5,0.4644142382468432,0.333257440566754
ICEWS05-15,87,1096,172,615,1677,0,0,5244.5,0.0,0.0,0.0,0.0,0.0,0.0,0.0,0.13079885792039397,0.013540413295886884
ICEWS05-15,88,1096,172,3854,4680,4680,1,1.0,5.5969270218421645,219.0,0.9803906099397734,0.6557305328097144,0.7516194260687051,0.5844016010533473,0.7036749794392098,0.6873494862252371,0.6764365133092329
ICEWS05-15,89,1096,209,3720,1136,1136,1,1.0,10.39769284896753,25.0,0.9057236642639067,0.5829289881546749,0.9999999834519744,0.9993197971956638,0.7914644858033246,0.6870275923040803,0.752064604477148
ICEWS05-15,90,1096,56,1409,9423,2609,0,5251.0,1.999238484005974,3.0,1.0,0.0,1.0,0.5147536620878775,0.5,0.38991853460351433,0.35194909733962204
ICEWS05-15,91,1096,56,3722,871,530,0,10.0,0.10437595944060796,73.0,0.9423178739918808,0.6786633347587699,0.32133666524123006,0.018118900420322666,0.5,0.47923979963009194,0.28235440232231973
ICEWS05-15,92,1096,56,3827,1677,8477,0,33.0,0.1591169991010677,20.0,0.597554769985219,0.797743838835631,0.202256161164369,0.02296671588282874,0.5,0.3389827514688627,0.17695622318676874
ICEWS05-15,93,1096,56,3372,7888,1136,0,5309.5,0.6621828372982588,178.0,0.8534795977333005,0.610270337742195,0.3897296622578051,0.03246805371187404,0.5,0.5212041535334919,0.3006145800805599
ICEWS05-15,94,1096,56,3640,8477,10367,0,2.0,1.905683395592269,43.0,0.5630865404461788,0.507571435578799,0.9032525221072043,0.3312778360590668,0.7054119788430017,0.41340939491720996,0.4247363117929742
ICEWS05-15,95,1096,56,2504,2609,530,0,3.0,1.7879634996435363,35.0,0.9423178739918808,0.47485982135300997,0.52514017864699,0.2225606731400771,0.5,0.4867080400632823,0.3187069067619379
ICEWS05-15,96,1096,56,2483,4893,1136,0,65.0,0.945065853044714,99.0,0.5743491774985175,0.44631315767737423,0.5536868423226258,0.1832378341855637,0.5,0.4332568119918486,0.2677429316536395
ICEWS05-15,97,1096,56,1433,1136;7334,2609,0,10.5,1.3009098157845733,5.0,0.7001394896518027,0.4312336945709355,0.5687663054290645,0.2536030630232199,0.5,0.32826625428461104,0.21646020420044493
ICEWS05-15,98,1096,56,1706,2609,2609,1,1.0,2.205892298180488,50.0,0.4439814878222891,0.7917945041705217,0.4120485324648965,0.21965278553267203,0.6019215183177091,0.40225241628705194,0.2804181344359868
ICEWS05-15,99,1096,56,1151,3390,9832,0,5247.0,0.19897744187500743,1.0,0.26530325583334324,0.0,1.0,0.5999999999981908,0.5,0.18591967564136785,0.20400025445453837
ICEWS05-15,100,1096,56,3990,10367,1136,0,2.0,0.04761055958610694,208.0,0.7284274237469965,0.44178859966189077,0.5582114003381092,0.005645117799825436,0.5,0.48362687135206783,0.27674461627443
ICEWS05-15,101,1096,56,2644,10411,1136,0,4.0,7.120865249248726,118.0,0.8534795977333005,0.6884694684507754,0.722096762945655,0.5340556385697525,0.7052831156982151,0.6692741889721994,0.5967099590950862
ICEWS05-15,102,1096,56,1594,1136,2609,0,2.0,1.6437595125832516,32.0,0.9423178739918808,0.8114236316123185,0.1885763683876815,0.10140845130864934,0.5,0.47810370733848645,0.2700777689352987
ICEWS05-15,103,1096,56,2286,9298,9298,1,1.0,0.18946666919537325,6.0,0.9803906099397734,0.2317958337763133,0.7682041662236867,0.038942235903404995,0.5,0.36722543590034284,0.22364692604023723
ICEWS05-15,104,1096,125,3917,530,530,1,1.0,1.0338726852115927,38.0,0.9803906099397734,0.23456889479199394,0.9048213572136271,0.6767084061816467,0.5696951260028105,0.47920552296544866,0.560855255908164
ICEWS05-15,105,1096,125,1621,2609,2609,1,1.0,1.1540289050533925,17.0,0.8534795977333005,0.7751342269830918,0.44867349036821735,0.13313847814407845,0.6119038586756546,0.41243480335676563,0.31462240008797165
ICEWS05-15,106,1096,125,2007,8845,2609,0,3.0,1.8563749149601332,55.0,0.8879629756445782,0.6062168921085452,0.49616142343525316,0.26238491096580113,0.5511891577718993,0.4996335861479938,0.3712728740045352
ICEWS05-15,107,1096,59,3859,3124,9973,0,5267.0,0.37670733604490425,2.0,1.0,0.0,1.0,0.10510590692448436,0.5,0.33467452413327126,0.22164536473491991
ICEWS05-15,108,1096,59,2443,5739,1677,0,10.0,0.6466576659576269,17.0,0.9423178739918808,0.003772753684097685,0.9962272463159023,0.5193556602782474,0.5,0.4189986452408128,0.40896580832749757
ICEWS05-15,109,1096,59,2638,6345,4680,0,5260.5,1.1147832176198782,33.0,0.7578582832551991,0.1394229324969226,0.8605770675030774,0.49030865295525833,0.5,0.4229390006148973,0.37428718715477777
ICEWS05-15,110,1096,59,3961,8477,1677,0,5269.5,0.9972648996568498,37.0,0.6864101813026526,0.5847793985603855,0.7523357729138891,0.3243143883524182,0.6685575857371373,0.40946470192669593,0.419822968718201
ICEWS05-15,111,1096,170,1683,6213,4680,0,5249.0,0.9834458320613448,5.0,0.7429971445684742,0.5550531670861405,0.7627026797774202,0.4173746728136798,0.6588779234317803,0.32938572672401445,0.38003093416193146
ICEWS05-15,112,1096,170,3191,4680,4680,1,1.0,0.13987823310059305,11.0,0.13801118920922653,0.14163324947537637,0.8583667505246236,0.28147349038961955,0.5,0.22841339566883112,0.15929023840542317
ICEWS05-15,113,1096,130,1892,4684,4684,1,1.0,0.5397579898845216,85.0,0.2309598988100127,0.5188334662472752,0.9175457605235309,0.8089192416274453,0.7181896133854031,0.3396970157301088,0.5618484273499534
ICEWS05-15,114,1096,156,2013,4680,4680,1,1.0,1.3062570522809511,15.0,0.9238395952400507,0.5556912079695999,0.7553869229303735,0.45796776410536727,0.6555390654499866,0.426274906916725,0.48201080067169116
ICEWS05-15,115,1096,111,1754,63,5737,0,4.0,0.5587241048324549,12.0,0.7141434062641757,0.5591790822646854,0.4408209177353147,0.07586174996428659,0.5,0.3501240625974842,0.1976988905137008
ICEWS05-15,116,1096,111,1593,1136,5496,0,3.0,0.23834971194843568,3.0,0.4528618321319533,0.30730338806306945,0.6926966119369306,0.10467092032961789,0.5,0.24060688215050424,0.13971454798779462
ICEWS05-15,117,1096,111,3675,3944,10367,0,8.0,0.10558162978889696,28.0,0.25,0.44595332267783827,0.5540466773221617,0.042862061680064914,0.5,0.28340027925447964,0.1447401401235656
ICEWS05-15,118,1096,111,2480,5496,10411,0,2.0,0.6371302195042627,4.0,0.7141434062641757,0.2808378537765821,0.7191621462234179,0.1432179520042166,0.5,0.3068597711095134,0.1908889104841691
ICEWS05-15,119,1096,111,1726,5737,1136,0,2.0,0.9176013802034775,19.0,1.0,0.6259244262002415,0.3740755737997586,0.13811225779443068,0.5,0.4449823337363069,0.2814537758633001
ICEWS05-15,120,1096,55,2604,1677,1677,1,1.0,0.5628258071123942,2.0,0.9057236642639067,0.00043338776530998935,0.99956661223469,0.4504743792383319,0.5,0.31986458526753936,0.3019278231025332
ICEWS05-15,121,1096,152,3855,6841,3952,0,1.0,0.1985125180585623,2.0,1.0,0.0,1.0,0.0533088528814728,0.5,0.3303415822032802,0.2089144097760067
ICEWS05-15,122,1096,152,3910,10367,6841,0,12.0,0.33483245278925144,4.0,0.3789291416275995,0.49797752077663504,0.502022479223365,0.14585749195326989,0.5,0.23872640787765684,0.1398983275424486
ICEWS05-15,123,1096,168,1319,1784,4680,0,5247.0,0.7545289405295312,2.0,0.7141434062641757,0.4950491105234984,1.0,0.36379726814176355,0.7475245552617492,0.2866845889933231,0.3938226894739366
ICEWS05-15,124,1096,168,3579,1759,1759,1,1.0,0.9958392003534127,22.0,0.6095068271022377,0.19326975349663178,0.8067302465033682,0.28873157809900646,0.5,0.36690086300221053,0.2589359058713372
ICEWS05-15,125,1096,168,1718,1136,4680,0,2.0,0.10346954331565139,20.0,0.19325416715837251,0.7063752548166544,0.2936247451833455,0.028198315329770032,0.5,0.2592472968438784,0.12483051176939214
ICEWS05-15,126,1096,168,1655,1740,4680,0,3.0,3.1059426020803427,20.0,0.6729500963161781,0.7063752548166544,0.5613164677812861,0.3096101674010079,0.6338458612989702,0.43171127875724,0.3480894284133502
ICEWS05-15,127,1096,6,1728,4680,4680,1,1.0,0.20223069153014156,8.0,0.15853322601582306,0.3842562587792413,0.8708277068447258,0.6467206093786338,0.6275419828119835,0.2221675815517039,0.3187209523564631
ICEWS05-15,128,1096,6,1730,4680,4680,1,1.0,1.174767823844645,9.0,0.9803906099397734,0.20154420349942004,0.9739660730618267,0.9171075142506243,0.5877551382806234,0.41103431944526697,0.6028812073363333
ICEWS05-15,129,1096,95,2545,10411,5496,0,1.0,0.6333722567491848,10.0,1.0,0.0005906359267567884,0.9994093640732432,0.19021617508548533,0.5,0.4060476243179961,0.29042173487878875
ICEWS05-15,130,1096,95,3932,4933,8477,0,5268.5,0.6946498297737076,7.0,0.8042490800314893,0.6386249721152326,0.3613750278847674,0.18492436349867386,0.5,0.3488848005884554,0.22432020028138444
ICEWS05-15,131,1096,95,1807,2609,2609,1,1.0,2.486799188669358,19.0,0.9803906099397734,0.5149354480285373,0.7804829476316305,0.5991560722918098,0.647709197830084,0.4831858883249695,0.5505767274845678
ICEWS05-15,132,1096,95,3225,530,530,1,1.0,3.971325881455094,24.0,0.9803906099397734,0.3746055923355648,0.9362777179945598,0.7562627129305703,0.6554416551650624,0.535743849111455,0.6221674608266158
ICEWS05-15,133,1096,133,1404,4853,6213,0,5244.0,1.0,1.0,1.0,0.0,1.0,0.9999999999989999,0.5,0.3305286386634707,0.5024767778727223
ICEWS05-15,134,1096,133,1647,2609,5496,0,2.0,0.16250032537334969,9.0,0.7001394896518027,0.6815716407015038,0.31842835929849617,0.030311227859889718,0.5,0.3249320367915842,0.17651409877802857
ICEWS05-15,135,1096,133,1523,4680,4680,1,1.0,1.7283532349446695,5.0,0.9803906099397734,0.5163521333170608,0.48364786668293924,0.3038076808642527,0.5,0.39924712703294885,0.2830765695542542
ICEWS05-15,136,1096,133,1651,1677,5496,0,14.0,0.15012423481929194,9.0,0.646816582731497,0.6815716407015038,0.31842835929849617,0.030311227859889253,0.5,0.3138592961962145,0.16845870060981716
ICEWS05-15,137,1096,133,1487,4680,530,0,3.0,0.26481095828102563,2.0,1.0,0.16740370173026453,0.8325962982697355,0.12389897324564411,0.5,0.33195036607767653,0.2235813801792365
ICEWS05-15,138,1096,140,3658,3604,3425,0,5248.0,0.4256508224998511,1.0,1.0,0.0,1.0,0.2703662113734235,0.5,0.31675613812391246,0.25313826443767595
ICEWS05-15,139,1096,105,2195,1677,5073,0,2.0,0.10540211402886179,4.0,0.09662708357918628,0.06889024254451981,0.9311097574554802,0.20866528737462006,0.5,0.19041407982739858,0.1224732323235147
ICEWS05-15,140,1096,224,1910,2609,2609,1,1.0,2.613790574353722,18.0,0.9803906099397734,0.33138249001718456,0.9145484530121432,0.8183737465445086,0.6229654715146639,0.4839129925432745,0.613749712658385
ICEWS05-15,141,1096,224,3848,4680,4680,1,1.0,4.599898053070384,27.0,0.9803906099397734,0.6364130380415831,0.8773595909461529,0.7696725062641762,0.756886314493868,0.5588242015737437,0.6959976027370809
ICEWS05-15,142,1096,185,3683,6362,4684,0,5247.0,0.3090929132884468,6.0,0.36421371187349827,0.16578002447097462,0.8342199755290254,0.5479487155859252,0.5,0.24898891167519488,0.2449931908639029
ICEWS05-15,143,1096,169,1965,5496,2609,0,3.0,0.625662196793547,4.0,0.8705505632961241,0.4644947978656351,0.5355052021343649,0.23828739186532297,0.5,0.3383500455563941,0.2395316071634971
ICEWS05-15,144,1096,45,2588,1677,1677,1,1.0,6.234224016911563e-09,1.0,6.234224016911563e-09,0.0,1.0,0.9998396208384354,0.5,0.14864756287381758,0.26173710149339
ICEWS05-15,145,1096,208,1768,1939,0,0,5244.5,0.0,0.0,0.0,0.0,0.0,0.0,0.0,0.13079885792039397,0.013540413295886884
ICEWS05-15,146,1096,126,1411,6241,0,0,5244.5,0.0,0.0,0.0,0.0,0.0,0.0,0.0,0.13079885792039397,0.013540413295886884
ICEWS05-15,147,1096,174,3696,530,1136,0,2.0,0.03985955616891048,3.0,0.02614823073102822,0.22828725856163834,0.7717127414383617,0.4224868929634277,0.5,0.17251594330614967,0.14437508982889355
ICEWS05-15,148,1096,57,1861,9423,1939,0,5244.5,0.9999997840586509,1.0,1.0,0.0,1.0,0.999999568116395,0.5,0.3305286334284173,0.5024766158240571
ICEWS05-15,149,1096,218,2173,4684,4684,1,1.0,0.7693559502067466,27.0,0.5743491774985175,0.25352014187198013,0.9999725620659263,0.9998591306799947,0.6267463519689532,0.3633505760238977,0.6050184784091098
ICEWS05-15,150,1096,14,3627,1740,530,0,5246.0,0.027748842778012848,1.0,0.02774884298889307,0.0,1.0,0.9999999847647543,0.5,0.1523348766406077,0.2674351287938343
ICEWS05-15,151,7837,56,308,7597,9276,0,17.0,0.850776997531765,13.0,0.8705505632961241,0.6481075224382902,0.3518924775617099,0.2076562801241797,0.5,0.3952825914129374,0.26177667114456493
ICEWS05-15,152,7837,56,1291,2089,8711,0,11.0,0.3621938769619649,7.0,0.7884782461155736,0.006138868320784696,0.9938611316792153,0.2957884429464694,0.5,0.3373707323647879,0.2662789917716564
ICEWS05-15,153,7837,56,866,3414,9276,0,5275.0,0.49322427198072183,21.0,0.4805828740290406,0.411779510413268,0.588220489586732,0.1798264508176058,0.5,0.32519021546790305,0.2013672877738559
ICEWS05-15,154,7837,56,796,5739,5739,1,1.0,0.6093704630875316,11.0,0.5520447568369061,0.6635484429475398,0.6179751712483462,0.22804073359703567,0.6407618070979431,0.31413727319887746,0.28583972866867313
ICEWS05-15,155,7837,172,415,1677,3627,0,3.0,2.4651821129334106,34.0,0.7141434062641757,0.6235237103378809,0.6915134892231992,0.48834034767529017,0.6575185997805401,0.4508576627690472,0.4689124054258116
ICEWS05-15,156,7837,172,949,1131,3627,0,2.0,5.772075076327336,90.0,1.0,0.7671245977193174,0.8372536564451211,0.6819232544591991,0.8021891270822192,0.653813577418056,0.7401001731804948
ICEWS05-15,157,7837,172,590,3627,3627,1,1.0,1.3364200416850691,50.0,0.646816582731497,0.8092860111125311,0.5185559188926419,0.24536389637919923,0.6639209650025865,0.42488997652732774,0.38313332254477306
ICEWS05-15,158,7837,172,1314,8882,3627,0,5273.0,1.1418740860905678,123.0,0.5412194958693883,0.48763451229634813,0.6523894756805879,0.3753745005543393,0.570011993988468,0.4423367409500419,0.3790903210538932
ICEWS05-15,159,7837,172,887,1131,3627,0,3.0,6.075393407705057,82.0,0.8705505632961241,0.7658704707706672,0.8666174514189762,0.7503732445930473,0.8162439610948217,0.6292417428631121,0.7381223714266326
ICEWS05-15,160,7837,153,1241,5527,5527,1,1.0,0.006403997909319722,2.0,0.006408869968809673,2.4447898150370406e-08,0.9999999755521018,0.9984806946044763,0.5,0.16088972688091221,0.2772988716638739
ICEWS05-15,161,7837,167,1222,1677,1677,1,1.0,4.090399521429535,42.0,0.7001394896518027,0.49437690912102494,0.8500424386352677,0.675967062287505,0.6722096738781463,0.5029945862545646,0.5543556272651975
ICEWS05-15,162,7837,137,528,1677,1677,1,1.0,2.927245336845155,16.0,0.9611657480580811,0.7057637131081295,0.9025642916131337,0.8117603125156426,0.8041640023606316,0.4820673264270663,0.7212653049979876
ICEWS05-15,163,7837,125,200,9832,3944,0,5246.0,0.01522004633386509,2.0,0.43527528164806206,0.0,1.0,0.008906809599829512,0.5,0.22237896006025187,0.11968204072416498
ICEWS05-15,164,7837,202,2114,4315,1131,0,5247.0,8.588212400861896e-10,5.0,2.182413210787738e-09,0.5610482714011824,0.43895172859881754,0.09452211503120954,0.5,0.18099536861382612,0.0941035626257553
ICEWS05-15,165,7837,180,94,1677,4804,0,5246.0,0.05003328615865599,1.0,0.3865083343167451,0.0,1.0,0.06920392276143132,0.5,0.200952095516826,0.11596410334545286
ICEWS05-15,166,7837,188,2251,3136,41,0,5248.0,0.0,1.0,1.0027737860622672e-08,0.0,0.0,0.0,0.0,0.14864756323380085,0.01534876358363807
ICEWS05-15,167,7837,17,1036,4315,4315,1,1.0,1.6070235079211947,4.0,0.4901953049698867,0.5552624716360957,1.0,0.9999999999993777,0.7776312358180478,0.28560423041795024,0.6134114344234921
ICEWS05-15,168,3633,104,3680,4034,9568,0,5247.5,0.0014574769577503067,18.0,0.002114138655739799,0.00024408958919586166,0.9997559104108041,0.5258170760239852,0.5,0.22092799443571914,0.2080377370576999
ICEWS05-15,169,3633,243,2230,1776,1776,1,1.0,0.13344758414115954,27.0,0.17160254532566316,0.029395904885636703,0.9706040951143633,0.6061614483524603,0.5,0.26795323575682817,0.2749309623384184
ICEWS05-15,170,3633,92,1072,9568,7368,0,5245.0,0.11778973424898508,1.0,0.11778973424898508,0.0,1.0,0.9999999999915102,0.5,0.1648175427864568,0.2862972749846225
ICEWS05-15,171,3633,180,499,1677,213,0,5248.5,0.07626812081346257,4.0,0.2706097479346942,0.0012554506796876863,0.9987445493203123,0.08055198116955896,0.5,0.21606817019168384,0.12243081636974214
ICEWS05-15,172,3633,133,511,1776,1776,1,1.0,0.025118638134005944,1.0,0.646816582731497,0.0,1.0,0.019801616452021636,0.5,0.24213228743992662,0.13837226840118366
ICEWS05-15,173,3633,172,2279,9568,9568,1,1.0,0.9022421731191533,25.0,0.9803906099397734,0.3618806862333973,0.6381193137666027,0.41568249502630544,0.5,0.4539778782743964,0.38671632397269434
ICEWS05-15,174,3633,41,1333,1776,6600,0,3.0,0.4899991952894004,1.0,1.0,0.0,1.0,0.32450260540290704,0.5,0.31828385248189844,0.2686918245343466
ICEWS05-15,175,3633,6,3053,9424,9424,1,1.0,0.06395113843240366,2.0,0.11099537195557226,0.33333333333333337,0.6666666666666666,0.23770566579128208,0.5,0.17536610334836145,0.11577195492689302
ICEWS05-15,176,3633,105,1029,7768,1740,0,5246.5,0.4290621144718013,1.0,0.5412194958693883,0.0,1.0,0.6566839589822616,0.5,0.23237238003518737,0.2716101137549799
ICEWS05-15,177,3633,130,947,9568,1776,0,5245.0,0.00557924536143887,1.0,0.00557924536143887,0.0,1.0,0.9999999998207643,0.5,0.14938297638095627,0.26291390244794194
ICEWS05-15,178,3633,3,3128,9568,0,0,5244.5,0.0,0.0,0.0,0.0,0.0,0.0,0.0,0.13079885792039397,0.013540413295886884
ICEWS05-15,179,6600,172,5,9569,0,0,5244.5,0.0,0.0,0.0,0.0,0.0,0.0,0.0,0.13079885792039397,0.013540413295886884
ICEWS05-15,180,6600,172,164,2241,3633,0,5247.0,3.0051481900035215,11.0,0.7884782461155736,0.595922361203775,0.8477977379421512,0.6464752584034483,0.721860049572963,0.425921168150853,0.5496513229920529
ICEWS05-15,181,6600,172,3558,7966,9568,0,4.0,0.008099797220561755,101.0,0.10254191950095473,0.4809695669255497,0.5190304330744503,0.020928143628346434,0.5,0.30880505978714357,0.14958776256757242
ICEWS05-15,182,6600,172,1528,9568,3633,0,2.0,0.48911407371282767,33.0,0.9803906099397734,0.3416354284385468,0.6583645715614532,0.1964987121854724,0.5,0.45702246187751033,0.3243428518557013
ICEWS05-15,183,6600,59,3680,9568,1776,0,5246.0,3.1919214481576826e-06,3.0,3.1919226966587172e-06,2.249789243791156e-11,0.9999999999775021,0.9999989043772168,0.5,0.1684603030793805,0.2870970860732792
ICEWS05-15,184,6600,19,951,3633,1776,0,2.0,0.08246421090008671,1.0,0.0824692444233059,0.0,1.0,0.9998779371255024,0.5,0.15982567755724897,0.2787667469091462
ICEWS05-15,185,859,64,3377,7973,0,0,5244.5,0.0,0.0,0.0,0.0,0.0,0.0,0.0,0.13079885792039397,0.013540413295886884
ICEWS05-15,186,3390,168,3869,1136,2549,0,5252.0,0.00030548272857802423,1.0,0.0017002940689377426,0.0,1.0,0.09869865096086185,0.5,0.1488520032869062,0.08358000405350163
ICEWS05-15,187,3390,56,20,1388,4867,0,5245.0,0.8705505632961241,1.0,0.8705505632961241,0.0,1.0,0.9999999999988514,0.5,0.3014607212793895,0.4686467468426493
ICEWS05-15,188,3390,56,3770,476,1414,0,5274.0,0.0916743855605478,1.0,0.15542448614937274,0.0,1.0,0.4182710547077881,0.5,0.1692888191558693,0.14796069339014736
ICEWS05-15,189,3390,172,2858,4680,4680,1,1.0,0.15378747226541734,26.0,0.3789291416275995,0.4204092955244543,0.5795907044755457,0.1332892547041859,0.5,0.30622837505635625,0.18033542072689102
ICEWS05-15,190,3390,172,3946,1136,3425,0,3.0,0.7702997948721764,6.0,0.9423178739918808,0.0015075229512485633,0.9984924770487514,0.6895028977350883,0.5,0.3738098096770463,0.4288563703885598
ICEWS05-15,191,3390,180,682,528,6340,0,5246.0,0.07997164471141924,1.0,0.22643091606597668,0.0,1.0,0.2144643313475428,0.5,0.1785900230377959,0.12104626655256896
ICEWS05-15,192,3390,167,2763,9423,3992,0,2.0,0.0686631038826444,1.0,0.2871745887492588,0.0,1.0,0.1357820740277419,0.5,0.18683878539224372,0.11541649241807349
ICEWS05-15,193,3390,171,565,1748,4680,0,5245.0,9.624978590278009e-05,1.0,9.624978590278009e-05,0.0,1.0,0.9999999896103666,0.5,0.14866022360895909,0.26180332173487814
ICEWS05-15,194,10120,224,1097,5379,9734,0,1.0,0.4343990919323004,8.0,1.0,0.5004805029318112,0.49951949706818877,0.05916352862633795,0.5,0.3905103411452993,0.23483147329193452
ICEWS05-15,195,10120,224,923,3425,5379,0,1.0,2.4666004384571765,27.0,1.0,0.11941028868578774,0.8805897113142123,0.3907481354244423,0.5,0.5052263835640717,0.3866936420391964
ICEWS05-15,196,10120,224,2536,5379,1677,0,2.0,0.5947919912401853,55.0,0.3234082913657485,0.41724548539634954,0.5827545146036505,0.2396613982252522,0.5,0.33969386957400366,0.2166675787760999
ICEWS05-15,197,10120,224,280,1677,5379,0,3.0,0.9100546179308575,7.0,0.646816582731497,0.5626487601131206,0.6740542574563082,0.444400159755959,0.6183515087847145,0.32153180041942353,0.3478045534902542
ICEWS05-15,198,10120,167,602,1677,5379,0,2.0,0.9106139229980776,21.0,0.820335356007638,0.6156663724128799,0.38433362758712014,0.12470730788464574,0.5,0.40893783098226305,0.24424237470119897
ICEWS05-15,199,10120,167,3191,3425,2146,0,2.0,0.1985384771162648,1.0,0.35707170313208786,0.0,1.0,0.38505930779983927,0.5,0.19917519495251423,0.16962730873899348
ICEWS05-15,200,10120,167,1307,6213,6213,1,1.0,1.319625415012037,4.0,0.9803906099397734,1.17556520073947e-10,0.9999999998824435,0.5224601425583433,0.5,0.37930793888533004,0.3616548984762027
ICEWS05-15,201,10120,167,1419,5379,5856,0,2.0,0.6259498603108442,2.0,0.9611657480580811,0.0,1.0,0.19677662357350753,0.5,0.33271674291424214,0.2381370098903798
ICEWS05-15,202,10120,167,564,5802,5379,0,5249.0,0.10592554939260568,15.0,0.3170664520316462,0.537348743819795,0.462651256180205,0.08375386165951414,0.5,0.270357976854957,0.14641604779543738
ICEWS05-15,203,10120,152,488,9414,5379,0,5262.0,0.23263003403900107,7.0,1.0,0.3496289435172316,0.6503710564827684,0.08183886008563557,0.5,0.3792965707624526,0.24076927371460605
ICEWS05-15,204,10120,152,432,336,6268,0,5261.0,0.23685687021885338,4.0,0.7284274237469965,0.4826170597049737,0.5173829402950263,0.045267765603455,0.5,0.30039618393850703,0.16890380911526331
ICEWS05-15,205,10120,152,2111,913;5403,5379,0,2659.0,0.1774500186170509,31.0,0.9803906099397734,0.5574156251637684,0.4425843748362316,0.04172497291614828,0.5,0.44534835682502666,0.2693277458012359
ICEWS05-15,206,10120,152,3210,3378,1677,0,5335.0,0.07955570762438224,34.0,0.8705505632961241,0.00036266261794937193,0.9996373373820506,0.047862353876300834,0.5,0.42235134257628304,0.26413591582760243
ICEWS05-15,207,10120,152,117,8477,7393,0,2.0,0.7240301610294246,2.0,0.8705505632961241,0.0,1.0,0.2657937387725341,0.5,0.3166002061286382,0.23929171828337994
ICEWS05-15,208,10120,152,305,1677,2391,0,2.0,1.290921053068863,4.0,0.836743383392903,0.26899608415542076,0.7310039158445792,0.2618336529580649,0.5,0.34769006927441076,0.24160751959911342
ICEWS05-15,209,10120,152,1598,2384,5639,0,3.0,0.17557304923022765,2.0,0.5858370854182298,0.0,1.0,0.08185989000155948,0.5,0.2508128567422692,0.15084950645778264
ICEWS05-15,210,10120,152,3755,1677,2609,0,1.0,1.3627954979923995,20.0,1.0,0.3143199663616427,0.6856800336383573,0.15746307536133433,0.5,0.45965632398125006,0.295079189694548
ICEWS05-15,211,10120,105,926,5379,5379,1,1.0,3.9439235597847158,71.0,0.9803906099397734,0.522242323362779,0.6063501058142193,0.34889299522909006,0.5642962145884991,0.5907560740169273,0.44212920646733456
ICEWS05-15,212,10120,105,1769,5802,1677,0,20.0,1.9125631196895452,108.0,0.7429971445684742,0.5590211136418344,0.6131085803485155,0.40172439601444143,0.5860648469951749,0.5031823840433797,0.44246984494946784
ICEWS05-15,213,10120,105,1430,1421,1677,0,3.0,2.5737908115316133,91.0,0.9057236642639067,0.6424151060631407,0.5436011427780797,0.34965002849302534,0.5930081244206102,0.5498647120666509,0.4587881947464061
ICEWS05-15,214,10120,105,1320,5379,3425,0,5.0,0.06357930100434084,22.0,0.7884782461155736,0.3512579211592871,0.6487420788407129,0.013517142893216563,0.5,0.3819576409646359,0.21755288443315163
ICEWS05-15,215,10120,105,1658,7310,1677,0,5262.0,0.5235693280347731,102.0,0.8705505632961241,0.5200411366629478,0.47995886333705223,0.1686737523264663,0.5,0.491756241018782,0.329637476401682
ICEWS05-15,216,10120,105,464,5379,1677,0,4.0,0.5040997432073677,29.0,0.9803906099397734,0.6891767016720574,0.31082329832794264,0.03979821890719249,0.5,0.450775331224094,0.26255452177233146
ICEWS05-15,217,10120,105,384,5379,1421,0,2.0,0.22418787955133457,14.0,0.9803906099397734,0.7632865286758136,0.2367134713241864,0.02563965515737692,0.5,0.40688180962436016,0.23409919133752669
ICEWS05-15,218,10120,105,615,1421,1677,0,3.0,1.0510229599436292,41.0,0.9238395952400507,0.5740487939935206,0.4259512060064794,0.07556527075558253,0.5,0.4705245085529822,0.2743651430977421
ICEWS05-15,219,10120,125,1157,1421,5379,0,2.0,0.567862719270718,34.0,0.7730166686334901,0.6915798094973983,0.3084201905026017,0.11307474833160769,0.5,0.41330322066253056,0.24686167697687222
ICEWS05-15,220,10120,125,446,1677,4853,0,1.0,2.013014586193098,5.0,1.0,0.06798567659957588,0.9320143234004241,0.4682255629802476,0.5,0.41115772658733085,0.3511094778249776
ICEWS05-15,221,10120,125,866,5379,5379,1,1.0,1.941719294334371,20.0,0.7284274237469965,0.5381083773848541,0.724551882196304,0.5386456276894989,0.631330129790579,0.41318007214017194,0.4516401374239583
ICEWS05-15,222,10120,125,2189,1421,4853,0,2.0,1.1836244707708832,25.0,0.7284274237469965,0.03136081386084022,0.9686391861391598,0.6811581307672543,0.5,0.40417895594757913,0.4267081628692759
ICEWS05-15,223,10120,125,1962,5802,9734,0,2.0,0.20068454486883702,18.0,0.8879629756445782,0.45274445886722003,0.54725554113278,0.06591784080154454,0.5,0.39778727350938614,0.2416036030902457
ICEWS05-15,224,10120,133,1701,1677,1677,1,1.0,0.5518460320315248,44.0,0.9803906099397734,0.6242048564085048,0.3757951435914952,0.11827366248534907,0.5,0.4736884237765142,0.3029384716847971
ICEWS05-15,225,10120,133,3009,3386,3386,1,1.0,0.019224861881692368,1.0,0.9803906099397734,0.0,1.0,0.009901778952997927,0.5,0.303331896851656,0.1840095654358287
ICEWS05-15,226,10120,133,2517,3425,1421,0,9.0,0.13949967740598335,31.0,0.9057236642639067,0.13603035817288067,0.8639696418271193,0.07127670881159526,0.5,0.427251559760963,0.27198176029708293
ICEWS05-15,227,10120,133,1531,8370,1421,0,5256.5,0.6744569773108577,23.0,0.9803906099397734,0.16285086789598668,0.8371491321040133,0.1720988111802709,0.5,0.4435580344017246,0.30633726578049286
ICEWS05-15,228,10120,133,832,1677,1677,1,1.0,1.9163189855362217,18.0,0.9611657480580811,0.515627547544161,0.7976111577801823,0.45403571303796375,0.6566193526621716,0.4604177595170036,0.497951310896303
ICEWS05-15,229,10120,56,471,1677,1421,0,5.0,0.19716829468550112,9.0,0.8042490800314893,0.48310762692075737,0.5168923730792426,0.06764629797986421,0.5,0.3473771784811386,0.20564661014885735
ICEWS05-15,230,10120,56,2412,4853,9734,0,12.0,0.013988756586403417,41.0,1.0,0.13098579301297975,0.8690142069870203,0.006115384723520357,0.5,0.45987818003086395,0.2828547836597175
ICEWS05-15,231,10120,56,1648,5999,1421,0,5263.5,0.7699141060484935,56.0,0.597554769985219,0.439050925310154,0.560949074689846,0.2719459966658864,0.5,0.40450013707686744,0.27944118725742234
ICEWS05-15,232,10120,56,3411,10397,4853,0,5274.5,2.4805155895979425e-07,18.0,0.7578582832551991,3.273058871711143e-07,0.9999996726941128,1.6365297038109165e-07,0.5,0.36408821925353846,0.20960472362985885
ICEWS05-15,233,10120,56,1665,9734,1421,0,9.0,0.0479035323977981,57.0,1.0,0.5625222381726078,0.4374777618273921,0.010589323869841885,0.5,0.4780418359145027,0.28625981077759105
ICEWS05-15,234,10120,6,2749,1677,1677,1,1.0,1.0679842026812123,17.0,0.9238395952400507,0.1349688572923451,0.9999999999999998,0.9999999999969034,0.5674844286461724,0.42606883373250376,0.6304150505184922
ICEWS05-15,235,10120,172,258,913,1677,0,5247.0,0.1646897452560867,1.0,0.3170664520316462,0.0,1.0,0.3508193530270869,0.5,0.1927302286714511,0.1568449304558313
ICEWS05-15,236,10120,180,1315,9568,213,0,6.0,0.05400723798943652,9.0,0.6216979445974911,0.3050882623353247,0.6949117376646753,0.010435063488641328,0.5,0.3066078775533483,0.16669211780603235
ICEWS05-15,237,10120,180,1777,3425,1421,0,32.0,0.08971522941021437,2.0,0.9611657480580811,1.7763568394002505e-15,0.9999999999999982,0.0489547272061623,0.5,0.3198041635377708,0.20139323437261883
ICEWS05-15,238,10120,180,160,3425,3425,1,1.0,1.1048129746049515,2.0,0.9803906099397734,0.0,1.0,0.3976579481850681,0.5,0.3485128155549325,0.3000891886684924
ICEWS05-15,239,10120,180,794,3969,4853,0,5253.5,0.4477493371189393,4.0,0.9803906099397734,0.013831756510427118,0.9861682434895729,0.29064566798026853,0.5,0.35709210432310484,0.2878303234081629
ICEWS05-15,240,10120,137,1028,4853,9962,0,8.0,0.3552058819896795,2.0,0.8534795977333005,0.0,1.0,0.11870172106746674,0.5,0.3045503676734132,0.19926656151721747
ICEWS05-15,241,10120,41,323,1784,6169,0,5246.5,0.8216049022243844,1.0,0.9057236642639067,0.0,1.0,0.8300360546191595,0.5,0.30725013907219617,0.41486820298560256
ICEWS05-15,242,10120,201,325,1784,0,0,5244.5,0.0,0.0,0.0,0.0,0.0,0.0,0.0,0.13079885792039397,0.013540413295886884
ICEWS05-15,243,10120,182,3162,537,5379,0,5247.0,0.9431278056801415,11.0,0.9423178739918808,0.0012871756934262901,0.9999999999974502,0.9991428235756015,0.5006435878454383,0.4057968390107581,0.5692883870708642
ICEWS05-15,244,10120,59,3728,1677,1677,1,1.0,0.22332765154696613,45.0,0.0824692444233059,0.2757911819344494,0.9999999999696082,0.9999999645916982,0.6378955909520287,0.27456290921158893,0.5093167627740144
ICEWS05-15,245,10120,111,1048,4853,4680,0,3.0,0.009493285114601076,2.0,0.015625000000000007,0.0,1.0,0.18119058189223575,0.5,0.16209604675505834,0.10145430612440132
ICEWS05-15,246,10120,126,951,1677,1421,0,2.0,0.02518387292227306,1.0,0.02614823073102822,0.0,1.0,0.9288627267879974,0.5,0.15210653454038522,0.24663193291709468
ICEWS05-15,247,10120,140,2895,6213,1421,0,5246.5,0.0007255831476108736,1.0,0.0007255831489926504,0.0,1.0,0.9999999948130638,0.5,0.1487430336717493,0.2619306404548311
ICEWS05-15,248,10120,64,3411,1677,1677,1,1.0,0.0009603468388016165,11.0,0.0005080094156356625,0.38020508730352487,0.6197949126964751,0.4318765604393728,0.5,0.2041793822644872,0.1669440645726642
ICEWS05-15,249,5715,137,1846,10237,2089,0,5254.5,0.6509940972507844,1.0,0.836743383392903,0.0,1.0,0.636673608179692,0.5,0.2899055150409468,0.33043624534682825
ICEWS05-15,250,5715,137,1031,4853,4853,1,1.0,0.06539745855122203,11.0,0.9611657480580811,0.0005101302358455628,0.9994898697641544,0.03519937796052217,0.5,0.386984754230112,0.24164909649577831
ICEWS05-15,251,5715,113,1190,1573;5287,6430,0,2624.0,0.0007400926056578257,1.0,0.0007400959797414053,0.0,1.0,0.9999908807282223,0.5,0.14874494372707894,0.26193091874622665
ICEWS05-15,252,5715,168,2070,1677,1677,1,1.0,1.4681117122437806,38.0,0.9803906099397734,0.4607850574392225,0.9462751646784828,0.6770948453562108,0.7035301110588527,0.491088058382373,0.6559857082058025
ICEWS05-15,253,5715,167,1325,2647,2647,1,1.0,0.6226310146324912,2.0,0.9238395952400507,0.0,1.0,0.20747630211205345,0.5,0.3249761717442105,0.23390829051994097
ICEWS05-15,254,5715,172,3569,1677,1677,1,1.0,0.7840673598610803,108.0,0.7730166686334901,0.50280793012272,0.9657050441296613,0.3371662752959966,0.7342564871261906,0.47926413532083273,0.5513504552882956
ICEWS05-15,255,5715,172,664,5287,5287,1,1.0,2.7870365159671717,28.0,0.8705505632961241,0.5086740657850538,0.8338015225278251,0.6914981410919733,0.6712377941564395,0.48579498162644263,0.5904712091572444
ICEWS05-15,256,5715,172,3441,1677,2841,0,2.0,0.0703231900312099,5.0,0.7429971445684742,3.638644940906488e-12,0.9999999999963614,0.0496748079941124,0.5,0.30767647370581586,0.18531293711232735
ICEWS05-15,257,5715,172,438,5287,5287,1,1.0,2.2179940703955117,12.0,0.7001394896518027,0.6307009472619091,0.7559708350164868,0.5452764485222313,0.6933358911391979,0.3894250229137074,0.47092165645293377
ICEWS05-15,258,5715,172,1006,5287,1677,0,2.0,1.0844229341326224,18.0,0.6729500963161781,0.6464139425418534,0.6614005989519919,0.3983910917994078,0.6539072707469227,0.3733639738903356,0.39917832863933883
ICEWS05-15,259,5715,172,1750,5287,6359,0,3.0,0.25565713946135615,7.0,0.6729500963161781,0.32862252029978467,0.6713774797002153,0.14617101436637955,0.5,0.31128165929150703,0.19832881457076293
ICEWS05-15,260,5715,202,882,5287,1677,0,5245.0,2.4674094495067524e-06,1.0,2.4674094495067524e-06,0.0,1.0,0.9999995947168011,0.5,0.148647886627668,0.26178423739084544
ICEWS05-15,261,5715,56,342,7822,5287,0,2.0,0.7933213239048265,3.0,0.9611657480580811,0.45810493253280915,0.5418950674671908,0.2880507574763163,0.5,0.3507180701359301,0.2637138872231688
ICEWS05-15,262,5715,56,3318,5592,10367,0,35.0,0.6454897597112068,5.0,0.9238395952400507,0.41816684128633075,0.5818331587136693,0.2551214754298372,0.5,0.35897264232899717,0.2621405233989967
ICEWS05-15,263,5715,64,3610,3727,1677,0,5249.0,0.13509662670905362,11.0,0.13530487396734708,9.000787328794502e-07,0.9999990999212671,0.9969247454779854,0.5,0.22787798672016293,0.36101614136404403
ICEWS05-15,264,5715,170,1927,9936,1677,0,2.0,0.2954380680941814,14.0,0.2815432702230894,0.2715408408946728,0.9937739733913258,0.6186602625775732,0.6326574071429993,0.26523792074219427,0.3659137526667156
ICEWS05-15,265,5715,133,1525,1677,1677,1,1.0,1.7320215210961631,23.0,0.8534795977333005,0.5170480823913776,0.9813975956097464,0.9609489952424536,0.749222839000562,0.44302764061444094,0.7284998778823352
ICEWS05-15,266,5715,180,1559,3406,3406,1,1.0,0.3636337835402986,1.0,0.9803906099397734,0.0,1.0,0.22767702922501631,0.5,0.3113643008704757,0.2375401941106754
ICEWS05-15,267,5715,130,1708,1677,1677,1,1.0,1.2895366759336055,6.0,0.9803906099397734,0.23973421753981128,1.0,0.9999999999992245,0.6198671087699057,0.39565160824907264,0.6398645701562846
ICEWS05-15,268,5715,57,1207,1677,1677,1,1.0,0.7429971445684742,1.0,0.7429971445684742,0.0,1.0,0.9999999999986541,0.5,0.27429539172412587,0.43559028745219736
ICEWS05-15,269,786,245,2093,6354,6354,1,1.0,0.02387956196837706,59.0,0.02276335699209365,0.046743109350966816,0.9999999999979212,0.9999999999530602,0.523371554674444,0.2705216767916499,0.42103048059698056
ICEWS05-15,270,786,250,3712,7973,6354,0,5245.5,0.00360874841752793,9.0,0.003608748418906448,4.9960036108132044e-15,0.999999999999995,0.9999999989588988,0.5,0.19840301421040452,0.32352651725740583
ICEWS05-15,271,530,56,2467,3518,2609,0,2.0,0.03435568906603326,39.0,0.22199074391114454,0.0020176155428127673,0.9979823844571872,0.01632490398106617,0.5,0.29058736790626993,0.14982052773699267
ICEWS05-15,272,530,56,1847,1136,1096,0,7.0,0.6723249062953657,22.0,0.5,0.5744664141789547,0.7781049148035101,0.40075018506532184,0.6762856644912324,0.33563470222930664,0.3852960025489356
ICEWS05-15,273,530,56,3839,1096,393,0,2.0,1.65417531322686,25.0,0.9803906099397734,0.7703000124146153,0.22969998758538468,0.12118063007939617,0.5,0.4744645586658519,0.2762327670682929
ICEWS05-15,274,530,56,3518,9837,1096,0,5289.5,3.567451577262573,77.0,0.8042490800314893,0.7031965718463955,0.7041397461829655,0.5396800951676244,0.7036681590146805,0.544685628772379,0.5790158094179867
ICEWS05-15,275,530,56,2993,5132,5132,1,1.0,0.22253232668457434,1.0,0.9803906099397734,0.0,1.0,0.12802097993885259,0.5,0.30805938172555575,0.21175659728141177
ICEWS05-15,276,530,56,326,9832,63,0,8.0,0.5212765523055856,4.0,1.0,0.2377722177309931,0.7622277822690069,0.0734488396326623,0.5,0.3631501428201378,0.22457188619067722
ICEWS05-15,277,530,172,862,3607,3425,0,7.0,0.4771429724992553,7.0,0.9238395952400507,0.1313210175030669,0.8686789824969331,0.2892028213534107,0.5,0.36898635787478384,0.2899421648795041
ICEWS05-15,278,530,172,3967,4058,3607,0,2.0,2.3337736079315348,100.0,0.8879629756445782,0.7305070352720092,0.7544278960037542,0.5483355205940499,0.7424674656378817,0.5442168121806936,0.6478457073530955
ICEWS05-15,279,530,172,1913,4680,3607,0,2.0,0.24935954333282195,62.0,0.7884782461155736,0.5899066436706374,0.4100933563293626,0.06934358397581854,0.5,0.439109866517005,0.26101652239678486
ICEWS05-15,280,530,172,197,3607,3527,0,2.0,1.2543369381861975,4.0,0.9611657480580811,0.6317008277860522,0.6474177505923212,0.31634061468154107,0.6395592891891867,0.3734330994315322,0.3731180028784192
ICEWS05-15,281,530,167,3602,1677,1677,1,1.0,0.46021522973151285,42.0,0.5,0.24388777752599466,0.7561122224740053,0.5336820194038636,0.5,0.36081096919322103,0.3360697615924069
ICEWS05-15,282,530,167,3631,4853,4853,1,1.0,0.4006602090303407,10.0,0.7730166686334901,0.0,1.0,0.349807585975784,0.5,0.3504880076463805,0.2911142062591529
ICEWS05-15,283,530,167,993,1677,1677,1,1.0,0.4013860382214989,17.0,0.820335356007638,0.6121864096219437,0.3878135903780563,0.05135626870650138,0.5,0.3852820684852309,0.21947193377317198
ICEWS05-15,284,530,137,1040,8845,9419,0,5260.0,0.3452388101291284,5.0,0.4901953049698867,0.4595763831757673,0.5404236168242327,0.10631180071204639,0.5,0.26581421497255575,0.15187316556417255
ICEWS05-15,285,530,137,1649,3931,1096,0,5264.5,0.3620835422634979,4.0,0.6341329040632923,0.3062976994724438,0.6937023005275562,0.24695825693766718,0.5,0.2850849762160708,0.20240596616377807
ICEWS05-15,286,530,137,278,3527,3527,1,1.0,1.380253001337718,4.0,0.7578582832551991,0.6406006930970809,0.8583107324190169,0.4865000115894798,0.7494557127580489,0.33341579009951827,0.4685677874905182
ICEWS05-15,287,530,137,1384,1677,2609,0,2.0,2.4861557699451753,19.0,0.7578582832551991,0.6815223625738414,0.721290144145332,0.5539340424151294,0.7014062533595866,0.4318556853754956,0.513284534019581
ICEWS05-15,288,530,137,886,4853,5737,0,2.0,0.022735397401488222,11.0,0.2706097479346942,0.6664137122232675,0.3335862877767325,0.014212360235629579,0.5,0.2484636530596194,0.12096531125433553
ICEWS05-15,289,530,205,197,3607,3527,0,5245.0,0.6216979445974911,1.0,0.6216979445974911,0.0,1.0,0.9999999999983915,0.5,0.24992313616648362,0.40467262222271505
ICEWS05-15,290,530,111,1890,3518,1096,0,5259.0,0.4121051525603643,8.0,0.8534795977333005,0.024196924277190446,0.9758030757228096,0.30818941503206726,0.5,0.3580452160771995,0.28760689993603816
ICEWS05-15,291,530,111,2407,1096,10253,0,6.0,0.2999703693938646,13.0,0.4805828740290406,0.003099817255520554,0.9969001827444794,0.4516373967003611,0.5,0.29982431594615266,0.26864765551678993
ICEWS05-15,292,530,125,3917,1096,10126,0,3.0,0.50495756041595,1.0,0.7141434062641757,0.0,1.0,0.5468878617894498,0.5,0.2638899345671329,0.2749560769461401
ICEWS05-15,293,530,95,1932,8410,3518,0,5247.5,0.20290992365195581,1.0,0.5858370854182298,0.0,1.0,0.20945232469247146,0.5,0.2353668721783456,0.1665487906376879
ICEWS05-15,294,530,168,3734,1755,393,0,4.0,0.0,1.0,0.8534795977333005,0.0,0.0,0.0,0.0,0.2785628236938777,0.03715723657542
ICEWS05-15,295,530,224,1656,2609,2609,1,1.0,0.8703064226711241,1.0,0.8705505632961241,0.0,1.0,0.9994392693837012,0.5,0.3014550887493037,0.46843704019856114
ICEWS05-15,296,530,152,2869,1096,3425,0,11.0,0.02265379694699532,3.0,0.24029143701452027,3.1482856321929376e-09,0.9999999968517144,0.049470099204987156,0.5,0.20251411783582596,0.11020229236880925
ICEWS05-15,297,530,180,1728,2609,3151,0,13.0,0.25125381506095457,2.0,0.7141434062641757,1.3022895552938785e-05,0.9999869771044471,0.21346032362375647,0.5,0.2755429612606225,0.19872059698644745
ICEWS05-15,298,530,180,2867,1096,574,0,12.0,0.7935222330638527,6.0,0.5743491774985175,0.44960523187686285,0.7830128492795405,0.6134585187482187,0.6163090405782017,0.29827304987045095,0.38529002726224243
ICEWS05-15,299,530,202,2001,1096,1096,1,1.0,0.975671524862048,3.0,0.9803906099397734,0.000876595779402578,0.9991234042205974,0.9886925908741716,0.5,0.3593861737310524,0.524851947499574
ICEWS05-15,300,530,161,2277,4853,0,0,5244.5,0.0,0.0,0.0,0.0,0.0,0.0,0.0,0.13079885792039397,0.013540413295886884
ICEWS05-15,301,4853,56,1441,1677;3425,9423,0,1.5,1.8526967743647944,207.0,1.0,0.7103011245283328,0.2896988754716672,0.07538112491552254,0.5,0.5947774861914382,0.3483663974126799
ICEWS05-15,302,4853,56,847,10253,1677,0,3.0,3.788434903794485,203.0,0.9238395952400507,0.8120701247278778,0.3461980242507531,0.19456842963839593,0.5791340744893154,0.6273443358016837,0.4214879338253327
ICEWS05-15,303,4853,56,704,1677,9423,0,1.0,0.4454446136379655,109.0,1.0,0.8358935624529922,0.16410643754700788,0.018803068130897382,0.5,0.5232181594949533,0.30558963667603706
ICEWS05-15,304,4853,56,3953,1677;9423,9423,1,1.0,1.4048467157640498,448.0,0.9611657480580811,0.7061996690850778,0.29380033091492225,0.0749841156415363,0.5,0.6138707759035379,0.37297836395169737
ICEWS05-15,305,4853,56,3046,9423,1677,0,1.0,2.9220403497281415,440.0,1.0,0.7581753543790039,0.6067087691194448,0.34645812543644455,0.6824420617492244,0.6597294872411885,0.6196912904228722
ICEWS05-15,306,4853,56,3824,9423,9423,1,1.0,2.4862688695414006,431.0,0.9803906099397734,0.8325445433105831,0.2940055192575404,0.1549519078973657,0.5632750312840618,0.6437527258772349,0.44718712013681783
ICEWS05-15,307,4853,56,1019,1677,1677,1,1.0,3.9922393507073313,243.0,0.9057236642639067,0.7406662869397649,0.48000300942529484,0.24115666474152858,0.6103346481825298,0.6375451985217482,0.4682831563826738
ICEWS05-15,308,4853,56,2853,1677,1677,1,1.0,0.2970326724920729,427.0,0.5858370854182298,0.3413537266060772,0.6586462733939228,0.06017997879742995,0.5,0.49573828069184217,0.29093507383585565
ICEWS05-15,309,4853,56,662,1677;9423,1677,1,1.0,3.7320679896510462,154.0,0.9423178739918808,0.7181170550885002,0.4610983845309665,0.1778295440705598,0.5896077198097334,0.6160774240230366,0.41888091903404967
ICEWS05-15,310,4853,56,647,9423,1677,0,1.0,2.5357115638573298,148.0,1.0,0.7969236598968974,0.3827325057032724,0.1511254229304686,0.5898280828000849,0.5955680602951471,0.42476336698402184
ICEWS05-15,311,4853,56,1780,7379,1677,0,5276.5,0.14105816500441648,355.0,0.6729500963161781,0.8163210130255671,0.18367898697443288,0.008886336861433978,0.5,0.5018412171865566,0.2767356344897691
ICEWS05-15,312,4853,56,3727,1677,1677,1,1.0,2.503502720158319,487.0,0.9423178739918808,0.6223746808612305,0.37762531913876946,0.21568947028980348,0.5,0.6420601253277438,0.42079543624077187
ICEWS05-15,313,4853,56,1775,5186,1677,0,55.0,0.15574084079944583,355.0,0.7429971445684742,0.8163210130255671,0.18367898697443286,0.00888633686143399,0.5,0.5185190003593481,0.2918244118717731
ICEWS05-15,314,4853,56,1752,3425,9423,0,7.0,0.9260776408322346,265.0,0.8879629756445782,0.6705506579302078,0.3294493420697922,0.04628006746636625,0.5,0.5574459107402459,0.32626513249353
ICEWS05-15,315,4853,56,2865,9423,1677,0,2.0,2.0384528806770605,429.0,1.0,0.6486453369571137,0.6099388551647202,0.35787621384786333,0.629292096060917,0.6364218067847419,0.5878644525436644
ICEWS05-15,316,4853,56,915,1677,1677,1,1.0,5.333755246201574,221.0,0.9803906099397734,0.8677699798912168,0.47605866410397985,0.2636409289163592,0.6719143219975984,0.6815415706889839,0.5331230807016136
ICEWS05-15,317,4853,56,3967,1677,9423,0,1.0,2.252823799670237,453.0,1.0,0.7958110229551516,0.2041889770448484,0.10307807918753206,0.5,0.6445120201650397,0.38767929466205375
ICEWS05-15,318,4853,56,2150,1677,1677,1,1.0,0.3327827403585939,388.0,0.8534795977333005,0.6857338449368281,0.3142661550631719,0.02713282319183427,0.5,0.5536073267906042,0.3288480310863905
ICEWS05-15,319,4853,174,144,9423,2929,0,2.0,0.29901565674618513,1.0,0.7429971445684742,0.0,1.0,0.25191325992420627,0.5,0.2647199066043097,0.20088173892926953
ICEWS05-15,320,4853,105,870,5802,1677,0,20.0,1.558280540923929,66.0,0.46191979762002533,0.6940507439000918,0.540959082410969,0.2985784232131405,0.6175049131555304,0.40327570290888287,0.3356495203813223
ICEWS05-15,321,4853,105,3533,9423,9423,1,1.0,3.0087153320876574,169.0,0.820335356007638,0.5561649697441025,0.6080419525426999,0.4308771781501521,0.5821034611434012,0.5744581371037947,0.48676375630398694
ICEWS05-15,322,4853,105,17,9423,10120,0,5245.5,0.03249430336141368,1.0,0.836743383392903,0.0,1.0,0.01980161645202524,0.5,0.27615707524723465,0.16420607060866704
ICEWS05-15,323,4853,105,1158,1677,1677,1,1.0,1.6620528098541154,82.0,0.8705505632961241,0.7909378308343457,0.5846275234363378,0.24932921553115217,0.6877826771353417,0.5113601356204891,0.4827192233555668
ICEWS05-15,324,4853,105,1224,1677,1677,1,1.0,2.607135405978751,87.0,0.9803906099397734,0.531976989326516,0.7283690891229577,0.45821970139614665,0.6301730392247369,0.5655396411841161,0.5502752838715421
ICEWS05-15,325,4853,105,1721,10120,9423,0,6.0,0.9235671244139048,88.0,0.7141434062641757,0.653186962164156,0.6428108898566441,0.2890888200062065,0.6479989260104,0.4586121332043532,0.43437047102596305
ICEWS05-15,326,4853,105,3960,332,9423,0,5263.0,2.241754850995313,196.0,1.0,0.5280149646519563,0.8260715335474065,0.3743328874094475,0.6770432490996814,0.6022195511785124,0.5990531926388578
ICEWS05-15,327,4853,105,410,4665,9423,0,5250.5,0.43308917214272125,32.0,0.5630865404461788,0.8286884735646214,0.17131152643537859,0.062121611181805286,0.5,0.36056213014312066,0.1916298232763588
ICEWS05-15,328,4853,105,2042,9423,1677,0,2.0,0.33116056970840413,126.0,0.8705505632961241,0.6967736597720456,0.30322634022795436,0.061204092814229276,0.5,0.49771664231346535,0.2993293463556074
ICEWS05-15,329,4853,125,305,1677,1677,1,1.0,3.4211649032543896,50.0,0.9803906099397734,0.838857786887184,0.29867380433819585,0.16735686656495719,0.5687657956126899,0.5586927224776039,0.3582726952791668
ICEWS05-15,330,4853,125,2725,1677,1677,1,1.0,2.9861172740329085,311.0,0.8879629756445782,0.616151226847333,0.6504812167422135,0.2926295857371727,0.6333162217947732,0.6202731132983317,0.5201916417452054
ICEWS05-15,331,4853,125,3796,5802,9423,0,27.0,1.2961986050323677,306.0,0.9803906099397734,0.7195766367966286,0.28042336320337136,0.10327350978511217,0.5,0.59581232930804,0.3714626241073542
ICEWS05-15,332,4853,125,3412,3425,9423,0,4.0,0.46552024179768936,274.0,0.6729500963161781,0.5240670898721778,0.47593291012782224,0.19705396652191687,0.5,0.4968856391499183,0.33264619466285794
ICEWS05-15,333,4853,125,256,1677;9423,9423,1,1.0,1.378806871183338,34.0,0.9803906099397734,0.8073079848785789,0.19269201512142115,0.07421926624226406,0.5,0.4828454374988673,0.2730041498994102
ICEWS05-15,334,4853,125,3952,1677,1677,1,1.0,0.8505840259946904,378.0,0.9611657480580811,0.6975725889726829,0.302427411027317,0.09373024212259536,0.5,0.5906219353711974,0.3745603515968501
ICEWS05-15,335,4853,125,247,1677,9423,0,1.0,0.5216521646356398,32.0,1.0,0.7962875301215006,0.20371246987849945,0.02784728937372056,0.5,0.4608456362575021,0.26409102731241
ICEWS05-15,336,4853,125,1318,1677,1677,1,1.0,2.5472748420492133,199.0,0.9423178739918808,0.7673966832780112,0.4570327693203197,0.20251663882257448,0.6122147262991655,0.5981583182637735,0.46071479762666645
ICEWS05-15,337,4853,125,741,9423,1677,0,1.0,3.8335212371357272,116.0,1.0,0.8038573124023309,0.3627905610744089,0.20765838794501484,0.5833239367383699,0.6171248689460435,0.4245131927621121
ICEWS05-15,338,4853,125,1298,1677,1677,1,1.0,6.145822613870088,198.0,0.9057236642639067,0.7342888278595485,0.64006238446669,0.45424199847843505,0.6871756061631192,0.6806897068835208,0.5920987593562012
ICEWS05-15,339,4853,125,3260,9423,9423,1,1.0,0.3115009263386641,272.0,0.9803906099397734,0.6632149616712938,0.3367850383287062,0.05652805289797512,0.5,0.5634043677656013,0.3551770675441238
ICEWS05-15,340,4853,125,3736,9423,1677,0,1.0,1.922628530934496,363.0,1.0,0.5259764139614308,0.4740235860385692,0.1374121747925071,0.5,0.6251436770173631,0.3988572611671753
ICEWS05-15,341,4853,125,843,10015,1677,0,12.0,3.3967418137981484,136.0,0.8042490800314893,0.8270188251633366,0.5023381776137238,0.22617360224436062,0.6646785013885301,0.5698718565314921,0.45308435023562654
ICEWS05-15,342,4853,152,324,6268,409,0,5273.5,0.36772751509383284,8.0,0.9423178739918808,0.49997677126471163,0.5000232287352884,0.03523949427618931,0.5,0.37610581439982876,0.2179767178561008
ICEWS05-15,343,4853,152,2069,1677,1096,0,6.0,1.9346270787411242,59.0,0.6095068271022377,0.43219433229733983,0.5678056677026602,0.3159398010962167,0.5,0.4410184115490132,0.29399454065964387
ICEWS05-15,344,4853,152,3411,1096,1096,1,1.0,17.242582828440643,120.0,0.9803906099397734,0.7727016183770857,0.8783620254483099,0.7390533721168938,0.8255318219126978,0.8738468217329807,0.7428608344602889
ICEWS05-15,345,4853,152,1056,5715,10253,0,4.0,0.8819656103053308,74.0,0.9803906099397734,0.402148120284718,0.597851879715282,0.1624942798756819,0.5,0.5100949342719692,0.34232592704527703
ICEWS05-15,346,4853,152,3335,1096,1096,1,1.0,4.857539466186471,89.0,0.9423178739918808,0.3343589217805273,0.9670674603476475,0.841511496906288,0.6507131910640873,0.6176632968568481,0.689436410829099
ICEWS05-15,347,4853,152,297,1677,8796,0,24.0,0.9665616819202216,6.0,0.8534795977333005,0.56883317298444,0.7156308465704997,0.3230089505560729,0.6422320097774699,0.35961968423052176,0.3678999062355688
ICEWS05-15,348,4853,152,1193,5496,5496,1,1.0,1.8185231609081818,10.0,0.9238395952400507,0.4958264884082674,0.5041735115917326,0.21099274134570734,0.5,0.4203572393682864,0.2655730711356495
ICEWS05-15,349,4853,152,186,190,5737,0,5265.5,0.34972369068251963,9.0,0.4267397988666503,0.5066376388280565,0.49336236117194354,0.0743090404168911,0.5,0.27589451214100646,0.14838645640980025
ICEWS05-15,350,4853,152,3222,1677,3841,0,4.0,2.4306920836239687,13.0,0.5100008047105996,0.7211313424743546,0.7557160507239635,0.39557932203045126,0.7384236965991591,0.3572451075426699,0.4016866089494443
ICEWS05-15,351,4853,152,1646,2929,5496,0,26.0,1.781795239451267,40.0,0.8879629756445782,0.446214964462319,0.553785035537681,0.25900198712058103,0.5,0.4808826302336808,0.3240367854267947
ICEWS05-15,352,4853,152,299,409,8796,0,1.0,0.9290259820471269,7.0,1.0,0.6554805633866259,0.34451943661337414,0.1905240296533502,0.5,0.39741702027684706,0.2631146659001252
ICEWS05-15,353,4853,152,1280,10386,10386,1,1.0,0.38232944955283266,12.0,0.7429971445684742,0.360588172045486,0.639411827954514,0.05964530952965833,0.5,0.35183375697727204,0.202717532324794
ICEWS05-15,354,4853,152,2660,5737,10411,0,2.0,1.3070736370864502,15.0,0.5202016416109183,0.6717836080322037,0.5769579033207258,0.26296585369142333,0.6243707556764648,0.33797814981745,0.28725546915920097
ICEWS05-15,355,4853,152,1889,6573,1096,0,5335.5,2.553103196759511,52.0,0.9057236642639067,0.7895454869417438,0.6672522666169257,0.42170726767448813,0.7283988767793348,0.5198827363661176,0.565508130509448
ICEWS05-15,356,4853,152,325,3404,409,0,5275.5,0.3605166028144797,8.0,0.9238395952400507,0.49997677126471163,0.5000232287352884,0.035239494276189214,0.5,0.3718979590974489,0.2146684946700522
ICEWS05-15,357,4853,152,2108,5187,1096,0,5.0,3.430048494508139,63.0,0.9238395952400507,0.4831940251589393,0.7204055285104806,0.49349984364976407,0.6017997768347099,0.5579741186946571,0.5093855325863232
ICEWS05-15,358,4853,152,2987,2374,5496,0,5360.0,0.4618037754660501,83.0,0.3234082913657485,0.6429525799617721,0.6070304184852857,0.34213598392886924,0.6249914992235289,0.35611538831343204,0.3372282566577323
ICEWS05-15,359,4853,152,1736,1096,1096,1,1.0,5.119830822913264,18.0,0.9803906099397734,0.5573501199330158,0.8035117601919098,0.6610605707143647,0.6804309400624629,0.5523540441294233,0.5859068060431654
ICEWS05-15,360,4853,180,2663,9962,9962,1,1.0,0.16005524915201996,27.0,0.9803906099397734,1.6122688739628188e-09,0.9999999983877311,0.08888373437868341,0.5,0.43781638076597507,0.2914849118017778
ICEWS05-15,361,4853,180,1076,1677,1677,1,1.0,0.0880051640626558,25.0,0.9611657480580811,0.31786820274995387,0.6821317972500461,0.032234929189043166,0.5,0.4275891193149823,0.26067987721795044
ICEWS05-15,362,4853,180,2028,9423,9423,1,1.0,2.5377970813307473,15.0,0.6341329040632923,0.7979805950499228,0.7191763532658934,0.5592575045250693,0.758578474157908,0.39375923244700395,0.514904715404769
ICEWS05-15,363,4853,180,1998,9423,9423,1,1.0,3.310160685735653,13.0,0.7884782461155736,0.6916492766838591,0.8122054567530453,0.6506992042191794,0.7519273667184523,0.44225043705433836,0.5782388117411795
ICEWS05-15,364,4853,168,216,4680,1677,0,6.0,3.5462461491347272,22.0,0.9423178739918808,0.7978616851385607,0.7778011718021153,0.6138294703722186,0.787831428470338,0.5108386823409486,0.649033870612818
ICEWS05-15,365,4853,168,2116,1677,1677,1,1.0,7.86522994692909,117.0,0.9803906099397734,0.7888646011614162,0.9536159390494697,0.8513950112190558,0.8712402701054429,0.7114956686283155,0.8201293114254987
ICEWS05-15,366,4853,168,555,9962,1677,0,1.0,1.2758214643250172,48.0,1.0,0.6301042261765724,0.36989577382342764,0.13677241126384337,0.5,0.5026182201362497,0.3141290795274423
ICEWS05-15,367,4853,168,437,1677,1677,1,1.0,1.831217114874395,37.0,0.8705505632961241,0.6455222612506029,0.5560557936803409,0.2690537969287931,0.6007890274654719,0.4741277928981456,0.3893368791737445
ICEWS05-15,368,4853,137,1724,9423,9423,1,1.0,0.20729758864153425,233.0,0.9423178739918808,0.7902486840581124,0.20975131594188753,0.023616124982016484,0.5,0.5436654965483944,0.3257516008953657
ICEWS05-15,369,4853,137,684,1677,9423,0,1.0,5.105634315973143,89.0,1.0,0.6660469892928391,0.479919251255894,0.21554473010426226,0.5729831202743666,0.6365591859449612,0.40657951823626526
ICEWS05-15,370,4853,137,912,1677,9423,0,2.0,0.556567659614501,136.0,0.8705505632961241,0.8768594180242769,0.1231405819757231,0.031704318096070994,0.5,0.5079537994795161,0.28803979722668677
ICEWS05-15,371,4853,137,1523,9423,9423,1,1.0,0.754726212432729,215.0,0.9803906099397734,0.7980541101232898,0.20194588987671022,0.0317283355939866,0.5,0.5629933468713058,0.3320666770711364
ICEWS05-15,372,4853,137,292,1677,1677,1,1.0,4.7772746138477356,50.0,0.9611657480580811,0.7752088359573077,0.539321462976925,0.26338203185552506,0.6572651494671163,0.5906260001223386,0.4535654778366459
ICEWS05-15,373,4853,137,482,9423,9423,1,1.0,0.29821818076149675,57.0,0.9423178739918808,0.5712564563085377,0.4287435436914623,0.01927226515116061,0.5,0.47150502819168905,0.27554708285044344
ICEWS05-15,374,4853,137,1239,1677,9423,0,1.0,2.886709465567633,158.0,1.0,0.6839727750766218,0.48887072551299143,0.222028419077611,0.5864217502948066,0.6081205765531162,0.45312192784024213
ICEWS05-15,375,4853,137,1612,1677,1677,1,1.0,1.7979398951940668,286.0,0.5858370854182298,0.8793938216818509,0.3201522069239857,0.15939354554392215,0.5997730143029183,0.5154137083181254,0.3598285652282517
ICEWS05-15,376,4853,137,417,1677,1677,1,1.0,6.834003528861468,77.0,0.7429971445684742,0.7869707955403136,0.7060978638027137,0.499381032487111,0.7465343296715137,0.6177808911866483,0.5673990162342958
ICEWS05-15,377,4853,137,3606,1677,1677,1,1.0,2.160199384275929,421.0,0.8534795977333005,0.6169172000707236,0.3830827999292764,0.20207836293319892,0.5,0.6065728697972644,0.38814374578143346
ICEWS05-15,378,4853,137,1337,9423,1677,0,1.0,5.126461934836543,235.0,1.0,0.8487089045742033,0.612492939797336,0.3885141139838393,0.7306009221857697,0.6834139556710349,0.6337081193888094
ICEWS05-15,379,4853,137,1164,1677,1677,1,1.0,2.38733978488502,205.0,0.6864101813026526,0.6822694249403036,0.6162490182452237,0.38696807654289134,0.6492592215927637,0.5370936230730639,0.4965585977999693
ICEWS05-15,380,4853,137,492,1677,1677,1,1.0,0.643324058161646,90.0,0.8879629756445782,0.7797207605800627,0.2202792394199373,0.04198449217831898,0.5,0.4924421570485984,0.2816339759485584
ICEWS05-15,381,4853,183,18,9962,9423,0,5245.0,1.9611657480580813,3.0,1.0,0.0,1.0,0.5000490226130896,0.5,0.3889267439562346,0.34703997047749485
ICEWS05-15,382,4853,183,1845,4684,10120,0,13.0,0.311423938031143,8.0,0.19325416715837251,0.4001095489956108,0.9803007248196406,0.935560297117243,0.6902051369076256,0.22990825703471307,0.4780166120805332
ICEWS05-15,383,4853,167,106,1677,1677,1,1.0,0.5624977546377476,2.0,0.9423178739918808,0.37869166929822606,0.6213083307017739,0.22765479996873644,0.5,0.3273046083644123,0.23538872029881766
ICEWS05-15,384,4853,167,3404,5715,1677,0,21.0,0.24900917739892336,145.0,0.8534795977333005,0.34338496834083454,0.6566150316591655,0.10593315655709801,0.5,0.49897364640487724,0.3242333851858456
ICEWS05-15,385,4853,167,876,1677,1677,1,1.0,3.0963955563958803,62.0,0.8534795977333005,0.7725462975660826,0.8557093910896826,0.7024094008538342,0.8141278443278825,0.5318529740045942,0.7178450306094013
ICEWS05-15,386,4853,167,1248,1677,1677,1,1.0,4.678739850798394,89.0,0.9238395952400507,0.5743337787095228,0.9253655394535306,0.7694663897237789,0.7498496590815267,0.608942692971853,0.7241681278309804
ICEWS05-15,387,4853,167,66,9568,9423,0,5245.5,0.15225069148684278,1.0,0.8879629756445782,0.0,1.0,0.09376917617460398,0.5,0.2884640481838332,0.18798991318200178
ICEWS05-15,388,4853,111,1285,3425,9423,0,2.0,0.06867117676386147,95.0,1.0,0.5399574629730488,0.46004253702695114,0.016049343916744545,0.5,0.5056156069909422,0.3077432826451368
ICEWS05-15,389,4853,111,585,1677,1677,1,1.0,0.4203345135112597,70.0,0.8705505632961241,0.5984314224282197,0.40156857757178027,0.029197843131231,0.5,0.46901846449343715,0.2697748159803049
ICEWS05-15,390,4853,111,414,9423,1677,0,1.0,3.714114951261254,54.0,1.0,0.7650321035858668,0.5913095025417071,0.33434296223182824,0.678170803063787,0.5750248944775574,0.5152697668505705
ICEWS05-15,391,4853,111,2526,1677,1677,1,1.0,0.3678243210179034,151.0,0.7730166686334901,0.4342877140153093,0.5657122859846907,0.15552348309230415,0.5,0.4856858089720748,0.3208755365010056
ICEWS05-15,392,4853,111,2181,1939,9423,0,5263.0,1.2401969747008499,131.0,0.7578582832551991,0.47203618247079493,0.5279638175292051,0.17213876660316993,0.5,0.4984872172346527,0.31335597405492627
ICEWS05-15,393,4853,111,255,9423,1677,0,2.0,1.0190028990664066,33.0,0.6864101813026526,0.7299017068618927,0.2700982931381073,0.11520729284415551,0.5,0.4042824813654782,0.2277884236741773
ICEWS05-15,394,4853,111,35,3425,9423,0,3.0,1.3555945553033222,4.0,0.9238395952400507,0.3788761444345802,0.6211238555654198,0.3065369644014374,0.5,0.3679241736895631,0.2694635035345702
ICEWS05-15,395,4853,208,431,1677,913,0,2.0,0.13825465292053013,1.0,0.18574928614211858,0.0,1.0,0.5927470833842021,0.5,0.17402381080857274,0.18908367357900208
ICEWS05-15,396,4853,41,2096,6412,6179,0,2.0,1.287492967922289,60.0,0.7284274237469965,0.5802323380457814,0.7347420641239539,0.38572882408101944,0.6574872010848677,0.45170112583174377,0.46527111270335875
ICEWS05-15,397,4853,41,254,6179,4387,0,2.0,0.06365689962234378,1.0,0.820335356007638,0.0,1.0,0.040365467392902275,0.5,0.2737958881821568,0.16601357041322362
ICEWS05-15,398,4853,138,1228,1677,10120,0,5.0,0.36069603673754247,7.0,0.5,0.3336415498792693,0.6663584501207307,0.3164006508012688,0.5,0.2802036232273538,0.20984668649387583
ICEWS05-15,399,4853,138,61,1677,4684,0,5246.5,0.5198684350492807,3.0,0.4183716916964515,0.39030370636661893,0.6096962936333811,0.32012432061909585,0.5,0.24038229258909316,0.17610060898843363
ICEWS05-15,400,4853,172,1007,1677,1677,1,1.0,0.05695507042130554,54.0,0.5412194958693883,0.512773736974671,0.48722626302532906,0.014211527747323193,0.5,0.37170572930069096,0.1978612147673631
ICEWS05-15,401,4853,172,1290,9423,10386,0,6.0,0.0636799090375878,3.0,0.8042490800314893,0.03878048327854433,0.9612195167214557,0.039559784442191014,0.5,0.3011687755566667,0.18099255551832014
ICEWS05-15,402,4853,172,850,7577,1677,0,5260.0,0.169061903930523,47.0,0.8042490800314893,0.4876139510675527,0.5123860489324473,0.05691995958147033,0.5,0.4262343755937165,0.2535464082868805
ICEWS05-15,403,4853,172,475,9423,1677,0,2.0,1.8107412143935737,33.0,0.9423178739918808,0.7289267866440895,0.5394623196730906,0.3474652962724053,0.63419455315859,0.4842691453111505,0.4558334937102724
ICEWS05-15,404,4853,224,853,9734,1677,0,3.0,2.1232952730514048,61.0,0.6341329040632923,0.7625481425693164,0.4447495717278093,0.2604561091271328,0.6036488571485629,0.45352767082522016,0.34686323048714923
ICEWS05-15,405,4853,224,1602,1677,9423,0,1.0,1.4128353098856237,94.0,1.0,0.700017551537822,0.299982448462178,0.17624599590209553,0.5,0.5417727682879043,0.35208922734565845
ICEWS05-15,406,4853,224,1238,10120,1677,0,2.0,1.5397124023558668,92.0,0.8705505632961241,0.553365627306694,0.7108802016050106,0.3049399083089844,0.6321229144558523,0.5141072376649574,0.47114867936540394
ICEWS05-15,407,4853,224,786,1677,1677,1,1.0,3.1193762561445397,53.0,0.9423178739918808,0.6171537863103544,0.6808321129502533,0.3316452047753498,0.6489929496303039,0.5447922234610137,0.4810160316521057
ICEWS05-15,408,4853,224,271,1677;9423,1677,1,1.0,0.9707960101832951,18.0,0.8879629756445782,0.24333190141889327,0.7566680985811067,0.09413256405362816,0.5,0.4181624038262145,0.251684130284564
ICEWS05-15,409,4853,224,3044,10015,9423,0,13.0,0.14952633149672864,132.0,0.17503487241295065,0.13720630316519455,0.8627936968348054,0.5836005829623331,0.5,0.3394180422095683,0.3259315112336783
ICEWS05-15,410,4853,224,726,6213,1677,0,4.0,1.0326318192626789,46.0,0.9057236642639067,0.7249311395312472,0.5392483745481333,0.17729872058067025,0.6320897570396903,0.47183598730363663,0.39949311296674384
ICEWS05-15,411,4853,182,268,913,4684,0,5246.5,0.10796943962396377,3.0,0.35707170313208786,0.20286317264660458,0.7971368273533954,0.13703163459695483,0.5,0.22223066201717132,0.13508016284950783
ICEWS05-15,412,4853,133,1970,1677;9423,9423,1,1.0,1.7474980545288972,97.0,0.9611657480580811,0.36092486402690005,0.6390751359731,0.18976187973319225,0.5,0.5435649955917748,0.3561927872601726
ICEWS05-15,413,4853,133,3624,1677,1677,1,1.0,1.9567957101668094,180.0,0.8705505632961241,0.5759332320930826,0.6205384300764795,0.28338626517575943,0.5982358310847811,0.5609356194478509,0.4639633072703653
ICEWS05-15,414,4853,133,305,1677,1677,1,1.0,2.062085258850481,21.0,0.8705505632961241,0.5815042627452277,0.5850514720198186,0.34261338484748227,0.5832778673825232,0.45127753297169787,0.37933755112251355
ICEWS05-15,415,4853,133,102,913,9423,0,5246.5,0.7302619396808048,5.0,0.9238395952400507,0.6771344650504307,0.3228655349495693,0.146272104576054,0.5,0.36111258213666353,0.22624346419317057
ICEWS05-15,416,4853,133,2687,9423,1677,0,1.0,0.9643324993341724,156.0,1.0,0.7534787003160957,0.2465212996839044,0.13489890814593056,0.5,0.5562834930473498,0.35913100184749674
ICEWS05-15,417,4853,133,3050,1216,10120,0,5268.5,0.13457055299696286,24.0,0.836743383392903,0.11908181805105222,0.8809181819489478,0.07623802944887169,0.5,0.39874321356717507,0.25092567203811994
ICEWS05-15,418,4853,133,3724,3425,6241,0,6.0,0.2981621473003466,10.0,0.39423912305778674,0.4154965243485095,0.5845034756514905,0.09446730067601992,0.5,0.27282281483500886,0.15150560766844365
ICEWS05-15,419,4853,133,3723,3425,6241,0,6.0,0.30412587011483394,10.0,0.40212454001574466,0.4154965243485095,0.5845034756514905,0.09446730067602042,0.5,0.2744100293438725,0.1525734647126591
ICEWS05-15,420,4853,133,1208,1677,1677,1,1.0,0.9932786884001576,85.0,0.5743491774985175,0.7289408184890842,0.5873901862094931,0.30613898056997446,0.6581655023492887,0.42662319531984894,0.40857183554319715
ICEWS05-15,421,4853,140,586,1677,4684,0,3.0,0.8002390238834378,2.0,0.6597539553864471,0.36481689431254416,1.0,0.6265930618265455,0.6824084471562721,0.2774572653478134,0.4282445655168641
ICEWS05-15,422,4853,59,1072,1677,793,0,2.0,0.19639167412127723,2.0,0.410167678003819,0.0,1.0,0.14058500232168608,0.5,0.22177454222215315,0.13868350311361527
ICEWS05-15,423,4853,59,3022,1677,1677,1,1.0,0.3592732259068614,106.0,0.27602237841845306,0.7171032147618366,0.48096399607894674,0.22565618239974444,0.5990336054203916,0.35533836782976563,0.27928894771215457
ICEWS05-15,424,4853,59,102,1677,1677,1,1.0,1.9758525630707586,9.0,0.9238395952400507,0.6958742501869308,0.4876570103270317,0.24418779361109438,0.5917656302569813,0.41957642738583656,0.3289196042250848
ICEWS05-15,425,4853,59,1157,1677,1677,1,1.0,0.23413013466241145,52.0,0.2706097479346942,0.2918054074192281,0.7081945925807719,0.44167652279922565,0.5,0.3175447025480009,0.2636967218276928
ICEWS05-15,426,4853,59,193,9423,1677,0,2.0,3.7214886912238985,22.0,0.7578582832551991,0.704822292799195,0.7755767974419917,0.5771829138886938,0.7401995451205934,0.47278510132208357,0.5541456629267577
ICEWS05-15,427,4853,202,2969,9423,1677,0,2.0,0.8334645385487067,27.0,0.836743383392903,0.03148967101814404,0.968510328981856,0.9318354656782329,0.5,0.4231566361928931,0.5540278429493823
ICEWS05-15,428,4853,95,317,7837,8796,0,5245.5,0.3482734759376163,1.0,0.35707170313208786,0.0,1.0,0.9519051637444238,0.5,0.20180473041430635,0.32400659710284047
ICEWS05-15,429,4853,188,3568,5999,4684,0,5245.5,3.243155304783378e-24,2.0,3.308722450212123e-24,1.994951288608604e-07,0.9999998005048711,3.2431553047724345e-12,0.5,0.1599924688790398,0.07791836197326756
ICEWS05-15,430,4853,171,1523,1677,1677,1,1.0,0.8509717257686822,45.0,0.9803906099397734,0.022881206428212453,0.9771187935717875,0.7363097823317947,0.5,0.4830420139473938,0.5414911521054265
ICEWS05-15,431,4853,171,32,1677,1677,1,1.0,0.6864101813026526,1.0,0.6864101813026526,0.0,1.0,0.9999999999985432,0.5,0.2627436255121986,0.4210892178634828
ICEWS05-15,432,4853,126,1808,10120,1677,0,2.0,0.0033773422032335977,5.0,0.0035379830635308878,0.00012205541846843637,0.9998779445815316,0.9129215950963977,0.5,0.18153854097469557,0.2763170784658287
ICEWS05-15,433,4853,184,575,360,1677,0,5247.5,0.06472677038310243,1.0,0.22643091606597668,0.0,1.0,0.16676352322124965,0.5,0.17834514375258173,0.11361992820129492
ICEWS05-15,434,4853,170,577,4680,1677,0,3.0,1.0657306084849059,18.0,0.8879629756445782,0.47827426860632616,0.5217257313936738,0.27366448234343904,0.5,0.42069509007353023,0.30010458658433276
ICEWS05-15,435,4853,170,110,1677,1677,1,1.0,1.9622200865799901,4.0,0.8705505632961241,0.2483960147420835,0.9070891175419143,0.8001173428205842,0.5777425661419989,0.3718648189446416,0.4868175005895417
ICEWS05-15,436,4853,6,3452,1677,1677,1,1.0,5.052321820749729,45.0,0.9611657480580811,0.44044226475660586,0.9999656521367514,0.9998178926934115,0.7202039584466786,0.5925595437594892,0.7581846822792561
ICEWS05-15,437,4853,175,1202,4684,4684,1,1.0,0.13107787720559325,51.0,0.047366142703449944,0.47871435477269275,1.0,0.9999999999923709,0.7393571773863463,0.2712979710499109,0.5814923387050447
ICEWS05-15,438,4853,144,1262,1677,1677,1,1.0,0.5461457356440986,16.0,0.9803906099397734,0.36591319476662465,0.6340868052333754,0.21449900844176367,0.5,0.42195502341268365,0.3020519012252579
ICEWS05-15,439,4853,49,2131,2609,2609,1,1.0,0.9374815568660444,1.0,0.9803906099397734,0.0,1.0,0.9161358991405806,0.5,0.32500183371295777,0.4659347183718574
ICEWS05-15,440,4853,191,368,1677,1677,1,1.0,0.20918584584822575,1.0,0.20918584584822575,0.0,1.0,0.9999999999952195,0.5,0.17831445313236072,0.3062354461216342
ICEWS05-15,441,4853,57,2824,1939,1677,0,5250.0,0.06979320550895363,10.0,0.09662708357918628,7.521108799091181e-07,0.9999992478891201,0.5653051977694326,0.5,0.21719038616490366,0.21786420763713357
ICEWS05-15,442,4853,64,2929,9423,10411,0,5.0,0.15015547379645255,1.0,0.2550004023552998,0.0,1.0,0.41727781603996916,0.5,0.18367064402910804,0.16147041121860767
ICEWS05-15,443,4853,225,1698,1677,6191,0,3.0,0.03414000572781032,1.0,0.03450279730230665,0.0,1.0,0.9791891325129864,0.5,0.15323847275364497,0.2626971634495133
ICEWS05-15,444,4853,79,111,1677,1677,1,1.0,0.33357402720827645,1.0,0.9803906099397734,0.0,1.0,0.20499788146859568,0.5,0.31065860445833476,0.23148208577285428
ICEWS05-15,445,4680,105,3271,4684,4684,1,1.0,1.68661952550839,81.0,0.9803906099397734,0.656756371571646,0.34324362842835393,0.19234170861922553,0.5,0.5368529873565021,0.34688005613672523
ICEWS05-15,446,4680,105,2275,4684,9423,0,6.0,1.206109866329804,13.0,0.9803906099397734,0.00029558456102063424,0.9997044154389794,0.45035170780003364,0.5,0.4294510863438827,0.3807623004371469
ICEWS05-15,447,4680,105,3461,1677,1677,1,1.0,0.16442627074625538,54.0,0.9803906099397734,0.6462574137934257,0.3537425862065743,0.0290497467860766,0.5,0.4738367122963409,0.28341069217358245
ICEWS05-15,448,4680,105,1123,1677,1677,1,1.0,0.3655365373273951,18.0,0.8042490800314893,0.4486916344574785,0.5513083655425215,0.14323166956029793,0.5,0.3835569945150222,0.24632942463187066
ICEWS05-15,449,4680,105,1606,4684,4684,1,1.0,0.8509954277765479,35.0,0.8879629756445782,0.6566204920727189,0.3433795079272811,0.1969482472915348,0.5,0.44858807427240976,0.2969064510006304
ICEWS05-15,450,4680,105,2196,4684,4684,1,1.0,1.6836308033562233,49.0,0.9803906099397734,0.2910198029000465,0.7089801970999535,0.4438305572822986,0.5,0.5103110770350754,0.4248720521035826
ICEWS05-15,451,4680,105,3686,1269,4684,0,27.0,4.550377824176336,122.0,0.8879629756445782,0.79105285648037,0.6858862050361051,0.47759884196613844,0.7384695307582376,0.6135936622447838,0.618895396730345
ICEWS05-15,452,4680,105,1739,4684,4684,1,1.0,1.2469945926165358,38.0,0.9611657480580811,0.5519781500990315,0.8786451064073982,0.409694972258233,0.7153116282532148,0.48057133737978824,0.5628734438564954
ICEWS05-15,453,4680,59,727,5739,9962,0,3.0,2.925921051639154,12.0,0.9611657480580811,0.1990782272572177,0.8009217727427823,0.4639630147109293,0.5,0.46768419302017705,0.36611074625676016
ICEWS05-15,454,4680,59,2869,1096,1096,1,1.0,1.3016025010477232,16.0,0.9803906099397734,1.3576614566468415e-05,0.9999864233854335,0.5041916597521274,0.5,0.4422620627328432,0.4083208711345691
ICEWS05-15,455,4680,59,1002,10032,3425,0,2.0,0.5968751916519237,3.0,0.8042490800314893,3.355599142995658e-08,0.9999999664440086,0.2333680118098013,0.5,0.31360422919128245,0.2277350159997641
ICEWS05-15,456,4680,111,1298,910,4867,0,5266.0,1.1728999331446601,34.0,0.7001394896518027,0.6814171208999924,0.6016391018231859,0.24122372517091648,0.6415281113615892,0.412944043085261,0.36578227823615145
ICEWS05-15,457,4680,111,2784,4684,4684,1,1.0,0.7603020777640119,22.0,0.8534795977333005,0.5767783344095463,0.4232216655904537,0.23229879279826823,0.5,0.4147237599719423,0.2855377315128459
ICEWS05-15,458,4680,111,4015,1677,3425,0,1.0,0.3430864943117573,103.0,0.9611657480580811,0.33372118023393105,0.666278819766069,0.1349624105525002,0.5,0.5083950895653898,0.34551220638297886
ICEWS05-15,459,4680,111,75,3425,3425,1,1.0,7.403726685133098,14.0,0.9057236642639067,0.8194431045999866,0.9578856796414469,0.8633679998735347,0.8886643921207167,0.5842567792198936,0.7572226146980162
ICEWS05-15,460,4680,111,3363,9962,1459,0,20.0,2.130247476219137,14.0,0.9057236642639067,0.02442996116378071,0.9755700388362193,0.43711589299036846,0.5,0.44090765014619604,0.35663495794539396
ICEWS05-15,461,4680,111,3720,1096,1096,1,1.0,2.415711538043733,30.0,0.9803906099397734,0.6058173622602214,0.3941826377397785,0.228390376386339,0.5,0.5047315163436638,0.3181131489910024
ICEWS05-15,462,4680,224,1474,9423,5802,0,30.0,0.5989455970665691,10.0,0.6729500963161781,0.2617446853266263,0.7382553146733737,0.12572975698858965,0.5,0.3344286144221553,0.20311260330158595
ICEWS05-15,463,4680,224,146,3425,4098,0,9.0,1.5394318179821098,2.0,0.9803906099397734,0.0,1.0,0.6568436083966072,0.5,0.359400581102322,0.3863698179473851
ICEWS05-15,464,4680,224,3744,1096,1096,1,1.0,3.113415887988386,18.0,0.8042490800314893,0.6128529050046325,0.6441423383790101,0.31562267169053027,0.6284976216918213,0.45675199128648375,0.3765720573227022
ICEWS05-15,465,4680,224,2863,4684,5186,0,4.0,0.2514678222937338,13.0,0.7001394896518027,4.289889036968031e-05,0.9999571011096303,0.21888251331110278,0.5,0.3431509380889206,0.24631889256681547
ICEWS05-15,466,4680,224,1018,5186,1216,0,15.0,1.1893342666409032,4.0,0.7730166686334901,0.61224762941375,0.7389488685006446,0.4250913154372255,0.6755982489571972,0.33190155700466706,0.3929417245145828
ICEWS05-15,467,4680,224,3922,9962,1677,0,4.0,0.6014611503545648,78.0,0.8879629756445782,0.826521311380589,0.17347868861941093,0.03564465567432103,0.5,0.4837182626614698,0.27358306365840857
ICEWS05-15,468,4680,133,865,7394,4684,0,4.0,0.1645441097962157,23.0,0.7141434062641757,0.3656186813273171,0.6343813186726829,0.07884542992752451,0.5,0.37047462568103906,0.22170462820799663
ICEWS05-15,469,4680,133,3357,7394,4684,0,18.0,0.8353483178431139,58.0,0.7730166686334901,0.3827587342182246,0.9138768472605041,0.5003886864046522,0.6483177907393644,0.44793379473275596,0.5186833826616933
ICEWS05-15,470,4680,133,688,1677,9734,0,2.0,0.6708669657786737,2.0,0.9057236642639067,0.0,1.0,0.23002417740338707,0.5,0.3224451627866436,0.2364311408146476
ICEWS05-15,471,4680,133,196,4684,4684,1,1.0,2.457931231439247,4.0,0.8534795977333005,0.0873517119228775,0.9126482880771225,0.8075290152097115,0.5,0.380885819836172,0.42544788960158036
ICEWS05-15,472,4680,152,2242,63,63,1,1.0,0.8489712201778632,22.0,0.9238395952400507,0.2585447568763658,0.7414552431236342,0.07626626154699669,0.5,0.4330717191502117,0.26052018216581607
ICEWS05-15,473,4680,152,1487,7082,5739,0,111.0,0.7024949974371735,125.0,0.836743383392903,0.758373563663145,0.24162643633685504,0.05104948157056774,0.5,0.4996041375767166,0.2857957531974623
ICEWS05-15,474,4680,152,3965,3378,4804,0,114.0,1.1480148086629829,16.0,0.7730166686334901,0.2354236585321725,0.7645763414678275,0.2391676148186266,0.5,0.39134803508909455,0.2659634831331576
ICEWS05-15,475,4680,152,3264,7334,7334,1,1.0,0.9046867999009525,63.0,0.9423178739918808,0.5280992117413463,0.4719007882586536,0.12915936937616923,0.5,0.4933637278601723,0.3127371430701043
ICEWS05-15,476,4680,152,2156,8421,5739,0,90.0,2.5362559487653713,194.0,0.8534795977333005,0.7517928934408533,0.6028928975714944,0.343455303544014,0.6773428955061739,0.5765312102955026,0.5420427181250194
ICEWS05-15,477,4680,152,3271,3004,7334,0,97.0,0.7875756032603425,63.0,0.820335356007638,0.5280992117413463,0.47190078825865367,0.12915936937616657,0.5,0.4618721514157856,0.2859574924737756
ICEWS05-15,478,4680,152,3881,3425,3270,0,9.0,1.017290999948366,5.0,0.7578582832551991,0.5958592977350077,0.4041407022649923,0.18237699299681248,0.5,0.333268859895199,0.20640209250410624
ICEWS05-15,479,4680,152,1261,4867,7334,0,2.0,6.018684260474509,31.0,1.0,0.3228680457970191,0.6771319542029809,0.4730836161271144,0.5,0.6079504946396396,0.40356718220397625
ICEWS05-15,480,4680,152,2844,8527,7310,0,30.0,10.662363629367382,58.0,0.7578582832551991,0.8269014233907802,0.7630527129033671,0.5170262127197593,0.7949770681470736,0.7013029650959673,0.5878405158520127
ICEWS05-15,481,4680,152,3415,7334,1459,0,2.0,3.9136545344137197,22.0,0.9423178739918808,0.734471108931574,0.47903907575068677,0.31337555428225117,0.6067550923411303,0.5208913450751553,0.39598400292586644
ICEWS05-15,482,4680,152,3584,3869,3869,1,1.0,1.8259664360232173,4.0,0.9803906099397734,0.15975697384222798,0.840243026157772,0.3689142512227973,0.5,0.3924529459816191,0.3045476534919526
ICEWS05-15,483,4680,152,1930,3920,5739,0,7.5,2.501016948970224,172.0,0.8534795977333005,0.6455186833649988,0.562149618007667,0.3554954551025141,0.603834150686333,0.5693044883011878,0.48494242835215656
ICEWS05-15,484,4680,152,1521,169,5739,0,28.0,1.633634973852815,130.0,0.7730166686334901,0.8248617323278408,0.33367187739022547,0.1389517312602798,0.5792668048590331,0.5123769254732132,0.3521473619769749
ICEWS05-15,485,4680,152,1112,6881,5739,0,5297.5,3.3464279335541387,87.0,0.8705505632961241,0.5821966540716665,0.8415026933765664,0.7048460073092657,0.7118496737241164,0.5603373821425579,0.6690749082818777
ICEWS05-15,486,4680,152,2930,5739,5739,1,1.0,4.134811479247224,281.0,0.8534795977333005,0.7692620940679846,0.6031534020065785,0.40402214717808416,0.6862077480372816,0.637101852568214,0.5816377167361934
ICEWS05-15,487,4680,152,1563,6583,5739,0,5312.0,4.658591237140444,136.0,0.9423178739918808,0.7501025107909445,0.6717870581746218,0.46634122839314357,0.7109447844827832,0.6336629917434814,0.6128677038254505
ICEWS05-15,488,4680,152,2952,5739,5739,1,1.0,4.170961970025007,283.0,0.836743383392903,0.8254673551534686,0.6998209459067048,0.5139123241034554,0.7626441505300867,0.6347665940369749,0.6723699187343987
ICEWS05-15,489,4680,152,1435,8416,5739,0,2.0,7.630199364778917,119.0,0.9803906099397734,0.761373694090018,0.7716903267252593,0.5726331808626473,0.7665320104076386,0.7069288318778411,0.6831124959737794
ICEWS05-15,490,4680,152,2658,5739,5739,1,1.0,4.6433276395635925,238.0,0.7141434062641757,0.800874847128724,0.846404839392425,0.7193632097968932,0.8236398432605745,0.6114632523511555,0.7426086471532387
ICEWS05-15,491,4680,152,3940,3004,4049,0,177.0,0.2948203360028887,12.0,0.4901953049698867,0.5186945460193939,0.48130545398060615,0.05175051005290933,0.5,0.29824795945574756,0.158916420679965
ICEWS05-15,492,4680,41,2411,1760,4422,0,5259.5,2.3707885551643466,7.0,1.0,0.3035668476565041,0.9995138518197231,0.726959210493423,0.6515403497381136,0.43578594025185863,0.5711516156474031
ICEWS05-15,493,4680,41,3978,5998,5998,1,1.0,0.3369905715714525,13.0,0.9803906099397734,0.02925920193872711,0.9707407980612729,0.20024506565682273,0.5,0.4062933152390578,0.2987162817786275
ICEWS05-15,494,4680,41,2541,1513,1513,1,1.0,2.1469114644370917,9.0,0.9238395952400507,0.5968800124586462,0.7147384573701452,0.3137847341020741,0.6558092349143957,0.42414718662957107,0.40309591007748885
ICEWS05-15,495,4680,63,1158,9962,9962,1,1.0,5.352682861723785,62.0,0.9057236642639067,0.6714503537971683,0.9996896810768249,0.9993394628102437,0.8355700174369967,0.6042871229272524,0.8150164043212509
ICEWS05-15,496,4680,167,2875,3124,2607,0,1.0,0.9999999999912175,2.0,1.0,0.0,1.0,0.33774869729435675,0.5,0.35004733408504596,0.2860184821936093
ICEWS05-15,497,4680,167,3128,5802,4684,0,19.0,0.6943896614475566,65.0,1.0,0.012444355219805803,0.9875556447801942,0.5217786650658549,0.5,0.5026629291111813,0.48335005269914066
ICEWS05-15,498,4680,167,2876,3124,2607,0,1.0,1.9803906099311632,3.0,1.0,0.0,1.0,0.5074382843844487,0.5,0.3894274351754481,0.34950255088061655
ICEWS05-15,499,4680,249,1994,4684,4684,1,1.0,5.891784709072155,32.0,0.9803906099397734,0.5794034989179435,0.9999999999999803,0.99999999999344,0.789701749458962,0.601847186557344,0.7855622359651748
ICEWS05-15,500,4680,56,1169,4867,7394,0,6.0,0.5308170872863096,6.0,0.8879629756445782,0.21529505606647448,0.7847049439335255,0.13434472800047548,0.5,0.3560182019095524,0.2310811508152465
ICEWS05-15,501,4680,56,1128,3386,4867,0,13.0,0.5085126323498603,27.0,0.2815432702230894,0.6997943721933815,0.4868062553811404,0.20266815349778816,0.593300313787261,0.2969827828514345,0.22414006843489714
ICEWS05-15,502,4680,56,3886,7870,4749,0,5330.0,1.0707023676846898,48.0,0.7578582832551991,0.6574398247776005,0.6126614213708005,0.3192343236366499,0.6350506230742006,0.44098490695039677,0.4191521163795307
ICEWS05-15,503,4680,56,2626,3969,1459,0,81.0,0.7475038473073945,6.0,0.6729500963161781,0.3496122825807296,0.6503877174192704,0.24002402904623543,0.5,0.31671965658468876,0.21590567729111573
ICEWS05-15,504,4680,56,329,9734,4684,0,22.0,2.1637003388311893,13.0,0.9057236642639067,0.7409556895889765,0.6698297401325606,0.44805378978582144,0.7053927148607686,0.43816522569484456,0.4990493274205463
ICEWS05-15,505,4680,56,3015,10397,7310,0,7.0,1.7777115549359093,20.0,0.9057236642639067,0.6746901711376325,0.7268999649268397,0.46897100669032804,0.7007950680322361,0.44919197293578755,0.5251715599433363
ICEWS05-15,506,4680,56,2699,7334,1677,0,2.0,0.10434569038183628,22.0,0.6216979445974911,0.4902097250572395,0.5097902749427605,0.04469362497414654,0.5,0.3470868336914374,0.19365753963415283
ICEWS05-15,507,4680,56,1360,3386,4867,0,4.0,0.4871262992491445,34.0,0.39423912305778674,0.4746690806910473,0.5253309193089527,0.1240167781428375,0.5,0.3292906131480209,0.18611030188333016
ICEWS05-15,508,4680,56,1300,1677,4867,0,38.0,1.0837508607627622,31.0,0.9611657480580811,0.18834518150901458,0.8116548184909854,0.18708296139621922,0.5,0.4655377245528412,0.31614265113440226
ICEWS05-15,509,4680,56,3545,1096,7394,0,43.0,0.9576132056818702,22.0,0.8042490800314893,0.607674630870231,0.7475940684105702,0.26824345458082643,0.6776343496404006,0.40887126421781766,0.4139407100880517
ICEWS05-15,510,4680,202,989,9962,9962,1,1.0,1.831037342183461,60.0,0.4439814878222891,0.769229834199742,0.9626841720608098,0.9078983946371941,0.8659570031302759,0.4016115065493105,0.7291783471299393
ICEWS05-15,511,4680,202,2236,1414,3425,0,5257.0,0.7587578725344677,13.0,0.7578582832551991,0.45590975546099677,0.9993541566256408,0.3743211684071915,0.7276319560433188,0.3681797337055594,0.4635076843276569
ICEWS05-15,512,4680,125,220,3425,4684,0,5247.0,1.0503855640071573,2.0,0.6341329040632923,0.4900991917739813,1.0,0.7310112216578221,0.7450495958869907,0.2781756721145844,0.5064279049836483
ICEWS05-15,513,4680,125,1964,9962,1677,0,2.0,0.2261407387397797,8.0,0.410167678003819,0.32675415445396516,0.6732458455460348,0.10340594818593622,0.5,0.26571635373512736,0.15211327653870743
ICEWS05-15,514,4680,137,2160,1459,5186,0,4.0,0.3501855966313445,17.0,0.7730166686334901,0.4048419959770472,0.5951580040229528,0.0745814340253609,0.5,0.37360112521511046,0.22101513880355167
ICEWS05-15,515,4680,137,545,4867,4867,1,1.0,1.207437569089373,4.0,0.9803906099397734,0.4815280604869746,0.9788558257112271,0.46901547684912515,0.7301919430991008,0.3764185306130794,0.5106176751036817
ICEWS05-15,516,4680,137,2775,7310,4684,0,5.0,0.28727595819129426,47.0,0.3865083343167451,0.7488468781999483,0.25115312180005167,0.1029443731106771,0.5,0.3378846268518745,0.18461539713173028
ICEWS05-15,517,4680,137,3227,2728,10392,0,17.0,0.47166383051108474,13.0,0.26530325583334324,0.7191747399785227,0.2808252600214774,0.1251394626646047,0.5,0.26317879781374864,0.14109250119917263
ICEWS05-15,518,4680,137,596,6600,4867,0,5254.5,0.4745149349345188,5.0,0.40212454001574466,0.6313573177647357,0.6959837353024884,0.2779599085670872,0.663670526533612,0.25280687936621915,0.25979581692109693
ICEWS05-15,519,4680,137,2034,1459,1459,1,1.0,1.3283752753677134,3.0,0.9611657480580811,0.10079577886136226,0.8992042211386377,0.4572198225970952,0.5,0.3641805470287312,0.3231141989776827
ICEWS05-15,520,4680,96,3564,1299,5998,0,5245.0,2.341240798154981e-26,1.0,2.341240798154981e-26,0.0,1.0,2.341240798154926e-14,0.5,0.148647562053741,0.07273787579081224
ICEWS05-15,521,4680,168,290,4684,1677,0,5246.5,0.4018469383663953,1.0,0.46191979762002533,0.0,1.0,0.7698325504661068,0.5,0.2189688412077907,0.2891384656728116
ICEWS05-15,522,4680,168,2777,791,8370,0,5268.0,2.2232065957979215,3.0,0.9611657480580811,0.0,1.0,0.6548071903015279,0.5,0.3871687576921735,0.3908086721142281
ICEWS05-15,523,4680,180,3700,10392,4684,0,2.0,5.062615620752823,124.0,0.9057236642639067,0.8428074101520491,0.8952944520136507,0.7835496377725722,0.8690509310828498,0.6314722945438207,0.7984240487068542
ICEWS05-15,524,4680,180,1704,10392,5739,0,4.0,3.5714404367870607,34.0,0.9803906099397734,0.7393299859921829,0.8938193810908102,0.6810894513113294,0.8165746835414965,0.5427889371488775,0.7176546705986124
ICEWS05-15,525,4680,180,2623,1096,4684,0,34.0,1.3926156513624728,71.0,0.7429971445684742,0.1393577990935574,0.8606422009064426,0.687118117160436,0.5,0.4667552649764403,0.4751802037438999
ICEWS05-15,526,4680,180,3792,798,798,1,1.0,1.2871235842966922,17.0,0.9803906099397734,0.7002746760756777,0.2997253239243222,0.11030804167232683,0.5,0.44489633640800247,0.26240586290161527
ICEWS05-15,527,4680,180,863,5739,4684,0,7.0,1.240949032376022,30.0,0.7001394896518027,0.6793156679058725,0.6227740019221509,0.3970293943627344,0.6510448349140117,0.4084486886864279,0.42369345695197486
ICEWS05-15,528,4680,6,1738,3374,5997,0,5251.5,0.28114155618559955,4.0,0.21763764082403103,0.4604255179694109,0.9999999999999934,0.4232564502475818,0.7302127589847022,0.21156110008111575,0.3057880686403412
ICEWS05-15,529,4680,174,3248,1414,3425,0,4.0,0.8596854484809555,15.0,0.9423178739918808,9.672213054146006e-06,0.9999903277869459,0.30693058325239725,0.5,0.41853055267816364,0.3288891460315442
ICEWS05-15,530,4680,116,1699,5997,5998,0,2.0,0.13956521011739154,1.0,0.4267397988666503,0.0,1.0,0.1954929225943589,0.5,0.2086413755322088,0.14193041727977207
ICEWS05-15,531,4680,172,812,5739,5739,1,1.0,1.2932130094535603,19.0,0.9803906099397734,0.705428123912637,0.551011588746413,0.2411287831161698,0.6282198563295249,0.4506490124468847,0.4005664840999326
ICEWS05-15,532,4680,172,2908,1299,7134,0,27.0,0.2079097308549558,3.0,0.646816582731497,0.0008410211545047952,0.9991589788454952,0.08824145880150347,0.5,0.27441581321232644,0.1677909486705022
ICEWS05-15,533,4680,172,3300,6563,3425,0,4.0,0.3092653477927536,21.0,0.3714985722842371,0.5018067760596572,0.4981932239403428,0.13350895259548962,0.5,0.29909488074926677,0.1720993706014506
ICEWS05-15,534,4680,172,3196,1136,10392,0,5280.5,0.06228733192365282,1.0,0.3789291416275995,0.0,1.0,0.08954849509503712,0.5,0.20003755252011252,0.11828577885851516
ICEWS05-15,535,4680,172,30,1299,4665,0,5245.5,0.3021416506425596,1.0,0.9238395952400507,0.0,1.0,0.1954929225945062,0.5,0.2987887825954519,0.21859400598341136
ICEWS05-15,536,4680,172,1938,9962,1677,0,19.0,2.954951042965677,11.0,0.8879629756445782,0.5024808451368665,0.7078205044431346,0.5382697921826425,0.6051506747900006,0.4473208278380208,0.4441930149265295
ICEWS05-15,537,4680,172,538,7271,9962,0,5254.0,0.921606385907678,9.0,0.8879629756445782,0.5733181839653196,0.6161206435444738,0.284396182722416,0.5947194137548968,0.3838177243583993,0.3428154712379223
ICEWS05-15,538,4680,170,175,5739,0,0,5244.5,0.0,0.0,0.0,0.0,0.0,0.0,0.0,0.13079885792039397,0.013540413295886884
ICEWS05-15,539,4680,185,3448,4684,10392,0,4.0,0.47723462235901776,4.0,0.46191979762002533,0.03342179782287813,0.9986327451840131,0.9972534539345661,0.5160272715034456,0.2559929207338409,0.4154494520959842
ICEWS05-15,540,4680,183,2070,1216,9648,0,5246.5,7.737271827229379e-05,1.0,7.740880176553862e-05,0.0,1.0,0.9990681374849141,0.5,0.1486577445274923,0.2615279075179421
ICEWS05-15,541,4680,161,814,1784,1194,0,5247.5,0.007639756243915424,1.0,0.017948411796828663,0.0,1.0,0.2703662113653432,0.5,0.1508793330619157,0.10730794152240804
ICEWS05-15,542,4680,178,1812,4684,4684,1,1.0,3.8606704886965376e-12,1.0,3.8606704886965376e-12,0.0,1.0,0.794267066174205,0.5,0.1486475620542489,0.2063452483493847
ICEWS05-15,543,4680,182,823,1784,5141,0,5246.5,0.22870326331539576,1.0,0.5100008047105996,0.0,1.0,0.2890227996060125,0.5,0.22340293772115014,0.1720465267307777
ICEWS05-15,544,4680,57,3336,1677,9423,0,1.0,0.03870526511567074,1.0,1.0,0.0,1.0,0.019734548014240048,0.5,0.30765345039264724,0.18937829037795134
ICEWS05-15,545,4680,219,1803,4388,1784,0,5251.0,1.6888778219411613,14.0,0.9057236642639067,0.009163940224774625,0.9908360597752254,0.457829674474877,0.5,0.4290238787549777,0.36582389274851357
ICEWS05-15,546,4680,145,617,9962,9962,1,1.0,0.9803906099397734,1.0,0.9803906099397734,0.0,1.0,0.99999999999898,0.5,0.3260339726748778,0.49734590524081324
ICEWS05-15,547,4680,156,292,9423,9423,1,1.0,0.9803906099397734,1.0,0.9803906099397734,0.0,1.0,0.99999999999898,0.5,0.3260339726748778,0.49734590524081324
ICEWS05-15,548,1459,172,2224,7400,4680,0,5251.5,2.8666461020179446,12.0,0.7884782461155736,0.5815467111531538,0.9987186587144724,0.9121694253983047,0.7901326849338131,0.42640867504339774,0.6982976665911309
ICEWS05-15,549,1459,137,3610,1414,7394,0,2.0,3.251588160979041,7.0,0.7429971445684742,0.15896966366744136,0.8410303363325586,0.6201729565341267,0.5,0.40112746317786646,0.3464649591536392
ICEWS05-15,550,1459,168,3131,7515,7537,0,3.0,0.15118674768942553,2.0,0.5306065116666864,0.0,1.0,0.0775145900563906,0.5,0.2407975226300487,0.1427305410775513
ICEWS05-15,551,1459,168,2225,7515,7515,1,1.0,0.28906440482213114,2.0,0.8705505632961241,0.0,1.0,0.09150515302814767,0.5,0.3063808220382372,0.1957996657831057
ICEWS05-15,552,1459,167,3298,4680,19,0,10.0,0.005146157361694215,1.0,0.037347173124076184,0.0,1.0,0.07399412470713866,0.5,0.15316951495767014,0.08361956964919315
ICEWS05-15,553,1459,56,2237,3390;5737,1136,0,6.5,0.09867809392936056,6.0,1.0,0.39877887968081804,0.601221120319182,0.030570510854076766,0.5,0.36915344947856915,0.22204544828161601
ICEWS05-15,554,1459,180,3059,1751,9424,0,5257.5,0.0,1.0,0.646816582731497,0.0,0.0,0.0,0.0,0.24162765164604577,0.03005418965356254
ICEWS05-15,555,1459,170,2120,4680,4680,1,1.0,0.20181543925038323,2.0,0.12254882624247168,0.3927678343259411,1.0,0.999999999995045,0.6963839171629705,0.1791354223167337,0.4390627732152438
ICEWS05-15,556,1459,19,2947,7515,1136,0,5247.5,0.23685428679291298,1.0,0.35006974482590136,0.0,1.0,0.5112494103649243,0.5,0.19880647313078292,0.19687754869920102
ICEWS05-15,557,1459,59,2960,7054,3633,0,5251.0,0.011916403752328032,1.0,0.0663258139583358,0.0,1.0,0.09869865099193292,0.5,0.15679558490725737,0.08897548880437676
ICEWS05-15,558,4698,172,857,3106,3106,1,1.0,1.5771019258483707,27.0,0.7730166686334901,0.35913712247142393,0.7948265455334392,0.5000224132228382,0.5769818340024315,0.4285875956637377,0.4250836856245918
ICEWS05-15,559,4698,167,752,3106,3106,1,1.0,0.9688950015410891,4.0,0.6095068271022377,0.3011712113376661,0.6988287886623339,0.38979818756234136,0.5,0.2940499181830186,0.23311143767401762
ICEWS05-15,560,4698,180,842,3633,1677,0,5245.5,0.11409227161951249,1.0,0.12254882624247168,0.0,1.0,0.8708975987470127,0.5,0.16537170350616384,0.24916047749595185
ICEWS05-15,561,4698,113,1973,9568,0,0,5244.5,0.0,0.0,0.0,0.0,0.0,0.0,0.0,0.13079885792039397,0.013540413295886884
ICEWS05-15,562,1768,6,3461,1214,3623,0,2.0,5.312059376542161,185.0,0.8879629756445782,0.6334140384999056,0.78110845175662,0.5943022668984492,0.7072612451282628,0.6535300349662185,0.6551905281673099
ICEWS05-15,563,1768,6,3622,3623,3623,1,1.0,6.854946744326635,206.0,0.9803906099397734,0.7555350386345652,0.8304047082311711,0.6964448084377928,0.7929698734328681,0.7135154259899675,0.7600737435918409
ICEWS05-15,564,1768,6,2383,6579,3623,0,9.0,2.1815756771023542,88.0,0.8534795977333005,0.7141592812187234,0.7640705235395937,0.5755925357260371,0.7391149023791586,0.5253437160446651,0.6420429840676172
ICEWS05-15,565,1768,6,3047,6579,3623,0,9.0,2.9940397873769564,147.0,0.9238395952400507,0.7686961303914663,0.8000630191460446,0.599519772860123,0.7843795747687554,0.5902454776233738,0.7142081175158652
ICEWS05-15,566,1768,6,2643,9865,3623,0,5270.0,5.116712831254182,119.0,0.9057236642639067,0.6563240815773492,0.8276368551564701,0.6803628092379774,0.7419804683669097,0.6308137703281377,0.6948441778051492
ICEWS05-15,567,1768,6,2736,3623,3623,1,1.0,1.276930039659054,122.0,0.836743383392903,0.6211224877372739,0.6276227628205554,0.40666175457400633,0.6243726252789146,0.5140418295834072,0.5061762173251034
ICEWS05-15,568,1768,6,3566,2802,3623,0,27.0,4.100352996802893,196.0,0.7884782461155736,0.8448111697937246,0.8162779472958003,0.6764941277170745,0.8305445585447624,0.6038787800139629,0.7434866952873608
ICEWS05-15,569,1768,6,2406,3623,3623,1,1.0,1.6012395019027932,90.0,0.8534795977333005,0.7564804465338836,0.45975590078952816,0.29607092697293635,0.6081181736617058,0.5106603179535644,0.43720783044673706
ICEWS05-15,570,1768,6,2564,5809,3623,0,4.0,6.132151780404603,111.0,0.9423178739918808,0.7398934620784396,0.8881503725311775,0.7721980083382043,0.8140219173048086,0.6606495544142037,0.7676775371515506
ICEWS05-15,571,1768,137,647,9568,7393,0,5246.0,0.0004083828100338416,2.0,0.0005080094156356625,0.01290538882320269,0.9870946111767973,0.6577064566725478,0.5,0.16006198166387187,0.18548136829505124
ICEWS05-15,572,1768,168,1280,3623,3623,1,1.0,7.005664560777741,127.0,0.8705505632961241,0.7315662001234517,0.7492767676410318,0.5802415926148131,0.7404214838822418,0.6734419791628097,0.6464440112707178
ICEWS05-15,573,1768,168,1189,7581,3623,0,26.0,10.05329342320482,112.0,0.9611657480580811,0.8162803931584501,0.7624772479126584,0.6005156605620935,0.7893788205355543,0.753100213988215,0.6918435439413034
ICEWS05-15,574,1768,168,3566,2926,3623,0,11.0,18.689551188633203,818.0,1.0,0.8333663491631947,0.9003022790661297,0.7942383335990659,0.8668343141146622,0.9256916279424968,0.834801369635425
ICEWS05-15,575,1768,168,3002,3623,3623,1,1.0,11.814727199588535,624.0,0.9238395952400507,0.880322991626389,0.8700399780823277,0.7530933803221596,0.8751814848543584,0.837578945070458,0.8257587505234346
ICEWS05-15,576,1768,168,3442,3623,3623,1,1.0,15.405224045225314,769.0,0.9803906099397734,0.8392409976864915,0.8290662953027018,0.7076801365975068,0.8341536464945967,0.893882414064278,0.8025029598637783
ICEWS05-15,577,1768,168,1775,4243,3623,0,5264.5,10.315017502602796,234.0,0.9611657480580811,0.808584437553823,0.8048994665525775,0.6521719967396533,0.8067419520532002,0.7859916434717038,0.7453493245467436
ICEWS05-15,578,1768,168,1392,9984,3623,0,2.0,5.334926601730153,149.0,0.9611657480580811,0.8437656176016274,0.5430306826452165,0.34503843407885554,0.6933981501234219,0.6590428097450497,0.5585431921070917
ICEWS05-15,579,1768,168,3477,3623,3623,1,1.0,12.14938176127594,778.0,0.9611657480580811,0.8794849352494223,0.7798738600879267,0.6053482674738311,0.8296793976686745,0.8530766097140237,0.7791769389558761
ICEWS05-15,580,1768,168,2572,3623,3623,1,1.0,12.946522220233996,463.0,0.9803906099397734,0.769784120239694,0.8486677869330419,0.7103759602707157,0.809225953586368,0.8523334108091559,0.7822086513552726
ICEWS05-15,581,1768,168,2893,7537,3623,0,1.0,17.040113533182378,593.0,1.0,0.8944541929506754,0.8865593891616224,0.7836033206199937,0.8905067910561488,0.906592090259667,0.8375716687013257
ICEWS05-15,582,1768,168,2788,6904,3623,0,4.0,20.320595626422275,552.0,0.9803906099397734,0.8789137931779094,0.9054455399275344,0.8073452867694303,0.892179666552722,0.9307678932955846,0.8317912595666892
ICEWS05-15,583,1768,168,1650,3623,3623,1,1.0,4.7867774240713405,201.0,0.7730166686334901,0.8009108901548163,0.6715729954264197,0.4649000165781735,0.7362419427906179,0.6196008955139687,0.6041202717052992
ICEWS05-15,584,1768,168,185,3623,7537,0,2.0,0.08613826058145002,4.0,0.7429971445684742,0.5097982577288005,0.49020174227119945,0.02924645190808599,0.5,0.29977361738144687,0.16758489392119666
ICEWS05-15,585,1768,168,3449,3623;9574,3623,1,14.5,14.35334434426577,770.0,0.9423178739918808,0.8480878426251625,0.8384730716479573,0.7215271245503456,0.8432804571365599,0.8787514275464873,0.806515579156368
ICEWS05-15,586,1768,168,1042,3623,3623,1,1.0,4.169911109868528,84.0,0.9238395952400507,0.8388591180274411,0.5606988303304276,0.3588630253797805,0.6997789741789343,0.5926338809738985,0.5378022221681531
ICEWS05-15,587,1768,168,1507,7537,3623,0,5.0,6.143398548176281,176.0,0.6216979445974911,0.8201722637524183,0.6871629129020281,0.43237348603255976,0.7536675883272232,0.6147767630437018,0.5552009930196169
ICEWS05-15,588,1768,168,3603,3623,3623,1,1.0,19.946724549386335,837.0,0.9803906099397734,0.820748550518869,0.8450066902364077,0.7204757270253318,0.8328776203776384,0.9338094795553709,0.7964598457915123
ICEWS05-15,589,1768,168,3797,7581,3623,0,21.0,4.878630433886819,913.0,1.0,0.7698926011219726,0.391584197278374,0.14590298142307118,0.5807383992001733,0.7374503684803054,0.4897574155809047
ICEWS05-15,590,1768,168,3751,6841,3623,0,2.0,9.655078316853086,896.0,0.9803906099397734,0.8865205497742891,0.5823432569185104,0.3930650422863561,0.7344319033463997,0.8225609487336129,0.671950873606763
ICEWS05-15,591,1768,168,2154,3623,3623,1,1.0,13.047411345985962,328.0,0.8705505632961241,0.7730915547155033,0.8854065181530925,0.7787586550944529,0.8292490364342979,0.8303613743905878,0.7798448564552943
ICEWS05-15,592,1768,168,3763,1740,3623,0,43.0,6.777888283521159,899.0,0.9803906099397734,0.8906705815465832,0.4369137910631508,0.26356598461048697,0.663792186304867,0.7719389767824997,0.583745294332529
ICEWS05-15,593,1768,168,3812,6841,3623,0,1.0,3.7412849885458535,919.0,1.0,0.8319264352177529,0.28601840822970415,0.10618106891365156,0.5589724217237285,0.7129094387490358,0.4602355683194921
ICEWS05-15,594,1768,168,3910,3623,6841,0,1.0,1.0739045103082638,86.0,0.9803906099397734,0.847793755244227,0.15220624475577305,0.02591541872304102,0.5,0.5232948013510349,0.29213023689421136
ICEWS05-15,595,1768,168,1028,3623,3623,1,1.0,4.476551872367363,82.0,0.9803906099397734,0.792043026987659,0.5988165350641932,0.3836703569585674,0.6954297810259261,0.6120503614445761,0.5575169528963597
ICEWS05-15,596,1768,168,499,3952,7393,0,6.0,1.1133539463143214,15.0,0.7001394896518027,0.5242696918950676,0.4757303081049324,0.2389581458968775,0.5,0.371399511364838,0.2430329192383011
ICEWS05-15,597,1768,147,2693,1570,3623,0,5248.0,0.0015374185826434823,5.0,0.0016669523393228523,0.045157431868798836,0.9548425681312012,0.7867427455772509,0.5,0.18125025562763877,0.2386293724551512
ICEWS05-15,598,1768,170,3890,7537,6841,0,5254.5,1.266979912196853,10.0,1.0,0.3924330158605124,0.8211529714937812,0.6257190895756338,0.6067929936771468,0.42289217471269713,0.5136809671825481
ICEWS05-15,599,1768,171,1850,9984,3623,0,6.0,0.004024588959102737,11.0,0.2550004023552998,0.4195299852857711,0.5804700147142289,0.004601764581031273,0.5,0.24538338988170896,0.12065603222768567
ICEWS05-15,600,1768,202,1325,9117,9763,0,5250.5,0.002349273919171197,1.0,0.003019596361849569,0.0,1.0,0.6366736080077705,0.5,0.14903589681814822,0.1705574815610449
ICEWS05-15,601,1768,59,3813,1259,6841,0,3.0,1.5295665868182953,20.0,1.0,0.5808419509712001,0.41915804902879994,0.23099905636878496,0.5,0.46419758476561174,0.31161419913388994
ICEWS05-15,602,1768,59,2495,4985,3623,0,2.0,2.988112402983446,101.0,1.0,0.7586558520303299,0.8029534178433448,0.5639215092717228,0.7808046349368374,0.5879056947573683,0.7035928376281525
ICEWS05-15,603,1768,59,2399,3623,3623,1,1.0,2.4249232603767985,95.0,0.836743383392903,0.6583131528837922,0.6930823673825843,0.40288512020912354,0.6756977601331883,0.5321551119640647,0.5293119345335205
ICEWS05-15,604,1768,59,3782,1259,3623,0,17.0,1.0292197610909022,225.0,0.6597539553864471,0.8144390400598469,0.34393345338487996,0.16923242561572482,0.5791862467223634,0.4987351456154603,0.3603454335156415
ICEWS05-15,605,1768,59,2989,1214,3623,0,5.0,4.552408591485536,154.0,0.9611657480580811,0.7719006826382911,0.8423641007620296,0.6929014115390894,0.8071323917001604,0.6411440670998062,0.7602219998744779
ICEWS05-15,606,1768,59,33,3952,7393,0,5245.5,0.6921749581978704,2.0,0.9803906099397734,0.40702445283652233,0.5929755471634777,0.26474402350603926,0.5,0.3383198504763486,0.25219350156403847
ICEWS05-15,607,1768,59,3250,1214,3623,0,19.0,1.542926997260404,172.0,0.7429971445684742,0.7682323890293938,0.5704793665007463,0.3169110897147621,0.6693558777650701,0.517820081396327,0.49423993982943665
ICEWS05-15,608,1768,19,3345,3623,7393,0,4.0,0.1910783791318506,3.0,0.26010082080545915,0.0,1.0,0.5805678325257324,0.5,0.20853452901295297,0.21942741225327414
ICEWS05-15,609,1768,45,1446,4306,6579,0,5248.5,0.13579905581728835,2.0,0.5,2.5534729534149037e-05,0.9999744652704659,0.15713364381706602,0.5,0.23532942657649786,0.1538200534230612
ICEWS05-15,610,1768,245,3583,3235,7260,0,5.0,0.010167413665827296,5.0,0.4267397988666503,0.15528994574905286,0.8447100542509471,0.005207875443963496,0.5,0.24755759377995673,0.13006821829061788
ICEWS05-15,611,1768,245,2091,5335,7537,0,5256.5,0.1571600591468163,1.0,0.7429971445684742,0.0,1.0,0.11826912311542809,0.5,0.2617059551880092,0.1707652169762119
ICEWS05-15,612,1768,245,3082,3235,9500,0,4.0,0.7177777530510882,5.0,0.820335356007638,0.4214504697354601,0.5785495302645399,0.3388850452291797,0.5,0.3389102486578752,0.2650406794813961
ICEWS05-15,613,1768,133,2846,3623,3623,1,1.0,1.0994668791947197,14.0,0.5,0.6132189528355287,0.9973821374127103,0.7398958402515083,0.8053005451241195,0.32570186959543707,0.5919491839123856
ICEWS05-15,614,1768,64,1193,3623,3623,1,1.0,1.5852180337973776,11.0,0.7429971445684742,0.5631222286925843,0.9502692514194199,0.8728318989762701,0.7566957400560022,0.3783941480483385,0.6526649086420917
ICEWS05-15,615,1768,64,639,1675,7393,0,5247.0,1.3671360990598087,4.0,0.9238395952400507,0.368041880475397,0.9479371792869045,0.8782831239369425,0.6579895298811507,0.36821828253999117,0.5931132156854164
ICEWS05-15,616,1768,64,1182,6579,3623,0,2.0,1.9710535867014114,11.0,0.9238395952400507,0.5631222286925842,0.9502692514194201,0.8728318989763643,0.7566957400560022,0.42899958607553096,0.6935706719772439
ICEWS05-15,617,1768,225,2418,3623,6306,0,5.0,0.08945686256650262,3.0,0.14645927135455744,0.04608887405258699,0.953911125947413,0.41108000061783995,0.5,0.18991081595497855,0.16123930248017757
ICEWS05-15,618,1768,53,2499,3623,9117,0,5245.0,6.993401243075515e-12,1.0,6.993401243075515e-12,0.0,1.0,0.8748968093067673,0.5,0.14864756205466093,0.22697785767057843
ICEWS05-15,619,1768,180,1976,3623,3623,1,1.0,0.6093023354838786,8.0,0.9803906099397734,0.34747878442587765,0.6525212155741223,0.2543392254399638,0.5,0.3907310916375032,0.2904824464575793
ICEWS05-15,620,1768,49,1378,4306,6904,0,5246.0,1.1608189541439564,2.0,0.6216979445974911,0.0,1.0,0.8918464559635786,0.5,0.2782832419381602,0.38150474476637325
ICEWS05-15,621,1768,113,2141,3952,8841,0,3.0,0.12996392825074704,2.0,0.20918584584822575,0.20000000000000007,0.7999999999999999,0.3306964408915028,0.5,0.19007473157518182,0.1449862737599587
ICEWS05-15,622,1768,113,3621,7392,6227,0,5257.0,0.6630713971203597,2.0,0.5306065116666864,0.0,1.0,0.4609320103745628,0.5,0.2511983971281008,0.2275329432755681
ICEWS05-15,623,1768,26,2720,3623,3623,1,1.0,1.0816577285516895,12.0,0.8705505632961241,0.19521500891624755,0.9999999171256956,0.9998882198210147,0.5976074630209716,0.39753175917650435,0.6243022360947091
ICEWS05-15,624,1768,92,3576,6841,6285,0,5250.0,0.4727952948969961,1.0,0.5,0.0,1.0,0.8967964252210644,0.5,0.22644370889589902,0.33879211449971114
ICEWS05-15,625,1768,125,3461,3952,3952,1,1.0,0.4090217610634631,7.0,0.9238395952400507,0.00580420153143546,0.9941957984685645,0.282192112820775,0.5,0.3672503600475065,0.2909010576926334
ICEWS05-15,626,1768,29,2399,3623,3623,1,1.0,0.21763794011563437,6.0,0.21763764082403103,1.3751811985818208e-06,1.0,0.9999999999954052,0.5000006875905993,0.22264266910003233,0.35915092998608633
ICEWS05-15,627,1768,166,2760,7537,0,0,5244.5,0.0,0.0,0.0,0.0,0.0,0.0,0.0,0.13079885792039397,0.013540413295886884
ICEWS05-15,628,1768,119,1987,6841,3952,0,5245.0,0.9999999999999999,1.0,1.0,0.0,1.0,0.9999999999989998,0.5,0.3305286386634707,0.5024767778727222
ICEWS05-15,629,4098,167,1146,9568,4853,0,4.0,0.16863787030370678,1.0,0.18210685593674916,0.0,1.0,0.8622632987247856,0.5,0.17401542348162502,0.25851365070943744
ICEWS05-15,630,4098,167,2571,9568,8798,0,10.0,0.09770755003533826,1.0,0.19325416715837251,0.0,1.0,0.33832162290734624,0.5,0.17438870620928731,0.13809357166740918
ICEWS05-15,631,4098,172,3814,1939,2615,0,71.0,0.30183034896310534,2.0,0.6341329040632923,0.0,1.0,0.13658524175936715,0.5,0.262011624580682,0.16853376934598396
ICEWS05-15,632,4098,172,2281,9816,8531,0,5272.0,0.2538300715812859,1.0,0.8879629756445782,0.0,1.0,0.1667635232215698,0.5,0.2907536365842067,0.2051229606736025
ICEWS05-15,633,4098,137,1444,4853,4680,0,5251.0,0.12487151341431862,3.0,0.12750020117764987,1.8480051489078164e-07,0.9999998151994851,0.9595983582836453,0.5,0.1878044678982397,0.3021684579475648
ICEWS05-15,634,4098,182,61,3627,0,0,5244.5,0.0,0.0,0.0,0.0,0.0,0.0,0.0,0.13079885792039397,0.013540413295886884
ICEWS05-15,635,4098,224,485,3633,9568,0,2.0,1.285838146955135,3.0,0.9238395952400507,0.34182014506043934,1.0,0.8451579197545602,0.6709100725302197,0.35511402679104337,0.5822235968387479
ICEWS05-15,636,4098,184,3888,2571,4363,0,5250.5,0.2814837495012354,1.0,0.2871745887492588,0.0,1.0,0.9611368314285512,0.5,0.19040711179658257,0.3111611728282333
ICEWS05-15,637,4098,105,2306,3605,7515,0,5249.5,0.3418376307106001,1.0,0.34320509065132626,0.0,1.0,0.9920628620075941,0.5,0.19962299525348032,0.3341523759043331
ICEWS05-15,638,4098,170,1417,4853,3425,0,5245.0,0.0625,1.0,0.0625,0.0,1.0,0.9999999999839999,0.5,0.1570581006288496,0.2746207772850093
ICEWS05-15,639,1677,56,395,4680,4853,0,8.0,0.8751952322851579,85.0,0.8042490800314893,0.7686708669829513,0.23132913301704872,0.04531505697550428,0.5,0.4763186913324482,0.26250596482370164
ICEWS05-15,640,1677,56,900,3425;9423,4853,0,2.5,5.5585363732616955,205.0,1.0,0.8204225357252777,0.44545247533196525,0.23779492895451534,0.6329375055286215,0.6873336586927193,0.4941726253007656
ICEWS05-15,641,1677,56,3381,9423,3425,0,6.0,0.2190570897554922,168.0,0.7141434062641757,0.6621809711322577,0.3378190288677423,0.05464259341914328,0.5,0.473629919406088,0.275190268165516
ICEWS05-15,642,1677,56,627,271,4853,0,5281.0,0.9665849223246106,123.0,0.9803906099397734,0.6649705369158136,0.3350294630841864,0.059892172042029936,0.5,0.5392925152228503,0.32159193744069875
ICEWS05-15,643,1677,56,1405,5715,4853,0,10.0,4.83916890905778,286.0,1.0,0.7398418029198982,0.4896039992921182,0.24022715016348925,0.6147229011060082,0.6856786970021937,0.5006519137813331
ICEWS05-15,644,1677,56,3425,4853,5802,0,1.0,2.432420154727814,17.0,1.0,0.4437248407869713,0.5562751592130287,0.28531460496735844,0.5,0.48060911336787204,0.3235600949033068
ICEWS05-15,645,1677,56,3440,9419,5802,0,6.0,1.6039737645506906,18.0,0.7578582832551991,0.5310320292410345,0.46896797075896546,0.1991680372423176,0.5,0.4056601704536306,0.24755563480239326
ICEWS05-15,646,1677,56,2148,5919,4853,0,5325.0,6.637118862065837,382.0,0.8879629756445782,0.7706678669299258,0.755178546156339,0.5861248451433425,0.7629232065431324,0.7180236393760077,0.7121717903647546
ICEWS05-15,647,1677,56,514,3972,3425,0,5275.0,0.8565637775121999,31.0,1.0,0.8329543581488255,0.1670456418511745,0.03786078930332346,0.5,0.46833084934916225,0.26411465270292334
ICEWS05-15,648,1677,56,1629,2609,4853,0,7.0,1.4064169237804522,325.0,0.8042490800314893,0.811034914891303,0.18896508510869708,0.09102459728425544,0.5,0.5619815603939763,0.3246389986344128
ICEWS05-15,649,1677,56,1408,9423,4853,0,2.0,4.560035358270934,286.0,0.9423178739918808,0.7398418029198982,0.4896039992921181,0.24022715016348836,0.6147229011060081,0.6672501013421898,0.4864217448948976
ICEWS05-15,650,1677,56,186,5186,4853,0,9.0,5.414730872617197,39.0,0.9057236642639067,0.8441514403159299,0.49781681469338357,0.3275838128437564,0.6709841275046567,0.5824234811220254,0.45853862484529556
ICEWS05-15,651,1677,56,1324,4853,4853,1,1.0,1.7282983964036251,269.0,0.6216979445974911,0.7992242283292762,0.3929899187114486,0.16403467506544783,0.5961070735203624,0.5185652740328182,0.36727253773816027
ICEWS05-15,652,1677,56,3980,913,4853,0,5.0,2.47350192551891,524.0,0.9238395952400507,0.7248042176390151,0.27519578236098485,0.11057739655112933,0.5,0.6409574139116845,0.378621605485414
ICEWS05-15,653,1677,56,562,913,3425,0,28.0,0.7635477680212261,39.0,0.9423178739918808,0.7108605618208719,0.28913943817912807,0.042041858316877116,0.5,0.46435664367878937,0.2643512545976729
ICEWS05-15,654,1677,56,368,9423,9423,1,1.0,0.6264280562208562,61.0,0.6597539553864471,0.703744542401342,0.29625545759865807,0.03013570766716693,0.5,0.41906901935803337,0.2212821742840173
ICEWS05-15,655,1677,56,1833,3425,4853,0,8.0,1.193183487379089,346.0,1.0,0.7605354289842021,0.3770008504187567,0.1666740754007744,0.5687681397014794,0.6037856207918264,0.45815336491298747
ICEWS05-15,656,1677,56,2074,8792,9423,0,5322.5,0.9718427719611737,263.0,0.9238395952400507,0.7274626968245143,0.27253730317548575,0.09457753681351627,0.5,0.5664936652018888,0.3491728220790441
ICEWS05-15,657,1677,56,3160,9419,9423,0,2.0,0.16893253874834824,321.0,0.3170664520316462,0.6018405671485563,0.3981594328514438,0.059012206124958916,0.5,0.415312831038829,0.22136580833467814
ICEWS05-15,658,1677,56,384,9423,4853,0,1.0,1.0882141540664136,85.0,1.0,0.7686708669829513,0.23132913301704872,0.04531505697550478,0.5,0.527614262620966,0.3039888835079199
ICEWS05-15,659,1677,56,1569,10392,4853,0,7.0,4.584220363401859,317.0,0.9423178739918808,0.6333580462407399,0.5653079146859407,0.22880410960131273,0.5993329804633403,0.6727000313341885,0.4773088076944811
ICEWS05-15,660,1677,56,3335,3966,3425,0,131.0,1.9721477419515945,167.0,0.820335356007638,0.7643464487057663,0.6244130501678877,0.39521465391431504,0.694379749436827,0.5458610749540386,0.5613153791597858
ICEWS05-15,661,1677,56,746,9423,4853,0,1.0,8.923677354410968,162.0,1.0,0.7389571342845858,0.5413406030500191,0.31971910364184397,0.6401488686673025,0.7514099529061147,0.5093967441343519
ICEWS05-15,662,1677,56,1285,9419,4853,0,3.0,1.4564009259145738,265.0,1.0,0.6953955683731874,0.30460443162681267,0.09520141554467133,0.5,0.5970255187931549,0.3674067060247125
ICEWS05-15,663,1677,56,3482,4853,9419,0,1.0,2.433310304587695,71.0,1.0,0.6046798964867348,0.39532010351326513,0.19697764415635122,0.5,0.5547364262014797,0.3464830445265187
ICEWS05-15,664,1677,56,1442,4853,4853,1,1.0,1.8499186713987523,293.0,0.9803906099397734,0.8327238140774534,0.1672761859225466,0.08843846346447806,0.5,0.6081233980078793,0.3594761053188709
ICEWS05-15,665,1677,56,671,913,3425,0,3.0,0.18237247858245453,62.0,0.9238395952400507,0.7940701751118071,0.20592982488819295,0.006958028099965444,0.5,0.4684812146757586,0.2663835120387715
ICEWS05-15,666,1677,111,1959,9423,9423,1,1.0,0.31471708967320033,68.0,0.9803906099397734,0.5454685669862511,0.4545314330137488,0.0786962970825143,0.5,0.4900900367291678,0.3095879414744888
ICEWS05-15,667,1677,111,1195,9423,5715,0,4.0,1.088070552352851,8.0,0.836743383392903,0.6579754393594792,0.6740545407920338,0.28597205738611486,0.6660149900757565,0.3715987914124125,0.3766330259587583
ICEWS05-15,668,1677,111,1413,5715,4853,0,4.0,1.5122990031893728,117.0,0.8042490800314893,0.43198891521131966,0.5680110847886803,0.3692328821013059,0.5,0.5107112421094628,0.38742950139872406
ICEWS05-15,669,1677,111,1286,9521,4853,0,4.0,0.414500608073749,111.0,0.4267397988666503,0.7184784458868115,0.28152155411318847,0.1583776307314049,0.5,0.39182250180943884,0.2311032191623619
ICEWS05-15,670,1677,111,2880,9423,4853,0,2.0,2.6012356008581135,160.0,0.5858370854182298,0.6839396182663012,0.7228638773897541,0.5487476928575898,0.7034017478280277,0.5064236612536772,0.5621076499655353
ICEWS05-15,671,1677,111,750,9997,9423,0,5267.0,0.6663105394524758,36.0,0.8879629756445782,0.6275418142313935,0.3724581857686065,0.07592042798509954,0.5,0.4450394044018173,0.26240912405332284
ICEWS05-15,672,1677,111,2582,3425,9423,0,4.0,1.460447665012301,78.0,0.7429971445684742,0.34321323401778614,0.6567867659822139,0.28345858154250864,0.5,0.47356364934710826,0.32840894698141615
ICEWS05-15,673,1677,111,938,10120,4853,0,5269.0,0.8210885317967058,99.0,0.6095068271022377,0.8075006505701016,0.3600797665102339,0.1489781007979188,0.5837902085401677,0.437955084501266,0.31248730761970495
ICEWS05-15,674,1677,111,3789,4853,4853,1,1.0,1.240728285141441,199.0,0.9423178739918808,0.7830620013827647,0.4193582318571254,0.16661425988708412,0.6012101166199451,0.5633218268772491,0.44307740663171896
ICEWS05-15,675,1677,111,2758,5715,9423,0,31.0,0.6725253019206492,89.0,0.7001394896518027,0.7327735965027125,0.2672264034972875,0.1300686956672666,0.5,0.4491611628723672,0.26891029555772455
ICEWS05-15,676,1677,111,670,4680,4853,0,13.0,2.6343129317493443,78.0,0.6216979445974911,0.7370732202386663,0.5384392852184218,0.2578356107774502,0.6377562527285441,0.4775068788284552,0.3774508374241136
ICEWS05-15,677,1677,111,1668,1096,4853,0,14.0,1.1367754756292645,127.0,0.6095068271022377,0.6885680579507836,0.7670526455273882,0.4092880289403254,0.7278103517390859,0.45960499219299206,0.5308275835336146
ICEWS05-15,678,1677,133,3131,5379,9423,0,27.0,0.7567117079155141,139.0,0.5743491774985175,0.4504008201605476,0.5495991798394524,0.22371805794736999,0.5,0.44595077704252895,0.29300592314541946
ICEWS05-15,679,1677,133,3782,10120,4853,0,22.0,2.0472504335825517,229.0,0.9423178739918808,0.6615535563610961,0.6273035782101015,0.22796529540721117,0.6444285672855988,0.5921816693543448,0.5075978946389191
ICEWS05-15,680,1677,133,605,9423,4853,0,2.0,1.1401468081132675,42.0,0.7578582832551991,0.8306292908116512,0.3182910517921988,0.14600494922115578,0.574460171301925,0.4359604193821668,0.304065164775378
ICEWS05-15,681,1677,133,1208,5379,4853,0,2.0,2.9075391424050547,100.0,0.8879629756445782,0.7936695492068511,0.6823078765487027,0.5101255908761624,0.7379887128777769,0.5597607445349111,0.6274809369376244
ICEWS05-15,682,1677,133,1258,9419,4853,0,7.0,2.7538719947004306,106.0,0.5,0.5595589742199706,0.6339396895883781,0.46042202662642395,0.5967493319041743,0.46878267822165115,0.4054813911865909
ICEWS05-15,683,1677,133,3342,4684;9648,4684,1,17.5,0.382317699819122,5.0,0.9803906099397734,2.2930727316960997e-09,0.9999999977069273,0.10920882173333858,0.5,0.36445679418978083,0.24165306734371608
ICEWS05-15,684,1677,133,1597,1318,3106,0,22.0,0.26702109841067934,7.0,0.8042490800314893,9.157119507108291e-13,0.9999999999990843,0.0446509877666572,0.5,0.3383188584696218,0.20204802428356083
ICEWS05-15,685,1677,133,1609,3627,4853,0,27.0,0.21167613814325925,135.0,0.8534795977333005,0.6808907414552939,0.31910925854470606,0.041202480548621474,0.5,0.4941469567454744,0.29264152929595405
ICEWS05-15,686,1677,133,3852,9419,4853,0,3.0,0.7740043279347151,232.0,0.6216979445974911,0.5859954281424236,0.41400457185757644,0.14960134723666862,0.5,0.4845384171726728,0.296408268246623
ICEWS05-15,687,1677,133,3239,9734,10392,0,1.0,0.07062542274051875,9.0,1.0,0.5373199537107693,0.46268004628923065,0.016609867026734424,0.5,0.3864108955192395,0.2271268351480795
ICEWS05-15,688,1677,133,2257,4853,4853,1,1.0,1.1700280910076204,176.0,0.9803906099397734,0.7076081164323951,0.546933802510598,0.21134991428076963,0.6272709594714965,0.5636798143882416,0.487669945445858
ICEWS05-15,689,1677,133,3911,9734,10120,0,3.0,1.1379819103005397,91.0,0.7578582832551991,0.32188394441841217,0.6781160555815878,0.20930526811454186,0.5,0.4763477738698028,0.31515906656338044
ICEWS05-15,690,1677,133,2145,4684,4853,0,58.0,0.9987081525533914,170.0,0.9611657480580811,0.6280505797213904,0.3719494202786095,0.1546736395112298,0.5,0.552818921127656,0.3632584040271478
ICEWS05-15,691,1677,133,1287,9568,4853,0,8.0,4.175741768675225,113.0,0.9803906099397734,0.6612653413633631,0.6808280432168803,0.3942847870225087,0.6710466922901217,0.6203536609221556,0.5611853979107425
ICEWS05-15,692,1677,133,2978,9423,9423,1,1.0,1.7160627577663519,132.0,0.5858370854182298,0.5923244601503772,0.7165752463824441,0.29609385909082336,0.6544498532664107,0.4719646478945648,0.4254054958106394
ICEWS05-15,693,1677,133,1270,10392,4853,0,52.0,5.8530583564113865,111.0,1.0,0.5592568625263463,0.7574854131766996,0.5830668735330836,0.6583711378515229,0.665800416196783,0.6207844866438231
ICEWS05-15,694,1677,133,1986,4680,4853,0,23.0,1.2600458372273167,163.0,0.8879629756445782,0.5981293083758126,0.4018706916241875,0.1339956185636812,0.5,0.5408246693444063,0.33658601619775586
ICEWS05-15,695,1677,64,2431,10411,9423,0,5257.5,0.0408073485163305,4.0,0.5306065116666864,0.0,1.0,0.019801616426951125,0.5,0.25906316936023854,0.14375894046516222
ICEWS05-15,696,1677,64,144,9962,4853,0,5246.5,0.8090562493236384,2.0,0.9057236642639067,0.383362355899019,0.616637644100981,0.38009483786787374,0.5,0.3257616596209486,0.2706410335216491
ICEWS05-15,697,1677,137,2555,4853;9423,9423,1,1.0,3.3338153304513365,233.0,0.9238395952400507,0.5403183034022454,0.735820778169969,0.3998979531502352,0.6380695407861072,0.6225675028266,0.5613113370258664
ICEWS05-15,698,1677,137,620,4853,4853,1,1.0,0.26841702834237147,100.0,0.9057236642639067,0.8585327964710967,0.14146720352890332,0.021411186379160965,0.5,0.4918931272863555,0.2824193732771332
ICEWS05-15,699,1677,137,699,4853,4853,1,1.0,1.979242771738889,119.0,0.9803906099397734,0.8014886676701556,0.19851133232984447,0.10162510534233506,0.5,0.5649820977112555,0.3272486794905611
ICEWS05-15,700,1677,137,2062,9423,4853,0,1.0,2.5533271077708366,306.0,1.0,0.7449313663433799,0.7150210354892436,0.4828805041676386,0.7299762009163118,0.6327446647884194,0.687493661160407
ICEWS05-15,701,1677,137,1451,1364,4853,0,62.0,1.1768502388844695,247.0,0.836743383392903,0.6388652519209027,0.3611347480790973,0.04749220935201068,0.5,0.5487496511693831,0.3119813422150154
ICEWS05-15,702,1677,137,2300,4853,9423,0,1.0,0.570273286784774,215.0,1.0,0.5146551573448128,0.4853448426551871,0.050035276447030826,0.5,0.5625077116982259,0.3507957707090164
ICEWS05-15,703,1677,137,931,4853,4853,1,1.0,3.428840484515538,171.0,0.9611657480580811,0.8062148527735261,0.40322556326799996,0.21395819095127963,0.604720208020763,0.6176434996175224,0.4526056753622712
ICEWS05-15,704,1677,137,1317,9423,4853,0,2.0,2.277359214582722,223.0,0.9611657480580811,0.6942633865542837,0.30573661344571634,0.14353124058665526,0.5,0.6011020429915845,0.36450995111540235
ICEWS05-15,705,1677,137,341,4853,4853,1,1.0,0.009385434322048525,51.0,0.9611657480580811,0.8004822935518903,0.19951770644810968,0.0005327106733443835,0.5,0.4621619974100829,0.2657394826715346
ICEWS05-15,706,1677,137,1502,1063,4853,0,5277.0,2.752882770555553,251.0,0.8534795977333005,0.7579054022993718,0.4506815190214317,0.2425570874473208,0.6042934606604018,0.5956281598257289,0.4559325320794184
ICEWS05-15,707,1677,137,702,3425,4853,0,2.0,0.865075840778788,119.0,0.9238395952400507,0.8014886676701556,0.19851133232984447,0.04470096158830996,0.5,0.5216750137083546,0.2995786473055929
ICEWS05-15,708,1677,137,1656,4853,4853,1,1.0,3.3903110547412356,278.0,0.9423178739918808,0.8139094519995654,0.5606523073472712,0.3138546921477192,0.6872808796734183,0.6368128788675121,0.5734273337225113
ICEWS05-15,709,1677,137,1503,4853,4853,1,1.0,1.6989004185176535,251.0,0.836743383392903,0.7579054022993718,0.4506815190214318,0.14009392844976312,0.6042934606604018,0.5637133948978424,0.4175775133685122
ICEWS05-15,710,1677,137,3944,4853,4853,1,1.0,0.2764160891105032,409.0,0.9803906099397734,0.5309121727274069,0.46908782727259307,0.01522754356739827,0.5,0.5837950055156038,0.36156951441185536
ICEWS05-15,711,1677,137,1365,9423,4853,0,1.0,0.41751400340927436,226.0,1.0,0.793617415923364,0.20638258407663598,0.03816711626987921,0.5,0.5610102957013278,0.34221012278347873
ICEWS05-15,712,1677,137,2714,4680,9423,0,10.0,0.6242503116547446,245.0,0.5858370854182298,0.7137145789066639,0.2862854210933361,0.08611054017146326,0.5,0.4750270737630395,0.2688490889061184
ICEWS05-15,713,1677,180,663,9962,9962,1,1.0,4.3823026019682425,31.0,0.8705505632961241,0.28972252477769733,0.8043496376991961,0.5992376871928876,0.5470360812384467,0.5347071473019032,0.4609193257643624
ICEWS05-15,714,1677,180,2980,9962,4680,0,2.0,1.2646397395004816,64.0,0.6341329040632923,0.5135785074825978,0.7177818896905873,0.3328313118178031,0.6156801985865925,0.43281743497158387,0.3930109800211124
ICEWS05-15,715,1677,180,265,10120,9962,0,13.0,3.2811722241036505,13.0,0.9238395952400507,0.6285138746117827,0.8520846886830956,0.5468047265751464,0.7402992816474392,0.4726927452068442,0.5677261588008748
ICEWS05-15,716,1677,180,1061,9568,4680,0,3.0,0.8405430762171315,23.0,0.8705505632961241,0.47070055671445477,0.5292994432855452,0.17001311715833461,0.5,0.42294928736177007,0.2739943585753947
ICEWS05-15,717,1677,180,1258,9419,4853,0,65.0,1.0495569705387355,23.0,0.7730166686334901,0.765971970060084,0.42984943552061694,0.18888366428609848,0.5979107027903505,0.4064947627904729,0.316535974830605
ICEWS05-15,718,1677,180,100,3425,9962,0,2.0,0.23744128450416824,3.0,0.9238395952400507,0.30957235541227013,0.6904276445877299,0.046903316758552055,0.5,0.3292686130092672,0.1970541544193701
ICEWS05-15,719,1677,180,2139,9962,9962,1,1.0,0.9899285515525311,58.0,0.7001394896518027,0.7043462093186637,0.5687904689955687,0.26424284537473086,0.6365683391571162,0.435399316374471,0.39279394387743904
ICEWS05-15,720,1677,180,1783,2765,9822,0,5302.0,1.8184682296923813,5.0,0.9423178739918808,0.4416727717556185,0.8604455609152696,0.4114550867439296,0.651059166335444,0.3931396303618749,0.4226101517766656
ICEWS05-15,721,1677,180,1602,4853,9962,0,9.0,0.09087562464231469,44.0,0.4901953049698867,0.06953127053483632,0.9304687294651637,0.046001063775940904,0.5,0.3516768025372777,0.19888893415956088
ICEWS05-15,722,1677,180,1664,9568,9962,0,30.0,2.2272731938392347,51.0,0.8879629756445782,0.7253266289533751,0.7412566011101385,0.3991417690970474,0.7332916150317568,0.505818385512186,0.558546471487102
ICEWS05-15,723,1677,180,2718,4668,4680,0,7.0,2.178799295706613,57.0,0.9423178739918808,0.4103315669591501,0.5896684330408499,0.30419741170979,0.5,0.5229661370925466,0.366369142388719
ICEWS05-15,724,1677,180,2438,7597,9568,0,5312.0,0.39212690831925445,29.0,0.5858370854182298,0.3143083814183607,0.6856916185816393,0.1310645232980927,0.5,0.3596924199137816,0.21924828288403228
ICEWS05-15,725,1677,152,227,5592,5592,1,1.0,6.14491568127999,54.0,0.7429971445684742,0.796237903818862,0.6226291412830309,0.40143854761781417,0.7094335225509465,0.5816890147137173,0.4872840008935006
ICEWS05-15,726,1677,152,683,9303,6268,0,156.0,1.7738075867923273,15.0,0.9611657480580811,0.35044988795879584,0.6495501120412042,0.19583998768088173,0.5,0.4474120621573121,0.2860695563218766
ICEWS05-15,727,1677,152,1237,2609,10253,0,4.0,2.3963116042968933,53.0,1.0,0.5729556394488868,0.4270443605511132,0.17420951211148747,0.5,0.5384418091097428,0.3279400942956495
ICEWS05-15,728,1677,152,99,5287;6551,5287,1,2633.0,4.919814533780722,12.0,0.9803906099397734,0.5354713431337434,0.9047375192825898,0.31410186101506293,0.7201044312081666,0.526694710826873,0.47197512418434384
ICEWS05-15,729,1677,152,1943,3881,10253,0,9.5,0.3128889327825002,83.0,0.820335356007638,0.6438372036481487,0.35616279635185133,0.035515935373413625,0.5,0.4634429526623808,0.2665542653830678
ICEWS05-15,730,1677,152,2378,5275,9636,0,52.0,0.15213841799576944,4.0,1.0,0.06200523766707888,0.9379947623329211,0.025530411209765326,0.5,0.3538497655782347,0.21654154740344286
ICEWS05-15,731,1677,152,793,4066,5245,0,2.0,0.5655079644311094,21.0,0.8879629756445782,0.5883518677044004,0.4116481322955996,0.07086621180185065,0.5,0.41501279828524906,0.24406592530937443
ICEWS05-15,732,1677,152,1658,6354,73,0,16.0,0.5337136596671135,7.0,0.7141434062641757,0.5396402156271289,0.46035978437287106,0.06253880362044577,0.5,0.3262125681864078,0.18133425714631524
ICEWS05-15,733,1677,152,2150,7585,2609,0,5477.0,1.2019088232155388,44.0,0.836743383392903,0.6044578549647424,0.3955421450352576,0.13036149174636785,0.5,0.4581727702329476,0.27377703137792175
ICEWS05-15,734,1677,152,479,5592,5592,1,1.0,5.497465658646159,85.0,0.9803906099397734,0.6231419246978895,0.6465814203116503,0.31519515083760397,0.63486167250477,0.6400091345718271,0.48544985652784106
ICEWS05-15,735,1677,152,1084,10386,10386,1,1.0,4.173882917174245,13.0,0.9611657480580811,0.731427053055084,0.7205148334296789,0.3671202223826652,0.7259709432423815,0.5057935430201875,0.4923407206998805
ICEWS05-15,736,1677,152,248,6838;9303,5592,0,19.5,3.1382930951589243,57.0,0.8042490800314893,0.8322412426815888,0.4448054682561889,0.20266710224072013,0.6385233554688888,0.5171582629750855,0.3863910786585439
ICEWS05-15,737,1677,152,3056,5737;10367,1136,0,3.0,1.4086584294918456,9.0,1.0,0.3865593331206041,0.6134406668793959,0.11158161413408822,0.5,0.42169187166178823,0.25254708964524564
ICEWS05-15,738,1677,152,1067,2395,10386,0,1.0,2.98509285914431,9.0,1.0,0.50995534903718,0.7225246445307923,0.33378194078463796,0.6162399967839862,0.4642807290568076,0.3982904177046856
ICEWS05-15,739,1677,152,40,2652,63,0,2.0,0.7085095146240414,4.0,0.8879629756445782,0.0,1.0,0.11447951045495434,0.5,0.34402973981560525,0.21885063239076893
ICEWS05-15,740,1677,152,3990,3103,403,0,50.0,0.23768103143627828,6.0,0.836743383392903,0.11213172739415034,0.8878682726058497,0.044789089416403374,0.5,0.33795229898786056,0.20172797765411424
ICEWS05-15,741,1677,152,2676,5287,10411,0,25.0,0.8163432303314551,31.0,0.9238395952400507,0.6556050869286192,0.3443949130713808,0.17946902142076743,0.5,0.4496526898213098,0.294984469332822
ICEWS05-15,742,1677,152,3604,1096;10161,1096,1,3.0,2.6134430996068794,120.0,0.9803906099397734,0.6161695249067742,0.38383047509322576,0.12010521908575912,0.5,0.5824085269645836,0.33622291245428326
ICEWS05-15,743,1677,152,1886,5245,1096,0,2.0,6.6296166212858605,61.0,0.836743383392903,0.8655120820877484,0.6169962227641438,0.38869273243716196,0.7412541524259462,0.6214442266616401,0.5346798138560174
ICEWS05-15,744,1677,152,3206,3727,9973,0,374.0,0.7556772934661931,6.0,0.9611657480580811,0.6380534431790075,0.3619465568209926,0.14736534247827554,0.5,0.3775447871434858,0.23938651679857978
ICEWS05-15,745,1677,152,3595,871,1096,0,1.0,2.0461115598325463,115.0,0.9803906099397734,0.7144203872618002,0.2855796127381997,0.12867035838104937,0.5,0.5649955728921013,0.336868397791054
ICEWS05-15,746,1677,152,3208,2609,9973,0,110.0,0.7263311310649399,6.0,0.9238395952400507,0.6380534431790075,0.3619465568209925,0.14736534247827443,0.5,0.3686746054427243,0.23232375495379098
ICEWS05-15,747,1677,152,1039,2395,530,0,7.0,0.6781889884393566,23.0,0.9238395952400507,0.640746820988995,0.3592531790110049,0.07358555810952437,0.5,0.43072056772312833,0.25350493139671887
ICEWS05-15,748,1677,152,1746,1096,1096,1,1.0,3.2588833097085037,15.0,0.9803906099397734,0.8004950217142689,0.5225034271079917,0.3306948019602604,0.6614992244111303,0.4923622179646784,0.4396400514029329
ICEWS05-15,749,1677,152,1809,1732,1096,0,5457.5,19.383182763764662,48.0,0.9611657480580811,0.8156906554102755,0.9100863044329822,0.8068154007648057,0.8628884799216289,0.876334552323703,0.7425893850022505
ICEWS05-15,750,1677,152,170,9423,5592,0,9.0,10.810634579778961,46.0,0.9611657480580811,0.8088920188372151,0.6998924027094822,0.41965040814532106,0.7543922107733486,0.7330277021496207,0.5624046858757582
ICEWS05-15,751,1677,152,1086,4279,10386,0,5404.5,5.992183906332403,15.0,1.0,0.7877096531854979,0.7790842167253306,0.46421789534754704,0.7833969349554142,0.5712948813876769,0.5823930855556763
ICEWS05-15,752,1677,152,328,8414,2652,0,17.0,0.7158230145946218,19.0,0.9803906099397734,0.7630150518026173,0.23698494819738264,0.04633015838543268,0.5,0.43504257491286535,0.2480751499178247
ICEWS05-15,753,1677,152,1785,1096,1096,1,1.0,14.891684854538184,34.0,0.9803906099397734,0.6812831702978621,0.855327977962728,0.7390873039359814,0.7683055741302951,0.8040495507619922,0.6671220313740287
ICEWS05-15,754,1677,152,214,1414,5592,0,10.0,8.952211922234111,54.0,0.9611657480580811,0.796237903818862,0.6885492043043052,0.47620665105779997,0.7423935540615836,0.698496079515853,0.588215662859951
ICEWS05-15,755,1677,152,1641,63,73,0,1.0,0.7473480185990562,7.0,1.0,0.539640215627129,0.46035978437287095,0.06253880362044775,0.5,0.39266027800913716,0.23022730233399932
ICEWS05-15,756,1677,152,3051,4127,5073,0,146.0,0.035171243863655555,19.0,0.6729500963161781,0.5233366593213342,0.47666334067866584,0.0031177925675022044,0.5,0.34938020073540565,0.18800643747831264
ICEWS05-15,757,1677,152,1318,5976,2609,0,200.0,0.5610558900437592,25.0,0.7884782461155736,0.7961536969863481,0.20384630301365197,0.045298654265896965,0.5,0.40120445528400356,0.21968617017974518
ICEWS05-15,758,1677,152,1700,3934,3516,0,107.0,1.2469315664809244,13.0,0.9803906099397734,2.6169839688172658e-05,0.9999738301603118,0.19919089509821425,0.5,0.43054725709982855,0.29612219887388025
ICEWS05-15,759,1677,152,1822,409,1096,0,186.0,16.64060210695999,50.0,0.836743383392903,0.8322582950690413,0.9181686819806769,0.8226408810114317,0.875213488524859,0.824997034946498,0.7386694913102533
ICEWS05-15,760,1677,152,2836,10253,1539,0,7.0,0.19970625162528677,12.0,0.836743383392903,0.4976484944789724,0.5023515055210276,0.029491526198240955,0.5,0.36729890996611364,0.20949768133833951
ICEWS05-15,761,1677,152,2810,10253,1539,0,5.0,1.293837984030438,11.0,0.7884782461155736,0.3389660611276376,0.6610339388723624,0.17086969346145006,0.5,0.3808362653840016,0.2351090739724122
ICEWS05-15,762,1677,152,1193,7837,10386,0,141.0,0.6485122504535199,31.0,0.4805828740290406,0.8268948210642116,0.1731051789357884,0.077429456507386,0.5,0.3469113792566304,0.1805272693840645
ICEWS05-15,763,1677,152,3088,9423,574,0,12.0,0.9298192487713237,11.0,0.597554769985219,0.45867651039235235,0.5413234896076476,0.08670959149755456,0.5,0.3310543694511709,0.17985834257497227
ICEWS05-15,764,1677,152,434,4992,7837,0,4.0,0.4672640277520337,8.0,0.8534795977333005,0.6294445938548077,0.3705554061451923,0.04355985248322541,0.5,0.35943540338982,0.2017380665234496
ICEWS05-15,765,1677,152,310,6268,5592,0,4.0,0.16263933037469336,65.0,0.820335356007638,0.6226262318056577,0.37737376819434226,0.009914226654851515,0.5,0.4465364306716884,0.2515570064114882
ICEWS05-15,766,1677,152,2350,1726,4076,0,128.0,0.5043085099919673,5.0,0.6729500963161781,0.0,1.0,0.08487167161857734,0.5,0.30394236566727867,0.1811174428508411
ICEWS05-15,767,1677,152,461,409,3969,0,2.0,0.7552954523969344,7.0,1.0,0.11568081309566913,0.8843191869043309,0.0752646386468701,0.5,0.3928679415946472,0.2423052491398976
ICEWS05-15,768,1677,152,249,9303,5592,0,19.0,3.0767530817326367,57.0,0.7884782461155736,0.8322412426815888,0.4448054682561889,0.20266710224071982,0.6385233554688888,0.51181095024747,0.38265281773813486
ICEWS05-15,769,1677,105,503,10120,10120,1,1.0,0.23105382490909232,31.0,0.6729500963161781,0.7556862746094826,0.2443137253905175,0.035224231743375196,0.5,0.37765862572807857,0.20462905098581088
ICEWS05-15,770,1677,105,328,4853,10120,0,3.0,3.4633956825188843,20.0,0.9611657480580811,0.6182485341852304,0.7253075887673467,0.3103116750268523,0.6717780614762885,0.508074186915078,0.45183172191572835
ICEWS05-15,771,1677,105,2572,4680,4680,1,1.0,0.27868704682345324,44.0,0.9611657480580811,0.48927899303103917,0.5107210069689608,0.07996141339023481,0.5,0.4617877877187571,0.29067898789257185
ICEWS05-15,772,1677,105,1151,4853,4853,1,1.0,0.04415585480489437,88.0,0.9057236642639067,0.7266772073777699,0.27332279262223014,0.006707205496186792,0.5,0.47898034753297813,0.27697515733748307
ICEWS05-15,773,1677,105,2858,7288,10120,0,31.0,0.6285139156612458,141.0,0.8879629756445782,0.5872831178476602,0.4127168821523398,0.1710475269387321,0.5,0.5158896836045391,0.3456874537435751
ICEWS05-15,774,1677,105,2173,10392,4853,0,6.0,0.47205319045660765,136.0,0.8705505632961241,0.7472711105661425,0.2527288894338575,0.05346763190294038,0.5,0.5056394216777079,0.2981451919735333
ICEWS05-15,775,1677,105,1290,5718,9423,0,3.0,0.033237244447406944,39.0,0.7730166686334901,0.43350049793824585,0.5664995020617541,0.006187765734720289,0.5,0.40606433736367203,0.2288643877806968
ICEWS05-15,776,1677,105,829,5802,4853,0,31.0,1.4809118215622594,73.0,0.7730166686334901,0.7972960270853069,0.5221103020279582,0.24094997180297956,0.6597031645566325,0.47758744238845674,0.4267555759713389
ICEWS05-15,777,1677,105,1674,4680,10120,0,3.0,0.15536602795199506,98.0,0.6341329040632923,0.620375062344906,0.379624937655094,0.04877329925489692,0.5,0.42515256832951887,0.23963059898902647
ICEWS05-15,778,1677,105,443,10120,4853,0,1.0,4.005382970199297,41.0,1.0,0.6449593297817331,0.6498257820389802,0.4549660393214866,0.6473925559103566,0.5686772017087462,0.5257678666251947
ICEWS05-15,779,1677,105,340,3425,10120,0,4.0,2.73081215335674,20.0,0.7578582832551991,0.6182485341852304,0.7253075887673467,0.31031167502684487,0.6717780614762885,0.44102198095384654,0.40183060339843857
ICEWS05-15,780,1677,105,2110,10120,4853,0,2.0,1.687571362752248,130.0,0.8705505632961241,0.5481966744674823,0.4518033255325177,0.17623691343815753,0.5,0.5364659520552636,0.3372581295566658
ICEWS05-15,781,1677,105,2244,5186,5186,1,1.0,0.3006729623460034,35.0,0.9803906099397734,0.0824075544327647,0.9175924455672353,0.07648422657679801,0.5,0.45494223008688683,0.2947839147679906
ICEWS05-15,782,1677,105,1989,4853,4853,1,1.0,0.7107692982671767,122.0,0.820335356007638,0.3543983505478816,0.6456016494521184,0.10656586028909343,0.5,0.4947244196196006,0.3082101016453628
ICEWS05-15,783,1677,105,2268,4853,4853,1,1.0,0.02264673613085355,138.0,0.7284274237469965,0.3294063984638317,0.6705936015361683,0.0052916358809561035,0.5,0.46114634530632503,0.26445022604516344
ICEWS05-15,784,1677,167,1272,5804,4853,0,29.0,1.5611705673418066,46.0,0.7001394896518027,0.5568703222161948,0.7269286267969404,0.4628595046615736,0.6418994745065676,0.4387980733860012,0.46191128482710914
ICEWS05-15,785,1677,167,1271,5379,4853,0,7.0,1.5923964912696487,46.0,0.7141434062641757,0.5568703222161948,0.7269286267969405,0.46285950466157627,0.6418994745065676,0.44285127548640446,0.4654896872931524
ICEWS05-15,786,1677,167,797,4684,9734,0,4.0,0.15475269573055161,2.0,0.7429971445684742,0.0,1.0,0.05550478579590316,0.5,0.278800277179898,0.16791674292232983
ICEWS05-15,787,1677,167,3715,10120,4680,0,2.0,1.1518401277283337,19.0,0.7429971445684742,0.3180534130741881,0.6819465869258119,0.3739056490217306,0.5,0.3931027962698889,0.30504687569279143
ICEWS05-15,788,1677,167,1398,5186,3425,0,18.0,1.1206603193886084,3.0,0.9611657480580811,0.475265252820549,0.999999425161418,0.44072345361507564,0.7376323389909836,0.3589275931073261,0.49113289622018236
ICEWS05-15,789,1677,167,272,4853,5379,0,6.0,0.8559866096139443,5.0,0.9803906099397734,0.21362153669646722,0.7863784633035328,0.21219054944879523,0.5,0.37655936589830613,0.2650766967390161
ICEWS05-15,790,1677,125,1298,4853,4853,1,1.0,6.773393442967238,209.0,0.9611657480580811,0.7502656422699484,0.7110080362652952,0.4880197572293104,0.7306368392676218,0.7086411373498913,0.6505092369935149
ICEWS05-15,791,1677,125,1782,9423,9423,1,1.0,0.6606708561636925,168.0,0.7884782461155736,0.6386849687108351,0.3613150312891648,0.0827625441782448,0.5,0.5029818746069654,0.2991663999787995
ICEWS05-15,792,1677,125,3952,4853,4853,1,1.0,0.6576003877647425,388.0,0.9611657480580811,0.6696054505068669,0.33039454949313307,0.07802909330693965,0.5,0.5868551643793832,0.37157703797620156
ICEWS05-15,793,1677,125,3752,4853,4853,1,1.0,2.8673069552951995,376.0,0.9803906099397734,0.7189874192883717,0.5440049562534227,0.2409945513874933,0.6314961877708972,0.6466228932790518,0.5300036766304076
ICEWS05-15,794,1677,125,1041,4853,4853,1,1.0,2.139999934711157,168.0,0.8042490800314893,0.7089136093303088,0.4594237085061756,0.2223510938652627,0.5841686589182422,0.5470268998024239,0.4054497063027191
ICEWS05-15,795,1677,125,3206,9734,913,0,8.0,1.0881461175574039,25.0,0.9611657480580811,0.504968580660597,0.9302911458940891,0.38930414888146214,0.717629863277343,0.4545952164529682,0.5406433857648015
ICEWS05-15,796,1677,125,1247,10120,4853,0,4.0,2.177937702921308,196.0,0.646816582731497,0.5947708341474367,0.40522916585256336,0.22493420104438389,0.5,0.5198162933829097,0.3148135956168915
ICEWS05-15,797,1677,125,1927,1096,4853,0,14.0,0.18095299431239975,268.0,0.836743383392903,0.5488689654138542,0.4511310345861458,0.05128205835955673,0.5,0.5259628678732893,0.32199488145528693
ICEWS05-15,798,1677,125,853,4853,4853,1,1.0,0.4365828176917663,143.0,0.8705505632961241,0.7951616164836713,0.20483838351632866,0.02358371263112199,0.5,0.5073396223834561,0.2896790645510559
ICEWS05-15,799,1677,125,1813,9419,4853,0,9.0,0.2892486350229859,263.0,0.646816582731497,0.7966165502490486,0.20338344975095132,0.047641850896838055,0.5,0.4837990546818838,0.27191289584126366
ICEWS05-15,800,1677,125,913,9423,4853,0,2.0,0.43554525727247473,155.0,0.8705505632961241,0.8064407787245789,0.19355922127542108,0.025062396845835572,0.5,0.5116015273372672,0.29291214194133414
ICEWS05-15,801,1677,125,101,5379,4853,0,3.0,1.2078133975461034,9.0,0.9423178739918808,0.7046114275857827,0.2953885724142173,0.14765160539276417,0.5,0.4033624103140017,0.2451372495503315
ICEWS05-15,802,1677,125,2312,5186,9423,0,3.0,0.9118956785767809,192.0,0.9423178739918808,0.6724713997162775,0.32752860028372255,0.18832202162291642,0.5,0.5525519628496961,0.37473303562685806
ICEWS05-15,803,1677,125,402,4853,4853,1,1.0,3.152273496800249,69.0,0.7730166686334901,0.7871868644441375,0.46331097713357433,0.2477165936580931,0.625248920788856,0.5203592750643131,0.39383041974326616
ICEWS05-15,804,1677,55,4001,9423,4853,0,6.0,0.0001464812099469145,7.0,0.00014588739501592276,0.004467058824791925,0.9999999999715882,0.9991705843041692,0.5022335293981901,0.19034581903407122,0.3150271652300572
ICEWS05-15,805,1677,224,185,1421;9734,4853,0,2625.75,2.643870924443453,10.0,0.9057236642639067,0.7514391472573243,0.7456898801254512,0.5693248084322541,0.7485645136913878,0.4383824245672967,0.5660577096117458
ICEWS05-15,806,1677,224,536,9419,4853,0,13.0,0.7907414145004377,34.0,0.6341329040632923,0.7067288948826531,0.4906279235528175,0.22376458833143067,0.5986784092177353,0.38815938585308685,0.31384413693246255
ICEWS05-15,807,1677,224,1041,5186,4853,0,11.0,1.8612539159481978,85.0,0.5743491774985175,0.7064015729450426,0.5176377362382293,0.22444648005984225,0.6120196545916359,0.45003030087121026,0.34227354994658243
ICEWS05-15,808,1677,224,1651,913,5715,0,11.0,0.36968863947168096,9.0,0.9423178739918808,0.5797019783575512,0.42029802164244884,0.08985330851359007,0.5,0.3814737163651023,0.23418992610471454
ICEWS05-15,809,1677,224,4000,10015,3425,0,50.0,1.689044845991309,104.0,0.4528618321319533,0.7891055790635094,0.4855828957713004,0.25084088565427826,0.637344237417405,0.4281084739185501,0.34737678428053254
ICEWS05-15,810,1677,224,1565,4853,9423,0,1.0,2.1856759491833433,66.0,1.0,0.7799945836696831,0.5756200591007877,0.31653482915293907,0.6778073213852354,0.5441992084553748,0.5228111380825943
ICEWS05-15,811,1677,224,1924,5715,3425,0,2.0,0.36071665364692684,30.0,0.8534795977333005,0.3444708152642678,0.6555291847357322,0.075210359978698,0.5,0.4196455855905918,0.25598493781342024
ICEWS05-15,812,1677,224,100,4680,4853,0,5248.0,0.5858370854182299,2.0,0.9423178739918808,0.383362355899019,0.616637644100981,0.23713561124704188,0.5,0.3278678500169302,0.23781147873292519
ICEWS05-15,813,1677,224,387,4680,4853,0,4.0,0.06948274618387362,28.0,0.4439814878222891,0.6455803748476433,0.3544196251523567,0.014202795162823181,0.5,0.32055343122194774,0.1630584535442886
ICEWS05-15,814,1677,224,3405,3425,3425,1,1.0,1.8425982719386078,48.0,0.9611657480580811,0.6624036087797492,0.7578194714854132,0.4784015574264622,0.7101115401325813,0.5091130287056846,0.5890047292305889
ICEWS05-15,815,1677,224,3740,1802,3425,0,16.0,1.583353146898661,64.0,0.9803906099397734,0.7470452391250653,0.491318553358728,0.2566979610356794,0.6191818962418967,0.5216204280152441,0.4497335058209043
ICEWS05-15,816,1677,224,1218,5802,9734,0,18.0,0.17467822098487606,25.0,1.0,0.4133688207264442,0.5866311792735558,0.05400272041859671,0.5,0.438786899205566,0.2727968153335079
ICEWS05-15,817,1677,126,977,6352,9734,0,5248.5,0.03918186587340774,1.0,0.043758718103237663,0.0,1.0,0.810621776108263,0.5,0.15443074370282073,0.2181373497005293
ICEWS05-15,818,1677,225,3687,1784,4853,0,5251.0,0.9268761648069697,42.0,0.836743383392903,0.10711651267091693,0.9919894221181631,0.9783638202606852,0.5495529673945401,0.4482896476981334,0.6262183761069321
ICEWS05-15,819,1677,6,405,4853,4853,1,1.0,4.244163515582387,25.0,0.9238395952400507,0.7841526702827046,0.992911787702133,0.9833655329557938,0.8885322289924188,0.5321896151224053,0.8162768774219165
ICEWS05-15,820,1677,6,893,1741,4680,0,5247.0,0.25749326219806945,3.0,0.6729500963161781,0.25176308462212493,0.7482369153778751,0.16706576989631833,0.5,0.28037567856862133,0.18485560361448106
ICEWS05-15,821,1677,6,103,4853,4853,1,1.0,1.7394683975455774,4.0,0.9423178739918808,0.509611776960497,1.0,0.8268684654189974,0.7548058884802484,0.38180517835515937,0.6479481678455907
ICEWS05-15,822,1677,183,2415,2607,4680,0,5260.0,0.47234795322147194,2.0,0.5630865404461788,0.0002916896823359494,0.999708310317664,0.722074859845728,0.5,0.252953211329421,0.3119768952131968
ICEWS05-15,823,1677,59,1074,10120,530,0,34.0,3.108832922605526,9.0,0.836743383392903,0.6710733034117486,0.8579799362647778,0.6526880930170611,0.7645266198382632,0.4301165446291185,0.5876447019326678
ICEWS05-15,824,1677,59,2100,4853,4853,1,1.0,7.291172967938728,172.0,0.9057236642639067,0.6220642004610334,0.922255900865502,0.7113013370940423,0.7721600506632678,0.7010694309407103,0.7319055896783602
ICEWS05-15,825,1677,59,3748,4853,4853,1,1.0,1.6306393939672197,283.0,0.5520447568369061,0.5751654899874499,0.7873585166802433,0.538001751662804,0.6812620033338466,0.5024170316638391,0.5640367816141167
ICEWS05-15,826,1677,59,1840,5402,4853,0,39.0,0.3024212734587004,158.0,0.20508383900190946,0.6309484102185502,0.3690515897814498,0.18741054636984364,0.5,0.35826579573038353,0.2111843395445777
ICEWS05-15,827,1677,59,2332,4853,4853,1,1.0,0.2814320898107977,183.0,0.43527528164806206,0.623403561557787,0.376596438442213,0.13862317521086143,0.5,0.41585223959729284,0.2462092076221234
ICEWS05-15,828,1677,59,3870,4853,4853,1,1.0,2.8911576448982017,292.0,0.7578582832551991,0.6113481206861449,0.8158245241648839,0.6077360479576758,0.7135863224255143,0.5856095100228105,0.6610346020582528
ICEWS05-15,829,1677,59,1802,9936,4853,0,27.0,0.9363922519409558,158.0,0.43527528164806206,0.6309484102185503,0.583114892224539,0.2991288122787771,0.6070316512215447,0.4257069560800028,0.36153681714596114
ICEWS05-15,830,1677,168,381,4680,4853,0,3.0,4.622095344771849,43.0,0.9238395952400507,0.6857936536220224,0.8418542267900876,0.6580880781778885,0.7638239402060549,0.5703252800533083,0.6680417102394878
ICEWS05-15,831,1677,168,2642,9424,9423,0,5.0,0.03286966831231464,22.0,0.8705505632961241,0.36527709659998786,0.6347229034000121,0.01212804935255259,0.5,0.39932146531627916,0.23218517066559177
ICEWS05-15,832,1677,168,1212,10161,4853,0,4.0,0.009488225679518791,87.0,0.8534795977333005,0.4105345663623301,0.5894654336376699,0.0032873469669747785,0.5,0.465322928576483,0.2717019064389801
ICEWS05-15,833,1677,168,814,4680,4680,1,1.0,1.2145331091082943,27.0,0.6729500963161781,0.40026383013566924,0.5997361698643308,0.25267884154308107,0.5,0.3964234828902119,0.26324259063008626
ICEWS05-15,834,1677,168,795,4680,4680,1,1.0,2.809801730668206,27.0,0.9803906099397734,0.40026383013566924,0.8232645299300666,0.47127280041326924,0.6117641800328679,0.5100666595619536,0.490895908378592
ICEWS05-15,835,1677,168,3513,5402,4853,0,5278.0,0.20778132687667217,203.0,0.5412194958693883,0.7819764352792175,0.21802356472078258,0.04367908203296516,0.5,0.44343194620252363,0.24095141719362784
ICEWS05-15,836,1677,168,629,4853,4853,1,1.0,3.075464436015422,72.0,0.9803906099397734,0.7468938679332253,0.46912705184695724,0.25072324543921254,0.6080104598900913,0.568296318054364,0.43814103153855244
ICEWS05-15,837,1677,168,909,4853,4853,1,1.0,0.856966422270045,82.0,0.9803906099397734,0.5763631862699234,0.42363681373007656,0.22722271525224055,0.5,0.5148417358756818,0.3644785219219948
ICEWS05-15,838,1677,172,3691,2200,9423,0,10.0,0.012162842751058722,48.0,0.5100008047105996,0.3721255951082012,0.6278744048917988,0.0075434636928668215,0.5,0.35810034758816967,0.1903782021721305
ICEWS05-15,839,1677,172,3597,4853,10367,0,7.0,0.3952347553279618,11.0,1.0,0.28474550111437447,0.7152544988856255,0.16461442757662462,0.5,0.4042575155901405,0.28001591774878765
ICEWS05-15,840,1677,172,337,4853,4853,1,1.0,1.6686868042277494,41.0,0.8879629756445782,0.7616636569779835,0.46292493907352267,0.28856750504788276,0.6122942980257531,0.4790796500683475,0.4116351066188633
ICEWS05-15,841,1677,172,2171,2200,4680,0,13.0,0.15544724605963878,25.0,0.8879629756445782,0.020370424026845413,0.9796295759731546,0.09378940472023543,0.5,0.412806271813493,0.2699687570374365
ICEWS05-15,842,1677,172,104,4853,4853,1,1.0,3.070516976157198,10.0,0.9803906099397734,0.49895446672074095,0.6435709462668739,0.3637661596602708,0.5712627064938074,0.46715870364535295,0.37375621335596937
ICEWS05-15,843,1677,172,1567,4680,4867,0,23.0,2.255292890513743,5.0,0.9611657480580811,0.42399889668481794,0.5760011033151821,0.339843711729441,0.5,0.4088431732476555,0.2904793949581637
ICEWS05-15,844,1677,172,153,4853,4853,1,1.0,8.884402999146333,24.0,0.836743383392903,0.8348477191151776,0.8915425290033533,0.7944646980378788,0.8631951240592655,0.6336505406524697,0.7205105082629852
ICEWS05-15,845,1677,172,341,4853,4853,1,1.0,1.5415989418001774,41.0,0.820335356007638,0.7616636569779835,0.4629249390735227,0.28856750504787865,0.6122942980257531,0.459950889347224,0.39482673406324187
ICEWS05-15,846,1677,41,1334,10131,2200,0,25.0,0.5159456267299659,29.0,0.9611657480580811,0.34929365215034114,0.6507063478496589,0.2116025376663666,0.5,0.4466741224587874,0.319566187491533
ICEWS05-15,847,1677,41,1161,2947,2200,0,5259.5,0.557865492686633,22.0,0.4267397988666503,0.36444536937238725,0.9486291542696752,0.7106350059515077,0.6565372618210312,0.3178927135152977,0.47109136567607074
ICEWS05-15,848,1677,41,3307,10303,2200,0,5.0,4.967154993016609,102.0,0.9803906099397734,0.6468465911735293,0.9562658694278248,0.8239610321383967,0.801556230300677,0.6355246981508955,0.7835893253236185
ICEWS05-15,849,1677,41,2542,1802,1326,0,46.0,1.5256388127179712,4.0,0.820335356007638,0.00022336170384362752,0.9997766382961564,0.4620956794031908,0.5,0.3500656039426135,0.303120269234456
ICEWS05-15,850,1677,41,891,10456,2200,0,5257.0,0.31411887401947675,15.0,0.5306065116666864,0.2221408781060603,0.7778591218939397,0.2991166237413734,0.5,0.3161702725982527,0.23524769110951574
ICEWS05-15,851,1677,184,668,5718,1769,0,5247.0,0.8186774185655417,3.0,0.5202016416109183,0.3011710259073944,0.6988289740926056,0.38441146161499473,0.5,0.2644129755602247,0.20875911501930722
ICEWS05-15,852,1677,57,1259,3425,5715,0,5254.5,0.5772502800429021,2.0,0.36421371187349827,0.0,1.0,0.6670941537946856,0.5,0.2216009229191126,0.25224624537966045
ICEWS05-15,853,1677,246,3924,9962,9962,1,1.0,0.06045588402971248,103.0,0.06007285925363007,0.006335607893752093,1.0,0.999999999983459,0.5031678039468761,0.30252502196843367,0.44046305415164727
ICEWS05-15,854,1677,140,2411,9424,9568,0,5253.5,0.3206366545620901,4.0,0.9803906099397734,8.992251387951455e-12,0.9999999999910077,0.19549292259879977,0.5,0.353901362711769,0.26000107658734556
ICEWS05-15,855,1677,171,3913,4853,4853,1,1.0,0.5897808205505898,38.0,0.4439814878222891,0.6595036132530112,0.5885232925402587,0.29225027490801964,0.624013452896635,0.3473554892475172,0.31633411778086407
ICEWS05-15,856,1677,171,3161,5715,3561,0,21.0,0.1991353204489722,1.0,0.5743491774985175,0.0,1.0,0.20971258695168077,0.5,0.2333757844085934,0.16492406954625632
ICEWS05-15,857,1677,202,491,3727,4853,0,2.0,1.2784073314876898,34.0,0.7884782461155736,0.7521982187230718,0.4722417186261907,0.25138902011750414,0.6122199686746312,0.4358300645566096,0.3669007267230316
ICEWS05-15,858,1677,202,1223,3425,4853,0,16.0,0.03962697823002026,55.0,0.6729500963161781,0.3639293161858682,0.6360706838141318,0.019085077277551717,0.5,0.40120558115425375,0.22582033743689003
ICEWS05-15,859,1677,202,873,9423,9962,0,12.0,0.2902331750523023,9.0,0.646816582731497,0.10647372287687484,0.8935262771231252,0.2507303659789267,0.5,0.3171743635662969,0.23124533828753427
ICEWS05-15,860,1677,144,61,9423,0,0,5244.5,0.0,0.0,0.0,0.0,0.0,0.0,0.0,0.13079885792039397,0.013540413295886884
ICEWS05-15,861,1677,144,187,1421,5379,0,5244.0,0.0,1.0,1.0,0.0,0.0,0.0,0.0,0.3067509553104603,0.04314417424605095
ICEWS05-15,862,1677,182,2007,3124,3124,1,1.0,0.10235847731869155,3.0,0.12500000000000003,2.50011618074808e-08,0.9999999749988382,0.6932905535367352,0.5,0.18707470848353375,0.22425045509783922
ICEWS05-15,863,1677,170,285,4680,4853,0,5249.0,1.8578144071320126,19.0,0.5630865404461788,0.7320568343331,0.7723360879741116,0.5112677912790409,0.7521964611536058,0.37186106141596886,0.48752628379240354
ICEWS05-15,864,1677,170,719,4853,4853,1,1.0,2.6363396622516886,44.0,0.7884782461155736,0.6077739680815909,0.7330719467283243,0.5417207988505267,0.6704229574049576,0.4861463124515899,0.5304416160368032
ICEWS05-15,865,1677,170,437,4680,4680,1,1.0,1.1046943203890178,10.0,0.9057236642639067,0.7039810861538457,0.2960189138461543,0.10355234823116381,0.5,0.39738841900462346,0.22953199329961932
ICEWS05-15,866,1677,170,3727,3425,4853,0,2.0,1.8020007588041569,111.0,0.9057236642639067,0.655637410523521,0.690576424394299,0.5210669975355906,0.6731069174589099,0.5393580580456538,0.5984065830827979
ICEWS05-15,867,1677,170,50,4853,4684,0,5245.5,1.5933123675575258,4.0,0.6729500963161781,0.506418550150835,0.7742625130990332,0.49762856165668645,0.6403405316249341,0.32117232704114757,0.3681687733052817
ICEWS05-15,868,1677,196,484,4853,4853,1,1.0,2.3011328488895524,16.0,0.9423178739918808,0.6846905148701812,0.8115510606734845,0.6259941661673288,0.7481207877718328,0.46061087122625755,0.6180902950830092
ICEWS05-15,869,1677,48,889,2200,6179,0,4.0,0.15045740193201698,3.0,0.06900559460461328,0.5928981321317957,1.0,0.7979641593440696,0.7964490660658978,0.18006156238657808,0.43726612459399933
ICEWS05-15,870,1677,19,111,4853,4853,1,1.0,0.3714985722842371,1.0,0.3714985722842371,0.0,1.0,0.9999999999973083,0.5,0.20438779387124595,0.3434633963418487
ICEWS05-15,871,1677,92,2960,4853,4853,1,1.0,0.1390627055957308,23.0,0.4267397988666503,0.0014490653387253527,0.9985509346612746,0.19431516743712443,0.5,0.3099767376416419,0.20663883549669848
ICEWS05-15,872,1677,151,346,4853,4853,1,1.0,1.183356575426524,5.0,0.9803906099397734,0.29094896047423,0.70905103952577,0.17024006524399712,0.5,0.3850158896512533,0.2503308226229553
ICEWS05-15,873,1677,156,1045,4680,4680,1,1.0,0.8064394520735731,10.0,0.820335356007638,0.028652823209823652,0.9713471767901763,0.9136800892547574,0.5,0.37088150025913025,0.5003591468528916
ICEWS05-15,874,1677,174,3091,3425,4853,0,1.0,0.920617415722872,22.0,1.0,0.0004559283051405183,0.9995440716948595,0.8521908716972423,0.5,0.45247914732801,0.5587917810860146
ICEWS05-15,875,1677,174,1513,4853,9423,0,1.0,0.779519339601178,11.0,1.0,0.006024581833253939,0.9939754181667461,0.6324172756044733,0.5,0.4144364795942359,0.4469200561722308
ICEWS05-15,876,1677,149,91,9423,8065,0,5245.0,0.20508383900190946,1.0,0.20508383900190946,0.0,1.0,0.9999999999951239,0.5,0.17769057827932566,0.3053240795133765
ICEWS05-15,877,1677,139,1152,1776,3124,0,5247.0,0.1625431082572718,2.0,0.410167678003819,0.4851512137172558,0.5148487862827442,0.11360224722946252,0.5,0.22113517075661387,0.1277245143992489
ICEWS05-15,878,1677,161,605,5186,4680,0,5248.0,0.6640164129879851,2.0,0.8879629756445782,0.00029752220961143383,0.9997024777903886,0.5969019122273571,0.5,0.3186845845692739,0.3457789676171521
ICEWS05-15,879,1677,127,2070,6213,4853,0,5247.5,0.008048468259953465,4.0,0.0040640753250852975,0.49504990842707375,0.9999999999952472,0.999999734034256,0.7475249542111605,0.17594561538358458,0.4699498486506628
ICEWS05-15,880,1677,90,2537,9734,9734,1,1.0,0.26663220281920885,2.0,0.9803906099397734,0.0003925455935541722,0.9996074544064458,0.15731265057780705,0.5,0.32796309826639863,0.23209749018836454
ICEWS05-15,881,1677,185,1227,7288,3633,0,5246.5,0.028499199215326586,4.0,0.03589682359365735,0.0028561442106993518,0.9971438557893006,0.6551526747452552,0.5,0.18061003239258977,0.20562957724376515
ICEWS05-15,882,1677,95,586,4680,0,0,5244.5,0.0,0.0,0.0,0.0,0.0,0.0,0.0,0.13079885792039397,0.013540413295886884
ICEWS05-15,883,1677,235,184,2720,0,0,5244.5,0.0,0.0,0.0,0.0,0.0,0.0,0.0,0.13079885792039397,0.013540413295886884
ICEWS05-15,884,10253,167,1986,4853,9423,0,2.0,0.40072069204544203,24.0,0.836743383392903,0.4997982941695257,0.5002017058304743,0.04610701688789726,0.5,0.4057541738685262,0.23392889447992335
ICEWS05-15,885,10253,167,2246,9423,1677,0,11.0,0.674500166232757,95.0,0.646816582731497,0.4724784611277214,0.5275215388722786,0.19649913653222276,0.5,0.44038821261727573,0.28590186479372404
ICEWS05-15,886,10253,167,1975,9423,9423,1,1.0,2.685640565430401,23.0,0.9803906099397734,0.3869588143335876,0.6130411856664124,0.4107561007043105,0.5,0.4984017747404953,0.37431000437660455
ICEWS05-15,887,10253,167,1240,1677,1677,1,1.0,5.759906050110187,57.0,0.9423178739918808,0.5661732600081064,0.7232471601135414,0.4504906163732256,0.644710210060824,0.618755247589832,0.5168348255398287
ICEWS05-15,888,10253,167,2131,10120,10120,1,1.0,0.20928171166938858,2.0,0.9611657480580811,0.0,1.0,0.058171207511831434,0.5,0.32266038494518556,0.20333801961287748
ICEWS05-15,889,10253,167,2328,4853,5802,0,2.0,1.2050647140453652,9.0,0.7141434062641757,0.3466198086332839,0.6533801913667161,0.17325691907350976,0.5,0.35343963499725917,0.21619515874297793
ICEWS05-15,890,10253,172,157,1677,1677,1,1.0,10.640966660994485,43.0,0.9238395952400507,0.8320487040982752,0.9120585534383499,0.793919622818998,0.8720536287683125,0.71962335230107,0.7584305017032025
ICEWS05-15,891,10253,172,2218,1677,1677,1,1.0,6.308842056128549,437.0,0.9238395952400507,0.8094124499756632,0.9066346275701825,0.7935815570262377,0.8580235387729229,0.7232929719315407,0.830577708039562
ICEWS05-15,892,10253,172,805,3604,1677,0,5253.0,11.701040641569854,188.0,0.9803906099397734,0.7347761277824258,0.9947226478745976,0.9871449133782658,0.8647493878285117,0.805954759908728,0.8499298909124832
ICEWS05-15,893,10253,172,459,1677,1677,1,1.0,13.080004740691896,115.0,0.9803906099397734,0.7128707248988675,0.9879589065268256,0.9730235349685747,0.8504148157128466,0.8131049972320583,0.8260537804331302
ICEWS05-15,894,10253,172,410,1677,1677,1,1.0,10.60812126189104,103.0,0.9803906099397734,0.8214495962214994,0.9619902028617688,0.9172512526763437,0.8917198995416341,0.7642418110614849,0.8338735875802036
ICEWS05-15,895,10253,172,1055,1677,1677,1,1.0,11.032176721107012,229.0,0.9803906099397734,0.5738448742238453,0.9361264004237849,0.8540942555316127,0.7549856373238151,0.8010334697540767,0.7761160042415076
ICEWS05-15,896,10253,172,2263,1677,1677,1,1.0,7.055081989671715,443.0,0.9803906099397734,0.6710633331754712,0.8865877071314276,0.7791295537376699,0.7788255201534494,0.7499069871360713,0.7987620632739683
ICEWS05-15,897,10253,172,338,1677,1677,1,1.0,10.045939259449337,85.0,0.9803906099397734,0.7786676461486424,0.8543104278512808,0.7161041996482201,0.8164890369999616,0.7453047746871908,0.7398959185089594
ICEWS05-15,898,10253,56,1032,9950,9950,1,1.0,0.1657063673850243,1.0,0.9238395952400507,0.0,1.0,0.09851905162177456,0.5,0.29566650325777183,0.19496571607866234
ICEWS05-15,899,10253,56,2128,1686,5496,0,3.0,0.3094307515147192,18.0,1.0,0.6300909090871893,0.36990909091281066,0.0607047974333264,0.5,0.4259005687015042,0.25836472087416074
ICEWS05-15,900,10253,56,247,9832,4867,0,10.0,0.1287664761715952,1.0,1.0,0.0,1.0,0.06881368601609901,0.5,0.3097591130799413,0.20078274506869553
ICEWS05-15,901,10253,56,2108,530,1096,0,2.0,1.650290030980796,10.0,0.7429971445684742,0.3976710262285028,0.6023289737714972,0.30200417844492705,0.5,0.3756852790935335,0.2576378275566655
ICEWS05-15,902,10253,56,1975,5496,5496,1,1.0,0.0027506415937903483,14.0,0.9803906099397734,0.05281744837681379,0.9471825516231862,0.0013305034427286858,0.5,0.4010405953677885,0.24262824996172416
ICEWS05-15,903,10253,64,2600,1677,1677,1,1.0,3.4220358699297537,57.0,0.9803906099397734,0.4434188498958006,0.9992544080618739,0.9626826189368264,0.7213366289788372,0.5655061614780051,0.7646444765497317
ICEWS05-15,904,10253,168,1271,9045,9045,1,1.0,1.4968573254834212,4.0,0.9803906099397734,0.49258629754287153,0.9999998525275631,0.632276849155472,0.7462930750352172,0.3838899858652843,0.5829939837585233
ICEWS05-15,905,10253,68,743,9423,1677,0,5246.0,0.0037608658890330715,5.0,0.22199074391114454,0.016659309284048796,0.9833406907159512,0.008399620580565976,0.5,0.213697822231017,0.10936326923371587
ICEWS05-15,906,10253,137,1373,1677,1759,0,5.0,0.6727770270575747,1.0,0.7884782461155736,0.0,1.0,0.7440746588153047,0.5,0.2812361829637712,0.35530880282303107
ICEWS05-15,907,10253,137,1743,4853;5496,1677,0,7.5,1.5875530879987099,28.0,0.8879629756445782,0.48949651793517257,0.9638116730760301,0.8394331689007644,0.7266540955056013,0.45709162755981175,0.6915696618332291
ICEWS05-15,908,10253,137,1550,9423,9734,0,20.0,0.5687628856412839,3.0,0.9803906099397734,3.29758442774164e-12,0.9999999999967024,0.4085886454573678,0.5,0.34918821123161986,0.31663647716056575
ICEWS05-15,909,10253,137,1742,5496,1677,0,12.0,1.6193067048002787,28.0,0.9057236642639067,0.48949651793517246,0.9638116730760302,0.839433168900773,0.7266540955056013,0.46205751967201936,0.6954744842855345
ICEWS05-15,910,10253,111,1916,530,3151,0,7.0,0.01986499922280177,1.0,0.08751743620647534,0.0,1.0,0.12802097993810113,0.5,0.15953531200285426,0.09452577081082417
ICEWS05-15,911,10253,111,2133,5073,10120,0,5266.5,0.24228670485895076,3.0,0.9423178739918808,0.0,1.0,0.06942256298271235,0.5,0.3331924647118976,0.21142972666775747
ICEWS05-15,912,10253,125,1445,5496,5496,1,1.0,1.6538411287344288,3.0,0.9803906099397734,0.009431869665131654,0.9905681303348683,0.7422350163627829,0.5,0.376664414097468,0.429516761916877
ICEWS05-15,913,10253,170,16,1677,0,0,5244.5,0.0,0.0,0.0,0.0,0.0,0.0,0.0,0.13079885792039397,0.013540413295886884
ICEWS05-15,914,10253,95,1637,530,73,0,2.0,0.22140900043629416,1.0,0.22199074391114454,0.0,1.0,0.9947725481960501,0.5,0.1802635648998411,0.3074104150057537
ICEWS05-15,915,10253,180,2646,5870,4853,0,5262.5,0.0596623512663666,6.0,0.0717936471873147,0.06244576647636546,0.9375542335236345,0.6381780298921859,0.5,0.19729944936612787,0.2167979438976735
ICEWS05-15,916,10253,174,2333,5496,5496,1,1.0,1.812311860852804,2.0,0.9238395952400507,0.0,1.0,0.981317671943456,0.5,0.3541933874916187,0.4906563806392958
ICEWS05-15,917,10253,149,1750,10120,0,0,5244.5,0.0,0.0,0.0,0.0,0.0,0.0,0.0,0.13079885792039397,0.013540413295886884
ICEWS05-15,918,1361,172,1914,6017,2237,0,5244.5,0.9999999511042025,1.0,1.0,0.0,1.0,0.9999999022074098,0.5,0.3305286374780928,0.5024767411798884
ICEWS05-15,919,4684,56,524,7334,7334,1,1.0,0.02313059064715578,1.0,0.4267397988666503,0.0,1.0,0.027856468123322792,0.5,0.2065430005046967,0.11400724749176003
ICEWS05-15,920,4684,56,1651,7334,4680,0,8.0,0.44124416565182356,47.0,0.5202016416109183,0.4485380157013791,0.5514619842986209,0.16621261826332176,0.5,0.3701563472503462,0.228568046727963
ICEWS05-15,921,4684,56,1832,4680,4680,1,1.0,1.1002285617792515,52.0,0.7284274237469965,0.21267929342414837,0.7873207065758516,0.43509581137042247,0.5,0.43918556547367926,0.36470273022929295
ICEWS05-15,922,4684,152,3122,5739,5739,1,1.0,0.9575556683959641,44.0,0.9803906099397734,0.03337756346377885,0.9666224365362212,0.31296337587745215,0.5,0.4847809856477504,0.3824387093442999
ICEWS05-15,923,4684,152,2180,10253,9962,0,5311.5,0.4332134220288575,5.0,0.9057236642639067,0.04922959243940661,0.9507704075605934,0.12970814574866021,0.5,0.349797725717716,0.23176577313597307
ICEWS05-15,924,4684,152,1251,10015,7334,0,5293.5,1.9180323013336982,38.0,0.7578582832551991,0.6560928518011997,0.6550258624208649,0.29594037157006964,0.6555593571110323,0.4518271870870509,0.41338146051140817
ICEWS05-15,925,4684,152,1159,4680,5739,0,1.0,8.550226041518012,17.0,1.0,0.639571801442596,0.848371830236287,0.6682945712065376,0.7439718158394415,0.6439734713853262,0.6252063927089868
ICEWS05-15,926,4684,152,2913,5739,5739,1,1.0,2.124118968982356,41.0,0.8705505632961241,0.6570696665305071,0.8714947182017894,0.5150479375006916,0.7642821923661482,0.48749617078179325,0.6134660103351754
ICEWS05-15,927,4684,152,706,218,7334,0,36.0,0.9134290005176182,8.0,0.8534795977333005,0.4605157405626802,0.5394842594373198,0.17655202874132558,0.5,0.37076542430691045,0.2381809174361995
ICEWS05-15,928,4684,152,518,7334,9832,0,7.0,1.3324152832014713,11.0,0.9238395952400507,0.43060350669923575,0.5693964933007643,0.16471277520586947,0.5,0.4119519528735901,0.2580469319254502
ICEWS05-15,929,4684,152,702,9423,7334,0,41.0,0.9887311663452492,8.0,0.9238395952400507,0.4605157405626802,0.5394842594373198,0.17655202874132817,0.5,0.38811155471745235,0.25178501011034227
ICEWS05-15,930,4684,152,233,1302;2951,2652,0,5258.0,3.2000069789726977,15.0,0.8879629756445782,0.7117815598692048,0.8392668955645395,0.6182379078306266,0.7755242277168721,0.4693006970880303,0.6159613241785126
ICEWS05-15,931,4684,152,786,169,7334,0,27.0,1.1999490662601562,12.0,0.8879629756445782,0.7143651912039254,0.5443410144601756,0.2391517646243526,0.6293531028320505,0.4045339665730486,0.3591152081921433
ICEWS05-15,932,4684,105,1647,5289,4680,0,3.0,1.4341860372730362,32.0,0.7001394896518027,0.6562661923327306,0.8220826806103376,0.5433459925082815,0.7391744364715341,0.41682954791826937,0.5520608421391281
ICEWS05-15,933,4684,105,3732,1677,4680,0,13.0,2.857480835679981,123.0,0.7884782461155736,0.8132845427736576,0.7538066353026375,0.5035714107900096,0.7835455890381475,0.5464157986342758,0.6432061811475844
ICEWS05-15,934,4684,105,1157,4680,4680,1,1.0,0.36578869677699366,18.0,0.9611657480580811,0.04889221316636483,0.9511077868336352,0.22097212116005738,0.5,0.41859736550354354,0.312341564295456
ICEWS05-15,935,4684,168,918,4680,4853,0,3.0,0.04888224544628583,6.0,0.21763764082403103,0.4825772381646466,0.5174227618353534,0.057297445289391104,0.5,0.219459218649612,0.11373576664588245
ICEWS05-15,936,4684,6,954,4680,4680,1,1.0,0.3343044374413626,16.0,0.2987773849926094,0.15180988418186525,0.989077272759068,0.9030343022219889,0.5704435784704667,0.2745237517200262,0.433487448557753
ICEWS05-15,937,4684,172,3456,4680,7334,0,7.0,1.9597694199341422,32.0,0.820335356007638,0.7015060301363691,0.7299336141895034,0.5541196769567474,0.7157198221629363,0.4584831288046649,0.5655834945684531
ICEWS05-15,938,4684,180,510,4680,7334,0,4.0,0.36375807224871903,1.0,0.9238395952400507,0.0,1.0,0.24513302478100757,0.5,0.3002050409135365,0.23148495138313024
ICEWS05-15,939,4684,180,3776,8378,4680,0,5260.5,3.3157635311253033,47.0,0.8705505632961241,0.7620776089428654,0.9567199333017782,0.8284906576713623,0.8593987711223218,0.5272649822823816,0.7749236340852538
ICEWS05-15,940,4684,243,3515,7334,7334,1,1.0,0.8785542529152057,4.0,0.4528618321319533,0.24989311723728547,0.7501068827627145,0.5807904488787254,0.5,0.26282131373394074,0.2569520768249725
ICEWS05-15,941,4684,111,3454,4680,205,0,8.0,0.2534323270872875,2.0,0.25,0.41181296823779734,1.0,0.42476773925347605,0.7059064841188987,0.19812655009510566,0.27896533842551285
ICEWS05-15,942,4684,111,3831,3386,9423,0,9.0,0.5700654379397303,3.0,0.8705505632961241,0.1489614278881053,0.8510385721118947,0.3862783897022459,0.5,0.3263794248629438,0.2816205622560804
ICEWS05-15,943,4684,48,707,1022,1022,1,1.0,0.5100008047105996,1.0,0.5100008047105996,0.0,1.0,0.9999999999980392,0.5,0.2287952870390423,0.37685046487078183
ICEWS05-15,944,4684,224,2706,4853,4680,0,5.0,0.5617353707841313,61.0,0.7578582832551991,0.21372569315983148,0.7862743068401685,0.41123116039008456,0.5,0.43968089879375866,0.37221334379179877
ICEWS05-15,945,4684,64,1244,1759,910,0,5247.0,0.3775616816868733,1.0,0.3789291416275995,0.0,1.0,0.9928084556339277,0.5,0.20562217127909346,0.342775662425047
ICEWS05-15,946,4684,167,2649,8370,5289,0,5251.0,0.2726506755499385,14.0,0.7141434062641757,0.07572279574352259,0.9242772042564774,0.21423842440652952,0.5,0.3499763022684422,0.24848878274265956
ICEWS05-15,947,4684,137,3544,4680,4680,1,1.0,0.07052920149396225,44.0,0.9611657480580811,0.10215830944476856,0.8978416905552314,0.034063369617312704,0.5,0.45612492699349244,0.2861021165477801
ICEWS05-15,948,4684,41,1530,1768,9654,0,5257.0,0.19575091997917038,3.0,1.0,1.0659695348635978e-11,0.9999999999893403,0.10849439921814395,0.5,0.34406271992416754,0.23229568425441274
ICEWS05-15,949,4684,202,2860,4680,4680,1,1.0,0.18251490156661876,8.0,0.18210685593674916,0.011813496692696712,0.9999999830321685,0.9809839924194407,0.5059067398624326,0.22560119859128297,0.358687627082138
ICEWS05-15,950,4684,219,2605,2509,1784,0,5246.0,4.279234837722145e-09,1.0,4.279234837729627e-09,0.0,1.0,0.9997663679557609,0.5,0.14864756261664994,0.2617157470601576
ICEWS05-15,951,4684,133,199,4680,4680,1,1.0,1.2940648294780919,3.0,0.8042490800314893,0.1527604107819086,0.8472395892180914,0.5248182509634981,0.5,0.3302753648584819,0.3079933396932674
ICEWS05-15,952,4684,153,2761,1570,0,0,5244.5,0.0,0.0,0.0,0.0,0.0,0.0,0.0,0.13079885792039397,0.013540413295886884
ICEWS05-15,953,7537,172,2426,6904,3623,0,5252.0,2.150324134545717,84.0,1.0,0.6805841216414169,0.7100105494274066,0.5230525489283676,0.6952973355344118,0.5558716134859416,0.6259390036975282
ICEWS05-15,954,7537,172,1656,3623,3623,1,1.0,0.7851461469403612,33.0,0.8879629756445782,0.4915214558389497,0.5084785441610503,0.28999138161453225,0.5,0.4437761109549485,0.32904065077547673
ICEWS05-15,955,7537,172,2783,1214,3623,0,4.0,7.6221784591336945,119.0,0.9803906099397734,0.7885346477945565,0.8292781113133273,0.7020234966897312,0.808906379553942,0.7067467379945277,0.7497575488317086
ICEWS05-15,956,7537,172,3601,3623,3623,1,1.0,7.409286494484183,216.0,0.9803906099397734,0.8432418453964338,0.7961907098984462,0.6311476015521313,0.81971627764744,0.7277764981550461,0.7560528801579407
ICEWS05-15,957,7537,172,2917,3623,3623,1,1.0,5.612504663344405,133.0,0.8534795977333005,0.7848628267226258,0.8705356302287524,0.7448355276342085,0.827699228475689,0.6376348438942719,0.7576250318765861
ICEWS05-15,958,7537,172,3342,6306,3623,0,20.0,3.226763220681545,173.0,0.6597539553864471,0.8245521099092619,0.8748615290358469,0.7250371728932795,0.8497068194725543,0.5447839326971579,0.7418632919962816
ICEWS05-15,959,7537,172,3077,3623,3623,1,1.0,4.240034037985745,149.0,0.8534795977333005,0.8365114611753941,0.8559778461872699,0.6837865444558892,0.846244653681332,0.6080065418402913,0.7583592711630441
ICEWS05-15,960,7537,168,3125,1768,1768,1,1.0,1.3696187172938126,72.0,0.5630865404461788,0.5905746907903138,0.9985981264304075,0.9917583814372951,0.7945864086103607,0.4255490505804621,0.7451891982599687
ICEWS05-15,961,7537,168,971,1768,1768,1,1.0,0.08739915637441509,7.0,0.08411876203952229,0.11795535681791947,0.9724911939795058,0.8457708829684321,0.5452232753987126,0.2042208778575923,0.3112691812500453
ICEWS05-15,962,7537,56,2041,1570,63,0,5249.0,0.5506661061467926,1.0,0.5743491774985175,0.0,1.0,0.9207966747689019,0.5,0.24033682672684903,0.36477177685577616
ICEWS05-15,963,7537,41,2305,1768,1768,1,1.0,1.3160998646188375,33.0,0.9611657480580811,0.500850432131077,0.8850005039728039,0.5191482964554555,0.6929254680519406,0.4751181745982218,0.580575682444409
ICEWS05-15,964,7537,125,3499,1768,1768,1,1.0,0.20364812163477322,12.0,0.1407716351115447,0.3087506332908512,1.0,0.9999999999950896,0.6543753166454256,0.2331568550162689,0.47930055271278327
ICEWS05-15,965,7537,6,3425,6579,1768,0,6.0,0.33357772715557843,17.0,0.5202016416109183,0.06625742393018752,0.9337425760698125,0.4273068335864167,0.5,0.320013542400652,0.2773474532292414
ICEWS05-15,966,7537,225,1592,1768,6306,0,3.0,0.001570798967720743,1.0,0.001570798984436504,0.0,1.0,0.9999999780802494,0.5,0.14885431025825255,0.26210168968324116
ICEWS05-15,967,7537,161,3882,1768,1768,1,1.0,0.21160745505479583,11.0,0.646816582731497,0.00010226578575600609,0.999897734214244,0.1955421033400139,0.5,0.32381425922654816,0.22480764816915125
ICEWS05-15,968,9734,105,2996,10120,9423,0,3.0,0.03696060545327273,2.0,0.6729500963161781,0.0,1.0,0.028237059842386524,0.5,0.2633824059181697,0.15262315084913586
ICEWS05-15,969,9734,105,1741,5802,1421,0,2.0,0.5133118903871388,19.0,0.2815432702230894,0.5542406870560399,0.44575931294396004,0.26135410711222373,0.5,0.2822460137022267,0.1824151708609768
ICEWS05-15,970,9734,105,3484,1677,1677,1,1.0,0.8477150592075459,37.0,0.9423178739918808,0.014861999068276233,0.9851380009317238,0.7957130621451692,0.5,0.4639138949189859,0.5452323095924693
ICEWS05-15,971,9734,59,313,6129,5802,0,5247.0,0.4817561972877328,1.0,0.6341329040632923,0.0,1.0,0.6125242344760456,0.5,0.24921734647444088,0.2778360666163341
ICEWS05-15,972,9734,243,2229,1421,1421,1,1.0,0.876450666043163,16.0,0.9803906099397734,0.24548698563951088,0.7545130143604891,0.1295014702153838,0.5,0.430805523864451,0.2774175935165284
ICEWS05-15,973,9734,243,3101,1779,1779,1,1.0,0.16499148051253465,21.0,0.16493848884661177,0.0007447823706531187,0.9999947623986499,0.9991528784101621,0.5003697723846515,0.2574055497875387,0.39550063708991673
ICEWS05-15,974,9734,125,1018,5379,5379,1,1.0,0.8286949163170132,24.0,0.6729500963161781,0.7151998055857818,0.537692222510422,0.21264535967134912,0.6264460140481019,0.3806080597009109,0.3249088112105908
ICEWS05-15,975,9734,125,482,1779,1677,0,4.0,0.02528439115570802,8.0,0.35707170313208786,0.20939766937544135,0.7906023306245586,0.014336942532346344,0.5,0.2520242780344901,0.13095706379733457
ICEWS05-15,976,9734,125,1487,1421,1421,1,1.0,3.484918634647169,55.0,0.9803906099397734,0.7887138533063118,0.787290769807404,0.6013355336835555,0.788002311556858,0.5653496249192637,0.690446803744915
ICEWS05-15,977,9734,125,687,1677,10120,0,9.0,0.3032810205238281,6.0,0.6729500963161781,0.40929171831888433,0.5907082816811157,0.07680589880677155,0.5,0.30628261591070793,0.17715090860549937
ICEWS05-15,978,9734,125,2229,6328,1421,0,2.0,2.1062519524024443,91.0,0.9611657480580811,0.41667572494957394,0.6971703480345428,0.476519079144387,0.5569230364920583,0.5499470527446516,0.5002988527762818
ICEWS05-15,979,9734,172,1296,6328,7651,0,5254.0,0.09505196670805555,6.0,0.4711589369959404,0.0059541852830895525,0.9940458147169104,0.1114442776505959,0.5,0.2634692868548277,0.16123451122339094
ICEWS05-15,980,9734,172,516,4853,6129,0,9.0,0.023552478462858795,1.0,0.9611657480580811,0.0,1.0,0.012404012391054774,0.5,0.299666907352671,0.1815135271095348
ICEWS05-15,981,9734,180,109,9605,7628,0,5246.0,0.10174780598089483,1.0,0.9057236642639067,0.0,1.0,0.05951209825996959,0.5,0.2907234765898174,0.18314876914046277
ICEWS05-15,982,9734,111,535,5379,1677,0,3.0,0.5695309111072637,1.0,0.7429971445684742,0.0,1.0,0.6214442658157093,0.5,0.27052865173413193,0.3041747268116782
ICEWS05-15,983,9734,6,1373,1421,1421,1,1.0,0.4659999693350136,2.0,0.23557946849797018,0.0,1.0,0.9976903339926249,0.5,0.19970071851727356,0.32677374195157505
ICEWS05-15,984,9734,41,3225,1779,1779,1,1.0,6.605808703228916,416.0,0.9803906099397734,0.8511820275344684,0.8968787273581313,0.7882163428214118,0.8740303774462999,0.7379689422306744,0.8422528508283637
ICEWS05-15,985,9734,41,753,1779,1779,1,1.0,3.0872942838713997,85.0,0.836743383392903,0.7848085039141339,0.8406838675975409,0.6269489994072374,0.8127461857558373,0.5443266570007188,0.7013166366301516
ICEWS05-15,986,9734,41,877,1779,1779,1,1.0,3.376442744292931,91.0,0.8705505632961241,0.5810553293014051,0.9104976519144006,0.7845126977241622,0.7457764906079029,0.5634938039190592,0.719434172166215
ICEWS05-15,987,9734,41,2575,1779,1779,1,1.0,4.050271160207945,319.0,0.9423178739918808,0.6816557493410925,0.7452185033698687,0.5277999020083045,0.7134371263554806,0.6599942753934773,0.6754626024196699
ICEWS05-15,988,9734,41,1567,8280,1779,0,2.0,6.634455320254651,164.0,0.9803906099397734,0.6252094637298222,0.8843709805826246,0.7750961992620702,0.7547902221562235,0.6984071990492234,0.7548927865868834
ICEWS05-15,989,9734,41,888,6201,1779,0,11.0,4.138033079040817,93.0,1.0,0.61617497712413,0.8684947200283032,0.702966124213268,0.7423348485762167,0.6139103039602939,0.7177162905243609
ICEWS05-15,990,9734,41,1564,1779,1779,1,1.0,4.980165495934583,162.0,0.9611657480580811,0.750034806518511,0.8446745991861428,0.7091147137442344,0.7973547028523269,0.654299199793358,0.759843512340265
ICEWS05-15,991,9734,41,2734,1779,1779,1,1.0,8.61162134888003,348.0,0.9803906099397734,0.8130651461800054,0.8504500634858814,0.7200790521247148,0.8317576048329434,0.7715371441287443,0.7983766223744387
ICEWS05-15,992,9734,41,2333,1779,1779,1,1.0,5.201925544049713,292.0,0.8042490800314893,0.7998056178688815,0.9204657084492804,0.8288395532166396,0.860135663159081,0.6552384514588672,0.8126336819272666
ICEWS05-15,993,9734,41,2054,9555,1779,0,23.0,12.330836599407467,237.0,0.9803906099397734,0.8323900797968763,0.9041801103956895,0.7952822484558247,0.8682850950962828,0.8238101608838438,0.814198551748834
ICEWS05-15,994,9734,137,2114,5379,73,0,4.0,0.06764197052063903,3.0,0.5306065116666864,0.2928197613582174,0.7071802386417826,0.023758611567954457,0.5,0.25053458489115915,0.13553625054031204
ICEWS05-15,995,9734,137,1364,1421,1421,1,1.0,4.827619790032651,29.0,0.9238395952400507,0.6530409239246906,0.9375037702742421,0.8138665505767908,0.7952723470994664,0.5556562317507354,0.724365582959954
ICEWS05-15,996,9734,137,3797,1412,5802,0,13.0,1.0664737697923208,28.0,0.8534795977333005,0.39269496242442736,0.6073050375755726,0.28204801566008975,0.5,0.4350660323188374,0.313558794010343
ICEWS05-15,997,9734,152,2548,10367,10367,1,1.0,1.009009440882217,2.0,0.9803906099397734,0.0,1.0,0.35106930555305893,0.5,0.3461334761373666,0.28584050663545635
ICEWS05-15,998,9734,152,322,4680,5092,0,5256.5,0.05878333677646308,1.0,0.7884782461155736,0.0,1.0,0.038719784080768496,0.5,0.26784065755752107,0.16105602278642947
ICEWS05-15,999,9734,152,1318,1677,913,0,12.0,2.335761354971718,9.0,0.9423178739918808,0.35926966352094536,0.9281457876083807,0.5533115330370721,0.643707725564663,0.43342303785327574,0.4932996548179285
ICEWS05-15,1000,9734,152,3059,5739,10239,0,2.0,0.9306413419954351,3.0,0.8042490800314893,0.3180163112433376,0.6819836887566624,0.2549403201023789,0.5,0.32152859517752325,0.22623591131778004
ICEWS05-15,1001,9734,152,1512,5379,913,0,2.0,2.49020432213689,24.0,1.0,0.8407254260092296,0.440460268651726,0.2473697902586633,0.6405928473304778,0.49979640459962427,0.4192662963744874
ICEWS05-15,1002,9734,152,1759,5496,73,0,4.0,0.6202925810827242,20.0,0.8879629756445782,0.7488815540831085,0.2511184459168915,0.05357999899987409,0.5,0.41404796681323996,0.23431449949095684
ICEWS05-15,1003,9734,152,3857,10422,2609,0,2.0,0.7330815531905912,9.0,0.836743383392903,0.5116679445411908,0.4883320554588092,0.2721302512209416,0.5,0.36780190235329147,0.2650462930826019
ICEWS05-15,1004,9734,152,3219,7877,3925,0,5315.5,0.1941054257781205,2.0,0.6729500963161781,0.4950491105234984,0.5049508894765016,0.07854376865095947,0.5,0.26673619051029496,0.15490792354677685
ICEWS05-15,1005,9734,56,1560,1421,1421,1,1.0,2.174268210035979,39.0,0.9423178739918808,0.5144994597817292,0.6826653625849098,0.39436836711709655,0.5985824111833196,0.5029349854379722,0.456841086800794
ICEWS05-15,1006,9734,56,60,4853,5379,0,5246.5,1.2230499216858504,3.0,0.9057236642639067,0.21618177322108478,0.7838182267789152,0.3794697418294228,0.5,0.3496997063955316,0.28351826944569447
ICEWS05-15,1007,9734,56,377,1677,1677,1,1.0,0.41915555232243884,10.0,0.9611657480580811,0.47734394830351723,0.5226560516964828,0.09451184274028317,0.5,0.3917625051118498,0.24425789806030698
ICEWS05-15,1008,9734,56,578,73,5379,0,8.0,0.42674710397313964,26.0,0.4805828740290406,0.5447865068857543,0.4552134931142458,0.2533053165580044,0.5,0.33328171351981584,0.22385806926411478
ICEWS05-15,1009,9734,56,496,5379,1677,0,1.0,0.2289274185667698,13.0,1.0,0.1449504000893247,0.8550495999106753,0.0525264235692211,0.5,0.4078369482782824,0.25600591946676876
ICEWS05-15,1010,9734,56,265,10120,5379,0,1.0,1.7590798028845214,17.0,1.0,0.7884797718619294,0.3816351770261645,0.22856232549366973,0.585057474444047,0.4622290175588538,0.35969952913479547
ICEWS05-15,1011,9734,133,186,4853,1421,0,2.0,0.04511209464308674,2.0,0.9611657480580811,0.40225353870268366,0.5977464612973163,0.014227118319368412,0.5,0.31874211452153733,0.18622498148750777
ICEWS05-15,1012,9734,133,3583,1421,4853,0,2.0,0.4301152691616421,19.0,0.5743491774985175,0.39750111315881376,0.6024988868411862,0.2913188620179673,0.5,0.33845565879754386,0.24510895305531225
ICEWS05-15,1013,9734,133,6,1677,1779,0,5245.0,0.9611657480580811,1.0,0.9611657480580811,0.0,1.0,0.9999999999989596,0.5,0.32165827452506307,0.4923161816292328
ICEWS05-15,1014,9734,133,3677,5379,1677,0,2.0,0.4033775980943093,31.0,0.4711589369959404,0.31619955334350625,0.6838004466564938,0.17344210499435211,0.5,0.3388858444231068,0.2114062329314969
ICEWS05-15,1015,9734,184,2271,4853,1779,0,5246.5,0.34744165055876636,31.0,0.0824692444233059,0.6826472636645315,0.9999065562851822,0.9864800516361947,0.8412769099748569,0.2619550077902967,0.6363820600672687
ICEWS05-15,1016,9734,126,2875,1677,10392,0,4.0,3.8536222545333635e-08,1.0,3.8553272648542914e-08,0.0,1.0,0.9990899921518257,0.5,0.14864756712496774,0.26151863598451763
ICEWS05-15,1017,9734,224,468,5802;10120,4853,0,2627.5,0.6388311626913279,15.0,0.4267397988666503,0.41237197880050935,0.5876280211994906,0.28550892106940295,0.5,0.30312974387451946,0.20812182043153105
ICEWS05-15,1018,9734,224,1094,5379,10120,0,2.0,0.23293377341194166,4.0,1.0,0.5330015225967717,0.46699847740322825,0.05751826930305821,0.5,0.35587624589569705,0.2154954740879938
ICEWS05-15,1019,9734,224,1774,1421,1421,1,1.0,3.053766764337431,33.0,0.9803906099397734,0.4660398841956893,0.9521699775860735,0.8951766374753483,0.7091049308908814,0.5271340361745481,0.7195236265787119
ICEWS05-15,1020,9734,57,3635,1421,10120,0,1.0,0.16494553718336746,8.0,1.0,0.5254508787573515,0.47454912124264853,0.040731504214396655,0.5,0.38350718035704195,0.23011314710917563
ICEWS05-15,1021,9734,116,1927,8280,8280,1,1.0,0.003256737652868158,2.0,0.9057236642639067,5.4194021811504456e-05,0.9999458059781885,0.0018010053009453334,0.5,0.306677305544591,0.18148781473319772
ICEWS05-15,1022,9734,192,2273,4853,4853,1,1.0,1.250303284119747e-16,1.0,1.250303284119747e-16,0.0,1.0,0.00012501469778325452,0.5,0.14864756205374105,0.07275059762114809
ICEWS05-15,1023,9734,171,699,2228,7651,0,5245.0,0.010941824902865847,2.0,0.00557924536143887,0.0,1.0,0.9999999999086076,0.5,0.1608526975417816,0.27756759174966905
ICEWS05-15,1024,9734,134,1091,1779,1779,1,1.0,0.0009020900500393501,1.0,0.0009021871047266126,0.0,1.0,0.9997848678021389,0.5,0.148766277380586,0.26190363157733965
ICEWS05-15,1025,9734,202,2239,9962,1421,0,1.0,1.0403997702978571,7.0,0.9803906099397734,0.5148479429002,0.8992194396328207,0.3466634547208734,0.7070336912665103,0.39597320779654843,0.4670785273404179
ICEWS05-15,1026,9734,149,585,10120,0,0,5244.5,0.0,0.0,0.0,0.0,0.0,0.0,0.0,0.13079885792039397,0.013540413295886884
ICEWS05-15,1027,9734,168,3183,5970,9962,0,26.0,0.04854576580987102,4.0,0.8705505632961241,1.1102230246251565e-16,0.9999999999999999,0.028681936753550113,0.5,0.32434312392575004,0.19622361523341014
ICEWS05-15,1028,9734,220,3964,5802,1421,0,5245.5,0.09105342796837457,1.0,0.09105342796837457,0.0,1.0,0.9999999999890173,0.5,0.16102756571258933,0.28061385934212635
ICEWS05-15,1029,9734,19,3205,1677,4853,0,5248.0,0.03811602555760179,1.0,0.03885612153734319,0.0,1.0,0.962617844499749,0.5,0.15382117178042662,0.2587577799904231
ICEWS05-15,1030,9734,96,1296,1779,2976,0,2.0,0.1407663563270741,1.0,0.1407716351115447,0.0,1.0,0.999925004962469,0.5,0.1681321767730114,0.2912139565846701
ICEWS05-15,1031,9734,185,2872,9423,9568,0,5245.5,5.4850116076806427e-11,1.0,5.4850119282018894e-11,0.0,1.0,0.9820948215350188,0.5,0.14864756206095625,0.25659724725657973
ICEWS05-15,1032,9734,208,2094,1421,1421,1,1.0,0.00022144092138431405,3.0,0.00014302663218218514,0.3558684244741287,1.0,0.9945676570177591,0.6779342122370644,0.1684818686679287,0.4054721411892126
ICEWS05-15,1033,9734,201,2358,1779,1421,0,2.0,0.0012272293033500415,1.0,0.0013948113403597184,0.0,1.0,0.7854803536295382,0.5,0.14882880917557537,0.20442052119331466
ICEWS05-15,1034,338,243,3869,3124,213,0,24.0,2.917808981949285,28.0,0.8534795977333005,0.6729511702545912,0.8391376850842398,0.5932137244806217,0.7560444276694155,0.48540854466644345,0.611352256196214
ICEWS05-15,1035,338,219,3526,1361,2237,0,5245.5,9.715070832975136e-05,1.0,0.00011502903735252449,0.0,1.0,0.7309655608136585,0.5,0.1486624462041109,0.1911620053007293
ICEWS05-15,1036,338,172,1593,5931,1943,0,5246.5,0.29091822130061795,1.0,0.3170664520316462,0.0,1.0,0.8476275518228166,0.5,0.19489101846989473,0.2820451112070302
ICEWS05-15,1037,338,178,2123,4684,4719,0,2.0,3.112797880313715e-05,2.0,3.112797880313715e-05,0.07480401330858033,0.9251959866914197,0.8608043416755308,0.5,0.1599968174169442,0.23492137971486918
ICEWS05-15,1038,338,41,1536,3762,0,0,5244.5,0.0,0.0,0.0,0.0,0.0,0.0,0.0,0.13079885792039397,0.013540413295886884
ICEWS05-15,1039,6904,243,3701,1768,1768,1,1.0,1.0667917154619373,32.0,0.7578582832551991,0.2936063838613291,0.9946912360971072,0.9887595032439098,0.6441488099792181,0.4200956584441416,0.6641480681249602
ICEWS05-15,1040,6904,168,3772,1768,6841,0,2.0,0.3964912209244098,1.0,0.6095068271022377,0.0,1.0,0.4820430481668384,0.5,0.24323367117300956,0.23560910508208321
ICEWS05-15,1041,4867,172,107,3425,1677,0,5247.0,1.0487197133327002,2.0,0.9611657480580811,0.383362355899019,1.0,0.5069410276760373,0.6916811779495096,0.34307848954766534,0.4686982697147843
ICEWS05-15,1042,4867,172,384,4680,3425,0,2.0,0.4721977726279094,3.0,0.8042490800314893,0.4291061822413583,0.5708938177586417,0.2013369808977801,0.5,0.3106714629147835,0.21148706806769724
ICEWS05-15,1043,4867,56,521,4680,5737,0,19.0,0.629317072542318,12.0,0.9803906099397734,0.3085104760623505,0.6914895239376495,0.28523981911855495,0.5,0.4101904869562719,0.3154292282624994
ICEWS05-15,1044,4867,56,641,1677,4680,0,5257.5,2.726688619474611,10.0,0.9803906099397734,0.759214734806533,0.6326134399411691,0.4056950519562922,0.6959140873738511,0.4577947339447915,0.4814869089334337
ICEWS05-15,1045,4867,56,60,5737,5737,1,1.0,1.5086504765330955,4.0,0.5306065116666864,0.4740711621656214,0.8047713475526332,0.6567548703987787,0.6394212548591274,0.2911037512043955,0.3895490798011426
ICEWS05-15,1046,4867,111,767,10024,4680,0,4.0,0.20822135187211843,13.0,0.08580127266283155,0.5694116213517134,0.4305883786482866,0.21943328533721745,0.5,0.22700652555556533,0.13780442966981146
ICEWS05-15,1047,4867,137,1018,4680,9950,0,4.0,0.37271294390314125,7.0,0.4267397988666503,0.04154235518573968,0.9584576448142603,0.1658964371463541,0.5,0.2669290617652608,0.16827154901904828
ICEWS05-15,1048,4867,137,664,3395,4680,0,5256.5,3.5886521271215313,24.0,0.6341329040632923,0.7493998240660319,0.7084376877574315,0.4586248056367284,0.7289187559117317,0.44505069664431995,0.47079065027293804
ICEWS05-15,1049,4867,95,39,5737,0,0,5244.5,0.0,0.0,0.0,0.0,0.0,0.0,0.0,0.13079885792039397,0.013540413295886884
ICEWS05-15,1050,4867,167,1351,6241,4680,0,4.0,1.8966934028048468,42.0,0.36421371187349827,0.8035949097542991,0.5839951947285599,0.35487012115020666,0.6937950522414296,0.36801654757152014,0.3649261281762723
ICEWS05-15,1051,4867,180,1228,4680,10416,0,12.0,0.573371771152631,1.0,0.7141434062641757,0.0,1.0,0.6706769016828813,0.5,0.2653484913336949,0.3134739973673747
ICEWS05-15,1052,4867,41,1257,6426,0,0,5244.5,0.0,0.0,0.0,0.0,0.0,0.0,0.0,0.13079885792039397,0.013540413295886884
ICEWS05-15,1053,6423,172,3496,6352,6352,1,1.0,7.8557208872276085,550.0,0.9803906099397734,0.6611580124864356,0.8911253799534992,0.7681536300802587,0.7761416962199674,0.7741930811149746,0.7992562295968293
ICEWS05-15,1054,6423,172,751,6352,6352,1,1.0,4.063045384868076,64.0,0.9423178739918808,0.8021660111652342,0.6199757658566465,0.4282018503417036,0.7110708885109404,0.5800070229168856,0.566798757854513
ICEWS05-15,1055,6423,172,3093,6352,6352,1,1.0,10.11845637115279,478.0,0.9803906099397734,0.7871489481472248,0.7907483564648021,0.60825299572046,0.7889486523060134,0.8099995711353337,0.7515247004508434
ICEWS05-15,1056,6423,172,1337,6352,6352,1,1.0,10.340077957234035,143.0,0.9611657480580811,0.7363594143887866,0.8425735120423875,0.7153580246923139,0.789466463215587,0.7682810859468027,0.7371775601454238
ICEWS05-15,1057,6423,172,1361,6802,6352,0,13.0,14.767928612900818,154.0,1.0,0.7742222140383459,0.9145120782982276,0.7850356131773383,0.8443671461682867,0.8501320589691757,0.78510091408114
ICEWS05-15,1058,6423,172,3599,6352,6352,1,1.0,9.04579495116441,567.0,0.9238395952400507,0.711739125469349,0.9677278752126052,0.9222087868994446,0.8397335003409772,0.7885911358372055,0.8508023540359043
ICEWS05-15,1059,6423,172,2125,6352,6352,1,1.0,5.84133598032156,308.0,0.8534795977333005,0.7612872110229815,0.82966127953109,0.7020999288704657,0.7954742452770358,0.6833870942239376,0.7546389345080906
ICEWS05-15,1060,6423,172,3203,6352,6352,1,1.0,10.695821945516878,505.0,0.9611657480580811,0.8156240252418885,0.8801950407265293,0.7562154253811809,0.8479095329842089,0.8186379378329938,0.8172756397507424
ICEWS05-15,1061,6423,172,1586,6352,6352,1,1.0,10.633967903227633,214.0,0.9803906099397734,0.8425651191817864,0.8620678464445196,0.7571124793844658,0.8523164828131531,0.7916127791721876,0.7981667125306735
ICEWS05-15,1062,6423,172,1062,6352,6352,1,1.0,2.2957062407488813,103.0,0.646816582731497,0.8135683136430811,0.6949022266220131,0.4944226241636475,0.7542352701325471,0.4888011204922317,0.5760864288745012
ICEWS05-15,1063,6423,172,2194,7957,6352,0,4.0,7.485232010026811,319.0,0.9238395952400507,0.6701605621084714,0.9606135223038492,0.9204608069720076,0.8153870422061603,0.7354424315783241,0.8296595877520795
ICEWS05-15,1064,6423,172,1460,7957,6352,0,3.0,13.985695030669596,186.0,0.9057236642639067,0.730715054160806,0.8802153154018547,0.7723041481692822,0.8054651847813303,0.832370906773859,0.7506484285353094
ICEWS05-15,1065,6423,6,859,9238,6352,0,5245.5,0.07583746744795655,3.0,0.21336989943332518,0.0022387665713766713,0.9977612334286233,0.21553316850065973,0.5,0.19942978335949182,0.1337944845065569
ICEWS05-15,1066,6423,180,3100,6352,6352,1,1.0,0.6652587155892046,3.0,0.9803906099397734,0.014817158546549636,0.9851828414534504,0.5020772481359046,0.5,0.3515945494287851,0.34719286098518304
ICEWS05-15,1067,6423,248,2839,6352,6191,0,5245.0,9.858369405752768e-17,1.0,9.858369405752768e-17,0.0,1.0,9.857397627080897e-05,0.5,0.14864756205374105,0.0727479067715741
ICEWS05-15,1068,7914,161,3038,1741,1741,1,1.0,7.372267725348379,855.0,0.9803906099397734,0.8077350178395987,0.7390988888317918,0.5748624079646115,0.7734169533356952,0.781368747157031,0.7600635319717222
ICEWS05-15,1069,7914,161,588,1741,1741,1,1.0,17.290074468729628,197.0,0.9803906099397734,0.7236056058581468,0.8795834969305698,0.7564698475880911,0.8015945513943583,0.8855668763078767,0.7511924236870449
ICEWS05-15,1070,7914,161,840,1741,1741,1,1.0,13.85296918053972,277.0,0.9423178739918808,0.8253194648362301,0.7698110745068113,0.6163917684148583,0.7975652696715207,0.8464540109116612,0.719973579728012
ICEWS05-15,1071,7914,161,1456,10297,1741,0,2.0,11.42754751944391,501.0,0.9057236642639067,0.878389895061247,0.6607628170633958,0.4790497568908679,0.7695763560623214,0.8225988934397984,0.6787224063393714
ICEWS05-15,1072,7914,161,1002,10297,1741,0,2.0,10.608977852365992,337.0,0.9238395952400507,0.864156166770753,0.6467136067518823,0.4662441880403315,0.7554348867613176,0.7984093356027337,0.655624965058012
ICEWS05-15,1073,7914,161,97,1741,1741,1,1.0,8.304723510346662,27.0,0.9238395952400507,0.8043653458565159,0.717250336125469,0.4873046991683857,0.7608078409909924,0.6432959361774572,0.5691661952169347
ICEWS05-15,1074,7914,161,1450,1741,1741,1,1.0,11.849394787594768,500.0,0.9611657480580811,0.8718083117752018,0.6424031768480941,0.45848941887463585,0.757105744311648,0.8363613064174973,0.6746522910877805
ICEWS05-15,1075,7914,161,1965,1741,1741,1,1.0,10.28843044812655,645.0,0.9803906099397734,0.7158399467681966,0.6583794538938389,0.4141645150861083,0.6871097003310178,0.8224126941082002,0.6330041049895772
ICEWS05-15,1076,7914,161,3844,1741,1741,1,1.0,9.572693525379476,1045.0,0.9238395952400507,0.8057531600862029,0.7954340593562719,0.6474411158029079,0.8005936097212374,0.8183402302718825,0.7846778793814518
ICEWS05-15,1077,7914,161,3931,1741,1741,1,1.0,14.069850828983594,1072.0,0.9803906099397734,0.7886200060291012,0.8725747425220465,0.7644338626563305,0.8305973742755739,0.8865419076404553,0.8268512632946716
ICEWS05-15,1078,7914,161,1961,1741,1741,1,1.0,9.055383648090059,643.0,0.9611657480580811,0.6809115774599745,0.6163881589811133,0.3650172775968018,0.6486498682205439,0.7988540736641284,0.586322289063482
ICEWS05-15,1079,7914,161,473,1741,1741,1,1.0,12.297761996892195,158.0,0.8042490800314893,0.8618041598487047,0.7681049354221916,0.6149474083305729,0.8149545476354482,0.7838843057384154,0.6833473806124076
ICEWS05-15,1080,7914,161,3995,1741,1741,1,1.0,11.831748419632177,1088.0,0.9238395952400507,0.8139099964986676,0.8686139988437428,0.7448660249586159,0.8412619976712052,0.8533700064235247,0.8238937830445869
ICEWS05-15,1081,7914,161,1508,1741,1741,1,1.0,13.706165976942007,520.0,0.9803906099397734,0.810277773639172,0.7932925864695171,0.6095068238275602,0.8017851800543445,0.8654247212538718,0.7516174809063849
ICEWS05-15,1082,7914,161,1384,1741,1741,1,1.0,13.05171860029245,474.0,0.9423178739918808,0.858232698839181,0.7295809160500039,0.5732529833368855,0.7939068074445924,0.8499447250085946,0.7260046866047205
ICEWS05-15,1083,7914,161,1958,1741,1741,1,1.0,9.630092732433877,642.0,0.9803906099397734,0.721891249418267,0.5933010388253471,0.3968509739403329,0.657596144121807,0.8114799697371421,0.606424451208599
ICEWS05-15,1084,7914,161,740,1741,1741,1,1.0,13.089139164125456,241.0,0.9611657480580811,0.822268054094321,0.8456806758607045,0.706658055660333,0.8339743649775128,0.8335715207955682,0.7694040182722236
ICEWS05-15,1085,7914,161,923,1741,1741,1,1.0,12.527815744270914,307.0,0.9423178739918808,0.8516362068572432,0.6896193194960754,0.5043771714297391,0.7706277631766593,0.8297496623116242,0.6736381728511267
ICEWS05-15,1086,7914,161,2107,10297,1741,0,2.0,9.217760012385826,680.0,0.9611657480580811,0.8429893394028906,0.7938102653978143,0.6548119224138078,0.8183998024003525,0.8035953650428889,0.7898469815131859
ICEWS05-15,1087,7914,161,3789,1741,1741,1,1.0,9.168805449317144,1033.0,0.8534795977333005,0.7590096541665189,0.7850139549789732,0.6166037182862749,0.772011804572746,0.8010693518171613,0.748182626938188
ICEWS05-15,1088,7914,161,3080,1741,1741,1,1.0,8.174979703931454,867.0,0.8534795977333005,0.7941832852783938,0.7024667619020044,0.5241799082101496,0.748325023590199,0.776706609857832,0.7010495399294633
ICEWS05-15,1089,7914,161,2480,1741,1741,1,1.0,7.1833076599299135,753.0,0.9423178739918808,0.7819116133903112,0.8601436026601028,0.7356682175840528,0.821027608025207,0.7668022594695245,0.8163217385269663
ICEWS05-15,1090,7914,161,3903,1741,1741,1,1.0,10.873970726249569,1061.0,0.9423178739918808,0.8554488435692909,0.8438993645986727,0.7037745060945649,0.8496741040839817,0.8413285822533038,0.8224950410023469
ICEWS05-15,1091,7914,54,1432,1741,1741,1,1.0,1.0560128678363543,86.0,0.2871745887492588,0.5662249252632943,0.842978916598815,0.7081212763614744,0.7046019209310546,0.3650918154485589,0.5252660933967211
ICEWS05-15,1092,7914,54,496,1741,1741,1,1.0,1.504950985924558,27.0,0.4711589369959404,0.7446013821925326,0.8179287335998692,0.6888764798301918,0.7812650578962008,0.3598035840580388,0.5695830275848384
ICEWS05-15,1093,7914,54,2833,1741,1741,1,1.0,1.4107401336406569,143.0,0.5858370854182298,0.6526854958952979,0.9186351599005149,0.7187441377218962,0.7856603278979064,0.4678777365755573,0.6842900853470728
ICEWS05-15,1094,7914,54,3813,10297,1741,0,4.0,3.3864006499480452,183.0,0.7730166686334901,0.7468054628337826,0.9953559600713582,0.9893910187996029,0.8710807114525704,0.5779623687498704,0.840295215473038
ICEWS05-15,1095,7914,64,2888,1741,1741,1,1.0,0.17208742745095176,80.0,0.3170664520316462,0.050106480955030785,0.9498935190449692,0.3473035606878071,0.5,0.34576599980812867,0.26623896283565274
ICEWS05-15,1096,7914,64,2655,1741,1741,1,1.0,1.6723511689885047,79.0,0.6729500963161781,0.40165348851913596,0.99701683001281,0.9816446547413894,0.699335159265973,0.4637967471447451,0.7109815215898225
ICEWS05-15,1097,7914,41,2833,1741,1741,1,1.0,12.748024546655806,1166.0,0.9611657480580811,0.8322168015047526,0.7302652495061561,0.5661075544627033,0.7812410255054544,0.8711553165483177,0.7531243358810283
ICEWS05-15,1098,7914,41,109,1741,1741,1,1.0,13.624684498427774,42.0,0.9057236642639067,0.7374636285741223,0.8482196829424923,0.6970018449963247,0.7928416557583073,0.7769027898990969,0.6643608748728287
ICEWS05-15,1099,7914,41,2823,1741,1741,1,1.0,15.585976629745906,1164.0,0.9803906099397734,0.8121339508669801,0.8177204265893427,0.6833261169468573,0.8149271887281615,0.9037533448736903,0.7988903894612136
ICEWS05-15,1100,7914,41,335,1741,1741,1,1.0,17.20127219983901,135.0,0.9803906099397734,0.8297720692651511,0.7166492777303894,0.5477198449457231,0.7732106734977703,0.8760936894302633,0.6499426403721767
ICEWS05-15,1101,7914,41,3393,2189,1741,0,3.0,13.148148410515772,1363.0,0.9057236642639067,0.8312070422388713,0.7815930097523429,0.634700429315013,0.8064000259956071,0.8740166525744734,0.7796752195170962
ICEWS05-15,1102,7914,41,1192,10297,1741,0,1.0,18.461065294812506,529.0,1.0,0.8211953002670689,0.728520174418024,0.5574662109566781,0.7748577373425465,0.917127415401851,0.7090248883680397
ICEWS05-15,1103,7914,41,1519,1741,1741,1,1.0,13.094537924036185,696.0,0.9423178739918808,0.828556386370767,0.6102305630779884,0.38701989265523873,0.7193934747243778,0.8606987075675556,0.6284859216138965
ICEWS05-15,1104,7914,41,136,1741,1741,1,1.0,10.871812289435784,51.0,0.9057236642639067,0.7707066187316489,0.6602856625326581,0.48987449568050007,0.7154961406321535,0.728469013979562,0.5483964400101312
ICEWS05-15,1105,7914,41,1195,1741,1741,1,1.0,17.35735754829109,531.0,0.9803906099397734,0.834424167921926,0.6808490381594398,0.4941206817083991,0.7576366030406829,0.9059872842208908,0.675886961910035
ICEWS05-15,1106,7914,41,1223,1741,1741,1,1.0,19.53597702745006,547.0,0.9611657480580811,0.8464104453218135,0.7053301941456231,0.5418430785933087,0.7758703197337183,0.9236326224584319,0.6933235862290273
ICEWS05-15,1107,7914,41,3982,1741,1741,1,1.0,13.811181077812197,1565.0,0.9057236642639067,0.8545497977118974,0.812007859918278,0.6805512670570479,0.8332788288150876,0.8848528523343017,0.8072481594645927
ICEWS05-15,1108,7914,41,1853,1741,1741,1,1.0,13.3101685478328,824.0,0.9423178739918808,0.8750032764613563,0.7515775491659169,0.5946827115363492,0.8132904128136367,0.8677133450106295,0.7622068168458468
ICEWS05-15,1109,7914,41,1034,1741,1741,1,1.0,13.425768074509522,442.0,0.9423178739918808,0.8801786700250638,0.6587096456112809,0.4803921015600116,0.7694441578181723,0.8532333094214728,0.6757285991994844
ICEWS05-15,1110,7914,41,1956,1741,1741,1,1.0,13.067108364600315,870.0,0.9803906099397734,0.836957221953772,0.6278853516064608,0.4338744992783866,0.7324212867801163,0.8700388173200216,0.6724587700058232
ICEWS05-15,1111,7914,41,2067,1741,1741,1,1.0,14.31717863456948,915.0,0.9611657480580811,0.838415198131824,0.75524599089735,0.588097620476439,0.796830594514587,0.8840325587398521,0.7557294126986491
ICEWS05-15,1112,7914,41,420,1741,1741,1,1.0,18.90033731504178,172.0,0.9803906099397734,0.8619967692024736,0.859447261391775,0.7467289961161304,0.8607220152971242,0.8996828067936847,0.7713558208647373
ICEWS05-15,1113,7914,41,426,1741,1741,1,1.0,19.062972525019017,175.0,0.9803906099397734,0.874053310769492,0.8564697590377596,0.7373949880281545,0.8652615349036258,0.9016071341499645,0.7713307272537874
ICEWS05-15,1114,7914,41,1532,10297,1741,0,2.0,11.761302752017789,701.0,0.9803906099397734,0.8617981015361249,0.5740311031678539,0.35381805401364413,0.7179146023519893,0.8470923369961816,0.6293780804596655
ICEWS05-15,1115,7914,41,3810,1741,1741,1,1.0,11.051404057620344,1503.0,0.9803906099397734,0.8448905879446784,0.7645230115651469,0.5736401991487934,0.8047067997549127,0.8578593381419747,0.7848946884492365
ICEWS05-15,1116,7914,41,1012,1741,1741,1,1.0,17.02088094992,435.0,0.9803906099397734,0.8558480457984023,0.7394235113002487,0.5723193650522873,0.7976357785493255,0.8989897681659544,0.7208061234342221
ICEWS05-15,1117,7914,41,1124,1741,1741,1,1.0,18.761944410469436,495.0,0.9803906099397734,0.8906470574058637,0.7152729630529081,0.5349617314513411,0.8029600102293859,0.9171660808481127,0.7113633114410848
ICEWS05-15,1118,7914,41,2259,1741,1741,1,1.0,10.28779400614469,974.0,0.9057236642639067,0.8334073984729822,0.7867002994678666,0.6110633425213021,0.8100538489704243,0.8251397546234384,0.7724974018460355
ICEWS05-15,1119,7914,41,1897,1741,1741,1,1.0,12.73382573817475,844.0,0.9803906099397734,0.8224059481228185,0.6611988878175422,0.4491514036090477,0.7418024179701803,0.8650973171674571,0.684374191154077
ICEWS05-15,1120,7914,41,386,1741,1741,1,1.0,16.031170980154926,156.0,0.9611657480580811,0.7968612544098973,0.7270049183036252,0.5605155183088282,0.7619330863567613,0.8630283452933509,0.6523654161090613
ICEWS05-15,1121,7914,41,1801,10297,1741,0,1.0,12.697706377845769,807.0,1.0,0.7824143109565429,0.6344250506317402,0.4216678996627045,0.7084196807941415,0.8656418940237147,0.655270403856939
ICEWS05-15,1122,7914,41,1808,1741,1741,1,1.0,12.922349025386776,809.0,0.9803906099397734,0.8022421713590416,0.6675097076885956,0.4601437695446704,0.7348759395238187,0.8664431889186758,0.6812960786358072
ICEWS05-15,1123,7914,41,2413,1741,1741,1,1.0,11.557412441214812,1028.0,0.9611657480580811,0.8518496649984595,0.6986437059964278,0.5071038931250867,0.7752466854974436,0.8524288723756679,0.7310838618126507
ICEWS05-15,1124,7914,41,1461,1741,1741,1,1.0,16.55411965857361,668.0,0.9611657480580811,0.8742167634856806,0.7431582583982854,0.5551277022145531,0.808687510941983,0.9010425838901028,0.7352761029321188
ICEWS05-15,1125,7914,41,2548,1741,1741,1,1.0,11.225759651365122,1062.0,0.9803906099397734,0.7544719052019568,0.7735032153027334,0.5848432949069012,0.7639875602523452,0.850978159414621,0.7546469621797701
ICEWS05-15,1126,7914,41,1798,2189,1741,0,2.0,13.433759960720987,806.0,0.9803906099397734,0.7717511569020427,0.6655161213756862,0.44966341122558917,0.7186336391388644,0.8727063974726333,0.6651334345737999
ICEWS05-15,1127,7914,6,1188,1741,1741,1,1.0,4.66653207044971,208.0,0.8534795977333005,0.7455024039777771,0.5255092011217656,0.31242312636655084,0.6355058025497713,0.6357139711520043,0.49172833109443337
ICEWS05-15,1128,7914,6,943,10297,1741,0,2.0,9.56338410943175,168.0,0.9057236642639067,0.7329016026970349,0.7674854359257129,0.5881420151163849,0.7501935193113739,0.7495694378150192,0.6671756828417554
ICEWS05-15,1129,7914,6,3957,1741,1741,1,1.0,5.06821523142323,654.0,0.9238395952400507,0.8148188003998816,0.5917986768851108,0.35413299108722707,0.7033087386424962,0.7132547517990802,0.6269698755547845
ICEWS05-15,1130,7914,6,1214,1741,1741,1,1.0,4.493237747551737,212.0,0.9803906099397734,0.8364257540792047,0.5208402929190866,0.32721104571879517,0.6786330234991457,0.6592387295717699,0.5644635722637745
ICEWS05-15,1131,7914,6,3786,1741,1741,1,1.0,9.815061143080623,624.0,0.8705505632961241,0.783796415749662,0.869051714112274,0.756321319456692,0.826424064930968,0.797653187541767,0.800352319717559
ICEWS05-15,1132,7914,6,1466,10297,1741,0,1.0,9.81988898142528,264.0,1.0,0.818303095359156,0.8156430195567209,0.6558084425518327,0.8169730574579385,0.7872731053199507,0.7653778206725088
ICEWS05-15,1133,7914,6,3058,1741,1741,1,1.0,5.333742121056208,490.0,0.7578582832551991,0.7718833942411079,0.8422402848666094,0.7054070496770186,0.8070618395538587,0.6735265579524451,0.7606130194763188
ICEWS05-15,1134,7914,6,2587,10297,1741,0,3.0,5.701346330429039,426.0,0.836743383392903,0.6846742308850946,0.8297082151492694,0.6756584612095419,0.757191223017182,0.6916518986987408,0.7334689049385339
ICEWS05-15,1135,7914,6,1353,1741,1741,1,1.0,8.242019243897758,238.0,0.9057236642639067,0.803856191315573,0.8059186387395969,0.6675818021623583,0.8048874150275849,0.7361167908894611,0.7442423884011643
ICEWS05-15,1136,7914,6,1010,1741,1741,1,1.0,6.249567603212663,178.0,0.9803906099397734,0.885551871915082,0.7333851882651558,0.5742546283957312,0.8094685300901189,0.6931791138709208,0.7291093973156301
ICEWS05-15,1137,7914,6,1312,1741,1741,1,1.0,6.4671071585533415,228.0,0.9611657480580811,0.892191495726728,0.7532814030223455,0.5599584487344118,0.8227364493745367,0.7055387820951631,0.737318063457096
ICEWS05-15,1138,7914,6,3861,2189,1741,0,4.0,7.044472886407634,638.0,1.0,0.8620174748939963,0.7643012667169884,0.6110420220966213,0.8131593708054923,0.7673265140642569,0.7862028084980424
ICEWS05-15,1139,7914,168,4010,1741,1741,1,1.0,17.413891944970917,965.0,0.9803906099397734,0.8101838037258124,0.9837982920126855,0.9652024880383289,0.896991047869249,0.9168067402994242,0.8815628161541091
ICEWS05-15,1140,7914,168,2155,1741,1741,1,1.0,10.555621213997311,596.0,0.9803906099397734,0.7838629940721948,0.9346868505827263,0.8742387723571466,0.8592749223274605,0.824209850763224,0.8543722877204084
ICEWS05-15,1141,7914,168,1816,1741,1741,1,1.0,10.965370878754854,512.0,0.9803906099397734,0.8019254080493418,0.9668292748350977,0.9250874912870247,0.8843773414422198,0.8259945641162053,0.8688610843853635
ICEWS05-15,1142,7914,168,1230,1741,1741,1,1.0,17.069210820236187,340.0,0.9057236642639067,0.8533185280281512,0.9652228321286823,0.9318737967147319,0.9092706800784167,0.8878735350257929,0.8490047689902873
ICEWS05-15,1143,7914,168,1239,1741,1741,1,1.0,17.092503083014915,343.0,0.9803906099397734,0.8404756633359541,0.9707706367644081,0.942428748040251,0.9056231500501811,0.8950189340865555,0.8597187013441053
ICEWS05-15,1144,7914,168,2412,1741,1741,1,1.0,7.248535209112999,656.0,0.8042490800314893,0.8663850514945572,0.9915811304695826,0.9823746152569214,0.92898309098207,0.7387657383411489,0.8839351758140985
ICEWS05-15,1145,7914,168,1718,1741,1741,1,1.0,11.666630840779497,488.0,0.8879629756445782,0.8546017721132786,0.9930524948674591,0.9860594580268734,0.9238271334903688,0.8231892092365379,0.8793837142907364
ICEWS05-15,1146,7914,168,375,1741,1741,1,1.0,10.329591545672756,86.0,0.9611657480580811,0.8287938300817366,0.9340950284050777,0.8675542695449955,0.8814444292434072,0.7482695562646995,0.8108392611039353
ICEWS05-15,1147,7914,168,2592,1741,1741,1,1.0,6.763845114737376,677.0,0.8705505632961241,0.8250891441041868,0.9997424173789832,0.9994560893933198,0.9124157807415849,0.7417076844464842,0.8900101985829596
ICEWS05-15,1148,7914,168,183,1741,1741,1,1.0,9.597540165419016,48.0,0.8042490800314893,0.8481024012543332,0.9339521159512835,0.8748609620349992,0.8910272586028083,0.6770300302768131,0.7746289669913424
ICEWS05-15,1149,7914,168,1728,5437,1741,0,3.0,12.40006909782297,491.0,0.9803906099397734,0.7730524117222904,0.9946292144018362,0.9892061557738255,0.8838408130620633,0.8462802899381473,0.8764512625709365
ICEWS05-15,1150,7914,168,1845,1741,1741,1,1.0,12.061081458426594,520.0,0.9057236642639067,0.7944690635954562,0.9826900863812359,0.9601945101896034,0.888579574988346,0.8336101095936842,0.8658597364097359
ICEWS05-15,1151,7914,168,2197,1741;10297,1741,1,2.0,17.64128229586404,614.0,0.9611657480580811,0.7267874096383644,0.982101245233667,0.9638872474528914,0.8544443274360157,0.9096952279877736,0.8545122461723894
ICEWS05-15,1152,7914,168,1868,1741,1741,1,1.0,12.857100979653831,528.0,0.8705505632961241,0.7594651603241724,0.9278697571870129,0.8650576166493016,0.8436674587555927,0.8414695833655652,0.8224734852490448
ICEWS05-15,1153,7914,168,2256,1741,1741,1,1.0,15.413479954983686,632.0,0.9423178739918808,0.8321414588774392,0.953667521144841,0.9071856395725163,0.89290449001114,0.8864021825217874,0.8602237269130844
ICEWS05-15,1154,7914,243,879,8820,1741,0,5249.5,2.874054807734035,81.0,0.8879629756445782,0.7659748639445901,0.7791571945569516,0.6096128866831496,0.7725660292507709,0.5478096975165199,0.6788884804315136
ICEWS05-15,1155,7914,243,983,10297,1741,0,2.0,5.593871377242409,95.0,0.9057236642639067,0.8085060632174492,0.9217472934000561,0.8262061654503652,0.8651266783087527,0.6318418042745944,0.7982407217809354
ICEWS05-15,1156,7914,243,1628,1741,1741,1,1.0,4.090996877611131,145.0,0.820335356007638,0.8316675761115175,0.8598601880988015,0.7233514418044422,0.8457638821051595,0.5953180898493649,0.7621563026613356
ICEWS05-15,1157,7914,243,156,1741,1741,1,1.0,4.1950387699311085,18.0,0.5,0.7431301592824217,0.9064133411406565,0.8059571324621619,0.824771750211539,0.4163331430225061,0.6260424722801999
ICEWS05-15,1158,7914,243,3423,1741,1741,1,1.0,2.9009162050874564,267.0,0.9423178739918808,0.7285401951304519,0.8560682917500493,0.7177501365828814,0.7923042434402505,0.6222979040221965,0.7780697079030405
ICEWS05-15,1159,7914,243,2816,1741,1741,1,1.0,2.911850746225986,235.0,0.6597539553864471,0.8190555547594207,0.8365960347345204,0.6638652645759532,0.8278257947469705,0.5524276281202395,0.7219407414518683
ICEWS05-15,1160,7914,179,1629,1741,1741,1,1.0,0.33082107162973867,12.0,0.3298769776932236,0.002854423225219227,0.9999999175180224,0.9999987303503031,0.5014271703716209,0.2687861392531587,0.41490731047552626
ICEWS05-15,1161,7914,137,1382,1741,1741,1,1.0,2.2944420469446234,84.0,0.8879629756445782,0.6477649934676641,0.9186704770167886,0.8351211952897923,0.7832177352422264,0.5339552291150348,0.7599206691956287
ICEWS05-15,1162,7914,137,386,1741,1741,1,1.0,1.2893662823786347,16.0,0.2987773849926094,0.5600676150437723,0.9758765958769835,0.938088573357845,0.7679721054603779,0.295846453637296,0.5896915065405597
ICEWS05-15,1163,7914,137,543,1741,1741,1,1.0,4.225999203575936,27.0,0.9803906099397734,0.6105793895687841,0.8675128134050633,0.735530238749345,0.7390461014869236,0.5487020667919603,0.6743370833300455
ICEWS05-15,1164,7914,137,2131,1741,1741,1,1.0,3.3703822142051454,132.0,0.8705505632961241,0.5777507719940786,0.8514974601188245,0.7146268869137624,0.7146241160564516,0.5826687194265805,0.6907532795541164
ICEWS05-15,1165,7914,137,116,9734,1741,0,5245.5,0.7920390431433999,7.0,0.9611657480580811,0.528359711482713,0.471640288517287,0.2411956355588851,0.5,0.3852415192076958,0.2732562220279104
ICEWS05-15,1166,7914,219,3106,10297,1741,0,6.0,1.7486423440611727,151.0,0.8879629756445782,0.5837455300908487,0.868098333555051,0.6945118431401901,0.7259219318229498,0.5500555827414879,0.7062629006077109
ICEWS05-15,1167,7914,219,493,1741,1741,1,1.0,3.955999826802212,28.0,0.8879629756445782,0.57338545353333,0.9900016146752426,0.9761569259354623,0.7816935341042863,0.5218425049465034,0.7586650572112987
ICEWS05-15,1168,7914,219,2764,1741,1741,1,1.0,2.1068074164280404,141.0,0.9611657480580811,0.5693330253394326,0.9590102281542936,0.8939242984987751,0.7641716267468631,0.5728796785271792,0.7962619640455799
ICEWS05-15,1169,7914,202,1804,1741,1741,1,1.0,0.023755797878548496,19.0,0.030637206560617913,0.43810932719232365,0.5618906728076764,0.27851460801941,0.5,0.2278838592057904,0.1518753581607464
ICEWS05-15,1170,7914,172,886,2189,2189,1,1.0,1.3351673628781726,57.0,0.9803906099397734,0.5834480493727094,0.5943112462554914,0.39595669120992627,0.5888796478141004,0.5087256709024641,0.477972451096831
ICEWS05-15,1171,7914,172,3958,1677,5437,0,5272.0,0.6255827812342198,36.0,0.7884782461155736,0.3927681903018335,0.6072318096981665,0.3173329257216621,0.5,0.4212347481119282,0.32130036311912097
ICEWS05-15,1172,7914,172,1028,2189,2189,1,1.0,1.807966554692947,69.0,0.6341329040632923,0.8110392574477626,0.6450499220315684,0.3686846908957253,0.7280445897396655,0.4514175674069432,0.48853437675225964
ICEWS05-15,1173,7914,172,520,9816,2189,0,5250.5,2.672918271513517,34.0,0.8879629756445782,0.736198491948308,0.6538869085186335,0.4183277625811097,0.6950427002334707,0.49679682190340735,0.5149475008369074
ICEWS05-15,1174,7914,172,159,1677,2189,0,5248.0,2.117211217469482,12.0,0.6341329040632923,0.5865526002751476,0.5781308462751767,0.37915516896685214,0.5823417232751622,0.37234951073997197,0.3123124800241784
ICEWS05-15,1175,7914,250,110,1741,1741,1,1.0,2.6211313334689157,7.0,0.9803906099397734,0.7147721858571352,0.7833523110889911,0.4421466728331697,0.7490622484730631,0.43804745215388274,0.5252010719381311
ICEWS05-15,1176,7914,250,2119,1741,1741,1,1.0,2.0519784102564507,90.0,0.9803906099397734,0.7235841815177535,0.48585876235297976,0.2807119025984882,0.6047214719353666,0.5523187169376852,0.46129394432071397
ICEWS05-15,1177,7914,222,868,10297,10297,1,1.0,0.01343562934979976,9.0,0.030036429626815044,0.03464481411728182,0.9653551858827182,0.2753590165853058,0.5,0.20251420307830217,0.1410203723674987
ICEWS05-15,1178,7914,222,1651,1741,10297,0,1.0,2.417793586555981,23.0,1.0,0.1809805601331168,0.999958455081106,0.9998276640386058,0.5904695076071114,0.4956243523643874,0.6716273895596282
ICEWS05-15,1179,7914,59,3309,1741,1741,1,1.0,0.17645860117160683,87.0,0.12254882624247168,0.5178486084591155,0.7536443505749522,0.531689043257615,0.6357464795170338,0.30995553208106824,0.3679099674999387
ICEWS05-15,1180,7914,113,747,1741,1741,1,1.0,0.24518192874982947,3.0,0.24509765248494336,0.00034372951267591656,1.0,0.9999999999959214,0.500171864756338,0.20721329969732402,0.34242955480650283
ICEWS05-15,1181,7914,56,283,1795,1326,0,3.0,0.04465259274565969,1.0,0.30475341355111885,0.0,1.0,0.07905153228858085,0.5,0.1889316016670359,0.10879466458483057
ICEWS05-15,1182,7914,184,3861,1741,1741,1,1.0,0.2706223000650109,68.0,0.2309598988100127,0.14689551612603546,0.9999139967449411,0.9992140150305255,0.5734047564354883,0.3227051154251225,0.5183936002027582
ICEWS05-15,1183,7914,184,1332,10334,1741,0,5246.5,1.0180336969341903,27.0,0.7578582832551991,0.3066476808813916,0.9617975822642478,0.8715772509926281,0.6342226315728197,0.41024269628596227,0.6087600288253697
ICEWS05-15,1184,7914,162,3531,1741,1741,1,1.0,0.15066930502437903,25.0,0.6216979445974911,0.3155691302794359,0.6844308697205641,0.09043685897240929,0.5,0.3542296866296006,0.2114997228832194
ICEWS05-15,1185,7914,171,517,1741,1741,1,1.0,3.4936941801322208,16.0,0.7429971445684742,0.7729947719658423,0.9979889208241843,0.9918042692823766,0.8854918463950133,0.4470551422035665,0.7750573923318866
ICEWS05-15,1186,7914,170,1242,1741,1741,1,1.0,2.7332353248283954,26.0,0.7141434062641757,0.5026552360015195,1.0,0.9999999999411624,0.7513276180007598,0.44435682400602455,0.7134997392112933
ICEWS05-15,1187,7914,110,3,9734,0,0,5244.5,0.0,0.0,0.0,0.0,0.0,0.0,0.0,0.13079885792039397,0.013540413295886884
ICEWS05-15,1188,7914,224,430,10120,0,0,5244.5,0.0,0.0,0.0,0.0,0.0,0.0,0.0,0.13079885792039397,0.013540413295886884
ICEWS05-15,1189,7914,26,3263,1741,1741,1,1.0,0.8794332805391207,49.0,0.2871745887492588,0.35331323983587937,1.0,0.9999999999988629,0.6766566199179397,0.33370520967948464,0.5929870447806147
ICEWS05-15,1190,7914,92,46,685,575,0,5245.0,0.7730166686334901,1.0,0.7730166686334901,0.0,1.0,0.9999999999987064,0.5,0.2805503014406317,0.4433297607917655
ICEWS05-15,1191,7914,244,2094,95,95,1,1.0,0.00048336838232664156,5.0,0.00044224788294136086,0.08507146387852427,0.999999984646322,0.9999983857513832,0.5425357242624231,0.18106418980220354,0.33030514573161196
ICEWS05-15,1192,7914,71,1664,1741,1741,1,1.0,0.00010621850551647367,1.0,0.00010626837930860897,0.0,1.0,0.999061792491663,0.5,0.1486615409036933,0.26153189239988933
ICEWS05-15,1193,3778,6,1016,8796,1686,0,2.0,0.01009164911964916,1.0,0.17853585156604396,0.0,1.0,0.02908423410199338,0.5,0.17106149864983816,0.09013225049968022
ICEWS05-15,1194,3778,56,969,5496,8796,0,5245.5,1.2130282887581957e-06,2.0,6.546117604280976e-07,0.0,1.0,0.9121192691146859,0.5,0.15999256854861135,0.25069732226613606
ICEWS05-15,1195,3778,137,3146,4853,2440,0,5249.5,0.7181728571224587,1.0,0.7429971445684742,0.0,1.0,0.9353383836099676,0.5,0.273754347685986,0.41186880720442026
ICEWS05-15,1196,3778,59,13,1677,0,0,5244.5,0.0,0.0,0.0,0.0,0.0,0.0,0.0,0.13079885792039397,0.013540413295886884
ICEWS05-15,1197,3778,59,977,8796,9423,0,2.0,0.24752934796459347,6.0,0.5858370854182298,0.004812734577123501,0.9951872654228765,0.11877240150368336,0.5,0.2880916785117075,0.17969009703349784
ICEWS05-15,1198,3778,172,2623,7145,9423,0,5252.0,0.2564160017667905,21.0,0.5520447568369061,0.04791026630766382,0.9520897336923362,0.2838870144492587,0.5,0.33414146972084396,0.24971841401162242
ICEWS05-15,1199,3778,168,925,8796,8796,1,1.0,1.3565337500123835,15.0,0.4439814878222891,0.35183576273841943,1.0,0.9999997587182764,0.6759178813692097,0.3234908167023385,0.5803399519921353
ICEWS05-15,1200,3425,174,3730,4680,1677,0,4.0,0.24387933054862543,30.0,0.10254191950095473,0.4648430001596614,0.8276623270327056,0.5333619272748015,0.6462526635961835,0.2620536111795269,0.329050967801342
ICEWS05-15,1201,3425,180,266,4516,8798,0,5251.0,0.003907658156893201,4.0,0.8534795977333005,0.11563245631163499,0.884367543688365,0.0020286464161122742,0.5,0.31980935752151723,0.1853108125360598
ICEWS05-15,1202,3425,180,2686,3633,1768,0,17.0,0.632185912101628,2.0,0.820335356007638,0.4851512137172558,0.5148487862827442,0.2474775586440391,0.5,0.3044497137697964,0.2157023230769399
ICEWS05-15,1203,3425,180,163,10120,10120,1,1.0,0.8088092279626833,2.0,0.9423178739918808,0.0,1.0,0.2766573107954531,0.5,0.33327360865363276,0.25630445883402586
ICEWS05-15,1204,3425,180,2182,10032,1459,0,5274.5,0.7390443715460736,2.0,0.7141434062641757,0.0,1.0,0.3536907372046015,0.5,0.2863377946169341,0.23320158906190502
ICEWS05-15,1205,3425,152,2314,1136,5737,0,2.0,3.0632174389190143,28.0,0.820335356007638,0.41580776332920943,0.99338804874758,0.6280741114744349,0.7045979060383947,0.48169009188170037,0.5819791096345484
ICEWS05-15,1206,3425,152,2217,2902,10466,0,5349.5,0.030019525775224265,2.0,0.7730166686334901,2.270589938291323e-09,0.9999999977294101,0.01980161755660625,0.5,0.2816744411447751,0.16513500084980054
ICEWS05-15,1207,3425,152,1031,1414,2652,0,89.0,0.341375540601339,6.0,0.9611657480580811,0.49504911365804805,0.504950886341952,0.09850425770835536,0.5,0.36693867561286797,0.23019996689191027
ICEWS05-15,1208,3425,152,335,10253,530,0,5268.5,1.2886907164896955,5.0,1.0,0.29864129122718,0.70135870877282,0.21952210444001585,0.5,0.3920896394395772,0.26812144403348825
ICEWS05-15,1209,3425,152,3735,8848,19,0,38.0,0.7328527637832605,11.0,0.5,0.33539496366367616,0.6646050363363238,0.19843466760690637,0.5,0.30667397872606333,0.19225981048976412
ICEWS05-15,1210,3425,152,1616,1096,1096,1,1.0,7.10501265868287,25.0,0.9803906099397734,0.6933730598299548,0.9167589511985154,0.7664262227011825,0.8050660055142351,0.6212723685430798,0.7150832884088288
ICEWS05-15,1211,3425,152,39,2652,2652,1,1.0,0.9803906099397734,2.0,0.9803906099397734,0.0,1.0,0.33774869729832263,0.5,0.34542419406833913,0.281845775768769
ICEWS05-15,1212,3425,152,327,3527,530,0,6.0,0.3382514558712475,4.0,1.0,0.026750875896341175,0.9732491241036588,0.05927408726919413,0.5,0.35852554996724667,0.22549322755797557
ICEWS05-15,1213,3425,152,1626,5992,1096,0,5333.0,8.37167357120525,28.0,0.8705505632961241,0.7239773524732156,0.9034671320710865,0.8221117030054717,0.8137222422721511,0.6352963457322222,0.7134994674857733
ICEWS05-15,1214,3425,152,3337,1414,1096,0,3.0,0.1405340952330254,45.0,0.8534795977333005,2.2316882719586317e-07,0.9999997768311728,0.043375890542062534,0.5,0.43445290455874236,0.26889444589026473
ICEWS05-15,1215,3425,152,1192,2253,2253,1,1.0,0.8146293439911787,9.0,0.9803906099397734,0.2622344475039895,0.7377655524960105,0.18311573103681797,0.5,0.4015172362908371,0.2739402059968788
ICEWS05-15,1216,3425,152,1273,2907,9220,0,5316.0,0.9597299389990722,2.0,0.9423178739918808,0.0,1.0,0.3553460652807958,0.5,0.3369577017411733,0.27910728662227546
ICEWS05-15,1217,3425,152,3786,19,860,0,5.0,1.4846221172063723,6.0,0.9803906099397734,0.29529233502720975,0.7047076649727902,0.37375944297586483,0.5,0.40077340660352934,0.31719591427253796
ICEWS05-15,1218,3425,152,2890,6750,6750,1,1.0,0.8036844857393963,6.0,0.8879629756445782,0.5883884356649809,0.41161156433501916,0.1588688868097691,0.5,0.3629012775845842,0.22942152385732031
ICEWS05-15,1219,3425,168,1407,537,3151,0,5254.5,0.18739056519067865,3.0,0.6864101813026526,0.036800742727766234,0.9631992572722338,0.15138013171508086,0.5,0.2813524810341146,0.18727756733221176
ICEWS05-15,1220,3425,168,2550,409,7515,0,5263.0,0.0663885301553424,5.0,0.5412194958693883,0.40073138355389837,0.5992686164461016,0.038156997661687876,0.5,0.2691247748680497,0.14708633164330587
ICEWS05-15,1221,3425,168,1727,3623,4680,0,5256.0,0.37758698602206875,60.0,0.646816582731497,0.39597492260359446,0.6040250773964055,0.21403934157689872,0.5,0.4086916155389718,0.2771036763350252
ICEWS05-15,1222,3425,168,2078,8798,8798,1,1.0,0.5092316729438331,1.0,0.9803906099397734,0.0,1.0,0.3508193530275926,0.5,0.31479479884867884,0.27235765632979486
ICEWS05-15,1223,3425,56,1833,1677,4853,0,1.0,0.4682534289141578,29.0,1.0,0.2031149973397347,0.7968850026602653,0.22936520865869947,0.5,0.454319954527672,0.33839049491551193
ICEWS05-15,1224,3425,56,3299,1677,1677,1,1.0,4.0836145664093655,160.0,0.836743383392903,0.8230201360257131,0.8203327883126923,0.6422306449888212,0.8216764621692028,0.6038227710992872,0.7312107734816969
ICEWS05-15,1225,3425,56,2383,3414,3414,1,1.0,0.779789938068994,2.0,0.9611657480580811,0.1876258512022082,0.8123741487977918,0.4915087367301095,0.5,0.336469189163409,0.3226009740134563
ICEWS05-15,1226,3425,56,704,530,1677,0,2.0,8.988142035817475,62.0,1.0,0.8053006919979834,0.8942930253620868,0.7915632595385932,0.8497968586800351,0.7128612782446921,0.7762675033333967
ICEWS05-15,1227,3425,56,1416,1677,1677,1,1.0,1.010490978551983,99.0,0.35707170313208786,0.4740592639133676,0.5259407360866324,0.35354472224928124,0.5,0.3861669983534906,0.2720792406710803
ICEWS05-15,1228,3425,56,104,4853,4680,0,3.0,0.43890572139900974,2.0,0.6216979445974911,0.27479957467599514,0.7252004253240049,0.3440646175738595,0.5,0.2626801412895092,0.20925809143532614
ICEWS05-15,1229,3425,56,259,4867,5739,0,5249.0,1.0457244224022677,2.0,1.0,0.4950491105234984,1.0,0.35873209170637427,0.7475245552617492,0.35118791576116604,0.46510390582070243
ICEWS05-15,1230,3425,172,2629,530,9962,0,5272.0,0.4354106170906302,15.0,0.7578582832551991,0.0932978218082815,0.9067021781917185,0.15143820499123128,0.5,0.3666026724858647,0.24091511089211365
ICEWS05-15,1231,3425,172,376,4680,3604,0,4.0,0.2362753604849367,4.0,0.43527528164806206,0.38066852552311126,0.6193314744768887,0.20205629883593698,0.5,0.24636826937722364,0.16020190616445198
ICEWS05-15,1232,3425,172,3456,4684,4680,0,59.0,1.6478221865360911,76.0,0.9803906099397734,0.5874210328337613,0.7647066980965006,0.530754783339436,0.676063865465131,0.5324382451134922,0.6091282981535538
ICEWS05-15,1233,3425,172,1273,4680,7551,0,5.0,0.07616039864797464,1.0,1.0,0.0,1.0,0.039587707101159296,0.5,0.30852819886670824,0.19392821347921935
ICEWS05-15,1234,3425,172,658,4680,4680,1,1.0,0.8227363526869755,30.0,0.597554769985219,0.5516435920683642,0.4483564079316357,0.24050510889231522,0.5,0.3748199999634515,0.246018024022175
ICEWS05-15,1235,3425,172,3070,9929,6345,0,5276.5,0.312814549694749,5.0,0.4528618321319533,0.4224186506571118,0.5775813493428882,0.24919163409519096,0.5,0.2584130716883466,0.17662504145598223
ICEWS05-15,1236,3425,41,1400,10310,6173,0,8.0,1.764702603160683,53.0,0.9238395952400507,0.5631493876304877,0.9766235094526471,0.7159495564871537,0.7698864485415674,0.5035130125747707,0.711362072942554
ICEWS05-15,1237,3425,41,2958,1762,6173,0,2.0,2.6169865382405333,105.0,0.9611657480580811,0.7328148513579478,0.7378298287205581,0.5716730678610584,0.735322340039253,0.5712108174007151,0.6689991574841996
ICEWS05-15,1238,3425,41,1368,6173,6173,1,1.0,0.007763991653229274,51.0,0.5743491774985175,0.13957492821630602,0.860425071783694,0.0058495863877112185,0.5,0.37483765838192207,0.20676569608053222
ICEWS05-15,1239,3425,41,951,6173,6173,1,1.0,0.9317068282692662,36.0,0.9238395952400507,0.6754257356519151,0.561003059541737,0.19569902788598512,0.6182143975968261,0.4605083041308369,0.391226508465572
ICEWS05-15,1240,3425,59,3416,6354,6354,1,1.0,0.33357402720827645,1.0,0.9803906099397734,0.0,1.0,0.20499788146859568,0.5,0.31065860445833476,0.23148208577285428
ICEWS05-15,1241,3425,59,3799,4680,9962,0,10.0,0.04741548175966862,1.0,0.09473228540689989,0.0,1.0,0.33379645075559783,0.5,0.16084392612038412,0.12543858811134875
ICEWS05-15,1242,3425,187,1009,4680,4680,1,1.0,0.8042490800314893,1.0,0.8042490800314893,0.0,1.0,0.9999999999987567,0.5,0.2871494553476006,0.45141118481514697
ICEWS05-15,1243,3425,167,44,10392,0,0,5244.5,0.0,0.0,0.0,0.0,0.0,0.0,0.0,0.13079885792039397,0.013540413295886884
ICEWS05-15,1244,3425,167,3915,4680,4680,1,1.0,1.2766861599469128,23.0,0.9803906099397734,0.561905501238563,0.7904315963571792,0.3990869376812659,0.676168548797871,0.4598975267917675,0.5100175254868479
ICEWS05-15,1245,3425,148,1208,4679,4679,1,1.0,1.396490182268013,3.0,0.8705505632961241,0.3766153358255053,1.0,0.9999999999992839,0.6883076679127527,0.34658939336652,0.6363343657624307
ICEWS05-15,1246,3425,243,3972,4684,4684,1,1.0,1.6775662940682454,15.0,0.9803906099397734,0.2589151911121039,0.7410848088878961,0.4709351895992173,0.5,0.4492257476627069,0.38526084742631833
ICEWS05-15,1247,3425,137,1252,7527,1677,0,5260.5,0.3447468626089596,48.0,0.7578582832551991,0.5320112121313131,0.4679887878686869,0.11912299160537823,0.5,0.421480174300376,0.26130941916631173
ICEWS05-15,1248,3425,137,2487,2609,5742,0,9.0,0.1973062027842446,2.0,0.46191979762002533,0.392767834325941,0.607232165674059,0.14901288930817977,0.5,0.2302091243505874,0.14149269632468767
ICEWS05-15,1249,3425,137,3915,4680,4680,1,1.0,3.84417219655834,55.0,0.9803906099397734,0.5959584153341297,0.9366643334106438,0.6666382961726237,0.7663113743723868,0.5749952622006913,0.6998989108560499
ICEWS05-15,1250,3425,137,609,1677,1677,1,1.0,1.506490737677301,24.0,0.9803906099397734,0.5661819063451687,0.4338180936548312,0.20236222941231857,0.5,0.46833673421732835,0.30521037834175324
ICEWS05-15,1251,3425,111,1929,1677,4680,0,6.0,0.11296080542750192,61.0,0.22199074391114454,0.15993975897263946,0.8400602410273605,0.1209821153975624,0.5,0.31218486452786853,0.17994055064594675
ICEWS05-15,1252,3425,111,1605,10015,1414,0,11.0,0.24596244185213922,1.0,0.9423178739918808,0.0,1.0,0.15009852234221527,0.5,0.3011044129320331,0.21050824678987204
ICEWS05-15,1253,3425,224,90,9962,4680,0,5245.0,0.27602237841845306,1.0,0.27602237841845306,0.0,1.0,0.9999999999963772,0.5,0.18872199812760815,0.32129526699047567
ICEWS05-15,1254,3425,224,1159,10015,10015,1,1.0,1.5814861623762864,8.0,0.5100008047105996,0.5575387589541945,0.7723464016832381,0.4661095677203728,0.6649425803187163,0.3153676881008861,0.3591784978746684
ICEWS05-15,1255,3425,224,105,7317,4680,0,5245.0,0.20508383900190946,1.0,0.20508383900190946,0.0,1.0,0.9999999999951239,0.5,0.17769057827932566,0.3053240795133765
ICEWS05-15,1256,3425,224,3923,1677,1677,1,1.0,1.0453471936764354,93.0,0.9238395952400507,0.7773016349858941,0.2226983650141059,0.0707940993788922,0.5,0.5135290403117868,0.298423487412766
ICEWS05-15,1257,3425,38,1203,1677,3926,0,5245.5,0.1045832468238922,1.0,0.10459292292411289,0.0,1.0,0.9998149931108623,0.5,0.16293782336610826,0.2834267221339101
ICEWS05-15,1258,3425,105,1851,10120,10120,1,1.0,2.1935384001159743,23.0,0.9238395952400507,0.3705694060360486,0.8840493305995755,0.6252796934697593,0.627309368317812,0.47180664505768594,0.542578740437786
ICEWS05-15,1259,3425,105,3763,7515,1677,0,5268.0,0.2953373116397433,34.0,0.6729500963161781,0.3825782892298839,0.6174217107701161,0.08714245975268085,0.5,0.3838507643730795,0.22763589926408195
ICEWS05-15,1260,3425,116,3861,10310,5827,0,5253.0,1.0273731775446668,25.0,0.5100008047105996,0.3014004151797094,0.8715201363589757,0.5511279851424896,0.5864602757693426,0.3524436627333668,0.3841161361977921
ICEWS05-15,1261,3425,161,2406,1726,4668,0,5247.5,0.9033729164208137,1.0,1.0,0.0,1.0,0.8237740339875149,0.5,0.3281903308869518,0.43672669468897646
ICEWS05-15,1262,3425,133,3378,5802,1677,0,31.0,1.6421122644695723,30.0,0.8879629756445782,0.6438535861321097,0.7089392386870752,0.4910045820148726,0.6763964124095925,0.46212882896352564,0.5283072350505281
ICEWS05-15,1263,3425,133,3226,1677,1677,1,1.0,0.157412221472766,25.0,0.7578582832551991,0.05016836140627445,0.9498316385937255,0.10943855121272157,0.5,0.383872181256269,0.2473571981018739
ICEWS05-15,1264,3425,133,1560,213,1677,0,5262.5,1.2604166559669794,18.0,0.8534795977333005,0.30903175780916836,0.6909682421908316,0.3470391175879754,0.5,0.4180807412284962,0.31937585199135327
ICEWS05-15,1265,3425,191,334,4680,4680,1,1.0,0.13801118920922653,1.0,0.13801118920922653,0.0,1.0,0.9999999999927541,0.5,0.16773132101474134,0.29064128042092574
ICEWS05-15,1266,3425,125,3442,4853,4853,1,1.0,1.5530177169819157,28.0,0.9803906099397734,0.4655993358752164,0.9662948335623275,0.733904159745283,0.7159470847187719,0.4775420377678954,0.6715192645960879
ICEWS05-15,1267,3425,125,1306,10120,10120,1,1.0,0.04177160403453606,2.0,0.9803906099397734,2.0674495448957941e-10,0.999999999793255,0.02176727186814885,0.5,0.3225565874686694,0.19821916749550503
ICEWS05-15,1268,3425,138,528,10120,10120,1,1.0,0.17503487241295065,2.0,0.17503487241295065,0.2631192606167937,0.7368807393832063,0.5833817616088952,0.5,0.18598033277039458,0.1919540335680254
ICEWS05-15,1269,3425,175,1259,3106,2607,0,5244.0,1.0,1.0,1.0,0.0,1.0,0.9999999999989999,0.5,0.3305286386634707,0.5024767778727223
ICEWS05-15,1270,3425,170,597,4680,4680,1,1.0,0.017330542773731805,3.0,0.9238395952400507,0.003852670697823468,0.9961473293021765,0.004740369175799622,0.5,0.32396491170063685,0.1930236213963474
ICEWS05-15,1271,3425,6,412,4680,4680,1,1.0,0.9803906099397734,2.0,0.9803906099397734,0.33774869729843904,0.662251302701561,0.49504911052324846,0.5,0.34542419406833913,0.3238470292327436
ICEWS05-15,1272,3425,225,1701,4680,7288,0,4.0,0.40207447071911334,1.0,0.40212454001574466,0.0,1.0,0.999751007169663,0.5,0.20961229481805302,0.35064189649542854
ICEWS05-15,1273,3425,126,3075,1677,6241,0,5246.0,0.7884779776149878,1.0,0.7884782461155736,0.0,1.0,0.999999318938739,0.5,0.28380562423881006,0.4473267331110635
ICEWS05-15,1274,3425,18,2509,9568,9568,1,1.0,0.00025908521077474915,1.0,0.00025908521077474915,0.0,1.0,0.999999996140266,0.5,0.14868164645984264,0.26183626220774586
ICEWS05-15,1275,3425,32,1774,5737,1939,0,5245.0,6.546117604280976e-07,1.0,6.546117604280976e-07,0.0,1.0,0.9999984723793051,0.5,0.1486476481642036,0.26178354350779237
ICEWS05-15,1276,9423,56,864,1677,4853,0,1.0,3.413338367182787,142.0,1.0,0.8266400971204462,0.4699117844324293,0.2068730683742037,0.6482759407764378,0.6164170353623583,0.48630932241953717
ICEWS05-15,1277,9423,56,655,2395,1677,0,7.0,1.4819391773096715,98.0,1.0,0.6828733959099338,0.31712660409006627,0.07386323450441395,0.5,0.5458453999457343,0.31953758674021665
ICEWS05-15,1278,9423,56,336,1677,1677,1,1.0,0.06459539982763118,56.0,0.9611657480580811,0.8286078821495804,0.17139211785041963,0.0038899854316162513,0.5,0.46856591072822273,0.2692425939366693
ICEWS05-15,1279,9423,56,302,4853,1677,0,1.0,1.208662987734682,51.0,0.9611657480580811,0.799951477761643,0.20004852223835698,0.06995330791399106,0.5,0.49493731140753455,0.28288990613102205
ICEWS05-15,1280,9423,56,1758,4853,1677,0,1.0,1.1667492244121327,242.0,1.0,0.7711006368193105,0.22889936318068946,0.06194178597749199,0.5,0.5846657093969324,0.3511057854536956
ICEWS05-15,1281,9423,56,2126,1677,4853,0,1.0,1.3775620778584776,292.0,1.0,0.759421396691346,0.45210896885751034,0.198618204643028,0.6057651827744281,0.5999325967333577,0.4915517706907417
ICEWS05-15,1282,9423,56,3453,3969,4853,0,5277.0,1.3692678815864818,374.0,0.7429971445684742,0.7867022105553676,0.5239786793879498,0.2446217168609178,0.6553404449716587,0.5543379165244389,0.49129458030850964
ICEWS05-15,1283,9423,56,648,1677;4853,1677,1,1.0,0.6618978119594434,94.0,0.9803906099397734,0.6374819020353959,0.3625180979646041,0.0434078656479454,0.5,0.5167376343419653,0.30738229054479166
ICEWS05-15,1284,9423,56,734,4853,4853,1,1.0,3.8048658662434107,116.0,0.9803906099397734,0.8226544220247991,0.43154693215067763,0.21031962182815944,0.6271006770877383,0.6120620776149115,0.4548016645116339
ICEWS05-15,1285,9423,56,1974,1677,1677,1,1.0,1.0878450395574095,254.0,0.9803906099397734,0.5351972232835098,0.4648027767164901,0.06849320351700983,0.5,0.5806435131101685,0.35699742935295165
ICEWS05-15,1286,9423,56,3956,1677,4853,0,1.0,6.47521579326539,447.0,1.0,0.6527378619282447,0.566760137523024,0.32153030968890844,0.6097489997256343,0.7416851336491954,0.5437242238037644
ICEWS05-15,1287,9423,56,2259,4853,1677,0,1.0,1.2804074386918636,272.0,1.0,0.6914430624824912,0.3085569375175088,0.18017944870767882,0.5,0.5937226719716912,0.3995810573148154
ICEWS05-15,1288,9423,56,3765,4853,1677,0,1.0,1.369847582729264,359.0,1.0,0.8045307323554134,0.19546926764458664,0.06727669025782507,0.5,0.6102842343326458,0.3679693018144783
ICEWS05-15,1289,9423,56,676,4853,4853,1,1.0,0.8231884982204267,104.0,0.9423178739918808,0.7282407846279819,0.271759215372018,0.03284176554950758,0.5,0.5176697515115718,0.29668126073431006
ICEWS05-15,1290,9423,56,20,4853,1677,0,1.0,1.0,2.0,1.0,0.0,1.0,0.36024015681514626,0.5,0.3500473340852649,0.292997783609937
ICEWS05-15,1291,9423,224,1403,4853,1677,0,1.0,2.168484738188814,52.0,1.0,0.6391852435912254,0.791321510087646,0.6426042832558392,0.7152533768394357,0.5312347621086835,0.6631593408961723
ICEWS05-15,1292,9423,224,536,4853;10120,4853,1,3.0,2.1964463054768535,31.0,0.7001394896518027,0.7183369206096802,0.7514251652974587,0.4543166172412198,0.7348810429535695,0.43563651912136375,0.5090798857244508
ICEWS05-15,1293,9423,224,476,4853,4853,1,1.0,0.5418878094017665,24.0,0.9238395952400507,0.43116068668170693,0.5688393133182931,0.20023428716238784,0.5,0.42920651729764425,0.2982458663284867
ICEWS05-15,1294,9423,224,2323,3425,10015,0,6.0,0.6944755535677739,11.0,0.30475341355111885,0.24329248517228963,0.7567075148277104,0.414645401942428,0.5,0.26865083868861045,0.2132256543606017
ICEWS05-15,1295,9423,224,688,10120,4853,0,3.0,0.22798901762125778,34.0,0.7284274237469965,0.5365411832886684,0.46345881671133166,0.07820026535521184,0.5,0.3943589812191997,0.23279189669448283
ICEWS05-15,1296,9423,111,853,1677,4853,0,1.0,2.3579171939182397,85.0,1.0,0.7685672215521768,0.5875304187310845,0.34573122406903584,0.6780488201416306,0.5620966837727187,0.5450186232947839
ICEWS05-15,1297,9423,111,3209,4853,1677,0,2.0,3.116092529000349,101.0,0.8879629756445782,0.6841890102717032,0.7696023903471176,0.6037142120265131,0.7268957003094104,0.565902569575541,0.6542334827887253
ICEWS05-15,1298,9423,111,527,4853,4853,1,1.0,4.372882147460782,49.0,0.9803906099397734,0.8032288095238974,0.898910422873863,0.7820035105371174,0.8510696161988802,0.5831891931800572,0.7759771696985897
ICEWS05-15,1299,9423,111,965,4853,1677,0,1.0,1.171673642836748,43.0,1.0,0.5688215362959311,0.7360826268560654,0.3379720299848503,0.6524520815759982,0.493994834345689,0.501032497550128
ICEWS05-15,1300,9423,111,2620,4853,1677,0,2.0,2.0210627471407365,77.0,0.9423178739918808,0.7522397972394668,0.6649241406841851,0.323984439267112,0.708581968961826,0.5344928393229944,0.5434699369980921
ICEWS05-15,1301,9423,111,1285,4853,4853,1,1.0,0.7340179187679992,95.0,0.7578582832551991,0.3329548795610572,0.6670451204389428,0.4771719859688678,0.5,0.46759326635707016,0.411162895605538
ICEWS05-15,1302,9423,111,3749,1677,1677,1,1.0,1.2131071771350799,130.0,0.820335356007638,0.4277604187713605,0.5722395812286395,0.193300741482158,0.5,0.5118595324023328,0.33577809225258143
ICEWS05-15,1303,9423,170,1406,1096,5496,0,5250.5,0.09463652428642025,1.0,0.15237670677555948,0.0,1.0,0.45039941633035363,0.5,0.16893618828592194,0.15374849127199644
ICEWS05-15,1304,9423,168,3217,4853,4853,1,1.0,2.6063333831928577,89.0,0.9057236642639067,0.6919767032321065,0.9189340570908363,0.795937740655232,0.8054553801614714,0.5495803712299935,0.7657588946040168
ICEWS05-15,1305,9423,168,3070,5379,4853,0,2.0,0.0345277727191351,81.0,0.8705505632961241,0.5910387764574965,0.4089612235425036,0.008176420815011614,0.5,0.4661867252260025,0.270078345963661
ICEWS05-15,1306,9423,168,2166,1677,1677,1,1.0,1.204769288614996,37.0,0.9803906099397734,0.5394219119464431,0.8536720893702794,0.394689475306642,0.6965470006583612,0.48248865836019333,0.5466830351974985
ICEWS05-15,1307,9423,168,1104,4853,1677,0,3.0,1.2191713917819438,20.0,0.9611657480580811,0.0011009505256909247,0.9988990494743091,0.47036082955043484,0.5,0.4468087248358116,0.4007266335204456
ICEWS05-15,1308,9423,105,1931,4853,4853,1,1.0,0.22283177392206088,89.0,0.7578582832551991,0.5933070260831671,0.4066929739168329,0.06359174581211095,0.5,0.45025123972560294,0.2657262223372175
ICEWS05-15,1309,9423,105,265,1677,4853,0,1.0,1.8060950102398672,23.0,1.0,0.7200672464991634,0.5326850268848261,0.33831646484498157,0.6263761366919948,0.47888268767130154,0.44577127709255093
ICEWS05-15,1310,9423,105,2268,1677,4853,0,1.0,2.1623289827196146,104.0,1.0,0.6497103690728057,0.7873670975322378,0.6095820625956246,0.7185387333025217,0.5673532031302289,0.6819097917433794
ICEWS05-15,1311,9423,105,601,4853,4853,1,1.0,1.3893737145696858,43.0,0.3865083343167451,0.8410140696711588,0.5842819175454252,0.4000734509531157,0.712647993608292,0.36108597362930617,0.40290548111638563
ICEWS05-15,1312,9423,125,560,1677,4853,0,2.0,0.953082764221473,75.0,0.836743383392903,0.775626583023121,0.2243734169768789,0.0711475895658739,0.5,0.4793718858058307,0.2720640926876465
ICEWS05-15,1313,9423,125,2567,1677,1677,1,1.0,1.9624680494963465,212.0,0.9803906099397734,0.7476666552658738,0.6313802063307351,0.3378828900640876,0.6895234307983045,0.5945090647220713,0.5890159465107624
ICEWS05-15,1314,9423,125,139,1677;4853,4853,1,1.0,1.420005409767052,14.0,0.8042490800314893,0.7014451503144495,0.29855484968555046,0.12949105998792007,0.5,0.39899541359071233,0.2266544407826323
ICEWS05-15,1315,9423,125,646,4853,4853,1,1.0,4.146985020293471,88.0,0.9238395952400507,0.7375223774915037,0.5657820536433518,0.3041819236513851,0.6516522155674278,0.5944073660238662,0.48343237099926106
ICEWS05-15,1316,9423,125,1491,6213,4853,0,3.0,3.2881766256042164,171.0,0.9611657480580811,0.8059112705800557,0.5240838578391633,0.3067489121588588,0.6649975642096095,0.6139975340427586,0.5366493262327408
ICEWS05-15,1317,9423,125,5,1677,0,0,5244.5,0.0,0.0,0.0,0.0,0.0,0.0,0.0,0.13079885792039397,0.013540413295886884
ICEWS05-15,1318,9423,125,318,8796,1677,0,5247.0,0.8691476018594635,30.0,1.0,0.7240951805298438,0.2759048194701562,0.06630345194874024,0.5,0.466978835961,0.27378352518074467
ICEWS05-15,1319,9423,133,2270,4853,4853,1,1.0,0.23607647142631105,98.0,0.9803906099397734,0.5146550907615604,0.4853449092384397,0.03040399992251928,0.5,0.5072917785188035,0.30917953977276197
ICEWS05-15,1320,9423,133,2126,1677,1677,1,1.0,0.35822998015366725,86.0,0.8705505632961241,0.6003099088656016,0.39969009113439835,0.06716780692842525,0.5,0.4781886305937663,0.2889605225003441
ICEWS05-15,1321,9423,133,3272,4853,4680,0,4.0,0.7356326405740707,3.0,0.6597539553864471,0.48037340893743996,0.9996782106257627,0.40784507978798473,0.7400258097816013,0.2885399113863075,0.40321594997730464
ICEWS05-15,1322,9423,133,3286,1677,1677,1,1.0,1.137143693891696,118.0,0.9803906099397734,0.5522029754516146,0.8151407561004461,0.3507987773513534,0.6836718657760303,0.5417409570290582,0.5716358357552935
ICEWS05-15,1323,9423,133,1496,9734,4853,0,9.0,1.8571120069536438,63.0,0.8879629756445782,0.691204967738748,0.5271353891678925,0.29587685472397257,0.6091701784533202,0.5068132873000306,0.4319360225933392
ICEWS05-15,1324,9423,152,1065,9950,2395,0,33.0,0.14689696662249485,3.0,0.6729500963161781,0.4851513039813091,0.5148486960186909,0.05953827381710537,0.5,0.2779374664570796,0.15833779669983186
ICEWS05-15,1325,9423,152,106,8796,409,0,3.0,0.11703041481252963,2.0,0.9611657480580811,0.3511631518546885,0.6488368481453115,0.04112528914506681,0.5,0.32045549248231425,0.19317723637155482
ICEWS05-15,1326,9423,152,1867,4702,1096,0,56.0,1.4828722499454532,24.0,0.5100008047105996,0.7823861260727989,0.4077628610270087,0.21206662741555185,0.5950744935499038,0.3619701161840023,0.2641754372502779
ICEWS05-15,1327,9423,152,1961,7379,5496,0,8.0,1.2410358508772306,25.0,0.7429971445684742,0.6839137203830119,0.5418172120160346,0.3586607600862821,0.6128654661995232,0.4089652964599378,0.38315552045515916
ICEWS05-15,1328,9423,152,3953,1677,9304,0,2.0,0.6631257615490107,3.0,0.7730166686334901,0.4094047090521531,0.5905952909478469,0.21300658983516926,0.5,0.30893410236457075,0.2087804781580331
ICEWS05-15,1329,9423,152,2473,6103,3378,0,5329.5,0.3316190533705696,2.0,0.9057236642639067,0.0,1.0,0.10185629206183178,0.5,0.31437921422438087,0.20416853705695764
ICEWS05-15,1330,9423,152,1614,1414,913,0,5.0,0.6342264732659653,5.0,1.0,0.23179496922248688,0.7682050307775131,0.1402639455439701,0.5,0.3751375552439547,0.24860967926833877
ICEWS05-15,1331,9423,152,1529,3096,1414,0,2.0,1.6167323712276125,12.0,0.7884782461155736,0.4211416563440552,0.5788583436559448,0.2547855022796511,0.5,0.39330112706572584,0.25870951309213736
ICEWS05-15,1332,9423,152,2785,3752,5496,0,4.0,2.383437904267347,40.0,1.0,0.23518643131471928,0.7648135686852807,0.4531687897346976,0.5,0.5233806037118781,0.4233925202688447
ICEWS05-15,1333,9423,152,3926,4179,9304,0,5354.0,0.8339616168130677,2.0,0.9611657480580811,0.0,1.0,0.28051128096042477,0.5,0.33779549392979114,0.26118422535803376
ICEWS05-15,1334,9423,152,755,10253,9950,0,5282.5,0.6887569710968791,2.0,0.9238395952400507,0.4752649511825976,0.5247350488174024,0.24317002751365133,0.5,0.32656741260888456,0.23375775847593344
ICEWS05-15,1335,9423,152,1032,8796,9954,0,3.0,0.21434504265923798,3.0,0.6597539553864471,0.0003626825740595807,0.9996373174259404,0.19386484899947168,0.5,0.2769588603224027,0.19336060047342069
ICEWS05-15,1336,9423,152,3809,6588,4853,0,5350.5,0.4402353581185068,34.0,0.8879629756445782,0.4133623042251243,0.5866376957748757,0.08008947914817938,0.5,0.43599773322952345,0.2670387744263277
ICEWS05-15,1337,9423,152,272,9276,9276,1,1.0,0.6983308664774721,2.0,0.9803906099397734,0.0,1.0,0.2192711775793653,0.5,0.33847084433304475,0.24792907701837466
ICEWS05-15,1338,9423,137,845,4853,4853,1,1.0,2.5339346710128208,105.0,0.6597539553864471,0.7516613158827558,0.440308626406381,0.14473545368197688,0.5959849711445684,0.49935316774441907,0.32921725568308213
ICEWS05-15,1339,9423,137,334,4853,1677,0,1.0,1.1629789761988212,30.0,1.0,0.8433650026642419,0.28906095306836593,0.10020878096654172,0.5662129778663039,0.47499946419736216,0.32554533534690144
ICEWS05-15,1340,9423,137,705,1677,4853,0,1.0,4.517536537609795,77.0,1.0,0.7485024222518286,0.5174463470142233,0.2779341638735543,0.632974384633026,0.6142797121381086,0.47089234737033053
ICEWS05-15,1341,9423,137,207,4853,4853,1,1.0,1.262574049676454,22.0,0.9611657480580811,0.7417202914089003,0.2582797085910997,0.09368268820500959,0.5,0.4528141951210735,0.26147386907580833
ICEWS05-15,1342,9423,137,160,10392,4853,0,3.0,2.7401077974532377,15.0,0.9611657480580811,0.7758976117891753,0.44793078414275145,0.26998118239122715,0.6119141979659634,0.4737076172749087,0.3765881295363403
ICEWS05-15,1343,9423,137,2235,1677,4853,0,1.0,3.554054628934601,252.0,1.0,0.755227104463922,0.7393371182536993,0.47998683215282484,0.7472821113588106,0.64843212538029,0.6873577270191871
ICEWS05-15,1344,9423,137,841,6598,4853,0,3.0,3.8252686821618234,105.0,0.7141434062641757,0.7516613158827558,0.440308626406381,0.21408245665798015,0.5959849711445684,0.5472251025160747,0.36137946966206047
ICEWS05-15,1345,9423,137,1531,4853,4853,1,1.0,2.423264962663386,195.0,0.9611657480580811,0.7874293562396592,0.3377294574174705,0.13553679924484258,0.5625794068285648,0.5980638991311987,0.40060397889411303
ICEWS05-15,1346,9423,137,6,4853,4853,1,2.0,0.0,1.0,0.9611657480580811,0.0,0.0,0.0,0.0,0.2991256552767141,0.041473083187532636
ICEWS05-15,1347,9423,137,803,3425,4853,0,5.0,3.803273864609599,94.0,1.0,0.7856941968483426,0.49674200023385606,0.2687659058697136,0.6412180985410993,0.6057239850018598,0.48483345906779285
ICEWS05-15,1348,9423,137,1165,4853,1677,0,2.0,2.2442855149504917,105.0,0.6864101813026526,0.5751987003047911,0.7159269276596953,0.5482468330382967,0.6455628139822432,0.49761671013979014,0.5274698129914518
ICEWS05-15,1349,9423,137,1605,9962,4853,0,8.0,0.6510242424202142,202.0,0.7730166686334901,0.8631526443138847,0.1368473556861153,0.05802105098089749,0.5,0.5089512364323746,0.28975413959571883
ICEWS05-15,1350,9423,137,1513,4853,4853,1,1.0,2.2221935434658793,191.0,0.9803906099397734,0.8149320377957383,0.2850538314908137,0.1277975461083191,0.549992934643276,0.5960010573324902,0.39206277466826533
ICEWS05-15,1351,9423,172,1749,1096,4802,0,10.0,0.44527315546424734,1.0,0.7884782461155736,0.0,1.0,0.3934609099537971,0.5,0.2762253905264498,0.24578719740095104
ICEWS05-15,1352,9423,172,1961,4853,5496,0,2.0,0.5158963572523103,10.0,0.7730166686334901,0.001516644145194701,0.9984833558548053,0.49966459110537986,0.5,0.35336744773689494,0.33942536372150534
ICEWS05-15,1353,9423,172,2891,6598,913,0,22.0,0.1355535164560756,1.0,0.7884782461155736,0.0,1.0,0.0940427616247231,0.5,0.2694932477199063,0.17248457189619568
ICEWS05-15,1354,9423,172,3450,6598,1677,0,26.0,0.008645448499218222,53.0,0.9238395952400507,0.3488553761893125,0.6511446238106875,0.003056072346042883,0.5,0.4555333209444037,0.2700723852783373
ICEWS05-15,1355,9423,172,1112,4853,1677,0,5.0,1.2684745199605336,32.0,0.4805828740290406,0.38476898083361366,0.8361303330222566,0.6948799195600763,0.6104496569279352,0.36398216293334307,0.45552598269601663
ICEWS05-15,1356,9423,64,3961,4853,4853,1,1.0,0.3835316990263108,40.0,0.7284274237469965,0.39492702229777765,0.6050729777022223,0.18947299782573063,0.5,0.4065975229013618,0.27246905259319076
ICEWS05-15,1357,9423,6,237,4853,4853,1,1.0,0.2528865311866915,4.0,0.11099537195557226,0.5256237945856519,1.0,0.7822708381018145,0.762811897292826,0.19500627599849063,0.4272460839335958
ICEWS05-15,1358,9423,59,250,4853,4853,1,1.0,7.619669444087176,36.0,0.9238395952400507,0.7502979039505808,1.0,0.9999999999998688,0.8751489519752904,0.6397832459535375,0.8159785739266259
ICEWS05-15,1359,9423,59,3799,4853,4853,1,1.0,5.035203645324356,180.0,0.6729500963161781,0.6456941216842447,0.9328307160204385,0.8396088041222733,0.7892624188523416,0.5983216197224679,0.7401138966659497
ICEWS05-15,1360,9423,59,303,4853,4853,1,1.0,2.3540816528934965,38.0,0.597554769985219,0.8199959303578354,0.6383731912769365,0.46648641059412177,0.7291845608173859,0.42688211539876814,0.4874248903559118
ICEWS05-15,1361,9423,59,3351,4853,4853,1,1.0,1.479519108401563,152.0,0.5,0.5198043092650697,0.7644782669040914,0.3184346044807801,0.6421412880845805,0.4531508999945247,0.41088670984380377
ICEWS05-15,1362,9423,41,3912,2238,7964,0,2.0,0.012214425878090629,7.0,0.9803906099397734,0.01994457153116913,0.9800554284688309,0.00614262647290418,0.5,0.369370583641876,0.22394074670952577
ICEWS05-15,1363,9423,209,345,4853,4853,1,1.0,0.8534795977333005,2.0,0.8534795977333005,0.03812239013122165,0.9618776098687783,0.9265551143214915,0.5,0.31623423550855345,0.4540920778881013
ICEWS05-15,1364,9423,174,3867,4853,4853,1,1.0,0.00037986611548848116,32.0,0.005690839248023409,0.06257365203593401,0.937426347964066,0.03229729783226879,0.5,0.24256805316828237,0.1209712354605387
ICEWS05-15,1365,9423,184,362,6428,1769,0,5246.0,0.018864053443882124,2.0,0.01115849072287775,0.0,1.0,0.7574937546769152,0.5,0.16167181842136527,0.21138201678216478
ICEWS05-15,1366,9423,171,375,4680,4853,0,5245.5,0.007251269897134406,4.0,0.003906250000000001,0.5738370735744889,0.8045798266837095,0.654392363372553,0.6892084501290991,0.17591167602531493,0.30168969684690505
ICEWS05-15,1367,9423,167,1853,1677,1421,0,2.0,0.11526723574954789,1.0,0.9611657480580811,0.0,1.0,0.06378701536939194,0.5,0.30177990154586515,0.19309384866891477
ICEWS05-15,1368,9423,167,1880,1677,1677,1,1.0,0.5666050826275609,50.0,0.6341329040632923,0.4386672512115284,0.5613327487884716,0.3347190404731134,0.5,0.4015850642251256,0.3034566398721554
ICEWS05-15,1369,9423,198,2947,4684,10392,0,5244.0,1.0,1.0,1.0,0.0,1.0,0.9999999999989999,0.5,0.3305286386634707,0.5024767778727223
ICEWS05-15,1370,9423,180,262,1677,1677,1,1.0,0.5597886436537192,4.0,0.9803906099397734,0.3062954496326956,0.6937045503673044,0.24695673422179812,0.5,0.35991503790139445,0.2676421192509591
ICEWS05-15,1371,9423,180,425,1677,4853,0,2.0,1.2054683657097163,14.0,0.9423178739918808,0.3134177097755577,0.9854345899764578,0.7830339842664393,0.6494261498760078,0.4243924615329667,0.6071562341213023
ICEWS05-15,1372,9423,191,1302,4853,4853,1,1.0,6.4859112658740905,17.0,0.9423178739918808,0.40162747157855294,0.9999994560627117,0.8972186252220224,0.7008134638206323,0.5775811784267062,0.6715580407837975
ICEWS05-15,1373,9423,202,1293,4853,3413,0,1.0,0.07615485876889394,1.0,1.0,0.0,1.0,0.039584713518116835,0.5,0.30852806938340144,0.1939275209361003
ICEWS05-15,1374,9423,110,124,1677,4853,0,5244.0,1.0,1.0,1.0,0.0,1.0,0.9999999999989999,0.5,0.3305286386634707,0.5024767778727223
ICEWS05-15,1375,9423,119,1584,913,1677,0,5245.5,0.012420565015635763,3.0,0.015625000000000007,3.057154529528816e-11,0.9999999999694285,0.6596355665828442,0.5,0.17069752238985844,0.19676830522505956
ICEWS05-15,1376,9423,96,3601,6428,7964,0,5246.0,0.004220180898642887,1.0,0.004228277311479598,0.0,1.0,0.9961776680426812,0.5,0.1492045145453071,0.261524778945733
ICEWS05-15,1377,9221,180,3673,4680,4680,1,1.0,0.6796224778349917,1.0,0.9611657480580811,0.0,1.0,0.546887861789602,0.5,0.31496535095273354,0.3296081160181443
ICEWS05-15,1378,9221,167,1777,8477,1677,0,5245.5,1.3144437060971688e-09,3.0,4.4757767955683315e-10,0.0,1.0,0.9960123505708195,0.5,0.16845983838872558,0.2858670128385383
ICEWS05-15,1379,9221,137,417,874;8950,4853,0,5243.5,1.0,1.0,1.0,0.0,1.0,0.9999999999989999,0.5,0.3305286386634707,0.5024767778727223
ICEWS05-15,1380,9221,172,3372,6354,6354,1,1.0,1.609970422450563,10.0,0.9803906099397734,0.5489400712522372,0.8670779740018943,0.588206834526924,0.7080090226270658,0.42761974706274,0.5698958583139968
ICEWS05-15,1381,6241,152,1716,1136,1096,0,7.0,0.9922237914165344,40.0,0.5858370854182298,0.7125082034221795,0.5003477017584862,0.3218077813354362,0.6064279525903329,0.39079873829444567,0.34631116112599386
ICEWS05-15,1382,6241,152,1475,1421,1133,0,5275.0,0.218301190229514,2.0,0.6597539553864471,0.0,1.0,0.0921307116195852,0.5,0.26485882531151517,0.16319964577232374
ICEWS05-15,1383,6241,152,2375,10113,1459,0,5286.5,0.5265938749048252,16.0,0.8042490800314893,0.14311204909757147,0.8568879509024285,0.3899119676242223,0.5,0.38208964647772065,0.32420019463110505
ICEWS05-15,1384,6241,152,933,9832,4867,0,2.0,1.0791285554769745,20.0,0.8879629756445782,0.5905998912111575,0.6795564197778462,0.33114849994686,0.6350781554945019,0.42629421598172484,0.42114805301627406
ICEWS05-15,1385,6241,152,3238,1414,1414,1,1.0,1.652593080472483,33.0,0.8042490800314893,0.5596499379771855,0.9220126113749292,0.8262228298249937,0.7408312746760574,0.44802343189877814,0.6823724074554325
ICEWS05-15,1386,6241,152,3276,1734,1414,0,4.0,0.7168707438309041,34.0,0.836743383392903,0.5070038084977465,0.4929961915022535,0.2677236450241505,0.5,0.4317432059406879,0.310904611000929
ICEWS05-15,1387,6241,152,1892,1096,1459,0,2.0,0.043945828484292404,2.0,0.9611657480580811,0.16740370173026453,0.8325962982697355,0.01940303980957341,0.5,0.3187143696437591,0.19148586929521724
ICEWS05-15,1388,6241,172,3771,6004,4680,0,5256.0,0.25000000000012546,5.0,0.8879629756445782,0.2196908030847753,0.7803091969152247,0.12340036408581675,0.5,0.3415225604830243,0.22388791446623393
ICEWS05-15,1389,6241,180,3693,5739,4456,0,5248.5,0.07422315172849205,2.0,0.0455267139841873,0.0,1.0,0.6995703066840769,0.5,0.1668918719382595,0.20288545716262144
ICEWS05-15,1390,6241,19,3637,1784,0,0,5244.5,0.0,0.0,0.0,0.0,0.0,0.0,0.0,0.13079885792039397,0.013540413295886884
ICEWS05-15,1391,9419,172,1173,5554,537,0,5249.5,0.2998605103481973,1.0,1.0,0.0,1.0,0.17637406352430168,0.5,0.31378111761004823,0.2276209790534517
ICEWS05-15,1392,9419,41,3162,6195,6195,1,1.0,16.695251955847475,925.0,0.9611657480580811,0.8185221601712618,0.8506039211245873,0.7157077273686799,0.8345630406479245,0.9083830818263253,0.8039541119797331
ICEWS05-15,1393,9419,41,979,6195,6195,1,1.0,14.356564796462559,234.0,0.9803906099397734,0.7398804045861761,0.985500254314494,0.9712991717835103,0.862690329450335,0.8534089540003285,0.8457523347172059
ICEWS05-15,1394,9419,41,128,6195,6195,1,1.0,8.305297044876472,21.0,0.9803906099397734,0.7455760492650148,0.9166138588073004,0.8350416216783672,0.8310949540361576,0.6435081725361841,0.7412850735524694
ICEWS05-15,1395,9419,41,2078,1741,6195,0,5258.0,11.059592142006139,574.0,0.9238395952400507,0.7928082312016415,0.9394490957186326,0.8708791317793643,0.8661286634601371,0.8234223755894143,0.8469149191361341
ICEWS05-15,1396,9419,41,1558,10304,6195,0,5256.5,18.35683949691319,422.0,0.9803906099397734,0.8619003780987954,0.9705701719234657,0.9416239965991795,0.9162352750111306,0.9110012962041557,0.8655213938118212
ICEWS05-15,1397,9419,41,658,6195,6195,1,1.0,12.057027640675374,142.0,0.7429971445684742,0.8337636536415322,0.9325652425728381,0.8569805160144944,0.8831644481071852,0.7653732575144553,0.7819665288048013
ICEWS05-15,1398,9419,41,519,6195,6195,1,1.0,10.349017142189842,105.0,0.836743383392903,0.7876052577744754,0.9347603023634119,0.8447400167600679,0.8611827800689437,0.7346216908621443,0.7797163051336009
ICEWS05-15,1399,9419,41,3231,6195,6195,1,1.0,14.671762105583516,945.0,0.9803906099397734,0.8772834077844079,0.9508713891302575,0.8966514109284811,0.9140773984573327,0.8903987723897939,0.8797708552944457
ICEWS05-15,1400,9419,41,2595,7963,6195,0,2.0,12.237065125910274,721.0,0.9611657480580811,0.8515851046768798,0.8342413071385675,0.687314828535997,0.8429132059077236,0.8522359979915071,0.8045769899995845
ICEWS05-15,1401,9419,41,2512,6195,6195,1,1.0,16.977608408493527,699.0,0.9803906099397734,0.8392093044032257,0.9587158302209189,0.9141807221628647,0.8989625673120722,0.9074468326070331,0.867737880895043
ICEWS05-15,1402,9419,41,1654,6195,6195,1,1.0,22.058585231100455,464.0,0.9803906099397734,0.8621299886968358,0.977184528953799,0.9486056064751405,0.9196572588253173,0.9400139242643398,0.8633506851489411
ICEWS05-15,1403,9419,41,1774,6195,6195,1,1.0,12.293954293691323,499.0,0.9803906099397734,0.7767342025540752,0.8293058698697413,0.7069236524551572,0.8030200362119082,0.8452149285031183,0.7818322725672415
ICEWS05-15,1404,9419,41,2824,6195,6195,1,1.0,20.42384371520429,810.0,0.9803906099397734,0.7923778188981161,0.960791911085296,0.9199959612051538,0.8765848649917061,0.9365519303246139,0.8577052433696284
ICEWS05-15,1405,9419,41,3571,6195,6195,1,1.0,11.15756257488854,1040.0,0.9423178739918808,0.8371883996013803,0.8885746326053126,0.7878711627011978,0.8628815161033464,0.8448717872889348,0.8451287606118075
ICEWS05-15,1406,9419,41,3032,6195,6195,1,1.0,15.738269286395148,877.0,0.9803906099397734,0.8707316223554371,0.889076375807657,0.7865539319736959,0.879903999081547,0.8998596376477688,0.8434624186786915
ICEWS05-15,1407,9419,41,2054,7963,6195,0,2.0,10.55754113381775,568.0,0.9803906099397734,0.8467731572087692,0.9333802135526434,0.8517214351357059,0.8900766853807063,0.8227427755515783,0.8604387305948171
ICEWS05-15,1408,9419,41,3316,6195,6195,1,1.0,16.748505323131127,970.0,0.9803906099397734,0.8089022910730527,0.956699374593625,0.915005754627281,0.8828008328333388,0.9111646693316071,0.8695680697082918
ICEWS05-15,1409,9419,41,3172,6195,6195,1,1.0,18.140780825930115,930.0,0.9611657480580811,0.8270287233785846,0.8824375266776634,0.7692975815380233,0.854733125028124,0.9208224551243752,0.8227098923496728
ICEWS05-15,1410,9419,41,997,6195,6195,1,1.0,16.434647505867293,242.0,0.9803906099397734,0.8324381130212688,0.9568968934438578,0.9136982119690875,0.8946675032325633,0.8804230776871992,0.8431088774084573
ICEWS05-15,1411,9419,56,3008,1677,1677,1,1.0,4.064663758717057,56.0,0.9803906099397734,0.37011090471369334,0.9124834654063869,0.5064720734559608,0.6412971850600402,0.5818115185779046,0.5563820438070699
ICEWS05-15,1412,9419,56,2986,1677,1677,1,1.0,0.7840906746414376,50.0,0.7578582832551991,0.07342874365634255,0.994423731874742,0.920571782664007,0.5339262377655423,0.43536712189123594,0.5822165624717454
ICEWS05-15,1413,9419,56,3839,1677,1677,1,1.0,0.7174724056933552,84.0,0.9803906099397734,0.587820468764788,0.412179531235212,0.14770716422596997,0.5,0.5122996666346181,0.3383403224127285
ICEWS05-15,1414,9419,152,1637,5073,5448,0,5281.5,0.314236676171051,2.0,0.597554769985219,0.4900991917739813,0.5099008082260187,0.1548290955550922,0.5,0.2557467232275653,0.15937133423936653
ICEWS05-15,1415,9419,152,179,47,4063,0,5249.0,0.17966464399236204,1.0,1.0,0.0,1.0,0.09869865099269624,0.5,0.3109526365602197,0.20798517832929794
ICEWS05-15,1416,9419,152,3614,9308,9308,1,1.0,0.12563893800549975,8.0,0.5100008047105996,0.06345130527742593,0.9365486947225741,0.062498223929619186,0.5,0.281983811295232,0.16212387655734947
ICEWS05-15,1417,9419,152,1966,1317,7379,0,5287.5,0.08540477788792955,1.0,0.6597539553864471,0.0,1.0,0.0692039227614709,0.5,0.2455683430882947,0.14911756488182742
ICEWS05-15,1418,9419,152,1518,8995,1459,0,5278.5,0.041193309947997636,1.0,0.7141434062641757,0.0,1.0,0.029697572565467064,0.5,0.2541392361856642,0.1489722637468579
ICEWS05-15,1419,9419,152,1979,3425,5927,0,47.0,0.2942587491090566,2.0,0.8042490800314893,1.3022895552938785e-05,0.9999869771044471,0.22389684600843002,0.5,0.2935553678697572,0.2169504777272132
ICEWS05-15,1420,9419,184,326,5799,0,0,5244.5,0.0,0.0,0.0,0.0,0.0,0.0,0.0,0.13079885792039397,0.013540413295886884
ICEWS05-15,1421,9419,125,956,5554,10120,0,5248.0,0.06466234081385716,1.0,0.19325416715837251,0.0,1.0,0.20091081485864776,0.5,0.17386806976766675,0.11526972834344729
ICEWS05-15,1422,9419,137,2949,213,213,1,1.0,0.20540183650170785,1.0,0.9423178739918808,0.0,1.0,0.12231877589960205,0.5,0.30017009719375126,0.20372962469900066
ICEWS05-15,1423,9419,167,1691,537,3425,0,4.0,0.00012641947340449693,1.0,0.00044224788294136086,0.0,1.0,0.16676352300169672,0.5,0.14870136639935833,0.09167792548858279
ICEWS05-15,1424,9419,116,3349,9308,9308,1,1.0,0.5743306754403293,1.0,0.5743491774985175,0.0,1.0,0.9999355741649585,0.5,0.24081049733580867,0.39276930059639953
ICEWS05-15,1425,9419,105,3979,537,1677,0,8.0,0.6693650963249951,22.0,0.8534795977333005,0.0022051816623468445,0.9977948183376532,0.6427756695092164,0.5,0.41230756405220653,0.44235760092902204
ICEWS05-15,1426,9419,133,767,1677,1677,1,1.0,0.053860691419631734,2.0,0.3364750481580891,0.02972647054229538,0.9702735294577046,0.08419591364638379,0.5,0.20759282181488273,0.12017691671836297
ICEWS05-15,1427,9419,224,2803,10120,537,0,13.0,0.13912366185214292,8.0,0.4267397988666503,3.963496197911809e-14,0.9999999999999604,0.19475398028341798,0.5,0.26686458253838524,0.17880550133658651
ICEWS05-15,1428,9419,180,838,9568,4680,0,5248.5,0.1002826322796253,7.0,0.6216979445974911,0.3976690907574728,0.6023309092425272,0.051059770888527305,0.5,0.2975868027201089,0.16796985549516058
ICEWS05-15,1429,9419,243,3771,1759,1740,0,5246.5,0.999999999950321,1.0,1.0,0.0,1.0,0.9999999998996417,0.5,0.33052863866226634,0.5024767778354415
ICEWS05-15,1430,9419,140,3889,9424,1677,0,5245.0,1.853253798152771e-23,1.0,1.853253798152771e-23,0.0,1.0,1.8532537981184256e-11,0.5,0.148647562053741,0.07273787579269567
ICEWS05-15,1431,9568,105,761,1677,1677,1,1.0,0.44343224393730596,2.0,0.8534795977333005,0.00020832563380246416,0.9997916743661975,0.3508492274270876,0.5,0.30660146017464224,0.2607552492059696
ICEWS05-15,1432,9568,105,3092,9424,9424,1,1.0,0.8220163979924997,21.0,0.5858370854182298,0.6846976751491278,0.6184195523479454,0.2840398714720662,0.6515586137485366,0.35523110189219215,0.34189252085689265
ICEWS05-15,1433,9568,105,1076,3124,1677,0,2.0,0.09694116195477642,7.0,0.9057236642639067,0.12334922609124477,0.8766507739087552,0.04922405291375782,0.5,0.35547289343559435,0.2192314979373697
ICEWS05-15,1434,9568,152,240,2993,4954,0,5252.5,0.8822212134102725,6.0,0.5858370854182298,0.3919806302819746,0.6080193697180254,0.3045279362134254,0.5,0.30256044095010404,0.21555246240839676
ICEWS05-15,1435,9568,152,2571,3631,4098,0,6.0,0.12875999865168775,5.0,1.0,5.557776461273534e-13,0.9999999999994442,0.06880998619031503,0.5,0.36224886818309954,0.2350842171572511
ICEWS05-15,1436,9568,152,748,1165,1165,1,1.0,4.38286200446445,10.0,0.9611657480580811,0.3775510896893316,0.9452443250753132,0.6992445662435655,0.6613977073823224,0.4985865649237726,0.5632093713334924
ICEWS05-15,1437,9568,152,3040,9149,3931,0,5302.5,0.1894648511356587,7.0,0.6216979445974911,6.763986998281624e-07,0.9999993236013002,0.08335649914589151,0.5,0.2996331771813154,0.1812588188399669
ICEWS05-15,1438,9568,152,954,2303,213,0,4.0,0.4255161212183296,46.0,0.597554769985219,0.3139811453291679,0.6860188546708321,0.14068922534119474,0.5,0.38559789205312467,0.23845183418517932
ICEWS05-15,1439,9568,152,2704,9424,9424,1,1.0,0.2917089233318627,7.0,0.410167678003819,0.4482001590469994,0.5517998409530006,0.2441191369534758,0.5,0.26220400513853653,0.1762190008347919
ICEWS05-15,1440,9568,152,527,4698,9962,0,5263.0,2.1539739647212346,9.0,0.9611657480580811,0.5358755678591502,0.4641244321408497,0.22353433242831525,0.5,0.4328362925352373,0.27173216835915076
ICEWS05-15,1441,9568,243,2933,9424,9424,1,1.0,1.9376180930114761,47.0,0.8705505632961241,0.6087048602626843,0.8928283609293497,0.7713548324287356,0.750766610596017,0.48954685387671676,0.6979940261751985
ICEWS05-15,1442,9568,243,2176,1776,4536,0,2.0,0.9999706675491926,1.0,1.0,0.0,1.0,0.9999413368181201,0.5,0.3305279275589788,0.5024547665884888
ICEWS05-15,1443,9568,137,926,1677,1677,1,1.5,0.0,1.0,0.9238395952400507,0.0,0.0,0.0,0.0,0.29189995160481275,0.03992537625622461
ICEWS05-15,1444,9568,137,1765,213,3425,0,2.0,0.019308865577516203,2.0,0.020213018210359285,0.46539803861923645,0.5346019613807635,0.34290247336006224,0.5,0.16282287841876697,0.12078367722940145
ICEWS05-15,1445,9568,116,1272,2615,1784,0,5247.0,0.021566394741499243,1.0,0.03187505029441248,0.0,1.0,0.5112494103539084,0.5,0.15274332115370787,0.14924270239124954
ICEWS05-15,1446,9568,56,1346,4821,5554,0,5260.5,0.12773528043775273,1.0,0.6597539553864471,0.0,1.0,0.10718091453545528,0.5,0.24642854794911406,0.15644748159903119
ICEWS05-15,1447,9568,56,2926,9424,9424,1,1.0,2.810188632188477,26.0,0.6864101813026526,0.6754755386195377,0.9156438631706875,0.7941058658893314,0.7955597008951125,0.44007527733402924,0.6669897863580564
ICEWS05-15,1448,9568,56,3552,3124,3124,1,1.0,1.564507926787686,29.0,0.9803906099397734,0.4677533189376153,0.9730178950084145,0.5424754976763474,0.7203856069730149,0.479670638013269,0.6097848453601107
ICEWS05-15,1449,9568,133,288,3106,3106,1,1.0,0.4260431780245528,1.0,0.8879629756445782,0.0,1.0,0.3156149455807037,0.5,0.29465968571968804,0.24366587071828374
ICEWS05-15,1450,9568,133,335,3124,3106,0,6.0,1.1483534988289257,2.0,0.9803906099397734,0.2631192606167937,1.0,0.7592082458900324,0.6315596303083968,0.3495966816080559,0.5233244328283769
ICEWS05-15,1451,9568,168,2842,9962,4665,0,2.0,0.6667655933647013,2.0,0.7284274237469965,2.7755575615628914e-15,0.9999999999999972,0.8439117351351082,0.5,0.2874351574171017,0.39306377358003625
ICEWS05-15,1452,9568,41,1971,2241,2241,1,1.0,0.07175122396989927,12.0,0.13530487396734708,0.001313128792506002,0.998686871207494,0.3601709855736066,0.5,0.22968252091015168,0.18004000181396543
ICEWS05-15,1453,9568,41,811,1776,1776,1,1.0,0.7187735616588442,12.0,0.6729500963161781,0.5442704560118607,0.7748037943352438,0.3216689193298246,0.6595371251735522,0.34541278064581155,0.36380909807462936
ICEWS05-15,1454,9568,41,956,326,1776,0,5248.0,0.040688139002604234,12.0,0.03809417669388987,0.5442704560118607,0.7748037943352438,0.32166891932742564,0.6595371251735522,0.21350876811637987,0.22746969211126883
ICEWS05-15,1455,9568,125,1829,3124,1677,0,2.0,0.40248921186042164,3.0,0.40212454001574466,0.0009231939215158524,0.9999961888244397,0.999965664213556,0.5004596913729777,0.23531251925803937,0.3805229590206608
ICEWS05-15,1456,9568,125,2894,9424,9424,1,1.0,1.8489514278647208,24.0,0.8879629756445782,0.520005440856325,0.9999052765991752,0.998927669825066,0.7599553587277501,0.4562989308696616,0.7541694750864705
ICEWS05-15,1457,9568,189,48,213,213,1,1.0,1.61924578325711,4.0,0.9057236642639067,0.3905016018007097,1.0,0.5362584878699151,0.6952508009003548,0.3707283858294277,0.48889702933641666
ICEWS05-15,1458,9568,189,2145,7914,7942,0,5256.0,0.015240492391842969,1.0,0.16170414568287425,0.0,1.0,0.04945517488374579,0.5,0.1689326875812755,0.09118541488882484
ICEWS05-15,1459,9568,189,30,213,213,1,1.0,1.0191142330052778,3.0,0.6864101813026526,0.0,1.0,0.33755404875505374,0.5,0.30013801550452646,0.23224451413268363
ICEWS05-15,1460,9568,224,347,3124,9569,0,2.0,0.4046761465325553,4.0,0.25,0.3946533919748326,0.9968180610545361,0.4637823323665785,0.6957357265146844,0.2189299080150781,0.3035849682999384
ICEWS05-15,1461,9568,224,843,213,213,1,1.0,2.126899335845276,4.0,0.8534795977333005,0.32579813262223245,0.9825453743152857,0.736691230414502,0.654171753468759,0.3723713006804598,0.5172786987839674
ICEWS05-15,1462,9568,6,948,1776,3124,0,5246.5,0.09015543317706996,1.0,0.09473228540689989,0.0,1.0,0.9078261610321128,0.5,0.16147694271844806,0.25415832443484027
ICEWS05-15,1463,9568,6,2965,9424,9424,1,1.0,2.8274985510567245,52.0,0.8534795977333005,0.7201551734717074,0.9385405616732048,0.8641064364996655,0.8293478675724562,0.5152586673359192,0.76946686528904
ICEWS05-15,1464,9568,180,838,944,213,0,5252.5,0.7150003250876307,8.0,0.9423178739918808,0.6328648069682439,0.3671351930317562,0.16182497126200218,0.5,0.3850746349965419,0.24844600105387812
ICEWS05-15,1465,9568,172,3417,6357,2241,0,13.0,0.18894529083122513,4.0,0.8705505632961241,0.0,1.0,0.12173087680881178,0.5,0.3277230498461822,0.21893787671180293
ICEWS05-15,1466,9568,172,361,213,3633,0,5247.0,0.45677861785259705,9.0,0.4711589369959404,0.16226132434866292,0.8377386756513371,0.6837425043420707,0.5,0.28661433754046717,0.3222426116442463
ICEWS05-15,1467,9568,104,1220,1776,1776,1,1.0,0.9058445377120043,4.0,0.9057236642639067,0.00013343736162674258,0.9999999999394487,0.9999999998729004,0.5000667186505376,0.352686277416546,0.5198823238645692
ICEWS05-15,1468,9568,202,161,3106,9962,0,5245.0,0.26010082080545915,1.0,0.26010082080545915,0.0,1.0,0.9999999999961554,0.5,0.186201181782411,0.31767233374218906
ICEWS05-15,1469,9568,185,2850,1762,772,0,5246.0,0.8367433833912555,1.0,0.836743383392903,0.0,1.0,0.9999999999948671,0.5,0.2941126818377241,0.4598463537897021
ICEWS05-15,1470,9568,59,1657,3633,1096,0,5249.0,0.8393978503055709,1.0,0.9057236642639067,0.0,1.0,0.863534078367967,0.5,0.3076652113520286,0.42711898663599385
ICEWS05-15,1471,9568,167,100,3124,0,0,5244.5,0.0,0.0,0.0,0.0,0.0,0.0,0.0,0.13079885792039397,0.013540413295886884
ICEWS05-15,1472,9568,48,1325,1776,1776,1,1.0,0.9842318247595342,3.0,0.9803906099397734,0.0039027541308158664,1.0,0.999999999998984,0.5019513770654079,0.3596021211939281,0.5305570162343692
ICEWS05-15,1473,9568,64,683,213,213,1,1.0,0.5609280915678467,2.0,0.9803906099397734,0.19685014424031888,0.8031498557596811,0.2982968263048106,0.5,0.33510846241993,0.26687040171774123
ICEWS05-15,1474,9568,143,1065,6828,1776,0,5245.0,0.10053113500393618,1.0,0.10053113500393618,0.0,1.0,0.9999999999900527,0.5,0.1623629468546732,0.2826206774493747
ICEWS05-15,1475,9568,139,2587,1776,1776,1,1.0,0.9611657480580811,1.0,0.9611657480580811,0.0,1.0,0.9999999999989596,0.5,0.32165827452506307,0.4923161816292328
ICEWS05-15,1476,5078,171,3876,1741,1741,1,1.0,0.0002228840317636573,3.0,0.000230058074705049,0.006494602094296531,0.9935053979057035,0.9277560017071381,0.5,0.16849322908399686,0.2652202258426599
ICEWS05-15,1477,5078,172,3552,9962,871,0,2.0,0.5560185121777109,1.0,1.0,0.0,1.0,0.3850593078003193,0.5,0.319855310250006,0.2868084665055733
ICEWS05-15,1478,5078,19,3487,9962,5073,0,5245.0,0.0006770262065207298,2.0,0.0003418649851815442,0.0,1.0,0.9999999985229523,0.5,0.16004516839582164,0.27648535764812054
ICEWS05-15,1479,5078,111,3335,3447,1677,0,5245.0,0.23557946849797018,1.0,0.23557946849797018,0.0,1.0,0.9999999999957552,0.5,0.1823697102996316,0.3121355629832155
ICEWS05-15,1480,6431,172,747,9734,9734,1,1.0,0.4650980825837726,19.0,0.35707170313208786,0.46258400628841967,0.753524152979954,0.5384647070175465,0.6080540796341869,0.2955880673290528,0.3449120055757617
ICEWS05-15,1481,6431,172,58,3093,2976,0,5245.5,0.09477182589459088,1.0,0.646816582731497,0.0,1.0,0.07905153228865501,0.5,0.24353537461102165,0.14924066472041173
ICEWS05-15,1482,6431,172,384,9734,9734,1,1.0,0.6443463274054315,10.0,0.6341329040632923,0.5719286501385736,0.7723473391753164,0.2779274431307589,0.672137994656945,0.327537378534756,0.34119158856778536
ICEWS05-15,1483,6431,168,2207,8280,1779,0,5.0,0.35838700149064295,29.0,0.597554769985219,0.28369155884359,0.71630844115641,0.2735691619859893,0.5,0.36135228835613703,0.2614134237243649
ICEWS05-15,1484,6431,56,2309,9734,1421,0,2.0,3.577985161484776e-07,6.0,0.9803906099397734,3.6777816914135286e-07,0.9999996322218309,1.8247749734666759e-07,0.5,0.362415413210474,0.21854333189745717
ICEWS05-15,1485,6431,41,1084,1779,1779,1,1.0,0.038094174918922266,2.0,0.03809417669388987,9.587395233268126e-08,0.9999999041260477,0.9999997150374987,0.5,0.16538602740318345,0.2844598372265789
ICEWS05-15,1486,6431,161,1880,73,73,1,1.0,0.9777618985810372,1.0,0.9803906099397734,0.0,1.0,0.9946517605457416,0.5,0.3259706927126978,0.4953390522685559
ICEWS05-15,1487,9223,172,3890,19,4680,0,5249.5,3.8536884880555976e-08,21.0,3.8553272648542914e-08,5.374865996721212e-09,0.999999994625134,0.9991243097814878,0.5,0.22601541046346837,0.3547945129059133
ICEWS05-15,1488,9223,167,418,4680,4680,1,1.0,3.7527528106424963,7.0,0.8534795977333005,0.6154458588032602,1.0,0.9999999999997335,0.8077229294016302,0.4395161765827608,0.7292710308570687
ICEWS05-15,1489,4560,245,429,1779,1779,1,1.0,1.8282241006347317,35.0,0.8705505632961241,0.7917560451017983,0.5584473720599679,0.27985956508296683,0.675101708580883,0.4711556728149398,0.4452148067587522
ICEWS05-15,1490,4560,245,2225,1779,1779,1,1.0,5.569843281996945,240.0,0.9803906099397734,0.7575033561958023,0.7495023646332479,0.5414045595444541,0.7535028604145251,0.690902851025367,0.6983104899908448
ICEWS05-15,1491,4560,245,1112,9734,1779,0,3.0,5.316013743614668,145.0,0.9423178739918808,0.8144475782687608,0.911213681611083,0.821910805302847,0.8628306299399219,0.6533134278589022,0.8147051691053218
ICEWS05-15,1492,4560,245,741,1779,1779,1,1.0,6.913188732621581,75.0,0.9423178739918808,0.833433890985116,0.7677004063053875,0.5545973456475649,0.8005671486452517,0.6611876616452956,0.6747254994628705
ICEWS05-15,1493,4560,245,2904,1779,1779,1,1.0,3.96654132301462,294.0,0.9803906099397734,0.5432630603916613,0.9460072158776598,0.8908002622114134,0.7446351381346605,0.6619625081915675,0.805949456618864
ICEWS05-15,1494,4560,250,684,1779,1779,1,1.0,0.3228675982572202,31.0,0.9803906099397734,0.6129989338558772,0.3870010661441228,0.06806187329493031,0.5,0.44928703400304004,0.2755116126721493
ICEWS05-15,1495,4560,250,987,1779,1779,1,1.0,2.236492461372894,62.0,0.9057236642639067,0.6535773211025444,0.5394814054232742,0.3129541598717227,0.5965293632629093,0.5204777606068997,0.4317510460559789
ICEWS05-15,1496,4560,250,1209,2976,1779,0,6.0,0.740352227497257,72.0,0.4711589369959404,0.5617261095281919,0.7542142793140538,0.5251790413057582,0.6579701944211229,0.38830119373180094,0.4608510426728676
ICEWS05-15,1497,4560,250,2076,1779,1779,1,1.0,0.16079413551882582,116.0,0.10668494971666255,0.4829172622464192,0.8057295936176428,0.6384581740309724,0.644323427932031,0.31957983026321085,0.42243327493840654
ICEWS05-15,1498,4560,53,2020,9734,9734,1,1.0,1.2411242255818098,81.0,0.8042490800314893,0.5082138286268205,0.9739287158856769,0.6115109943393149,0.7410712722562487,0.4837754636530965,0.6491451803440664
ICEWS05-15,1499,4560,53,274,9734,9734,1,1.0,0.5973181247902704,9.0,0.35006974482590136,0.413930817939239,1.0,0.9999999999983259,0.7069654089696196,0.26715844109644316,0.5605238824026154
ICEWS05-15,1500,4560,235,3144,1779,9734,0,2.0,0.05948401121963809,16.0,0.030036429626815044,2.48857758122778e-06,1.0,0.9999999999831888,0.5000012442887907,0.22238867370169269,0.35136683003906927
ICEWS05-15,1501,4775,243,966,719,719,1,1.0,2.4521727275491956,67.0,0.9803906099397734,0.6608143396909802,0.46639045001887125,0.2794156727127939,0.5636023948549258,0.5477042667057788,0.41518678366361333
ICEWS05-15,1502,4775,243,2913,1662,1662,1,1.0,0.10136137700327663,123.0,0.5520447568369061,0.01031534833970782,0.9896846516602922,0.05055821125873608,0.5,0.41687527629548876,0.24450002475123137
ICEWS05-15,1503,4775,243,3751,1662,1662,1,1.0,1.1549842609084788,172.0,0.9803906099397734,0.5243519255665452,0.674645763986339,0.3892306441204623,0.5994988447764421,0.5620680187279644,0.5364375411332167
ICEWS05-15,1504,4775,243,3859,1662,1662,1,1.0,0.27906902716235527,174.0,0.7578582832551991,0.4566863942462511,0.5433136057537489,0.11115211735143252,0.5,0.4872850786381941,0.3082980310477084
ICEWS05-15,1505,4775,243,3426,1662,1662,1,1.0,1.7725608573479035,142.0,0.9057236642639067,0.5602718469315049,0.8936999185072219,0.7552743089764904,0.7269858827193634,0.5515512533032043,0.7275750985793756
ICEWS05-15,1506,4775,243,345,1662,1662,1,1.0,4.483433694923163,31.0,0.9803906099397734,0.7182978687554336,0.6899349930476919,0.4578420158934019,0.7041164309015627,0.5627355488490053,0.5509205497420026
ICEWS05-15,1507,4775,243,1404,10330,1662,0,2.0,1.6448563012527277,84.0,0.4267397988666503,0.48951607387937557,0.817506202558322,0.6372708153667652,0.6535111382188488,0.4099853021661794,0.49316061362443214
ICEWS05-15,1508,4775,243,511,1977,719,0,7.0,0.28110837038509584,25.0,0.5412194958693883,0.5972141316665975,0.4027858683334025,0.08336521745770917,0.5,0.3405050836933519,0.1906358755392989
ICEWS05-15,1509,4775,250,1183,1662,1662,1,1.0,0.4917314843515115,77.0,0.6095068271022377,0.2368448750501525,0.7631551249498475,0.18619807468599067,0.5,0.41609153272166477,0.2730506821493885
ICEWS05-15,1510,4775,250,4,719,719,1,1.0,0.03732615281803042,1.0,0.9611657480580811,0.0,1.0,0.01980161645202675,0.5,0.2999836953231076,0.18314550312524294
ICEWS05-15,1511,4775,250,1473,2792,1977,0,5254.0,0.09035626442835487,10.0,0.9803906099397734,0.03955012074830333,0.9604498792516967,0.022859620226456625,0.5,0.38744730460297927,0.2381918521407476
ICEWS05-15,1512,4775,250,1208,1662,719,0,2.0,0.5708368664827604,51.0,0.8705505632961241,0.429341241728588,0.570658758271412,0.23015755946801994,0.5,0.4565119058706953,0.3245416103405301
ICEWS05-15,1513,4775,172,3364,326,4680,0,27.0,0.5721199651248917,6.0,0.7578582832551991,1.4472169222012887e-05,0.999985527830778,0.6063042876360284,0.5,0.3297872973538897,0.3532656757288324
ICEWS05-15,1514,4775,172,304,10475,280,0,5247.0,0.3838740850776074,1.0,0.5,0.0,1.0,0.6230448610903458,0.5,0.224741775832093,0.25344954840333245
ICEWS05-15,1515,4775,161,166,7940,0,0,5244.5,0.0,0.0,0.0,0.0,0.0,0.0,0.0,0.13079885792039397,0.013540413295886884
ICEWS05-15,1516,4775,41,284,1662,1662,1,1.0,0.572303269059878,9.0,0.6095068271022377,0.5417798491909327,0.4582201508090673,0.2740890001666567,0.5,0.3163538745730825,0.22110975570929525
ICEWS05-15,1517,4775,41,1108,2231,719,0,10.0,0.40949928101149446,3.0,0.8534795977333005,1.3721463046900695e-06,0.9999986278536953,0.315615563312473,0.5,0.31906501542653576,0.26079064576898997
ICEWS05-15,1518,4775,56,691,6407,5737,0,5245.5,0.027455242918845497,1.0,0.02944743356224628,0.0,1.0,0.8732688004916047,0.5,0.1525347911408997,0.23199863981621718
ICEWS05-15,1519,4775,54,1481,4680,9235,0,5245.5,0.07771009507000025,1.0,0.0777122430746864,0.0,1.0,0.9999447205297168,0.5,0.15916285759869617,0.2777870383309826
ICEWS05-15,1520,5186,168,285,7522,9423,0,5245.0,0.030637206560617913,1.0,0.030637206560617913,0.0,1.0,0.99999999996736,0.5,0.1527229676571262,0.2680278026501224
ICEWS05-15,1521,5186,224,3781,4680,1677,0,2.0,0.035974234176305145,25.0,0.054409410206007765,0.00011731604730835787,0.9998826839526916,0.49376256803993107,0.5,0.2422133647447134,0.21881690598274614
ICEWS05-15,1522,5186,137,3547,4680,4680,1,1.0,1.4639199004627008,23.0,0.9803906099397734,0.3302983579010129,0.9999999999980023,0.9999978606532551,0.6651491789495076,0.4649967935114557,0.7179421391525744
ICEWS05-15,1523,5186,105,1535,10120,4680,0,5251.5,0.22735552202667353,11.0,0.5,0.4692371946183316,0.5307628053816684,0.13723188019560234,0.5,0.2950262163854353,0.17726437652642993
ICEWS05-15,1524,5186,105,2391,4680,1677,0,4.0,0.5772354570340383,41.0,0.4439814878222891,0.09615771318289901,0.903842286817101,0.4218440181870652,0.5,0.3506544654112085,0.2893512279272989
ICEWS05-15,1525,5186,152,1773,3918,2609,0,5272.5,1.4613962252237649,21.0,0.6216979445974911,0.35985310938174087,0.8371655485647155,0.6126841684521489,0.5985093289732282,0.3792512817657243,0.43397307283400827
ICEWS05-15,1526,5186,152,678,2089,3931,0,5258.0,0.10655885407065058,1.0,0.9611657480580811,0.0,1.0,0.05868513028731988,0.5,0.3015789079751732,0.19191838620123225
ICEWS05-15,1527,5186,152,186,4702,4136,0,5247.0,0.3005588768550158,2.0,0.646816582731497,0.0,1.0,0.13291184165039932,0.5,0.26427153265195824,0.16965070931569745
ICEWS05-15,1528,5186,133,1550,1677,1677,1,1.0,0.03670407662904232,17.0,0.05127095975047738,0.09254859117658154,0.9074514088234185,0.4810758236916847,0.5,0.2275335769879091,0.20214004768729024
ICEWS05-15,1529,5186,41,454,1760,1760,1,1.0,0.44899875522771093,3.0,0.43527528164806206,0.04135369457195892,0.9989663756512254,0.977986510085344,0.5201600351115921,0.24183772029461253,0.39486742644350703
ICEWS05-15,1530,5186,56,2908,4680,1677,0,3.0,0.7559353976434985,63.0,0.7730166686334901,0.3845092112435736,0.6154907887564264,0.4305029663976154,0.5,0.45009771614389416,0.3789445480864904
ICEWS05-15,1531,5186,56,655,1677,1677,1,1.0,1.8017761228887128,16.0,0.6864101813026526,0.6275604018438468,0.9877649411855767,0.9562322159019507,0.8076626715147117,0.3892277549122852,0.7139163247585831
ICEWS05-15,1532,5186,125,2147,4680,9423,0,4.0,1.282907087020395,5.0,0.5,0.27321593900239016,0.9994567748192159,0.8896961775543252,0.636336356910803,0.28820497033321846,0.4798561428593415
ICEWS05-15,1533,9832,218,424,4684,4684,1,1.0,0.4243938315386315,4.0,0.26010082080545915,0.3871239365980681,1.0,0.9999999999976438,0.693561968299034,0.22091186868250803,0.4957330175493771
ICEWS05-15,1534,9832,172,412,9395,4680,0,5255.5,2.4311483405848384,14.0,1.0,0.7232430491440269,0.7770011070699606,0.5069741276207956,0.7501220781069937,0.47082168273894476,0.5842600375761746
ICEWS05-15,1535,9832,172,3996,9816,4684,0,5277.5,1.0432038527793164,39.0,0.646816582731497,0.4481883566599768,0.9999999999999999,0.5659876273133991,0.7240941783299883,0.40444878873784934,0.5504898923432003
ICEWS05-15,1536,9832,172,355,4684,4680,0,2.0,0.7208646516473824,10.0,0.4183716916964515,0.5610465074076734,0.43895349259232663,0.16913585993371308,0.5,0.2866732739184995,0.1669283273848964
ICEWS05-15,1537,9832,172,18,4421,4684,0,5245.5,0.047318687374147905,1.0,0.820335356007638,0.0,1.0,0.02969757256546985,0.5,0.2734401270968945,0.1638319811994531
ICEWS05-15,1538,9832,56,704,2088,7837,0,5268.5,2.060011594078621,15.0,0.7284274237469965,0.48720127838744587,0.5127987216125541,0.3271462293854207,0.5,0.4022259567626136,0.27218984119470824
ICEWS05-15,1539,9832,56,907,5428,2907,0,21.0,0.2981158601081071,4.0,1.0,0.4792091799903233,0.5207908200096767,0.08416127306365115,0.5,0.35751489570476497,0.22324498347494354
ICEWS05-15,1540,9832,56,671,530,1149,0,14.0,0.63424981089044,13.0,0.6597539553864471,0.40857091196672235,0.5914290880332777,0.16953070007410254,0.5,0.34413943257872537,0.2162317963640555
ICEWS05-15,1541,9832,56,1012,5737,9298,0,2.0,0.2816609337149062,4.0,0.5630865404461788,0.4630322894002026,0.5369677105997974,0.13097409542346133,0.5,0.2700728522824631,0.1627080638661058
ICEWS05-15,1542,9832,111,2580,6968,4804,0,5257.5,0.0007459625132611936,1.0,0.000850147034468872,0.0,1.0,0.7816596947281093,0.5,0.14875798338962476,0.20339215452721027
ICEWS05-15,1543,9832,111,429,9276,530,0,5248.0,0.34627216408068723,2.0,0.7141434062641757,0.11711599987779364,0.8828840001222064,0.27233804440905157,0.5,0.27762584810536844,0.21078818752860753
ICEWS05-15,1544,9832,168,608,1784,4680,0,2.0,0.31621336449423176,5.0,0.5743491774985175,0.03641896617249063,0.9635810338275094,0.16169416426630343,0.5,0.2807205622164511,0.18260197547846174
ICEWS05-15,1545,9832,161,749,1784,6201,0,5245.5,0.02276215933846753,1.0,0.02276335699209365,0.0,1.0,0.9998947790418301,0.5,0.1516668954137827,0.26638309132631893
ICEWS05-15,1546,9832,167,868,4684;7334,3425,0,2627.75,1.3766628807029235,7.0,0.9238395952400507,0.48021093171828144,0.9999907907333044,0.6320742294208453,0.7401008612257929,0.39221329812460826,0.5852106309744584
ICEWS05-15,1547,9832,167,639,7837,6241,0,5253.5,1.8561203220172042,6.0,0.7284274237469965,0.3827972513140544,0.6172027486859456,0.4031847317336447,0.5,0.35529548626414176,0.26784873582039603
ICEWS05-15,1548,9832,137,616,5737,6241,0,1.0,1.9961862330201754,6.0,1.0,0.4002291167704217,0.5997708832295783,0.2619529438368249,0.5,0.4187363420748165,0.28204760491783276
ICEWS05-15,1549,9832,137,618,10253,6241,0,5259.0,1.9186658339240799,7.0,0.9803906099397734,0.5051941693248436,0.4948058306751563,0.20663591075609442,0.5,0.41920180803084467,0.26410208415013015
ICEWS05-15,1550,9832,180,349,4684,1414,0,8.0,0.1769894280064559,1.0,0.836743383392903,0.0,1.0,0.11826912311832295,0.5,0.27933270962360635,0.1852840899989239
ICEWS05-15,1551,9832,59,305,5739,4680,0,2.0,1.3575572262233015,4.0,0.8879629756445782,0.6045624640090308,0.7263172777766056,0.43324222576505944,0.6654398708928182,0.3602500649233595,0.41698818562047624
ICEWS05-15,1552,9832,170,912,6241,4680,0,11.0,0.12522413219339218,4.0,0.17160254532566316,0.3717845340154582,0.6282154659845418,0.15688821778556564,0.5,0.20174382368290186,0.11897191517335895
ICEWS05-15,1553,9832,105,188,7655,0,0,5244.5,0.0,0.0,0.0,0.0,0.0,0.0,0.0,0.13079885792039397,0.013540413295886884
ICEWS05-15,1554,9832,200,950,1784,0,0,5244.5,0.0,0.0,0.0,0.0,0.0,0.0,0.0,0.13079885792039397,0.013540413295886884
ICEWS05-15,1555,9832,113,627,1784,3509,0,2.0,0.008244298896950487,2.0,0.030036429626815044,0.22655606910497894,0.7734439308950211,0.11875112921530269,0.5,0.16390569771357663,0.09232065217129932
ICEWS05-15,1556,9832,169,432,3920,1748,0,5246.0,0.0027654598126008803,1.0,0.01307411536551412,0.0,1.0,0.11826912311334427,0.5,0.15023137411379733,0.08681945677349072
ICEWS05-15,1557,732,245,1627,1779,1779,1,1.0,4.711411090390541,131.0,0.9423178739918808,0.4506475089977784,0.8193041294174982,0.572576489730015,0.6349758192076382,0.633155098034208,0.598762606232907
ICEWS05-15,1558,732,245,1578,1779,9415,0,2.0,0.38470334378474735,4.0,0.9423178739918808,0.2715654809740238,0.7284345190259762,0.05868682441468821,0.5,0.3474383070970359,0.2100784083975292
ICEWS05-15,1559,732,245,1661,10151,1779,0,4.0,4.27044661215435,136.0,0.9423178739918808,0.7380026270608658,0.7098892318330997,0.4463750751658352,0.7239459294469828,0.6237367087212646,0.6174333697269463
ICEWS05-15,1560,732,245,193,1779,1779,1,1.0,1.1313559083678606,25.0,0.4528618321319533,0.7983084191689773,0.5100024481289378,0.30213828800486564,0.6541554336489576,0.3429768937017692,0.3213902014753163
ICEWS05-15,1561,732,250,776,1779,1779,1,1.0,7.077972687698547,119.0,0.7884782461155736,0.8356806711846407,0.9544848715426018,0.8782811085711537,0.8950827713636212,0.6551049590732296,0.8086122332131536
ICEWS05-15,1562,732,250,850,10151,1779,0,3.0,3.458965090479359,124.0,0.9238395952400507,0.7977894926706628,0.7814391918916344,0.6091400944082479,0.7896143422811486,0.5937986453197915,0.7121496687024186
ICEWS05-15,1563,732,250,1731,10151,1779,0,7.0,1.7123139189923728,188.0,0.7429971445684742,0.7162007339694738,0.7435200371154391,0.4859335802608302,0.7298603855424565,0.5271831943207196,0.6099182450191293
ICEWS05-15,1564,732,250,1831,1779,1779,1,1.0,1.5121792023453497,192.0,0.9238395952400507,0.70131149988846,0.591519900917889,0.3235442251714045,0.6464157004031745,0.5645306070373861,0.5332055505177731
ICEWS05-15,1565,732,250,2551,1779,1779,1,1.0,3.4436221675797127,234.0,0.9238395952400507,0.5279387619198799,0.9401497965252265,0.857580821242985,0.7340442792225532,0.625604385913916,0.7768867144829521
ICEWS05-15,1566,732,250,796,1779,1779,1,1.0,4.763122401910016,119.0,0.5306065116666864,0.8356806711846406,0.9544848715426023,0.8782811085711009,0.8950827713636215,0.5369702215829237,0.7690673887692585
ICEWS05-15,1567,63,56,83,4867,4804,0,2.0,0.5621073632866884,2.0,0.8042490800314893,0.4851512137172558,0.5148487862827442,0.21939258726667643,0.5,0.299677594763132,0.20599169232170964
ICEWS05-15,1568,63,56,865,5737,3929,0,2.0,0.0394228209600771,2.0,0.5202016416109183,0.0,1.0,0.01950676431643379,0.5,0.2368130234521357,0.1312873133791771
ICEWS05-15,1569,63,56,599,3253,5737,0,28.0,0.25707721745654255,4.0,0.9803906099397734,0.04608191031378428,0.9539180896862157,0.06811608724592885,0.5,0.3523107591398245,0.22402763759359945
ICEWS05-15,1570,63,56,2377,5742,5737,0,5298.5,0.5565437943718217,18.0,0.7884782461155736,0.03755598789508363,0.9624440121049164,0.514390581360867,0.5,0.3850384648706233,0.37013731272194633
ICEWS05-15,1571,63,172,534,6241,4680,0,13.0,0.3627087566092674,8.0,0.4439814878222891,0.33453167961766006,0.6654683203823399,0.15909593898530755,0.5,0.2748684276243052,0.1678157365120731
ICEWS05-15,1572,63,172,1039,4684,1365,0,1.0,0.05003027629176082,3.0,1.0,0.010405531412005287,0.9895944685879947,0.025383199440349103,0.5,0.3404687355758949,0.21086940762476455
ICEWS05-15,1573,63,172,650,5540,3425,0,3.0,0.2558213826388407,6.0,0.9803906099397734,0.032535609939099874,0.9674643900609001,0.04544920030159463,0.5,0.3689163254401217,0.22912596321636972
ICEWS05-15,1574,63,111,1754,2609,1096,0,6.0,1.361685581173546,3.0,1.0,0.012160613972812429,0.9878393860271876,0.5375018609546579,0.5,0.3734361358330393,0.3617815422021834
ICEWS05-15,1575,63,111,514,9950,8774,0,5248.5,0.19194077563047482,1.0,0.4183716916964515,0.0,1.0,0.2976736962901615,0.5,0.2083042073423518,0.16044864216479937
ICEWS05-15,1576,63,167,619,3425,4680,0,5252.0,1.60468921864009,9.0,0.3170664520316462,0.6229103563385319,0.7428199062158648,0.5487623260753537,0.6828651312771983,0.28304409665929275,0.35671556994696996
ICEWS05-15,1577,63,137,432,9950,8370,0,5256.5,1.354733421980405,3.0,0.8042490800314893,0.34441385940863845,0.6555861405913616,0.4086042645916388,0.5,0.33174723397739836,0.2674838447840566
ICEWS05-15,1578,63,137,1633,1677,1677,1,1.0,0.27222960006267516,5.0,0.8879629756445782,7.149836278586008e-14,0.9999999999999285,0.1810402744147305,0.5,0.34207046337712593,0.2438416458459649
ICEWS05-15,1579,63,137,1144,39,8370,0,5264.0,1.755899907252001e-06,5.0,0.7578582832551991,1.169931374112032e-06,0.9999988300686259,5.849660292250046e-07,0.5,0.3089805738797503,0.17670639652659234
ICEWS05-15,1580,63,152,1749,3558,3393,0,5259.5,0.23534184725297014,1.0,0.3789291416275995,0.0,1.0,0.45040085064714763,0.5,0.20308876279287283,0.18739165519314932
ICEWS05-15,1581,63,168,1372,4684,5540,0,4.0,0.9550057617603032,1.0,0.9611657480580811,0.0,1.0,0.9872638841716054,0.5,0.321511038213094,0.4875384563260999
ICEWS05-15,1582,63,224,281,4804,0,0,5244.5,0.0,0.0,0.0,0.0,0.0,0.0,0.0,0.13079885792039397,0.013540413295886884
ICEWS05-15,1583,63,34,3143,7515,7515,1,1.0,0.9803906099397734,1.0,0.9803906099397734,0.0,1.0,0.99999999999898,0.5,0.3260339726748778,0.49734590524081324
ICEWS05-15,1584,7963,54,1903,9419,9419,1,1.0,2.4417480237123703,57.0,0.9611657480580811,0.6633606920932335,0.8816475979271523,0.7470291233524251,0.7725041450101928,0.5345110192277018,0.7287501242250483
ICEWS05-15,1585,7963,54,1800,9419,9419,1,1.0,0.48055834859647106,52.0,0.6341329040632923,0.5874602908762119,0.4125397091237882,0.18527697340977026,0.5,0.4013022746232572,0.2564019085549619
ICEWS05-15,1586,7963,41,927,6195,6195,1,1.0,13.913423945081444,188.0,0.9238395952400507,0.836469598890142,0.987084739748468,0.9729713151647051,0.9117771693193051,0.8339291767022325,0.8530543728364463
ICEWS05-15,1587,7963,41,2789,6195,6195,1,1.0,9.627727536986765,538.0,0.9057236642639067,0.8389442769517564,0.999898921572433,0.9997323902026698,0.9194215992620947,0.7944765736508674,0.8872688953679357
ICEWS05-15,1588,7963,41,4003,6195,6195,1,1.0,5.310011229393394,686.0,0.9803906099397734,0.8306925692891634,0.9318099979681292,0.8467327980832183,0.8812512836286464,0.7311671199431368,0.8699755800217817
ICEWS05-15,1589,7963,41,3961,6195,6195,1,1.0,7.588857740814934,682.0,0.9423178739918808,0.7551623702604371,0.996104879422244,0.9913358297048152,0.8756336248413406,0.7709285931386788,0.8841559512832369
ICEWS05-15,1590,7963,41,2188,6195,6195,1,1.0,8.404444633823296,428.0,0.8705505632961241,0.7691954776934243,0.9995389473975125,0.999052737639116,0.8843672125454685,0.7570252238239507,0.8694892253924069
ICEWS05-15,1591,7963,41,2692,6195,6195,1,1.0,7.710501190512549,518.0,0.9611657480580811,0.7766597630511993,0.9991391140203622,0.9977230548579378,0.8878994385357808,0.7659391170617285,0.8856422784923885
ICEWS05-15,1592,7963,41,790,6195,6195,1,1.0,10.12446861791503,150.0,0.8705505632961241,0.759711027201763,0.9942781377724619,0.9878041761386587,0.8769945824871124,0.7504337318239057,0.8373199512488493
ICEWS05-15,1593,7963,41,1129,6195,6195,1,1.0,4.225747804165646,223.0,0.9423178739918808,0.8087008861987977,0.8596370331603804,0.7511069475497797,0.834168959679589,0.647026471037098,0.7985970245772385
ICEWS05-15,1594,7963,41,3664,6195,6195,1,1.0,4.563741605930978,645.0,0.8534795977333005,0.763558773127847,0.9917087861082032,0.9825922183006135,0.8776337796180251,0.6873115696127148,0.8772983990567091
ICEWS05-15,1595,7963,41,997,6195,6195,1,1.0,10.804354593433702,206.0,0.7730166686334901,0.8258344520671461,0.9330722675598634,0.8612165898593991,0.8794533598135048,0.759944038228229,0.8008566556618446
ICEWS05-15,1596,7963,243,1423,6195,6195,1,1.0,1.3635194809974127,26.0,0.820335356007638,0.5962633099684371,0.8877609990757155,0.5049707088409355,0.7420121545220764,0.43172554270398916,0.5643883944140157
ICEWS05-15,1597,7963,243,1374,9419,9419,1,1.0,1.1619170194135227,23.0,0.820335356007638,0.5348924659391278,0.7719640693375692,0.4911740258394736,0.6534282676383485,0.4201485428787586,0.4850898138514007
ICEWS05-15,1598,7963,243,560,6195,9419,0,2.0,2.023220507059254,8.0,0.7284274237469965,0.23508591481774999,0.76491408518225,0.5769499125106481,0.5,0.3720030278493229,0.3355446879963931
ICEWS05-15,1599,7963,219,1469,6195,6195,1,1.0,0.09892401540686399,8.0,0.06127441312123586,0.3806024859714109,0.9999984099440892,0.9999633164925914,0.69030044795775,0.20508059491274902,0.4687405705050329
ICEWS05-15,1600,7963,176,3674,9419,9419,1,1.0,0.04182030326098598,46.0,0.03589682359365735,0.14164124134543588,1.0,0.9999999999760882,0.570820620672718,0.26305030388993345,0.44842055579392237
ICEWS05-15,1601,7963,161,1928,214,6195,0,5248.5,0.8419745260266227,116.0,0.7884782461155736,0.48368471153720694,0.5163152884627931,0.16171182451792923,0.5,0.48823255078332356,0.31325344628622487
ICEWS05-15,1602,7963,161,3867,9419,9419,1,1.0,2.8178963230155833,127.0,0.8534795977333005,0.6982642319086673,0.9973551947165191,0.9924839739727057,0.8478097133125932,0.5619589971416942,0.8352171159822875
ICEWS05-15,1603,7963,161,3575,6195,6195,1,1.0,2.4636395506370006,206.0,0.7730166686334901,0.6152986757515271,0.7411808392041795,0.5517826230088784,0.6782397574778534,0.5593637886700886,0.6053471782421066
ICEWS05-15,1604,7963,161,2564,9419,6195,0,2.0,4.237979783372969,155.0,0.9238395952400507,0.5624909454347764,0.820775005462602,0.623880458656589,0.6916329754486892,0.6254052047604772,0.6607328940563615
ICEWS05-15,1605,7963,250,2970,6195,6195,1,1.0,1.6521819917563705,93.0,0.646816582731497,0.64878354192545,0.9028325778885076,0.8134375143721996,0.7758080599069788,0.4658061327249698,0.7042824180487578
ICEWS05-15,1606,7963,250,2841,9419,6195,0,3.0,1.0337580252158056,88.0,0.4528618321319533,0.5622133728847666,0.9994262524616572,0.9986918784513248,0.7808198126732119,0.4020758263184902,0.7244797603023118
ICEWS05-15,1607,7963,221,2092,9419,9419,1,1.0,0.002730002815001768,5.0,0.0017689915317654421,0.35201842208932066,1.0,0.9999999996337,0.6760092110446603,0.18128372828539954,0.4245271071669599
ICEWS05-15,1608,7963,172,1995,9419,9419,1,1.0,1.0061318630086158,54.0,0.9611657480580811,0.48313625273388483,0.9668197735959773,0.37084338170857434,0.724978013164931,0.49239800580204723,0.574454984826333
ICEWS05-15,1609,7963,172,449,728,9419,0,5.0,0.42531829431347823,9.0,0.6095068271022377,0.40412271241092046,0.5958772875890795,0.2624728391568072,0.5,0.3128814737182028,0.2211614268038527
ICEWS05-15,1610,7963,168,1580,6195,2840,0,4.0,0.0983964218757974,1.0,0.20508383900190946,0.0,1.0,0.3156045335849615,0.5,0.17598912860837407,0.13552885843110798
ICEWS05-15,1611,7963,179,3172,6195,6195,1,1.0,0.016381071381505043,12.0,0.015318603280308962,0.06587900135612301,0.9998698688294407,0.9978219508082058,0.5328744350927819,0.20953251414957577,0.35853878583102633
ICEWS05-15,1612,6352,172,352,6801,82,0,5246.5,0.22403405338012333,6.0,0.11778973424898508,0.23569225605221966,0.7643077439477803,0.5980003146805098,0.5,0.20710262749754257,0.211101624638456
ICEWS05-15,1613,6352,168,2270,7957,6801,0,2.0,2.0536807086041e-05,1.0,2.0536807138555253e-05,0.0,1.0,0.9999999461927824,0.5,0.14865026357380237,0.26178799466380553
ICEWS05-15,1614,6352,243,465,82,6933,0,3.0,0.5308291452162411,2.0,0.8705505632961241,0.05992958360571432,0.9400704163942857,0.4017575579063179,0.5,0.3120383577732061,0.27783792181879924
ICEWS05-15,1615,6352,243,224,9089,82,0,5249.0,3.782030609671093,11.0,0.9803906099397734,0.5949573839779208,0.8237843357520184,0.6515245763856564,0.7093708598649695,0.49126578706307145,0.5886546560888952
ICEWS05-15,1616,6352,243,2444,3186,82,0,3.0,1.091505940893876,92.0,0.5100008047105996,0.5545254745576861,0.9865365151183295,0.9109616417938111,0.7705309948380078,0.41874337856419885,0.7047281725427784
ICEWS05-15,1617,6352,243,619,6191,82,0,11.0,1.0882821182190932,25.0,0.9611657480580811,0.7410368814627473,0.5126491076458018,0.1677035672672653,0.6268429945542746,0.45459891072888214,0.3795533587172006
ICEWS05-15,1618,6352,41,2363,6191,82,0,2.0,0.3474917853517527,11.0,0.39423912305778674,0.0002950997550845713,0.9997049002449154,0.7875717514491831,0.5,0.27762341705757915,0.3508962120244933
ICEWS05-15,1619,6352,0,908,1664,0,0,5244.5,0.0,0.0,0.0,0.0,0.0,0.0,0.0,0.13079885792039397,0.013540413295886884
ICEWS05-15,1620,6352,159,191,7957,7957,1,1.0,0.5630865404461788,1.0,0.5630865404461788,0.0,1.0,0.9999999999982241,0.5,0.2386770849007484,0.3899845384990242
ICEWS05-15,1621,6352,56,3849,6423,2965,0,3.0,0.9999999997271983,1.0,1.0,0.0,1.0,0.9999999994533967,0.5,0.3305286386568572,0.5024767776680039
ICEWS05-15,1622,6352,219,2473,7957,7957,1,1.0,0.961125480067147,2.0,0.9611657480580811,2.026908640928582e-10,0.9999999997973091,0.9999162132039026,0.5,0.3409189068093751,0.510882900207808
ICEWS05-15,1623,5809,168,2551,1768,1768,1,1.0,0.17943752961620618,17.0,0.09662708357918628,0.588866256723314,0.9421187138695378,0.6174421948480758,0.765492485296426,0.23785479761015632,0.42084238797977225
ICEWS05-15,1624,5809,172,2327,3623,3623,1,1.0,2.1017635340324103,25.0,0.9057236642639067,0.21619851049807404,0.9557230229055256,0.8804538592724439,0.5859607667017999,0.4693817982914219,0.6073939432768731
ICEWS05-15,1625,5809,125,1278,1768,0,0,5244.5,0.0,0.0,0.0,0.0,0.0,0.0,0.0,0.13079885792039397,0.013540413295886884
ICEWS05-15,1626,1136,56,3896,1096,1096,1,1.0,0.11745037611062359,203.0,0.3789291416275995,0.3225020343217382,0.6774979656782618,0.05598630871887555,0.5,0.40418571144147275,0.22304710261349486
ICEWS05-15,1627,1136,56,2083,1414,5737,0,2.0,1.8951223745620158,35.0,1.0,0.6953785050398729,0.3046214949601272,0.10880415478916577,0.5,0.5030494776799019,0.2897422868879741
ICEWS05-15,1628,1136,56,2221,530,1096,0,18.0,1.2143837035522005,81.0,1.0,0.23071885481266086,0.7692811451873391,0.30866617668288265,0.5,0.5285133336034165,0.4058797744420007
ICEWS05-15,1629,1136,56,1907,1096,1096,1,1.0,1.3742901657502506,47.0,0.9803906099397734,0.31359299365736115,0.6864070063426388,0.32088084408963446,0.5,0.4996509819590222,0.3790620771604089
ICEWS05-15,1630,1136,56,2251,1564,9832,0,5261.5,0.7871676797667186,12.0,0.9611657480580811,0.5647521382380508,0.4352478617619492,0.21688235026509364,0.5,0.4100493740390812,0.28296764310794054
ICEWS05-15,1631,1136,56,1870,2609,1096,0,5258.0,0.3353453487600848,45.0,0.17160254532566316,0.5870546768408158,0.41294532315918414,0.09992116678792734,0.5,0.2939166840698242,0.1533590037800154
ICEWS05-15,1632,1136,56,1896,2900,3096,0,5.0,0.5770518314555704,8.0,0.9057236642639067,0.49911773435060414,0.5008822656493959,0.18985331948260203,0.5,0.37350582761988144,0.252323615787896
ICEWS05-15,1633,1136,56,1802,9682,1096,0,5257.0,4.065464519413775,45.0,0.6597539553864471,0.5870546768408159,0.6378851743909026,0.40145219392056075,0.6124699256158592,0.49653933594151584,0.39423967783446273
ICEWS05-15,1634,1136,125,2083,5737,5737,1,1.0,4.713672648924753,8.0,0.9611657480580811,0.7040806944735303,0.9999936146151868,0.8071570495187664,0.8520371545443586,0.49688740757893124,0.7219738583324598
ICEWS05-15,1635,1136,167,3001,6241,3425,0,10.0,0.05761282668621828,17.0,0.0625,0.22147659798259012,0.7785234020174099,0.13893169998727078,0.5,0.22977923617372942,0.13100458173094617
ICEWS05-15,1636,1136,167,1773,1096,6241,0,3.0,0.5514537553217191,4.0,0.5100008047105996,0.4293692614253626,0.9324864659747535,0.4461438325186389,0.680927863700058,0.26618621592339947,0.3464253964106529
ICEWS05-15,1637,1136,172,3194,4680,4680,1,1.0,4.4488290538787085,120.0,0.9057236642639067,0.6169255112664578,0.9621851593265366,0.904995159876974,0.7895553352964972,0.6140378759715815,0.7911460289617068
ICEWS05-15,1638,1136,172,2814,4680,4680,1,1.0,8.953662553056699,75.0,0.9803906099397734,0.6568741994465954,0.8251408470133317,0.6931446668754855,0.7410075232299635,0.7165770064462881,0.6845746784771454
ICEWS05-15,1639,1136,172,3727,5594,4680,0,3.0,7.59165612494313,180.0,0.8705505632961241,0.7069672418048181,0.7993918593833693,0.5703971145479226,0.7531795505940937,0.7031418600245903,0.6653172832273861
ICEWS05-15,1640,1136,172,2235,1138,4680,0,2.0,1.088718764852851,30.0,0.8879629756445782,0.5033202358073465,0.9205026937587699,0.35102570038362346,0.7119114647830582,0.447097725635751,0.510349567917616
ICEWS05-15,1641,1136,172,3632,5594,4680,0,19.0,2.4368880767110115,164.0,0.9057236642639067,0.6922609424396695,0.7681794414212685,0.5298416568401884,0.7302201919304689,0.5769865399077078,0.6578549435704285
ICEWS05-15,1642,1136,59,3288,4680,4680,1,1.0,3.9452418398343294,24.0,0.5520447568369061,0.6811211330926008,0.9011696784595572,0.6322874249933637,0.791145405776079,0.43586656693362835,0.5649097997797697
ICEWS05-15,1643,1136,59,2812,1096,7310,0,2.0,0.6552022721605126,3.0,0.9238395952400507,0.38101269910338365,0.6189873008966164,0.15621672358761723,0.5,0.33945456566300725,0.2219318889497384
ICEWS05-15,1644,1136,59,3704,1096,1096,1,1.0,2.337865400992369,38.0,0.9803906099397734,0.3726241395606156,0.9568401545845027,0.6469706507097069,0.6647321470725591,0.5149048221049809,0.6156385830216947
ICEWS05-15,1645,1136,137,2858,3425,1096,0,3.0,0.22874663769667392,60.0,0.3865083343167451,0.32138778218858055,0.6786122178114194,0.11407417668688156,0.5,0.34802253094024016,0.20174224440983698
ICEWS05-15,1646,1136,137,2314,3425,5737,0,2.0,0.7461848113699093,39.0,0.5412194958693883,0.6865402768930076,0.5606158958102672,0.27564859023662946,0.6235780863516374,0.3733908454959611,0.33299339351500024
ICEWS05-15,1647,1136,137,2140,1414,5737,0,2.0,3.7704798049960484,34.0,0.5,0.8016294639309832,0.7532552970335424,0.42190919056642373,0.7774423804822628,0.4370037934988599,0.4737760666539516
ICEWS05-15,1648,1136,137,1724,5737,1096,0,6.0,1.4794025261879098,17.0,1.0,0.6778336983469403,0.5347167934608892,0.3128645845825766,0.6062752459039147,0.4546219076718101,0.40997226697592953
ICEWS05-15,1649,1136,111,3730,3270,4680,0,5256.5,0.5045902705750859,7.0,0.7730166686334901,0.3928308381490989,0.6071691618509011,0.2471413412392622,0.5,0.3376441962102283,0.24062222199734867
ICEWS05-15,1650,1136,111,2957,1096,10374,0,2.0,0.19795062205328284,1.0,0.8042490800314893,0.0,1.0,0.140336016134879,0.5,0.2737470596186391,0.18505056580263265
ICEWS05-15,1651,1136,111,2334,1096,1096,1,1.0,0.606878542043966,44.0,0.9238395952400507,0.27815367811758407,0.7218463218824159,0.31077691049531364,0.5,0.4620976354004011,0.3624447447979486
ICEWS05-15,1652,1136,95,2678,5300,1096,0,5248.0,0.22014275225872798,15.0,0.11547994940500633,0.3932697180930115,0.6067302819069885,0.42421919510941597,0.5,0.23726229067151633,0.19016081294755677
ICEWS05-15,1653,1136,95,3480,1096,1096,1,1.0,2.361183061068465,37.0,0.9803906099397734,0.35426104414834725,0.9783272699593838,0.668069506635016,0.6662941570538655,0.5141513162512709,0.6236103369134174
ICEWS05-15,1654,1136,180,1728,1096,1096,1,1.0,1.8662880915596987,5.0,0.9803906099397734,0.1267466639302961,0.8732533360697039,0.7232465163802452,0.5,0.4028771498988806,0.4366885990882257
ICEWS05-15,1655,1136,6,2740,4680,4680,1,1.0,2.953159026816519,19.0,0.9803906099397734,0.5668534802993064,0.999389301360676,0.997195190919599,0.7831213908299912,0.4959530004075411,0.7734724565366751
ICEWS05-15,1656,1136,202,1608,1096,1096,1,1.0,1.620982706064088,2.0,0.836743383392903,0.0,1.0,0.9573628973002202,0.5,0.33123403029600207,0.4593257211026418
ICEWS05-15,1657,1136,161,2840,4680,0,0,5244.5,0.0,0.0,0.0,0.0,0.0,0.0,0.0,0.13079885792039397,0.013540413295886884
ICEWS05-15,1658,1136,152,2664,4120,1096,0,5247.0,0.41777678329012513,4.0,0.4183716916964515,7.483878272651623e-07,0.9999992516121727,0.9971586249522172,0.5,0.2471426614472672,0.39293789585197963
ICEWS05-15,1659,1136,105,2334,2089,0,0,5244.5,0.0,0.0,0.0,0.0,0.0,0.0,0.0,0.13079885792039397,0.013540413295886884
ICEWS05-15,1660,1136,168,3677,5594,1783,0,6.0,0.067948528524016,2.0,0.7730166686334901,0.011934239107437294,0.9880657608925627,0.04539712537247829,0.5,0.28251598732843325,0.1702540045983176
ICEWS05-15,1661,1136,170,1495,1096,5594,0,5245.0,1.606661700751007e-11,1.0,1.606661700751007e-11,0.0,1.0,0.9414060795083199,0.5,0.1486475620558545,0.2450636302649904
ICEWS05-15,1662,1136,209,3965,1096,1096,1,1.0,0.15416362487975838,6.0,0.14645927135455744,0.050062033093707936,0.9999999999999394,0.9998171540594907,0.5250310165468237,0.2102407996941503,0.35923079816619446
ICEWS05-15,1663,1136,133,2264,5737,9950,0,2.0,0.10377695847867163,1.0,0.11099537195557226,0.0,1.0,0.8778752672383894,0.5,0.16373936445310017,0.24886417830047006
ICEWS05-15,1664,6841,59,1375,2060,9984,0,5248.0,1.089780442956329,8.0,1.0,0.0904478295776806,0.9915629859327487,0.9825774408854445,0.5410054077552147,0.40772811127715464,0.5940010733129428
ICEWS05-15,1665,6841,172,3992,1677,3623,0,5259.0,8.751143472054313,85.0,1.0,0.8406288482287956,0.8217440903572877,0.6564806317332622,0.8311864692930416,0.7211362921153557,0.7382524137724651
ICEWS05-15,1666,6841,172,4002,3623,3623,1,1.0,8.159263005561364,86.0,0.9803906099397734,0.8561950383559518,0.8391548033373326,0.6847442550394471,0.8476749208466422,0.7046426093418751,0.754277069328393
ICEWS05-15,1667,6841,172,3779,3623,3623,1,1.0,5.471299813403852,34.0,0.9803906099397734,0.7359070208414562,0.7443034259860022,0.4824090396672841,0.7401052234137292,0.5938056327463626,0.5882854725318126
ICEWS05-15,1668,6841,172,3769,1214,3623,0,4.0,6.600652719707613,33.0,0.9803906099397734,0.7010414312859352,0.8115994863469825,0.5737549421173351,0.7563204588164589,0.621808788596831,0.6290591171857652
ICEWS05-15,1669,6841,64,3873,1768,1768,1,1.0,0.15289713817623318,8.0,0.5,0.5196280524530915,0.4803719475469085,0.07926965360961762,0.5,0.2807073166556839,0.1571271543743879
ICEWS05-15,1670,6841,113,2302,1768,4309,0,2.0,1.9744802637548478,3.0,0.6864101813026526,0.32675415021192744,1.0,0.9567447528704105,0.6633770751059638,0.3225729168702902,0.5534787106253601
ICEWS05-15,1671,6841,168,3877,1768,1768,1,1.0,6.88691564854906,83.0,0.8879629756445782,0.7868495655753087,0.8701857975888914,0.7681527635408912,0.8285176815821,0.6539922657314269,0.7518395799204997
ICEWS05-15,1672,6841,111,3828,1096,1096,1,1.0,0.8928731737332981,1.0,0.9803906099397734,0.0,1.0,0.8360955579973073,0.5,0.3239306179384117,0.43621604167237826
ICEWS05-15,1673,6841,167,3665,7393,0,0,5244.5,0.0,0.0,0.0,0.0,0.0,0.0,0.0,0.13079885792039397,0.013540413295886884
ICEWS05-15,1674,6841,152,3694,213,6847,0,5245.0,0.018307408919319677,1.0,0.018307408919319677,0.0,1.0,0.9999999999453774,0.5,0.15107193373722153,0.2655036407455023
ICEWS05-15,1675,6176,245,2051,6450,3944,0,5252.5,0.44873049531720033,2.0,0.8705505632961241,0.11111111111111116,0.8888888888888888,0.2971708854899967,0.5,0.3101107623046818,0.24647498790320063
ICEWS05-15,1676,6176,59,3501,2160,9782,0,3.0,2.654385559473236e-17,2.0,1.3605652853517993e-17,0.4950491105234984,1.0,2.6543129768636134e-05,0.7475245552617492,0.1599924688790398,0.15098580667091865
ICEWS05-15,1677,1779,245,3435,5970,5970,1,1.0,0.49966842398824196,2.0,0.9803906099397734,0.0,1.0,0.34197799471264867,0.5,0.33361472911874995,0.2846560835671372
ICEWS05-15,1678,1779,245,1640,9734,9734,1,1.0,0.12263030979187284,45.0,0.2309598988100127,0.5045110650803117,0.49548893491968826,0.07189579264928349,0.5,0.3005783262115002,0.15774440831460823
ICEWS05-15,1679,1779,245,1565,8280,9734,0,2.0,0.5415793563991107,44.0,0.9803906099397734,0.44524358942927944,0.5547564105707206,0.09859742399294726,0.5,0.4734080116148663,0.3009743658219071
ICEWS05-15,1680,1779,64,1570,9734,73,0,3.0,0.18582037120789385,2.0,0.8705505632961241,0.27876380166673276,0.7212361983332672,0.08339368026701398,0.5,0.3039823363707751,0.18925364152449692
ICEWS05-15,1681,1779,59,3815,9573,9973,0,5256.5,0.4213894689066003,1.0,0.46191979762002533,0.0,1.0,0.8386692465992277,0.5,0.21933522555892188,0.3108765829836141
ICEWS05-15,1682,1779,59,2226,4661,4864,0,5254.5,0.12228388843439425,1.0,0.39423912305778674,0.0,1.0,0.18355587528517034,0.5,0.20338838140248014,0.13568404169460935
ICEWS05-15,1683,1779,59,2376,73,7651,0,2.0,0.11235998055605978,12.0,0.46191979762002533,3.069543730305213e-09,0.9999999969304563,0.06543196228775809,0.5,0.28865236952325096,0.16599172252530536
ICEWS05-15,1684,1779,137,1903,9734,9734,1,1.0,14.137345057230275,182.0,0.9057236642639067,0.7130177241414946,0.9521513360474827,0.886645069988058,0.8325845300944886,0.8340353933350887,0.7954172798628361
ICEWS05-15,1685,1779,137,1599,5114,9734,0,5255.5,7.306908179014271,130.0,0.9057236642639067,0.7678849825065859,0.966201762888306,0.9135675979607062,0.8670433726974459,0.6887911787520946,0.8246772564133724
ICEWS05-15,1686,1779,137,1755,9734,9734,1,1.0,4.902560884968935,149.0,0.9611657480580811,0.7833819257697151,0.7940510736003308,0.6106426985896368,0.7887164996850229,0.6483199317027537,0.7226275292322049
ICEWS05-15,1687,1779,137,1918,7111,9734,0,3.0,9.994670015187793,185.0,0.9803906099397734,0.7709808879558172,0.74875517107394,0.5548551933858221,0.7598680295148785,0.7744406897948556,0.681871706907486
ICEWS05-15,1688,1779,141,774,9734,0,0,5244.5,0.0,0.0,0.0,0.0,0.0,0.0,0.0,0.13079885792039397,0.013540413295886884
ICEWS05-15,1689,1779,226,1347,9897,9734,0,5245.5,0.0013405940211417774,2.0,0.0013406448853567428,5.3207829253665295e-09,0.9999999946792171,0.9999241112718037,0.5,0.16017984115461184,0.27667264791761464
ICEWS05-15,1690,1779,168,2354,5970,9734,0,17.0,0.05054662584993008,41.0,0.9238395952400507,0.016952198344942437,0.9830478016550576,0.02763628544648679,0.5,0.4433322572552432,0.2755862042722608
ICEWS05-15,1691,1779,168,2740,9733,9734,0,5261.5,0.2317558594461857,46.0,0.9803906099397734,0.11917318107835839,0.8808268189216416,0.11620836373860113,0.5,0.4672754959050466,0.31723945461460634
ICEWS05-15,1692,1779,26,1439,73,5114,0,5245.0,2.3968490363105823e-08,1.0,2.3968490363105823e-08,0.0,1.0,0.9999582802977931,0.5,0.14864756520665917,0.2617716980313856
ICEWS05-15,1693,1779,6,2005,7651,73,0,19.0,3.367191395592831,11.0,0.6864101813026526,0.6276667993186602,0.9835509542850234,0.8874388518340057,0.8056088768018418,0.41247086023523194,0.6716889026419708
ICEWS05-15,1694,1779,6,887,4560,9734,0,3.0,0.3382801909502813,8.0,0.8534795977333005,0.3039882945049812,0.6960117054950188,0.16000340940822527,0.5,0.3561883138323534,0.2384778121644253
ICEWS05-15,1695,1779,178,1427,9734,9734,1,1.0,1.9487978373734656,7.0,0.9803906099397734,0.24904680009969382,0.9349292110782043,0.6048196611051478,0.591988005588949,0.4200057710663016,0.475445828059267
ICEWS05-15,1696,1779,171,880,9734,9734,1,1.0,1.1559084041747696,9.0,0.9423178739918808,0.23056156673439687,0.9838028057852349,0.893658278890063,0.6071821862598159,0.40199461970488215,0.5990405136704601
ICEWS05-15,1697,1779,133,1467,9734,9733,0,3.0,0.42565082250148245,1.0,1.0,0.0,1.0,0.2703662113747399,0.5,0.3167561381239511,0.25313826443804655
ICEWS05-15,1698,1779,17,258,6129,0,0,5244.5,0.0,0.0,0.0,0.0,0.0,0.0,0.0,0.13079885792039397,0.013540413295886884
ICEWS05-15,1699,1779,91,447,9734,9734,1,1.0,0.1453974049956286,6.0,0.9423178739918808,0.5187998209206387,0.4812001790793613,0.03855535078218049,0.5,0.3579276595457033,0.21127058253989273
ICEWS05-15,1700,1779,170,1041,9734,9734,1,1.0,0.1757029491024405,9.0,0.19325416715837251,0.015617812683427545,0.9843821873165725,0.8099240165606848,0.5,0.23127941835859717,0.3042004018351786
ICEWS05-15,1701,1779,196,1900,73,6129,0,2.0,0.721161870799859,2.0,0.8705505632961241,4.5630166312093934e-14,0.9999999999999544,0.7070635498178038,0.5,0.31653221874834486,0.3797057307046018
ICEWS05-15,1702,1779,167,1819,1421,5379,0,5245.0,1.9662200074984073e-08,1.0,1.9662200074984073e-08,0.0,1.0,0.9999491435780449,0.5,0.14864756464019127,0.26176903341538804
ICEWS05-15,1703,1779,187,131,2056,0,0,5244.5,0.0,0.0,0.0,0.0,0.0,0.0,0.0,0.13079885792039397,0.013540413295886884
ICEWS05-15,1704,39,172,41,9822,4680,0,5245.0,0.5743491774985175,1.0,0.5743491774985175,0.0,1.0,0.999999999998259,0.5,0.2408108679227304,0.39279241384734215
ICEWS05-15,1705,39,167,672,1677,1677,1,1.0,0.26135986490372076,5.0,0.9803906099397734,0.22327457343304358,0.7767254265669564,0.1154895789523565,0.5,0.36139283047188653,0.23912270156888701
ICEWS05-15,1706,39,167,1357,3425,9964,0,2.0,0.2687161006353559,1.0,0.3714985722842371,0.0,1.0,0.5665756708435576,0.5,0.20256275628124823,0.21413288720576998
ICEWS05-15,1707,39,6,3402,7541,5717,0,5245.5,0.9803903467043203,1.0,0.9803906099397734,0.0,1.0,0.9999994629979526,0.5,0.3260339663377941,0.49734570373048226
ICEWS05-15,1708,9962,180,725,9568,213,0,17.0,0.032994429421954075,19.0,0.3789291416275995,0.4542453172236067,0.5457546827763933,0.024338487299929774,0.5,0.28999428586932635,0.14989052360254254
ICEWS05-15,1709,9962,180,94,9419,213,0,5248.0,0.3644190493112063,2.0,0.5743491774985175,0.0,1.0,0.1907501342986762,0.5,0.25269792372966265,0.17096422524076987
ICEWS05-15,1710,9962,180,1139,213,213,1,1.0,0.7714263229018754,24.0,0.836743383392903,0.001392415359034005,0.998607584640966,0.3028345669805548,0.5,0.4155831467576845,0.3211652062219994
ICEWS05-15,1711,9962,180,2693,4680,213,0,19.0,1.1609659721938552,45.0,0.7578582832551991,0.3054701244092358,0.6945298755907642,0.36728202151057143,0.5,0.4400824869375531,0.33996036128809004
ICEWS05-15,1712,9962,239,474,4680,3106,0,5245.5,0.10807700662884911,3.0,0.15853322601582306,0.41932517148986403,0.580674828510136,0.2467770827474016,0.5,0.19196035173986206,0.1271362338112246
ICEWS05-15,1713,9962,156,2091,4680,4680,1,1.0,6.880778592806304,229.0,0.9423178739918808,0.8424512442373361,0.9877748670704433,0.9642645319411984,0.9151130556538897,0.7114719061327681,0.8721995967356633
ICEWS05-15,1714,9962,156,2026,4680,4680,1,1.0,14.618539032149766,223.0,0.9803906099397734,0.73474260600379,0.979417121471676,0.9405599607763422,0.857079863737733,0.8556982865502923,0.8354666687173264
ICEWS05-15,1715,9962,156,507,4680,4680,1,1.0,4.011153382518886,15.0,0.9803906099397734,0.6104765960775345,0.7794102061206487,0.6310866028035005,0.6949434010990916,0.5129630247738339,0.5813765390105426
ICEWS05-15,1716,9962,156,919,4680,4680,1,1.0,11.629834523703739,104.0,0.9803906099397734,0.7748118991401152,0.9835800379255616,0.9645515594290487,0.8791959685328383,0.7841585176205144,0.8369054113381375
ICEWS05-15,1717,9962,59,1990,9568,4680,0,8.0,0.06786702002234368,8.0,0.08411876203952229,5.419761239700005e-05,0.999945802387603,0.6761035581548357,0.5,0.20800427142495148,0.238470341123574
ICEWS05-15,1718,9962,59,347,3106,3106,1,1.0,3.3091983170893746,7.0,0.9057236642639067,0.41000958762304995,0.7390139694225193,0.57830258310936,0.5745117785227847,0.43951286002245155,0.4222902284286382
ICEWS05-15,1719,9962,59,691,9568,4775,0,3.0,0.3284069816786549,1.0,0.820335356007638,0.0,1.0,0.250259893713714,0.5,0.279600780336181,0.2138960986562632
ICEWS05-15,1720,9962,56,897,3633,213,0,14.0,0.2347346538696854,6.0,1.0,0.037521432358583295,0.9624785676414167,0.1273493721981751,0.5,0.372631486346659,0.2555740065734629
ICEWS05-15,1721,9962,56,1291,1677,2609,0,5.0,0.01219943606938545,2.0,0.5100008047105996,0.41661823838916034,0.5833817616108397,0.007026395639011874,0.5,0.23456700394425997,0.12282924824956044
ICEWS05-15,1722,9962,56,314,4821,9254,0,5251.5,0.13536134912447706,1.0,0.9238395952400507,0.0,1.0,0.07905153228867476,0.5,0.29497464559062847,0.19046988060376216
ICEWS05-15,1723,9962,56,893,3124,7837,0,5265.5,0.42715866597367713,2.0,0.8705505632961241,5.477417591714939e-07,0.9999994522582408,0.3250966984778655,0.5,0.3096053656843349,0.25683378417828584
ICEWS05-15,1724,9962,56,3245,4680,8395,0,64.0,0.0204604784592608,1.0,0.597554769985219,0.0,1.0,0.017418375521384345,0.5,0.2337344250007885,0.1318474190431824
ICEWS05-15,1725,9962,56,2645,6354,3106,0,5298.5,0.20581352641829298,1.0,0.7578582832551991,0.0,1.0,0.15712119150717,0.5,0.26542282533449246,0.18144770566787627
ICEWS05-15,1726,9962,168,3806,7506,3604,0,5279.5,0.26694286050543203,3.0,0.8534795977333005,0.061055085723600744,0.9389449142763993,0.17210886243787035,0.5,0.3156813961498265,0.22044991303962125
ICEWS05-15,1727,9962,168,278,3106,3124,0,12.0,0.08780675630352985,5.0,0.7578582832551991,0.5324593318933752,0.46754066810662476,0.027839052125498386,0.5,0.31103826560157555,0.17388946139500014
ICEWS05-15,1728,9962,168,755,4680,4680,1,1.0,0.6952915731208937,32.0,0.5100008047105996,0.5802714198656393,0.6089872712097045,0.4007781157758262,0.5946293455376719,0.3558177653959667,0.34183562871534573
ICEWS05-15,1729,9962,168,1487,145,1783,0,5265.5,0.138423731099924,1.0,0.9238395952400507,0.0,1.0,0.080984811451203,0.5,0.2950444242889485,0.1909126660368446
ICEWS05-15,1730,9962,19,3393,7524,9568,0,5253.0,0.7578582832623325,6.0,0.7578582832551991,1.4096484210246452e-05,0.9999999999905875,0.9999718074465006,0.5000070482373988,0.33430049264361167,0.49658345030708945
ICEWS05-15,1731,9962,188,3576,4684,10392,0,3.0,0.07695029823123312,4.0,0.8879629756445782,0.5162187575361099,0.4837812424638901,0.02141090223401563,0.5,0.3285876783718327,0.18827321745589437
ICEWS05-15,1732,9962,64,453,4680,4698,0,5247.5,0.007662498570545448,1.0,0.05229646146205644,0.0,1.0,0.07905153228790528,0.5,0.15501744318090774,0.08543561338645644
ICEWS05-15,1733,9962,167,1008,3425,9568,0,11.0,0.11792285175416634,17.0,0.11321545803298837,0.4388230660540666,0.5611769339459334,0.17312299227074354,0.5,0.239432981709586,0.14038057241204005
ICEWS05-15,1734,9962,167,2124,9568,9568,1,1.0,5.10106391619575,29.0,0.9238395952400507,0.6095182885288146,0.8967503142233402,0.78794485670228,0.7531343013760774,0.5630400695532786,0.688175556785709
ICEWS05-15,1735,9962,225,241,4680,4680,1,1.0,0.8088756916710756,2.0,0.7141434062641757,0.11711599987779364,1.0,0.9999999999987638,0.5585579999388968,0.28790373134019787,0.4899202307538134
ICEWS05-15,1736,9962,171,3745,10392,1214,0,5.0,0.8447505796097801,6.0,0.3234082913657485,0.27083182370593395,0.729168176294066,0.324843796375563,0.5,0.25288747020583435,0.17863794778821446
ICEWS05-15,1737,9962,172,1616,5186,6241,0,32.0,0.03660138620622916,1.0,0.4805828740290406,0.0,1.0,0.03958771040328549,0.5,0.21511803170107766,0.12177067780967415
ICEWS05-15,1738,9962,172,2637,4680,3106,0,15.0,0.018483579597474487,8.0,0.11321545803298837,3.5946497957128898e-06,0.9999964053502043,0.08888552055322095,0.5,0.211592828201898,0.11760406263705767
ICEWS05-15,1739,9962,172,594,4680,4680,1,1.0,0.8661561388559874,15.0,0.7141434062641757,0.5765508403456707,0.6152131219101248,0.34551893305060294,0.5958819811278977,0.3681229375818002,0.34238500871393257
ICEWS05-15,1740,9962,105,1119,213,4684,0,5246.0,0.038295233668692294,1.0,0.03885612153734319,0.0,1.0,0.9715408206969972,0.5,0.15382372732284158,0.2613476009957342
ICEWS05-15,1741,9962,147,467,4680,4680,1,1.0,5.911147970852765,7.0,0.9611657480580811,0.45022420660554463,1.0,0.9999999999998308,0.7251121033027723,0.5233531129219968,0.6949744125539763
ICEWS05-15,1742,9962,174,499,213,213,1,1.0,0.012137067281024079,1.0,0.012566391875492024,0.0,1.0,0.933928291537091,0.5,0.15030218982511181,0.24541115646869183
ICEWS05-15,1743,9962,137,733,1677,3386,0,5252.5,0.6313444550862692,2.0,0.5520447568369061,0.0,1.0,0.40596124616465173,0.5,0.2543070286383136,0.21721621575890823
ICEWS05-15,1744,9962,137,2104,9568,9568,1,1.0,0.7957976842207386,22.0,0.9803906099397734,0.30742864668945435,0.6925713533105456,0.1673046322293882,0.5,0.44458642575675494,0.2993175526700794
ICEWS05-15,1745,9962,142,3280,9424,9568,0,2.0,1.1415127042181143e-08,19.0,1.4901161193847676e-08,6.568101618142919e-11,0.999999999934319,0.242703772866781,0.5,0.2224594642589296,0.1472043593482696
ICEWS05-15,1746,9962,224,3922,4680,4680,1,1.0,2.0753221539454247,35.0,0.40212454001574466,0.7485664509462803,0.9999962351029595,0.9999899064509773,0.8742813430246199,0.3719124792740258,0.7337258569473002
ICEWS05-15,1747,9962,51,93,4853,0,0,5244.5,0.0,0.0,0.0,0.0,0.0,0.0,0.0,0.13079885792039397,0.013540413295886884
ICEWS05-15,1748,9962,119,1137,3124,4853,0,5245.5,3.733704265071898e-06,1.0,9.869637798026993e-06,0.0,1.0,0.23327527362733186,0.5,0.14864877527931025,0.10034190857232765
ICEWS05-15,1749,9962,196,310,1782,1366,0,5245.5,0.8057412619087083,1.0,0.9611657480580811,0.0,1.0,0.7216087309592985,0.5,0.3179542011685874,0.38975981796048714
ICEWS05-15,1750,6011,172,3131,4699,8434,0,5270.0,0.6701230011574373,1.0,1.0,0.0,1.0,0.5038984821454647,0.5,0.3225809928510232,0.3244448825053822
ICEWS05-15,1751,6011,172,628,7837,3627,0,7.0,0.3427782401191881,17.0,0.43527528164806206,0.6245163035446581,0.37548369645534185,0.1734971605683712,0.5,0.30329119228091733,0.183329498993064
ICEWS05-15,1752,6011,172,2577,3351,3956,0,5.0,0.7224419818289528,9.0,0.6216979445974911,5.433447025637861e-10,0.9999999994566553,0.4152042815217428,0.5,0.32239355823884497,0.2739795944620246
ICEWS05-15,1753,6011,172,1760,2230,2804,0,20.0,0.35636848877867733,3.0,0.8879629756445782,4.3287595730134854e-13,0.9999999999995671,0.2510419607445814,0.5,0.3247939493023732,0.24939692210679068
ICEWS05-15,1754,6011,172,156,7837,7597,0,3.0,0.031178619662181717,3.0,0.9803906099397734,0.11407418252679269,0.8859258174732073,0.007164313376997669,0.5,0.33592524010324176,0.20110220396691808
ICEWS05-15,1755,6011,6,1081,7837,3627,0,5245.5,0.23095533982891844,1.0,0.2309598988100127,0.0,1.0,0.999960522223741,0.5,0.18165472283232478,0.31108565946835104
ICEWS05-15,1756,7940,243,880,719,719,1,1.0,0.796971843782938,2.0,0.9057236642639067,0.002470960884615958,0.997529039115384,0.7821404371535436,0.5,0.32547093442054104,0.415413839902258
ICEWS05-15,1757,7940,41,2733,2212,2212,1,1.0,1.6228256430874528,81.0,0.9238395952400507,0.7070617303647271,0.5357443548298663,0.34641892885539377,0.6214030425972967,0.5220117959966093,0.48182242933304614
ICEWS05-15,1758,7940,41,2005,4775,2212,0,5.0,0.8803639224396405,57.0,0.39423912305778674,0.642380473098181,0.827620948914055,0.6647103088898507,0.7350007110061181,0.3635519861274555,0.5417385806451629
ICEWS05-15,1759,7940,41,2280,2212,9235,0,2.0,0.35721483806685134,8.0,0.5743491774985175,0.0003932101738606253,0.9996067898261394,0.45106564193912296,0.5,0.2995515544919066,0.2720152593068505
ICEWS05-15,1760,7940,41,3200,1646,2212,0,5.0,0.22298610114175133,107.0,0.4439814878222891,0.6003583808660198,0.39964161913398016,0.11155373287707328,0.5,0.3887886457417975,0.2236044279839092
ICEWS05-15,1761,7940,161,1427,4775,2212,0,5249.0,0.05511720971257772,6.0,0.05549768597778612,0.2555170083963184,0.7444829916036816,0.5865196963743645,0.5,0.19483242435940454,0.19759437426530324
ICEWS05-15,1762,7940,172,3007,3853,2212,0,18.0,0.6324127364776706,31.0,0.6597539553864471,0.09742046731614318,0.9025795326838568,0.7623866565852743,0.5,0.38513778993984654,0.44855981701279957
ICEWS05-15,1763,7940,172,3560,2949,2212,0,5253.5,0.9209000309019221,40.0,0.6216979445974911,0.3253478565605019,0.9997687603918683,0.9986794434795584,0.6625583084761851,0.3968941116916644,0.6570520785738418
ICEWS05-15,1764,7940,250,3986,10330,10330,1,1.0,1.2415573893201912,6.0,0.646816582731497,0.5231855724513812,0.7945095357576933,0.43865465258181285,0.6588475541045373,0.32320926951708795,0.37012261858052053
ICEWS05-15,1765,7940,54,2768,2212,2212,1,1.0,0.020617311105584343,3.0,0.020617311105826472,6.757927550893328e-13,0.9999999999993242,0.9999999999266576,0.5,0.17148324433083462,0.29153348830992537
ICEWS05-15,1766,3106,205,2258,4421,0,0,5244.5,0.0,0.0,0.0,0.0,0.0,0.0,0.0,0.13079885792039397,0.013540413295886884
ICEWS05-15,1767,3106,125,403,3124,3124,1,1.0,1.5963219573488494,7.0,0.6729500963161781,0.35088829932334453,0.9370793641701204,0.667174067309699,0.6439838317467325,0.3436086900110681,0.4579094914462434
ICEWS05-15,1768,3106,105,2460,9424,5289,0,5250.0,0.9680704454225513,1.0,0.9803906099397734,0.0,1.0,0.9751787432256918,0.5,0.3257374488830614,0.4880342875270228
ICEWS05-15,1769,3106,172,330,9962,3932,0,5245.5,0.4684665709848447,1.0,0.4805828740290406,0.0,1.0,0.950816629665812,0.5,0.22321430419719715,0.3525748333563863
ICEWS05-15,1770,3106,133,509,1677,9568,0,2.0,0.414012999037347,5.0,0.35707170313208786,0.13775636337917785,1.0,0.9994869057041395,0.5688781816895889,0.24375151461079625,0.4363424980746732
ICEWS05-15,1771,3106,167,1569,8370,9424,0,6.0,0.018050360524109132,2.0,0.4711589369959404,4.838026703701814e-06,0.9999951619732963,0.01952927180442122,0.5,0.22825720474885486,0.1254996527065162
ICEWS05-15,1772,4517,95,1124,10434,8177,0,5247.0,0.04191113979338812,1.0,0.7884782461155736,0.0,1.0,0.02730286745391789,0.5,0.26747832154627016,0.15877728293438212
ICEWS05-15,1773,5739,172,2873,4680;4684,4680,1,7.5,18.518006718624584,1100.0,0.9803906099397734,0.8054278144495948,0.950049739621517,0.897733295641717,0.8777387770355558,0.927489569240275,0.8642102925678444
ICEWS05-15,1774,5739,172,272,4680,4680,1,1.0,14.758925183049513,39.0,0.9423178739918808,0.8009501641635276,0.9251427915796134,0.8391960924981955,0.8630464778715705,0.8006705029494604,0.7549185259413136
ICEWS05-15,1775,5739,172,2169,4680,4680,1,1.0,20.412983243560596,877.0,0.9611657480580811,0.8858602669537735,0.9358417821572309,0.8651316665061781,0.9108510245555022,0.9364304881305013,0.859130604509983
ICEWS05-15,1776,5739,172,589,4680,4680,1,1.0,23.39958917235912,178.0,0.9611657480580811,0.859972387878983,0.8994474560379857,0.809552789759494,0.8797099219584843,0.9355997188634997,0.7838680655493636
ICEWS05-15,1777,5739,172,628,4680,4680,1,1.0,24.384206220325364,201.0,0.9803906099397734,0.8616684996227792,0.8929950985479955,0.7857751568938091,0.8773317990853874,0.9441568911647734,0.7810712027131396
ICEWS05-15,1778,5739,172,1232,4680,4680,1,1.0,16.069220724820575,480.0,0.9423178739918808,0.8184294677066423,0.90899615625142,0.8290206345450758,0.8637128119790312,0.88769914621406,0.8243157401846292
ICEWS05-15,1779,5739,172,1155,4684,4680,0,2.0,17.99214650254036,455.0,0.9611657480580811,0.844626764353766,0.9215532070279497,0.8466175042828061,0.8830899856908578,0.9075601932504404,0.8337517439856575
ICEWS05-15,1780,5739,172,626,4680,4680,1,1.0,24.349406600963633,200.0,0.9611657480580811,0.8565944102424614,0.8890700891855654,0.7787863882974996,0.8728322497140134,0.9429449936842097,0.7732260050212636
ICEWS05-15,1781,5739,172,922,4680,4680,1,1.0,22.690981082683223,364.0,0.9803906099397734,0.885447085867453,0.9457999002858916,0.8891740469930134,0.9156234930766722,0.9409848142654857,0.8434101909229309
ICEWS05-15,1782,5739,172,2522,6062,4680,0,10.0,13.80529490073813,972.0,0.9611657480580811,0.8178902456123806,0.9213365974334271,0.851070277099021,0.8696134215229039,0.8795367987447973,0.8560298542157722
ICEWS05-15,1783,5739,172,1672,6062,4680,0,5271.5,15.869407690181944,663.0,0.6729500963161781,0.874245056046253,0.9453342979323471,0.886455350702049,0.9097896769893001,0.8657889869806735,0.8250981280058823
ICEWS05-15,1784,5739,172,2383,4680,4680,1,1.0,11.883124885831489,932.0,0.9057236642639067,0.7997740001076646,0.9244890605557806,0.8559389478448493,0.8621315303317226,0.8477294935165315,0.8495603182234142
ICEWS05-15,1785,5739,172,1392,4684,4680,0,2.0,14.876162096290999,540.0,0.9057236642639067,0.8708277496129878,0.884770312437087,0.7750614673611665,0.8777990310250374,0.8730196804320002,0.8183617875531333
ICEWS05-15,1786,5739,172,468,4680,4680,1,1.0,19.741433815447177,113.0,0.9803906099397734,0.8154982204417146,0.9574897185542547,0.9167480097929137,0.8864939694979846,0.8999254158152165,0.8132746987569973
ICEWS05-15,1787,5739,172,381,4680,4680,1,1.0,16.749782885117284,76.0,0.9803906099397734,0.8263628243602632,0.9521248221862993,0.9042598024899697,0.8892438232732813,0.85624874651337,0.8076302450007953
ICEWS05-15,1788,5739,172,2365,3969,4680,0,5279.5,11.660346719665588,927.0,0.9238395952400507,0.8509854829797224,0.930959536092589,0.8541236211316967,0.8909725095361557,0.846601278222512,0.8626594630938861
ICEWS05-15,1789,5739,172,955,4680,4680,1,1.0,16.729167934197584,373.0,0.9611657480580811,0.9082901651696156,0.8761149132234356,0.7737698667870986,0.8922025391965256,0.8912249613331915,0.8187707388381468
ICEWS05-15,1790,5739,172,2930,4680,4680,1,1.0,16.010230805685705,1118.0,0.8879629756445782,0.8280988950923117,0.9674383001449769,0.9329935763261149,0.8977685976186442,0.8994867055304334,0.8709974834661968
ICEWS05-15,1791,5739,172,2289,4680,4680,1,1.0,14.504725752612767,909.0,0.9057236642639067,0.7423650807573133,0.9430996855763567,0.8863797454588365,0.842732383166835,0.8806675486957953,0.8423204904192199
ICEWS05-15,1792,5739,172,235,6563,4680,0,1.0,12.040694493236787,26.0,0.9423178739918808,0.7743649733695984,0.9401106871315872,0.8646613246983621,0.8572378302505927,0.7327043126258036,0.7535690156658664
ICEWS05-15,1793,5739,59,2825,9962,6076,0,5.0,0.00660149517633668,2.0,0.053342474858331296,5.646484169119503e-09,0.9999999943535158,0.06595990482999282,0.5,0.16687231577615166,0.08989593970059834
ICEWS05-15,1794,5739,167,873,4680,4680,1,1.0,0.8532087284977763,69.0,0.5743491774985175,0.7118740517132394,0.28812594828676064,0.09249953324925402,0.5,0.41213684618219415,0.22495763193549462
ICEWS05-15,1795,5739,167,1398,4680,4680,1,1.0,0.9922418123912053,100.0,0.7141434062641757,0.5705187836533046,0.4294812163466954,0.19485633628550234,0.5,0.46722729723105233,0.298798734276081
ICEWS05-15,1796,5739,167,789,9568,4680,0,2.0,5.548212591160962,60.0,0.8705505632961241,0.7359266434298305,0.8800630590250087,0.738875637772222,0.8079948512274195,0.5999257723063277,0.7205678895506201
ICEWS05-15,1797,5739,167,2569,4680,4680,1,1.0,5.624053738194565,210.0,0.7884782461155736,0.7184070148886645,0.8744831521458146,0.7452645953751803,0.7964450835172396,0.6464136311347565,0.7428699267812506
ICEWS05-15,1798,5739,167,2179,4680,4680,1,1.0,3.016176330126746,182.0,0.9057236642639067,0.7934069203889724,0.720466197592629,0.524368789864635,0.7569365589908007,0.5977473897897024,0.6748975591895947
ICEWS05-15,1799,5739,167,1004,1216,1216,1,1.0,0.556740373011126,5.0,0.9423178739918808,0.21128039189666503,0.788719608103335,0.06656923033306951,0.5,0.36069099170844177,0.21840783997801985
ICEWS05-15,1800,5739,167,1944,4680,4680,1,1.0,3.4656026057539875,166.0,0.646816582731497,0.6838285953239652,0.8705327072020697,0.7473356150508997,0.7771806512630175,0.5461053078984218,0.6996927827344805
ICEWS05-15,1801,5739,167,1783,4680,4680,1,1.0,5.437418495040244,153.0,0.9611657480580811,0.7581202530514566,0.926251928762356,0.852027809658384,0.8421860909069063,0.662824100999748,0.8166598904070367
ICEWS05-15,1802,5739,167,1266,4684,4684,1,1.0,0.5996632114829363,20.0,0.9803906099397734,0.6075345887580719,0.3924654112419281,0.13639875434702714,0.5,0.4344867621391944,0.27994984602007394
ICEWS05-15,1803,5739,137,611,4684,1677,0,5.0,0.36953028283158784,10.0,0.1971195615288934,0.6116003011042905,0.3883996988957095,0.14228464607742647,0.5,0.2394259774498221,0.1320078505345899
ICEWS05-15,1804,5739,137,1785,1216,4680,0,2.0,1.032602203972666,76.0,0.9238395952400507,0.08670151277149918,0.9132984872285008,0.21158661161345627,0.5,0.5024866527044833,0.35415166152677074
ICEWS05-15,1805,5739,137,2447,4680,4680,1,1.0,0.026015565906933602,106.0,0.12500000000000003,0.33522844680162545,0.6647715531983746,0.07431883358771312,0.5,0.3159167070501244,0.1668002278053003
ICEWS05-15,1806,5739,137,1147,7334,4684,0,2.0,5.6513926707959445,14.0,1.0,0.5180589008214393,0.9266283781847581,0.48501842840955445,0.7223436395030987,0.558717222017169,0.5474990107612622
ICEWS05-15,1807,5739,137,1606,1096,4680,0,3.0,1.9348190318490008,70.0,0.646816582731497,0.6976908086874227,0.6712619009033395,0.407580276318086,0.6844763547953812,0.4585428303415611,0.4747494382722023
ICEWS05-15,1808,5739,56,2798,3931,7310,0,5294.5,0.09949042160676091,4.0,0.9803906099397734,0.431125927769216,0.568874072230784,0.029722721252799216,0.5,0.3483812356310455,0.20729635309528802
ICEWS05-15,1809,5739,56,2707,2315,8477,0,8.0,0.20179803830575782,7.0,0.9423178739918808,0.16968628827702503,0.830313711722975,0.09758175006101247,0.5,0.3659685403397579,0.2377261413077139
ICEWS05-15,1810,5739,56,2168,3956,2609,0,70.0,0.999174774831187,7.0,0.6729500963161781,2.276506041620774e-05,0.9999772349395838,0.33756399224306566,0.5,0.32900783229025976,0.25303996886694974
ICEWS05-15,1811,5739,56,3028,4949,3956,0,5297.0,0.7392837467815134,7.0,0.4267397988666503,0.3803810568382816,0.6196189431617184,0.22494337955082633,0.5,0.2748608169276666,0.17468299732839074
ICEWS05-15,1812,5739,6,997,4680,4684,0,4.0,0.6250430105098721,1.0,0.646816582731497,0.0,1.0,0.9348672065815298,0.5,0.2543968387716105,0.3875391091863965
ICEWS05-15,1813,5739,170,2546,4680,4680,1,1.0,0.7388505883478924,34.0,0.4183716916964515,0.4516806599195847,0.9968068043720765,0.9386232934901477,0.7242437321458306,0.3404305609253319,0.6230461966926574
ICEWS05-15,1814,5739,168,2507,6563,3944,0,5.0,0.05739007933311957,1.0,0.3714985722842371,0.0,1.0,0.08370695438112943,0.5,0.19884865660111053,0.1165624256965986
ICEWS05-15,1815,5739,168,175,4680,0,0,5244.5,0.0,0.0,0.0,0.0,0.0,0.0,0.0,0.13079885792039397,0.013540413295886884
ICEWS05-15,1816,5739,209,2733,1748,7476,0,5247.0,0.00036278427001706936,1.0,0.0003627915744963252,0.0,1.0,0.9999597298687564,0.5,0.14869529143747623,0.26184549979991545
ICEWS05-15,1817,5739,95,1932,3841,63,0,5247.0,0.4376062242020291,2.0,0.43527528164806206,0.005333975672610625,1.0,0.9999851203289034,0.5026669878363053,0.23048395399082242,0.37782564807752533
ICEWS05-15,1818,5739,224,2148,3969,6563,0,6.0,0.09775867146955203,2.0,0.09855978076444671,8.402167850363185e-13,0.9999999999991598,0.9838747560536213,0.5,0.17423235868575485,0.29245809978215204
ICEWS05-15,1819,5739,180,2126,1216,1133,0,5264.5,0.1597539553864471,1.0,0.6597539553864471,0.0,1.0,0.13774814446144912,0.5,0.24708055013645971,0.162562600853924
ICEWS05-15,1820,5739,180,1005,719,4684,0,5253.0,0.10635314185429012,2.0,0.8042490800314893,0.002781862334456542,0.9972181376655435,0.07058998700524433,0.5,0.28930432976876846,0.1806114899938006
ICEWS05-15,1821,5739,169,608,4680,9283,0,5246.0,0.0019141229832192047,1.0,0.025132783750984038,0.0,1.0,0.039587710403096485,0.5,0.15165650584849433,0.07878398662642191
ICEWS05-15,1822,5739,92,334,4680,0,0,5244.5,0.0,0.0,0.0,0.0,0.0,0.0,0.0,0.13079885792039397,0.013540413295886884
ICEWS05-15,1823,8410,167,1752,5737;6241,6241,1,2623.25,0.9581461516962315,1.0,0.9611657480580811,0.0,1.0,0.9937364815181606,0.5,0.3215860955458117,0.48996626725527087
ICEWS05-15,1824,8410,137,667,2652,1019,0,4.0,0.012107852646678345,1.0,0.053342474858331296,0.0,1.0,0.12802097993757275,0.5,0.1552087421443738,0.09147433112295358
ICEWS05-15,1825,7949,41,493,10321,6185,0,3.0,1.0359919081248075,45.0,0.4901953049698867,0.615921679811319,0.5668320983120673,0.2577662790490354,0.5913768890616931,0.3767378442079768,0.29926589527664416
ICEWS05-15,1826,7949,41,426,6185,6185,1,1.0,1.4006319510128027,41.0,0.8879629756445782,0.6743243533880003,0.5222216428645554,0.34562859633271936,0.5982729981262779,0.47175563888469363,0.42496715794606427
ICEWS05-15,1827,7949,41,278,1030,6185,0,5248.5,1.2577480292285461,33.0,0.7884782461155736,0.8237598575388584,0.34234694758257955,0.1635558153197307,0.583053402560719,0.43374597682101795,0.3131606737348499
ICEWS05-15,1828,7949,41,1707,6185,6185,1,1.0,2.4028218092374103,173.0,0.9423178739918808,0.7200664230186831,0.7162606959802156,0.5549732620353667,0.7181635594994493,0.5871273225462066,0.6679003048439693
ICEWS05-15,1829,7949,41,1182,6185,6185,1,1.0,3.6794734355030747,117.0,0.8879629756445782,0.6663556708317055,0.8469839753087499,0.7157332365316654,0.7566698230702278,0.588587202693885,0.7156382876684207
ICEWS05-15,1830,7949,54,2839,5802,5802,1,1.0,1.9324470799003906,129.0,0.9803906099397734,0.4961642043084251,0.9950381492225517,0.986314885077605,0.7456011767654884,0.5679390722765498,0.8111729885787986
ICEWS05-15,1831,7949,172,808,7257,7257,1,1.0,0.5334931025493364,2.0,0.7884782461155736,1.9351825940927547e-05,0.9999806481740591,0.5112565572612693,0.5,0.29595523400314505,0.2951575736709644
ICEWS05-15,1832,7949,161,23,5802,0,0,5244.5,0.0,0.0,0.0,0.0,0.0,0.0,0.0,0.13079885792039397,0.013540413295886884
ICEWS05-15,1833,7949,243,2492,5802,5802,1,1.0,0.10714484270919142,17.0,0.10459292292411289,0.04383894009473022,0.9988383171713895,0.9598044903391917,0.5213386286330599,0.2377618406014675,0.37268117250446736
ICEWS05-15,1834,7949,250,1891,6185,5802,0,2.0,0.00010274539580687296,1.0,0.0012385408282486173,0.0,1.0,0.043273312826265564,0.5,0.14879479768266368,0.07735955073562004
ICEWS05-15,1835,7949,64,2810,6185,6185,1,1.0,7.27469922412868e-08,2.0,6.846775740367381e-08,0.05882352941176483,1.0,0.9999862539129611,0.5294117647058825,0.1599924785067985,0.2944379528786333
ICEWS05-15,1836,7949,137,1591,1774,5802,0,5247.0,0.00010009518492467033,3.0,0.0001001385932626511,9.306956627597174e-08,0.9999999069304337,0.9991332145768366,0.5,0.1684744191010611,0.2868506068001863
ICEWS05-15,1837,5997,172,903,1984,1984,1,1.0,0.012033127323736757,1.0,0.02563547987523869,0.0,1.0,0.30667156107301935,0.5,0.15185938968457152,0.11348070016899005
ICEWS05-15,1838,5997,56,1957,63,5715,0,22.0,0.7429080745460881,4.0,0.7429971445684742,0.0011429062792328581,0.9988570937207671,0.9974778872835287,0.5,0.3150916037011168,0.4762993551365595
ICEWS05-15,1839,5997,59,3454,9734,1104,0,5.0,0.759608258764322,1.0,0.7884782461155736,0.0,1.0,0.9293569468444003,0.5,0.2831631711296631,0.4212596207221515
ICEWS05-15,1840,2611,172,3028,6354,4296,0,3.0,0.8479514297703663,2.0,0.9611657480580811,1.185793318536632e-06,0.9999988142066815,0.7892454981745786,0.5,0.338138427498691,0.4322849451323735
ICEWS05-15,1841,6579,172,2137,3623,3623,1,1.0,5.187012636812828,187.0,0.7001394896518027,0.7913307059627461,0.9124093045490673,0.8127410433603429,0.8518700052559067,0.6102897418838854,0.7730124864207153
ICEWS05-15,1842,6579,172,1459,3623,3623,1,1.0,2.659452385708743,83.0,0.6864101813026526,0.6664611064887961,0.7057710819668582,0.49849358171689817,0.6861160942278272,0.49651478995103454,0.5266130683409295
ICEWS05-15,1843,6579,172,2118,3623,3623,1,1.0,6.5367228945321685,186.0,0.8879629756445782,0.762596379227469,0.9003478286444817,0.7896668107282938,0.8314721039359754,0.683502312763717,0.7867556518983104
ICEWS05-15,1844,6579,172,3099,9117,3623,0,13.0,12.086432751207015,408.0,1.0,0.8438747384114234,0.8662566939743424,0.7332938387963902,0.8550657161928829,0.8388863262130125,0.8121381393289544
ICEWS05-15,1845,6579,172,1297,3623,3623,1,1.0,4.6590750174408955,65.0,0.820335356007638,0.6058186937352305,0.8328495746429952,0.6274110941055866,0.7193341341891129,0.5690425100035503,0.6182675601303133
ICEWS05-15,1846,6579,172,2426,3623,3623,1,1.0,10.99477428065818,232.0,0.9803906099397734,0.790739867688849,0.8971576792176081,0.7790078232126586,0.8439487734532285,0.8008232823938886,0.8015276955448168
ICEWS05-15,1847,6579,172,3154,3623,3623,1,1.0,10.752668221766642,419.0,0.8879629756445782,0.7805076962087942,0.9097631497592223,0.8241077695252386,0.8451354229840082,0.8030314742898637,0.8149660042768034
ICEWS05-15,1848,6579,172,1551,3623,3623,1,1.0,9.041990811957255,104.0,0.8705505632961241,0.825090173797802,0.9157372732498428,0.8374777046358698,0.8704137235238224,0.7118545403132478,0.7913553492965226
ICEWS05-15,1849,6579,172,530,7393,3623,0,1.0,2.9610549238431476,20.0,1.0,0.6957665789272169,0.909803258113151,0.8195909581601635,0.802784918520184,0.503343916705512,0.7386048744084829
ICEWS05-15,1850,6579,172,2656,3623,3623,1,1.0,8.785927261417944,282.0,0.7578582832551991,0.8157982840721231,0.9117737369581606,0.8225937584081893,0.8637860105151418,0.7279439313634697,0.7951909758402284
ICEWS05-15,1851,6579,171,3443,3623,1768,0,4.0,0.0003672624669537974,3.0,0.0012633136381474549,0.0048335386216507015,0.9951664613783493,0.16911782287280028,0.5,0.16863010340602358,0.1031918570964003
ICEWS05-15,1852,6579,168,3450,1768,1768,1,1.0,3.542493796511438,149.0,0.9611657480580811,0.7796920955515507,0.8292008576450194,0.6834615784783742,0.804446476598285,0.6136441020883925,0.757634690798157
ICEWS05-15,1853,6579,168,3488,1768,1768,1,1.0,2.592917206719093,150.0,0.9238395952400507,0.6899269397687766,0.8821610703998967,0.7703411007878797,0.7860440050843367,0.5806246440522735,0.7681337436633485
ICEWS05-15,1854,6579,168,3525,1768,1768,1,1.0,3.3161959498973035,154.0,0.8534795977333005,0.8036201940499352,0.772695720305215,0.616859263009382,0.7881579571775752,0.5853461614815536,0.7066323468055029
ICEWS05-15,1855,6579,56,2998,2926,3235,0,5253.5,0.2131428849503082,1.0,0.34320509065132626,0.0,1.0,0.4503647021305575,0.5,0.19737979729644858,0.1817251998802463
ICEWS05-15,1856,6579,180,3152,3952,6904,0,9.0,0.5470424992013794,3.0,0.820335356007638,0.022019900387670654,0.9779800996123293,0.4838647389146245,0.5,0.31565255770387457,0.3040981229079037
ICEWS05-15,1857,6579,180,3539,3377,3623,0,5251.0,0.9256120323354584,18.0,0.9611657480580811,0.5240547844695077,0.4759452155304923,0.2973028278154114,0.5,0.43359440796939314,0.32379628902463053
ICEWS05-15,1858,6579,6,2977,3623,1768,0,2.0,0.086845210892559,17.0,0.04463396289151099,0.4158847010948816,0.7501322997609425,0.41356595722536227,0.5830085004279121,0.22741437155763322,0.22254530060342462
ICEWS05-15,1859,6579,6,2797,3623,1768,0,2.0,1.0253672011495887,15.0,0.8705505632961241,0.6008100311967273,0.7266596139761834,0.30734416940708326,0.6637348225864553,0.40675586854285517,0.41822223098675776
ICEWS05-15,1860,6579,41,3699,1768,1768,1,1.0,3.6869269124922447e-22,2.0,3.68692504681304e-22,5.060255462430163e-07,1.0,3.6869269111329017e-10,0.5000002530127732,0.1599924688790398,0.07791841827381878
ICEWS05-15,1861,6579,137,3616,1768,1768,1,1.0,0.4466569609698824,4.0,0.43527528164806206,0.025481925384537085,1.0,0.9999999998594655,0.5127409626922685,0.2506727711345453,0.40736031602682493
ICEWS05-15,1862,4985,172,3288,3623,7393,0,6.0,0.2747390880203856,1.0,0.7284274237469965,0.0,1.0,0.23241301523845145,0.5,0.26157718119540635,0.1938304767717136
ICEWS05-15,1863,4985,6,1586,9984,0,0,5244.5,0.0,0.0,0.0,0.0,0.0,0.0,0.0,0.13079885792039397,0.013540413295886884
ICEWS05-15,1864,7540,105,3103,5964,3591,0,5245.0,7.732042235774033e-16,1.0,7.732042235774033e-16,0.0,1.0,0.0007726068407050054,0.5,0.1486475620537411,0.07281653115864566
ICEWS05-15,1865,7540,41,593,3353,1784,0,5247.0,0.07282961124148624,3.0,0.17853585156604396,0.4384380582104759,0.5615619417895241,0.1293541531544137,0.5,0.19425688039011116,0.11065811141633501
ICEWS05-15,1866,8568,172,2446,3627,3627,1,1.0,1.6180341589270995,63.0,0.7884782461155736,0.6966748410215722,0.7769658522386943,0.451855846860392,0.7368203466301333,0.47715381749912306,0.567417562465065
ICEWS05-15,1867,8568,172,3633,7596,3627,0,2.0,0.009527251766366521,98.0,0.009523544173472466,0.0013646343759979862,0.9992989900264485,0.9980501875574747,0.5003318122012232,0.2893680027482622,0.42243877256393586
ICEWS05-15,1868,8568,167,2613,10015,4680,0,5246.0,0.00413506576700807,4.0,0.0020726816861979954,0.00872488440613195,1.0,0.9972112290386854,0.5043624422030659,0.1756152082763156,0.2978542074540142
ICEWS05-15,1869,2609,167,1249,1677,1677,1,1.0,3.4779592468440335,18.0,0.9803906099397734,0.5862123345763938,0.41378766542360623,0.19885906659817762,0.5,0.507576012366828,0.2867716430791167
ICEWS05-15,1870,2609,167,3977,1421,5802,0,5258.5,3.3247460945845644,4.0,1.0,0.5030259771336998,1.0,0.8357767424490956,0.7515129885668499,0.4366977669738828,0.6570629380182166
ICEWS05-15,1871,2609,167,1406,7540,1677,0,5249.0,0.27958033549883954,25.0,0.820335356007638,0.5339548572817115,0.46604514271828845,0.0862680946248213,0.5,0.4009128055430631,0.24271061020672538
ICEWS05-15,1872,2609,224,2182,1096,1096,1,1.0,4.985698604054341,58.0,0.9611657480580811,0.6761294387174628,0.9297363716252982,0.8488229252576476,0.8029329051713805,0.603636514468362,0.7689527041006734
ICEWS05-15,1873,2609,137,2865,3933,10120,0,5280.5,2.610251948023021,14.0,1.0,0.3782640954376837,0.6217359045623163,0.4139094954307858,0.5,0.4757131800596469,0.36071137796459213
ICEWS05-15,1874,2609,137,1376,3425,530,0,5.0,0.8291948104505282,13.0,0.8879629756445782,0.4923467669473458,0.5076532330526542,0.13595996547063216,0.5,0.39859250874650554,0.24815010456208195
ICEWS05-15,1875,2609,137,2575,5737,5737,1,1.0,0.32287538838082386,8.0,0.9803906099397734,0.004376858854885701,0.9956231411451143,0.19609496755823982,0.5,0.3832868073356626,0.2813598925724654
ICEWS05-15,1876,2609,137,1545,530;1096,1096,1,2.5,4.832439991803085,15.0,0.9611657480580811,0.6342394714858295,0.742528893557656,0.5540998787310427,0.6883841825217427,0.5309516634501776,0.5387300562139478
ICEWS05-15,1877,2609,137,3140,10028,5737,0,2.0,0.05967446601247417,11.0,0.05549768597778612,0.30541524086926675,0.6945847591307333,0.23238260867503935,0.5,0.21369287346160432,0.13675950369562795
ICEWS05-15,1878,2609,137,2009,5186,1096,0,29.0,2.1511443978457025,57.0,0.836743383392903,0.36267726176951276,0.6373227382304872,0.3860067098388627,0.5,0.49768157536256563,0.37034696805983297
ICEWS05-15,1879,2609,137,1490,8477,1096,0,3.0,0.012583988822227887,7.0,0.9423178739918808,0.6134639740182879,0.3865360259817121,0.002587636218385044,0.5,0.3611719608648035,0.20494477955598261
ICEWS05-15,1880,2609,137,2507,10411,1096,0,5280.5,0.05414331919380633,62.0,0.7730166686334901,0.17953558912927403,0.820464410870726,0.029583344970352473,0.5,0.4303212590225176,0.25583452348878083
ICEWS05-15,1881,2609,172,1236,1677,7540,0,7.0,0.25222631019567704,2.0,0.4439814878222891,0.1072590079327983,0.8927409920672017,0.33973459964401703,0.5,0.22832479983270698,0.18199613154032168
ICEWS05-15,1882,2609,172,1360,5186,6354,0,13.0,0.1614025058328341,10.0,0.7578582832551991,0.5630067509234737,0.4369932490765263,0.01625799905758222,0.5,0.341368172079139,0.1870722082913748
ICEWS05-15,1883,2609,172,1127,7540,7540,1,1.0,0.06768067456223859,1.0,0.46191979762002533,0.0,1.0,0.07905153228862867,0.5,0.21277209116765639,0.1260288879125973
ICEWS05-15,1884,2609,125,1853,1096,1096,1,1.0,2.9659561292329237,37.0,0.9803906099397734,0.6738968780681884,0.9866178645931714,0.9734633532930087,0.8302573713306799,0.5306809382665476,0.8100055055350843
ICEWS05-15,1885,2609,59,1696,7540,4853,0,4.0,0.3993896201342923,1.0,0.40212454001574466,0.0,1.0,0.9864895345034543,0.5,0.2095635661924878,0.3461096126933317
ICEWS05-15,1886,2609,56,1812,1096,1096,1,1.0,6.039362451464991,68.0,0.9238395952400507,0.7242780369452515,0.7800859165254714,0.6149891324551426,0.7521819767353615,0.6306367191782514,0.6576658107571207
ICEWS05-15,1887,2609,56,1430,8477,8477,1,1.0,0.5264584704948563,4.0,0.9803906099397734,0.4900991917739813,0.5099008082260187,0.07426446029496556,0.5,0.3590742299413745,0.2162951964943222
ICEWS05-15,1888,2609,56,3089,1096,3507,0,12.0,0.1379141108670121,4.0,0.26530325583334324,0.0029796203336177607,0.9970203796663822,0.15396110861512796,0.5,0.21637649294703964,0.13404604388865043
ICEWS05-15,1889,2609,56,1659,5186,1096,0,39.0,12.1119676394141,49.0,1.0,0.730613768711264,0.81504813346381,0.6821871010424077,0.7728309510875371,0.7688791115253356,0.6787066838648663
ICEWS05-15,1890,2609,56,1728,1096,1096,1,1.0,5.762291335341763,57.0,0.9803906099397734,0.7702929648680703,0.7161022583469081,0.51715271643822,0.7431976116074892,0.6271321466826673,0.6232994521883769
ICEWS05-15,1891,2609,56,2644,1096;10411,1096,1,1.5,1.649269780692313,126.0,0.9611657480580811,0.19211355636507987,0.8078864436349201,0.3108784936149429,0.5,0.5546652552849551,0.4155539729226973
ICEWS05-15,1892,2609,56,2021,530,1096,0,4.0,7.002009999327895,95.0,0.820335356007638,0.669194086004658,0.8249242788670118,0.6432642224115789,0.7470591824358349,0.649079855521817,0.6504345851275748
ICEWS05-15,1893,2609,152,2167,3936,10253,0,5253.0,0.1601447852212816,2.0,0.24029143701452027,9.727483913923862e-07,0.9999990272516086,0.49976752820479764,0.5,0.19508627886259955,0.18781730297076343
ICEWS05-15,1894,2609,95,2208,5739,1096,0,2.0,0.29759572888126273,31.0,0.6095068271022377,0.055497281812619925,0.9445027181873801,0.13177415830235759,0.5,0.36558524007690557,0.23124261371217106
ICEWS05-15,1895,2609,111,1322,530,530,1,1.0,0.07773179175089973,3.0,0.8705505632961241,0.355733624003851,0.644266375996149,0.029615229747517388,0.5,0.31463344298839624,0.18388805619120632
ICEWS05-15,1896,2609,111,1507,10079,4702,0,4.0,0.30036039172286166,3.0,0.6341329040632923,0.3399560906868503,0.6600439093131497,0.08756058707215846,0.5,0.2740842621915933,0.16035496084039044
ICEWS05-15,1897,2609,180,1914,1096,1096,1,1.0,0.3727635827902762,23.0,0.9803906099397734,0.39180137821453276,0.6081986217854672,0.13074137702145952,0.5,0.435416028341505,0.288873454936372
ICEWS05-15,1898,2609,180,1645,1096,1096,1,1.0,0.5205732453601304,10.0,0.9803906099397734,0.1709846826840753,0.8290153173159247,0.12503462327909187,0.5,0.3986912082021712,0.2630860429370561
ICEWS05-15,1899,2609,180,1487,1096,1096,1,1.0,1.290153864868644,5.0,0.9803906099397734,0.4507720317677688,0.7813074016780736,0.5658782576139875,0.6160397167229212,0.38779001900065335,0.4638983992556723
ICEWS05-15,1900,2609,168,1459,1096,1096,1,1.0,1.0649773365659263,2.0,0.7730166686334901,0.38805466953545376,1.0,0.7287145002842201,0.6940273347677268,0.305173222945176,0.5040416946808628
ICEWS05-15,1901,2609,64,3062,7540,2611,0,4.0,0.1101304326088306,1.0,0.11778973424898508,0.0,1.0,0.8778898285458006,0.5,0.1647020656459418,0.25020124834063595
ICEWS05-15,1902,2609,170,1415,1096,1096,1,1.0,1.3040568159422221,2.0,0.9803906099397734,0.4506506745036247,1.0,0.575685955396245,0.7253253372518124,0.3534853172326385,0.5239640770457636
ICEWS05-15,1903,2609,133,1752,5739,1096,0,5248.5,0.9278025260174245,11.0,0.5306065116666864,0.4967801698097466,0.9300162224432319,0.7855787756808889,0.7133981961264892,0.3173675601715276,0.5377572884104429
ICEWS05-15,1904,9500,41,1283,1768,1768,1,1.0,0.2324902182521714,24.0,0.20106227000787236,0.13589512840410123,0.9994300566540848,0.9983467577661768,0.567662592529093,0.2706961976416646,0.45947103164110603
ICEWS05-15,1905,9500,41,1048,1768,1768,1,1.0,0.7824521468129969,21.0,0.5858370854182298,0.27013515604457194,0.9826514652797442,0.950872392481224,0.6263933106621581,0.3542389250110626,0.5786526239444714
ICEWS05-15,1906,9500,240,702,1768,0,0,5244.5,0.0,0.0,0.0,0.0,0.0,0.0,0.0,0.13079885792039397,0.013540413295886884
ICEWS05-15,1907,5870,137,2777,7883,2609,0,5250.0,0.7846488456807701,2.0,0.9238395952400507,0.431125927769216,0.568874072230784,0.31853443577013907,0.5,0.32888203958862106,0.255399540303316
ICEWS05-15,1908,5870,95,2877,1136,1096,0,5246.0,1.0423406644684268,2.0,0.9611657480580811,0.1091701522264128,1.0,0.9343567718962681,0.5545850761132064,0.3429209971964741,0.5268367229366259
ICEWS05-15,1909,4668,167,508,4853,10392,0,5247.5,0.7897294971444756,1.0,0.8534795977333005,0.0,1.0,0.8609942510455724,0.5,0.2962789815969051,0.41285701702382194
ICEWS05-15,1910,4668,224,173,8798,0,0,5244.5,0.0,0.0,0.0,0.0,0.0,0.0,0.0,0.13079885792039397,0.013540413295886884
ICEWS05-15,1911,4668,137,2994,7515,8798,0,5262.5,0.3717711331058262,7.0,0.3108489722987456,0.5556020587706917,0.8018045766308672,0.361928269685407,0.6787033177007795,0.2463584972423101,0.2878643971324826
ICEWS05-15,1912,4668,172,2369,1726,4853,0,5261.5,0.02053878070915094,7.0,0.6729500963161781,0.16818796885226395,0.831812031147736,0.012856864778907932,0.5,0.3057863017885572,0.17134387625017888
ICEWS05-15,1913,4668,184,3422,8065,4689,0,5245.5,2.742505951768837e-11,1.0,2.7425059641009395e-11,0.0,1.0,0.9648197662579089,0.5,0.14864756205734864,0.2516573799384625
ICEWS05-15,1914,4668,180,1814,6750,3627,0,5254.0,0.017172222922214278,1.0,0.06007285925363007,0.0,1.0,0.16676352322005975,0.5,0.1561042074725211,0.09706712175616206
ICEWS05-15,1915,4668,56,265,3556,245,0,5247.0,0.4112208655165853,1.0,0.7578582832551991,0.0,1.0,0.3723154966979057,0.5,0.2698336126894161,0.2341357344568015
ICEWS05-15,1916,4668,111,3258,8798,3151,0,7.0,0.5587546950766425,2.0,0.5743491774985175,5.313136656215356e-05,0.9999468686334378,0.9470343197914932,0.5,0.25673968619314397,0.3915364344556459
ICEWS05-15,1917,4668,174,3384,4680,4680,1,1.0,0.02720470510300388,1.0,0.02720470510300388,0.0,1.0,0.9999999999632417,0.5,0.15226185492303415,0.26732357368565635
ICEWS05-15,1918,4665,182,2697,4680,1421,0,5249.0,0.0019524085235137108,1.0,0.02563547987523869,0.0,1.0,0.03958771040311284,0.5,0.1517171966829565,0.07882270379718655
ICEWS05-15,1919,4665,172,986,1677,1677,1,1.0,0.11159601398828048,1.0,0.16493848884661177,0.0,1.0,0.5112494103636858,0.5,0.1708455753393289,0.1678953197492508
ICEWS05-15,1920,4665,56,3664,5479,3970,0,5261.0,0.9593252834604407,1.0,0.9611657480580811,0.0,1.0,0.9961776682767954,0.5,0.3216142799306619,0.4908820832895667
ICEWS05-15,1921,4665,137,321,9962,8649,0,5245.0,0.7578582832551991,1.0,0.7578582832551991,0.0,1.0,0.9999999999986805,0.5,0.27738101920473274,0.43941802596027724
ICEWS05-15,1922,4665,167,2112,10120,9423,0,5248.0,0.8893370925527408,1.0,0.9803906099397734,0.0,1.0,0.8300359018913639,0.5,0.3238457819594631,0.4339825585540255
ICEWS05-15,1923,73,172,1606,9734,9734,1,1.0,6.689199690208037,49.0,0.8534795977333005,0.8373388144922101,0.7498555101450308,0.534379910090097,0.7935971623186204,0.6157710228844717,0.6244440452829386
ICEWS05-15,1924,73,172,1497,1421,9734,0,6.0,6.258073011354438,26.0,1.0,0.7429414238971397,0.6626258523731083,0.4900926897670854,0.702783638135124,0.6055136207497022,0.5518284408267211
ICEWS05-15,1925,73,172,1992,9734,9734,1,1.0,5.856037088179788,140.0,0.9803906099397734,0.8341418811597233,0.6909807099245092,0.49234830381310807,0.7625612955421163,0.6727676386082468,0.6644243346561873
ICEWS05-15,1926,73,172,1642,4656,9734,0,5261.0,5.941099341783841,56.0,0.9803906099397734,0.8103355856948629,0.6200831867607544,0.4011575713961377,0.7152093862278086,0.6308331937501818,0.5566655815792475
ICEWS05-15,1927,73,172,1949,9734,9734,1,1.0,3.875129540422348,132.0,0.9057236642639067,0.7834620723537942,0.47350057023552977,0.3092435348100276,0.6284813212946619,0.6039007032623945,0.4800014493710334
ICEWS05-15,1928,73,172,2138,9734,9734,1,1.0,5.021180332640421,169.0,0.9803906099397734,0.8213194829432067,0.5748308473324338,0.3424587398413021,0.6980751651378203,0.6613643539754349,0.5737740984420764
ICEWS05-15,1929,73,172,1572,913,9734,0,3.0,7.339216297208265,45.0,0.9611657480580811,0.8038233905156346,0.5655197073144851,0.3910577555619372,0.6846715489150599,0.6513785299684989,0.5082447006623244
ICEWS05-15,1930,73,172,1986,1412,9734,0,4.0,5.490821815741528,139.0,0.9423178739918808,0.8135449925054361,0.6526055254341971,0.44674536494908357,0.7330752589698166,0.6556090246826357,0.6189826911468299
ICEWS05-15,1931,73,172,1896,8280,9734,0,4.0,11.733299307828638,127.0,0.8879629756445782,0.8011803015566464,0.8727177859231703,0.7570358055473168,0.8369490437399083,0.7786706423056811,0.7538716880702115
ICEWS05-15,1932,73,137,1915,6064;10120,1779,0,2638.0,0.9411911529606645,27.0,1.0,0.36915096193019636,0.6308490380698036,0.08408981773872308,0.5,0.4635113488544683,0.283250560156546
ICEWS05-15,1933,73,137,1644,1745,1677,0,5252.5,3.615832370485643,12.0,0.9238395952400507,0.5896433789112667,0.6814327930314721,0.28644548752486154,0.6355380859713694,0.47787252637082483,0.3838638604683428
ICEWS05-15,1934,73,137,1791,3960,9734,0,4.0,0.9934461959459608,28.0,0.9423178739918808,0.7418628266316032,0.25813717336839676,0.1163079671872358,0.5,0.4534845123831295,0.27338593029390773
ICEWS05-15,1935,73,56,1595,1067,3093,0,15.0,0.6241255570969291,2.0,0.8705505632961241,0.0,1.0,0.2210127389770366,0.5,0.314236788323041,0.22748362750038376
ICEWS05-15,1936,73,167,2204,9734,9734,1,1.0,1.095399210468662,48.0,0.35707170313208786,0.6604549633360335,0.6183175476341684,0.28229616347390446,0.6393862554851009,0.35270971063442225,0.3112271582197865
ICEWS05-15,1937,73,167,1608,9423,4853,0,5249.0,0.16591360238891717,11.0,0.3170664520316462,0.6003218011331577,0.3996781988668423,0.0581179849501394,0.5,0.25962148307431526,0.1344121479719386
ICEWS05-15,1938,73,168,1955,8280,1779,0,2.0,4.863070089964169,64.0,0.9803906099397734,0.7634678200613869,0.6173911892627997,0.3869113021589962,0.6904295046620933,0.6096532713043344,0.5429416119783465
ICEWS05-15,1939,73,168,2066,1779,1779,1,1.0,5.131135765919252,78.0,0.9803906099397734,0.8358194398069572,0.8945328800899143,0.7532828657636921,0.8651761599484358,0.6264600923187794,0.7880349362870783
ICEWS05-15,1940,73,133,1489,4419,1779,0,5244.0,1.9803906099397734,2.0,1.0,0.0,1.0,0.999999999999495,0.5,0.37486035415045516,0.5172658659713365
ICEWS05-15,1941,73,202,1913,1779,8280,0,2.0,0.502271613087943,9.0,0.8042490800314893,0.0013340339218491648,0.9986659660781508,0.08870617685356785,0.5,0.35499332564329006,0.21926840825581445
ICEWS05-15,1942,73,180,1914,3916,1779,0,5252.0,1.0243030848232113,3.0,0.6216979445974911,0.49328237365265015,0.9937572527297155,0.7165359042314464,0.7435198131911829,0.2877682604020211,0.5096382010660019
ICEWS05-15,1943,73,66,3410,1412,8280,0,5245.0,3.1838657817015845e-13,1.0,3.1838657817015845e-13,0.0,1.0,0.24149713251181604,0.5,0.1486475620537829,0.10146627014291783
ICEWS05-15,1944,73,129,1756,9734,0,0,5244.5,0.0,0.0,0.0,0.0,0.0,0.0,0.0,0.13079885792039397,0.013540413295886884
ICEWS05-15,1945,73,59,2363,1779,9734,0,7.0,0.1676618538057264,2.0,0.24029143701452027,8.904259884978671e-09,0.9999999910957401,0.5357960657061088,0.5,0.19521563225523905,0.19623129635321127
ICEWS05-15,1946,73,61,1505,1779,0,0,5244.5,0.0,0.0,0.0,0.0,0.0,0.0,0.0,0.13079885792039397,0.013540413295886884
ICEWS05-15,1947,7483,161,1598,2221,2221,1,1.0,2.7250245676106566e-09,2.0,1.589729632685522e-09,0.4166182383891601,1.0,0.999633165448367,0.7083091191945801,0.15999246911783663,0.4166098772856797
ICEWS05-15,1948,5437,172,3584,7914,7914,1,1.0,2.995899215481413,258.0,0.8879629756445782,0.7805152869768428,0.7842319789548352,0.5879565609399946,0.7823736329658391,0.6110786570267048,0.7221600414477777
ICEWS05-15,1949,5437,172,1616,5073,7914,0,5259.5,0.493954834579335,139.0,0.6216979445974911,0.6250249492562974,0.3749750507437026,0.10774852775561548,0.5,0.44971984503958806,0.2648063994226908
ICEWS05-15,1950,5437,172,1440,8820,7914,0,3.0,4.390351494449112,130.0,0.9423178739918808,0.7740342195672486,0.7915201591761741,0.5483960074085584,0.7827771893717114,0.6245651229001531,0.6918033895391368
ICEWS05-15,1951,5437,172,3524,7914,7914,1,1.0,3.6406326436219536,254.0,0.8879629756445782,0.6196067637472555,0.861303173812264,0.649517508983945,0.7404549687797597,0.6269480556627197,0.7146159611776663
ICEWS05-15,1952,5437,172,3966,6102,7914,0,6.0,0.21233159551674197,274.0,0.646816582731497,0.4852443535476467,0.5147556464523533,0.0922871943890971,0.5,0.48388111863747657,0.2944762866424105
ICEWS05-15,1953,5437,172,1304,6032,7914,0,2.0,3.210113121984479,116.0,0.9057236642639067,0.7789884255468202,0.785231532959824,0.6438186380916878,0.7821099792533222,0.579664436632777,0.7126973326373457
ICEWS05-15,1954,5437,172,221,7914,7914,1,1.0,1.2654558555274944,16.0,0.597554769985219,0.7266752395384097,0.6614388691477097,0.40728751508557165,0.6940570543430598,0.3561889671054983,0.4065907551164752
ICEWS05-15,1955,5437,202,3112,1741,1741,1,1.0,0.04163924138909419,61.0,0.01725139865115333,0.6390862505282697,0.9076222063335853,0.771679896881124,0.7733542284309275,0.2712826819835606,0.5194616041969671
ICEWS05-15,1956,5437,6,4007,1741,1741,1,1.0,0.3869222193424877,202.0,0.597554769985219,0.4331921315380036,0.5668078684619964,0.22474973078408902,0.5,0.46100762144295226,0.31458697896131793
ICEWS05-15,1957,5437,6,1215,7914,1741,0,2.0,1.688695508520917,77.0,0.5100008047105996,0.7121751036472677,0.9811360858610529,0.9102835080526224,0.8466555947541603,0.42550074618135625,0.7418416821758934
ICEWS05-15,1958,5437,6,969,1741,1741,1,1.0,1.4026301731763355,70.0,0.9057236642639067,0.6943968649413448,0.48463678499609136,0.30998585598241857,0.589516824968718,0.5040600493471303,0.43251912299996104
ICEWS05-15,1959,5437,6,606,1741,1741,1,1.0,3.247933112934124,50.0,0.8705505632961241,0.7614967635942487,0.912745652406743,0.8015269201299914,0.8371212080004958,0.5286534680571537,0.7569247947213696
ICEWS05-15,1960,5437,6,2761,1741,1741,1,1.0,1.040464875422312,149.0,0.5858370854182298,0.6372108083313095,0.7725615713388164,0.4752797140701118,0.7048861898350629,0.45996652449540765,0.5399638690620916
ICEWS05-15,1961,5437,168,3185,1741,1741,1,1.0,0.6318172610524764,73.0,0.39423912305778674,0.37802388697595124,0.9990249368748035,0.9936087519894343,0.6885244119253774,0.36936107272632884,0.6437665346293098
ICEWS05-15,1962,5437,153,895,1741,10297,0,3.0,0.29552388752351466,1.0,0.836743383392903,0.0,1.0,0.21446433134796228,0.5,0.28195442565624385,0.2078945354327139
ICEWS05-15,1963,5437,64,516,1741,1741,1,1.0,5.523687157795175,44.0,0.9803906099397734,0.8274554132605692,0.9553155402515922,0.8933031069090474,0.8913854767560807,0.6081068776667394,0.817670905953483
ICEWS05-15,1964,5437,64,970,1741,1741,1,1.0,6.051691806071979,70.0,0.9803906099397734,0.723776097207208,0.9699399078644362,0.9051526279020008,0.8468580025358221,0.6445149895791139,0.8118094185782233
ICEWS05-15,1965,5437,219,199,1741,1741,1,1.0,0.5751394607412155,4.0,0.3234082913657485,0.5172086399741367,1.0,0.7522056345567155,0.7586043199870683,0.23415874156986902,0.4674236710675177
ICEWS05-15,1966,5437,95,1354,1326,218,0,5246.0,2.598996377977479e-05,1.0,2.6046130301919578e-05,0.0,1.0,0.9956963925150677,0.5,0.14865098752741118,0.2605363229993914
ICEWS05-15,1967,5437,41,1559,1741,1741,1,1.0,5.049591424298111,76.0,0.8879629756445782,0.6665317192124562,0.9857089658742069,0.9718133482650457,0.8261203425433316,0.6026882017540377,0.8075382342234539
ICEWS05-15,1968,5437,41,962,1741,1741,1,1.0,3.5453626379614316,45.0,0.6864101813026526,0.456784195320421,0.9584104424495575,0.9117399735314173,0.7075973188849893,0.48849285107611173,0.6679322263781912
ICEWS05-15,1969,5437,41,3922,2189,1741,0,6.0,1.4558710004449456,152.0,0.7730166686334901,0.47872228727840893,0.9860637282726665,0.9641641443625227,0.7323930077755377,0.5158292741436009,0.768621622122947
ICEWS05-15,1970,5437,161,727,1741,1741,1,1.0,0.721611112896359,7.0,0.6729500963161781,0.1365251078438855,0.9612335975715542,0.8620461326054706,0.5488793527077198,0.322329856530008,0.46397779118162
ICEWS05-15,1971,5437,170,1675,1741,1741,1,1.0,0.0008017135045049269,4.0,0.0008011087461012091,0.0007543323148726522,1.0,0.9999999987526716,0.5003771661574363,0.17539126413900866,0.29596060425749765
ICEWS05-15,1972,5437,96,3604,2189,1741,0,4.0,0.4634462824062089,61.0,0.43527528164806206,0.0724040433460853,0.9981372022156267,0.97556216562378,0.535270622780856,0.36512372513337765,0.529337914029939
ICEWS05-15,1973,5437,200,898,1741,1741,1,1.0,0.9347353995150302,6.0,0.646816582731497,0.3080246701482662,1.0,0.9999915082057248,0.6540123350741331,0.3159003198772947,0.5814197931881687
ICEWS05-15,1974,5437,171,2356,1741,1741,1,1.0,0.007667849949118471,18.0,0.005690839248023409,0.25783116711708076,0.9999999999983032,0.9999999996710907,0.6289155835576921,0.22161833391070349,0.44270935540732204
ICEWS05-15,1975,5437,56,3831,7872,1741,0,5.0,0.14645421358045763,2.0,0.14645927135455744,0.0,1.0,0.9999309350661711,0.5,0.18152534522385202,0.3080755450962314
ICEWS05-15,1976,3516,167,751,9734,10120,0,5247.5,0.5017100779658077,1.0,0.5100008047105996,0.0,1.0,0.9680074774828171,0.5,0.22863505603315915,0.3656150166828834
ICEWS05-15,1977,3516,56,2112,5186,6790,0,5259.0,0.3179888879612354,1.0,0.5630865404461788,0.0,1.0,0.3934609099536579,0.5,0.23383201321405048,0.20446275251989782
ICEWS05-15,1978,3516,172,1174,913,913,1,1.0,0.10903595734867455,9.0,0.5743491774985175,0.07000277672040578,0.9299972232795942,0.04665498808993603,0.5,0.29858887875692997,0.1709070108711288
ICEWS05-15,1979,10367,172,3077,1677,1677,1,1.0,11.06289697243203,155.0,0.9803906099397734,0.7524302454096934,0.9659780097897199,0.9042325099002735,0.8592041275997067,0.7879923205367939,0.8268900378676226
ICEWS05-15,1980,10367,172,2346,1677,1677,1,1.0,2.1751953288442927,84.0,0.9611657480580811,0.6756843411572082,0.7694000193227151,0.5797194336929201,0.7225421802399616,0.5476144658927851,0.6564002161327086
ICEWS05-15,1981,10367,172,1913,1677,1677,1,1.0,6.51835542719887,56.0,0.9423178739918808,0.3688596215282466,0.9158263577755225,0.8316495384167822,0.6423429896518845,0.6372925621934896,0.655220588609016
ICEWS05-15,1982,10367,172,3560,1677,1677,1,1.0,21.99912004397588,287.0,0.9238395952400507,0.8129332235750016,0.9577025630162143,0.9158990845435971,0.885317893295608,0.9302105876099157,0.8236952505598041
ICEWS05-15,1983,10367,172,1267,1677,1677,1,1.0,5.200940136573292,10.0,0.9803906099397734,0.3693419314480556,0.9144763725625942,0.7565634502610195,0.6419091520053248,0.5254406048829552,0.5710992722987761
ICEWS05-15,1984,10367,172,1405,1677,1677,1,1.0,2.192532014404721,19.0,0.7429971445684742,0.740707805577069,0.8100233645344147,0.6196337491060845,0.7753655850557418,0.42060942959255887,0.5922749312698162
ICEWS05-15,1985,10367,170,3313,1677,3425,0,1.0,0.7952271970583844,3.0,1.0,0.34889918322177127,0.6511008167782287,0.1610721216050011,0.5,0.3590329764781952,0.23780120106880528
ICEWS05-15,1986,10367,180,3896,3527,10120,0,5267.5,0.2615874951411151,1.0,0.39423912305778674,0.0,1.0,0.4964738793702974,0.5,0.2058723226626481,0.20073836030886175
ICEWS05-15,1987,10367,56,2037,9045,2311,0,5262.5,0.14760937863186724,1.0,0.5743491774985175,0.0,1.0,0.14744881036216326,0.5,0.23236733492358144,0.15249404598552596
ICEWS05-15,1988,10367,56,3766,3103,1096,0,3.0,0.1251078452745802,48.0,0.8879629756445782,0.5703399835161689,0.4296600164838312,0.031212814604917764,0.5,0.4452752040765045,0.2622071471095861
ICEWS05-15,1989,10367,56,2705,3945,1138,0,5269.0,0.10046829701064885,1.0,0.9057236642639067,0.0,1.0,0.05871977105499802,0.5,0.2906945717550213,0.18297297535131674
ICEWS05-15,1990,10367,56,3084,5287,1096,0,5284.0,7.940961217774711,22.0,1.0,0.5810085087467574,0.8001823943382468,0.6297612778299722,0.6905954515425021,0.6407166950302104,0.5847060623041019
ICEWS05-15,1991,10367,56,3354,530,5592,0,5288.5,1.4986952283740202,9.0,0.8042490800314893,0.2776019398601264,0.7223980601398736,0.34714578059501877,0.5,0.38036589742300464,0.2835948128409544
ICEWS05-15,1992,10367,56,2741,8477,1138,0,11.0,0.04924908749294016,1.0,0.4439814878222891,0.0,1.0,0.058719771054962296,0.5,0.20965665114086146,0.12068314410066112
ICEWS05-15,1993,10367,167,3966,10120,10120,1,1.0,3.843785939477085,16.0,0.9611657480580811,0.5562649046640497,0.802086850319264,0.3220380901779343,0.6791758774916568,0.5071627367793928,0.4528024146509393
ICEWS05-15,1994,10367,167,3972,10120,10120,1,1.0,5.299253874762542,18.0,0.9803906099397734,0.6158011634323777,0.7338112890639711,0.42446076786482373,0.6748062262481744,0.557209320591918,0.49064088407184936
ICEWS05-15,1995,10367,167,2153,9419,537,0,1.0,1.143562769920253,5.0,1.0,0.1898346167933953,0.8101653832066047,0.13615987884214387,0.5,0.38830637648459976,0.2468653211846488
ICEWS05-15,1996,10367,167,3990,3425;9419,10120,0,2.5,2.576802038129336,18.0,0.6864101813026526,0.6158011634323776,0.7338112890639711,0.2609571094077631,0.6748062262481743,0.41537386849981567,0.3649130781001052
ICEWS05-15,1997,10367,167,3849,1677,1677,1,1.0,0.8466558995786366,79.0,0.5520447568369061,0.6266025522606479,0.37339744773935213,0.17698797358385868,0.5,0.4138777635650695,0.2499274048522076
ICEWS05-15,1998,10367,133,3596,1759,1677,0,5251.0,0.7196300124400514,6.0,0.4183716916964515,0.6480519888057454,0.6936114606037072,0.434078708119697,0.6708317247047263,0.2672395906319447,0.3211473931230384
ICEWS05-15,1999,10367,64,1796,4853,1677,0,5245.0,0.9985167725668973,5.0,1.0,0.006443744012272434,0.9935562559877276,0.9842895582540258,0.5,0.38453865183321345,0.546637512575259
ICEWS05-15,2000,10367,137,2602,4689,1096,0,5.0,0.8864886241168352,2.0,0.9611657480580811,0.0,1.0,0.3113446686791538,0.5,0.3390839725929891,0.27009887987468195
ICEWS05-15,2001,10367,137,3363,1096,3425,0,1.0,0.9459818752603266,4.0,1.0,0.6515462685469275,0.34845373145307246,0.1973401670011505,0.5,0.3739782014813168,0.2486878433841742
ICEWS05-15,2002,10367,137,3589,1096,1096,1,1.0,0.9260521621685041,28.0,0.6597539553864471,0.29123680116730766,0.7087631988326923,0.20351642181200869,0.5,0.3877595082561266,0.2508394053329744
ICEWS05-15,2003,10367,111,3660,9973,1096,0,5263.0,0.7644299230968572,28.0,0.3364750481580891,0.4449496959026523,0.5550503040973477,0.2845172323936683,0.5,0.3153850536161272,0.20913369949622812
ICEWS05-15,2004,10367,111,1164,10253,0,0,5244.5,0.0,0.0,0.0,0.0,0.0,0.0,0.0,0.13079885792039397,0.013540413295886884
ICEWS05-15,2005,10367,169,2844,7318,1677,0,5244.0,1.0,1.0,1.0,0.0,1.0,0.9999999999989999,0.5,0.3305286386634707,0.5024767778727223
ICEWS05-15,2006,10367,144,3602,1096,1096,1,1.0,0.0326524319372935,9.0,0.2815432702230894,0.11970142604362066,0.8802985739563793,0.053792990709841976,0.5,0.2432996157525839,0.13194466494043378
ICEWS05-15,2007,10367,224,3486,2253,4702,0,5245.5,0.004713327430271776,2.0,0.0026812897707134886,0.431125927769216,1.0,0.9999999985214849,0.7155629638846079,0.16039737126958825,0.4227307998262914
ICEWS05-15,2008,1412,180,179,4689,5114,0,5245.0,0.5,1.0,0.5,0.0,1.0,0.999999999998,0.5,0.22696621856421353,0.37439562126248643
ICEWS05-15,2009,1412,168,1021,1779,6431,0,2.0,0.0028233754935863887,1.0,0.0029023325959706046,0.0,1.0,0.9470315797211503,0.5,0.14902865513064398,0.2472022543448537
ICEWS05-15,2010,1412,113,2398,6431,4142,0,5245.0,7.450580596923824e-09,1.0,7.450580596923824e-09,0.0,1.0,0.999865800283981,0.5,0.14864756303382237,0.2617447336145187
ICEWS05-15,2011,7957,41,3054,6802,6191,0,17.0,1.719931151056338,174.0,0.9803906099397734,0.7394683329475706,0.5084905476822658,0.2962259967315122,0.6239794403149181,0.5778415658180366,0.5134624167711677
ICEWS05-15,2012,7957,41,1332,9791,6191,0,4.0,2.6020844105639194,61.0,0.9803906099397734,0.7575970249647497,0.7436037605900926,0.47424031620558144,0.7506003927774212,0.5468648049852952,0.6284297447797742
ICEWS05-15,2013,7957,41,2216,1664,6191,0,6.0,3.8452023189887763,129.0,0.8534795977333005,0.8228429119509145,0.8330682403699009,0.664101347469192,0.8279555761604077,0.5902481520178641,0.7381382862058394
ICEWS05-15,2014,7957,41,1019,6191,6191,1,1.0,1.2059003537471658,38.0,0.9057236642639067,0.41277401012643555,0.9041131457921753,0.6418279493449909,0.6584435779593054,0.4665969974954749,0.5930830671795122
ICEWS05-15,2015,7957,41,2318,6308,6191,0,4.0,2.5108506151699617,134.0,0.7730166686334901,0.747733818450664,0.828393275469303,0.6940405781623697,0.7880635469599835,0.53794560567108,0.7116100353142485
ICEWS05-15,2016,7957,41,3050,6352,6191,0,3.0,1.1799339340465336,173.0,0.7578582832551991,0.6646795142106281,0.5869295998766113,0.2435787202746335,0.6258045570436197,0.5116471972234091,0.44022411334428824
ICEWS05-15,2017,7957,41,1326,6352,6191,0,2.0,1.8263079037129306,60.0,0.9057236642639067,0.7375230838160893,0.6615664648078083,0.3598600300103026,0.6995447743119488,0.5075240778725002,0.5299500912629107
ICEWS05-15,2018,7957,41,2420,6191,6191,1,1.0,0.1765238207225216,136.0,0.5743491774985175,0.4866581114445089,0.5133418885554911,0.0856428262350463,0.5,0.4291658823569451,0.25195732757616374
ICEWS05-15,2019,7957,172,2846,2965,9791,0,3.0,0.7238298341325833,94.0,0.5520447568369061,0.6587119077730107,0.3412880922269893,0.12737059403365406,0.5,0.41956583704946415,0.2415794004778315
ICEWS05-15,2020,7957,172,837,6802,6352,0,5255.0,0.9976840340293247,27.0,0.6341329040632923,0.4817375263122111,0.5182624736877889,0.2624391756799848,0.5,0.3821946874450087,0.25701897435522036
ICEWS05-15,2021,7957,172,2077,9791,9791,1,1.0,0.955982992139405,54.0,0.8705505632961241,0.5043361905275853,0.6591718888930846,0.3739154223352655,0.5817540397103349,0.46999431535470426,0.43633706755508783
ICEWS05-15,2022,7957,172,1468,9791,9791,1,1.0,1.3323043322095502,33.0,0.9423178739918808,0.6323678870935795,0.3676321129064205,0.15105482695429592,0.5,0.4711917430202194,0.29135783018996103
ICEWS05-15,2023,7957,172,850,2965,6352,0,7.0,1.5597046344497438,28.0,0.7884782461155736,0.6363237960876962,0.6619541569261482,0.418469496032268,0.6491389765069222,0.4334919507420044,0.45017947653708157
ICEWS05-15,2024,7957,172,2020,2965,9791,0,15.0,1.721607554899108,53.0,0.8879629756445782,0.675795466413734,0.7741884227401223,0.45833910336846817,0.7249919445769282,0.4939926356596541,0.5788655734410785
ICEWS05-15,2025,7957,172,3996,6352,6352,1,1.0,0.5063795672960409,136.0,0.4439814878222891,0.6962760201363121,0.30372397986368793,0.12043740189487417,0.5,0.4084576485404519,0.23094807140042345
ICEWS05-15,2026,7957,172,1133,6423,2965,0,12.0,0.07699039035774513,12.0,0.7429971445684742,0.3073424512286731,0.6926575487713269,0.037222886125182916,0.5,0.3442433874037783,0.19901349555320158
ICEWS05-15,2027,7957,172,3174,2965,9089,0,2.0,0.42077932047943034,33.0,0.9057236642639067,0.5711739827902772,0.4288260172097228,0.11063178006054612,0.5,0.4380070134736279,0.27536059296714693
ICEWS05-15,2028,7957,172,2515,6047,9791,0,13.0,0.3444968562007915,74.0,0.8879629756445782,0.3571985250270039,0.6428014749729961,0.06789729305374205,0.5,0.47391201695073304,0.29309198797028707
ICEWS05-15,2029,7957,250,2725,9791,9791,1,1.0,0.05743719420930951,15.0,0.17503487241295065,0.38503646890187104,0.614963531098129,0.11222242456971408,0.5,0.2441253286953941,0.13552687824892928
ICEWS05-15,2030,7957,250,2676,6191,9791,0,2.0,0.151577664263566,15.0,0.46191979762002533,0.38503646890187093,0.6149635310981291,0.1122224245698503,0.5,0.29878146501069913,0.17512996335419492
ICEWS05-15,2031,7957,243,1242,6191,1664,0,3.0,0.18119862158577324,5.0,0.22643091606597668,0.0013388901838388145,0.9986611098161612,0.6655099161036367,0.5,0.21768480180582417,0.24932489701955654
ICEWS05-15,2032,7957,56,3511,3413,1823,0,5250.5,0.2823052824446221,10.0,0.5,0.0008731449307242123,0.9991268550692758,0.3928717069079786,0.5,0.2924036987366988,0.24726452960330975
ICEWS05-15,2033,7957,95,918,910,910,1,1.0,0.8697107719849897,12.0,0.4711589369959404,0.4643602694166652,0.9912016556048058,0.977722268374495,0.7277809625107354,0.3078110465381447,0.6091606213518622
ICEWS05-15,2034,7957,161,3291,6191,1823,0,3.0,0.030208618711650485,5.0,0.03661481783863936,7.293896760929286e-05,0.9999270610323907,0.7020956376344675,0.5,0.1865992316231406,0.22336786817002638
ICEWS05-15,2035,1784,171,590,6915,9832,0,2.0,0.11850761292559037,2.0,0.14645927135455744,0.0009951041031586172,0.9990048958968414,0.678338742460715,0.5,0.18107088896092952,0.21517949657505625
ICEWS05-15,2036,1784,125,813,7322,1149,0,5246.5,0.08260011642573054,1.0,0.08926792578302195,0.0,1.0,0.860994251037536,0.5,0.1606784475511044,0.2399605335870353
ICEWS05-15,2037,1784,168,986,2176,5428,0,9.0,0.0519363982177784,1.0,0.5520447568369061,0.0,1.0,0.04936201533292832,0.5,0.22684468638904312,0.13177475831396263
ICEWS05-15,2038,1784,168,3738,9777,1223,0,8.0,0.022360413537954704,6.0,0.35707170313208786,0.004929751460716947,0.995070248539283,0.03215840462744558,0.5,0.2419410195771661,0.13140191653304664
ICEWS05-15,2039,1784,6,3299,5179,9064,0,5266.5,0.07374368290115307,6.0,0.10254191950095473,0.0006992318983761736,0.9993007681016238,0.5608581647681633,0.5,0.2021156307089761,0.20397040035081465
ICEWS05-15,2040,1784,59,864,350,9832,0,5253.5,3.0668331426232354,39.0,0.9238395952400507,0.7250274181650828,0.9509944982510863,0.8396140223878927,0.8380109582080846,0.523069826514248,0.7712139481435815
ICEWS05-15,2041,1784,59,2025,6217,4946,0,5261.5,0.4590442997850527,2.0,0.2987773849926094,0.0,1.0,0.6337348641875652,0.5,0.20913280986536323,0.23064659029319826
ICEWS05-15,2042,1784,113,154,4837,0,0,5244.5,0.0,0.0,0.0,0.0,0.0,0.0,0.0,0.13079885792039397,0.013540413295886884
ICEWS05-15,2043,1784,137,2116,9546,10392,0,5264.0,0.059881990376285915,2.0,0.09855978076444671,0.0,1.0,0.18119058189514578,0.5,0.1736361264098137,0.10969480959738541
ICEWS05-15,2044,1784,56,194,1109,2333,0,5245.0,0.08580127266283155,1.0,0.08580127266283155,0.0,1.0,0.9999999999883451,0.5,0.1602913818546923,0.2795055137882197
ICEWS05-15,2045,1784,235,3316,1100,6915,0,5249.0,0.2459697088774605,2.0,0.9057236642639067,9.992007221626409e-16,0.999999999999999,0.15712119150719003,0.5,0.31236016419208545,0.21827686272542823
ICEWS05-15,2046,1784,225,565,1367,7067,0,5247.5,0.12324928614211858,1.0,0.18574928614211858,0.0,1.0,0.4964738793692399,0.5,0.17378763562747349,0.16784391965815654
ICEWS05-15,2047,1784,91,1540,9423,3390,0,5246.5,0.2459359246749147,1.0,0.25,0.0,1.0,0.9680074774808746,0.5,0.1845484389200228,0.3050712535029004
ICEWS05-15,2048,1784,170,1495,3425,1677,0,5248.0,0.9904764558265275,1.0,1.0,0.0,1.0,0.981132596205549,0.5,0.3302978007808163,0.49539777740212376
ICEWS05-15,2049,3604,56,2476,3425,3386,0,7.0,0.061217698871438145,1.0,0.06127441312123586,0.0,1.0,0.9981505557543826,0.5,0.15688869442163425,0.27381035759755745
ICEWS05-15,2050,3604,6,1618,3425,0,0,5244.5,0.0,0.0,0.0,0.0,0.0,0.0,0.0,0.13079885792039397,0.013540413295886884
ICEWS05-15,2051,3604,113,1725,6202,0,0,5244.5,0.0,0.0,0.0,0.0,0.0,0.0,0.0,0.13079885792039397,0.013540413295886884
ICEWS05-15,2052,9936,6,1597,5715,5715,1,1.0,0.10011807388891455,3.0,0.06127441312123586,0.3879785063666944,1.0,0.9999999999882907,0.6939892531833471,0.1781935304132488,0.4346559646788109
ICEWS05-15,2053,9936,172,3977,3103,5715,0,5253.0,0.6627952016200255,18.0,0.7578582832551991,0.4890144503074437,0.5109855496925563,0.28773822859558734,0.5,0.38106055604318295,0.27713537310787695
ICEWS05-15,2054,1214,243,3974,1768,1768,1,1.0,5.798342918290505,354.0,0.5743491774985175,0.8537007701867219,0.7922434248265564,0.6039845245118917,0.8229720975066391,0.6306191885443516,0.6864496134502593
ICEWS05-15,2055,1214,243,3843,7288,1768,0,2.0,11.408041731806565,321.0,0.9611657480580811,0.7679843836937544,0.7454133939845924,0.5749056559170007,0.7566988888391735,0.8158131197660827,0.6986922376328155
ICEWS05-15,2056,1214,243,3393,1768,1768,1,1.0,12.211236938144756,179.0,0.9423178739918808,0.8776038395782654,0.8291331634154447,0.6609117875004313,0.8533685014968551,0.8075182409289277,0.7561449180055566
ICEWS05-15,2057,1214,243,2666,1768,1768,1,1.0,8.825712246331122,71.0,0.836743383392903,0.7721590609839406,0.8270748012750258,0.6905902146186377,0.7996169311294832,0.6831647537862524,0.6871667436164897
ICEWS05-15,2058,1214,243,3430,1768,1768,1,1.0,8.774085810715262,190.0,0.9803906099397734,0.818796444152812,0.5771998331053025,0.3805532603143483,0.6979981386290572,0.7512934402364998,0.5788103904381052
ICEWS05-15,2059,1214,243,3496,1768,1768,1,1.0,12.55767841300064,213.0,0.9238395952400507,0.8496559545616591,0.8245505222114702,0.6639569801377346,0.8371032383865646,0.8163551693460845,0.7490567014176215
ICEWS05-15,2060,1214,243,3799,7288,1768,0,2.0,11.918064409381419,308.0,0.9238395952400507,0.8232150025702927,0.7124194532722808,0.5524749972592625,0.7678172279212867,0.8176584808671101,0.686069818253556
ICEWS05-15,2061,1214,245,4002,3623,3623,1,1.0,0.02410858803484501,4.0,0.016256301300341194,0.4951025676634975,0.9998941339819122,0.5984376364526037,0.7474983508227049,0.1778525999806759,0.3288135216947345
ICEWS05-15,2062,1214,250,3091,2802,1768,0,5245.5,0.6846079258940947,17.0,0.4901953049698867,0.284551246193092,0.9993049648914588,0.9983961411058657,0.6419281055422754,0.3223148074403406,0.574596317640505
ICEWS05-15,2063,1214,0,3551,1768,1768,1,1.0,7.906243536672093,59.0,0.8705505632961241,0.8270445598589151,0.9328125832154879,0.86868880594926,0.8799285715372015,0.6592495748725916,0.7901238088339737
ICEWS05-15,2064,1214,111,3411,3623,3623,1,1.0,0.00071340791840399,5.0,0.0005952215108420289,0.16567116167002216,1.0,0.9999841692398453,0.5828355808350111,0.18108902091405712,0.3576613283514949
ICEWS05-15,2065,1214,143,3577,1768,2802,0,2.0,0.8434656880031519,1.0,0.9803906099397734,0.0,1.0,0.7549037527348245,0.5,0.32274630776778584,0.40654732828219575
ICEWS05-15,2066,1857,172,1056,3629,3629,1,1.0,2.7787301015739296e-06,1.0,2.7787301015739296e-06,0.0,1.0,0.9999996401235084,0.5,0.1486479275802019,0.26178431359814625
ICEWS05-15,2067,7926,41,2824,6171,6171,1,1.0,1.602881550943866,22.0,0.8879629756445782,0.6813172356129471,0.6016612601388204,0.4037661649119338,0.6414892478758838,0.44519754298659925,0.4527741680249909
ICEWS05-15,2068,7943,41,3567,6181,6181,1,1.0,1.5589040263450353,127.0,0.9803906099397734,0.6168497259524635,0.7315278893387737,0.4380640444451745,0.6741888076456186,0.5570498657179012,0.5960580352807799
ICEWS05-15,2069,7943,41,1866,6181,10318,0,2.0,0.45908448310185906,11.0,0.7884782461155736,0.00040439933154190477,0.9995956006684581,0.4104429002180362,0.5,0.359518599875599,0.3171144327516096
ICEWS05-15,2070,7943,41,2448,6181,6181,1,1.0,0.16218783983744478,62.0,0.6341329040632923,0.7110986202695406,0.2889013797304593,0.038362473876432726,0.5,0.4018288392889192,0.22033758952356633
ICEWS05-15,2071,7943,172,1122,6717,9537,0,5.0,0.1379470083747104,2.0,0.17503487241295065,0.4653980386192367,0.5346019613807633,0.26688600039647226,0.5,0.18536597186889517,0.12596563851758133
ICEWS05-15,2072,7943,250,1157,6181,6181,1,1.0,0.6748363298691802,16.0,0.46191979762002533,0.3761531536683691,0.6238468463316309,0.34978235463086305,0.5,0.31372163537697945,0.2337429006876906
ICEWS05-15,2073,7943,250,3113,6181,6181,1,1.0,1.3664883444193547,36.0,0.9423178739918808,0.4872150474566922,0.8510968532464067,0.5918592619518704,0.6691559503515494,0.47664704321198714,0.5876526486943731
ICEWS05-15,2074,7943,161,3596,6181,6181,1,1.0,0.13388974416254634,16.0,0.3170664520316462,0.06256336308761579,0.9374366369123842,0.246772074517879,0.5,0.2735389830955464,0.1895781506055837
ICEWS05-15,2075,7943,110,2929,6181,4401,0,5245.5,2.3374333618635326e-07,1.0,2.337433361863549e-07,0.0,1.0,0.9999957218214585,0.5,0.14864759280134582,0.26178265645109877
ICEWS05-15,2076,7943,244,3912,6717,6181,0,2.0,0.002428507596060084,3.0,0.00242850759608395,0.0,1.0,0.9999999995685697,0.5,0.16881374380352376,0.2876172445698163
ICEWS05-15,2077,7943,162,93,9648,0,0,5244.5,0.0,0.0,0.0,0.0,0.0,0.0,0.0,0.13079885792039397,0.013540413295886884
ICEWS05-15,2078,8416,191,2544,1939,1939,1,1.0,0.0029701808804314805,30.0,0.0029603839189656215,0.003298439340985837,1.0,0.9999999996633202,0.5016492196704929,0.23970163685701773,0.371514821552791
ICEWS05-15,2079,8416,232,2005,1939,0,0,5244.5,0.0,0.0,0.0,0.0,0.0,0.0,0.0,0.13079885792039397,0.013540413295886884
ICEWS05-15,2080,8416,167,708,1216,1216,1,1.0,0.7097808620050792,1.0,0.9803906099397734,0.0,1.0,0.5673706306611106,0.5,0.31955326133865103,0.3409406762227439
ICEWS05-15,2081,8416,56,2730,3928,3731,0,1.0,0.01960939006022655,1.0,1.0,0.0,1.0,0.009901778952998064,0.5,0.3072080052695684,0.1871565957932933
ICEWS05-15,2082,8416,172,4006,8370,3602,0,3.0,1.0489186803946573,37.0,1.0,0.054646085595044136,0.9999980669679006,0.9833387258324836,0.5273220762814723,0.48277830525958143,0.6471277967933965
ICEWS05-15,2083,8416,172,667,8414,1939,0,5246.0,0.27016191844188664,1.0,0.7141434062641757,0.0,1.0,0.23327528820176044,0.5,0.25892348246396923,0.191683222297105
ICEWS05-15,2084,8416,137,3105,1216,3160,0,23.0,0.0776990793588489,1.0,0.46191979762002533,0.0,1.0,0.0918276313454136,0.5,0.2129559967121018,0.128149888216312
ICEWS05-15,2085,8416,59,1760,1939,1451,0,3.0,0.25424124296261674,1.0,0.3108489722987456,0.0,1.0,0.6918944241070155,0.5,0.19335793322625977,0.23589434150844124
ICEWS05-15,2086,8416,119,751,1939,1939,1,1.0,0.3364750481580891,1.0,0.3364750481580891,0.0,1.0,0.999999999997028,0.5,0.19853147409694358,0.3352455698247012
ICEWS05-15,2087,1776,245,1226,9568,9424,0,3.0,0.8909596430806466,2.0,0.7884782461155736,0.21297628825416726,1.0,0.8006922794063606,0.6064881441270836,0.3041802049772803,0.47022121001219525
ICEWS05-15,2088,1776,245,1217,9568,9424,0,3.0,1.064794369174337,2.0,0.9423178739918808,0.21297628825416715,1.0,0.800692279406478,0.6064881441270835,0.33953418635199023,0.5103599356807967
ICEWS05-15,2089,1776,11,3372,9568,3633,0,2.0,0.7432780378349768,3.0,0.7429971445684742,0.00037791143045307063,1.0,0.9999999999986546,0.5001889557152266,0.3048641832779844,0.4672161692118199
ICEWS05-15,2090,1776,168,2444,3633,9568,0,2.0,0.6314618902699181,12.0,0.9423178739918808,0.013644998861605084,0.9863550011383949,0.4936205844373712,0.5,0.40170964367856127,0.385170045336262
ICEWS05-15,2091,1776,168,355,3633,3633,1,1.0,1.4186387877733089,6.0,0.9803906099397734,0.4385806351895727,0.9623533023388158,0.6840426108808937,0.7004669687641942,0.3990385838562392,0.5827634701049044
ICEWS05-15,2092,1776,168,3189,3633,2615,0,2.0,0.028462158802024518,1.0,0.8534795977333005,0.0,1.0,0.016956931218994647,0.5,0.27918991871370846,0.16607379753858273
ICEWS05-15,2093,1776,59,197,9568,3633,0,5245.5,0.5986634568591693,1.0,0.7141434062641757,0.0,1.0,0.7216087309590749,0.5,0.2658889993930167,0.33015554406835623
ICEWS05-15,2094,1776,59,1059,1784,9568,0,5249.5,0.10697292271609254,2.0,0.18946457081379975,0.013419811543709748,0.9865801884562903,0.38602977762575696,0.5,0.186884524415759,0.15570717467160214
ICEWS05-15,2095,1776,6,3105,6600,7966,0,5254.0,0.10823365552594283,6.0,0.5202016416109183,0.021282382865890903,0.9787176171341091,0.11335819691361324,0.5,0.2727002669237187,0.16853740546150944
ICEWS05-15,2096,1776,6,104,6463,0,0,5244.5,0.0,0.0,0.0,0.0,0.0,0.0,0.0,0.13079885792039397,0.013540413295886884
ICEWS05-15,2097,1776,125,3538,9568,8642,0,2.0,1.3092235208561772e-06,1.0,1.3092235208561954e-06,0.0,1.0,0.9999992361890413,0.5,0.14864773427470734,0.2617838986023422
ICEWS05-15,2098,1776,137,1228,9568,9568,1,1.0,2.480121049321008,57.0,0.9611657480580811,0.41351142524868423,0.9404177881352747,0.8403543753282575,0.6769646066919794,0.5355568771119238,0.7001350625334077
ICEWS05-15,2099,1776,179,3621,7966,7966,1,1.0,2.1528102420336468e-10,3.0,2.1509816759267209e-10,0.000849424898412332,0.9999999999999981,0.995376308010949,0.5004247124492052,0.16845983834157377,0.28593174955962736
ICEWS05-15,2100,1776,180,2418,9424,3633,0,4.0,0.021029690509769113,1.0,0.02102969050988057,0.0,1.0,0.9999999999418484,0.5,0.1514351968430279,0.2660596398675916
ICEWS05-15,2101,1776,171,2221,9568,9568,1,1.0,0.9962469399972852,16.0,0.9057236642639067,0.15545145721094733,0.9643551321864261,0.8673397442194908,0.5599032946986867,0.4170553816936398,0.5691610845758941
ICEWS05-15,2102,1776,31,709,9962,0,0,5244.5,0.0,0.0,0.0,0.0,0.0,0.0,0.0,0.13079885792039397,0.013540413295886884
ICEWS05-15,2103,3766,56,54,3122,0,0,5244.5,0.0,0.0,0.0,0.0,0.0,0.0,0.0,0.13079885792039397,0.013540413295886884
ICEWS05-15,2104,3766,172,2516,9734,9734,1,1.0,6.596292107155584,140.0,0.9611657480580811,0.7988420460221466,0.9962571726290148,0.9913225584137293,0.8975496093255807,0.6865315108724737,0.86344223100131
ICEWS05-15,2105,3766,172,1980,9734,9734,1,1.0,2.87274718437236,114.0,0.9238395952400507,0.59312122938282,0.6986142931295645,0.47616338978254097,0.6458677612561923,0.5738515008252978,0.564042813520746
ICEWS05-15,2106,3766,172,82,9734,9734,1,1.0,4.076101759501904,8.0,0.9238395952400507,0.7906294101886813,0.9023628691083778,0.8122281628854822,0.8464961396485295,0.4707805955165284,0.711872471629642
ICEWS05-15,2107,3766,172,479,9734,9734,1,1.0,1.9076595793440596,38.0,0.3298769776932236,0.7836254722415432,0.9490797852851686,0.8841903086430903,0.8663526287633558,0.35608325506558347,0.6791520364602197
ICEWS05-15,2108,3766,168,2124,9734,1779,0,5.0,1.3200191122730995,47.0,1.0,0.49823610134556495,0.7335385771739267,0.4951459370295597,0.6158873392597458,0.5027231656736552,0.5361161775246764
ICEWS05-15,2109,3766,168,801,5970,1779,0,5.0,0.8156967975638076,21.0,0.3234082913657485,0.5208737519119442,0.7921016792275767,0.6520503623686439,0.6564877155697604,0.30135643557759334,0.4148665869634806
ICEWS05-15,2110,3766,64,782,1779,1779,1,1.0,0.5170995876864334,13.0,0.4439814878222891,0.14140243018913456,1.0,0.9999953219557771,0.5707012150945673,0.2976775478680461,0.4991039315857149
ICEWS05-15,2111,3766,137,570,1779,1779,1,1.0,0.03169224788294136,2.0,0.03125,0.01395444982554872,1.0,0.9999999999684466,0.5069772249127744,0.1644130221128681,0.28727774492613223
ICEWS05-15,2112,3766,95,3510,218,218,1,1.0,4.358785438624119e-05,2.0,4.358785438624118e-05,1.1102230246251565e-16,1.0,0.9999999770578296,0.5,0.1599985580720721,0.27642394640986157
ICEWS05-15,2113,5245,56,1371,1414,4992,0,10.0,0.015703822272772484,9.0,0.016581453489583953,0.41542677528506344,0.5845732247149366,0.3827745760142762,0.5,0.20054089044590492,0.15419000884145387
ICEWS05-15,2114,5245,56,792,4992,4992,1,1.0,0.20350835542877677,5.0,0.4528618321319533,0.45936537573145797,0.540634624268542,0.1382727951936914,0.5,0.25612480988232217,0.1532680157780153
ICEWS05-15,2115,5245,167,1081,1677,1677,1,1.0,0.8756975430234784,28.0,0.3789291416275995,0.569441704413888,0.9978839579627653,0.9900724603432616,0.7836628311883267,0.326646002782756,0.6638108647947174
ICEWS05-15,2116,5245,137,2177,1165,1165,1,1.0,0.976203758143672,1.0,0.9803906099397734,0.0,1.0,0.9914951297194727,0.5,0.3259331871884232,0.49415466219911797
ICEWS05-15,2117,5737,167,1984,1096,10120,0,15.0,1.6568396373984053,5.0,0.8042490800314893,0.02943518877215945,0.9705648112278406,0.34663153592449925,0.5,0.3588794261153528,0.2697986696383057
ICEWS05-15,2118,5737,167,917,10015,8370,0,3.0,0.26181524306535797,15.0,0.646816582731497,0.025945813021945652,0.9740541869780543,0.11054870393165188,0.5,0.33869947675700385,0.21131779874548184
ICEWS05-15,2119,5737,167,1564,4684,4684,1,1.0,1.0423392974116081,4.0,0.9803906099397734,0.6083989389218913,0.7258245771589864,0.26290168944773507,0.6671117580404389,0.37218239930607055,0.38128438503782963
ICEWS05-15,2120,5737,167,1951,1677,10015,0,32.0,1.8426148331140189,16.0,0.9611657480580811,0.017154785451343413,0.9828452145486566,0.47116914581330416,0.5,0.45249584891156786,0.3890080366354583
ICEWS05-15,2121,5737,167,67,4853,4853,1,1.0,2.1405768728565207,3.0,0.9803906099397734,0.4580029908626819,1.0,0.9999999999995328,0.729001495431341,0.3892645769880694,0.6871714024202638
ICEWS05-15,2122,5737,167,2564,9419,3425,0,38.0,0.2532871539121836,33.0,0.5858370854182298,0.4754744066373946,0.5245255933626054,0.12789104637555107,0.5,0.3623762203691352,0.21961430488188494
ICEWS05-15,2123,5737,56,103,10265,4867,0,4.0,0.5490882694944474,8.0,0.43527528164806206,0.5754750745746691,0.4245249254253309,0.15634663632474338,0.5,0.2773315009820653,0.16182912938503533
ICEWS05-15,2124,5737,56,3177,1414,1414,1,1.0,2.0791442446560904,44.0,0.5412194958693883,0.6113079809778029,0.7656648898472512,0.4882675256942439,0.6884864354125271,0.41425596759346794,0.46139605103701203
ICEWS05-15,2125,5737,56,3666,19,19,1,1.0,0.35300072853063735,6.0,0.9803906099397734,0.3846482485550715,0.6153517514449285,0.12458384960379758,0.5,0.3713985177466412,0.24321516721968242
ICEWS05-15,2126,5737,56,3132,3628,1414,0,102.0,3.4955152761282537,42.0,0.9803906099397734,0.6367253884284858,0.6612816193835688,0.48591485948653046,0.6490035039060273,0.5516669742188056,0.536781962478848
ICEWS05-15,2127,5737,56,1233,3931,9832,0,2.0,0.12811126558834096,22.0,0.820335356007638,0.027143585046702556,0.9728564149532974,0.08221031495940777,0.5,0.3906564924772076,0.24844588523693478
ICEWS05-15,2128,5737,56,3219,1459,1096,0,3.0,0.042473553206950676,66.0,0.5630865404461788,0.13217862767631272,0.8678213723236873,0.011251902802146033,0.5,0.3860778436090872,0.21390577205637618
ICEWS05-15,2129,5737,56,1978,1096,1096,1,1.0,1.5089474515836259,34.0,0.9611657480580811,0.678713585711842,0.618103525220257,0.3372487997426204,0.6484085554660495,0.4819417705861278,0.47230039614202945
ICEWS05-15,2130,5737,56,1829,7400,1096,0,3.0,0.26660940005726963,30.0,0.3298769776932236,0.7822340030163382,0.21776599698366178,0.07380171196378635,0.5,0.30545932667501025,0.1580007849438383
ICEWS05-15,2131,5737,56,755,9950,4867,0,2.0,0.5184861649624024,25.0,0.34320509065132626,0.598241465998272,0.40175853400172795,0.1809699935931721,0.5,0.30593984098971333,0.1805311867754225
ICEWS05-15,2132,5737,56,3982,393,1136,0,8.0,0.5183369456889888,67.0,0.8534795977333005,0.6494331131943977,0.35056688680560233,0.11913592919877354,0.5,0.46543474518140765,0.29040589631125946
ICEWS05-15,2133,5737,56,2193,10466,7400,0,22.0,1.5860882635117906,18.0,0.7001394896518027,0.6187651530449615,0.6429183273723355,0.32548847194873726,0.6308417402086485,0.39232076566374685,0.3614206937384802
ICEWS05-15,2134,5737,56,2073,1136,1136,1,1.0,0.934975480640464,29.0,0.9423178739918808,0.716953272728678,0.28304672727132196,0.07631680826930133,0.5,0.45369896119848163,0.2634908784943566
ICEWS05-15,2135,5737,111,2274,2609,3931,0,5.0,0.08031810385208005,7.0,0.3108489722987456,0.5003864857329985,0.4996135142670015,0.0689994577542067,0.5,0.24047811798919524,0.12847895730780215
ICEWS05-15,2136,5737,111,1568,3096,2609,0,43.0,1.3062362941534427,4.0,0.8042490800314893,0.12551775219800387,0.8744822478019961,0.5590714926629339,0.5,0.3412459643291385,0.3287139146569878
ICEWS05-15,2137,5737,111,3363,1096,1414,0,2.0,0.6799896962346595,13.0,0.6095068271022377,0.1723960557944728,0.8276039442055272,0.30397212785619243,0.5,0.3347865744136195,0.2474331912120972
ICEWS05-15,2138,5737,174,1725,1136,4126,0,5252.0,0.4989518486156735,1.0,0.5,0.0,1.0,0.9958161650455012,0.5,0.22694607138268785,0.37292219010226885
ICEWS05-15,2139,5737,180,3971,3425,19,0,22.0,0.761655641685701,2.0,0.5412194958693883,0.36481689431254416,1.0,0.8081387354931892,0.6824084471562721,0.25510627078632997,0.4649503422035424
ICEWS05-15,2140,5737,180,2477,3425,1939,0,3.0,0.7160680955691967,1.0,0.9611657480580811,0.0,1.0,0.5936249870831782,0.5,0.3158275057579001,0.34524349219835926
ICEWS05-15,2141,5737,137,1984,3425,1096,0,2.0,1.6258649769404558,21.0,1.0,0.7228512666842299,0.5461986759559126,0.29082760145551423,0.6345249713200714,0.4693068096002503,0.4312963797704538
ICEWS05-15,2142,5737,137,3026,5289,8370,0,37.0,0.13904948362263925,12.0,0.9423178739918808,4.301593090394462e-06,0.9999956984069096,0.03869707487235981,0.5,0.38881539862955367,0.24144008440273249
ICEWS05-15,2143,5737,137,1552,2609,63,0,5.0,0.1391616951577701,10.0,0.34320509065132626,0.3400575340341334,0.6599424659658666,0.07401182815887408,0.5,0.2601433399088315,0.14222632300246793
ICEWS05-15,2144,5737,137,138,47;9276,1677,0,4.75,0.6833646380725389,7.0,0.9803906099397734,0.25824385115053905,0.741756148849461,0.056826319634173485,0.5,0.38665658718666596,0.23081623033060486
ICEWS05-15,2145,5737,137,755,3124,6950,0,5270.0,2.26049853057263,5.0,0.9057236642639067,0.26512255887326175,0.7348774411267383,0.4944122977256329,0.5,0.3965802381083352,0.3316137549821549
ICEWS05-15,2146,5737,137,2302,530,3425,0,3.0,2.9277152791234147,31.0,0.9611657480580811,0.1332418022601647,0.8667581977398353,0.522496990132662,0.5,0.5159828259215061,0.428510106530758
ICEWS05-15,2147,5737,172,1404,1096,8845,0,5263.5,0.3500693137224812,2.0,0.7001394896518027,1.1130324439889705e-09,0.9999999988869676,0.33333278551471174,0.5,0.27510478610855227,0.22620415389953352
ICEWS05-15,2148,5737,172,3314,4775,1677,0,6.0,0.10301763408559517,5.0,0.4528618321319533,0.0004977997402731971,0.9995022002597268,0.12826585364279205,0.5,0.2540328515957096,0.15830137642717176
ICEWS05-15,2149,5737,172,620,3628,3628,1,1.0,0.6151256107103842,11.0,0.9611657480580811,0.6240752335579882,0.37592476644201184,0.13674072762114675,0.5,0.4013658288145701,0.25551529471145934
ICEWS05-15,2150,5737,202,2241,1096,1096,1,1.0,1.7035259439192254,4.0,0.9803906099397734,0.4950816493469845,0.9999355604195097,0.7814923467667638,0.7475086048832471,0.38925917190011505,0.6365982207093018
ICEWS05-15,2151,5737,95,3054,63,1414,0,13.0,0.49431012377479644,2.0,0.5520447568369061,9.67600659462775e-06,0.9999903239934054,0.8106234350394772,0.5,0.2514705150333502,0.33864442547978246
ICEWS05-15,2152,5737,95,1768,1096,1096,1,1.0,0.7596869841780778,4.0,0.7884782461155736,0.006768578270893055,0.993231421729107,0.9174786286770386,0.5,0.3246922309179817,0.4580604949272051
ICEWS05-15,2153,5737,168,3441,3628,5717,0,16.0,0.008709717901848126,1.0,0.02102969050988057,0.0,1.0,0.26116359469036843,0.5,0.15126183183308095,0.10629414955806722
ICEWS05-15,2154,5737,152,2780,3096,9832,0,4.0,0.3536789074270006,2.0,0.9057236642639067,0.0,1.0,0.24261666140338148,0.5,0.3149003841021715,0.24077688320589485
ICEWS05-15,2155,5737,91,2215,326,4740,0,5245.0,1.1920928955078144e-07,1.0,1.1920928955078144e-07,0.0,1.0,0.9999916114623681,0.5,0.14864757773504356,0.26178143490497313
ICEWS05-15,2156,5482,172,2777,4680,4055,0,55.0,0.2584544407002899,4.0,1.0,0.14102490354707864,0.8589750964529214,0.12486314304496994,0.5,0.3565174249259517,0.2411016472382891
ICEWS05-15,2157,5482,172,1384,7419,1343,0,5270.5,0.23739346537129924,1.0,0.9803906099397734,0.0,1.0,0.13774814446148798,0.5,0.3084065461441936,0.21417761057442986
ICEWS05-15,2158,5482,172,643,7835,3425,0,5254.0,0.18052950141712243,1.0,0.8534795977333005,0.0,1.0,0.11826912311832448,0.5,0.28255496676541225,0.1879741328103307
ICEWS05-15,2159,5482,172,3469,2714,2714,1,1.0,1.8190874513685191,10.0,0.7578582832551991,0.7237045424914834,0.7620908396587,0.4961012327882748,0.7428976910750917,0.38329392202614354,0.498970254517315
ICEWS05-15,2160,5482,6,3322,2167,9638,0,5260.0,0.9580166040169136,1.0,0.9611657480580811,0.0,1.0,0.9934686396166531,0.5,0.32158299909097354,0.48986579050779233
ICEWS05-15,2161,5482,41,2106,6180,1784,0,5251.0,0.8380191003847647,7.0,0.8705505632961241,0.0007248130269805753,0.9992751869730194,0.9266587195799733,0.5,0.3666572787868798,0.5046449905283343
ICEWS05-15,2162,5482,168,2468,6139,6139,1,1.0,0.006543013645484388,9.0,0.006537057682757059,0.0009103567123294187,0.9999999959775661,0.999999842692774,0.5004551763449477,0.19888765262550742,0.32449741208943034
ICEWS05-15,2163,5482,19,174,1773,0,0,5244.5,0.0,0.0,0.0,0.0,0.0,0.0,0.0,0.13079885792039397,0.013540413295886884
ICEWS05-15,2164,5802,140,503,3628,3628,1,1.0,0.9778639826634785,1.0,0.9803906099397734,0.0,1.0,0.9948589216240656,0.5,0.32597315002536703,0.49541678320404847
ICEWS05-15,2165,5802,41,3063,6176,6185,0,4.0,0.7482779728590256,92.0,0.4805828740290406,0.609704151402688,0.7168733174768311,0.43647110985280557,0.6632887344397596,0.4030210541384664,0.4440707428525125
ICEWS05-15,2166,5802,41,1831,1347,10321,0,15.0,0.572930346262968,24.0,0.7141434062641757,0.34043092680095277,0.6595690731990472,0.35975557349544973,0.5,0.38303551777694045,0.30407497470141776
ICEWS05-15,2167,5802,41,3614,10321,6185,0,14.0,1.1258712124489219,103.0,0.4805828740290406,0.4390842164103802,0.8555943282810314,0.5271248480260916,0.6473392723457059,0.4188374215618265,0.4736446433915036
ICEWS05-15,2168,5802,125,1609,10120,9734,0,1.0,0.0037048821958429734,34.0,1.0,0.0036912067107253144,0.9963087932892747,0.0018490159048659962,0.5,0.4499026631004943,0.27773914491472296
ICEWS05-15,2169,5802,56,620,1421,5379,0,6.0,0.7209608756739516,4.0,1.0,0.38782415495847855,0.6121758450415214,0.28316568949685667,0.5,0.3682246778242815,0.28032076391784005
ICEWS05-15,2170,5802,224,3946,7394,4853,0,5256.0,0.06170862906279195,30.0,0.7429971445684742,0.07759183309747841,0.9224081669025216,0.03983037515472677,0.5,0.3870512372071256,0.23096111023909577
ICEWS05-15,2171,5802,224,468,9734,4853,0,2.0,1.4020346635734504,15.0,0.7001394896518027,0.4283639587759871,0.7717092880080908,0.41211651326925647,0.6000366233920389,0.37881281317118376,0.3669684461091831
ICEWS05-15,2172,5802,133,773,9734,9734,1,1.0,1.7348306168715608,12.0,0.9803906099397734,0.4438626466701405,0.9881367915081588,0.9687010835740134,0.7159997190891496,0.43977873734342116,0.7154221371507653
ICEWS05-15,2173,5802,133,3621,9734,1677,0,5.0,0.4560303278447695,16.0,0.7578582832551991,0.34450954194932015,0.6554904580506798,0.2456650548959798,0.5,0.37015369918445185,0.2644291415008908
ICEWS05-15,2174,5802,137,1713,1677,9423,0,1.0,0.8535407290209758,4.0,1.0,3.755331601240641e-10,0.9999999996244668,0.7445015711130986,0.5,0.3716101691448906,0.44889373920857834
ICEWS05-15,2175,5802,152,585,913,913,1,1.0,4.614146523671614,24.0,0.8879629756445782,0.3846386432524824,0.8465134383472172,0.4601538001850796,0.6155760407998498,0.5318811580693942,0.45361196086948646
ICEWS05-15,2176,5802,152,3196,1096,9837,0,4.0,0.3581874499461817,3.0,0.7884782461155736,0.0,1.0,0.0836785105870388,0.5,0.3048859862802814,0.18846412338676738
ICEWS05-15,2177,5802,152,424,10266,913,0,5261.5,0.10215103558555905,13.0,0.4711589369959404,0.6491306421288139,0.3508693578711861,0.022103174205213558,0.5,0.2934740818145561,0.15066457364811028
ICEWS05-15,2178,5802,152,3468,1096,1096,1,1.0,3.3388050470423045,21.0,0.5100008047105996,0.6492674505443594,0.8886007364459796,0.7116504900275515,0.7689340934951695,0.4034985552848971,0.5631506786654378
ICEWS05-15,2179,5802,167,448,9734,10392,0,7.0,0.06210074082591069,2.0,0.1971195615288934,0.0014490634659198864,0.9985509365340801,0.18665098613830414,0.5,0.1872194030921129,0.12119763780996544
ICEWS05-15,2180,5802,172,2277,9816,1096,0,5258.5,0.40234037938791795,2.0,0.6729500963161781,4.607538184320248e-08,0.9999999539246182,0.4264068343069106,0.5,0.27122197522640723,0.24617011627952437
ICEWS05-15,2181,5802,168,2880,9962,9734,0,2.0,0.008911719763194825,8.0,0.009336793281019053,2.220446049250313e-16,0.9999999999999998,0.9129114283077385,0.5,0.19576197261113593,0.2926950491319871
ICEWS05-15,2182,5802,105,1616,1677,1677,1,1.0,1.6753375837255184,8.0,0.9803906099397734,0.4653982971949342,0.9999995163210829,0.8408621316124525,0.7326989067580085,0.41886183230469237,0.6712808069343947
ICEWS05-15,2183,5802,180,58,9734,4853,0,5244.5,1.3206366545533264,2.0,1.0,0.0,1.0,0.5002137655252397,0.5,0.35808101758749933,0.337451098208858
ICEWS05-15,2184,5802,161,1770,1677,10120,0,5247.0,7.721340975180412e-12,2.0,4.358785438624118e-05,1.771442920128763e-07,0.999999822855708,8.857215285583963e-08,0.5,0.15999791626423093,0.07792169810483207
ICEWS05-15,2185,5802,138,6,9734,0,0,5244.5,0.0,0.0,0.0,0.0,0.0,0.0,0.0,0.13079885792039397,0.013540413295886884
ICEWS05-15,2186,5802,175,518,9816,9816,1,1.0,0.836743383392903,1.0,0.836743383392903,0.0,1.0,0.999999999998805,0.5,0.2941126818377615,0.4598463537911714
ICEWS05-15,2187,6802,0,3181,7957,0,0,5244.5,0.0,0.0,0.0,0.0,0.0,0.0,0.0,0.13079885792039397,0.013540413295886884
ICEWS05-15,2188,1736,56,782,8796,1734,0,5245.0,0.008798227194471544,1.0,0.008798227194471544,0.0,1.0,0.9999999998863407,0.5,0.1498086413726371,0.2635673156400077
ICEWS05-15,2189,1421,56,620,5379;5802,10120,0,2.5,0.11985952327528326,15.0,0.6597539553864471,0.4053162654200405,0.5946837345799595,0.05710369329615117,0.5,0.33791106225833717,0.19395377734569721
ICEWS05-15,2190,1421,56,2747,5379,9734,0,4.0,0.23877497589074914,73.0,1.0,0.19275088739911062,0.8072491126008894,0.10665429909749596,0.5,0.49631862596644793,0.33510236933768106
ICEWS05-15,2191,1421,56,2094,9734,10120,0,3.0,0.6370733463270346,69.0,0.5743491774985175,0.7231153374848223,0.2768846625151778,0.14249752223976375,0.5,0.40641198604495515,0.23875994564361702
ICEWS05-15,2192,1421,56,822,4853,10120,0,3.0,0.6463319912668404,28.0,0.3298769776932236,0.6265719980429081,0.6557569064768548,0.2360575123997474,0.6411644522598814,0.3112812029984619,0.27433521775509667
ICEWS05-15,2193,1421,105,1049,10120,10120,1,1.0,1.1319979030888618,41.0,0.5743491774985175,0.04002862176773503,0.974719323386084,0.9318956016431073,0.5073739725769095,0.3931341779189336,0.5077450130787584
ICEWS05-15,2194,1421,105,2055,9734,10120,0,4.0,0.6700303207867799,72.0,0.7730166686334901,0.22189609868886173,0.7781039013111383,0.20522511589636944,0.5,0.4547573218051719,0.3121560213505243
ICEWS05-15,2195,1421,105,3947,1677,10120,0,4.0,0.21814729290145796,94.0,0.3170664520316462,0.5491999812012907,0.4508000187987094,0.18354283999633964,0.5,0.3546954957817887,0.21607935482632085
ICEWS05-15,2196,1421,41,993,7331,7331,1,1.0,1.079668735393803,2.0,0.9803906099397734,0.0,1.0,0.3851222791909009,0.5,0.3478876056259844,0.29621342929374045
ICEWS05-15,2197,1421,41,1809,1779,1779,1,1.0,2.8284321786973523,11.0,0.9803906099397734,0.4802061490842594,0.9999999917540056,0.6189761600867635,0.7401030704191325,0.4652026506860177,0.6073962167423025
ICEWS05-15,2198,1421,224,2099,4853,9734,0,5.0,0.17328914851267707,31.0,0.836743383392903,0.2991596865711377,0.7008403134288623,0.07825063742736706,0.5,0.41253002894496105,0.2561109988391182
ICEWS05-15,2199,1421,224,3843,9734,1677,0,2.0,0.012374042095466886,16.0,0.24029143701452027,0.07344488567752416,0.9265551143224758,0.02443999321470938,0.5,0.25703314377433695,0.13364993287681415
ICEWS05-15,2200,1421,133,2082,10120,4680,0,3.0,0.07328989562364585,4.0,0.5743491774985175,0.23657822032729448,0.7634217796727055,0.016947898438070312,0.5,0.2676440702863263,0.14560762267941768
ICEWS05-15,2201,1421,133,2538,1677,9734,0,2.0,1.2101604648043365,39.0,1.0,0.5475441644195345,0.7228229783392205,0.37697818469053374,0.6351835713793774,0.48993952030524957,0.49787129212084413
ICEWS05-15,2202,1421,133,445,9423,9423,1,1.0,0.16264492659876117,1.0,0.9803906099397734,0.0,1.0,0.09045194583215783,0.5,0.30666257990523127,0.20260068508879978
ICEWS05-15,2203,1421,125,2334,9734,9734,1,1.0,7.1051830473408,116.0,0.9611657480580811,0.7239052399069877,0.8626097765283434,0.724265001494529,0.7932575082176656,0.6899076348875317,0.7447030669010871
ICEWS05-15,2204,1421,125,1333,9734,9734,1,1.0,11.181907165826836,43.0,0.8879629756445782,0.7349569839340079,0.9672465183701815,0.7332580004697824,0.8511017511520946,0.7248198111527268,0.720979377621004
ICEWS05-15,2205,1421,125,1313,9734,9734,1,1.0,9.664952245826903,36.0,0.9803906099397734,0.5353146470817032,0.942575120837496,0.7587755390469738,0.7389448839595996,0.7007951471884094,0.6765199015114319
ICEWS05-15,2206,1421,125,716,10120,10120,1,1.0,1.8403433560434637,20.0,0.6597539553864471,0.7229743675013498,0.8547796453472557,0.629654602040161,0.7888770064243027,0.395129660183774,0.5890808766064807
ICEWS05-15,2207,1421,152,465,10253,10253,1,1.0,1.513322605197559,3.0,0.9238395952400507,0.2987316984692451,0.7012683015307549,0.4372473754941271,0.5,0.3608419237154991,0.302695572015082
ICEWS05-15,2208,1421,152,774,8092,1677,0,5257.5,0.3228025905397258,3.0,0.6864101813026526,0.46539944898309105,0.534600551016909,0.1437787580074535,0.5,0.28436182035343577,0.17802854400230184
ICEWS05-15,2209,1421,152,993,10120,10120,1,1.0,0.7282263298953644,15.0,0.7429971445684742,0.6259835108793905,0.37401648912060953,0.2244255951543852,0.5,0.370853210270811,0.24637633684147797
ICEWS05-15,2210,1421,250,1767,9734,9734,1,1.0,0.9808886576006236,2.0,0.9803906099397734,0.0005077514731064436,1.0,0.9999999999989806,0.5002538757365532,0.34543653169086924,0.5161296199689829
ICEWS05-15,2211,1421,180,667,1677,8833,0,3.0,0.33112670520392795,1.0,0.34320509065132626,0.0,1.0,0.9320070520560432,0.5,0.19943557208562587,0.31434120614731165
ICEWS05-15,2212,1421,167,1563,4853,9734,0,5.0,0.21295923266735234,6.0,0.5202016416109183,0.013961932911414232,0.9860380670885858,0.25286791552837656,0.5,0.2749817921500454,0.19999023666748056
ICEWS05-15,2213,1421,137,1902,9423,10120,0,6.0,0.01917764281042139,19.0,0.18574928614211858,0.467850372958485,0.532149627041515,0.028246796671092367,0.5,0.25415708122293523,0.12608015358429353
ICEWS05-15,2214,1421,137,1186,9734,1677,0,1.0,0.5978754257386898,8.0,1.0,0.45130168859038533,0.5486983114096147,0.05945833055620908,0.5,0.3947814321409825,0.23545377056473155
ICEWS05-15,2215,1421,170,3597,10367,3389,0,5248.5,6.056506501319668e-08,1.0,6.451839159362193e-08,0.0,1.0,0.8845138126289881,0.5,0.14864757048595573,0.229533639134504
ICEWS05-15,2216,1421,23,1159,9734,9734,1,1.0,0.9610970119081242,1.0,0.9611657480580811,0.0,1.0,0.9998569835943549,0.5,0.32165663139444506,0.4922625204746002
ICEWS05-15,2217,1421,178,2368,10120,9734,0,2.0,0.007602754881735841,4.0,0.0040640753250852975,0.46544701383856824,1.0,0.9999999998684687,0.7327235069192841,0.17593853548022542,0.45888542790140235
ICEWS05-15,2218,5465,172,3099,7946,7946,1,1.0,5.825609078721103,20.0,0.9803906099397734,0.5112476680486729,1.0,0.9999999999998284,0.7556238340243364,0.5766353191008032,0.7528802564409425
ICEWS05-15,2219,6115,56,2054,5816,6063,0,5254.0,0.6128389062353604,2.0,0.6597539553864471,0.0006832628031069321,0.9993167371968931,0.8661162487581016,0.5,0.273360144996041,0.38387467347189946
ICEWS05-15,2220,6115,168,386,3751,47,0,5246.5,0.1163867839738642,1.0,0.4528618321319533,0.0,1.0,0.14744881036212365,0.5,0.2122555083735893,0.13661132604924703
ICEWS05-15,2221,6115,59,3327,12,10414,0,5249.0,0.25833312689505994,1.0,0.5630865404461788,0.0,1.0,0.2976736962902802,0.5,0.23266313791962692,0.1820952704700188
ICEWS05-15,2222,6115,172,2742,3944,2881,0,4.0,0.03555495867273596,2.0,0.03589682359365735,1.7903106774852517e-09,0.9999999982096893,0.9811325962125619,0.5,0.16506583166450028,0.27824089915036365
ICEWS05-15,2223,6115,137,3188,6063,6063,1,1.0,0.976484359939772,1.0,0.9803906099397734,0.0,1.0,0.9920628620094624,0.5,0.3259399413043199,0.4943676734779613
ICEWS05-15,2224,5717,196,2738,39,0,0,5244.5,0.0,0.0,0.0,0.0,0.0,0.0,0.0,0.13079885792039397,0.013540413295886884
ICEWS05-15,2225,5717,191,2795,9419,0,0,5244.5,0.0,0.0,0.0,0.0,0.0,0.0,0.0,0.13079885792039397,0.013540413295886884
ICEWS05-15,2226,1149,172,760,7322,4689,0,6.0,1.301194149811516,22.0,0.8534795977333005,0.5824854552116838,0.7809820669381096,0.46684828755315755,0.6817337610748967,0.42917639881143355,0.5037443160834115
ICEWS05-15,2227,1149,137,381,1784,9832,0,5247.0,0.9554484838381632,4.0,0.8534795977333005,0.13501478748265006,0.9797269090816245,0.9386020009919528,0.5573708482821373,0.34289960265510067,0.5251400617838191
ICEWS05-15,2228,1149,56,623,9832,9832,1,1.0,0.32230175837864783,8.0,0.9803906099397734,0.24741202621359537,0.7525879737864046,0.14116953323544837,0.5,0.3832719520847589,0.2596050147929968
ICEWS05-15,2229,6344,58,1626,2799,5718,0,5245.0,0.3398400694047077,2.0,0.17160254532566316,0.0,1.0,0.9999999999970575,0.5,0.1882411334981145,0.31317367547134756
ICEWS05-15,2230,6344,167,3113,8451,0,0,5244.5,0.0,0.0,0.0,0.0,0.0,0.0,0.0,0.13079885792039397,0.013540413295886884
ICEWS05-15,2231,3389,167,2201,10444,9419,0,5251.0,0.6007081865200556,1.0,0.6095068271022377,0.0,1.0,0.9715395025839927,0.5,0.24737562665554544,0.3913614232673402
ICEWS05-15,2232,3389,56,1236,3627,8068,0,5256.0,0.3383330059911356,8.0,0.7730166686334901,0.42242768089162586,0.5775723191083741,0.14468285189936456,0.5,0.3392220395938296,0.2170409956004576
ICEWS05-15,2233,3389,56,2758,1414,3391,0,17.0,0.08819714687487562,3.0,0.2871745887492588,0.18762585120364283,0.8123741487963572,0.14252848323909725,0.5,0.21083870417514236,0.12778473152199787
ICEWS05-15,2234,3389,172,1235,1677,7394,0,10.0,0.18859501839050669,1.0,0.6597539553864471,0.0,1.0,0.16676352322153176,0.5,0.24766883733680745,0.16854746722812222
ICEWS05-15,2235,3389,170,1250,2971,5379,0,5245.5,5.076797575035657e-08,1.0,5.0871348245936636e-08,0.0,1.0,0.9959246286636426,0.5,0.1486475687441435,0.26059742342380404
ICEWS05-15,2236,19,167,3166,213,1414,0,5245.5,0.5582295252540109,1.0,0.5630865404461788,0.0,1.0,0.9828961341512179,0.5,0.23858040573364916,0.3838814355511523
ICEWS05-15,2237,19,167,3617,3425,3425,1,1.0,5.190966993299455,6.0,0.9803906099397734,0.15852517256246712,1.0,0.8634581467589434,0.5792625862812335,0.5009540543869581,0.5464077579616037
ICEWS05-15,2238,19,56,3729,530,8845,0,7.5,0.47300460460323523,2.0,0.7284274237469965,0.0,1.0,0.196093585785429,0.5,0.28310699731652184,0.19642666543121207
ICEWS05-15,2239,19,56,3905,5737,7882,0,34.0,1.0386040584783593,2.0,0.9803906099397734,0.0,1.0,0.3651259966227258,0.5,0.34686766194610946,0.29009452749803444
ICEWS05-15,2240,19,111,3804,530,8845,0,5251.5,0.17885050828174653,2.0,0.5412194958693883,0.2371356112471379,0.7628643887528621,0.144226891382459,0.5,0.24316365671283333,0.15341288168147607
ICEWS05-15,2241,19,180,3446,4668,1136,0,5247.0,0.0,1.0,0.9423178739918808,0.0,0.0,0.0,0.0,0.29546420876918855,0.04068452269800662
ICEWS05-15,2242,19,137,3931,3425,1677,0,19.0,1.0240711067078523,10.0,0.597554769985219,0.2763860842320428,0.7236139157679572,0.46234295995565305,0.5,0.3292108848823488,0.2793974680904077
ICEWS05-15,2243,19,133,3669,10392,9568,0,5246.5,0.5341954245122036,2.0,0.3865083343167451,0.29910134924787035,1.0,0.9393302177151882,0.6495506746239352,0.22437566522936234,0.4496538070128699
ICEWS05-15,2244,1778,245,3757,2243,2243,1,1.0,0.29949422490827593,4.0,0.9803906099397734,8.520654959376373e-08,0.9999999147934504,0.18027842010158146,0.5,0.353371902872128,0.2556716539764878
ICEWS05-15,2245,1778,168,2278,9648,1858,0,6.0,0.027842389532938813,2.0,0.09287464307105926,1.1102230246251565e-16,0.9999999999999999,0.1763215548569264,0.5,0.1723775281924837,0.1084425760406488
ICEWS05-15,2246,1778,137,1138,9648,9648,1,1.0,0.1814463437752878,7.0,0.12750020117764987,0.29731182933768785,0.9999999967451408,0.999999971808998,0.6486559130414143,0.21257458918659194,0.44945362405376965
ICEWS05-15,2247,1778,180,1486,1096,1137,0,5245.0,2.5843123895016578e-11,1.0,2.5843123895016578e-11,0.0,1.0,0.9627465117729591,0.5,0.14864756205714055,0.2510687862700998
ICEWS05-15,2248,1778,6,1640,1137,1137,1,1.0,0.0003888494446500658,2.0,0.00019634987305456277,0.0,1.0,0.9999999963479089,0.5,0.16002273508580733,0.2764553347695407
ICEWS05-15,2249,1778,183,649,9648,0,0,5244.5,0.0,0.0,0.0,0.0,0.0,0.0,0.0,0.13079885792039397,0.013540413295886884
ICEWS05-15,2250,1778,250,3845,7970,7970,1,1.0,7.337929736862441e-08,3.0,1.0377771416856317e-07,0.0,1.0,0.5468837859251158,0.5,0.16845985295456467,0.16894494570398383
ICEWS05-15,2251,5459,244,1647,130,0,0,5244.5,0.0,0.0,0.0,0.0,0.0,0.0,0.0,0.13079885792039397,0.013540413295886884
ICEWS05-15,2252,5459,41,2440,9982,9982,1,1.0,1.9020888107095888,2.0,0.9611657480580811,0.0,1.0,0.9985355376842712,0.5,0.3644475778092939,0.5067119260817394
ICEWS05-15,2253,9465,159,3800,10120,1677,0,2.0,1.8676070024544895,3.0,0.9611657480580811,0.0,1.0,0.5026818676864355,0.5,0.3779666543210845,0.3389673786861126
ICEWS05-15,2254,5960,172,3630,10467,4775,0,5248.0,0.944547187877438,4.0,0.8879629756445782,0.05993012873780923,0.9999994201156791,0.9999490479663359,0.5299647744267442,0.34988891632435803,0.5374051370949925
ICEWS05-15,2255,8157,172,2616,3623,3623,1,1.0,0.16293705235567543,7.0,0.12014571850726015,0.26314514061519034,0.9999648789864987,0.9985900462715995,0.6315550098008444,0.2110941983390708,0.4343959173192688
ICEWS05-15,2256,3096,56,1806,1677,9423,0,5.0,0.9243122796668638,8.0,0.9238395952400507,0.010057947973818537,0.9899420520261815,0.3334470144007307,0.5,0.3864368369192924,0.3099074864087026
ICEWS05-15,2257,3096,56,46,3253,0,0,5244.5,0.0,0.0,0.0,0.0,0.0,0.0,0.0,0.13079885792039397,0.013540413295886884
ICEWS05-15,2258,3096,56,985,7837,5737,0,5251.5,0.5896319496239342,9.0,0.8534795977333005,0.021505740143719088,0.9784942598562809,0.510573042365359,0.5,0.3677662955873909,0.357822832720422
ICEWS05-15,2259,3096,111,109,5737,9289,0,5245.5,0.23302705286165953,1.0,0.5202016416109183,0.0,1.0,0.28862263229797547,0.5,0.22513559536922542,0.1734991770043305
ICEWS05-15,2260,3096,111,1881,1677,1136,0,3.0,0.2551884256225487,2.0,0.5,0.04785986426416278,0.9521401357358372,0.32096058631368546,0.5,0.23769132037506618,0.18769701919496118
ICEWS05-15,2261,3096,167,1708,9423,9568,0,6.0,0.5357306449282264,30.0,0.7141434062641757,0.6760272984494553,0.32397270155054475,0.13832684030864464,0.5,0.39302311197866147,0.238690783804373
ICEWS05-15,2262,3096,167,3095,8370,8370,1,1.0,0.9146586074116927,3.0,0.9803906099397734,7.83422215988594e-11,0.9999999999216578,0.8743321254845894,0.5,0.35784867755234334,0.48200906069778277
ICEWS05-15,2263,3096,167,1155,9568,1677,0,2.0,0.4994816615963087,31.0,0.7884782461155736,0.5305986583896684,0.46940134161033165,0.1746424685084367,0.5,0.4103156556458449,0.26828934429226914
ICEWS05-15,2264,3096,137,1525,4853,4853,1,1.0,0.011425720531204497,9.0,0.9803906099397734,0.046567739020883625,0.9534322609791164,0.0019287129716254307,0.5,0.3805664410154691,0.22947955875002796
ICEWS05-15,2265,3096,137,2599,5245,1677,0,29.0,0.4877202948575905,29.0,1.0,0.22691561486613787,0.7730843851338621,0.23232305307992196,0.5,0.45484874336710807,0.3387203090100882
ICEWS05-15,2266,3096,137,3376,9423,9423,1,1.0,0.08527913883859678,55.0,0.2706097479346942,0.3749487971868898,0.6250512028131102,0.10924803577644956,0.5,0.3165706049400103,0.17867697945737515
ICEWS05-15,2267,3096,137,1555,9424,9568,0,12.0,0.1934854255566556,14.0,0.9057236642639067,0.020806139291992598,0.9791938607080074,0.055757669719467655,0.5,0.389439929911021,0.24326432831924358
ICEWS05-15,2268,3096,172,3350,4680,1677,0,9.0,0.22910350023473203,12.0,0.18946457081379975,0.27941164608056124,0.988285898605159,0.7720232289198252,0.6338487723428601,0.2418611593535139,0.3921022782461347
ICEWS05-15,2269,3096,180,3478,9467,9467,1,1.0,0.9803906092339362,1.0,0.9803906099397734,0.0,1.0,0.9999999985590697,0.5,0.3260339726578856,0.49734590470048506
ICEWS05-15,2270,3096,6,383,4680,0,0,5244.5,0.0,0.0,0.0,0.0,0.0,0.0,0.0,0.13079885792039397,0.013540413295886884
ICEWS05-15,2271,8164,222,101,1741,10297,0,5245.0,0.7730166686334901,1.0,0.7730166686334901,0.0,1.0,0.9999999999987064,0.5,0.2805503014406317,0.4433297607917655
ICEWS05-15,2272,4749,56,3187,4680,4680,1,1.0,0.8230512741315069,24.0,0.27602237841845306,0.6110690134850341,0.9383534356635455,0.8726186369911942,0.7747112245742898,0.2980318853584999,0.5826779834539914
ICEWS05-15,2273,4749,168,3016,4680,9535,0,2.0,0.04750946469616914,1.0,0.12014571850726015,0.0,1.0,0.2464414287528285,0.5,0.16406062041130595,0.11438588859029966
ICEWS05-15,2274,4749,172,3087,4680,4680,1,1.0,2.588066515605729,88.0,0.7730166686334901,0.7161545165697469,0.9505611343499635,0.9053373929091034,0.8333578254598553,0.5177860126524582,0.7848717160553467
ICEWS05-15,2275,4749,172,3339,4680,4680,1,1.0,6.2601723797703785,106.0,0.8879629756445782,0.7624738125929792,0.9685853347214214,0.9260372683065239,0.8655295736572003,0.6501904018093703,0.8210010150240954
ICEWS05-15,2276,4749,180,2744,6563,4617,0,5248.5,0.4881514501717354,2.0,0.6597539553864471,6.079682990378643e-08,0.9999999392031701,0.5871746070438891,0.5,0.2706551146242302,0.290707828118668
ICEWS05-15,2277,9150,172,848,4716,530,0,5247.5,0.2727472332145443,2.0,0.35707170313208786,0.0,1.0,0.2418387094218362,0.5,0.2147777043617824,0.15044801086933646
ICEWS05-15,2278,9150,56,765,2253,1677,0,5246.0,0.298662496668971,1.0,0.5858370854182298,0.0,1.0,0.34210595975527597,0.5,0.23726007196162843,0.19597481949329087
ICEWS05-15,2279,1823,172,1789,5833,7957,0,5252.5,0.44756201673615803,36.0,0.7884782461155736,0.2625944348162692,0.7374055651837308,0.26467957313783014,0.5,0.41648729034666704,0.30793812233549844
ICEWS05-15,2280,1823,172,1447,7957,7957,1,1.0,1.0122149164488072,24.0,0.4901953049698867,0.5399478794379585,0.6088367908122008,0.31960180961321505,0.5743923351250797,0.3459691778941388,0.28590823385461667
ICEWS05-15,2281,1823,172,1306,7957,7957,1,1.0,0.5899201307297672,16.0,0.9611657480580811,0.37751520117346304,0.622484798826537,0.23613447936237797,0.5,0.4187676848342558,0.3042131990414406
ICEWS05-15,2282,1823,133,3376,7957,6352,0,2.0,0.00011058364219606,2.0,5.638669404541322e-05,0.0,1.0,0.9999997954121895,0.5,0.16000114412806843,0.27642640263803026
ICEWS05-15,2283,1823,64,3118,7957,7957,1,1.0,0.862292486333085,28.0,0.8879629756445782,0.3593544761024402,0.6406455238975598,0.45151030658756897,0.5,0.437450686568932,0.38123421830148563
ICEWS05-15,2284,1823,64,1908,7957,7957,1,1.0,0.9387472998420667,19.0,0.6597539553864471,0.663912438186864,0.6404900198120518,0.3142422420331619,0.6522012289994579,0.36934175433239114,0.36686872092425254
ICEWS05-15,2285,1823,56,2693,9964,6423,0,5248.0,0.3282965149276117,4.0,0.3298769776932236,6.594365013445902e-05,0.9999340563498655,0.9903335571549776,0.5,0.2304088476343168,0.3686787859826467
ICEWS05-15,2286,1823,167,3915,10120,1677,0,5245.5,3.196346468771116e-10,2.0,3.196346486465323e-10,1.1102230246251565e-16,0.9999999999999999,0.9968811744534029,0.5,0.15999246892369184,0.2754747267377019
ICEWS05-15,2287,7602,172,1229,7173,7746,0,6.0,0.39913119937385244,1.0,0.410167678003819,0.0,1.0,0.9475955853871786,0.5,0.21080046412126965,0.3348533621319048
ICEWS05-15,2288,7602,6,3089,574,7173,0,5246.5,2.8724425318069766e-16,3.0,2.872442651431478e-16,8.599909673279171e-11,0.9999999999140009,0.000287161767606335,0.5,0.16845983831025102,0.08182915719037831
ICEWS05-15,2289,9908,56,509,1299,7964,0,5245.5,0.0037316179644507667,1.0,0.00515432777645662,0.0,1.0,0.5673706305752988,0.5,0.14930706283941528,0.15656786461322403
ICEWS05-15,2290,9908,172,3038,1677,4853,0,6.0,0.4849433297973593,40.0,0.36421371187349827,0.2787713912043793,0.9798620534876542,0.9236347407902025,0.6293167223460168,0.3305675806833689,0.541921188940954
ICEWS05-15,2291,9908,172,3399,4853,4853,1,1.0,0.6986524182305988,43.0,0.5,0.28847550244630105,0.9994355911489968,0.9884997536586302,0.643955546797649,0.36800323277147606,0.6144407569454851
ICEWS05-15,2292,9915,172,38,9281,0,0,5244.5,0.0,0.0,0.0,0.0,0.0,0.0,0.0,0.13079885792039397,0.013540413295886884
ICEWS05-15,2293,10386,172,1020,4853,4853,1,1.0,6.30649023855678,12.0,0.9611657480580811,0.6883516975008066,0.8187388426050859,0.6282112390219547,0.7535452700529462,0.5599415458325656,0.6012154802391461
ICEWS05-15,2294,10386,172,1038,4853,4853,1,1.0,6.406700027322267,15.0,0.8879629756445782,0.7817871242142814,0.8730828369472851,0.6447040811469903,0.8274349805807832,0.5568449437352538,0.6507759008978299
ICEWS05-15,2295,10386,56,1282,2609,2609,1,1.0,0.11884337981518023,5.0,0.6864101813026526,0.5673788551081997,0.43262114489180026,0.034990193889665226,0.5,0.29769282714099654,0.1641274101865044
ICEWS05-15,2296,10386,137,3154,9423,10367,0,7.0,0.12625010058183123,2.0,0.06375010058882494,0.0,1.0,0.9999999998812878,0.5,0.17006431719349135,0.289757261214545
ICEWS05-15,2297,10386,105,1322,1677,9423,0,1.0,0.8150791050524772,3.0,1.0,0.03271959963027937,0.9672804003697206,0.6507234882204239,0.5,0.3595336440812689,0.4035574324835712
ICEWS05-15,2298,10386,113,1138,5496,5496,1,1.0,0.597554769985219,1.0,0.597554769985219,0.0,1.0,0.9999999999983266,0.5,0.2452482424001741,0.39859998844958006
ICEWS05-15,2299,10386,167,1101,9423,1677,0,5245.0,15.748164700654746,27.0,1.0,0.6812842570381206,0.9634504856699354,0.8889621224833338,0.822367371354028,0.8139688998169318,0.7431886309446163
ICEWS05-15,2300,10386,171,3015,4853,1677,0,1.0,0.9999999999999999,1.0,1.0,0.0,1.0,0.9999999999989996,0.5,0.3305286386634707,0.502476777872722
ICEWS05-15,2301,10411,137,2517,1677,1096,0,3.0,0.3059470592595668,8.0,0.7884782461155736,0.4137541863097748,0.5862458136902252,0.040221183582140066,0.5,0.34165368741080926,0.19424079665198274
ICEWS05-15,2302,10411,172,2569,4853,4853,1,1.0,6.3460830084299955,53.0,0.6597539553864471,0.8412001898130287,0.8584133102169526,0.7287107905491031,0.8498067500149906,0.5671929157184057,0.689232931977291
ICEWS05-15,2303,10411,172,2533,10387,4853,0,5248.5,9.413204766747032,49.0,0.7284274237469965,0.8256193277735402,0.931828923243489,0.8233882803031117,0.8787241255085145,0.657863515671818,0.7399664367446748
ICEWS05-15,2304,10411,172,2526,4853,4853,1,1.0,10.812932830812567,49.0,0.836743383392903,0.8256193277735402,0.9318289232434891,0.8233882803031213,0.8787241255085146,0.7125623933461521,0.7575169683304299
ICEWS05-15,2305,10411,56,2676,1096,1096,1,1.0,0.24433532814129588,10.0,0.5306065116666864,0.21758446747136895,0.782415532528631,0.10114678255321086,0.5,0.29745689583631163,0.1758473809725573
ICEWS05-15,2306,10411,167,2641,9423,4853,0,3.0,0.6631483966117369,14.0,0.7578582832551991,0.6478914748157589,0.352108525184241,0.08435059079142472,0.5,0.3691858821481127,0.20967600560814895
ICEWS05-15,2307,10411,64,2153,4853,0,0,5244.5,0.0,0.0,0.0,0.0,0.0,0.0,0.0,0.13079885792039397,0.013540413295886884
ICEWS05-15,2308,10411,126,2512,1677,913,0,5243.5,0.0,1.0,1.0,0.0,0.0,0.0,0.0,0.3067509553104603,0.04314417424605095
ICEWS05-15,2309,1414,167,3488,6241,4684,0,2.0,0.021690666472679254,19.0,0.597554769985219,0.23544207995885247,0.7645579200411475,0.004739712173553712,0.5,0.3332879631040476,0.1812451651759677
ICEWS05-15,2310,1414,167,2129,1677,10120,0,4.0,1.0393572324738107,7.0,0.9803906099397734,0.587824197939325,0.8162690880453555,0.2795631456063487,0.7020466429923402,0.3959458895466575,0.43599098046144924
ICEWS05-15,2311,1414,167,1682,537,9419,0,2.0,0.7476980538129206,2.0,0.9238395952400507,0.46539803861923645,0.5346019613807635,0.27605824962934405,0.5,0.3279891337956587,0.24279863386603412
ICEWS05-15,2312,1414,111,3428,7861,7861,1,1.0,0.3160390646894191,1.0,0.9803906099397734,0.0,1.0,0.1921511306145696,0.5,0.3102473517977161,0.22810006082843412
ICEWS05-15,2313,1414,111,2753,4680,6968,0,30.0,0.7183803798432854,4.0,0.5306065116666864,0.39276814911879676,0.9999994815939052,0.6979691577076145,0.696383815356351,0.2735649755918369,0.4547507662751158
ICEWS05-15,2314,1414,111,516,4680,10466,0,2.5,0.7107660030408872,1.0,0.7884782461155736,0.0,1.0,0.8205654667306627,0.5,0.2820782645538715,0.38202180484459697
ICEWS05-15,2315,1414,180,3422,3944,3627,0,5264.5,0.23787721188343602,1.0,0.8534795977333005,0.0,1.0,0.16192235323931997,0.5,0.2838303601917975,0.19809232288020898
ICEWS05-15,2316,1414,95,3366,1136,1136,1,1.0,0.9600833848660891,4.0,0.9803906099397734,0.006494602094741175,0.9935053979052588,0.9472803463435117,0.5,0.37007911609577315,0.5193820059462697
ICEWS05-15,2317,1414,137,2120,1421,10120,0,31.0,0.7338521412694616,8.0,1.0,0.5229946326168514,0.4770053673831486,0.212158980240913,0.5,0.3983463617073709,0.2773588108209156
ICEWS05-15,2318,1414,137,2571,1432,4853,0,2.0,0.08283825948866808,26.0,0.5306065116666864,0.029579769582752435,0.9704202304172476,0.039771815747692715,0.5,0.3352486141149254,0.1901820376242646
ICEWS05-15,2319,1414,137,791,1677,1677,1,1.0,2.114216902765032,11.0,0.9611657480580811,0.48717270643568267,0.9636457531358386,0.4036917026284753,0.7254092297857606,0.44138576583455424,0.513492573059892
ICEWS05-15,2320,1414,56,2082,1136,5737,0,1.0,0.6321974188322639,16.0,1.0,0.4335618315273031,0.5664381684726969,0.21810153552853567,0.5,0.4287162787517171,0.30570911521805555
ICEWS05-15,2321,1414,56,3024,9423,5737,0,37.0,0.9505969759250799,30.0,0.9238395952400507,0.047845307144931626,0.9521546928550684,0.19980749222968644,0.5,0.4516082174508429,0.31434155646504514
ICEWS05-15,2322,1414,56,1529,9305,8410,0,5268.0,0.10739225363324922,2.0,0.7884782461155736,0.19373788276158765,0.8062621172384123,0.058097180537422514,0.5,0.28632165748211813,0.17230396285341323
ICEWS05-15,2323,1414,56,2141,1136,1136,1,1.0,1.318738049312516,11.0,0.9803906099397734,0.49214725030221473,0.5078527496977853,0.21089094829210783,0.5,0.4243811133319552,0.2822863366686521
ICEWS05-15,2324,1414,56,3038,5737,5737,1,1.0,0.7204177922421646,30.0,0.7001394896518027,0.047845307144931626,0.9521546928550684,0.19980749222967298,0.5,0.3947448478986834,0.266211657220085
ICEWS05-15,2325,1414,225,3272,1677,4680,0,2.0,0.003134796505958916,10.0,0.03125,0.17874128416870871,0.8212587158312913,0.04296131110510423,0.5,0.2058357186728561,0.10388526667499402
ICEWS05-15,2326,1414,172,3269,4680,4680,1,1.0,3.7495036487646325,32.0,0.9423178739918808,0.6909066059343902,0.9124101790976742,0.7693173485789127,0.8016583925160322,0.5357041147570246,0.7249650001593194
ICEWS05-15,2327,1414,172,3079,1677,9419,0,1.0,0.0025266274468045413,5.0,1.0,0.0012741971269232266,0.9987258028730768,0.0006375047168007318,0.5,0.3590599514684585,0.2174046872961928
ICEWS05-15,2328,1414,172,3827,1677,4680,0,3.0,0.7434907677350646,47.0,0.7284274237469965,0.5535102195252188,0.6653569745805542,0.2951043239915606,0.6094335970528866,0.4243834052635435,0.3861140746535556
ICEWS05-15,2329,1414,152,2369,10367,1677,0,5252.0,0.004282947228994447,4.0,0.021879359051618842,1.945497387856321e-06,0.9999980545026121,0.10849536050945763,0.5,0.17830000796223602,0.10061751134209695
ICEWS05-15,2330,1414,77,1857,1677,1677,1,1.0,0.7001394896518027,1.0,0.7001394896518027,0.0,1.0,0.9999999999985717,0.5,0.2655173913282178,0.42459601488816173
ICEWS05-15,2331,1414,6,1673,4680,4680,1,1.0,0.00015152963259645001,3.0,0.00014880537771050747,0.01797836396262975,1.0,0.9999999934006308,0.5089891819813148,0.16848154844901023,0.29269105152811303
ICEWS05-15,2332,1414,19,3299,4680,9962,0,5246.5,2.985496126144549e-06,1.0,3.6665563509295683e-06,0.0,1.0,0.6866970413454185,0.5,0.1486480349262137,0.1810306664672101
ICEWS05-15,2333,6129,125,2077,1779,1779,1,1.0,1.1358150960891462,2.0,0.9803906099397734,0.1368396024005425,1.0,0.9999999999991195,0.5684198012002712,0.349284399798294,0.5663656319858855
ICEWS05-15,2334,6129,6,437,7651,7651,1,1.0,0.6119477203231443,1.0,0.9238395952400507,0.0,1.0,0.4952109217101367,0.5,0.3059482623978117,0.30438221330103243
ICEWS05-15,2335,6129,172,3051,7651,4560,0,10.0,0.32775906744263583,3.0,0.5520447568369061,0.0,1.0,0.42219014986900727,0.5,0.2597381501132095,0.23147913441217705
ICEWS05-15,2336,6129,64,1823,7111,73,0,5245.0,0.37571769325200866,2.0,0.34320509065132626,0.08653465935892168,1.0,0.9999999999973385,0.5432673296794608,0.21450575743137584,0.3837752550466787
ICEWS05-15,2337,3404,180,1742,1096,4867,0,5246.5,0.025635450072916302,1.0,0.02563547987523869,0.0,1.0,0.9999976748796681,0.5,0.15205142985789744,0.26700132899037354
ICEWS05-15,2338,3404,172,2826,10208,8798,0,5250.0,0.887350065077501,54.0,0.9803906099397734,0.334510479805726,0.665489520194274,0.4309565907966075,0.5,0.49361366778219873,0.4262206003481694
ICEWS05-15,2339,3404,172,2535,8798,8798,1,1.0,1.022735631084341,50.0,0.9611657480580811,0.07183369302392206,0.9943493914259098,0.9755473232634674,0.533091542224916,0.4888053558130756,0.6512501974585031
ICEWS05-15,2340,3404,56,94,5013,0,0,5244.5,0.0,0.0,0.0,0.0,0.0,0.0,0.0,0.13079885792039397,0.013540413295886884
ICEWS05-15,2341,3404,137,605,5529,5963,0,5245.0,0.9956008864027642,1.0,1.0,0.0,1.0,0.9912403076861027,0.5,0.330421999923471,0.49919002838579973
ICEWS05-15,2342,9467,137,3537,8643,9962,0,5245.0,0.34320509065132626,1.0,0.34320509065132626,0.0,1.0,0.9999999999970863,0.5,0.19964693301497685,0.3368171464231264
ICEWS05-15,2343,4456,224,46,3944,0,0,5244.5,0.0,0.0,0.0,0.0,0.0,0.0,0.0,0.13079885792039397,0.013540413295886884
ICEWS05-15,2344,9414,152,972,10120,4853,0,5246.0,0.0018336889972896994,1.0,0.0018772768516759405,0.0,1.0,0.954616423815808,0.5,0.14889407129576698,0.2491370083187512
ICEWS05-15,2345,574,56,2999,10380,2438,0,2.0,0.21836397599572943,5.0,0.5630865404461788,0.15062877676353414,0.8493712232364659,0.1971636861383002,0.5,0.2764612472065454,0.18714858481618146
ICEWS05-15,2346,574,56,3671,1755,1811,0,1.0,0.2842075605360228,5.0,1.0,0.47306166572111585,0.5269383342788841,0.08094076827236306,0.5,0.3661924959746203,0.22840344305245192
ICEWS05-15,2347,574,168,2872,4668,1755,0,5246.5,0.7148874339355269,5.0,1.0,0.09206115655698388,0.9079388434430161,0.48046606814291387,0.5,0.3772113186640229,0.3593313766914067
ICEWS05-15,2348,574,137,2638,7773,7173,0,5248.0,0.10424571901059856,2.0,0.23557946849797018,7.439715350698872e-05,0.999925602846493,0.2840883212843646,0.5,0.19344185662235644,0.1426090699618644
ICEWS05-15,2349,574,59,3622,1755,393,0,2.0,0.5471356821970187,6.0,0.35006974482590136,0.3602343419397971,0.9999998548288997,0.9998221937738238,0.6801170983843484,0.2514140285780596,0.52439209984532
ICEWS05-15,2350,574,225,3647,5399,1755,0,5245.0,9.313225746154793e-10,1.0,9.313225746154793e-10,0.0,1.0,0.9989274098608922,0.5,0.1486475621762512,0.2614712608868246
ICEWS05-15,2351,1748,168,3923,7505,2063,0,6.0,0.026030953952453903,6.0,0.03963330650395579,1.2212453270876722e-15,0.9999999999999988,0.4889758934861202,0.5,0.1920337055793519,0.17710209318699843
ICEWS05-15,2352,1748,137,1694,1216,6539,0,5253.0,0.48100341622782194,14.0,0.8705505632961241,0.041703581634401354,0.9582964183655986,0.3600681414527991,0.5,0.3891528807466499,0.32740465060771834
ICEWS05-15,2353,1748,59,3227,8035,7628,0,14.0,0.23856724890689013,31.0,0.4805828740290406,0.23117405080617537,0.7688259491938246,0.23583016920591016,0.5,0.336806941810094,0.23144332869245968
ICEWS05-15,2354,1748,59,2767,6326,7628,0,5.0,0.23845916730826922,27.0,0.7884782461155736,0.49394688801871667,0.5060531119812833,0.08286367636992428,0.5,0.39654128341658906,0.23901372965447734
ICEWS05-15,2355,1748,245,130,3546,8572,0,5246.0,1.5712258331744673,6.0,0.5202016416109183,0.648163589541586,1.0,0.786412843132101,0.824081794770793,0.3056187242283725,0.5922419311916547
ICEWS05-15,2356,1748,64,685,3920,3920,1,1.0,0.3810245185723753,1.0,0.4183716916964515,0.0,1.0,0.8360955579962555,0.5,0.2117411430717,0.3003703037315862
ICEWS05-15,2357,1748,133,2529,7505,7628,0,5249.0,0.038117883806677376,14.0,0.037347173124076184,0.02026533245559381,0.9999999967591159,0.9999057051677427,0.5101326646073548,0.21854122756372674,0.35489414223451277
ICEWS05-15,2358,1748,0,578,7505,6539,0,5245.0,0.12500000000000003,1.0,0.12500000000000003,0.0,1.0,0.999999999992,0.5,0.16585180638028146,0.28784173152290904
ICEWS05-15,2359,6023,172,3844,9648,7972,0,5259.5,0.773448943902814,96.0,0.4183716916964515,0.5124378357745358,0.9984056939106909,0.8204362299012397,0.7554217648426134,0.39199043477743484,0.6467097668819478
ICEWS05-15,2360,6023,172,1921,7972,7972,1,1.0,1.755757958673679,52.0,0.9803906099397734,0.6242616516336637,0.813381226996713,0.5070463108931257,0.7188214393151884,0.5154075572928559,0.6157835776440097
ICEWS05-15,2361,6023,172,1767,4420,7972,0,2.0,1.909076830069762,47.0,0.8879629756445782,0.6926898333534864,0.6659389969558202,0.49331938957433796,0.6793144151546533,0.49281202315392564,0.5490522752458037
ICEWS05-15,2362,6023,168,962,1782,1782,1,1.0,0.6416535929125318,5.0,0.6341329040632923,0.011860466624957655,0.9999877861613492,0.9997173794021182,0.5059241263931534,0.2995077472046264,0.4615355530027066
ICEWS05-15,2363,8186,209,125,3966,0,0,5244.5,0.0,0.0,0.0,0.0,0.0,0.0,0.0,0.13079885792039397,0.013540413295886884
ICEWS05-15,2364,8186,95,501,910,0,0,5244.5,0.0,0.0,0.0,0.0,0.0,0.0,0.0,0.13079885792039397,0.013540413295886884
ICEWS05-15,2365,6563,172,2341,5739,4680,0,11.0,5.809145785669783,151.0,1.0,0.7783181142630118,0.8663786579928742,0.7513629768213117,0.822348386127943,0.6791653394848833,0.7872953187317931
ICEWS05-15,2366,6563,172,3688,4680,4680,1,1.0,2.6702620317806876,361.0,0.5202016416109183,0.7847801709079232,0.9351141744772419,0.8437258691666684,0.8599471726925825,0.5364363401724611,0.7802566983538278
ICEWS05-15,2367,6563,172,2319,4680,4680,1,1.0,3.0147413494746758,146.0,0.9803906099397734,0.6863016925029779,0.7534893402128345,0.5668261594022846,0.7198955163579062,0.6030956960684398,0.6739255159609112
ICEWS05-15,2368,6563,172,2333,9081,4680,0,5257.5,4.847509322543532,149.0,0.8879629756445782,0.6925956002590523,0.8639247755409464,0.7351913659296537,0.7782601878999993,0.6312446765146192,0.7398126233179444
ICEWS05-15,2369,6563,172,3973,4680,4680,1,1.0,8.767467568079452,405.0,0.9803906099397734,0.8469181375034535,0.9321607091135738,0.8691869556884089,0.8895394233085137,0.7801485216503002,0.8592877209643877
ICEWS05-15,2370,6563,172,732,4680,4680,1,1.0,1.9363474919761607,49.0,0.7884782461155736,0.7505862000885041,0.7017717807442211,0.44145311545549115,0.7261789904163626,0.4726470767858611,0.5411347020355942
ICEWS05-15,2371,6563,172,2392,4680,4680,1,1.0,3.7543328416689414,154.0,0.7141434062641757,0.8306212978189518,0.8950005179044045,0.8025212481977594,0.8628109078616781,0.5654209776553354,0.7760160732447665
ICEWS05-15,2372,6563,224,2048,5739,3004,0,5245.5,0.588727784480098,2.0,0.5743491774985175,0.02451661301770358,1.0,0.999808482300372,0.5122583065088517,0.2573668144049398,0.41949373629781106
ICEWS05-15,2373,6563,137,2138,4680,8370,0,5.0,0.5273593691367038,1.0,0.820335356007638,0.0,1.0,0.4736854362524434,0.5,0.2840122071669045,0.2753562504256339
ICEWS05-15,2374,6563,41,2038,1299,1299,1,1.0,0.9803906099397734,1.0,0.9803906099397734,0.0,1.0,0.99999999999898,0.5,0.3260339726748778,0.49734590524081324
ICEWS05-15,2375,6563,152,3819,3869,3869,1,1.0,0.0032189818330326733,1.0,0.008798227194471544,0.0,1.0,0.2238906609135203,0.5,0.14973080541812914,0.099902813896737
ICEWS05-15,2376,10392,152,2112,409,4947,0,4.0,0.44042386512806475,2.0,0.6341329040632923,0.0,1.0,0.2126379975695163,0.5,0.26495822365429894,0.18490411178949995
ICEWS05-15,2377,10392,152,1543,9423,9423,1,1.0,0.05121959225167494,3.0,0.8879629756445782,0.0,1.0,0.009901778953001107,0.5,0.3175056929435702,0.1883308859189698
ICEWS05-15,2378,10392,152,2972,5737,9962,0,2.0,2.3088467609848857,5.0,0.7578582832551991,0.2317600539995741,0.7682399460004259,0.5456746525427023,0.5,0.36541512195751513,0.31483817369676953
ICEWS05-15,2379,10392,152,209,1677,63,0,5252.5,1.1043060363155668,3.0,0.5630865404461788,0.0,1.0,0.509949811521899,0.5,0.27848573490972917,0.25580173542050927
ICEWS05-15,2380,10392,105,799,2607,5802,0,15.0,0.6409876343407651,6.0,0.8042490800314893,1.3305578605571355e-06,0.9999986694421394,0.25191388298476564,0.5,0.3410848128265517,0.251399479002453
ICEWS05-15,2381,10392,105,3264,8845,3425,0,5261.0,0.26172191901276376,27.0,0.9238395952400507,0.011589541476834442,0.9884104585231656,0.16280064644344458,0.5,0.42764230598163916,0.30161479817944997
ICEWS05-15,2382,10392,105,1809,3124,3425,0,12.0,1.113905860392994,21.0,0.820335356007638,0.45673793858492695,0.9978329967525242,0.5843809552363871,0.7272854676687256,0.4143319253606048,0.5776785529790454
ICEWS05-15,2383,10392,180,759,10015,4680,0,5249.0,0.007539487919440008,3.0,0.15237670677555948,0.3611023119803175,0.6388976880196825,0.016059939917388504,0.5,0.189377224833273,0.09338411141679774
ICEWS05-15,2384,10392,180,1253,5737,6834,0,10.0,0.5364153030170131,1.0,0.5630865404461788,0.0,1.0,0.9095518925559373,0.5,0.2381465240600414,0.3581464144566978
ICEWS05-15,2385,10392,41,1907,7474,9205,0,8.0,0.6463966421421166,4.0,1.0,0.5967388499950312,0.4032611500049688,0.1338161997141381,0.5,0.36632630878521844,0.23314810009757533
ICEWS05-15,2386,10392,172,212,8845,2250,0,5245.5,0.6028829040632923,1.0,0.6341329040632923,0.0,1.0,0.9060691225770343,0.5,0.2517086001838609,0.37419946799928316
ICEWS05-15,2387,10392,172,1892,3124,9205,0,5253.5,0.1769894280064559,1.0,0.836743383392903,0.0,1.0,0.11826912311832295,0.5,0.27933270962360635,0.1852840899989239
ICEWS05-15,2388,10392,56,1569,1677,9568,0,3.0,0.16886631741438207,11.0,0.5202016416109183,0.3521766551030098,0.6478233448969902,0.11750229113374241,0.5,0.2976070627463509,0.17811439664162326
ICEWS05-15,2389,10392,56,2142,4773,4853,0,5258.5,0.2978643138772893,6.0,0.9423178739918808,0.06886295900972805,0.931137040990272,0.17255981201213916,0.5,0.36177553304033055,0.2560349513099504
ICEWS05-15,2390,10392,224,822,6881,3106,0,5249.5,0.06141786707056776,2.0,0.05773997470250316,0.14646822509075708,1.0,0.8313334897007751,0.5732341125453786,0.1682804764921805,0.2816556945506496
ICEWS05-15,2391,10392,243,3970,9013,9011,0,5251.0,0.2163312380758562,3.0,0.16493848884661177,0.4994988850013081,0.8723720142960574,0.4885946914199645,0.6859354496486827,0.19473904892937244,0.27593176857625246
ICEWS05-15,2392,10392,133,1478,5289,3425,0,2.0,0.019304101801795988,3.0,0.00666780935729141,0.3399560906868503,1.0,0.9689173896676798,0.6699780453434252,0.1696278656059832,0.3920520921699113
ICEWS05-15,2393,10392,219,427,798,0,0,5244.5,0.0,0.0,0.0,0.0,0.0,0.0,0.0,0.13079885792039397,0.013540413295886884
ICEWS05-15,2394,6346,161,1533,6213,6213,1,1.0,0.17306905664621872,17.0,0.08926792578302195,0.484206319067769,1.0,0.999999999994222,0.7421031595338845,0.2364904765220647,0.5464514706096466
ICEWS05-15,2395,6346,41,3310,2221,2221,1,1.0,0.5019826656788419,55.0,0.5,0.0039502413147705084,0.999999492084195,0.9999988520529814,0.5019748666994828,0.3750493650609049,0.5259643167276792
ICEWS05-15,2396,6346,175,1459,6213,6213,1,1.0,0.2766264276686112,25.0,0.11547994940500633,0.5825418765001467,1.0,0.9999999999963851,0.7912709382500733,0.2578012190044315,0.6053597847233564
ICEWS05-15,2397,6346,243,2543,2221,6213,0,2.0,0.4769700825960008,69.0,0.4528618321319533,0.6327163896925689,0.3672836103074311,0.10941495593186495,0.5,0.3753507957123086,0.2098639951160547
ICEWS05-15,2398,6346,243,3299,2221,2221,1,1.0,0.024804048539156607,95.0,0.02563547987523869,0.1190869244126731,0.8809130755873269,0.742680298072711,0.5,0.2914402760629639,0.3315527687133024
ICEWS05-15,2399,6346,250,2840,2221,2221,1,1.0,0.1232449061691232,24.0,0.06900559460461328,0.5515684482068044,0.8659247078019681,0.6679241319686285,0.7087465780043862,0.24492579026548777,0.40359212251488236
ICEWS05-15,2400,6346,141,500,1218,0,0,5244.5,0.0,0.0,0.0,0.0,0.0,0.0,0.0,0.13079885792039397,0.013540413295886884
ICEWS05-15,2401,6346,153,2691,6213,6213,1,1.0,1.545510602420061,7.0,0.9803906099397734,0.3656526144792446,1.0,0.999999999999353,0.6828263072396223,0.4092823107136099,0.6866613761950251
ICEWS05-15,2402,749,245,3222,1768,1768,1,1.0,0.5826758667264366,38.0,0.3298769776932236,0.4338586378953382,0.9999999954430835,0.9999995826354808,0.7169293166692108,0.3235362983803548,0.6228715463463353
ICEWS05-15,2403,9961,172,1225,9424,9568,0,5248.5,0.010653677233509446,8.0,0.01115849072287775,0.00803705531789245,0.9919629446821076,0.8994908024459181,0.5,0.19605888937284954,0.28872645872516606
ICEWS05-15,2404,9961,185,1705,9424,1776,0,5245.0,0.00018502399493535113,1.0,0.00018502399493535113,0.0,1.0,0.9999999945952956,0.5,0.1486719025492577,0.2618212802232807
ICEWS05-15,2405,2652,167,304,9423,1677,0,1.0,4.164913711158728,16.0,0.9057236642639067,0.5163351270697136,0.4836648729302863,0.28073104592354176,0.5,0.5030698914699213,0.2910914673584151
ICEWS05-15,2406,2652,167,74,3799,4684,0,5246.0,0.6433366202791366,5.0,0.6729500963161781,0.5734290501675194,0.4265709498324806,0.13846791701610214,0.5,0.307174383239526,0.18319607220759773
ICEWS05-15,2407,2652,137,102,9276,4684,0,2.0,0.0,1.0,0.9803906099397734,0.0,0.0,0.0,0.0,0.3028869876127725,0.042292469677982204
ICEWS05-15,2408,2652,172,131,1677,4684,0,5246.5,1.4338774679264663,5.0,0.7429971445684742,0.5819006038959167,0.8334551201790815,0.676265538049571,0.707677862037499,0.34037664131529966,0.5122092592033589
ICEWS05-15,2409,2652,6,154,1677,8991,0,5244.5,0.2309598988100127,1.0,0.2309598988100127,0.0,1.0,0.9999999999956702,0.5,0.1816547970821342,0.3110984084879334
ICEWS05-15,2410,2652,225,430,4680,4680,1,1.0,1.7088683939046625,4.0,0.6216979445974911,0.35761284734097665,0.9797345757340398,0.8644034261764271,0.6686737115375082,0.3135900461534237,0.5163425207863642
ICEWS05-15,2411,2652,152,357,4684,9734,0,5245.0,0.020213018210359285,1.0,0.020213018210359285,0.0,1.0,0.999999999950527,0.5,0.15132614425074098,0.2658927647083212
ICEWS05-15,2412,9424,172,3295,9568,6357,0,4.0,0.5952008911808097,7.0,0.7578582832551991,4.605669271806612e-05,0.9999539433072819,0.24731528534428862,0.5,0.33671256331530064,0.24560983842861434
ICEWS05-15,2413,9424,6,2883,1776,9568,0,2.0,4.778297338881374,84.0,1.0,0.44679980806125563,0.9199160169082689,0.8454256797690195,0.6833579124847622,0.6253546868058475,0.7207537013547761
ICEWS05-15,2414,9424,6,2825,9568,9568,1,1.0,4.703012400121931,80.0,0.9611657480580811,0.6869637365312832,0.7833766944262666,0.6305647383983587,0.7351702154787749,0.612454415745166,0.6716054201608264
ICEWS05-15,2415,9424,152,979,2303,2303,1,1.0,0.4500413833660256,2.0,0.9803906099397734,0.00011966226735549146,0.9998803377326445,0.29784843127490596,0.5,0.3324070837508179,0.2714454648938453
ICEWS05-15,2416,9424,111,2713,9568,9568,1,1.0,2.117329834615652,9.0,0.6597539553864471,0.439408466465939,0.9215802139929057,0.8322609596643136,0.6804943402294223,0.3648014566836411,0.5516003240258351
ICEWS05-15,2417,9424,105,3631,9419,9568,0,5248.0,0.01903310886412906,27.0,0.009714030384335801,0.48991664504778587,0.9994899341498967,0.9988562561336235,0.7447032895988412,0.23719745733645053,0.5476906700089649
ICEWS05-15,2418,9424,125,3175,9568,9568,1,1.0,1.344623390662848,48.0,0.3789291416275995,0.7623967800561342,0.8862692513778492,0.7288039798679329,0.8243330157169917,0.36365856133838,0.6188755397182669
ICEWS05-15,2419,9424,250,2078,9569,0,0,5244.5,0.0,0.0,0.0,0.0,0.0,0.0,0.0,0.13079885792039397,0.013540413295886884
ICEWS05-15,2420,9424,56,2925,9568,9568,1,1.0,2.4852858621790865,27.0,0.6341329040632923,0.6480066471413385,0.8782284093067234,0.7130709176347368,0.763117528224031,0.42134254855944636,0.6051079832368143
ICEWS05-15,2421,9424,41,3273,2503,6023,0,5247.0,0.1254329683784803,2.0,0.06375010058882494,0.0,1.0,0.9871385849390506,0.5,0.17005168201606424,0.28578300547050745
ICEWS05-15,2422,9424,137,3290,3124,9568,0,2.0,1.228420306117527,26.0,0.4528618321319533,0.2936085193980955,0.995133998490331,0.9371500320621172,0.6443712589442132,0.34720961497560837,0.5600610323266889
ICEWS05-15,2423,9424,180,2671,1677,9568,0,5246.0,0.031249999996432982,1.0,0.03125,0.0,1.0,0.9999999997397108,0.5,0.15280540895105477,0.26815364994197416
ICEWS05-15,2424,9424,65,2758,9568,9568,1,1.0,1.076767929663351,6.0,0.4901953049698867,0.09843323500316459,1.0,0.9999999999990712,0.5492166175015822,0.28848417113945624,0.461339555982815
ICEWS05-15,2425,5289,152,2237,7334,2253,0,42.0,0.3690063894261214,2.0,0.5412194958693883,0.46047423385563957,0.5395257661443604,0.225378767182063,0.5,0.24701816373731547,0.1660590180861196
ICEWS05-15,2426,5289,152,306,2509,5737,0,5249.0,0.20656008343762533,1.0,0.3714985722842371,0.0,1.0,0.38505930779986824,0.5,0.20146500722879626,0.1717789013678813
ICEWS05-15,2427,5289,152,785,1414,530,0,5260.5,1.1678281920823872,3.0,0.7578582832551991,0.3511184744209964,0.6488815255790036,0.37085736505552547,0.5,0.3177982486378597,0.24759079451100544
ICEWS05-15,2428,5289,133,2599,4684,4684,1,1.0,0.018617659254536158,6.0,0.023218660767764833,0.0010352684237002752,0.9989647315762997,0.6680709567292238,0.5,0.18955173421038574,0.216980616782469
ICEWS05-15,2429,5289,224,872,10120,3124,0,5248.0,0.5363699852128874,1.0,0.8534795977333005,0.0,1.0,0.45820513337567514,0.5,0.2905245009874655,0.27769889047205076
ICEWS05-15,2430,5289,137,1410,6750,4680,0,5248.0,0.7398216887277944,9.0,0.3865083343167451,2.5726663092640045e-05,0.9999742733369074,0.9351896900444767,0.5,0.27696005886631364,0.3917114793047179
ICEWS05-15,2431,5289,167,2237,4684,4680,0,2.0,0.16991068925733022,4.0,0.6729500963161781,0.002837346183501177,0.9971626538164988,0.14401418103192493,0.5,0.28816055941912977,0.19028575046584584
ICEWS05-15,2432,5289,105,3709,4684,4680,0,2.0,0.34868098025474475,15.0,0.35006974482590136,0.5307490254734415,0.4692509745265585,0.30496292187738616,0.5,0.2818058227400797,0.19825574571420015
ICEWS05-15,2433,5289,183,1841,4684,5919,0,5.0,9.797514290547029e-07,1.0,1.7620841889191655e-06,0.0,1.0,0.38505915646565775,0.5,0.1486477829991658,0.12298624384703041
ICEWS05-15,2434,5289,111,817,9423,8796,0,5246.5,1.871897822275059,2.0,1.0,0.0,1.0,0.9129277606758656,0.5,0.3720790978154508,0.4848578610858551
ICEWS05-15,2435,5289,56,2739,4684,9309,0,5.0,0.15512979852968778,1.0,0.5412194958693883,0.0,1.0,0.16729026269293326,0.5,0.22706211784318053,0.15180114345198528
ICEWS05-15,2436,5289,125,3726,4684,4680,0,7.0,0.0019334767620342082,7.0,0.004668396640509522,6.377008920921412e-10,0.9999999993622991,0.26116359543184564,0.5,0.19102503730044598,0.13101006222835482
ICEWS05-15,2437,5289,172,1952,4680,4680,1,1.0,2.3671768772804125,6.0,0.9803906099397734,0.5893462514055601,0.9929156439284491,0.9832090100108923,0.7911309476670045,0.4242006545518329,0.7401453841092969
ICEWS05-15,2438,6345,243,2930,774,1762,0,3.0,0.30628263888754315,17.0,0.09473228540689989,0.3710014733669088,0.6289985266330912,0.3546566120381829,0.5,0.2400616107179927,0.17463054443479564
ICEWS05-15,2439,6345,243,3594,774,774,1,1.0,0.19321428963299223,54.0,0.04205938101976112,0.3593327358496907,0.9927232152358157,0.7251160462413156,0.6760279755427532,0.2740552226915935,0.4320979663581234
ICEWS05-15,2440,6611,137,194,1677,0,0,5244.5,0.0,0.0,0.0,0.0,0.0,0.0,0.0,0.13079885792039397,0.013540413295886884
ICEWS05-15,2441,7964,54,1930,4853,9423,0,5248.0,0.2101385829561452,24.0,0.07926661300791155,0.27247536175129095,0.9873419594714062,0.9674240691615981,0.6299086606113486,0.24846809830351627,0.4619737034054962
ICEWS05-15,2442,7964,161,1136,9423,9423,1,1.0,0.01743387042912614,12.0,0.7001394896518027,0.394662631736,0.605337368264,0.0038577546860639367,0.5,0.33385095521071023,0.18283391406011923
ICEWS05-15,2443,7964,161,1645,5340,9423,0,5252.5,0.1451196108779893,20.0,0.5743491774985175,0.29792146995830904,0.702078530041691,0.09732909686124437,0.5,0.3338233315476907,0.19894296069019585
ICEWS05-15,2444,7964,161,1061,8979,8979,1,1.0,0.5192153299471616,1.0,0.9057236642639067,0.0,1.0,0.4017973015039482,0.5,0.30024405002541377,0.27185179243282
ICEWS05-15,2445,7964,41,319,3242,5340,0,5245.5,0.2020821632725291,2.0,0.21763764082403103,0.054588061417214506,0.9454119385827855,0.782276038168157,0.5,0.1925128479137193,0.2556078586279704
ICEWS05-15,2446,7964,172,1221,2238,2238,1,1.0,1.7689472803483142,21.0,0.8042490800314893,0.6367826795587077,0.8850449413738674,0.5412676526195151,0.7609138104662876,0.428180315819263,0.576715135623187
ICEWS05-15,2447,7964,172,3069,9423,9423,1,1.0,0.8221172355123779,18.0,0.8879629756445782,0.3039968501677017,0.6960031498322983,0.4753526926767296,0.5,0.41420462239665234,0.37307159127541406
ICEWS05-15,2448,7964,172,3995,5274,5340,0,4.0,0.18828590936190814,1.0,0.9611657480580811,0.0,1.0,0.10858186820464663,0.5,0.3034681940897375,0.20365835690152176
ICEWS05-15,2449,7964,168,3009,5110,5477,0,5246.5,0.05007733758758803,3.0,0.10668494971666255,1.0956305637188635e-06,0.9999989043694363,0.30667205737379855,0.5,0.18363820977224268,0.13669892880450588
ICEWS05-15,2450,7964,6,1495,6876,0,0,5244.5,0.0,0.0,0.0,0.0,0.0,0.0,0.0,0.13079885792039397,0.013540413295886884
ICEWS05-15,2451,7964,27,1563,4853,0,0,5244.5,0.0,0.0,0.0,0.0,0.0,0.0,0.0,0.13079885792039397,0.013540413295886884
ICEWS05-15,2452,1216,56,1081,3160,1939,0,2.0,0.08112598065250631,12.0,0.5858370854182298,0.24197589314603374,0.7580241068539663,0.05539238666589028,0.5,0.3121407502953993,0.17877478774695632
ICEWS05-15,2453,1216,172,3107,3160,3160,1,1.0,0.9575210203592737,19.0,0.9611657480580811,0.0006067585534873521,0.9993932414465126,0.9912455994394012,0.5,0.43715815848499207,0.5935262912070622
ICEWS05-15,2454,1216,224,2125,4680,1939,0,5.0,0.48925727943493963,7.0,0.820335356007638,0.006535981946017122,0.9934640180539829,0.42097244402559286,0.5,0.34717306598610564,0.31154528411735694
ICEWS05-15,2455,1216,152,2756,2253,2253,1,1.0,0.4828025097256283,8.0,0.9423178739918808,0.31810138426686074,0.6818986157331393,0.09674211199344536,0.5,0.3790687300456685,0.2375859766489787
ICEWS05-15,2456,1216,152,709,8416,3160,0,2.0,0.1198141759685547,13.0,0.9611657480580811,0.12637559809872723,0.8736244019012728,0.057586485199184016,0.5,0.3962821321711299,0.250367122012488
ICEWS05-15,2457,1216,152,748,10178,9860,0,5250.5,0.2960427079841311,1.0,0.8042490800314893,0.0,1.0,0.22556400486964517,0.5,0.2758888088719379,0.20498244928279763
ICEWS05-15,2458,1216,168,1276,494,3160,0,5246.0,0.5668405761176161,2.0,0.5743491774985175,8.810413181237209e-07,0.9999991189586819,0.974189244798809,0.5,0.25690876885583835,0.40130978887605984
ICEWS05-15,2459,1216,180,356,3160,3160,1,1.0,2.966656988368282,4.0,0.9238395952400507,0.6895888588952426,1.0,0.9936205706062826,0.8447944294476213,0.4098397999810269,0.7490266082144929
ICEWS05-15,2460,1216,105,2128,4680,4680,1,1.0,1.7905271638448639,6.0,0.9057236642639067,6.231303227932639e-05,0.9999376869677207,0.9963593475118205,0.5,0.39217909204109264,0.5304324645520293
ICEWS05-15,2461,1216,208,903,3160,3160,1,1.0,0.014429436215422645,1.0,0.014434993675625793,0.0,1.0,0.9992302979781742,0.5,0.15055635272886134,0.2644880765019505
ICEWS05-15,2462,3952,171,2438,1768,1768,1,1.0,0.014702652597683599,4.0,0.014723716781123131,2.0536385550995462e-05,0.999979463614449,0.9971019324313487,0.5,0.1774938179652293,0.2978527040114212
ICEWS05-15,2463,3952,56,3750,6841,6841,1,1.0,0.18783104496340786,2.0,0.5520447568369061,0.39750105926563917,0.6024989407343608,0.11420481310424974,0.5,0.24520305689157276,0.14677507282323896
ICEWS05-15,2464,3952,64,877,3623,1768,0,2.0,0.04978887447263325,3.0,0.5100008047105996,0.12128728640827324,0.8787127135917268,0.0448143919204017,0.5,0.24659041603790566,0.13903294747939537
ICEWS05-15,2465,3952,168,3173,3623,1768,0,2.0,0.5989565190955124,114.0,0.5743491774985175,0.703040613021352,0.5713022268477357,0.1832095067564849,0.6371714199345438,0.43130749043694855,0.3633596971694103
ICEWS05-15,2466,3952,168,3758,1768,1768,1,1.0,9.348961588671264,175.0,0.820335356007638,0.6948156049445451,0.8393652419410353,0.6779202508555119,0.7670904234427902,0.7314767861761536,0.6920820095309848
ICEWS05-15,2467,3952,168,1867,1768,1768,1,1.0,0.9007404123484699,57.0,0.7141434062641757,0.6348885948625327,0.6829593445457289,0.29913202402873035,0.6589239697041308,0.4352971756366372,0.42806879640612566
ICEWS05-15,2468,3952,168,3565,1768,1768,1,1.0,1.6013456672042903,144.0,0.9238395952400507,0.7785343294644758,0.3893710933454002,0.12810645687403502,0.583952711404938,0.5518151142481151,0.39501699227883863
ICEWS05-15,2469,3952,168,3485,1768,3623,0,2.0,2.478260089753002,99.0,0.9238395952400507,0.7074800434901334,0.43449873900297153,0.23522925422499916,0.5709893912465525,0.5558626790568886,0.4060486244827907
ICEWS05-15,2470,3952,6,3649,1768,3623,0,2.0,0.4310553425378028,11.0,0.5743491774985175,0.041311945374993386,0.9586880546250066,0.5618970533821718,0.5,0.31439693625662674,0.3164374027420292
ICEWS05-15,2471,3952,180,3551,3623,3623,1,1.0,1.4332491354737638,39.0,0.8879629756445782,0.5849168134959808,0.7800121050841908,0.4174614421844362,0.6824644592900858,0.4700387240155977,0.5196594146545294
ICEWS05-15,2472,3952,224,3729,6841,0,0,5244.5,0.0,0.0,0.0,0.0,0.0,0.0,0.0,0.13079885792039397,0.013540413295886884
ICEWS05-15,2473,3952,59,3952,6841,1768,0,2.0,0.07818832988793178,19.0,0.5520447568369061,0.1686391151423393,0.8313608848576607,0.06255754520401491,0.5,0.32530860426343483,0.18810369411146646
ICEWS05-15,2474,3952,172,2999,3623,3623,1,1.0,1.3400799168851592,86.0,0.6216979445974911,0.6952788790264255,0.7356051902966327,0.48901620832612486,0.7154420346615291,0.44741068945819956,0.5354306777310975
ICEWS05-15,2475,3952,172,3082,3623,3623,1,1.0,3.0430447416683233,95.0,0.9057236642639067,0.7285668858651346,0.6796731294930057,0.42979400543700197,0.7041200076790701,0.5647992132839965,0.5758041287549337
ICEWS05-15,2476,3952,172,3135,5335,3623,0,3.0,1.0652778962096305,95.0,0.3170664520316462,0.7285668858651346,0.6796731294930057,0.42979400543688917,0.7041200076790701,0.3767403917281997,0.42825645624799763
ICEWS05-15,2477,3952,172,1598,4309,3623,0,5252.0,1.8558309753229674,30.0,0.9423178739918808,0.5428319126436927,0.9655458948265884,0.8187794702270579,0.7541889037351406,0.48055570477806736,0.7160757280870922
ICEWS05-15,2478,3952,170,3887,6841,1768,0,5245.5,0.33009460338777963,4.0,0.25,0.2426413596761785,1.0,0.99999999999697,0.6213206798380893,0.21753587840624025,0.4394275741901612
ICEWS05-15,2479,3952,152,3355,1259,68,0,5246.0,0.07771224307468584,1.0,0.0777122430746864,0.0,1.0,0.9999999999871176,0.5,0.1591628890930777,0.2778037633183465
ICEWS05-15,2480,5287,167,87,1677,1677,1,1.0,1.9415563579978545,2.0,0.9803906099397734,0.0,1.0,0.9999999999994849,0.5,0.36960522653492944,0.5122139905134009
ICEWS05-15,2481,5287,168,1247,1677,4127,0,5.0,0.07093979254480046,1.0,0.07469434624815234,0.0,1.0,0.9042802714601472,0.5,0.15868859354472598,0.24919870405000868
ICEWS05-15,2482,5287,172,455,2841,7649,0,5247.5,0.23114266662349714,2.0,0.3789291416275995,0.004210474258700914,0.9957895257412991,0.43618403553166374,0.5,0.21744873894983183,0.1955244738657202
ICEWS05-15,2483,5287,144,447,1677,1677,1,1.0,0.005389297012074409,5.0,0.0012885819441141547,0.5355914256444446,1.0,0.999999999814447,0.7677957128222224,0.18126066743130267,0.4927845453874803
ICEWS05-15,2484,5287,56,3086,5715,10367,0,2.0,1.0177166630102195,2.0,0.9803906099397734,0.0,1.0,0.3551748673449499,0.5,0.346349409753493,0.287078911678841
ICEWS05-15,2485,5287,105,1303,1677,7822,0,2.0,7.287727204090455e-05,3.0,5.638669404541322e-05,0.23223140518584529,1.0,0.9847303836240048,0.6161157025929227,0.1684683018997347,0.3581348986365202
ICEWS05-15,2486,5287,180,543,5715,5592,0,5245.0,4.4459681625182894e-05,1.0,4.4459681625182894e-05,0.0,1.0,0.9999999775077116,0.5,0.1486534105661432,0.26179284259478675
ICEWS05-15,2487,3931,172,3306,6551,7930,0,5253.5,0.02406352813548611,3.0,0.03809417669388987,0.43112593135215604,0.568874068647844,0.21902855109564404,0.5,0.17385879102873544,0.10945348906501133
ICEWS05-15,2488,3931,172,2753,4680,4680,1,1.0,3.324359727095633,6.0,0.9803906099397734,0.4884608587578767,0.9984400635691912,0.7791448142806766,0.743450461163534,0.4499963135627714,0.6413671816665835
ICEWS05-15,2489,3931,137,2793,4680,1677,0,1.0,0.31539548793220584,3.0,1.0,0.3466198086332839,0.6533801913667161,0.05782176678739768,0.5,0.34702700191773894,0.21201264878597806
ICEWS05-15,2490,3931,167,2152,8370,10015,0,10.0,0.6567949093486738,1.0,1.0,0.0,1.0,0.4889758934949405,0.5,0.3222619891196498,0.31957507801962765
ICEWS05-15,2491,3931,180,3443,9298,7930,0,5249.5,0.22192246451992098,8.0,0.27602237841845306,0.4028254505065213,0.5971745494934787,0.3159014634365488,0.5,0.24201403075185943,0.17529654517962281
ICEWS05-15,2492,3931,111,2749,8845,5737,0,5248.5,3.3570427891871104e-05,7.0,2.5535381573269745e-05,0.5003864857330057,0.7781808474193519,0.4890076132951623,0.6392836665761787,0.19032666567537626,0.23874181605056136
ICEWS05-15,2493,3931,56,3988,2034,19,0,6.0,0.19405674098390313,10.0,0.8879629756445782,0.15233205491280277,0.8476679450871972,0.10208054402012827,0.5,0.36990092033181,0.23946459619633378
ICEWS05-15,2494,3931,56,3552,1414,9832,0,5271.5,0.0664013733481238,1.0,0.7284274237469965,0.0,1.0,0.04775519252009868,0.5,0.2571924670400032,0.1543789023592682
ICEWS05-15,2495,3931,56,322,6563,9010,0,5246.5,0.009255920800931017,1.0,0.043758718103237663,0.0,1.0,0.11826912311689056,0.5,0.15400309922521652,0.08943020710471127
ICEWS05-15,2496,3931,174,3796,5908,5737,0,5245.5,1.400618679119158e-15,2.0,1.4006187252057202e-15,5.551115123125783e-16,0.9999999999999994,0.0013986596901025504,0.5,0.15999246887903998,0.07807010302373862
ICEWS05-15,2497,7111,92,3309,6431,6431,1,1.0,0.9803906099397734,1.0,0.9803906099397734,0.0,1.0,0.99999999999898,0.5,0.3260339726748778,0.49734590524081324
ICEWS05-15,2498,7111,180,2251,7651,6129,0,5246.0,0.0039557566517392645,1.0,0.0068011762757509715,0.0,1.0,0.41006762306965866,0.5,0.14950479913922987,0.12791059671015928
ICEWS05-15,2499,7111,64,975,2142,0,0,5244.5,0.0,0.0,0.0,0.0,0.0,0.0,0.0,0.13079885792039397,0.013540413295886884
ICEWS05-15,2500,7111,56,2214,4864,4864,1,1.0,0.047318687374147905,1.0,0.820335356007638,0.0,1.0,0.02969757256546985,0.5,0.2734401270968945,0.1638319811994531
ICEWS05-15,2501,7111,113,1561,1779,0,0,5244.5,0.0,0.0,0.0,0.0,0.0,0.0,0.0,0.13079885792039397,0.013540413295886884
ICEWS05-15,2502,3628,95,551,3933,0,0,5244.5,0.0,0.0,0.0,0.0,0.0,0.0,0.0,0.13079885792039397,0.013540413295886884
ICEWS05-15,2503,3628,168,1144,5737,5737,1,1.0,0.558439510367243,2.0,0.5630865404461788,3.79439913876789e-05,0.9999620560086123,0.9835555072974888,0.5,0.25473971000186724,0.40186109831623174
ICEWS05-15,2504,6435,243,3582,758;4539,6313,0,2.0,8.723178713053784,94.0,1.0,0.7511581928343519,0.7801641385527281,0.5907085051024524,0.76566116569354,0.7247981310046431,0.6802053463125318
ICEWS05-15,2505,6435,243,3564,6313,6313,1,1.0,5.959987132428485,88.0,0.9423178739918808,0.7970228405438786,0.6837992639767198,0.4795662731918945,0.7404110522602991,0.6452048744664641,0.6153631102328071
ICEWS05-15,2506,6435,243,3691,4539,6313,0,2.0,2.260197592932406,104.0,0.8705505632961241,0.7994815760882479,0.5693791592265554,0.3519021854979463,0.6844303676574016,0.5402646902847544,0.5268883811694594
ICEWS05-15,2507,6435,243,3784,946;1984,6313,0,3.0,7.752868945759235,123.0,0.9803906099397734,0.7235303784672323,0.7258720416850664,0.5590034474661432,0.7247012100761494,0.7111522285272271,0.6503888418557839
ICEWS05-15,2508,6435,243,2538,4539,4539,1,1.0,2.8370972159781216,40.0,0.9238395952400507,0.8316987325800081,0.6105375233156071,0.34848182649732923,0.7211181279478076,0.5181099533002005,0.5231115424611147
ICEWS05-15,2509,6435,243,3081,6313,946,0,2.0,1.752611242149706,52.0,0.820335356007638,0.40817610758184053,0.789024749955435,0.4689282330488887,0.5986004287686377,0.4781315677468671,0.4700615411597641
ICEWS05-15,2510,6435,243,468,758,1984,0,5247.0,0.6102044155166448,3.0,0.7578582832551991,0.40189576308531216,0.5981042369146878,0.31715456692400107,0.5,0.30470314936380694,0.23333054159634123
ICEWS05-15,2511,6435,41,2953,946,4539,0,2.0,0.8278037805417484,19.0,0.40212454001574466,0.6449410750755642,0.745769285859324,0.5759393796140739,0.695355180467444,0.31286375778690984,0.4301655705691986
ICEWS05-15,2512,6435,250,3049,8243,946,0,5.0,0.4605438767463232,12.0,0.23557946849797018,0.489179469991324,0.9997042197437014,0.9972514095544645,0.7444418448675127,0.25459293380442816,0.5696493951965077
ICEWS05-15,2513,6435,245,3902,6313,0,0,5244.5,0.0,0.0,0.0,0.0,0.0,0.0,0.0,0.13079885792039397,0.013540413295886884
ICEWS05-15,2514,2154,172,3807,6138,6138,1,1.0,0.2939804286371208,1.0,0.9803906099397734,0.0,1.0,0.17637406352429955,0.5,0.30973042981466975,0.2239958571612185
ICEWS05-15,2515,7290,172,2546,3623,3623,1,1.0,0.13243936258798628,8.0,0.09662708357918628,0.2764137700393079,0.9953618824688055,0.9836632913453077,0.6358878262540567,0.21110267712487554,0.4312269896608113
ICEWS05-15,2516,7290,29,1864,1259,0,0,5244.5,0.0,0.0,0.0,0.0,0.0,0.0,0.0,0.13079885792039397,0.013540413295886884
ICEWS05-15,2517,1742,64,1685,7625,9525,0,2.0,0.015018214799140953,1.0,0.015018214813407515,0.0,1.0,0.999999998033513,0.5,0.1506339774059242,0.26483284533663504
ICEWS05-15,2518,1742,168,2867,1378,1759,0,17.0,0.8456508049960101,2.0,0.9057236642639067,0.0,1.0,0.8755993466436283,0.5,0.32664286472988996,0.44989172676276845
ICEWS05-15,2519,1742,68,3863,224,2933,0,5245.5,2.4543734131820383e-05,1.0,2.4543734131820383e-05,0.0,1.0,0.9999999592564052,0.5,0.14865079067086434,0.2617888089364523
ICEWS05-15,2520,1742,137,1233,3699,3699,1,1.0,1.299953231330403,5.0,0.3364750481580891,0.492408012947091,1.0,0.9806610605088033,0.7462040064735456,0.2583980261699501,0.5530445293328278
ICEWS05-15,2521,1742,113,27,6103,9899,0,5244.0,1.0,1.0,1.0,0.0,1.0,0.9999999999989999,0.5,0.3305286386634707,0.5024767778727223
ICEWS05-15,2522,8772,64,345,8768,0,0,5244.5,0.0,0.0,0.0,0.0,0.0,0.0,0.0,0.13079885792039397,0.013540413295886884
ICEWS05-15,2523,3925,56,655,530,6213,0,5245.0,0.005362579541426977,1.0,0.005362579541426977,0.0,1.0,0.9999999998135225,0.5,0.14935436122419438,0.26286995943697744
ICEWS05-15,2524,3124,152,484,4853,9962,0,5250.5,0.03491262547195517,3.0,0.7141434062641757,0.18070500403686574,0.8192949959631343,0.0204358685856212,0.5,0.28319280727454743,0.16113967213338432
ICEWS05-15,2525,3124,152,647,7393,213,0,5251.5,0.35339002303069444,17.0,0.597554769985219,0.060153729198551886,0.9398462708014481,0.16323793488640367,0.5,0.33634864459255415,0.21865789638708993
ICEWS05-15,2526,3124,152,216,213,213,1,1.0,1.1291048278064106,4.0,0.9803906099397734,0.2026984899668356,0.9483618984407923,0.8488443517065603,0.575530194203814,0.37440624922494975,0.5370267160094186
ICEWS05-15,2527,3124,152,3415,9424,213,0,5.0,0.37274433137480956,163.0,0.4183716916964515,0.6856722424045234,0.3143277575954766,0.143670360453897,0.5,0.4084882157742664,0.23887882338163252
ICEWS05-15,2528,3124,152,3694,19,213,0,6.0,7.876209650463279,176.0,0.8705505632961241,0.4704806603107099,0.8476263146491868,0.7219243340765622,0.6590534874799483,0.708619010999698,0.6524159125935738
ICEWS05-15,2529,3124,152,3149,4773,213,0,6.0,0.9757859103860428,148.0,0.36421371187349827,0.7414360229070385,0.7177990340937465,0.45054996830358307,0.7296175285003925,0.4073129724988143,0.48885828520274827
ICEWS05-15,2530,3124,56,3524,9568,9568,1,1.0,0.0681557174852009,25.0,0.04643732153552965,0.5728013905391507,0.6784048921295504,0.4566602894918926,0.6256031413343506,0.24150055113559984,0.2696773358280473
ICEWS05-15,2531,3124,56,3810,9973,1269,0,5258.5,0.2055328190684671,6.0,1.0,0.42396341394728476,0.5760365860527152,0.06292201983851514,0.5,0.37188386909987997,0.22979289178485637
ICEWS05-15,2532,3124,167,680,9419,9869,0,5247.0,0.018666736418966684,1.0,0.24509765248494336,0.0,1.0,0.03958771040383163,0.5,0.18015645075232248,0.09747418223323522
ICEWS05-15,2533,3124,137,2679,9648,9568,0,9.0,0.27375134589584593,8.0,0.7141434062641757,0.27710578004678454,0.7228942199532155,0.16083737285105834,0.5,0.325505452463578,0.21353568369151754
ICEWS05-15,2534,3124,224,1657,4853,9568,0,10.0,0.7614595908186698,16.0,0.7884782461155736,0.026297348769894202,0.9737026512301058,0.8873923969884748,0.5,0.3847057330591611,0.5021961399114458
ICEWS05-15,2535,3124,224,3261,9568,9568,1,1.0,1.2968543260618495,26.0,0.9803906099397734,0.26364271668629813,0.999341196159247,0.9494101322318128,0.6314919564227726,0.4667283483271696,0.6858778757571793
ICEWS05-15,2536,3124,172,3051,213,537,0,10.0,0.0,1.0,0.1326516279166716,0.0,0.0,0.0,0.0,0.1649435596219714,0.0176301557758053
ICEWS05-15,2537,3124,41,3446,6207,2486,0,5249.5,0.0006154639934003055,2.0,0.0006316568190737273,0.0,1.0,0.9500105424778089,0.5,0.16008049070939503,0.26171552519065705
ICEWS05-15,2538,3124,180,3072,4853,5289,0,2.0,0.5716329040632923,1.0,0.6341329040632923,0.0,1.0,0.8205654667304321,0.5,0.25106429208513836,0.34462442634851526
ICEWS05-15,2539,3124,111,852,3106,9254,0,3.0,0.2057105977931707,1.0,0.21336989943332518,0.0,1.0,0.9306942105077459,0.5,0.17882931192558107,0.28539841437614516
ICEWS05-15,2540,3124,90,317,3106,0,0,5244.5,0.0,0.0,0.0,0.0,0.0,0.0,0.0,0.13079885792039397,0.013540413295886884
ICEWS05-15,2541,4076,137,2325,1677,1677,1,1.0,1.2255874439913879,2.0,0.9238395952400507,0.2555120532523478,1.0,0.975611681757613,0.6277560266261739,0.3396313642083273,0.585925372318374
ICEWS05-15,2542,4076,167,1844,8798,8065,0,5245.0,0.3789291416275995,1.0,0.3789291416275995,0.0,1.0,0.999999999997361,0.5,0.2056466435927394,0.34521921352830803
ICEWS05-15,2543,4076,95,2409,3518,0,0,5244.5,0.0,0.0,0.0,0.0,0.0,0.0,0.0,0.13079885792039397,0.013540413295886884
ICEWS05-15,2544,3959,137,2028,537,537,1,1.0,0.8663758682598945,5.0,0.9803906099397734,4.863744431649053e-07,0.9999995136255568,0.2908235554198074,0.5,0.3768266162612454,0.2937671577150529
ICEWS05-15,2545,3959,172,2212,8065,8065,1,1.0,0.47608138186615734,23.0,0.35707170313208786,0.29206747794060106,0.9870272187401836,0.8937274832762272,0.6395473483403924,0.30404930044368705,0.5121991891061525
ICEWS05-15,2546,3959,180,16,1677,2765,0,5245.0,0.9803906099397734,1.0,0.9803906099397734,0.0,1.0,0.99999999999898,0.5,0.3260339726748778,0.49734590524081324
ICEWS05-15,2547,5335,168,2967,3623,3623,1,1.0,0.9832786844500733,20.0,0.7001394896518027,0.30375645659919626,0.9932998161415542,0.9565780584489337,0.6485281363703752,0.3817459391060224,0.6232446369041006
ICEWS05-15,2548,5335,180,2509,3623,3623,1,1.0,0.3468303233605674,5.0,0.25,0.2792145984135862,0.9999999965826956,0.9999218742953877,0.6396072974981408,0.2245845814913577,0.46121824036854414
ICEWS05-15,2549,5335,59,2441,3623,3623,1,1.0,0.020507386088932638,3.0,0.01184153567586249,0.43601512811747867,0.9999545787048336,0.9544977717889503,0.7179848534111561,0.17032522459101676,0.42295070088759523
ICEWS05-15,2550,10265,152,1143,8978,0,0,5244.5,0.0,0.0,0.0,0.0,0.0,0.0,0.0,0.13079885792039397,0.013540413295886884
ICEWS05-15,2551,7951,41,1299,1763,1763,1,1.0,0.009218499065494355,4.0,0.00515432777645662,0.44087125899380764,1.0,0.9999999998915224,0.7204356294969039,0.17611125476520412,0.45000906613276925
ICEWS05-15,2552,9984,172,1837,7290,3623,0,22.0,2.1003472261573837,83.0,0.46191979762002533,0.626760828342376,0.8866237015482126,0.7626755483270237,0.7566922649452943,0.42948613943924835,0.6243181494705061
ICEWS05-15,2553,9984,172,1577,3623,3623,1,1.0,3.5977353216131163,66.0,0.9423178739918808,0.7144621058705325,0.8865195320134329,0.7158216230631377,0.8004908189419827,0.5691351948658007,0.7338787015335365
ICEWS05-15,2554,9984,168,971,1768,1768,1,1.0,0.20643626542022853,4.0,0.9803906099397734,0.2072133917278557,0.7927866082721443,0.09106781244280553,0.5,0.35104578446071494,0.22703512125603578
ICEWS05-15,2555,9984,56,1791,6013,6306,0,5258.5,0.2906673121839699,3.0,0.40212454001574466,0.3670120256016344,0.6329879743983656,0.15292844427779761,0.5,0.23311522270981824,0.1410855041451173
ICEWS05-15,2556,9984,180,1405,1096,1096,1,1.0,0.6233189068076856,1.0,0.9803906099397734,0.0,1.0,0.4660459593628407,0.5,0.3174970786203001,0.30775688535723
ICEWS05-15,2557,9984,167,1187,1677,1677,1,1.0,1.9251749765283577,4.0,0.5520447568369061,0.49651685652598887,1.0,0.9225138897779297,0.7482584282629945,0.30481763529952244,0.5786507401982083
ICEWS05-15,2558,9984,125,1397,1768,1768,1,1.0,0.2485058084232319,5.0,0.24509765248494336,0.04495237742546576,0.9944286504855324,0.9386003483721584,0.519690513955499,0.22192603726504684,0.35143808628968815
ICEWS05-15,2559,8280,181,3279,9734,9734,1,1.0,4.451981058841344,69.0,0.7884782461155736,0.5379098059922394,0.9999999999783447,0.7816833019938274,0.768954902985292,0.5592831314703315,0.70331835434037
ICEWS05-15,2560,8280,64,1879,1779,9734,0,2.0,0.7945847357770818,3.0,0.8534795977333005,6.239114780370869e-09,0.9999999937608852,0.8708975991849036,0.5,0.3283002761154771,0.4476647220678314
ICEWS05-15,2561,8280,168,3257,1779,1884,0,2.0,1.774708808276889,3.0,0.9423178739918808,0.0,1.0,0.47981867313873294,0.5,0.3714755196585367,0.3271795895857812
ICEWS05-15,2562,8280,177,801,9734,9734,1,1.0,0.0029189798051033914,3.0,0.001121775737301792,0.6156959581081931,1.0,0.9999999996574146,0.8078479790540966,0.16865084552735424,0.5042473453767896
ICEWS05-15,2563,8280,177,462,9734,9734,1,1.0,2.403928906634136,3.0,0.9238395952400507,0.6156959581081931,1.0,0.999999999999584,0.8078479790540966,0.38363712458006083,0.7230781728149258
ICEWS05-15,2564,8280,91,1941,73,73,1,1.0,5.342720326814728,33.0,0.9238395952400507,0.6682668432758646,0.7061006671151938,0.4885393904318374,0.6871837551955292,0.5761112189643625,0.5347812434696745
ICEWS05-15,2565,8280,91,1921,73,73,1,1.0,4.296530845766659,28.0,0.9803906099397734,0.5773428275045094,0.7537922590576827,0.5606026377649163,0.665567543281096,0.5524764281571496,0.5586275519103693
ICEWS05-15,2566,8280,113,3338,1779,1779,1,1.0,9.863421970828177e-10,2.0,9.689510643685555e-10,0.01763194636273069,1.0,0.9989871799230756,0.5088159731813653,0.15999246901465558,0.281437295742931
ICEWS05-15,2567,2802,113,2998,5335,1768,0,5245.0,0.0006703224426783719,1.0,0.0006703224426783719,0.0,1.0,0.9999999985081807,0.5,0.14873576073481143,0.26191946042309494
ICEWS05-15,2568,2802,59,1854,3623,9984,0,5245.5,0.07771222179155438,1.0,0.0777122430746864,0.0,1.0,0.9999994522452228,0.5,0.15916288878102106,0.27780359759413686
ICEWS05-15,2569,3623,168,2375,1768,1768,1,1.0,1.5741928331498871,82.0,0.6864101813026526,0.5715136252918191,0.9879411336432146,0.9659458741844685,0.7797273794675168,0.4661994775374183,0.7576201628499873
ICEWS05-15,2570,3623,168,2865,1214,1768,0,5.0,4.180334097113649,121.0,0.8705505632961241,0.6161300631962463,0.9333661077491853,0.8705344031030605,0.7747480854727158,0.5996386187838024,0.7685982809603507
ICEWS05-15,2571,3623,168,3754,1768,1768,1,1.0,4.678116825937585,194.0,0.820335356007638,0.704514200793302,0.9048047532012471,0.7660868314800843,0.8046594769972746,0.6253658885997876,0.7603351897706271
ICEWS05-15,2572,3623,168,2127,1768,1768,1,1.0,2.583585396250958,74.0,0.7001394896518027,0.7331797106962366,0.9906477977417615,0.969655105761183,0.861913754218999,0.49155261339867634,0.7978548217632966
ICEWS05-15,2573,3623,243,3714,1214,1768,0,2.0,0.2040928100324319,8.0,0.4805828740290406,0.020265580439236985,0.979734419560763,0.26268311526364824,0.5,0.2782010093365432,0.20292908461339004
ICEWS05-15,2574,3623,56,3901,5335,2802,0,3.0,0.09737112646462581,1.0,0.40212454001574466,0.0,1.0,0.13774814446137307,0.5,0.20413522000105652,0.1287613342274016
ICEWS05-15,2575,3623,41,3689,1768;1776,1768,1,2625.0,1.1808028839889788,71.0,0.6216979445974911,0.586526412985723,0.41347358701427706,0.24730830813631172,0.5,0.4331092197521202,0.28111784687796515
ICEWS05-15,2576,3623,41,2102,1768,1768,1,1.0,0.6170216295053089,26.0,0.410167678003819,0.33578201121281337,0.9993674370600523,0.998388241497479,0.6675747241364328,0.3234389932859495,0.5910158053053012
ICEWS05-15,2577,3623,139,2828,1768,1768,1,1.0,2.387370212502373,12.0,0.9803906099397734,0.556229840716602,0.999799881333003,0.9580279012004044,0.7780148610248026,0.4574608019295431,0.7471302133286692
ICEWS05-15,2578,3623,184,3779,1768,1768,1,1.0,1.7323267911503109,59.0,0.8042490800314893,0.5626835421790288,0.9697408527378226,0.8902978153355422,0.7662121974584257,0.4804839952492521,0.7400121472430633
ICEWS05-15,2579,3623,6,1392,1768,1768,1,1.0,0.38465430748045104,17.0,0.4183716916964515,0.144866509820617,0.855133490179383,0.6477404825586223,0.5,0.3009443744609466,0.3223646423367059
ICEWS05-15,2580,3623,195,3593,1768,0,0,5244.5,0.0,0.0,0.0,0.0,0.0,0.0,0.0,0.13079885792039397,0.013540413295886884
ICEWS05-15,2581,3623,125,3582,6306,1768,0,11.0,0.9032462413641658,55.0,0.9803906099397734,0.45266549511341225,0.5473345048865877,0.3371363154039373,0.5,0.49501502378649437,0.38957189347245214
ICEWS05-15,2582,3623,180,1479,1768,1768,1,1.0,0.2153809415619441,1.0,0.2871745887492588,0.0,1.0,0.5999999999983286,0.5,0.18929322916749966,0.20775656577590546
ICEWS05-15,2583,3623,143,3411,1768,1768,1,1.0,0.17419809888271157,7.0,0.17160254532566316,0.014900010813527875,1.0,0.9999999999942594,0.5074500054067639,0.21938407883716107,0.35884558737557687
ICEWS05-15,2584,3623,224,2278,6046,6046,1,1.0,0.6203548527581809,1.0,0.9803906099397734,0.0,1.0,0.46280412559323325,0.5,0.3174267148933784,0.3067256982247103
ICEWS05-15,2585,3623,172,3898,6841,2802,0,5261.0,0.05747549504062899,25.0,0.6597539553864471,0.19484683701802985,0.8051531629819701,0.03634577266894823,0.5,0.3600100807187639,0.2071788569668152
ICEWS05-15,2586,3623,172,3924,1259,6579,0,5261.0,0.3518673367995032,14.0,0.6341329040632923,0.24643648402969964,0.7535635159703004,0.26433193961740814,0.5,0.3351761474916154,0.24294463411769757
ICEWS05-15,2587,3623,45,2218,1768,6579,0,2.0,0.017931130551472142,2.0,0.01307411536551412,0.2708705497706093,1.0,0.9999999992515944,0.6354352748853047,0.16189952570809388,0.36781592738724006
ICEWS05-15,2588,3623,133,236,1317,1318,0,5244.5,0.9705525664377537,1.0,1.0,0.0,1.0,0.9427898256818817,0.5,0.32981513698934184,0.48102256742038874
ICEWS05-15,2589,3623,219,3324,1768,1214,0,2.0,0.002279711734712285,1.0,0.004857015192167901,0.0,1.0,0.3066470300571641,0.5,0.1492517517328894,0.11129059837432795
ICEWS05-15,2590,3623,182,3425,1768,1768,1,1.0,0.5314388444162348,29.0,0.6095068271022377,0.24190855075475093,0.7580914492452491,0.49364325114458907,0.5,0.3683210580248045,0.33361221043426376
ICEWS05-15,2591,3623,113,1712,4231,1768,0,5245.0,0.007812500000000002,1.0,0.007812500000000002,0.0,1.0,0.999999999872,0.5,0.14967818680490022,0.26336711458590173
ICEWS05-15,2592,3623,141,1291,1768,0,0,5244.5,0.0,0.0,0.0,0.0,0.0,0.0,0.0,0.13079885792039397,0.013540413295886884
ICEWS05-15,2593,3623,105,2648,3425,6883,0,5246.0,0.019532375153049175,2.0,0.3364750481580891,0.0,1.0,0.014874197716749865,0.5,0.20697483445676976,0.10993069677849822
ICEWS05-15,2594,3623,8,164,1768,0,0,5244.5,0.0,0.0,0.0,0.0,0.0,0.0,0.0,0.13079885792039397,0.013540413295886884
ICEWS05-15,2595,409,167,3711,4680,7394,0,30.0,3.318536238022408e-10,3.0,1.948195005284859e-10,0.0,1.0,0.4300546296728237,0.5,0.16845983834072126,0.14561965655189646
ICEWS05-15,2596,409,180,61,3936,0,0,5244.5,0.0,0.0,0.0,0.0,0.0,0.0,0.0,0.13079885792039397,0.013540413295886884
ICEWS05-15,2597,409,180,461,1677,1294,0,3.0,0.0,1.0,0.646816582731497,0.0,0.0,0.0,0.0,0.24162765164604577,0.03005418965356254
ICEWS05-15,2598,409,56,887,9281,9281,1,1.0,0.6873182279916901,3.0,0.9423178739918808,8.026532477556358e-07,0.9999991973467522,0.5740476925685152,0.5,0.3441116562346754,0.36310079182829585
ICEWS05-15,2599,409,56,334,3931,4698,0,12.0,0.03517310096778259,1.0,0.9057236642639067,0.0,1.0,0.01980161645202617,0.5,0.289221770935728,0.17450435561758132
ICEWS05-15,2600,409,137,299,4853,3425,0,1.0,1.0,3.0,1.0,0.46787473843617466,0.5321252615638253,0.362514080820371,0.5,0.3642119522732553,0.2937006563330975
ICEWS05-15,2601,409,172,3972,5541,10392,0,5262.0,0.05577607293239441,159.0,0.08751743620647534,0.11308922987592507,0.8869107701240749,0.3939618495989179,0.5,0.3278554283552764,0.255858377580395
ICEWS05-15,2602,409,172,2250,7394,10392,0,5260.0,4.832518785428764,147.0,0.9803906099397734,0.6659923239910124,0.8335874776314575,0.7113654308880668,0.749789900811235,0.6499880989069151,0.7341899613577679
ICEWS05-15,2603,409,111,685,9832,5737,0,5251.0,0.034325043905289454,3.0,0.13005041040272958,0.020796252667689696,0.9792037473323103,0.06980666434126104,0.5,0.18665575263334422,0.10177856706785349
ICEWS05-15,2604,409,111,1525,10392,2609,0,5254.5,0.25592482774808156,1.0,0.8534795977333005,0.0,1.0,0.1763740635242838,0.5,0.2842324511694696,0.20153344017233002
ICEWS05-15,2605,409,95,2270,4947,1096,0,3.0,0.045052836878460734,1.0,0.40212454001574466,0.0,1.0,0.05934280798241549,0.5,0.2032055733566219,0.11614742431125255
ICEWS05-15,2606,409,6,336,798,798,1,1.0,1.172213916294101,5.0,0.9423178739918808,0.19612123615544985,1.0,0.9999999999991468,0.5980606180777249,0.3763813378583613,0.608812547599213
ICEWS05-15,2607,3151,139,3848,1075,1075,1,1.0,0.09567968449304307,2.0,0.04831354178959312,0.0,1.0,0.9999999999895484,0.5,0.1675801610339405,0.28649167607893716
ICEWS05-15,2608,3151,64,2486,8065,3607,0,2.0,0.006705441587180068,2.0,0.008128150650170597,9.215075935653516e-08,0.9999999078492406,0.7020771675145381,0.5,0.16111014544690122,0.19730096066362562
ICEWS05-15,2609,6213,41,98,2221,2221,1,1.0,1.6600939794828513,6.0,0.9611657480580811,0.5963827728237496,0.7696647148697211,0.5350542457575496,0.6830237438467354,0.4010969973292772,0.5027494942378875
ICEWS05-15,2610,6213,41,3953,5331,2221,0,10.0,2.966345387909601,209.0,0.9423178739918808,0.6832697859666457,0.9972840350074967,0.9941029499501294,0.8402769104870712,0.6116312540324971,0.8564060268973627
ICEWS05-15,2611,6213,41,1589,2221,2221,1,1.0,2.2541501418278056,79.0,0.7284274237469965,0.8049688764462967,0.650872047289812,0.4321848720466202,0.7279204618680544,0.4925660361292845,0.5418878792555579
ICEWS05-15,2612,6213,41,3816,2221,2221,1,1.0,0.6397667123212624,202.0,0.2871745887492588,0.6282136585974925,0.8422763070922153,0.7068698938547362,0.735244982844854,0.3971853626357956,0.5874012936713854
ICEWS05-15,2613,6213,41,1087,2221,2221,1,1.0,0.3604434926632636,49.0,0.35006974482590136,0.46173304856908304,0.538266951430917,0.17014999454883709,0.5,0.33406692853967057,0.20037946569803616
ICEWS05-15,2614,6213,152,749,3160;9077,4971,0,2633.25,0.3051575262939892,5.0,0.8534795977333005,0.09135708174024593,0.9086429182597541,0.19394496040455128,0.5,0.3356947508623946,0.23871889948213773
ICEWS05-15,2615,6213,152,1881,4790,3160,0,5287.5,0.036594183426299276,3.0,0.9423178739918808,6.238232153066292e-11,0.9999999999376177,0.009901771765115946,0.5,0.32820464673489447,0.19735119694701286
ICEWS05-15,2616,6213,152,1198,8416,9462,0,2.0,0.10773031102219344,3.0,0.5202016416109183,0.0013256105402307261,0.9986743894597693,0.055093478342706066,0.5,0.24954383800303462,0.1437659508441925
ICEWS05-15,2617,6213,152,2726,530,5496,0,58.0,0.9980622187535078,10.0,1.0,1.4983009429814231e-06,0.999998501699057,0.20430913015040644,0.5,0.41571863735820935,0.2936609150516426
ICEWS05-15,2618,6213,152,1794,1827,1096,0,45.0,0.34597071565838633,32.0,0.12750020117764987,0.6757443956752983,0.5123356110753303,0.3426004132348053,0.5940400033753144,0.27140235433171295,0.23931672702766255
ICEWS05-15,2619,6213,152,3348,1827,1096,0,2.0,3.2472035249388305,57.0,0.820335356007638,0.37829077012655155,0.9789443462611599,0.7191286852863226,0.6786175581938557,0.5238694849235741,0.6254818919829963
ICEWS05-15,2620,6213,59,547,4684,6977,0,5247.5,0.17856317337630367,1.0,0.23557946849797018,0.0,1.0,0.6102725862012778,0.5,0.18144012201781387,0.20145360257013248
ICEWS05-15,2621,6213,180,3100,10032,10367,0,15.0,0.10519554646551738,1.0,0.5858370854182298,0.0,1.0,0.09863821370772234,0.5,0.23344569079451585,0.14480388374822797
ICEWS05-15,2622,6213,56,1650,1677;9419,1677,1,1.0,0.9610467532311235,23.0,0.9803906099397734,0.10107046461765279,0.8989295353823472,0.28613986543480385,0.5,0.4513206810435068,0.34463120526481916
ICEWS05-15,2623,6213,56,3538,3799,1939,0,2.0,0.8826860046794336,38.0,0.5858370854182298,0.4541906196579504,0.9847760723547004,0.6983348103527065,0.7194833460063255,0.3854016444659788,0.5792790606812439
ICEWS05-15,2624,6213,172,1659,2555,3425,0,5259.0,0.056878520721455494,2.0,0.6095068271022377,5.937195179939181e-11,0.999999999940628,0.04894312122497701,0.5,0.25250901288217137,0.14796767382677312
ICEWS05-15,2625,6213,116,537,6202,6202,1,1.0,0.4107193513340849,2.0,0.2987773849926094,0.27876380166673276,1.0,0.9830635580813976,0.6393819008333663,0.20825848658186524,0.4358740732014967
ICEWS05-15,2626,6213,137,1283,9419,1677,0,7.0,0.28670129389660703,10.0,1.0,0.0008439872446215357,0.9991560127553785,0.16717392547642418,0.5,0.3969213967640321,0.2843985272187415
ICEWS05-15,2627,6213,224,3505,3799,4853,0,3.0,0.07433625700728841,13.0,0.7884782461155736,1.797327130348414e-06,0.9999982026728697,0.049470994099811934,0.5,0.35742815057652483,0.21800281090055704
ICEWS05-15,2628,6213,111,310,9423,1677,0,5245.0,0.34320509065132626,1.0,0.34320509065132626,0.0,1.0,0.9999999999970863,0.5,0.19964693301497685,0.3368171464231264
ICEWS05-15,2629,6213,127,2062,7532,0,0,5244.5,0.0,0.0,0.0,0.0,0.0,0.0,0.0,0.13079885792039397,0.013540413295886884
ICEWS05-15,2630,6213,167,3796,9423,1096,0,9.0,0.06277353808882494,1.0,0.06375010058882494,0.0,1.0,0.9698250317911563,0.5,0.15721603208486484,0.26590417952305495
ICEWS05-15,2631,6213,78,1796,6251,0,0,5244.5,0.0,0.0,0.0,0.0,0.0,0.0,0.0,0.13079885792039397,0.013540413295886884
ICEWS05-15,2632,6213,105,2821,1939,4853,0,9.0,0.0019733727609277775,1.0,0.0020320376625426505,0.0,1.0,0.9438802026720114,0.5,0.14891424885615967,0.24614944732110003
ICEWS05-15,2633,1939,56,192,6213,6213,1,1.0,0.6910802506229203,1.0,0.7284274237469965,0.0,1.0,0.9024590962480954,0.5,0.2704829488530471,0.39630060297543646
ICEWS05-15,2634,1939,56,1184,3926,8416,0,5250.5,0.4498710824131904,1.0,0.5630865404461788,0.0,1.0,0.6651925965384872,0.5,0.2364305219884099,0.2787381964391001
ICEWS05-15,2635,1939,224,3759,9423,3425,0,2.0,0.0029094169932618735,2.0,0.0038296508200772435,0.0,1.0,0.2373292176309894,0.5,0.16051459878397403,0.10823466504096275
ICEWS05-15,2636,1939,137,216,2919,1216,0,5245.5,0.7664070979400585,2.0,0.9238395952400507,0.41181296823779734,0.5881870317622027,0.3227105988152878,0.5,0.32844107772391706,0.25706980923186734
ICEWS05-15,2637,1939,168,2028,3806,9962,0,5.0,0.004543971158621475,1.0,0.007812500000000002,0.0,1.0,0.4100676230751618,0.5,0.14963261629567123,0.12802944891195503
ICEWS05-15,2638,1939,152,2175,8416,8416,1,1.0,1.8608262219906941,9.0,0.9803906099397734,0.0370461618888237,0.9629538381111763,0.8568621250926474,0.5,0.42934402895182083,0.5127263257437789
ICEWS05-15,2639,1939,152,1158,8416,1216,0,5.0,0.1586804860968597,3.0,0.3298769776932236,0.46058192890291894,0.5394180710970811,0.14907916888799042,0.5,0.21883872664519105,0.13040705425763116
ICEWS05-15,2640,1939,152,595,7310,3928,0,5252.0,0.5278879859421096,1.0,0.5520447568369061,0.0,1.0,0.9161516596793797,0.5,0.2361200914250646,0.3577697668078026
ICEWS05-15,2641,1939,128,3326,6213,0,0,5244.5,0.0,0.0,0.0,0.0,0.0,0.0,0.0,0.13079885792039397,0.013540413295886884
ICEWS05-15,2642,1939,172,1278,4516,3425,0,3.0,0.4287511184181928,4.0,0.17160254532566316,0.0,1.0,0.5061262821616882,0.5,0.20715227019190488,0.19184685682512792
ICEWS05-15,2643,1939,41,2281,1785,2694,0,5.0,0.08647797228283984,4.0,0.1326516279166716,0.1368396024012688,0.8631603975987312,0.3915073617744884,0.5,0.19530575358201374,0.15942879432097956
ICEWS05-15,2644,1939,105,3118,9734,1216,0,5250.5,0.1124713746643114,3.0,0.20106227000787236,0.0,1.0,0.3882967221416783,0.5,0.19824597568427213,0.1651269945664917
ICEWS05-15,2645,1939,111,478,1216,7054,0,4.0,0.2031183474460575,1.0,0.5858370854182298,0.0,1.0,0.20971258707096285,0.5,0.2353709817123351,0.16660285194887
ICEWS05-15,2646,5981,172,3146,7914,7914,1,1.0,2.386411778860725,636.0,0.9803906099397734,0.6896936815526447,0.7584014383407451,0.6068518970736526,0.7240475599466949,0.6601676199474025,0.7461602389370703
ICEWS05-15,2647,5981,172,2062,7914,7914,1,1.0,2.373201102883229,540.0,0.7578582832551991,0.7131189293096045,0.5876372088772883,0.33846674825351586,0.6503780690934464,0.6036332665312498,0.541523586302486
ICEWS05-15,2648,5981,172,109,7914,7914,1,1.0,14.839755417544032,45.0,0.9803906099397734,0.8174611377445785,0.8588687268936895,0.734648058222083,0.838164932319134,0.8122543781611632,0.7210843684599831
ICEWS05-15,2649,5981,172,2937,7914,7914,1,1.0,3.9986574636188252,625.0,0.7001394896518027,0.8440308386441511,0.9126432137261157,0.8030618500090453,0.8783370261851333,0.6402237837311311,0.8219418522013459
ICEWS05-15,2650,5981,172,912,8197,7914,0,5258.0,13.79035770440326,277.0,1.0,0.8247668734403338,0.919913804531137,0.8491737993206898,0.8723403389857354,0.8524357886613919,0.8319449630509406
ICEWS05-15,2651,5981,172,1005,4083,7914,0,5259.5,14.323167481713877,305.0,0.9803906099397734,0.7326240865595345,0.8883515211321029,0.795484368992721,0.8104878038458188,0.8599115698743601,0.7887651515920364
ICEWS05-15,2652,5981,172,3930,4853,7914,0,5271.5,4.846369744966712,689.0,1.0,0.6644631733744666,0.8536128539703223,0.7200068028531099,0.7590380136723944,0.7249053165978545,0.7961149404623188
ICEWS05-15,2653,5981,172,1213,7914,7914,1,1.0,12.570745611299987,371.0,0.9057236642639067,0.8522976616102808,0.9320489917768288,0.8499026787069959,0.8921733266935548,0.8313213646979555,0.8366902625420388
ICEWS05-15,2654,5981,172,979,5437,7914,0,15.0,10.76960203848263,294.0,0.9238395952400507,0.8516263397464796,0.8852490225145183,0.7747548024464221,0.868437681130499,0.7965379911691641,0.8097589441918907
ICEWS05-15,2655,5981,172,722,7914,7914,1,1.0,13.153335445966206,221.0,0.9611657480580811,0.7781232667093503,0.9205079158372839,0.8370493371700911,0.849315591273317,0.8319744935741825,0.8083622220860448
ICEWS05-15,2656,5981,172,1787,1263,7914,0,30.0,9.229954761519028,503.0,1.0,0.8354401994734929,0.8388890448768248,0.6976286190566248,0.8371646221751589,0.7992817553022663,0.8078224884807559
ICEWS05-15,2657,5981,172,1977,5347,7914,0,30.0,6.586899972678976,534.0,0.9057236642639067,0.5582809551088895,0.8486671878799154,0.7051981850262008,0.7034740714944024,0.7344617037272522,0.7307491743575789
ICEWS05-15,2658,5981,172,1470,7914,7914,1,1.0,9.135751321997498,430.0,0.9611657480580811,0.8192669801046537,0.8926754975840446,0.7928045440955379,0.8559712388443492,0.7861410658717578,0.8282988056955645
ICEWS05-15,2659,5981,172,2704,7914,7914,1,1.0,1.0255866016687842,600.0,0.5520447568369061,0.744574336782293,0.500932061877586,0.3110703135770616,0.6227531993299396,0.5260159922540748,0.4635475622761481
ICEWS05-15,2660,5981,161,1172,7914,8796,0,5245.0,9.436238630779916e-05,1.0,9.436238630779916e-05,0.0,1.0,0.9999999894025573,0.5,0.14865997531502764,0.2618029399042361
ICEWS05-15,2661,5981,125,599,1741,0,0,5244.5,0.0,0.0,0.0,0.0,0.0,0.0,0.0,0.13079885792039397,0.013540413295886884
ICEWS05-15,2662,5981,137,1890,5073,1741,0,5246.0,0.003664086815660581,9.0,0.003608748418906448,0.015192646892884354,0.9999999733842997,0.9998178033357413,0.5075963101385921,0.19840397842994412,0.3284830742672244
ICEWS05-15,2663,5981,168,3184,1741,1741,1,1.0,0.12596607138849195,56.0,0.18574928614211858,0.0015569026278731135,0.9984430973721269,0.5118246120648539,0.5,0.30148537840392614,0.27620906839966336
ICEWS05-15,2664,6156,41,2516,6195,4808,0,2.0,1.1153854618951278,2.0,0.6864101813026526,0.0,1.0,0.6956658446046644,0.5,0.2895037679232805,0.32966596509257606
ICEWS05-15,2665,6156,56,3331,3632,0,0,5244.5,0.0,0.0,0.0,0.0,0.0,0.0,0.0,0.13079885792039397,0.013540413295886884
ICEWS05-15,2666,6060,56,648,4469,0,0,5244.5,0.0,0.0,0.0,0.0,0.0,0.0,0.0,0.13079885792039397,0.013540413295886884
ICEWS05-15,2667,2900,56,43,9298,7400,0,5245.0,0.820335356007638,1.0,0.820335356007638,0.0,1.0,0.999999999998781,0.5,0.2905842843396951,0.4555838246479713
ICEWS05-15,2668,213,180,1741,3633,2607,0,10.0,0.1246810186300602,1.0,0.2929185427091149,0.0,1.0,0.27036621137429734,0.5,0.18858898446145808,0.1384412696674272
ICEWS05-15,2669,213,202,2159,3633,9568,0,5246.0,8.250580997469096e-13,1.0,8.916600654081565e-13,0.0,1.0,0.4213216038797151,0.5,0.1486475620538574,0.1290095653026897
ICEWS05-15,2670,213,167,1237,3124,3124,1,1.0,0.0658655627048268,52.0,0.16823752407904452,0.6698487504946364,0.33015124950536356,0.018801088397448516,0.5,0.293445466459568,0.1402006374669088
ICEWS05-15,2671,213,167,2958,3124,3124,1,1.0,5.840356323484723,136.0,0.8879629756445782,0.5401532184453492,0.8802975680599308,0.669256814668531,0.71022539325264,0.6517841870025726,0.670581568999431
ICEWS05-15,2672,213,167,752,3124,3124,1,1.0,0.6862138135873124,21.0,0.23557946849797018,0.5889291884900505,0.8503106366950375,0.4771703602846971,0.719619912592544,0.2815665123375396,0.37691802434204075
ICEWS05-15,2673,213,167,275,3124,3124,1,1.0,0.08669582906664774,5.0,0.3298769776932236,0.39367303650528696,0.606326963494713,0.04459892282995516,0.5,0.23265690862805213,0.12218333507048461
ICEWS05-15,2674,213,125,423,7768,0,0,5244.5,0.0,0.0,0.0,0.0,0.0,0.0,0.0,0.13079885792039397,0.013540413295886884
ICEWS05-15,2675,213,137,2211,537,9962,0,5255.0,0.028182862600842677,3.0,0.028303864508247085,4.4457705143052806e-05,0.999955542294857,0.9913984141315324,0.5,0.1726194985750598,0.2905152454418315
ICEWS05-15,2676,213,56,1301,10120,4821,0,5265.0,0.23313760558619712,4.0,0.6216979445974911,0.48769386929496883,0.5123061307050312,0.10626537448877509,0.5,0.27987803828960134,0.16585827717474708
ICEWS05-15,2677,213,56,360,3924,63,0,5251.5,0.4103942267652173,2.0,0.5100008047105996,0.0,1.0,0.2549654227404069,0.5,0.24249023862037813,0.17494314449900247
ICEWS05-15,2678,213,56,9,9962,0,0,5244.5,0.0,0.0,0.0,0.0,0.0,0.0,0.0,0.13079885792039397,0.013540413295886884
ICEWS05-15,2679,213,142,742,9568,9568,1,1.0,0.34713757243862675,10.0,0.11321545803298837,0.4033061850091474,1.0,0.9999999999971194,0.7016530925045736,0.22507990559935706,0.49927963549769144
ICEWS05-15,2680,213,172,1614,6344,3106,0,5260.0,0.5315431446972176,1.0,1.0,0.0,1.0,0.36197396115342884,0.5,0.3192722434538137,0.2798142197411923
ICEWS05-15,2681,213,53,2657,9424,0,0,5244.5,0.0,0.0,0.0,0.0,0.0,0.0,0.0,0.13079885792039397,0.013540413295886884
ICEWS05-15,2682,213,168,501,3633,9568,0,2.0,1.9744056765327112,3.0,0.9611657480580811,0.5222772286360209,1.0,0.9633398852120839,0.7611386143180104,0.3807214717402675,0.6921910221550804
ICEWS05-15,2683,213,186,704,9568,9568,1,1.0,6.320730266031436,90.0,0.8705505632961241,0.8623206270838458,0.9994470027066725,0.9988817663075554,0.9308838148952592,0.6400497415128894,0.8561680463646915
ICEWS05-15,2684,213,186,191,9568,9568,1,1.0,5.749873827084292,20.0,0.9057236642639067,0.6910759642771565,1.0,0.999999999999826,0.8455379821385782,0.557555318369095,0.7868727797289706
ICEWS05-15,2685,213,147,1733,6817,1776,0,5245.5,5.896741039166475e-12,1.0,2.4352437566060776e-11,0.0,1.0,0.13460379359354516,0.5,0.14864756205668855,0.08767950618208988
ICEWS05-15,2686,213,243,2382,6309,338,0,2.0,0.070206465072007,2.0,0.08085207284143715,0.029160550794982476,0.9708394492050175,0.7286252578160993,0.5,0.17144673389711887,0.21581348039212048
ICEWS05-15,2687,213,189,2437,1269,1269,1,1.0,0.0005704791975822076,1.0,0.0013406448853567428,0.0,1.0,0.27026546321760453,0.5,0.14881331431887823,0.10562583952726749
ICEWS05-15,2688,213,29,738,9419,9419,1,1.0,0.9803906099397734,1.0,0.9803906099397734,0.0,1.0,0.99999999999898,0.5,0.3260339726748778,0.49734590524081324
ICEWS05-15,2689,213,152,522,9962,7393,0,2.0,0.0300562097569798,2.0,0.020617311105826472,0.4555581312873651,1.0,0.6579556433863805,0.7277790656436826,0.16303473682104677,0.31599852507096554
ICEWS05-15,2690,9950,137,1199,3960,8370,0,5251.0,1.813343683011764,5.0,1.0,0.35796090400083014,0.999982942886454,0.480467321476855,0.678971923443642,0.40587198505523187,0.4882656626112888
ICEWS05-15,2691,9950,137,1021,1677,1677,1,1.0,1.3320495308956168,2.0,0.9803906099397734,0.0,1.0,0.522154660329525,0.5,0.35418650422278564,0.3401608036887425
ICEWS05-15,2692,9950,56,1462,3425,5431,0,5262.0,0.10984004664364933,1.0,0.9803906099397734,0.0,1.0,0.05934280798971192,0.5,0.30543390496932327,0.19525297635746103
ICEWS05-15,2693,9950,56,600,3386,4867,0,3.0,0.19690645436288468,4.0,0.820335356007638,0.24030269469793564,0.7596973053020644,0.04826115911252698,0.5,0.31770818362019365,0.18796312591167422
ICEWS05-15,2694,9950,172,1385,4680,4680,1,1.0,0.7513270958625603,11.0,0.6341329040632923,0.2647389723012986,0.9978019351057259,0.7717062936168595,0.6312704537035123,0.3342641116353782,0.5009678689846555
ICEWS05-15,2695,9950,172,3382,6955,4689,0,5255.5,0.052442388660713005,1.0,0.08085207284143715,0.0,1.0,0.47997021180609667,0.5,0.159183124753149,0.1497961124303089
ICEWS05-15,2696,9950,111,1513,1136,9298,0,5251.5,0.5669266049448186,1.0,0.9611657480580811,0.0,1.0,0.4182710337237025,0.5,0.3123074977605956,0.288588892858117
ICEWS05-15,2697,9950,170,574,3425,0,0,5244.5,0.0,0.0,0.0,0.0,0.0,0.0,0.0,0.13079885792039397,0.013540413295886884
ICEWS05-15,2698,9950,174,505,5737,0,0,5244.5,0.0,0.0,0.0,0.0,0.0,0.0,0.0,0.13079885792039397,0.013540413295886884
ICEWS05-15,2699,4320,167,2173,4853,4853,1,1.0,0.9011239969318618,1.0,0.9803906099397734,0.0,1.0,0.8503919733820373,0.5,0.3241286127703456,0.44149590903393454
ICEWS05-15,2700,7334,172,3392,4684,4684,1,1.0,6.821969848827904,302.0,0.9238395952400507,0.8073503040909115,0.9032360552772208,0.7852060172560348,0.8552931796840662,0.7187035056674907,0.8165159696347405
ICEWS05-15,2701,7334,172,3128,4680,4684,0,6.0,4.201231653738382,268.0,1.0,0.7704408278180495,0.8971063587719359,0.7886074171790579,0.8337735932949927,0.6673470042911919,0.8223580543065737
ICEWS05-15,2702,7334,172,3474,4684,4684,1,1.0,6.577967148370609,313.0,0.9057236642639067,0.6259541200518814,0.8229371329084151,0.659687650645669,0.7244456264801482,0.7113828448355721,0.7093560177783415
ICEWS05-15,2703,7334,172,831,4684,4684,1,1.0,4.888878653031753,45.0,0.9423178739918808,0.8340700133998582,0.7565911449213778,0.5622085201215199,0.795330579160618,0.5839775967531892,0.660026831134995
ICEWS05-15,2704,7334,172,515,4684,7334,0,2.0,0.08715043831234892,3.0,0.8042490800314893,0.4481883566599767,0.5518116433400233,0.0248877643208291,0.5,0.30171024156357545,0.17102731733786553
ICEWS05-15,2705,7334,172,840,4684,4684,1,1.0,5.994220487185091,47.0,0.9611657480580811,0.7491107532458483,0.8176598092253438,0.6529883025386128,0.783385281235596,0.6193705249644559,0.6861172458948366
ICEWS05-15,2706,7334,56,3346,5908,10239,0,40.0,0.017760688619328557,1.0,0.9057236642639067,0.0,1.0,0.009901778952997507,0.5,0.28882976420298895,0.1724018738530591
ICEWS05-15,2707,7334,56,2840,2609,2609,1,1.0,0.6840976563642501,3.0,0.9611657480580811,0.010405433739441916,0.9895945662605581,0.5436047235723395,0.5,0.3479980498845581,0.35687247120458987
ICEWS05-15,2708,7334,56,3121,5739,1459,0,16.0,0.05002363763764578,1.0,0.5306065116666864,0.0,1.0,0.04947009763475575,0.5,0.22333100750825072,0.1292130319886517
ICEWS05-15,2709,7334,167,3415,4680,4680,1,1.0,0.7460924019049204,67.0,0.9803906099397734,0.1715076175231065,0.8284923824768935,0.12267606602029432,0.5,0.5011211085467201,0.3311815159650528
ICEWS05-15,2710,7334,167,830,9423,4853,0,2.0,2.6098499602651213,5.0,1.0,0.0,1.0,0.3725388646289002,0.5,0.4270754468928942,0.31862188362585797
ICEWS05-15,2711,7334,167,802,4684,4684,1,1.0,2.494880483600505,11.0,0.9803906099397734,0.3114312307215297,0.9398620621468,0.8217385792530102,0.6256466464341648,0.4561236380401139,0.5978748988144651
ICEWS05-15,2712,7334,175,1262,4684,4684,1,1.0,1.2538579123608606,4.0,0.9803906099397734,0.21810071119316987,1.0,0.9999999999992024,0.6090503555965849,0.3776130380459079,0.6180014239551886
ICEWS05-15,2713,7334,137,1448,4684,4680,0,2.0,0.07776575661055074,18.0,1.0,0.0721547128904918,0.9278452871095082,0.037427581290542536,0.5,0.41970671872395754,0.26444176526739577
ICEWS05-15,2714,7334,137,1670,4684,1096,0,8.0,3.74231356380729,7.0,0.8705505632961241,0.5941206207074543,0.9422725857087073,0.6867546788583331,0.7681966032080808,0.443148083556234,0.6014019386680792
ICEWS05-15,2715,7334,111,510,9832,9832,1,1.0,1.9227084839316544,2.0,0.9803906099397734,0.0,1.0,0.9999999999994799,0.5,0.36912423192147853,0.5122870885954653
ICEWS05-15,2716,7334,168,849,4680,4680,1,1.0,0.7400079558883765,1.0,0.9803906099397734,0.0,1.0,0.6061796876746824,0.5,0.3202737666679433,0.3541092883447438
ICEWS05-15,2717,7334,218,3449,4684,4684,1,1.0,1.9443712708614028e-18,2.0,1.634660937846275e-18,0.15928559409228393,1.0,1.9443674902891148e-06,0.579642797046142,0.1599924688790398,0.09695124375726376
ICEWS05-15,2718,7334,191,1454,4680,4684,0,2.0,3.4668858003859696e-06,1.0,3.5946574172663953e-06,0.0,1.0,0.9313501579837156,0.5,0.1486480331395111,0.24226845282258636
ICEWS05-15,2719,3495,167,112,4853,0,0,5244.5,0.0,0.0,0.0,0.0,0.0,0.0,0.0,0.13079885792039397,0.013540413295886884
ICEWS05-15,2720,3627,180,45,1677,0,0,5244.5,0.0,0.0,0.0,0.0,0.0,0.0,0.0,0.13079885792039397,0.013540413295886884
ICEWS05-15,2721,3627,243,3465,6313,2804,0,2.0,0.002789445536395699,1.0,0.0027896226807194373,0.0,1.0,0.9998730053517928,0.5,0.14901489252440606,0.262311412574234
ICEWS05-15,2722,3627,172,1057,7837,7837,1,1.0,3.0346408431595866,12.0,0.836743383392903,0.4810800681793924,0.8855305409350395,0.6121964448166274,0.6833053045572159,0.44195481963828936,0.5253305816465461
ICEWS05-15,2723,3627,184,3762,1677,10239,0,5246.0,3.3873099335587238e-06,1.0,3.387309935167612e-06,0.0,1.0,0.9999997038306211,0.5,0.14864800763558683,0.26178445526574307
ICEWS05-15,2724,3627,143,953,3351,8527,0,2.0,0.37893739943670435,2.0,0.36421371187349827,0.038855271788268975,1.0,0.9999998457876549,0.5194276358941345,0.21787586509464688,0.37216242815509454
ICEWS05-15,2725,5927,172,564,9419,5532,0,5245.0,0.008974205898414338,1.0,0.008974205898414338,0.0,1.0,0.9999999998885695,0.5,0.14983194085789203,0.2636030671679547
ICEWS05-15,2726,10015,41,1553,2246,1784,0,6.0,0.45485773961094544,11.0,0.820335356007638,0.364190155459731,0.635809844540269,0.2139918196212651,0.5,0.36626042616226195,0.25528610125455525
ICEWS05-15,2727,10015,191,3368,8370,8370,1,1.0,10.658552522821994,13.0,0.9611657480580811,0.5697265913537277,0.9999999999999998,0.9998104391838629,0.7848632956768637,0.6755997731726323,0.7372642525286739
ICEWS05-15,2728,10015,56,3914,9281,7394,0,5270.0,0.020588869109363875,7.0,0.0777122430746864,0.30747034609973833,0.6925296539002617,0.10100444823275767,0.5,0.20207164293890867,0.10996427371848598
ICEWS05-15,2729,10015,224,2574,1677,4853,0,10.0,0.04619831135593117,6.0,0.054409410206007765,2.1593962730381833e-05,0.9999784060372696,0.737722808250058,0.5,0.19452057518293897,0.24132055464097388
ICEWS05-15,2730,10015,105,3146,4680,10392,0,11.0,0.022745478501332118,2.0,0.02276335699209365,0.0,1.0,0.9984304195201177,0.5,0.16319781742484563,0.2807269602554471
ICEWS05-15,2731,10015,105,3615,8370,8370,1,1.0,0.7247063590374812,2.0,0.8879629756445782,0.0,1.0,0.26597594879663367,0.5,0.3201299994529894,0.24272311185731563
ICEWS05-15,2732,10015,111,1054,10392,9908,0,5250.0,0.7332182794596643,1.0,0.7578582832551991,0.0,1.0,0.9370222166520712,0.5,0.2768402525496344,0.41625804206124656
ICEWS05-15,2733,10015,152,3671,19,3931,0,1.0,0.035169435234790214,7.0,1.0,0.00014161812883273228,0.9998583818711673,0.008957689124479147,0.5,0.3742168684226004,0.22866007041587702
ICEWS05-15,2734,10015,152,871,8796,5739,0,3.0,1.6628740000745044,5.0,0.9057236642639067,0.0,1.0,0.24061991875588803,0.5,0.38102279212329493,0.26026945751754427
ICEWS05-15,2735,10015,152,3041,1734,1734,1,1.0,1.1566565030411278,3.0,0.9423178739918808,0.3579499524802674,0.6420500475197326,0.28153281238154365,0.5,0.3558082188904325,0.2590450692457804
ICEWS05-15,2736,10015,152,3637,5052,3869,0,5309.0,1.999238484005974,3.0,1.0,0.0,1.0,0.5147536620878775,0.5,0.38991853460351433,0.35194909733962204
ICEWS05-15,2737,10015,167,979,10120,10120,1,1.0,1.3320495308956168,2.0,0.9803906099397734,0.0,1.0,0.522154660329525,0.5,0.35418650422278564,0.3401608036887425
ICEWS05-15,2738,10015,113,1101,2813,0,0,5244.5,0.0,0.0,0.0,0.0,0.0,0.0,0.0,0.13079885792039397,0.013540413295886884
ICEWS05-15,2739,10015,38,3103,9962,0,0,5244.5,0.0,0.0,0.0,0.0,0.0,0.0,0.0,0.13079885792039397,0.013540413295886884
ICEWS05-15,2740,10015,184,3152,9734,910,0,5245.5,2.3638524110870274e-13,1.0,2.3656031844935497e-13,0.0,1.0,0.19113647261442174,0.5,0.14864756205377214,0.09474610147653352
ICEWS05-15,2741,10015,48,1913,6176,2246,0,5245.0,5.040499343251702e-10,1.0,5.040499343251702e-10,0.0,1.0,0.9980199977625259,0.5,0.1486475621200459,0.26120699287216936
ICEWS05-15,2742,7937,41,3149,10314,10314,1,1.0,0.2060410384596295,27.0,0.20508383900190946,0.0046467378630415945,0.9999999659620389,0.9999978619739606,0.5023233519125403,0.275689558066339,0.4180351013028136
ICEWS05-15,2743,7937,137,1193,1677,0,0,5244.5,0.0,0.0,0.0,0.0,0.0,0.0,0.0,0.13079885792039397,0.013540413295886884
ICEWS05-15,2744,8460,41,2319,1742,1742,1,1.0,1.2168769065986171,211.0,0.7730166686334901,0.6522458240111392,0.6219507787519243,0.3768718143607956,0.6370983013815317,0.5267510950238224,0.5126265623619677
ICEWS05-15,2745,8460,41,2903,1742,1742,1,1.0,0.8951342779763137,227.0,0.5306065116666864,0.6391402007081132,0.7632658554135622,0.4375780859114515,0.7012030280608377,0.46556623620123494,0.527876755605053
ICEWS05-15,2746,8460,41,1965,1742,1742,1,1.0,2.4726899404049476,200.0,0.820335356007638,0.7091340325646536,0.9256487070589258,0.7805326940857299,0.8173913698117896,0.5688755029459213,0.7784629515759279
ICEWS05-15,2747,8460,243,343,1742,1742,1,1.0,0.9818882666765069,8.0,0.2929185427091149,0.40920657558942874,1.0,0.9999999999989816,0.7046032877947144,0.26062991047465145,0.5374751291716322
ICEWS05-15,2748,8460,161,493,1742,1742,1,1.0,0.02944743356224628,1.0,0.02944743356224628,0.0,1.0,0.9999999999660413,0.5,0.15256300736074555,0.2677835698346907
ICEWS05-15,2749,5868,59,1567,5120,2253,0,5245.0,0.006408869968809673,1.0,0.006408869968809673,0.0,1.0,0.9999999998439661,0.5,0.14949258708025281,0.2630822061875254
ICEWS05-15,2750,9648,152,614,213,10253,0,5251.5,0.12627012324101816,5.0,0.25,0.43113943846849057,0.5688605615315094,0.05938573930977712,0.5,0.22040450717953194,0.11513877292494878
ICEWS05-15,2751,9648,152,3717,4821,4930,0,13.0,2.482150389898558,7.0,0.6864101813026526,0.4673779742844131,0.8328283865297254,0.433193230368176,0.6501031804070692,0.3687256790370881,0.3741184167814771
ICEWS05-15,2752,9648,224,1915,10120,1269,0,6.0,0.2313755973698501,4.0,0.15853322601582306,0.32026379429324536,0.999999993825203,0.9842438329114712,0.6601318940592242,0.20165955509069805,0.4387562902891177
ICEWS05-15,2753,9648,41,2368,1782,1778,0,7.0,1.2068786602098405,31.0,0.6729500963161781,0.4679996295679677,0.9999487639559091,0.9122238323341837,0.7339741967619384,0.4030942917549594,0.6767695539054187
ICEWS05-15,2754,9648,41,1258,1778,1778,1,1.0,0.13172919120116605,21.0,0.10881882041201553,0.10411327583441621,0.8958867241655838,0.3770512227425425,0.5,0.24687915040979772,0.19236064867354144
ICEWS05-15,2755,9648,167,3898,10120,3425,0,5247.0,5.3134103158052775e-05,1.0,5.313418965430448e-05,0.0,1.0,0.9999967254188306,0.5,0.14865455168765163,0.26179364899475244
ICEWS05-15,2756,9648,186,3115,9568,0,0,5244.5,0.0,0.0,0.0,0.0,0.0,0.0,0.0,0.13079885792039397,0.013540413295886884
ICEWS05-15,2757,9648,180,2999,1677,4853,0,5.0,2.3590059815414133e-05,1.0,2.4543734131820383e-05,0.0,1.0,0.9251943756605768,0.5,0.14865077744819188,0.2405716951506125
ICEWS05-15,2758,8375,172,1154,2089,1677,0,13.0,2.521237408311872,125.0,0.410167678003819,0.5922261936683502,0.8239091774543462,0.6003099686474934,0.7080676855613481,0.4504144714728491,0.5306167433579123
ICEWS05-15,2759,8375,172,1382,1677,1677,1,1.0,3.676666807617796,152.0,0.9057236642639067,0.5597419438357387,0.9151381249275139,0.8370186730531729,0.7374400343816263,0.6058850911722311,0.7544280756080994
ICEWS05-15,2760,8375,172,1256,1677,1677,1,1.0,9.03038340289528,144.0,0.9238395952400507,0.6091504122168858,0.9247620284812571,0.8513138912105939,0.7669562203490714,0.7353460230338702,0.7613382670423299
ICEWS05-15,2761,8375,172,1411,1677,1677,1,1.0,5.078867386958955,157.0,0.9803906099397734,0.7799686422468681,0.8567056353006001,0.7214660376690517,0.8183371387737342,0.6592603032411856,0.7769632545286376
ICEWS05-15,2762,8375,172,1327,1677,1677,1,1.0,4.499246687171103,149.0,0.9803906099397734,0.8237684195770162,0.8170859544095,0.6789352306749936,0.8204271869932581,0.6422982506847906,0.7658750065153883
ICEWS05-15,2763,8375,92,1075,4853,4853,1,1.0,0.9805549043968819,2.0,0.9803906099397734,0.00016755253211386822,1.0,0.9999999999989801,0.5000837762660569,0.34542826394296855,0.5160032189328546
ICEWS05-15,2764,6036,56,2171,2549,5709,0,5246.5,5.7289819900075504e-08,1.0,5.728994298327458e-08,0.0,1.0,0.9999782485039342,0.5,0.14864756958990458,0.26177752641898083
ICEWS05-15,2765,6036,59,3795,5942,6115,0,5247.5,0.00389325301694993,1.0,0.007361858390561565,0.0,1.0,0.35947241977478417,0.5,0.14957023473544476,0.11969783650256012
ICEWS05-15,2766,5496,137,2755,1411,6213,0,48.0,0.45729568167323265,4.0,0.5306065116666864,0.47526514628715555,0.5247348537128445,0.2921860602592283,0.5,0.2679175612358401,0.1925371611450304
ICEWS05-15,2767,5496,137,1416,3958,1677,0,5258.5,1.3549692527561679,19.0,0.5630865404461788,0.6292381194613266,0.7167458256242016,0.2907421592594207,0.6729919725427641,0.3590863582215757,0.34997312314980655
ICEWS05-15,2768,5496,137,1633,6179,1096,0,5262.5,4.311527810653664,17.0,0.8705505632961241,0.661300644778744,0.6869394466309298,0.45042030440066816,0.6741200457048369,0.5019736117128023,0.4708114034217496
ICEWS05-15,2769,5496,137,1612,1096,1096,1,1.0,0.7073498383836911,12.0,0.8042490800314893,0.7581102311745047,0.24188976882549532,0.08861061091419105,0.5,0.3732213035685998,0.212391713446534
ICEWS05-15,2770,5496,38,1382,1677,4853,0,5244.0,1.0,1.0,1.0,0.0,1.0,0.9999999999989999,0.5,0.3305286386634707,0.5024767778727223
ICEWS05-15,2771,5496,172,1612,9423,9423,1,1.0,4.144369516227231,79.0,0.7578582832551991,0.851562224820285,0.8247069857062408,0.6831279151063616,0.8381346052632629,0.5510015702848826,0.7108210867001625
ICEWS05-15,2772,5496,172,1928,9423,9423,1,1.0,5.985503694741696,124.0,0.8534795977333005,0.7462281175230369,0.8996137583922534,0.7880047747395922,0.8229209379576452,0.6436098084248,0.7640840943283514
ICEWS05-15,2773,5496,172,1783,1096,9423,0,8.0,5.695058831038713,109.0,0.9423178739918808,0.7883803587162195,0.8696631293180153,0.7105118336713366,0.8290217440171174,0.6489526286908949,0.7592660142882106
ICEWS05-15,2774,5496,172,2522,5403,9423,0,5258.0,3.4455245121257745,192.0,1.0,0.7336470041980159,0.845052844791635,0.6643094663556743,0.7893499244948254,0.6323251526855397,0.7606554489485813
ICEWS05-15,2775,5496,172,1611,913,9423,0,5253.0,4.227263576587931,79.0,0.7730166686334901,0.851562224820285,0.824706985706241,0.6831279151063638,0.838134605263263,0.5567286097867948,0.7138565747919967
ICEWS05-15,2776,5496,167,1822,9423,10015,0,8.0,0.7438141031930394,3.0,1.0,0.0,1.0,0.14473066448015995,0.5,0.35773776071309027,0.24062922926060398
ICEWS05-15,2777,5496,167,2327,3425,3425,1,1.0,0.1329975958737346,1.0,0.9238395952400507,0.0,1.0,0.07756401905287193,0.5,0.29492079224225454,0.19012974321540224
ICEWS05-15,2778,5496,167,2791,4853,4853,1,1.0,1.466506976590562,76.0,0.9803906099397734,0.3212198784343697,0.6787801215656303,0.09278716393950427,0.5,0.5274899873290089,0.3201207559867708
ICEWS05-15,2779,5496,167,1368,1677,1677,1,1.0,0.9316207414481301,24.0,0.9803906099397734,0.5869926401139198,0.41300735988608017,0.0714782634614769,0.5,0.4526908439587517,0.2662968085756637
ICEWS05-15,2780,5496,167,1833,4853,10015,0,8.0,0.5982118082074495,3.0,0.8042490800314893,0.0,1.0,0.14473066448015315,0.5,0.3136357516009261,0.20507222068928008
ICEWS05-15,2781,5496,56,1587,3778,1096,0,6.0,0.45697642311890085,9.0,0.5412194958693883,0.5826393761277605,0.4173606238722395,0.09871236355933866,0.5,0.30012262393277167,0.1681006389893035
ICEWS05-15,2782,5496,56,1773,5431,10253,0,5261.5,2.3222227188825006,18.0,0.6597539553864471,0.5279580259783037,0.8370986557756017,0.4801992780368309,0.6825283408769527,0.4026411635684567,0.446992915441626
ICEWS05-15,2783,5496,56,1553,1096,1096,1,1.0,2.2958884734071967,7.0,0.9803906099397734,0.3317410688805684,0.8336694258444608,0.653187027704401,0.5827052473625146,0.4292962187976192,0.48249450891500856
ICEWS05-15,2784,5496,111,1975,4853,10253,0,9.0,1.8797785893952446,8.0,1.0,0.35348985981730674,0.9961397424356581,0.4894541883176556,0.6748148011264824,0.4287838832095667,0.5067628030829907
ICEWS05-15,2785,5496,168,963,8796,8796,1,1.0,0.11448430424694456,1.0,0.3364750481580891,0.0,1.0,0.20499788146835468,0.5,0.194689972270599,0.13233217704022224
ICEWS05-15,2786,5496,168,2616,1677,1677,1,1.0,0.6851518010601481,10.0,0.8705505632961241,0.34652022631560675,0.6534797736843933,0.3461758339726105,0.5,0.3787092998295606,0.3025034243031248
ICEWS05-15,2787,5496,133,2455,10411,10411,1,1.0,1.706289254069962,2.0,0.9803906099397734,0.4262755948188447,1.0,0.9970446906522412,0.7131377974094224,0.3636200777111708,0.6656858690805693
ICEWS05-15,2788,5496,133,1628,1096,1096,1,1.0,0.6520476450041186,9.0,0.646816582731497,0.5560256355004146,0.4439743644995854,0.17802951726704738,0.5,0.3258208490359813,0.20304839328542262
ICEWS05-15,2789,5496,19,1829,9423,3614,0,5250.5,0.08977173206507061,1.0,0.10881882041201553,0.0,1.0,0.7020771442182989,0.5,0.1632527068298166,0.20229809824930287
ICEWS05-15,2790,5496,64,2489,1677,1317,0,4.0,0.21684070626828322,2.0,0.26010082080545915,0.07079462730473074,0.9292053726952693,0.6321992611311421,0.5,0.19898327713650657,0.22230317108658748
ICEWS05-15,2791,5496,125,1208,10386,10386,1,1.0,2.2736151978123935,6.0,0.9803906099397734,0.36593824011220233,0.9531081278204105,0.5904617238242079,0.6595231839663065,0.4216989062473903,0.5138857052581194
ICEWS05-15,2792,5496,171,1166,9423,0,0,5244.5,0.0,0.0,0.0,0.0,0.0,0.0,0.0,0.13079885792039397,0.013540413295886884
ICEWS05-15,2793,5496,161,1949,9423,1317,0,1.5,0.0,1.0,8.81042094459581e-07,0.0,0.0,0.0,0.0,0.1486476657344215,0.015348777565534119
ICEWS05-15,2794,5496,174,3950,10411,4853,0,5247.0,1.571655516034798e-11,1.0,1.5751560447661588e-11,0.0,1.0,0.9362579224648777,0.5,0.14864756205581256,0.24362956095739763
ICEWS05-15,2795,4296,224,689,3425,0,0,5244.5,0.0,0.0,0.0,0.0,0.0,0.0,0.0,0.13079885792039397,0.013540413295886884
ICEWS05-15,2796,6847,125,3222,1768,1768,1,1.0,0.5,1.0,0.5,0.0,1.0,0.999999999998,0.5,0.22696621856421353,0.37439562126248643
ICEWS05-15,2797,3510,168,1774,1768,1768,1,1.0,1.0602238066818658e-08,2.0,1.22239493728822e-08,1.6365291333197973e-07,0.9999998363470867,0.7656889447316915,0.5,0.1599924705628126,0.2115161712273613
ICEWS05-15,2798,5379,152,768,10120,10120,1,1.0,1.1926237094692203,25.0,0.9611657480580811,0.5960818935402157,0.8040327902662671,0.33438792091572106,0.7000573419032414,0.457434653164524,0.5028458677264128
ICEWS05-15,2799,5379,152,241,913,913,1,1.0,3.359993780637275,13.0,0.5412194958693883,0.33613992532443193,0.7823768774948334,0.5819967502409469,0.5592584014096327,0.3878167405592376,0.3466001891389574
ICEWS05-15,2800,5379,152,187,913,913,1,1.0,0.7073394577272847,5.0,0.7429971445684742,0.5630796265570982,0.4369203734429018,0.26258786479416196,0.5,0.3227386663197854,0.22565463463464255
ICEWS05-15,2801,5379,105,207,4853,9734,0,5247.0,0.04886853808687941,1.0,0.8879629756445782,0.0,1.0,0.028295838756303995,0.5,0.28614486849031356,0.17360410872619927
ICEWS05-15,2802,5379,105,1081,10120,10120,1,1.0,3.3732285997469913,95.0,0.7429971445684742,0.8211664334042492,0.8393501618379261,0.6833735635930871,0.8302582976210877,0.5363155680185829,0.7124605623943274
ICEWS05-15,2803,5379,105,1171,9423,10120,0,10.0,1.1757534690550004,100.0,0.26010082080545915,0.668527690768401,0.6763259130260637,0.49591792717614963,0.6724268018972324,0.36972756223127157,0.41635376277556585
ICEWS05-15,2804,5379,56,705,10120,1421,0,1.0,5.207808482381353,32.0,1.0,0.4248941953438873,0.7834197285740783,0.45239666401625855,0.6041569619589828,0.5881849916883856,0.48038263967196587
ICEWS05-15,2805,5379,56,2609,10120,9734,0,2.0,2.551379957526315,86.0,1.0,0.7441663116010513,0.7643999716996106,0.477394862082561,0.754283141650331,0.5679153066450117,0.6519094462885752
ICEWS05-15,2806,5379,56,2738,9734,9734,1,1.0,0.14366870298429868,87.0,0.35707170313208786,0.46213638545670255,0.5378636145432975,0.12133443292118054,0.5,0.3575903879516657,0.2070040111049126
ICEWS05-15,2807,5379,56,138,9734,913,0,2.0,0.0840058244258568,3.0,0.4439814878222891,0.0,1.0,0.033230318846464844,0.5,0.23603848031018193,0.13035991732750232
ICEWS05-15,2808,5379,56,1305,10120,10120,1,1.0,0.47706624247300344,50.0,0.9238395952400507,0.1002549309005687,0.8997450690994313,0.1343734079880387,0.5,0.46523669670002354,0.31306431105059
ICEWS05-15,2809,5379,125,3243,5802,1421,0,5.0,0.01960939535532602,26.0,1.0,5.295099470004061e-09,0.9999999947049005,0.009901781600288212,0.5,0.43659780597018116,0.27071361853707776
ICEWS05-15,2810,5379,125,921,10120,10120,1,1.0,0.5340411922123811,20.0,0.34320509065132626,0.6370715546674397,0.6519231341631354,0.2900625576269746,0.6444973444152875,0.2966559279098466,0.2839390876253929
ICEWS05-15,2811,5379,170,878,1421,9734,0,5244.5,1.1808632602285523,2.0,1.0,0.16466154915816722,1.0,0.9732048381728594,0.5823307745790836,0.3545688197995545,0.5716429955242543
ICEWS05-15,2812,5379,137,699,1421,5802,0,3.0,0.5282706625822842,1.0,1.0,0.0,1.0,0.3589455269736109,0.5,0.3191943272168335,0.2789046527566793
ICEWS05-15,2813,5379,133,2512,10120,9734,0,2.0,0.28537225662217836,22.0,1.0,0.4118131090134477,0.5881868909865523,0.0916150008558149,0.5,0.4353010057645542,0.27933260606853283
ICEWS05-15,2814,5379,224,117,4853,10120,0,5244.5,0.12662195330774617,3.0,0.7284274237469965,0.3223268802071855,0.6776731197928145,0.031272760946592475,0.5,0.28795255795605307,0.16305561683089442
ICEWS05-15,2815,5379,224,705,1421,10120,0,1.0,1.965384028695723,19.0,1.0,0.16741245298304996,0.83258754701695,0.3853184227932942,0.5,0.47348181574213877,0.3707956061721999
ICEWS05-15,2816,5379,224,920,10120,10120,1,1.0,0.4243038970662567,25.0,0.9803906099397734,0.3671851912194082,0.6328148087805918,0.15866553674683687,0.5,0.4410324426573483,0.30109971013928544
ICEWS05-15,2817,5379,167,1392,5802,10120,0,5248.0,1.2646733723184205,19.0,0.5743491774985175,0.2474125607786002,0.9982941099910978,0.7439479552513963,0.622853335384849,0.3592199513502366,0.4897553718561405
ICEWS05-15,2818,5379,174,2763,1421,1677,0,1.0,0.9888414001838823,3.0,1.0,0.0,1.0,0.3327259164638165,0.5,0.36392891194275656,0.2953758220018875
ICEWS05-15,2819,5379,225,836,1769,0,0,5244.5,0.0,0.0,0.0,0.0,0.0,0.0,0.0,0.13079885792039397,0.013540413295886884
ICEWS05-15,2820,1747,59,116,3919,1798,0,5245.0,0.1407716351115447,1.0,0.1407716351115447,0.0,1.0,0.9999999999928962,0.5,0.16813225766087866,0.29123729362783535
ICEWS05-15,2821,5527,59,1019,7837,1133,0,2.0,0.00038471979472013925,1.0,0.0003849991436111201,0.0,1.0,0.9985498832886227,0.5,0.14869820974146236,0.2614390900689317
ICEWS05-15,2822,6349,172,1315,10120,7953,0,5245.0,0.5125738507434268,4.0,0.4528618321319533,0.11649446908941674,1.0,0.9999999999980491,0.5582472345447084,0.25512704835318206,0.4451112378599229
ICEWS05-15,2823,7651,6,20,1779,7204,0,5245.0,0.9423178739918808,1.0,0.9423178739918808,0.0,1.0,0.9999999999989388,0.5,0.3173985466276611,0.48738659091337816
ICEWS05-15,2824,7651,172,667,9734,9734,1,1.0,0.02004924783139118,2.0,0.010514845254940279,0.0,1.0,0.9460110331009911,0.5,0.16160830706313992,0.2625204775763478
ICEWS05-15,2825,7651,56,2942,1779,1779,1,1.0,6.718175314617196e-06,5.0,1.0268403569277625e-05,0.6683843129638929,0.3316156870361071,0.12168101918582934,0.5,0.18099689284750595,0.09659321711684846
ICEWS05-15,2826,5897,56,3369,9950,0,0,5244.5,0.0,0.0,0.0,0.0,0.0,0.0,0.0,0.13079885792039397,0.013540413295886884
ICEWS05-15,2827,3411,172,454,3632,9419,0,5247.5,0.06507560857430927,2.0,0.4439814878222891,0.049697460152432704,0.9503025398475673,0.07485765609464178,0.5,0.2247323088215902,0.13089306337329823
ICEWS05-15,2828,8370,105,3379,9568,4689,0,2.0,0.12799720434199985,1.0,0.18574928614211858,0.0,1.0,0.5256529169554288,0.5,0.17386233753509242,0.17407207493361557
ICEWS05-15,2829,8370,152,1523,5289,5739,0,24.5,0.201459220359115,11.0,0.4267397988666503,0.45991274611784183,0.5400872538821582,0.07024593773625525,0.5,0.28048485764304654,0.15285142473514396
ICEWS05-15,2830,8370,152,3608,3935,5737,0,5301.0,0.2962062023142199,43.0,0.18574928614211858,0.6064449057100756,0.39355509428992436,0.13350345221254262,0.5,0.29377827790010613,0.16076545092019948
ICEWS05-15,2831,8370,152,1399,3944,4698,0,5272.0,0.4184991119911782,4.0,0.7284274237469965,0.4120058469767305,0.5879941530232695,0.20323681277375946,0.5,0.3045949510714896,0.20587988825785805
ICEWS05-15,2832,8370,152,3412,5737;9973,9973,1,1.0,1.4229829004022947,3.0,0.8042490800314893,0.0,1.0,0.4300984468981604,0.5,0.33340695965678896,0.2814724125795601
ICEWS05-15,2833,8370,111,3533,4680,4680,1,1.0,0.00025182544932143835,2.0,0.000204283052586158,0.0,1.0,0.4583307815820929,0.5,0.16002170881899638,0.1443901741409176
ICEWS05-15,2834,8370,56,3925,5289,10015,0,2.0,0.6554962308111913,9.0,1.0,0.11244687515562979,0.8875531248443702,0.4102261272575452,0.5,0.4017095794060605,0.35620365471322935
ICEWS05-15,2835,8370,59,3370,5289,4638,0,5246.5,0.20496176817527773,1.0,0.20508383900190946,0.0,1.0,0.9988102601213275,0.5,0.17768862414735725,0.3049439117320948
ICEWS05-15,2836,8370,167,3034,1096,3425,0,5249.5,0.0004249510641395837,1.0,0.00042507351723443555,0.0,1.0,0.9994240133815518,0.5,0.14870348503223824,0.2617019116116982
ICEWS05-15,2837,8370,133,508,1677,4853,0,5245.5,0.000870294120691391,1.0,0.0009765625,0.0,1.0,0.8037211872304154,0.5,0.14877459467272322,0.20885995403870067
ICEWS05-15,2838,8370,137,503,5289,10015,0,5244.5,0.29143492489930334,2.0,1.0,0.29910134924787035,0.7008986507521296,0.11375091464616023,0.5,0.33259752579634,0.2183155090333489
ICEWS05-15,2839,8370,168,2130,3495,3633,0,5248.5,2.441747452679687e-05,1.0,3.175058847722887e-05,0.0,1.0,0.6247482297062923,0.5,0.14865163703695686,0.16758921978397823
ICEWS05-15,2840,8370,185,2774,791,5289,0,5245.0,0.00026426733196747477,1.0,0.00026426733196747477,0.0,1.0,0.999999996215953,0.5,0.1486823282686166,0.2618373105201716
ICEWS05-15,2841,8370,174,1650,9568,5289,0,5245.5,0.025635478571127267,1.0,0.02563547987523869,0.0,1.0,0.9999998982183004,0.5,0.1520514302604493,0.2670019853708835
ICEWS05-15,2842,5919,56,3656,7288,7288,1,1.0,0.23985622911983703,24.0,0.22199074391114454,0.07619742709838506,0.9999878730851169,0.9963045035208412,0.538092650091751,0.2747161034885377,0.442194410810795
ICEWS05-15,2843,5919,137,2327,7288,7288,1,1.0,0.02102778386043959,3.0,0.010514845254940279,0.00971491118331691,1.0,0.9999999999524357,0.5048574555916585,0.17015900865495823,0.292332312024178
ICEWS05-15,2844,5919,105,416,9568,3425,0,5245.0,0.007075966127061776,1.0,0.007075966127061776,0.0,1.0,0.9999999998586765,0.5,0.1495807724601646,0.2632175884488382
ICEWS05-15,2845,5987,172,1284,1677,1677,1,1.0,4.76293930833735,92.0,0.9238395952400507,0.7449301455453452,0.9254115731860127,0.837546067658842,0.835170859365679,0.6128071787038937,0.7906959806829061
ICEWS05-15,2846,5987,172,1930,2845,1677,0,5259.0,2.4073578921588004,128.0,0.836743383392903,0.6802104435162389,0.9400443017993291,0.8519420220714744,0.810127372657784,0.547418262373215,0.7826737136127883
ICEWS05-15,2847,5987,172,3901,2820,1677,0,5265.5,1.5560107492399449,247.0,0.6095068271022377,0.7064332966183423,0.7963055553189585,0.5992922275820621,0.7513694259686504,0.5064631405450396,0.6454493574877515
ICEWS05-15,2848,5987,172,3824,1677,1677,1,1.0,4.539138181116738,245.0,0.9238395952400507,0.4248047440768682,0.9956916365432732,0.9847303501235636,0.7102481903100707,0.6554853470483002,0.7966636148697612
ICEWS05-15,2849,5987,172,794,1677,1677,1,1.0,4.471338862655479,63.0,0.9803906099397734,0.7808327722267527,0.9996756402300506,0.9991442443319075,0.8902542062284017,0.5985945232188816,0.8510550160715318
ICEWS05-15,2850,8957,137,172,6562,1759,0,5244.0,1.0,1.0,1.0,0.0,1.0,0.9999999999989999,0.5,0.3305286386634707,0.5024767778727223
ICEWS05-15,2851,6357,243,3274,9569,9424,0,3.0,1.86672418690562,8.0,0.9611657480580811,0.0027766091266070436,0.997223390873393,0.9568808129398813,0.5,0.41961438154261543,0.5413639980025368
ICEWS05-15,2852,6357,175,3302,9424,9424,1,1.0,4.051896355186687,10.0,0.8879629756445782,0.5862576248737954,1.0,0.9999999999997532,0.7931288124368977,0.4725315374077663,0.7383628621616579
ICEWS05-15,2853,4821,168,522,1778,1778,1,1.0,0.18079119068790636,5.0,0.12014571850726015,0.48684988027262877,0.8503576148431564,0.6288911157386755,0.6686037475578925,0.20131620640266437,0.31425967219354967
ICEWS05-15,2854,4821,172,2819,9648,4129,0,2.0,0.05014077834500953,1.0,0.05127095975047738,0.0,1.0,0.9568642445177722,0.5,0.1555027439839606,0.2595871372005408
ICEWS05-15,2855,4821,172,2039,1858,9648,0,6.0,0.021818722772039608,39.0,0.015625000000000007,0.286070100382547,0.9979671409809167,0.9938797218240729,0.6420186206817318,0.2524090371737091,0.4866745402283371
ICEWS05-15,2856,4821,167,1346,9568,9568,1,1.0,0.6320145545782483,2.0,0.9803906099397734,5.535760072561402e-09,0.9999999944642399,0.4756399794780143,0.5,0.3368459559376278,0.3269778027137983
ICEWS05-15,2857,4821,125,424,9648,1778,0,5245.0,0.46677540702031317,2.0,0.410167678003819,0.1212740177933812,1.0,0.9999999999978577,0.5606370088966905,0.22692925023635885,0.4129867497578642
ICEWS05-15,2858,4821,56,1098,6942,9648,0,9.0,0.06127441312123587,2.0,0.0663258139583358,0.48020614479804224,0.5197938552019578,0.31596794733174777,0.5,0.1693986743358918,0.12142445263401547
ICEWS05-15,2859,4821,111,1332,256,10253,0,5245.0,2.9354209225171345e-07,2.0,1.4822434058129585e-07,0.0,1.0,0.9999965933451463,0.5,0.15999249172522384,0.2764138314080903
ICEWS05-15,2860,2990,172,1150,4680,4680,1,1.0,0.7824322677305244,14.0,0.2929185427091149,0.2728560099166111,1.0,0.9999999999987219,0.6364280049583055,0.2778828873727322,0.5105192819964356
ICEWS05-15,2861,3602,168,1895,6163,8204,0,5245.0,1.3955875210653857e-10,3.0,4.774980223782123e-11,0.3224125427398995,1.0,0.9928855372930315,0.6612062713699498,0.16845983831861272,0.3927697027226414
ICEWS05-15,2862,1686,172,646,9423,8796,0,6.0,2.1712675478926227,25.0,0.7730166686334901,0.6492314950470652,0.9858904036176942,0.9709227671053483,0.8175609493323797,0.4406769665274883,0.7559135988085652
ICEWS05-15,2863,1686,172,829,8796,8796,1,1.0,2.114507191225352,33.0,0.8879629756445782,0.7077537896357553,0.7675835803815326,0.5336555525105564,0.737668685008644,0.4799586095584533,0.5934184525768846
ICEWS05-15,2864,1686,169,1603,8796,0,0,5244.5,0.0,0.0,0.0,0.0,0.0,0.0,0.0,0.13079885792039397,0.013540413295886884
ICEWS05-15,2865,6599,172,1228,6462,4265,0,5246.0,0.0009765173281262365,1.0,0.0009765625,0.0,1.0,0.9999074912577114,0.5,0.14877606847338706,0.2619544441956695
ICEWS05-15,2866,910,95,283,1677,7968,0,5256.0,0.4623191804338369,2.0,0.5412194958693883,0.4950491105234984,0.5049508894765016,0.27497183835883143,0.5,0.2489245883900311,0.1759033879160381
ICEWS05-15,2867,910,95,620,6017,7957,0,5267.5,0.07069421853846525,6.0,0.836743383392903,0.07790532196153366,0.9220946780384663,0.04053146957411735,0.5,0.33387123521988415,0.2017333517754647
ICEWS05-15,2868,910,95,1194,6790,7956,0,5288.5,0.005209122626436469,8.0,0.5858370854182298,0.2014614207618426,0.7985385792381574,0.003562855478891141,0.5,0.2937341261001556,0.1591471843587716
ICEWS05-15,2869,910,167,258,9734,4684,0,5245.5,0.2779497639176126,3.0,0.10254191950095473,0.0,1.0,0.8543995490528602,0.5,0.1868244839866142,0.2641347830437349
ICEWS05-15,2870,910,172,153,4775,3413,0,3.0,0.08415387252863082,1.0,0.5743491774985175,0.0,1.0,0.07905153228864671,0.5,0.2311295847308469,0.13974911169070936
ICEWS05-15,2871,910,56,3379,871,860,0,5260.0,0.5597526357675331,1.0,0.5630865404461788,0.0,1.0,0.9882281626384264,0.5,0.23861072044177165,0.3857801877090464
ICEWS05-15,2872,910,161,1010,4684,1784,0,5245.5,0.17516964518952588,1.0,0.18210685593674916,0.0,1.0,0.926607474443685,0.5,0.1741183047719878,0.277532102031124
ICEWS05-15,2873,6008,172,1039,7953,7953,1,1.0,6.714056800672134,107.0,0.9057236642639067,0.7344036830963372,0.9221875083409737,0.848895627367874,0.8282955957186555,0.6655471726736538,0.7863609888491275
ICEWS05-15,2874,6008,172,1400,9886,7953,0,17.0,3.595931707048771,139.0,0.7578582832551991,0.7516539061961024,0.8206432642758361,0.5875129459343513,0.7861485852359693,0.5657811273845929,0.6703130305193434
ICEWS05-15,2875,6008,172,2213,7953,7953,1,1.0,3.0941830631565703,184.0,0.5858370854182298,0.7421003520521765,0.9024379000618801,0.7735638038588868,0.8222691260570283,0.5273488369161414,0.7279644499792708
ICEWS05-15,2876,5461,6,1166,7943,7943,1,1.0,0.5159807936710034,5.0,0.5100008047105996,0.011589557273747442,1.0,0.999999999998062,0.5057947786368737,0.273121756360394,0.4294686829172637
ICEWS05-15,2877,5461,172,3874,9537,5931,0,12.0,0.11130670297213441,2.0,0.6597539553864471,0.0,1.0,0.09212596565322874,0.5,0.2625827300873381,0.16342560619108104
ICEWS05-15,2878,5461,172,3662,7943,10273,0,2.0,0.2067361008189745,7.0,0.4528618321319533,0.00016730172837375878,0.9998326982716262,0.29570094923222706,0.5,0.2681256979933827,0.20308831366215968
ICEWS05-15,2879,5461,180,2949,5258,7943,0,5245.0,1.80231411395452e-14,1.0,1.80231411395452e-14,0.0,1.0,0.017704058396325478,0.5,0.14864756205374338,0.07456002888481429
ICEWS05-15,2880,7654,172,277,5119,0,0,5244.5,0.0,0.0,0.0,0.0,0.0,0.0,0.0,0.13079885792039397,0.013540413295886884
ICEWS05-15,2881,2909,56,2887,4680,3698,0,5266.0,0.12374251257965876,1.0,0.2987773849926094,0.0,1.0,0.2611635951694683,0.5,0.1894082991179767,0.13753180160356715
ICEWS05-15,2882,2909,137,1834,8370,8370,1,1.0,0.36361097807286213,1.0,0.9611657480580811,0.0,1.0,0.23327528820181223,0.5,0.30754360623952787,0.2353784473175306
ICEWS05-15,2883,2909,167,334,9423,8796,0,5246.0,1.9357566470482626,2.0,1.0,0.0,1.0,0.9559176086149078,0.5,0.37371513218957947,0.5008196442448176
ICEWS05-15,2884,7368,26,2504,7535,0,0,5244.5,0.0,0.0,0.0,0.0,0.0,0.0,0.0,0.13079885792039397,0.013540413295886884
ICEWS05-15,2885,7368,137,42,8464,0,0,5244.5,0.0,0.0,0.0,0.0,0.0,0.0,0.0,0.13079885792039397,0.013540413295886884
ICEWS05-15,2886,8882,167,1215,10015,0,0,5244.5,0.0,0.0,0.0,0.0,0.0,0.0,0.0,0.13079885792039397,0.013540413295886884
ICEWS05-15,2887,1726,172,2484,4668,3425,0,4.0,0.08157224768404366,52.0,0.054409410206007765,0.5592405374806282,0.44075946251937187,0.2534372517365087,0.5,0.27232942931299164,0.17245942825639243
ICEWS05-15,2888,1726,172,1039,3604,3604,1,1.0,1.0470983758445105,6.0,0.5100008047105996,0.6423625782378536,0.8261077677790845,0.5801238332039564,0.7342351730084691,0.2916072208296912,0.44265728157934076
ICEWS05-15,2889,1726,168,3379,3151,3655,0,11.0,0.4938440642068269,1.0,0.5412194958693883,0.0,1.0,0.8390219505912772,0.5,0.23364078286943388,0.32907117298384597
ICEWS05-15,2890,1726,56,3736,393,3970,0,5260.0,1.0998668996425875e-05,2.0,0.007968762573603115,0.06575742727654843,0.9342425727234516,0.0006451474672811384,0.5,0.1609910236086946,0.07806306421862366
ICEWS05-15,2891,975,47,744,1784,1784,1,1.0,0.03376990178173901,4.0,0.021879359051618842,0.3521047472086505,1.0,0.9999999999703879,0.6760523736043252,0.17877380242121887,0.4214890268609919
ICEWS05-15,2892,2440,172,385,7073,9423,0,5245.0,0.17503487241295065,1.0,0.17503487241295065,0.0,1.0,0.9999999999942868,0.5,0.1731725511053145,0.2986946318723231
ICEWS05-15,2893,2440,168,2375,3945,5480,0,8.5,0.02331042118959712,1.0,0.03125,0.0,1.0,0.594811730480108,0.5,0.15269283642592377,0.16587107342600324
ICEWS05-15,2894,2440,125,887,6060,0,0,5244.5,0.0,0.0,0.0,0.0,0.0,0.0,0.0,0.13079885792039397,0.013540413295886884
ICEWS05-15,2895,2440,6,1871,1686,6095,0,5246.5,0.002034745269354023,2.0,0.0010570693278698993,0.0,1.0,0.945480617442234,0.5,0.1601546002498746,0.26047997639308684
ICEWS05-15,2896,406,125,3987,1768,0,0,5244.5,0.0,0.0,0.0,0.0,0.0,0.0,0.0,0.13079885792039397,0.013540413295886884
ICEWS05-15,2897,406,172,3443,2856,3623,0,5249.0,0.005976822038953373,5.0,0.005920767837931244,0.009379737130545851,1.0,0.9999976965599904,0.504689868565273,0.18191037187577924,0.3068612207280661
ICEWS05-15,2898,5998,172,1890,4684,4680,0,26.0,3.3132629881897513,190.0,0.4805828740290406,0.7362421734734905,0.9374630896129155,0.8642998718266949,0.836852631543203,0.510617633115493,0.7426258485794763
ICEWS05-15,2899,5998,172,3168,6563,4680,0,2.0,5.7712909777849735,297.0,0.9057236642639067,0.8562777347490146,0.9221170674801469,0.844680510087946,0.8891974011145807,0.6905121297182296,0.8429979030432477
ICEWS05-15,2900,5998,172,673,9962,4680,0,5247.5,4.786644762225908,50.0,1.0,0.534799418403745,0.8803624114567498,0.7096178803163041,0.7075809149302474,0.5995744212549167,0.6721218523736493
ICEWS05-15,2901,5998,172,1198,4680,4680,1,1.0,4.1403246303577435,116.0,0.8879629756445782,0.7976829210047426,0.9210110576646388,0.8444946759469552,0.8593469893346907,0.6003185534803329,0.8061942661969737
ICEWS05-15,2902,5998,172,2684,4680,4680,1,1.0,4.0043728129571265,248.0,0.9057236642639067,0.7840346247642256,0.9651545453616073,0.9135516682276084,0.8745945850629164,0.6388567037184437,0.8506916558633639
ICEWS05-15,2903,5998,172,2743,4680,4680,1,1.0,2.53387973364099,252.0,0.9238395952400507,0.7249275518855283,0.7591992894072274,0.605729912504418,0.7420634206463779,0.6057697937218208,0.7107431796641669
ICEWS05-15,2904,5998,172,2934,4680,4680,1,1.0,3.4314763931689507,269.0,0.9057236642639067,0.7600529559523941,0.9375425455654314,0.833310080574144,0.8487977507589127,0.628317625132524,0.8266499479439533
ICEWS05-15,2905,5998,56,2050,345,1459,0,11.0,0.31058988708797086,1.0,0.3108489722987456,0.0,1.0,0.9983344358654809,0.5,0.1943226327744113,0.32874118408923253
ICEWS05-15,2906,5998,168,3708,4680,4665,0,3.0,0.00016045069786144384,4.0,0.0005608878686508965,0.00020891479833473614,0.9997910852016653,0.16686508431898514,0.5,0.17534879990472843,0.10669774625794098
ICEWS05-15,2907,5998,170,841,4867,4680,0,5245.0,1.3693551480734761e-07,1.0,1.3693551480734761e-07,0.0,1.0,0.9999926973459095,0.5,0.14864758006682754,0.26178175508063245
ICEWS05-15,2908,4689,168,204,5802,8291,0,5245.0,0.597554769985219,1.0,0.597554769985219,0.0,1.0,0.9999999999983266,0.5,0.2452482424001741,0.39859998844958006
ICEWS05-15,2909,4689,152,2466,3425,2907,0,21.0,0.03915760935550261,12.0,0.09662708357918628,0.4673326233868119,0.5326673766131881,0.03312635557812402,0.5,0.22276213341209278,0.10883762703683146
ICEWS05-15,2910,4689,67,208,8291,8291,1,1.0,0.030637206560617913,1.0,0.030637206560617913,0.0,1.0,0.99999999996736,0.5,0.1527229676571262,0.2680278026501224
ICEWS05-15,2911,4689,105,2607,1677,1677,1,1.0,0.9803939783510754,4.0,0.9803906099397734,3.4550496481600135e-06,1.0,0.9999999614458414,0.5000017275248241,0.3705980031084001,0.5393002476710537
ICEWS05-15,2912,4689,138,1426,10120,10120,1,1.0,0.9410769716161896,2.0,0.9611657480580811,0.0005495869877056858,0.9994504130122943,0.9580228692487187,0.5,0.3404255463731744,0.49514639187384635
ICEWS05-15,2913,4702,167,171,1677,1677,1,1.0,4.472246042389297,8.0,0.7730166686334901,0.5193510639126225,1.0,0.8315863209225133,0.7596755319563113,0.44673793742773915,0.6265402225727887
ICEWS05-15,2914,4702,167,3516,1677,1414,0,2.0,0.08416555327885891,2.0,0.1326516279166716,0.0,1.0,0.19074842476981438,0.5,0.17862208101466812,0.11469973642303671
ICEWS05-15,2915,4702,56,3007,10397,1459,0,5266.0,0.14971236737037913,2.0,0.09662708357918628,0.0,1.0,0.6425247815459703,0.5,0.17479342717842833,0.19760758796775432
ICEWS05-15,2916,4702,56,388,3150,3495,0,5250.0,0.13536134912447706,1.0,0.9238395952400507,0.0,1.0,0.07905153228867476,0.5,0.29497464559062847,0.19046988060376216
ICEWS05-15,2917,4702,56,1640,1677,1677,1,1.0,0.4497840982733643,3.0,0.9803906099397734,2.8277380437202737e-13,0.9999999999997172,0.29767369629055496,0.5,0.34623176709344505,0.28196035353014975
ICEWS05-15,2918,4702,111,452,8796,10458,0,2.0,0.0005998956334489435,1.0,0.0023341983202547606,0.0,1.0,0.14744881032606869,0.5,0.14893078930781614,0.08944303769849203
ICEWS05-15,2919,4702,137,63,7837,0,0,5244.5,0.0,0.0,0.0,0.0,0.0,0.0,0.0,0.13079885792039397,0.013540413295886884
ICEWS05-15,2920,4702,224,1020,3841,8796,0,5245.5,1.5268393794141335e-05,2.0,1.5258789062500007e-05,0.001420688584417018,1.0,0.9984169343458187,0.5007103442922085,0.15999460064137078,0.27636741185962044
ICEWS05-15,2921,3410,56,450,3377,7747,0,5245.5,0.005143967466506593,1.0,0.006159986297777918,0.0,1.0,0.7168288446403737,0.5,0.14944554767652968,0.18885573081108725
ICEWS05-15,2922,1751,168,129,9962,3599,0,5245.0,0.8229106294498886,2.0,0.4439814878222891,0.46047423385563946,1.0,0.9999999999987849,0.7302371169278197,0.23952753759555956,0.5470012245448825
ICEWS05-15,2923,1751,168,556,3599,4661,0,1.0,0.5211108871423675,1.0,1.0,0.0,1.0,0.3523664368149153,0.5,0.3190238916110986,0.2769350912572928
ICEWS05-15,2924,1751,59,1357,3599,9355,0,7.0,0.0014118065268980107,1.0,0.001422709812005853,0.0,1.0,0.984789082044258,0.5,0.14883465734172457,0.2576581184109222
ICEWS05-15,2925,1751,91,2258,3599,3599,1,1.0,0.3088485255387008,2.0,0.9803906099397734,0.48020614479804224,0.5197938552019578,0.08917546544106862,0.5,0.32898330371835105,0.20519547142564237
ICEWS05-15,2926,5931,56,2244,3945,7537,0,5258.5,0.6885411088866887,1.0,0.8534795977333005,0.0,1.0,0.6760888459849489,0.5,0.29397280750731036,0.34761142534871137
ICEWS05-15,2927,5931,56,3987,8206,7943,0,5288.0,0.20079292625325024,20.0,0.4805828740290406,0.3122766785916984,0.6877233214083016,0.16777310571887624,0.5,0.3160387677149896,0.19961267826351506
ICEWS05-15,2928,5931,95,2300,7537,2654,0,5247.5,4.0879914152215935e-06,1.0,4.934818899013496e-06,0.0,1.0,0.7070634275240075,0.5,0.14864819946110447,0.18563096464059953
ICEWS05-15,2929,5931,172,3705,727,6841,0,11.0,1.2559521923212031,2.0,0.7578582832551991,0.41181296823779723,1.0,0.9507749297419719,0.7059064841188987,0.3066227857982822,0.5909328610789278
ICEWS05-15,2930,3397,111,3379,1414,0,0,5244.5,0.0,0.0,0.0,0.0,0.0,0.0,0.0,0.13079885792039397,0.013540413295886884
ICEWS05-15,2931,3386,172,1328,6354,3425,0,5257.5,4.303454234214364,98.0,0.7429971445684742,0.7817261858748537,0.7305739406385353,0.4756229256729976,0.7561500632566944,0.5631686859224135,0.5866419901998257
ICEWS05-15,2932,3386,172,3270,9568,3425,0,38.0,0.8350672427206376,209.0,0.7001394896518027,0.4912837056258498,0.7173752756003026,0.43549649420338143,0.6043294906130762,0.4988688084792881,0.49450430970555764
ICEWS05-15,2933,3386,172,3670,3425,3425,1,1.0,4.383168766961891,243.0,0.820335356007638,0.5540173637443533,0.8846414850834994,0.7270379064099063,0.7193294244139263,0.6290521542985568,0.7073496246717408
ICEWS05-15,2934,3386,172,3441,9150,3425,0,5270.0,3.4966082953559154,225.0,0.8705505632961241,0.779460806865549,0.889795579438087,0.7950200197493446,0.834628193151818,0.6133181377404471,0.7998418074849681
ICEWS05-15,2935,3386,172,3357,3604,3425,0,9.0,4.256260525968051,219.0,0.8534795977333005,0.7959436279789125,0.9064602823447316,0.7907687928639312,0.8512019551618221,0.6278167990234451,0.8015058197980331
ICEWS05-15,2936,3386,172,133,3425,3425,1,1.0,3.755022878972716,10.0,0.9611657480580811,0.5537941578382122,0.9296486864632361,0.8428475930342341,0.7417214221507241,0.48139894533473426,0.6726681228061148
ICEWS05-15,2937,3386,167,3861,4680,6241,0,2.0,0.47451551699566474,7.0,0.5202016416109183,0.3115350806102746,0.6884649193897254,0.1950509570624352,0.5,0.2865505644770945,0.1844117853556002
ICEWS05-15,2938,3386,56,2747,10253,1043,0,5280.5,0.02330127266283155,1.0,0.08580127266283155,0.0,1.0,0.15712119150623027,0.5,0.15937188071463862,0.09818461927998276
ICEWS05-15,2939,3386,56,3623,2825,9255,0,5287.5,0.18648212708526812,1.0,0.9611657480580811,0.0,1.0,0.10742990170239923,0.5,0.30342642398263386,0.20338117940763872
ICEWS05-15,2940,3386,168,3455,7539,10120,0,5250.0,0.00013631843460309143,1.0,0.00014302663218218514,0.0,1.0,0.9103989626863969,0.5,0.14866628435687793,0.2365397362512076
ICEWS05-15,2941,3386,133,558,3425,5802,0,5245.0,0.042976375202452934,2.0,0.02276335699209365,0.470328596005128,1.0,0.9999999999767314,0.735164298002564,0.16350073232712345,0.4422793069416678
ICEWS05-15,2942,3386,111,445,42,409,0,5245.5,0.21105811619048126,1.0,0.4711589369959404,0.0,1.0,0.28862263229793816,0.5,0.21687067821142644,0.16620333510000246
ICEWS05-15,2943,3386,180,1010,9734,409,0,5247.0,0.12437424010503842,1.0,0.12500000000000003,0.0,1.0,0.99003771366669,0.5,0.16584232207760133,0.28477264551457654
ICEWS05-15,2944,3386,161,1654,346,0,0,5244.5,0.0,0.0,0.0,0.0,0.0,0.0,0.0,0.13079885792039397,0.013540413295886884
ICEWS05-15,2945,8464,172,2322,2609,6354,0,2.0,0.031196751854731412,10.0,0.04205938101976112,0.0007676998760176579,0.9992323001239823,0.5887663979348474,0.5,0.20798967757101317,0.21413002517465887
ICEWS05-15,2946,1782,168,737,2120,7972,0,3.0,0.015380784971732675,4.0,0.05229646146205644,0.504886852828072,0.495113147171928,0.0785255715374306,0.5,0.18266320159340768,0.09445025990408588
ICEWS05-15,2947,1782,59,1217,1366,7073,0,5250.0,0.02564088375718271,5.0,0.20918584584822575,0.01421555967980448,0.9857844403201955,0.0643009055682418,0.5,0.21210418478243898,0.11643927810229929
ICEWS05-15,2948,1782,59,741,7972,7972,1,1.0,0.42921664496531153,7.0,0.27602237841845306,0.014055800978833632,0.9859441990211664,0.6315414393542423,0.5,0.24154632064982873,0.2585945647042395
ICEWS05-15,2949,1782,6,130,5480,7972,0,5245.5,0.021021976063153258,1.0,0.27602237841845306,0.0,1.0,0.039587710403840994,0.5,0.18448177334921634,0.10039894461066973
ICEWS05-15,2950,1782,245,2817,7972,7972,1,1.0,0.29341193680117683,53.0,0.5743491774985175,0.16476653491042992,0.8352334650895701,0.2712030679582229,0.5,0.3841125111570516,0.2799805083281639
ICEWS05-15,2951,1782,245,2820,7972,7972,1,1.0,2.218043670488179,55.0,0.9803906099397734,0.2502318263326785,0.9587701690508561,0.7490756828507249,0.6045009976917672,0.5309867501181986,0.625400081527488
ICEWS05-15,2952,1782,20,1620,7972,0,0,5244.5,0.0,0.0,0.0,0.0,0.0,0.0,0.0,0.13079885792039397,0.013540413295886884
ICEWS05-15,2953,1782,10,1356,9745,0,0,5244.5,0.0,0.0,0.0,0.0,0.0,0.0,0.0,0.13079885792039397,0.013540413295886884
ICEWS05-15,2954,1782,202,1035,5480,8222,0,6.0,0.09256237243033306,1.0,0.10053113500393618,0.0,1.0,0.853110228637132,0.5,0.16224424708519278,0.23994489752726628
ICEWS05-15,2955,5242,137,2625,3425,3425,1,1.0,0.3506219462901565,1.0,0.9423178739918808,0.0,1.0,0.22856505326277313,0.5,0.3035228740716834,0.2305674062497192
ICEWS05-15,2956,6428,172,3218,9423,9969,0,2.0,0.028952241660900782,1.0,0.037347173124076184,0.0,1.0,0.6329451152612003,0.5,0.15350812028357133,0.17490458232241884
ICEWS05-15,2957,1755,91,2537,5518,5518,1,1.0,0.48016278927690464,12.0,0.4711589369959404,0.14420101849583788,0.9210008967359032,0.7732906574619981,0.5326009576158706,0.29879323839941974,0.388597979819473
ICEWS05-15,2958,1755,180,3847,393,393,1,1.0,2.5443655170370625,3.0,0.8705505632961241,0.0,1.0,0.999999999999607,0.5,0.37559072294703755,0.4939081112747726
ICEWS05-15,2959,1755,6,887,7914,7602,0,5245.5,1.7056578983306984e-05,1.0,2.0947576333699133e-05,0.0,1.0,0.6866971716469487,0.5,0.1486502636605246,0.18103338452938675
ICEWS05-15,2960,3956,56,2982,5739,5739,1,1.0,0.9236766614378493,6.0,0.9611657480580811,0.0003065276823116525,0.9996934723176883,0.3202253939709688,0.5,0.3818798570411352,0.30452167567168503
ICEWS05-15,2961,3956,56,83,7597,0,0,5244.5,0.0,0.0,0.0,0.0,0.0,0.0,0.0,0.13079885792039397,0.013540413295886884
ICEWS05-15,2962,3956,172,1019,3627,3627,1,1.0,0.42356208698753584,49.0,0.646816582731497,0.6197813987474444,0.3802186012525556,0.049017261472238775,0.5,0.39963425329967933,0.21920442243516716
ICEWS05-15,2963,3956,172,1266,3627,3627,1,1.0,2.4078308922505576,74.0,0.5202016416109183,0.7841809895363037,0.6957906931896447,0.4839875662976753,0.7399858413629742,0.44512903824727407,0.5130077080838352
ICEWS05-15,2964,3956,172,2071,3627,3627,1,1.0,1.0788604772222663,111.0,0.6864101813026526,0.43466499104794964,0.9277718764261699,0.7994696381819608,0.6812184337370597,0.4686895952155805,0.6566252469351916
ICEWS05-15,2965,3956,172,1677,7837,3627,0,8.0,3.312454260045032,102.0,1.0,0.7314372796785686,0.9135292404580686,0.8011555391100822,0.8224832600683186,0.5969905049189692,0.7952545210721662
ICEWS05-15,2966,3956,168,3307,3627,3627,1,1.0,0.01167724435500661,10.0,0.01184153567586249,2.64851774178787e-07,0.9999997351482258,0.9726308946808515,0.5,0.20305255253327575,0.32021272403310674
ICEWS05-15,2967,3956,137,750,10015,7837,0,5248.0,0.08246836338121144,3.0,0.0824692444233059,0.14401736461296732,0.8559826353870327,0.7482112378570167,0.5,0.1808114619299042,0.22805327521710267
ICEWS05-15,2968,3956,167,52,4680,0,0,5244.5,0.0,0.0,0.0,0.0,0.0,0.0,0.0,0.13079885792039397,0.013540413295886884
ICEWS05-15,2969,3956,180,325,3944,0,0,5244.5,0.0,0.0,0.0,0.0,0.0,0.0,0.0,0.13079885792039397,0.013540413295886884
ICEWS05-15,2970,3956,111,353,5527,9276,0,5245.0,0.4711589369959404,1.0,0.4711589369959404,0.0,1.0,0.9999999999978776,0.5,0.2217494304926748,0.3673526418390033
ICEWS05-15,2971,1785,137,2287,1939,8649,0,5.0,0.765663522041431,2.0,0.7578582832551991,0.010203471479982129,1.0,0.9999810332441407,0.5051017357399911,0.29532277495520093,0.4615916527484246
ICEWS05-15,2972,1785,59,1727,1096,1939,0,4.0,0.16030996469719483,1.0,0.4711589369959404,0.0,1.0,0.20499788146845946,0.5,0.21592788916027406,0.14954795636815416
ICEWS05-15,2973,1785,91,877,8389,8389,1,1.0,0.8475588298953692,1.0,0.8534795977333005,0.0,1.0,0.9862211651853582,0.5,0.29760165679869705,0.45905680857115055
ICEWS05-15,2974,1785,168,2931,7272,8062,0,5247.5,0.05334245399256584,3.0,0.053342474858331296,3.249622793077833e-13,0.999999999999675,0.9999992176487993,0.5,0.17637030581896715,0.29865766706514585
ICEWS05-15,2975,2647,56,875,3799,1127,0,3.0,1.0453346881870806,6.0,1.0,0.04983141614330577,0.9955393430273803,0.9865790303120523,0.522685379585343,0.3936162925632375,0.5711444796023437
ICEWS05-15,2976,2647,64,2530,2089,8780,0,5245.0,6.846775740367381e-08,1.0,6.846775740367381e-08,0.0,1.0,0.9999853947984757,0.5,0.14864757106028406,0.26177961217280177
ICEWS05-15,2977,913,111,165,9423,4853,0,3.0,0.7804472379768524,2.0,0.7730166686334901,0.0,1.0,0.3421059597555179,0.5,0.2986037452950269,0.2412371640514581
ICEWS05-15,2978,913,167,1613,9423,9734,0,3.0,4.0685397108781,44.0,0.7884782461155736,0.8365767128218177,0.8713377475387334,0.7290007390943628,0.8539572301802756,0.5253482694131247,0.7210207267831092
ICEWS05-15,2979,913,167,3768,5802,5802,1,1.0,1.802027749040079,24.0,0.9803906099397734,0.4752649511825977,1.0,0.9314348043545492,0.7376324755912989,0.4764064540374159,0.7409593835545447
ICEWS05-15,2980,913,172,1560,1677,9734,0,5247.5,0.09006026203975945,6.0,0.07618835338777971,0.2024675788039937,0.9971783124335553,0.8916862786539425,0.5998229456187745,0.1984767271235338,0.3564103092315119
ICEWS05-15,2981,913,125,3886,1677,1677,1,1.0,2.0499782508046906,34.0,0.7001394896518027,0.0017852756462807262,0.9982147243537193,0.9872809252060134,0.5,0.436416835739384,0.5451095149354438
ICEWS05-15,2982,913,133,530,1779,9423,0,5245.5,0.36609274842284667,5.0,0.4267397988666503,0.05119325156256638,0.9488067484374336,0.6862909096381944,0.5,0.2548924797957345,0.29596093193873063
ICEWS05-15,2983,913,56,545,4853,1677,0,2.0,0.03426569896611542,12.0,0.8534795977333005,0.11053527788929052,0.8894647221107095,0.01817982382506572,0.5,0.36670363086346697,0.21738565101391516
ICEWS05-15,2984,913,224,1687,9734,1677,0,5247.5,0.28865355032447093,29.0,1.0,0.43633656727394166,0.5636634327260583,0.05852335432921718,0.5,0.449446398617953,0.27853051985049815
ICEWS05-15,2985,913,137,3359,1734,4853,0,5252.5,0.3232049468590672,15.0,0.16170414568287425,0.5493698293585723,0.9990462575553984,0.8193291028938076,0.7742080434569854,0.24722397511023664,0.5157859535725531
ICEWS05-15,2986,913,137,808,9734,9423,0,5248.5,0.006976621310321673,4.0,0.13801118920922653,0.0005988568940311634,0.9994011431059688,0.025915052942802743,0.5,0.1947208062722941,0.10049582381368626
ICEWS05-15,2987,913,105,1335,1677,1677,1,1.0,0.5483983444663354,39.0,0.4901953049698867,0.3011041367422348,0.8164763728813382,0.6418727945787587,0.5587902548117865,0.35736631755028847,0.4111644328451374
ICEWS05-15,2988,913,19,319,1677,4853,0,1.0,0.0,1.0,1.0,0.0,0.0,0.0,0.0,0.3067509553104603,0.04314417424605095
ICEWS05-15,2989,913,144,3203,1677,1677,1,1.0,0.0455267139841873,3.0,0.0455267139841873,0.0,1.0,0.9999999999780349,0.5,0.17519326720003,0.29694731196767676
ICEWS05-15,2990,6894,180,1616,1096,1096,1,1.0,0.019224861881692368,1.0,0.9803906099397734,0.0,1.0,0.009901778952997927,0.5,0.303331896851656,0.1840095654358287
ICEWS05-15,2991,6086,172,1767,2926,3952,0,5247.0,0.0033595762395062494,1.0,0.013874421494446528,0.0,1.0,0.13774814445592004,0.5,0.15033471897410527,0.08924610934874154
ICEWS05-15,2992,240,56,969,232,232,1,1.0,0.9057236642639067,1.0,0.9057236642639067,0.0,1.0,0.9999999999988959,0.5,0.3092151939688602,0.4778233728120393
ICEWS05-15,2993,9904,191,1049,1677,0,0,5244.5,0.0,0.0,0.0,0.0,0.0,0.0,0.0,0.13079885792039397,0.013540413295886884
ICEWS05-15,2994,1269,56,2525,9568,9424,0,4.0,0.8357472880711923,1.0,0.836743383392903,0.0,1.0,0.9976219448945204,0.5,0.29409002577276333,0.4589591898839244
ICEWS05-15,2995,1269,105,899,9648,1677,0,5245.0,0.02102969050988057,1.0,0.02102969050988057,0.0,1.0,0.9999999999524483,0.5,0.15143519684302945,0.26605963987071396
ICEWS05-15,2996,1269,224,2564,9648,9648,1,1.0,6.107856715928514e-07,5.0,4.1511085667425347e-07,0.3203659473344812,0.9999999938261311,0.9999978068714876,0.6601829705803062,0.18099543543900803,0.412502845599654
ICEWS05-15,2997,8921,168,2385,1789,5718,0,2.0,0.38221403283337085,2.0,0.5,0.0,1.0,0.2391563224666662,0.5,0.24022213840076564,0.17008476086861737
ICEWS05-15,2998,8921,168,1343,8919,1789,0,5245.5,0.30625303231617046,5.0,0.30475341355111885,0.004940689242375118,0.9999892822651519,0.999911523870612,0.5024649857537635,0.23278046895502813,0.3754489657684531
ICEWS05-15,2999,8921,45,3946,1789,1789,1,1.0,0.014723716781123131,1.0,0.014723716781123131,0.0,1.0,0.9999999999320823,0.5,0.1505948159692981,0.2647728391833918
ICEWS05-15,3000,3489,137,272,9423,0,0,5244.5,0.0,0.0,0.0,0.0,0.0,0.0,0.0,0.13079885792039397,0.013540413295886884
ICEWS05-15,3001,1426,17,478,1741,0,0,5244.5,0.0,0.0,0.0,0.0,0.0,0.0,0.0,0.13079885792039397,0.013540413295886884
ICEWS05-15,3002,1426,202,2309,7674,0,0,5244.0,0.0,0.0,0.0,0.0,0.0,0.0,0.0,0.13079885792039397,0.013540413295886884
ICEWS05-15,3003,5911,172,3180,9648,1858,0,2.0,0.8511748860349623,1.0,0.8705505632961241,0.0,1.0,0.9564555434403041,0.5,0.301013894176642,0.4524019071310427
ICEWS05-15,3004,8845,56,3155,574,7870,0,5261.0,0.2109362714891886,1.0,0.24509765248494336,0.0,1.0,0.7553426969194634,0.5,0.18328869222620853,0.24071458676859547
ICEWS05-15,3005,8845,152,1733,8568,409,0,5256.5,0.0,1.0,0.8879629756445782,0.0,0.0,0.0,0.0,0.28505249387564674,0.038490049905584994
ICEWS05-15,3006,8845,169,2860,1773,1773,1,1.0,2.7280211338046617e-10,5.0,2.7280165134846667e-10,1.6936533583367108e-06,0.9999999999999172,0.9963477272396329,0.5000008468266377,0.1809953683410805,0.30140168905174974
ICEWS05-15,3007,8845,172,3649,9309,41,0,6.0,0.056760292619108116,1.0,0.07618835338777971,0.0,1.0,0.5936249870826685,0.5,0.15866667188169073,0.17225123192641562
ICEWS05-15,3008,8845,59,3673,1773,7334,0,5.0,0.0012891739008562646,1.0,0.0018772768516759405,0.0,1.0,0.5229108711884347,0.5,0.14888651156970611,0.14747961055469558
ICEWS05-15,3009,1055,172,3468,3623,3623,1,1.0,0.25222181699702595,47.0,0.3234082913657485,0.5700791639352245,0.4299208360647755,0.20141011763205793,0.5,0.32404322887867926,0.20050734249951824
ICEWS05-15,3010,1055,172,2575,3623,3623,1,1.0,0.8143527955821455,18.0,0.7141434062641757,0.5027032219106389,0.7773179004387306,0.3957493942803571,0.6400105611746847,0.375405696010749,0.40284764861093264
ICEWS05-15,3011,1578,56,1123,5466,5466,1,1.0,0.9789104179802907,1.0,0.9803906099397734,0.0,1.0,0.9969849557454644,0.5,0.32599833980036935,0.4962145301561193
ICEWS05-15,3012,3391,167,157,8798,6702,0,5245.5,0.018148835679157982,1.0,0.08580127266283155,0.0,1.0,0.11826912311763099,0.5,0.1592962690153228,0.09312223442535099
ICEWS05-15,3013,3391,111,1230,59,78,0,5246.5,0.023672802948155703,1.0,0.02368307135172498,0.0,1.0,0.9991332244272109,0.5,0.15178981123683086,0.2663467074947671
ICEWS05-15,3014,3391,56,1651,4680,3598,0,24.0,0.5543279727286287,2.0,0.3108489722987456,0.0,1.0,0.8189495836914882,0.5,0.2127386015881522,0.2862033290667206
ICEWS05-15,3015,3391,188,1889,4680,0,0,5244.5,0.0,0.0,0.0,0.0,0.0,0.0,0.0,0.13079885792039397,0.013540413295886884
ICEWS05-15,3016,3845,172,298,494,5739,0,5245.0,0.5202016416109183,1.0,0.5202016416109183,0.0,1.0,0.9999999999980778,0.5,0.2306715944580622,0.37936093671095417
ICEWS05-15,3017,8264,181,2127,6450,6450,1,1.0,6.777003399572273,43.0,0.9803906099397734,0.7692325616537629,0.9805138175052881,0.9276451474654881,0.8748731895795254,0.6391904940426765,0.8148878995894855
ICEWS05-15,3018,8264,181,1058,7949,2017,0,5248.0,0.11959051520856134,1.0,0.9238395952400507,0.0,1.0,0.06920392276148706,0.5,0.29461544721630595,0.18822704609669616
ICEWS05-15,3019,8264,91,1800,6450,6450,1,1.0,0.3532840075133126,15.0,0.16823752407904452,0.5296191518007265,0.9991509673119274,0.9758129296024712,0.764385059556327,0.2489720411581093,0.5686149145825935
ICEWS05-15,3020,3944,56,3652,3751,3751,1,1.0,0.3725802499218611,16.0,0.9803906099397734,0.35205916969495477,0.6479408303050452,0.14040595049470395,0.5,0.41732398630959877,0.2798776909084226
ICEWS05-15,3021,3944,56,796,5942,3751,0,6.0,0.1880977202201668,7.0,0.7284274237469965,0.2541542142836365,0.7458457857163635,0.1065591974436114,0.5,0.3208326695764167,0.1997031618220968
ICEWS05-15,3022,3944,172,3751,1872,6036,0,5277.0,0.4848364498348583,9.0,0.9611657480580811,0.4118165006610188,0.5881834993389812,0.17418763391114975,0.5,0.38861070308651535,0.26495299313148873
ICEWS05-15,3023,3944,172,523,6411,6036,0,5254.0,0.2889699782171844,4.0,0.5858370854182298,0.25746593458216105,0.742534065417839,0.22418674065368366,0.5,0.27442297692771606,0.1899511894682311
ICEWS05-15,3024,3944,172,3748,910,3751,0,37.0,0.22858840403133573,13.0,0.6341329040632923,0.4800657958116361,0.5199342041883639,0.10340124544397522,0.5,0.328898838989249,0.19520802085871436
ICEWS05-15,3025,3944,137,2898,9303,4680,0,20.0,0.32464653660191223,3.0,0.1326516279166716,0.3011710259073944,1.0,0.7599609305055225,0.6505855129536973,0.19190758271144626,0.335557058959485
ICEWS05-15,3026,3944,59,2584,7692,8438,0,5250.0,0.017248206728456672,1.0,0.01725139865115333,0.0,1.0,0.9996300204072869,0.5,0.15093116714557325,0.26517939129936463
ICEWS05-15,3027,3944,64,392,2881,3751,0,5245.0,0.07618835338777971,1.0,0.07618835338777971,0.0,1.0,0.9999999999868746,0.5,0.15895101514637364,0.2774838856909713
ICEWS05-15,3028,3944,167,1554,1677,10120,0,5248.5,0.20526971931402274,4.0,0.08085207284143715,0.0,1.0,0.4962709237886856,0.5,0.18984007741396353,0.17568735669392024
ICEWS05-15,3029,3944,224,1747,2253,4456,0,5245.0,2.343916901944177e-15,1.0,2.343916901944177e-15,0.0,1.0,0.0023384358027420185,0.5,0.14864756205374133,0.07297618106231826
ICEWS05-15,3030,3944,68,1435,1677,1677,1,1.0,2.757072373261323e-12,1.0,2.757072373261323e-12,0.0,1.0,0.7338353109413353,0.5,0.1486475620541037,0.1918136118012908
ICEWS05-15,3031,3937,167,3595,9117,3425,0,5249.5,3.1750474344740494e-05,1.0,3.175058847722887e-05,0.0,1.0,0.9999927792158698,0.5,0.14865173870934095,0.2617881732537234
ICEWS05-15,3032,3937,56,1641,213,530,0,2.0,0.0022884211993649405,1.0,0.002288426114914959,0.0,1.0,0.9999957035628768,0.5,0.14894884304196523,0.262245731367603
ICEWS05-15,3033,6354,243,224,786,786,1,1.0,3.467468314859724,16.0,0.820335356007638,0.6480276092888326,0.7553610355846812,0.5052538316229966,0.7016943224367569,0.4641781839158272,0.501431830729882
ICEWS05-15,3034,6354,243,3791,6362,6362,1,1.0,2.190527638528961,14.0,0.9803906099397734,0.24521437123687906,0.8652824199701749,0.7415139335673742,0.555248395603527,0.459726776664167,0.5252844686440603
ICEWS05-15,3035,6354,172,3560,6362,4296,0,5251.0,0.4247604363931218,3.0,0.43527528164806206,0.0,1.0,0.9528260290174413,0.5,0.2413511618292963,0.37169250980201585
ICEWS05-15,3036,7394,152,882,5739,5739,1,1.0,2.708829997808489,5.0,0.7284274237469965,0.0,1.0,0.630648135542364,0.5,0.36923891660310987,0.34058225997983477
ICEWS05-15,3037,7394,152,184,255,4680,0,5246.5,0.36602289305064195,1.0,0.5858370854182298,0.0,1.0,0.4543192608793886,0.5,0.23859817918916623,0.22384495013940933
ICEWS05-15,3038,7394,224,2305,4680,8370,0,1.0,0.9157263343702751,4.0,1.0,0.0,1.0,0.30072572377191265,0.5,0.37320248485852187,0.29408788848049605
ICEWS05-15,3039,7394,105,4007,4680,10392,0,2.0,0.05834549092999897,6.0,0.8534795977333005,1.2151397493664895e-05,0.9999878486025063,0.03539019280213895,0.5,0.337038985673279,0.20481149154339784
ICEWS05-15,3040,7394,56,998,9950,5289,0,5248.0,0.8566572771539422,4.0,0.9057236642639067,0.0074772120445493195,0.9925227879554507,0.8845774921763971,0.5,0.3514569868713903,0.4763070122166274
ICEWS05-15,3041,7394,133,1814,4680,4680,1,1.0,0.261977641777763,6.0,0.23557946849797018,0.10080470818914222,0.9999999531602171,0.9999116562021523,0.5504023306746797,0.22639323224702657,0.3990770956648333
ICEWS05-15,3042,7394,137,2662,10015,10015,1,1.0,0.3692656092459402,4.0,0.15237670677555948,0.0,1.0,0.7323710067928278,0.5,0.20317422647360237,0.24671202054596508
ICEWS05-15,3043,3869,137,3576,4680,4684,0,2.0,0.062477072752438856,1.0,0.820335356007638,0.0,1.0,0.03958771040389052,0.5,0.2737701880463439,0.16585371130269705
ICEWS05-15,3044,3869,202,3535,7636,7334,0,5245.0,0.6095068271022377,1.0,0.6095068271022377,0.0,1.0,0.9999999999983593,0.5,0.2475551416422632,0.4016024668809999
ICEWS05-15,3045,3869,172,3930,4684,4684,1,1.0,5.0629122886542035,61.0,0.9611657480580811,0.8246649164155797,0.9253428526838258,0.8579976820145093,0.8750038845497028,0.6081964660525702,0.8085003828809195
ICEWS05-15,3046,3869,133,3681,4684,0,0,5244.5,0.0,0.0,0.0,0.0,0.0,0.0,0.0,0.13079885792039397,0.013540413295886884
ICEWS05-15,3047,3869,111,3754,1096,19,0,5246.0,0.249057250886134,2.0,0.16823752407904452,0.0,1.0,0.5968376932261371,0.5,0.1862513133952117,0.19849584648861704
ICEWS05-15,3048,7392,64,2946,1740,3623,0,5245.0,2.4543734131820383e-05,1.0,2.4543734131820383e-05,0.0,1.0,0.9999999592564052,0.5,0.14865079067086434,0.2617888089364523
ICEWS05-15,3049,7970,41,2759,2243,1778,0,1.0,3.771647272362267,79.0,1.0,0.7740542832781503,0.8524237249436203,0.7424449380528607,0.8132390041108852,0.5960539634056848,0.7649720880000981
ICEWS05-15,3050,7970,41,3342,1778,1778,1,1.0,1.7204216430936903,118.0,0.836743383392903,0.7159313687355007,0.7548733007353823,0.3956228766230343,0.7354023347354415,0.5244004228039828,0.5849718684505211
ICEWS05-15,3051,7970,41,2575,1778,1778,1,1.0,0.8430824576780702,66.0,0.7284274237469965,0.4063044978756085,0.8470490012889893,0.5233958896019368,0.6266767495822989,0.444636356777809,0.5031833088424292
ICEWS05-15,3052,7970,41,2848,1778,1778,1,1.0,1.7928300937398765,83.0,0.4183716916964515,0.6112922166486492,0.8650674397474415,0.7257790205141071,0.7381798281980454,0.4114113156854945,0.5872700173242308
ICEWS05-15,3053,7970,56,25,1858,0,0,5244.5,0.0,0.0,0.0,0.0,0.0,0.0,0.0,0.13079885792039397,0.013540413295886884
ICEWS05-15,3054,7970,54,2442,2243,1778,0,5246.0,0.9803582243501973,3.0,0.9803906099397734,6.300626687050226e-11,0.9999999999369937,0.9999339353483334,0.5,0.35950439628496506,0.5290859571270327
ICEWS05-15,3055,7970,243,978,2243,1778,0,5244.5,1.0017407984607942,7.0,1.0,0.0017378270289035713,0.9999999999999998,0.9999998924495547,0.5008689135144517,0.39932635999925314,0.5663252803190382
ICEWS05-15,3056,7970,168,3749,1778,1778,1,1.0,0.03806565175584846,17.0,0.03519290877788617,0.0754967995543574,0.999973875219972,0.9999379494802481,0.5377353373871647,0.2249424922818765,0.38144742848151086
ICEWS05-15,3057,7970,172,3658,2243,9648,0,2.0,0.06525379283096999,15.0,0.7429971445684742,0.34682820323482555,0.6531717967651745,0.02952941217784036,0.5,0.35407097566819934,0.20257894802322732
ICEWS05-15,3058,5804,133,1618,1096,1677,0,5245.0,0.00058354958006369,1.0,0.00058354958006369,0.0,1.0,0.9999999982863496,0.5,0.14872434103220644,0.26190190389557905
ICEWS05-15,3059,5804,224,1855,5718,3124,0,1.0,1.0,2.0,1.0,0.0007108492399087174,0.9992891507600913,0.9985793114145858,0.5,0.3500473340852649,0.5205098720674417
ICEWS05-15,3060,3414,137,3063,1414,4680,0,5249.0,0.0022209669406204335,6.0,0.06765243698367357,0.03566007954809569,0.9643399204519043,0.00805736779203929,0.5,0.19569784287883896,0.0966038022694487
ICEWS05-15,3061,3414,168,2709,9962,9962,1,1.0,0.31201952086021173,4.0,0.7141434062641757,9.166382758385438e-07,0.9999990833617242,0.2795201088794254,0.5,0.29933638250025624,0.23114540925714683
ICEWS05-15,3062,3414,180,3693,4680,4680,1,1.0,0.703145341362075,18.0,0.9057236642639067,0.45585828116997396,0.544141718830026,0.2677777927273438,0.5,0.4150495610044313,0.3039290953644148
ICEWS05-15,3063,3414,172,2754,4665,4665,1,1.0,0.773044635774949,1.0,0.9803906099397734,0.0,1.0,0.6508552873759254,0.5,0.3210622238841517,0.3695524231683527
ICEWS05-15,3064,3414,6,2931,731,3425,0,5247.0,0.049002945926048105,1.0,0.13530487396734708,0.0,1.0,0.2211256400149446,0.5,0.16602569082641028,0.11216465734382072
ICEWS05-15,3065,6328,243,2580,9734,9734,1,1.0,0.08096192558801395,44.0,0.01415193225412354,0.7427220879103201,0.9728799595275321,0.8844358432268308,0.8578010237189262,0.2581831431190838,0.6098060772588914
ICEWS05-15,3066,6328,175,1644,1421,1421,1,1.0,0.9237136453742021,7.0,0.9238395952400507,0.007234251141582937,0.9927657488584171,0.9853686314623026,0.5,0.3804491134288096,0.5403344629880811
ICEWS05-15,3067,537,152,3814,1532,5051,0,5318.0,0.5098158109784535,10.0,1.0,1.1115824777307992e-05,0.9999888841752227,0.34211086720722617,0.5,0.40278715883051547,0.3402463942476868
ICEWS05-15,3068,537,152,3580,3403,7284,0,26.0,0.2977755780035375,1.0,0.5858370854182298,0.0,1.0,0.3407438579777271,0.5,0.2372424879462294,0.19565339356015
ICEWS05-15,3069,537,152,2564,4853,7773,0,73.0,0.17653491435676838,2.0,0.35707170313208786,0.0,1.0,0.14262589556740138,0.5,0.21300535651658348,0.13247203777350364
ICEWS05-15,3070,537,105,1964,5799,8065,0,5252.0,0.3663966706118711,18.0,0.5100008047105996,0.003170580306955606,0.9968294196930444,0.22071691208263286,0.5,0.32125650801900674,0.22034956650793952
ICEWS05-15,3071,537,105,1241,3425,9419,0,5.0,0.02603869121678315,4.0,0.43527528164806206,0.48571759368627443,0.5142824063137256,0.015622814130809886,0.5,0.24211671438014504,0.12492581279668957
ICEWS05-15,3072,537,56,822,9648,1677,0,2.0,0.6377840237871597,2.0,0.9611657480580811,2.7639728708117595e-05,0.9999723602712919,0.49648429290026214,0.5,0.33300465559926384,0.32938864396201173
ICEWS05-15,3073,537,137,684,5799,1677,0,5249.5,0.6300246442246534,1.0,0.7141434062641757,0.0,1.0,0.7892452745977709,0.5,0.2665601930699117,0.3529886048235848
ICEWS05-15,3074,537,202,3910,9962,0,0,5244.5,0.0,0.0,0.0,0.0,0.0,0.0,0.0,0.13079885792039397,0.013540413295886884
ICEWS05-15,3075,537,133,963,9419,9419,1,1.0,0.0893642389992293,1.0,0.27602237841845306,0.0,1.0,0.19314459017353308,0.5,0.18561090834737862,0.12322959188786507
ICEWS05-15,3076,871,137,3733,1096,1096,1,1.0,2.7044121309067597,6.0,0.9803906099397734,0.6431209939615439,0.7792481223647125,0.4225652612525342,0.7111845581631282,0.43324939451655425,0.4828146535292006
ICEWS05-15,3077,871,167,3606,1677;3956,1677,1,2623.25,12.690031564694419,18.0,0.9611657480580811,0.6530860482086513,1.0,0.8855135861218341,0.8265430241043257,0.7353008330771066,0.7328542344965335
ICEWS05-15,3078,871,56,3727,1096,1096,1,1.0,1.3363957488302198,11.0,0.9803906099397734,0.3873936466507528,0.6126063533492472,0.2704846041513129,0.5,0.42485375588053775,0.30328816472506803
ICEWS05-15,3079,871,56,3591,1677,1096,0,2.0,3.6419777139900837,8.0,0.8879629756445782,0.45235679311006105,0.8381882727357471,0.6589890425752125,0.6452725329229041,0.4506773744112466,0.5074575125017498
ICEWS05-15,3080,871,133,3987,530,3956,0,5245.5,0.9801780731811562,1.0,0.9803906099397734,0.0,1.0,0.9995665183008384,0.5,0.3260288561232093,0.4971832411370783
ICEWS05-15,3081,9137,56,2888,5942,9305,0,5247.5,0.10881782820612562,1.0,0.10881882041201553,0.0,1.0,0.9999817642327067,0.5,0.16353794655255757,0.2843770332638554
ICEWS05-15,3082,8796,137,101,9423,3527,0,4.0,1.9210081968728492,5.0,0.9611657480580811,0.5309506078050665,0.7437281866943541,0.3442583906451969,0.6373393972497103,0.4000220414625937,0.3894947966183057
ICEWS05-15,3083,8796,137,368,1686,9423,0,5252.5,0.1256388374115449,8.0,0.36421371187349827,0.5239702736830265,0.47602972631697354,0.049450307958515266,0.5,0.25536331301451065,0.13365283111445156
ICEWS05-15,3084,8796,137,741,10253,1677,0,6.0,0.5303965943559346,11.0,0.5,0.3556702656005236,0.6443297343994764,0.13835751589097156,0.5,0.30197813534046447,0.1787006936359522
ICEWS05-15,3085,8796,174,1055,4853,10253,0,5245.5,0.012353213666087893,2.0,0.01160933038388241,0.15148953791164255,1.0,0.8229544758160625,0.5757447689558213,0.16163196436588587,0.27099233242496473
ICEWS05-15,3086,8796,167,1074,6241,9423,0,8.0,0.17953508921636052,21.0,0.43527528164806206,0.009918726551571222,0.9900812734484288,0.25657519650832783,0.5,0.3086327649411706,0.22099763779878862
ICEWS05-15,3087,8796,167,105,9423,4853,0,5.0,1.71389117936726,4.0,0.7429971445684742,0.44604338786713627,0.7880112110400052,0.4762757689376047,0.6170272994535707,0.338487278606013,0.36163105454706124
ICEWS05-15,3088,8796,111,119,409,3527,0,3.0,0.4910339583756973,2.0,0.7429971445684742,0.0,1.0,0.20027364327066677,0.5,0.28626820126105873,0.19984271310814003
ICEWS05-15,3089,8796,172,426,9423,9423,1,1.0,1.2085382728962193,54.0,0.7429971445684742,0.7352140776453965,0.4841611180729325,0.2744481687961122,0.6096875978591645,0.4474179027208873,0.3819455069549158
ICEWS05-15,3090,8796,172,495,3963,9423,0,5254.0,4.153089240159095,66.0,0.9611657480580811,0.6962904974890529,0.6621266837508096,0.38723589383509444,0.6792085906199312,0.5882398288859529,0.5349838206870869
ICEWS05-15,3091,8796,172,969,9423,9423,1,1.0,6.046809626299101,131.0,0.7730166686334901,0.7572903167922793,0.9645551343714085,0.920639248890298,0.8609227255818439,0.6305664283339942,0.8054088204085924
ICEWS05-15,3092,8796,56,617,10253,3933,0,5261.5,1.5099631899856474,3.0,0.9803906099397734,0.3399560906868504,0.6600439093131496,0.3546358242178192,0.5,0.37297070706626345,0.28829811531342453
ICEWS05-15,3093,8796,56,676,7393,6268,0,16.0,0.33328739859586065,2.0,0.646816582731497,0.0,1.0,0.14954934378668053,0.5,0.2649692914441106,0.1731431999451409
ICEWS05-15,3094,8796,180,426,6598,4510,0,16.0,0.45878050413061167,1.0,1.0,0.0,1.0,0.29767369629043,0.5,0.3175421891168075,0.2609067800059789
ICEWS05-15,3095,8796,64,197,5110,9423,0,5246.5,0.018422804177823382,5.0,0.35006974482590136,0.5768020742051378,0.42319792579486215,0.011261026034237114,0.5,0.2346798765419794,0.11707963873977913
ICEWS05-15,3096,8796,59,808,3763,3778,0,5246.5,0.6302984982133288,5.0,0.43527528164806206,0.5121200037320293,0.7794150152182675,0.5461596638262857,0.6457675094751484,0.2619604726307265,0.34208629289533504
ICEWS05-15,3097,8796,170,634,9423,4853,0,2.0,0.9412967307491554,3.0,1.0,0.0025645500432671664,0.9974354499567328,0.8848058109206155,0.5,0.36272398819436635,0.4909838157893377
ICEWS05-15,3098,10239,172,1250,9632,1677,0,5245.5,0.34583392120972767,10.0,0.13005041040272958,0.2765425714783536,0.9999999990276548,0.9999999234488252,0.6382712852530041,0.2277970094778594,0.45623688395971107
ICEWS05-15,3099,10239,172,3104,1677,1677,1,1.0,4.750722243089335,50.0,0.9238395952400507,0.8159584032511848,0.9265329864497693,0.7989689517003571,0.8712456948504771,0.5815003213551097,0.7806469015717663
ICEWS05-15,3100,10239,172,3446,1677,1677,1,1.0,6.927455841734053,108.0,0.9803906099397734,0.719230617494972,0.7311263358741069,0.5404710876752886,0.7251784766845395,0.6863053207115007,0.6419806875864008
ICEWS05-15,3101,10239,172,1271,4853,1677,0,2.0,0.22816529742492267,10.0,0.08580127266283155,0.2765425714783536,0.9999999990276549,0.9999999234473338,0.6382712852530043,0.21843136494698343,0.445054262846402
ICEWS05-15,3102,10239,168,3509,4853,4853,1,1.0,0.8991610896472926,9.0,0.9803906099397734,0.012663034040124255,0.9873369659598757,0.8273716880237043,0.5,0.4037447124509256,0.5060262228745652
ICEWS05-15,3103,10239,180,3622,1432,4680,0,5249.5,2.728863392434944,5.0,0.7884782461155736,0.06047595692810148,0.9395240430718985,0.7200022092116668,0.5,0.38285504663748476,0.3847931617646435
ICEWS05-15,3104,10239,64,3103,1677,1677,1,1.0,1.0754908379629949e-10,1.0,1.0754908379633584e-10,0.0,1.0,0.9907875777012675,0.5,0.14864756206788848,0.25910685776672787
ICEWS05-15,3105,10239,137,3289,3124,9298,0,3.0,0.05771879360339649,2.0,0.7578582832551991,0.0,1.0,0.01999761003978423,0.5,0.27944183384104054,0.16290894534914818
ICEWS05-15,3106,10239,111,3852,3887,3887,1,1.0,0.9140302023093072,2.0,0.9423178739918808,1.7183742203163987e-05,0.9999828162577968,0.9416798713603589,0.5,0.3358400171961356,0.48410278989391264
ICEWS05-15,3107,10239,56,1576,9521,5592,0,5245.5,0.07313338589137597,1.0,0.07322963567727875,0.0,1.0,0.9973747391990295,0.5,0.1585388964475218,0.2760715178367696
ICEWS05-15,3108,8798,56,119,3425,9423,0,5245.0,0.7346967441666568,1.0,1.0,0.0,1.0,0.580648742330309,0.5,0.3241288823775458,0.35009272568319993
ICEWS05-15,3109,8798,152,997,7725,3543,0,5269.0,0.09948472952900456,1.0,0.8879629756445782,0.0,1.0,0.05934280798970862,0.5,0.2872789491610562,0.18031083828113048
ICEWS05-15,3110,8798,152,802,3929,3938,0,2.0,0.015318163554737363,2.0,0.597554769985219,0.38805466953545376,0.6119453304645462,0.00790553827843738,0.5,0.24956329625862986,0.1337260138643899
ICEWS05-15,3111,8798,152,1406,3386,5737,0,4.0,0.933426288484184,2.0,0.9423178739918808,0.0,1.0,0.3334989008907616,0.5,0.33631416618019094,0.27260503061571656
ICEWS05-15,3112,8798,19,3112,4668,0,0,5244.5,0.0,0.0,0.0,0.0,0.0,0.0,0.0,0.13079885792039397,0.013540413295886884
ICEWS05-15,3113,8798,64,370,4028,0,0,5244.5,0.0,0.0,0.0,0.0,0.0,0.0,0.0,0.13079885792039397,0.013540413295886884
ICEWS05-15,3114,8798,167,339,4684,3425,0,5246.0,0.45582255581921544,1.0,0.7429971445684742,0.0,1.0,0.44247239666610505,0.5,0.2680772597783235,0.2505392545539555
ICEWS05-15,3115,8798,224,1544,4668,4684,0,7.0,0.4450608348327324,4.0,0.3170664520316462,0.36481689432512976,0.9999999999801858,0.8043959378965353,0.6824084471526578,0.23056493137166256,0.4291036078615031
ICEWS05-15,3116,8798,111,1073,5186,8774,0,5246.5,0.028302502387797513,1.0,0.028303864508247085,0.0,1.0,0.9999037548105592,0.5,0.15240936922967663,0.26752050529772037
ICEWS05-15,3117,218,95,2620,6011,137,0,29.0,0.0827557974091575,6.0,0.4439814878222891,0.06921128764293205,0.930788712357068,0.09498687295810819,0.5,0.2583363443319453,0.1532003047213247
ICEWS05-15,3118,218,95,198,7943,7938,0,19.0,0.27760722454266085,2.0,0.6864101813026526,0.3466642194595826,0.6533357805404174,0.15222694118353702,0.5,0.2709949122699394,0.1742649457208761
ICEWS05-15,3119,218,95,622,432,7931,0,5269.5,0.9684602766781869,3.0,0.6341329040632923,0.6105347247461478,0.7218659417085991,0.423283978330433,0.6662003332273734,0.28888557991680724,0.34233602992891843
ICEWS05-15,3120,218,95,51,7226,6431,0,5247.5,1.4125166713599024,3.0,0.7578582832551991,0.3181013659290305,0.6818986340709695,0.4724968561559757,0.5,0.3236383769101324,0.27723190887325155
ICEWS05-15,3121,218,95,793,3577,6401,0,5275.5,0.08411876203952229,2.0,0.9611657480580811,0.08047451313678,0.91952548686322,0.04192417015949439,0.5,0.31967080271261683,0.198258312153818
ICEWS05-15,3122,218,161,2525,9870,7968,0,5251.0,0.3500639628260596,1.0,0.35006974482590136,0.0,1.0,0.9999669671262419,0.5,0.20078944045657576,0.3384127455360655
ICEWS05-15,3123,218,56,1372,5988,9984,0,5255.0,0.04599608706167038,1.0,0.11778973424898508,0.0,1.0,0.242616661402268,0.5,0.1637376781397879,0.1135528875585235
ICEWS05-15,3124,218,172,644,7948,4853,0,5257.0,0.31729316610254665,2.0,0.6216979445974911,0.431125927769216,0.568874072230784,0.16981891903649268,0.5,0.2601078015049536,0.1668604068406634
ICEWS05-15,3125,218,172,376,4775,7937,0,5252.5,0.20584317949062259,1.0,0.597554769985219,0.0,1.0,0.20807659869337533,0.5,0.23739168128214644,0.16798692828675518
ICEWS05-15,3126,218,57,1102,3425,7259,0,5244.5,0.9999999994543967,1.0,1.0,0.0,1.0,0.9999999989077932,0.5,0.3305286386502437,0.5024767774632856
ICEWS05-15,3127,10028,224,1123,8651,0,0,5244.5,0.0,0.0,0.0,0.0,0.0,0.0,0.0,0.13079885792039397,0.013540413295886884
ICEWS05-15,3128,5522,172,34,4684,4684,1,1.0,0.9238395952400507,1.0,0.9238395952400507,0.0,1.0,0.9999999999989175,0.5,0.31325182707748045,0.4825560412038039
ICEWS05-15,3129,5522,180,524,7334,7334,1,1.0,2.0810527223861524,5.0,0.9803906099397734,0.5959424152989603,0.686732492957015,0.4285995534966983,0.6413374541279877,0.40855020248314533,0.42588098909706973
ICEWS05-15,3130,4214,172,2014,8705,2253,0,5245.5,0.02021908459365798,3.0,0.02368307135172498,0.00020001110270984057,0.9997999888972902,0.7445384883065147,0.5,0.17188245090330376,0.21923812899784192
ICEWS05-15,3131,4214,6,2846,2253,2253,1,1.0,0.1353048707878878,1.0,0.13530487396734708,0.0,1.0,0.9999999529956444,0.5,0.16733898790204652,0.29005763959826675
ICEWS05-15,3132,6519,224,873,5554,5718,0,5245.0,9.727493375980372e-07,1.0,9.727493375980372e-07,0.0,1.0,0.9999989719869926,0.5,0.14864769001341152,0.26178375351715955
ICEWS05-15,3133,4304,172,3054,3623,3623,1,1.0,0.9271638834224885,7.0,0.8042490800314893,0.13901280594649468,0.9948056862704617,0.9852562627653542,0.5669092461084781,0.35469357829601145,0.558677961113491
ICEWS05-15,3134,6118,168,160,6144,1760,0,5245.0,0.2871745887492588,1.0,0.2871745887492588,0.0,1.0,0.9999999999965179,0.5,0.19050324074698152,0.32384584734670296
ICEWS05-15,3135,5595,41,3069,6195,6195,1,1.0,0.9541652072721376,19.0,0.46191979762002533,0.06865227860389167,0.9999999999999079,0.9999999890649007,0.5343261393018998,0.3279839490151488,0.4912007971234824
ICEWS05-15,3136,754,250,1343,9555,1779,0,5248.0,0.6467939011656781,15.0,0.646816582731497,3.637962253666416e-06,0.9999963620377463,0.9999225944112213,0.5,0.3482097753127434,0.5054279882249959
ICEWS05-15,3137,2253,172,2948,4680,4680,1,1.0,0.08013932844555502,4.0,0.08751743620647534,0.0003252300200515812,0.9996747699799484,0.30058538344671343,0.5,0.1886875771987909,0.1379905651242443
ICEWS05-15,3138,2253,56,1073,4214,3920,0,5248.5,0.05024712828420941,1.0,0.6597539553864471,0.0,1.0,0.039587710403884445,0.5,0.24485544018949013,0.14360393479731942
ICEWS05-15,3139,2253,56,3140,9962,2319,0,5270.5,0.1500065530068987,5.0,0.08411876203952229,2.0202195472052153e-10,0.999999999797978,0.8189495837214921,0.5,0.19545255651121607,0.2647840989361629
ICEWS05-15,3140,2253,56,2847,3920,10253,0,43.0,0.1427273485666832,3.0,0.10459292292411289,0.0,1.0,0.30200160274866383,0.5,0.18487148666506115,0.1354403727128672
ICEWS05-15,3141,2253,180,3977,2319,2319,1,1.0,8.450077199288788,23.0,0.9423178739918808,0.681751694369349,0.996003662018322,0.9914404289193478,0.8388776781938355,0.6433063471736818,0.7848655406116803
ICEWS05-15,3142,2253,137,762,3425,3425,1,1.0,0.9238395952400507,1.0,0.9238395952400507,0.0,1.0,0.9999999999989175,0.5,0.31325182707748045,0.4825560412038039
ICEWS05-15,3143,2253,133,3818,2319,10367,0,5247.0,0.0027620027805001263,2.0,0.0013948113403597184,0.4950491105234984,1.0,0.9998056128730141,0.7475245552617492,0.16020756757626756,0.44593021606426453
ICEWS05-15,3144,2253,167,3892,2319,1677,0,5262.0,0.7656714829160711,32.0,0.5,0.3703596082901912,0.982700028999116,0.9308660829885514,0.6765298186446536,0.35545362877289677,0.6037859849755515
ICEWS05-15,3145,2253,111,3686,10367,4680,0,2.0,1.3132759909339535,2.0,0.6729500963161781,0.0,1.0,0.971263073201259,0.5,0.2913923596629568,0.42280159752872587
ICEWS05-15,3146,2253,59,2777,5932,1272,0,4.0,0.19837068169501387,5.0,0.4183716916964515,0.04625525238599004,0.95374474761401,0.29217120968336907,0.5,0.24995665386069,0.18741048101098529
ICEWS05-15,3147,2253,125,3393,5120,10253,0,5248.5,4.391413423640734e-06,2.0,2.3715894493007344e-06,0.46047423385563946,1.0,0.998054653998332,0.7302371169278197,0.15999282992363228,0.43212883439135186
ICEWS05-15,3148,1283,172,2792,7510,0,0,5244.5,0.0,0.0,0.0,0.0,0.0,0.0,0.0,0.13079885792039397,0.013540413295886884
ICEWS05-15,3149,9298,167,1638,5186,1096,0,9.0,0.6454327279709706,2.0,0.35707170313208786,0.46539803861923656,1.0,0.9348561222593812,0.7326990193096183,0.22174388728867417,0.50203151837292
ICEWS05-15,3150,9298,180,3167,1096,1096,1,1.0,0.8328449240065297,10.0,0.9803906099397734,0.41830047325397623,0.5816995267460238,0.32815846300060086,0.5,0.40692076370057034,0.319446158790499
ICEWS05-15,3151,9298,172,1597,1136,1136,1,1.0,0.4424026398844856,5.0,0.8042490800314893,0.505634475382166,0.49436552461783395,0.15736815235509258,0.5,0.32887395726481217,0.21146865568307327
ICEWS05-15,3152,9298,168,1552,1136,1136,1,1.0,0.12031528044946949,2.0,0.4805828740290406,0.48020614479804224,0.5197938552019578,0.06959413748136811,0.5,0.23179361731384462,0.12879923720981476
ICEWS05-15,3153,9298,113,3020,1414,10120,0,5247.5,0.49726508011854764,1.0,0.5,0.0,1.0,0.9891198332409779,0.5,0.22691365158980856,0.37056887241952124
ICEWS05-15,3154,9298,56,1382,4910,5737,0,5259.5,0.6190749690760329,15.0,0.46191979762002533,0.4455630984808926,0.9961210427066616,0.420408848017766,0.720842070593777,0.3096215708075308,0.40488945904235174
ICEWS05-15,3155,9298,56,979,1133,1133,1,1.0,0.06835158751596948,3.0,0.9803906099397734,0.259317143067067,0.740682856932933,0.026504061604720217,0.5,0.33683435913984444,0.2030694500432806
ICEWS05-15,3156,9298,152,2516,3957,1459,0,5248.0,0.18210634987751534,1.0,0.18210685593674916,0.0,1.0,0.9999944421825864,0.5,0.17422761661986247,0.30024566065811303
ICEWS05-15,3157,9298,59,3623,1136,1759,0,2.0,0.022889096495729268,1.0,0.04042603642071857,0.0,1.0,0.3948916694480494,0.5,0.15379405141408412,0.1293143173852015
ICEWS05-15,3158,9298,191,1984,10120,0,0,5244.5,0.0,0.0,0.0,0.0,0.0,0.0,0.0,0.13079885792039397,0.013540413295886884
ICEWS05-15,3159,6348,243,3348,7054,1779,0,5248.0,7.336908080824883e-11,1.0,1.2111888304607006e-10,0.0,1.0,0.4319164576191987,0.5,0.14864756206901147,0.13081629985742782
ICEWS05-15,3160,6348,56,970,8272,800,0,5245.0,3.911663799322313e-07,1.0,3.911663799322313e-07,0.0,1.0,0.9999974435496126,0.5,0.14864761350945374,0.26178319026496866
ICEWS05-15,3161,3160,172,1359,6325,1216,0,8.0,0.7064541576266632,109.0,0.7001394896518027,0.38214195379189553,0.6178580462081045,0.1889813078627926,0.5,0.46075499165533296,0.30250601017122003
ICEWS05-15,3162,3160,172,1472,6325,1216,0,11.0,3.6153908630725593,125.0,0.8534795977333005,0.8085638070994223,0.6849729733021497,0.49075013462306305,0.746768390200786,0.5825160405857333,0.6252411607567158
ICEWS05-15,3163,3160,172,3637,1216,1216,1,1.0,0.8639113168701569,218.0,0.43527528164806206,0.6753414473662315,0.5781100399723785,0.3360384401797741,0.626725743669305,0.44061657422609796,0.4026327907600377
ICEWS05-15,3164,3160,172,3718,1216,1216,1,1.0,2.3198130858131285,223.0,0.7429971445684742,0.743277302041006,0.8806899944214064,0.6688209410289866,0.8119836482312062,0.552761930195496,0.7324275551774002
ICEWS05-15,3165,3160,172,74,1216,494,0,5245.0,0.8534795977333005,1.0,0.8534795977333005,0.0,1.0,0.9999999999988284,0.5,0.2977372687831156,0.4642001962540341
ICEWS05-15,3166,3160,180,744,2751,2818,0,5246.0,0.022854251426254673,1.0,0.03316290697916791,0.0,1.0,0.5257287774936308,0.5,0.1529166422693116,0.1522114294234141
ICEWS05-15,3167,3160,191,1529,1216,3390,0,3.0,0.5912562869499167,2.0,0.34320509065132626,0.0,1.0,0.7697607278856126,0.5,0.21851136753922715,0.2780186719878371
ICEWS05-15,3168,3160,6,479,1939,1329,0,5245.5,0.324942225717174,3.0,0.15542448614937274,0.3509844927962482,1.0,0.5795228340060885,0.6754922463981241,0.1952181252609502,0.2981078076056991
ICEWS05-15,3169,3160,167,2064,1216,9423,0,3.0,1.7897092413998592,2.0,0.9803906099397734,0.0,1.0,0.9192147634237197,0.5,0.3657375477690147,0.48234373596052615
ICEWS05-15,3170,3160,167,393,1216,1677,0,4.0,0.13469489931551948,7.0,0.6864101813026526,0.5200566451593205,0.4799433548406795,0.016268926375402053,0.5,0.31112391076175727,0.16823461264828035
ICEWS05-15,3171,3160,56,2630,1939,1216,0,5263.5,1.1071924092649637,36.0,1.0,0.12160686566229661,0.990388435678827,0.9465671420699534,0.5559976506705617,0.4829442511299282,0.6525519965325048
ICEWS05-15,3172,3160,56,1755,3928,1216,0,21.0,0.5414906621256559,31.0,0.9057236642639067,0.40108290296586535,0.5989170970341346,0.2180750737844498,0.5,0.43806170093961116,0.31017731480229915
ICEWS05-15,3173,3160,137,656,8779,1759,0,5249.5,0.013652214344579805,2.0,0.4805828740290406,0.008721493513068501,0.9912785064869315,0.014281005766950869,0.5,0.22971930717066802,0.12562875617121472
ICEWS05-15,3174,3160,137,354,1677,9419,0,5243.5,1.0,1.0,1.0,0.0,1.0,0.9999999999989999,0.5,0.3305286386634707,0.5024767778727223
ICEWS05-15,3175,3160,224,3275,10367,2253,0,5251.0,1.4721424052752704e-05,3.0,3.369413799053382e-05,5.3985714898452386e-08,0.9999999460142851,0.2795197020011082,0.5,0.1684644533133497,0.11957633366966691
ICEWS05-15,3176,3160,152,2126,5739,5739,1,1.0,0.0012063290502239699,3.0,0.0012385408282486173,0.00014036591474675397,0.9998596340852532,0.949043123547204,0.5,0.16863976164251307,0.2718766530095015
ICEWS05-15,3177,5448,59,1245,4927,0,0,5244.5,0.0,0.0,0.0,0.0,0.0,0.0,0.0,0.13079885792039397,0.013540413295886884
ICEWS05-15,3178,10256,172,1423,7980,0,0,5244.5,0.0,0.0,0.0,0.0,0.0,0.0,0.0,0.13079885792039397,0.013540413295886884
ICEWS05-15,3179,9010,56,2454,1414,8568,0,11.0,0.1479014991880528,2.0,0.20508383900190946,0.0,1.0,0.22261222951450943,0.5,0.1897902124813288,0.12790692817347005
ICEWS05-15,3180,9010,56,3765,8845,9309,0,8.0,0.618195378916086,1.0,0.6341329040632923,0.0,1.0,0.95096677396313,0.5,0.25202471091585343,0.3901348921986406
ICEWS05-15,3181,9010,172,1208,7082,8845,0,5250.5,0.381301034694977,9.0,1.0,0.27925962362099066,0.7207403763790093,0.15929868195004546,0.5,0.39451152231717235,0.2718964110373563
ICEWS05-15,3182,9010,167,463,8848,5056,0,5247.0,0.09427633573609329,1.0,1.0,0.0,1.0,0.04947009763477877,0.5,0.30895178260734707,0.19622509458120885
ICEWS05-15,3183,9010,171,3715,4680,4680,1,1.0,1.3804467442705429e-16,2.0,1.3804467449085339e-16,1.84297022087776e-14,0.9999999999999816,0.00013802562072516108,0.5,0.1599924688790398,0.07793332586064858
ICEWS05-15,3184,1558,59,936,8280,1779,0,5245.0,1.3766282725930972e-08,1.0,1.3766282725930972e-08,0.0,1.0,0.9999273640252833,0.5,0.14864756386461697,0.2617626826212995
ICEWS05-15,3185,5592,167,119,1677,1677,1,1.0,14.505055361122787,21.0,0.9803906099397734,0.7293795542728563,1.0,0.8809182144961463,0.8646897771364281,0.7807182182278347,0.7569505941548085
ICEWS05-15,3186,5592,167,300,1677,1677,1,1.0,7.059949166326174,55.0,0.9803906099397734,0.6387759767931988,0.8970426897419788,0.8114305951808989,0.7679093332675888,0.6580408373741216,0.7341284568182381
ICEWS05-15,3187,5592,137,114,1677,1677,1,1.0,12.772130902673503,21.0,0.9803906099397734,0.7037734663311277,0.8622119717962657,0.6916307279519093,0.7829927190636967,0.746494158125808,0.6493604368816361
ICEWS05-15,3188,5592,172,3331,5715,1096,0,4.0,0.011158150378649421,1.0,0.012078385447398289,0.0,1.0,0.8584103493082303,0.5,0.15023055228315355,0.2248415009992898
ICEWS05-15,3189,5592,68,120,1677,1677,1,1.0,0.9611657480580811,1.0,0.9611657480580811,0.0,1.0,0.9999999999989596,0.5,0.32165827452506307,0.4923161816292328
ICEWS05-15,3190,3920,180,706,1216,3160,0,5247.5,0.864695126032653,1.0,1.0,0.0,1.0,0.7616413404535081,0.5,0.32725673016323237,0.41396601891454754
ICEWS05-15,3191,3920,137,3387,1677,1748,0,5253.0,0.161632978476604,10.0,0.16170414568287425,0.022714999935531832,0.9772850000644682,0.9547569349539929,0.5,0.22942893058952357,0.34853696372544724
ICEWS05-15,3192,3920,56,3751,2319,6539,0,5259.5,0.012254189770283364,25.0,0.6216979445974911,0.00010158954119388053,0.9998984104588061,0.009952495710806834,0.5,0.3507685121529564,0.1978853803195828
ICEWS05-15,3193,3920,172,499,6326,1216,0,4.0,0.5999408153614298,1.0,0.8705505632961241,0.0,1.0,0.5257287775052634,0.5,0.2952544787464397,0.30219027070334387
ICEWS05-15,3194,3920,168,2040,5739,1096,0,5246.5,1.2675996463236297e-05,1.0,1.5258789062500007e-05,0.0,1.0,0.7104748891140816,0.5,0.1486495334614491,0.18641190777192426
ICEWS05-15,3195,3920,59,1624,1748,605,0,2.0,0.1396959211847403,1.0,0.1407716351115447,0.0,1.0,0.9848327947671974,0.5,0.1681157749233589,0.28654008570183886
ICEWS05-15,3196,3920,119,3162,1748,4668,0,5245.0,1.3023065150959787e-05,1.0,1.3023065150959787e-05,0.0,1.0,0.9999999232131674,0.5,0.14864927517180238,0.26178646819612644
ICEWS05-15,3197,9899,169,1708,1742,0,0,5244.5,0.0,0.0,0.0,0.0,0.0,0.0,0.0,0.13079885792039397,0.013540413295886884
ICEWS05-15,3198,3599,111,1200,1213,3389,0,5245.0,0.597554769985219,1.0,0.597554769985219,0.0,1.0,0.9999999999983266,0.5,0.2452482424001741,0.39859998844958006
ICEWS05-15,3199,2189,245,191,1741,1741,1,1.0,0.49828608788968554,7.0,0.6864101813026526,0.4958842093528937,0.5041157906471063,0.11613596621883315,0.5,0.3197250124076299,0.1899338053536836
ICEWS05-15,3200,2189,245,438,1741,10297,0,2.0,0.26769282725217103,9.0,0.6729500963161781,0.4761836769517137,0.5238163230482863,0.11630123071266374,0.5,0.3219213714054042,0.19501652961991378
ICEWS05-15,3201,2189,245,3880,1741,1741,1,1.0,0.11093235358088405,118.0,0.646816582731497,0.13654085600157806,0.8634591439984219,0.07996472525646256,0.5,0.43652799074372645,0.267941492562644
ICEWS05-15,3202,2189,225,2622,1741,1741,1,1.0,0.006121765010099593,26.0,0.005690839248023409,0.07039768103411703,0.9999967237070688,0.999988648861547,0.5351972023705929,0.23486128918261318,0.38997976385740857
ICEWS05-15,3203,2189,179,3907,1741,7914,0,2.0,0.006637578577898132,11.0,0.0010782124156970827,0.46170076356543366,0.9946141386231879,0.9609746683135298,0.7281574510943107,0.20436666971467202,0.47987349529232826
ICEWS05-15,3204,6313,219,876,2930,2804,0,5245.0,0.3170664520316462,1.0,0.3170664520316462,0.0,1.0,0.9999999999968462,0.5,0.1953409148332828,0.3307338362394228
ICEWS05-15,3205,6313,245,3753,6435,6435,1,1.0,0.6793129629812158,44.0,0.6729500963161781,0.5811652602059374,0.7006896182790384,0.268065896370617,0.640927439242488,0.40678648183279714,0.38329598819432814
ICEWS05-15,3206,6313,42,1366,5145,7596,0,5245.0,0.15542448614937274,1.0,0.15542448614937274,0.0,1.0,0.9999999999935659,0.5,0.17027329698066096,0.2944130345759705
ICEWS05-15,3207,6313,111,3880,3627,3627,1,1.0,0.0022153507802152844,13.0,0.002156424831394166,0.02659892480566539,1.0,0.9999999995486042,0.5132994624028326,0.20988108117797716,0.34583135814807736
ICEWS05-15,3208,3806,172,3077,7054,2369,0,3.0,0.0932241803694334,1.0,0.21336989943332518,0.0,1.0,0.2795196842331143,0.5,0.17702672838350642,0.13027928275351552
ICEWS05-15,3209,3806,235,285,1939,0,0,5244.5,0.0,0.0,0.0,0.0,0.0,0.0,0.0,0.13079885792039397,0.013540413295886884
ICEWS05-15,3210,3806,178,1208,1939,0,0,5244.5,0.0,0.0,0.0,0.0,0.0,0.0,0.0,0.13079885792039397,0.013540413295886884
ICEWS05-15,3211,5120,56,3366,5980,246,0,5246.0,0.0039062499996118834,1.0,0.003906250000000001,0.0,1.0,0.9999999995452837,0.5,0.14916214035284506,0.26257471700074214
ICEWS05-15,3212,9797,245,2641,1779,2056,0,4.0,0.0006185893606114657,3.0,0.00058354958006369,0.056679096978426546,1.0,0.9999269796205186,0.5283395484892133,0.1685453627047961,0.3049492091205793
ICEWS05-15,3213,6117,172,1780,5522,4684,0,2.0,0.3187939815138071,13.0,0.5858370854182298,0.23328064205968613,0.7667193579403139,0.2636029890827511,0.5,0.3212143020150583,0.23153552492962975
ICEWS05-15,3214,6117,172,2262,7334,7334,1,1.0,0.12875197077043388,5.0,0.3789291416275995,9.180000528741239e-06,0.9999908199994713,0.20465626298753323,0.5,0.24174281713307363,0.1632085339867681
ICEWS05-15,3215,6117,56,3311,328,7334,0,5246.0,6.7765532490115796e-06,2.0,6.774619870335225e-06,0.00028597146129427653,1.0,0.9999985174041287,0.5001429857306472,0.15999341530489197,0.27650177324883946
ICEWS05-15,3216,7131,41,3709,3351,3351,1,1.0,0.1766110833711136,46.0,0.2706097479346942,0.4599655721160908,0.5400344278839092,0.21392277835861379,0.5,0.3106357952771115,0.19614174325827238
ICEWS05-15,3217,7131,41,3956,3355,3351,0,2.0,3.2963791732572254,62.0,0.9057236642639067,0.7366556047210346,0.7329395091974679,0.4754458942485179,0.7347975569592513,0.549357726264151,0.5966317526550854
ICEWS05-15,3218,7131,243,535,3355,8544,0,5244.5,0.5288410630040596,1.0,1.0,0.0,1.0,0.35947241980773115,0.5,0.31920790745180055,0.279062767370669
ICEWS05-15,3219,6340,243,3584,656,3196,0,10.0,0.4277952954600994,11.0,0.7884782461155736,0.5424012627300526,0.4575987372699474,0.14173101933681323,0.5,0.3587296364591374,0.2256268922696862
ICEWS05-15,3220,6340,243,45,3816,0,0,5244.5,0.0,0.0,0.0,0.0,0.0,0.0,0.0,0.13079885792039397,0.013540413295886884
ICEWS05-15,3221,6340,41,3899,4417,4417,1,1.0,0.5189687181479901,9.0,0.5100008047105996,0.5541589837381609,0.8263572274739995,0.293393962835016,0.6902581056060801,0.2954723420720983,0.32706753155098317
ICEWS05-15,3222,6340,250,769,4775,4775,1,1.0,0.9757249786825888,2.0,0.9611657480580811,0.020200824424081,1.0,0.9893384499381199,0.5101004122120405,0.3412783932534248,0.5144246950674033
ICEWS05-15,3223,4163,180,994,1677,0,0,5244.5,0.0,0.0,0.0,0.0,0.0,0.0,0.0,0.13079885792039397,0.013540413295886884
ICEWS05-15,3224,9569,243,1168,772,1776,0,6.0,1.2976860266347008,5.0,0.7884782461155736,0.39449046505243013,0.9999317146382227,0.993131951462233,0.6972110898453264,0.346548745504953,0.63752683005244
ICEWS05-15,3225,9569,172,3044,6357,6357,1,1.0,0.7816306387104077,9.0,0.5,0.36031185904297014,1.0,0.9999994007657667,0.6801559295214851,0.29954293072035965,0.5791017549545493
ICEWS05-15,3226,2929,137,125,4689,4689,1,1.0,0.8544807983414185,1.0,0.9611657480580811,0.0,1.0,0.8001875169639732,0.5,0.3191133122418288,0.4181116511487088
ICEWS05-15,3227,2929,172,521,4853,1677,0,5245.0,0.08085207284143715,1.0,0.08085207284143715,0.0,1.0,0.9999999999876317,0.5,0.15960015701278285,0.2784635556344969
ICEWS05-15,3228,2929,64,2524,4853,0,0,5244.5,0.0,0.0,0.0,0.0,0.0,0.0,0.0,0.13079885792039397,0.013540413295886884
ICEWS05-15,3229,4516,167,1348,3425,3425,1,1.0,0.533039903810278,10.0,0.30475341355111885,0.3687618962014515,0.6312381037985485,0.13620591003856808,0.5,0.2615694589195654,0.1476330153263582
ICEWS05-15,3230,2395,167,1258,9423,9423,1,1.0,0.7731845024859572,4.0,0.9423178739918808,0.07460042445818027,0.9253995755418197,0.6119968816363789,0.5,0.35714959047731654,0.38379091653445624
ICEWS05-15,3231,2395,56,437,5999,4684,0,5247.0,0.09658842652495722,1.0,0.1971195615288934,0.0,1.0,0.3245026054020318,0.5,0.17488913199611839,0.13611490327449705
ICEWS05-15,3232,2395,56,3155,4678,9279,0,5262.0,0.06305108079864583,1.0,0.20106227000787236,0.0,1.0,0.18595109432640702,0.5,0.1748879803385042,0.11382435212816684
ICEWS05-15,3233,2395,172,1637,4853,1677,0,2.0,0.2408925970034378,11.0,0.36421371187349827,0.559452532461284,0.44054746753871604,0.1705353463402395,0.5,0.26975217808049307,0.16255070228350174
ICEWS05-15,3234,2395,48,2085,1768,0,0,5244.5,0.0,0.0,0.0,0.0,0.0,0.0,0.0,0.13079885792039397,0.013540413295886884
ICEWS05-15,3235,8640,209,2644,2609,0,0,5244.5,0.0,0.0,0.0,0.0,0.0,0.0,0.0,0.13079885792039397,0.013540413295886884
ICEWS05-15,3236,8640,180,2541,3507,10120,0,5245.0,4.5652995348897566e-10,1.0,4.5652995348897566e-10,0.0,1.0,0.997814350749335,0.5,0.14864756211379493,0.26114712576591387
ICEWS05-15,3237,5056,137,412,9734,10120,0,1.0,0.1600552539321356,2.0,0.9803906099397734,0.46539803861923645,0.5346019613807635,0.04562988026769448,0.5,0.32539477817701534,0.19531349700532705
ICEWS05-15,3238,5056,152,1980,3956,3160,0,5251.5,0.0011569901001163806,1.0,0.005469839762904709,0.0,1.0,0.1182691231063125,0.5,0.14930850088301886,0.08618320806462394
ICEWS05-15,3239,5594,172,3636,1136,1136,1,1.0,0.3124643613443242,16.0,0.26530325583334324,0.15099080648817131,0.9999838246779537,0.9998632571071054,0.5754873155830624,0.2678985510824171,0.4649631229527635
ICEWS05-15,3240,5594,56,1511,9298,9298,1,1.0,0.7898032473464681,1.0,0.9611657480580811,0.0,1.0,0.6973806156303495,0.5,0.31757565540197047,0.3811602581301721
ICEWS05-15,3241,1131,168,1104,3627,7837,0,3.0,3.269602463931669,14.0,0.8042490800314893,0.7294863481627871,0.9148186877111504,0.6570002921105873,0.8221525179369688,0.4484304271583555,0.6405547639437154
ICEWS05-15,3242,1131,172,1040,7469,7837,0,5247.5,6.7770025637007,37.0,1.0,0.7284083351724752,0.7010497064304239,0.4595883010238596,0.7147290208014495,0.6361386232357957,0.5638841982364146
ICEWS05-15,3243,1131,172,974,3627,7837,0,1.0,2.285505994546906,22.0,1.0,0.7117944106428264,0.5005954953173523,0.21430617459773588,0.6061949529800894,0.48972035691766264,0.38121407327694107
ICEWS05-15,3244,1131,133,1008,7837,7837,1,1.0,1.873712594028697,4.0,0.9803906099397734,0.4770126256585592,1.0,0.999056780111101,0.7385063128292796,0.39370088554788235,0.7024861571874028
ICEWS05-15,3245,1131,64,948,7837,7837,1,1.0,0.8708320146655808,3.0,0.8705505632961241,0.0003231982342366546,1.0,0.9999999999988517,0.5001615991171183,0.3336650048273566,0.5005236452477524
ICEWS05-15,3246,1131,250,1094,1131,0,0,5244.5,0.0,0.0,0.0,0.0,0.0,0.0,0.0,0.13079885792039397,0.013540413295886884
ICEWS05-15,3247,5261,168,2476,1779,0,0,5244.5,0.0,0.0,0.0,0.0,0.0,0.0,0.0,0.13079885792039397,0.013540413295886884
ICEWS05-15,3248,3799,125,2399,6213,9423,0,2.0,1.0555612046284261e-05,3.0,3.5946574172663953e-06,0.0,1.0,0.9965491782808895,0.5,0.16846046855097008,0.2860331240611663
ICEWS05-15,3249,3799,56,280,6213,1127,0,5245.0,0.03125,1.0,0.03125,0.0,1.0,0.999999999968,0.5,0.15280540895110534,0.2681536500095529
ICEWS05-15,3250,3799,137,1476,1939,6213,0,1.0,1.0000000047716162,5.0,1.0,3.3104807783956858e-09,0.9999999966895192,0.34219252788049653,0.5,0.3845771112138901,0.314124772444539
ICEWS05-15,3251,3799,224,954,1939,1939,1,1.0,1.8658532344915186,4.0,0.9423178739918808,2.2730832027750836e-07,0.9999997726916797,0.9996735440164671,0.5,0.3850786663254421,0.5256885558999176
ICEWS05-15,3252,3799,57,1446,6241,5289,0,5244.0,1.0,1.0,1.0,0.0,1.0,0.9999999999989999,0.5,0.3305286386634707,0.5024767778727223
ICEWS05-15,3253,1744,137,432,1380,8798,0,5245.0,0.15853322601582306,1.0,0.15853322601582306,0.0,1.0,0.9999999999936922,0.5,0.1707303151156392,0.2950893871545865
ICEWS05-15,3254,1744,34,1852,4680,0,0,5244.5,0.0,0.0,0.0,0.0,0.0,0.0,0.0,0.13079885792039397,0.013540413295886884
ICEWS05-15,3255,1766,137,656,1677,6268,0,5245.5,0.11416072523970343,1.0,0.13801118920922653,0.0,1.0,0.7052981543004899,0.5,0.16736686794516692,0.20808536209754355
ICEWS05-15,3256,1734,167,643,10120,4853,0,5245.0,0.997711573885085,1.0,1.0,0.0,1.0,0.9954335976435782,0.5,0.33047316284121453,0.5007633948722212
ICEWS05-15,3257,1734,56,3226,7334,19,0,3.0,0.8331043557295112,6.0,0.7141434062641757,0.3271394060523475,0.6728605939476525,0.24716156271027592,0.5,0.32712778959698485,0.22548951884167776
ICEWS05-15,3258,1734,137,3359,913,1677,0,5247.5,0.8010138802690954,3.0,1.0,0.45080007085215845,0.5491999291478415,0.2819828819286628,0.5,0.3591788857005886,0.27013154550193524
ICEWS05-15,3259,1734,180,3421,9011,4853,0,5249.5,0.12506159434652608,4.0,0.5100008047105996,0.031455138629899126,0.9685448613701009,0.06578769789080349,0.5,0.2571615973703704,0.14908664131545601
ICEWS05-15,3260,1734,180,3437,4853,4853,1,1.0,0.09109829497953192,4.0,0.3714985722842371,0.03145513862989935,0.9685448613701007,0.06578769789079059,0.5,0.2326715144724762,0.13143097404896673
ICEWS05-15,3261,6179,245,2375,1784,4853,0,5.0,1.7527777280409272e-06,6.0,1.2583808047989792e-06,0.310641190098341,0.9954213599652,0.9234397443840594,0.6530312750317705,0.18594836273914261,0.3863086549373008
ICEWS05-15,3262,6195,245,461,7963,7963,1,1.0,1.266756488691578,11.0,0.6095068271022377,0.5855671101901248,0.8757588528832448,0.7564327018578885,0.7306629815366847,0.34177553146082096,0.5576570166612572
ICEWS05-15,3263,6195,245,3442,7963,7963,1,1.0,1.0863134233344423,122.0,0.43527528164806206,0.599739909269039,0.9992387525945178,0.9978548243649628,0.7994893309317783,0.4162893948005022,0.7429776803640954
ICEWS05-15,3264,6195,245,3505,7963,7963,1,1.0,1.0070046933237273,124.0,0.40212454001574466,0.6008055547487343,0.9997639970338399,0.9993344571592802,0.8002847758912871,0.4075553169803204,0.7379161110876792
ICEWS05-15,3265,6195,250,3244,7963,7963,1,1.0,1.6182015972631645,104.0,0.9803906099397734,0.44535189199688163,0.9834003407155573,0.844141543668949,0.7143761163562194,0.5481533331990285,0.7528131152244215
ICEWS05-15,3266,6195,250,3905,7963,7963,1,1.0,0.26176051443672227,118.0,0.11778973424898508,0.550010070411961,0.9999997685753348,0.9999976434493565,0.7750049194936479,0.32504549982130915,0.6594264892854854
ICEWS05-15,3267,6195,168,1994,7963,7963,1,1.0,0.059940374033377875,4.0,0.08926792578302195,0.0003350489272835322,0.9996649510727165,0.5051638320214882,0.5,0.1885980105308447,0.17927449784709107
ICEWS05-15,3268,6195,12,1305,6156,6156,1,1.0,0.18938715646758925,2.0,0.18946457081379975,7.010606837598576e-05,0.999929893931624,0.9990431124461858,0.5,0.18826046158400161,0.3174603793933472
ICEWS05-15,3269,7636,56,601,4680,7334,0,5246.5,0.10803748780000832,2.0,0.10053113500393618,0.0,1.0,0.3723577251523344,0.5,0.17465853683036794,0.14135145413166916
ICEWS05-15,3270,2034,172,2647,3642,1072,0,5245.0,0.0002490238304250977,1.0,0.0002490238304250977,0.0,1.0,0.9999999959843201,0.5,0.14868032269705153,0.26183422685520136
ICEWS05-15,3271,3960,172,2511,326,8370,0,5251.0,0.6991611987416402,32.0,0.4805828740290406,0.5926380262285441,0.7763193533375162,0.4210985071879076,0.6844786897830302,0.3496689729431703,0.4093145912026395
ICEWS05-15,3272,3960,137,1978,4680,6950,0,4.0,0.4367558797757515,1.0,0.46191979762002533,0.0,1.0,0.8966751831531244,0.5,0.21962362523655637,0.3298746890050451
ICEWS05-15,3273,3960,56,2074,5739,409,0,2.0,0.2818087855206689,5.0,0.3865083343167451,0.6119219445162531,0.3880780554837469,0.1647906783482768,0.5,0.2461352596254351,0.1470274744195886
ICEWS05-15,3274,3960,180,1431,5739,9298,0,5245.0,1.6604434266970143e-06,1.0,1.6604434266970143e-06,0.0,1.0,0.9999993977515995,0.5,0.14864778047573204,0.26178401674528406
ICEWS05-15,3275,2176,41,2254,1784,1784,1,1.0,2.610829701428549,141.0,0.7284274237469965,0.3569915971887525,0.806470961547045,0.6508997659348733,0.5817312793678988,0.5330535866929675,0.5438370706481459
ICEWS05-15,3276,2176,41,991,1784,1784,1,1.0,1.3899505077266179,55.0,0.9803906099397734,0.5648710724156385,0.7056476874984695,0.4460320598295421,0.6352593799570541,0.5083446737085222,0.5329709139700048
ICEWS05-15,3277,2176,41,2020,6201,1784,0,2.0,1.7097774647139796,129.0,1.0,0.5323003102771997,0.8259413909299985,0.6661978954149547,0.6791208506035991,0.5664267366250736,0.6856929170175043
ICEWS05-15,3278,2176,41,298,1784,1784,1,1.0,1.8803083101814444,15.0,0.5100008047105996,0.6526982698060206,0.784940854897716,0.505911722312447,0.7188195623518683,0.3500087926505763,0.4366986131283554
ICEWS05-15,3279,2176,219,2238,1784,5077,0,2.0,0.8371445468490347,3.0,0.4901953049698867,0.4628255486794973,1.0,0.6534433785691146,0.7314127743397487,0.25941022191799173,0.44297780793208785
ICEWS05-15,3280,2176,202,118,1784,1784,1,1.0,1.0766026676576834,3.0,0.8534795977333005,0.32194078003313875,0.8689622301612486,0.7472171214539116,0.5954515050971937,0.3351495212639564,0.4678059093641724
ICEWS05-15,3281,2176,64,991,1784,1784,1,1.0,1.5500142739914449,29.0,0.5630865404461788,0.553552338967112,0.9773103947803081,0.6705234392063937,0.76543136687371,0.3843797885748949,0.5823587999966181
ICEWS05-15,3282,2176,64,2173,5077,1784,0,5250.5,0.7759412834764904,60.0,0.646816582731497,0.5265847596599291,0.9239401424008594,0.3702982056166174,0.7252624510303942,0.41927899270333513,0.4959824388941807
ICEWS05-15,3283,2176,6,908,1784,1784,1,1.0,0.05061216745660202,5.0,0.04831354178959312,0.04544482761536717,0.9999944807621443,0.9999405749996161,0.5227196541887558,0.1885978529615952,0.32818828772595604
ICEWS05-15,3284,2176,168,3463,1784,1784,1,1.0,1.6902251191158406,19.0,0.8534795977333005,1.7561032900070828e-06,0.9999995274449022,0.9999990176203295,0.5000006417740961,0.43227705623769663,0.5661319026657246
ICEWS05-15,3285,2176,92,32,6201,0,0,5244.5,0.0,0.0,0.0,0.0,0.0,0.0,0.0,0.13079885792039397,0.013540413295886884
ICEWS05-15,3286,9574,172,3796,3623,3623,1,1.0,0.501443504853445,23.0,0.6864101813026526,0.19389371620331974,0.8061062837966803,0.41731907587415323,0.5,0.373072026568893,0.31855594503645374
ICEWS05-15,3287,9279,56,715,6950,0,0,5244.5,0.0,0.0,0.0,0.0,0.0,0.0,0.0,0.13079885792039397,0.013540413295886884
ICEWS05-15,3288,3398,172,975,5802,5802,1,1.0,1.2095937695201955,25.0,0.9057236642639067,0.3597667349735575,0.9198798400139285,0.746772786430031,0.6398232874937431,0.4451292289283255,0.6002245370462487
ICEWS05-15,3289,3398,172,3981,3042,7949,0,5255.5,0.11203702435542184,2.0,1.0,0.0,1.0,0.05934280798971252,0.5,0.32824914185150966,0.2106459765341414
ICEWS05-15,3290,3398,180,949,10120,2933,0,2.0,0.18942881415575422,1.0,0.18946457081379975,0.0,1.0,0.9996226216701324,0.5,0.17533013671755932,0.3017479746158671
ICEWS05-15,3291,3398,56,786,4493,78,0,5245.0,0.8042490800314893,1.0,0.8042490800314893,0.0,1.0,0.9999999999987567,0.5,0.2871494553476006,0.45141118481514697
ICEWS05-15,3292,4920,172,983,1677,1677,1,1.0,4.063826135411446,46.0,0.9057236642639067,0.3727926908275906,0.9793239378382249,0.9398461575692374,0.6760583143329078,0.5546103427708039,0.7063348308960216
ICEWS05-15,3293,4920,172,1924,1677,1677,1,1.0,0.7432678424722539,124.0,0.18946457081379975,0.7528224214603723,0.8961270773511757,0.796871462687669,0.824474749405774,0.3541774417739425,0.6385202963432807
ICEWS05-15,3294,4920,172,1837,1677,1677,1,1.0,3.1019163198915902,123.0,0.8705505632961241,0.6806114326832595,0.8657814185905547,0.7450924687071936,0.773196425636907,0.5718242143141988,0.7346983781988954
ICEWS05-15,3295,4920,172,887,1677,1677,1,1.0,9.595077700713624,43.0,0.9803906099397734,0.7185345702495138,0.9445373724579343,0.8464119918081002,0.831535971353724,0.7069455155143612,0.7652104433630992
ICEWS05-15,3296,4920,172,759,1677,1677,1,1.0,3.751639073347494,24.0,0.9238395952400507,0.6071675403916945,0.8551928911790634,0.6743808746314183,0.731180215785379,0.5166350453053494,0.6311330559261158
ICEWS05-15,3297,3753,6,3370,10273,10273,1,1.0,0.0004093242753600568,1.0,0.25,0.0,1.0,0.0008193192852639333,0.5,0.1805346392144689,0.09291024173160436
ICEWS05-15,3298,3753,172,3226,7943,7943,1,1.0,1.379882208087346,11.0,0.9423178739918808,0.6761085050613803,0.5949587087475042,0.31086525747510435,0.6355336069044423,0.41738471792096443,0.3997589314706688
ICEWS05-15,3299,8262,91,378,3096,0,0,5244.5,0.0,0.0,0.0,0.0,0.0,0.0,0.0,0.13079885792039397,0.013540413295886884
ICEWS05-15,3300,3527,56,62,409,9280,0,5246.0,0.38681657055956353,1.0,0.9611657480580811,0.0,1.0,0.25191325992425445,0.5,0.30808529312096733,0.24041086311695353
ICEWS05-15,3301,3527,137,58,8370,10392,0,2.0,0.4801744372152803,3.0,1.0,0.5531790081291663,0.44682099187083374,0.12016705079479303,0.5,0.35112898257757497,0.22362599233025265
ICEWS05-15,3302,3527,111,264,530,530,1,1.0,2.1960862976761386,4.0,0.9057236642639067,0.40767122697273017,0.964078872105771,0.8204548850825281,0.6858750495392506,0.38558811344834376,0.5849537202384094
ICEWS05-15,3303,719,0,737,4820,4820,1,1.0,4.65908259314639,6.0,0.9803906099397734,0.3511184744209964,1.0,0.7279607581852233,0.6755592372104982,0.4863893672667121,0.5694151170425662
ICEWS05-15,3304,719,250,440,4775,4775,1,1.0,0.8611829015427183,7.0,0.40212454001574466,0.5450803302428278,0.9819455702887709,0.9497890910104878,0.7635129502657994,0.27296454364199585,0.585580421871807
ICEWS05-15,3305,719,245,1142,4775,4775,1,1.0,0.6821089952913807,46.0,0.5202016416109183,0.6048015246041841,0.6718925342706128,0.349709714878815,0.6383470294373985,0.3752701876220656,0.37338491595588186
ICEWS05-15,3306,6450,243,534,8492,10136,0,5249.5,1.56174704373126,5.0,0.8879629756445782,0.54068796624264,0.8753218120125832,0.6776227277885973,0.7080048891276116,0.374536409376379,0.5519604207702999
ICEWS05-15,3307,6450,243,3282,5383,8264,0,7.0,0.18625742627257214,32.0,0.14645927135455744,0.2168469587753329,0.9993208063291447,0.9919592027505808,0.6080838825522388,0.27142847107782714,0.4857659449431793
ICEWS05-15,3308,6450,250,2075,8264,8264,1,1.0,1.9721814876233221,30.0,0.9803906099397734,0.7634430147881923,0.37673266212943046,0.13651939248772793,0.5700878384588114,0.49258413194633044,0.3350427382733929
ICEWS05-15,3309,6450,182,1107,6411,1514,0,5245.0,0.024639945191111665,1.0,0.024639945191111665,0.0,1.0,0.9999999999594156,0.5,0.15191805821428975,0.2667981426395145
ICEWS05-15,3310,3969,56,909,860,2909,0,5252.0,0.18229993288335378,2.0,0.4901953049698867,0.0,1.0,0.10362328667998763,0.5,0.2346062981562094,0.14223978644567964
ICEWS05-15,3311,3969,180,489,7971,1677,0,5245.0,0.05148481857929734,3.0,0.047366142703449944,0.07999787101325373,1.0,0.9999999999805769,0.5399989355066268,0.1755350180129789,0.3230518658069911
ICEWS05-15,3312,3969,152,3201,3377,4702,0,5246.5,0.0023808860430909445,1.0,0.002380886043368116,0.0,1.0,0.9999999993471578,0.5,0.14896102643570514,0.26226570825077516
ICEWS05-15,3313,3969,167,2604,1677,1677,1,1.0,0.5057799788090538,16.0,0.18574928614211858,0.03303242724894784,0.9669675727510522,0.5127727360709536,0.5,0.2576711302347646,0.23265740232002727
ICEWS05-15,3314,3969,168,2039,2609,5739,0,5.0,0.00042209815982465794,2.0,0.0009574127050193098,0.485151213717256,0.514848786282744,0.1280209799000981,0.5,0.1601183748009433,0.08853932133276037
ICEWS05-15,3315,2563,137,75,9605,0,0,5244.5,0.0,0.0,0.0,0.0,0.0,0.0,0.0,0.13079885792039397,0.013540413295886884
ICEWS05-15,3316,3545,172,2494,6326,5322,0,5246.5,2.190199702911059e-10,1.0,2.194004771280756e-10,0.0,1.0,0.992023707647674,0.5,0.14864756208259663,0.25946502351430145
ICEWS05-15,3317,7961,41,318,3589,0,0,5244.5,0.0,0.0,0.0,0.0,0.0,0.0,0.0,0.13079885792039397,0.013540413295886884
ICEWS05-15,3318,7938,41,968,6177,6177,1,1.0,3.8964088866146023,104.0,0.9057236642639067,0.789701014559441,0.9271628236672408,0.8259886018854501,0.8584319191133409,0.592274401608288,0.8019118943028845
ICEWS05-15,3319,7938,41,2579,10315,6177,0,2.0,1.7637606095737504,200.0,0.7001394896518027,0.6998946701629001,0.7741794610461535,0.6077327417842774,0.7370370656045269,0.5219424672013848,0.6503850442387065
ICEWS05-15,3320,7938,41,2971,10315,6177,0,3.0,5.017227872495572,241.0,0.9423178739918808,0.7743496802092896,0.8892873121180164,0.7644412850888551,0.831818496163653,0.6702430660332466,0.8015237614672248
ICEWS05-15,3321,7938,41,2589,6177,6177,1,1.0,2.3707147828069814,201.0,0.9238395952400507,0.6744366849627689,0.8476983443114621,0.7173951444722542,0.7610675146371155,0.5898644360355948,0.7494726548363175
ICEWS05-15,3322,7938,41,1853,1741,6177,0,24.0,1.7961257135715265,153.0,0.820335356007638,0.41769460123800206,0.8307982875086574,0.4746995350646268,0.6242464443733298,0.5364389251517989,0.5413232792195615
ICEWS05-15,3323,7938,41,3458,6177,6177,1,1.0,1.624780608001867,277.0,0.820335356007638,0.6041227052425486,0.7801486544023317,0.6143343664736038,0.6921356798224402,0.5631432226920793,0.6650162726751795
ICEWS05-15,3324,7938,41,508,6177,6177,1,1.0,3.315625522697765,65.0,0.7578582832551991,0.7434530680426377,0.7978404074696176,0.6165434332934548,0.7706467377561277,0.5181577353856348,0.6388990720300625
ICEWS05-15,3325,7938,172,148,1030,86,0,5246.5,0.3076874827475383,1.0,0.9423178739918808,0.0,1.0,0.1951157748990911,0.5,0.3025294228518895,0.22185184938397112
ICEWS05-15,3326,7938,172,242,1298,704,0,5247.5,0.07516177098762611,2.0,0.8879629756445782,0.15665140035332503,0.843348599646675,0.03701381245606728,0.5,0.3048437548647851,0.18379596060065115
ICEWS05-15,3327,7938,161,1068,10315,6177,0,2.0,0.027953716714988724,25.0,0.08411876203952229,0.15668240993175953,0.8433175900682405,0.16295633964917566,0.5,0.24715661969324873,0.1470855109651067
ICEWS05-15,3328,7938,161,1396,6177,6177,1,1.0,1.4084925144081708,32.0,0.9057236642639067,0.42803410171382206,0.9488037824236312,0.8009341193418011,0.6884189420687266,0.4632052900849316,0.6633174530246192
ICEWS05-15,3329,7938,54,3602,6177,6177,1,1.0,2.494231308728514e-07,7.0,2.738710296146953e-07,3.672205872717882e-10,0.9999999996327794,0.8360927547776095,0.5,0.19032248319590458,0.2631587554663559
ICEWS05-15,3330,7938,160,68,5539,0,0,5244.5,0.0,0.0,0.0,0.0,0.0,0.0,0.0,0.13079885792039397,0.013540413295886884
ICEWS05-15,3331,7938,243,2230,6894,6894,1,1.0,0.9641343029751487,2.0,0.9803906099397734,6.661338147750939e-16,0.9999999999999993,0.9673780017990695,0.5,0.34502160762851647,0.5037055371417497
ICEWS05-15,3332,5964,172,3452,391,860,0,5258.5,0.0,1.0,1.0,0.0,0.0,0.0,0.0,0.3067509553104603,0.04314417424605095
ICEWS05-15,3333,5964,172,3827,6354,424,0,9.0,0.0644073538426756,1.0,0.16493848884661177,0.0,1.0,0.24261666140263394,0.5,0.1701144671649231,0.11866225672343794
ICEWS05-15,3334,3413,180,180,9058,0,0,5244.5,0.0,0.0,0.0,0.0,0.0,0.0,0.0,0.13079885792039397,0.013540413295886884
ICEWS05-15,3335,3413,137,3900,4680,4680,1,1.0,0.020705022611766738,7.0,0.22643091606597668,2.1081686541579714e-05,0.9999789183134584,0.04790984371024207,0.5,0.22529161576619247,0.12147526487876803
ICEWS05-15,3336,3413,137,2019,10120,1677,0,5254.5,0.49019531245290915,9.0,0.4901953049698867,0.1489614391342261,0.9999999867854158,0.7407024765948566,0.574480712959821,0.29100216920957866,0.4023589717723149
ICEWS05-15,3337,3413,172,48,1677,4680,0,5245.0,0.46191979762002533,1.0,0.46191979762002533,0.0,1.0,0.9999999999978352,0.5,0.2200964946122402,0.3651082056512539
ICEWS05-15,3338,3413,172,2545,1677,9423,0,2.0,0.6091817779830873,90.0,0.7429971445684742,0.1358013935590927,0.8641986064409073,0.5486523843596587,0.5,0.45790557013343874,0.43715372708814254
ICEWS05-15,3339,3413,172,1708,4375,4853,0,5257.0,0.056735029901349376,8.0,0.9803906099397734,0.2774821045571978,0.7225178954428022,0.021352383671280544,0.5,0.3764184014051837,0.22652142480348955
ICEWS05-15,3340,3413,168,292,4680,4680,1,1.0,0.45003658654195533,1.0,0.9803906099397734,0.0,1.0,0.29789057436359734,0.5,0.3133976096360817,0.2569988438127973
ICEWS05-15,3341,3413,113,1071,4702,3766,0,5245.0,0.00011277338809082644,1.0,0.00011277338809082644,0.0,1.0,0.9999999911326599,0.5,0.14866239736047718,0.2618066644733019
ICEWS05-15,3342,3413,125,3035,10239,0,0,5244.5,0.0,0.0,0.0,0.0,0.0,0.0,0.0,0.13079885792039397,0.013540413295886884
ICEWS05-15,3343,3413,191,296,4853,4853,1,1.0,0.9057236642639067,1.0,0.9057236642639067,0.0,1.0,0.9999999999988959,0.5,0.3092151939688602,0.4778233728120393
ICEWS05-15,3344,7923,41,3426,1635,6202,0,3.0,0.05569514650560478,2.0,0.20508383900190946,4.440892098500626e-16,0.9999999999999996,0.15712119150684664,0.5,0.1882417031113556,0.11743313148380692
ICEWS05-15,3345,7923,161,3531,9602,1748,0,5248.0,0.0,1.0,0.016256301300341194,0.0,0.0,0.0,0.0,0.1505707746059868,0.015611911985076183
ICEWS05-15,3346,7923,6,3968,10301,4626,0,3.0,0.23267713590199957,1.0,0.23557946849797018,0.0,1.0,0.9756599238755733,0.5,0.18232230169159544,0.30431577676670923
ICEWS05-15,3347,5452,172,3505,260,326,0,8.5,0.40008262465741473,2.0,0.4183716916964515,0.41661823838916034,0.5833817616108397,0.3868464682133692,0.5,0.22698576916312185,0.1829880276820187
ICEWS05-15,3348,5452,41,2332,7930,6551,0,2.0,0.13997327055817757,4.0,0.13530487396734708,0.03335205800533381,1.0,0.9999999992830196,0.5166760290026668,0.19661792842962472,0.3369508187570539
ICEWS05-15,3349,7972,41,740,1782,1782,1,1.0,5.382846375597868,66.0,0.8879629756445782,0.8070919354234505,0.8674012189264367,0.7287076596813864,0.8372465771749436,0.6042852058322751,0.7420625253795964
ICEWS05-15,3350,7972,41,3126,1782,1782,1,1.0,4.39408860974978,474.0,0.9611657480580811,0.808845782665371,0.8918883637871456,0.7760179397949066,0.8503670732262583,0.6906545718591484,0.835180721204054
ICEWS05-15,3351,7972,41,2857,8594,1782,0,8.0,5.2806937371654,449.0,0.8042490800314893,0.6055883049060844,0.9121310424694128,0.8240615051014386,0.7588596736877486,0.6776086324983863,0.7741943330041379
ICEWS05-15,3352,7972,41,849,1782,1782,1,1.0,7.22525866375111,84.0,0.9057236642639067,0.8190348338052922,0.9093195264884464,0.7995456165027017,0.8641771801468693,0.6665798237667742,0.7829942390597362
ICEWS05-15,3353,7972,41,2833,1782,1782,1,1.0,2.488382548719916,444.0,0.7884782461155736,0.7677614804217672,0.7567003876617845,0.5784430494191967,0.7622309340417759,0.6034406259642131,0.7065570445798474
ICEWS05-15,3354,7972,41,1249,5344,1782,0,5249.5,4.774522636548321,147.0,0.8705505632961241,0.8709903346519402,0.7171898111362605,0.547450729715669,0.7940900728941003,0.6249220966548231,0.6841585607721654
ICEWS05-15,3355,7972,41,1012,1782,1782,1,1.0,4.813073554190879,108.0,0.9611657480580811,0.6625204141858421,0.7289395089581958,0.5388529075363317,0.6957299615720189,0.6302705831329412,0.6236721038624876
ICEWS05-15,3356,7972,41,989,1782,1782,1,1.0,3.9944784430545357,104.0,0.8042490800314893,0.8580197426287776,0.7059967697715515,0.5446113618563946,0.7820082562001645,0.5719371933770836,0.6478918040521332
ICEWS05-15,3357,7972,41,1271,1782,1782,1,1.0,7.66891357221794,153.0,0.8705505632961241,0.7540144178321554,0.8620091721823362,0.7502506057015248,0.8080117950072458,0.6976475195319876,0.7501604539516343
ICEWS05-15,3358,7972,250,367,1782,1782,1,1.0,1.359319751567373,2.0,0.9803906099397734,0.27876380166673265,1.0,0.9999999999992643,0.6393819008333663,0.35487019685861587,0.6170099239312246
ICEWS05-15,3359,7972,243,849,1782,1782,1,1.0,1.6372508999059185,16.0,0.820335356007638,0.32170756662752,0.8187766545193431,0.5192730078392814,0.5702421105734315,0.4148264598003488,0.41758653835970017
ICEWS05-15,3360,7972,243,2301,1671,1782,0,4.0,1.1387204067088739,65.0,0.9803906099397734,0.05637909893583948,0.9436209010641605,0.38778797429190043,0.5,0.5102728404736722,0.4252015000762717
ICEWS05-15,3361,7972,243,842,1782,1782,1,1.0,1.880707415439344,16.0,0.9423178739918808,0.32170756662751987,0.8187766545193432,0.5192730078393027,0.5702421105734315,0.44918982997755363,0.4484576214750965
ICEWS05-15,3362,7972,161,1928,1782,1782,1,1.0,1.6076594612462647,56.0,0.8705505632961241,0.5363726021002615,0.8573483734502099,0.7485391430662234,0.6968604877752357,0.48972395989839723,0.6623880462666798
ICEWS05-15,3363,7972,202,1622,1782,1782,1,1.0,0.0073245578203220574,5.0,0.007361858390561565,0.00019065338486679018,0.9998093466151332,0.9895421302002013,0.5,0.1821318773566027,0.3008575270977685
ICEWS05-15,3364,7972,219,1026,1782,1782,1,1.0,1.1936764090157257,8.0,0.6729500963161781,0.4385675521284602,0.9999997089127357,0.9917676534658794,0.719283630520598,0.33936962211864224,0.641585524449705
ICEWS05-15,3365,7972,168,443,1782,1782,1,1.0,1.4910285460437733,7.0,0.7884782461155736,0.47551865961911466,0.9977465208565696,0.9837431830676772,0.7366325902378421,0.3655488580253344,0.6722812347491911
ICEWS05-15,3366,7972,172,408,9569,7073,0,5247.5,1.3319266487584929,2.0,0.7730166686334901,0.470328596005128,1.0,0.8393118308890344,0.735164298002564,0.3114098035080194,0.5750612928423152
ICEWS05-15,3367,10070,168,1320,4665,1651,0,5249.0,0.08432398353497833,1.0,0.3714985722842371,0.0,1.0,0.1280209799387319,0.5,0.19931916408593103,0.12357995788248309
ICEWS05-15,3368,10070,180,1259,2907,3959,0,14.0,0.6312887703648575,1.0,0.9611657480580811,0.0,1.0,0.4889758934949257,0.5,0.31382393667659625,0.31075820131481663
ICEWS05-15,3369,10070,167,342,8798,8798,1,1.0,0.42823759178198983,1.0,0.9803906099397734,0.0,1.0,0.27942929906231034,0.5,0.31288393519329355,0.25178037673558035
ICEWS05-15,3370,326,172,174,8370,2522,0,2.0,0.7098422023658457,1.0,0.9803906099397734,0.0,1.0,0.5674474873892112,0.5,0.3195547226018696,0.34096651681664575
ICEWS05-15,3371,326,172,2646,2381,3425,0,5283.5,0.17030106442347204,4.0,0.9238395952400507,0.02064854410590755,0.9793514558940924,0.09922370853584235,0.5,0.3382749935725835,0.22248149257246222
ICEWS05-15,3372,326,172,30,4684,8370,0,5245.5,0.016736214340397515,1.0,0.8534795977333005,0.0,1.0,0.009901778952997192,0.5,0.2789314610653518,0.16462996766439825
ICEWS05-15,3373,326,56,1211,5987,6089,0,5247.0,0.8042191608844574,1.0,0.8042490800314893,0.0,1.0,0.9999256000776785,0.5,0.28714878438301716,0.45138350398575083
ICEWS05-15,3374,326,95,3975,2045,1146,0,5247.5,0.09579012899986544,1.0,0.4528618321319533,0.0,1.0,0.11826912311825595,0.5,0.21187845470898697,0.13153806017537722
ICEWS05-15,3375,2530,64,2356,1768,1768,1,1.0,0.033747080380033996,2.0,0.03519290877788617,0.006243963889202009,0.993756036110798,0.9100912590568999,0.5,0.16494835591169535,0.25696452545789744
ICEWS05-15,3376,2732,172,1859,1677,1677,1,1.0,0.0918636635066477,14.0,0.08085207284143715,0.11986883872113041,1.0,0.9999999999891143,0.5599344193605652,0.22655892085824567,0.40074123396894695
ICEWS05-15,3377,6268,172,411,4296,10120,0,5247.5,0.8350615111533882,1.0,1.0,0.0,1.0,0.7168288447396508,0.5,0.3265423606495234,0.39777596999475145
ICEWS05-15,3378,6268,137,787,2929,4853,0,1.0,5.7001262595945565,11.0,1.0,0.7377336876466695,0.8239440735754341,0.6062668625846739,0.7808388806110518,0.5482090314531898,0.6215255635820658
ICEWS05-15,3379,6268,56,775,3841;3969,3841,1,1.0,0.0,1.0,0.9803906099397734,0.0,0.0,0.0,0.0,0.3028869876127725,0.042292469677982204
ICEWS05-15,3380,6268,167,416,10120,10120,1,1.0,1.5669580197954984,3.0,0.9423178739918808,0.34441385940863845,0.6555861405913616,0.4012644179507212,0.5,0.3661770311245889,0.29418498429739437
ICEWS05-15,3381,6268,180,413,10120,10120,1,1.0,0.8310019174434686,1.0,0.9803906099397734,0.0,1.0,0.7355435841769196,0.5,0.32244790616813296,0.3995665464668248
ICEWS05-15,3382,4125,172,953,7966,1165,0,2.0,0.00909867770153372,1.0,0.01415193225412354,0.0,1.0,0.4737614787417442,0.5,0.15044803140198662,0.13994576697476568
ICEWS05-15,3383,7532,172,2000,6213,6213,1,1.0,0.48732786747798224,32.0,0.597554769985219,0.2794778696972793,0.7205221303027207,0.4160417523494593,0.5,0.3693675329084131,0.3083745418009702
ICEWS05-15,3384,7532,172,3673,6346,6213,0,3.0,1.1113847237061942,62.0,0.6864101813026526,0.6403104356257426,0.6728175172520047,0.410818102222853,0.6565639764388737,0.4389939161990911,0.463308391540605
ICEWS05-15,3385,7532,41,2819,2221,2221,1,1.0,0.8307543590729292,64.0,0.7284274237469965,0.39458732753723647,0.8440900335425545,0.5272525923348671,0.6193386805398955,0.4426986427032973,0.4976976176444073
ICEWS05-15,3386,7532,6,2551,2221,2221,1,1.0,0.12759316855241196,5.0,0.12750020117764987,0.0007397220565980023,0.9999998264578233,0.9999777868419687,0.5003697742572106,0.2014787519345692,0.33167851569983464
ICEWS05-15,3387,7532,184,3947,6213,10138,0,1.0,0.9993225748016945,1.0,1.0,0.0,1.0,0.998646066790863,0.5,0.33051221609081066,0.5019687617438059
ICEWS05-15,3388,9460,41,3211,1555,1555,1,1.0,2.5020934738387828,52.0,0.9803906099397734,0.4673644027942937,0.9999999999999989,0.9999999999995932,0.7336822013971462,0.5357928697864072,0.7806647419330192
ICEWS05-15,3389,9460,172,2727,1555,1555,1,1.0,0.4290476186864738,9.0,0.9803906099397734,0.25559398370842845,0.7444060162915715,0.1945817512411367,0.5,0.3914096105993894,0.2787462378317487
ICEWS05-15,3390,5477,161,221,8979,9423,0,5246.5,0.2719238299091042,2.0,0.16170414568287425,0.0,1.0,0.7378189008803147,0.5,0.18571082296179253,0.23320097391951336
ICEWS05-15,3391,5477,54,3395,1317,5340,0,3.0,0.051931158557708135,1.0,0.07469434624815234,0.0,1.0,0.5328593537970566,0.5,0.15841075732392845,0.15936746446480388
ICEWS05-15,3392,5477,172,2519,8217,3963,0,9.0,0.14758702948221236,2.0,0.6095068271022377,0.0,1.0,0.1377481444614393,0.5,0.2543893727465656,0.16547226415760996
ICEWS05-15,3393,5477,172,3230,2440,2238,0,8.0,0.09163053148082069,9.0,0.16170414568287425,0.019177340749095273,0.9808226592509047,0.38483869859618924,0.5,0.2244969174515018,0.18223314257935422
ICEWS05-15,3394,5477,41,465,1364,6598,0,5245.5,0.0032345074760129003,1.0,0.02886998735125159,0.0,1.0,0.05934280798865531,0.5,0.1521228136693696,0.08126874335517552
ICEWS05-15,3395,5477,6,2325,1769,7964,0,5248.0,0.08926766624141243,2.0,0.08926792578302195,6.856182288572654e-12,0.9999999999931438,0.9999941851014308,0.5,0.17285965933593414,0.29548443224697746
ICEWS05-15,3396,1892,223,577,2643,0,0,5244.5,0.0,0.0,0.0,0.0,0.0,0.0,0.0,0.13079885792039397,0.013540413295886884
ICEWS05-15,3397,375,180,227,530,0,0,5244.5,0.0,0.0,0.0,0.0,0.0,0.0,0.0,0.13079885792039397,0.013540413295886884
ICEWS05-15,3398,1138,56,3176,1136,7969,0,2.0,9.53352472894927e-05,1.0,0.00024414062500000016,0.0,1.0,0.2426166607861175,0.5,0.14867761672119809,0.10164390091120741
ICEWS05-15,3399,8743,50,554,1677,0,0,5244.5,0.0,0.0,0.0,0.0,0.0,0.0,0.0,0.13079885792039397,0.013540413295886884
ICEWS05-15,3400,8938,56,2781,5403,5403,1,1.0,0.010514845254940279,1.0,0.010514845254940279,0.0,1.0,0.9999999999048963,0.5,0.1500360481548531,0.26391619370324143
ICEWS05-15,3401,9216,137,1790,4680,4680,1,1.0,0.7867796507226938,4.0,0.9057236642639067,5.6842642037757685e-08,0.999999943157358,0.7678387722201151,0.5,0.34971398599728837,0.4331445877156414
ICEWS05-15,3402,7322,137,1271,4804,9734,0,5245.0,0.07926661300791155,1.0,0.07926661300791155,0.0,1.0,0.9999999999873843,0.5,0.15937923667455606,0.278130272665014
ICEWS05-15,3403,7322,152,3130,1096,1096,1,1.0,3.127860497984411,7.0,0.5100008047105996,0.29147958685360753,1.0,0.9647315358526681,0.6457397934268038,0.347286768541509,0.523902724524755
ICEWS05-15,3404,7322,6,801,9832,1784,0,5245.0,2.6850058576878527e-07,1.0,2.6850058576878527e-07,0.0,1.0,0.9999962756272105,0.5,0.14864759737346453,0.26178282494421556
ICEWS05-15,3405,5942,56,298,3944,1514,0,5247.5,0.013460084986474552,1.0,0.6864101813026526,0.0,1.0,0.009901778952995788,0.5,0.2487137630297728,0.14165933831066962
ICEWS05-15,3406,5942,56,3899,476,2695,0,5264.5,0.698948017970461,1.0,0.8705505632961241,0.0,1.0,0.6706769016830222,0.5,0.29751652322093125,0.3498384204129066
ICEWS05-15,3407,3841,56,1511,3969,3969,1,1.0,0.3532697292393566,3.0,0.4528618321319533,0.11516370219831762,0.8848362978016824,0.5270038215287832,0.5,0.24291484868395638,0.23855892814453536
ICEWS05-15,3408,3841,56,3176,2929,6079,0,5259.0,0.15625567875523394,1.0,0.9611657480580811,0.0,1.0,0.0884762008624525,0.5,0.30272695460036503,0.19886236964832216
ICEWS05-15,3409,3841,167,3188,4853,4853,1,1.0,7.240044787961737,13.0,0.8534795977333005,0.636943386366589,0.934184040090665,0.8363475183971643,0.7855637132286271,0.5643808787424739,0.6722871381690105
ICEWS05-15,3410,3841,113,3631,8845,63,0,5246.5,1.5563094246209486e-05,2.0,1.55639894015686e-05,0.0,1.0,0.9998849133383171,0.5,0.15999464312285175,0.2763833610429884
ICEWS05-15,3411,3841,180,3722,4680,8016,0,2.0,0.24575821565370132,1.0,0.3298769776932236,0.0,1.0,0.593624987087443,0.5,0.19598617793320988,0.21362112769102137
ICEWS05-15,3412,10459,172,291,1677,1677,1,1.0,0.6341329040632923,1.0,0.6341329040632923,0.0,1.0,0.999999999998423,0.5,0.2523540046305309,0.40781188757065434
ICEWS05-15,3413,10459,111,3614,3926,5403,0,5245.5,0.03625582071614821,2.0,0.018307408919319677,0.0,1.0,0.999999999972411,0.5,0.16283441869317883,0.280207386138666
ICEWS05-15,3414,1014,170,218,1741,0,0,5244.5,0.0,0.0,0.0,0.0,0.0,0.0,0.0,0.13079885792039397,0.013540413295886884
ICEWS05-15,3415,138,177,1426,9734,9734,1,1.0,0.16823752407904452,1.0,0.16823752407904452,0.0,1.0,0.999999999994056,0.5,0.1721632173800959,0.29720649897886714
ICEWS05-15,3416,7577,41,1810,6179,6179,1,1.0,0.8776628954748585,57.0,0.7284274237469965,0.2133412963520548,0.97376295386454,0.9008230756166619,0.5935521251082974,0.43794254549667055,0.615353548772301
ICEWS05-15,3417,7577,48,786,6179,6179,1,1.0,1.0938969843345892,9.0,0.9423178739918808,0.1385679936167965,1.0,0.9999999999990857,0.5692839968083983,0.4003625057607743,0.6108232532461186
ICEWS05-15,3418,7393,172,824,3623,3623,1,1.0,3.642232518373712,36.0,0.8879629756445782,0.6593557767980012,0.725579432594234,0.5533479221636705,0.6924676046961176,0.5263011663029321,0.5643933962578772
ICEWS05-15,3419,7393,172,392,3623,3623,1,1.0,0.8995124240887549,10.0,0.9803906099397734,0.4437645951579642,0.5562354048420358,0.34259570037871373,0.5,0.40868466537285825,0.32334374044312253
ICEWS05-15,3420,7393,168,3796,1768,3952,0,1.0,0.28556985421932257,1.0,1.0,0.0,1.0,0.16656838129098564,0.5,0.3134440949073481,0.22506932721569875
ICEWS05-15,3421,7393,56,761,213,213,1,1.0,0.003781564817274319,7.0,0.9803906099397734,0.0038483507940374473,0.9961516492059626,0.0019248772002749862,0.5,0.36915540297786364,0.22317443322402394
ICEWS05-15,3422,7393,167,39,7288,9568,0,5245.5,0.508302091005075,2.0,0.5520447568369061,0.0,1.0,0.30676038273324696,0.5,0.25175917354982214,0.1931433475798919
ICEWS05-15,3423,7393,59,3702,6579,1768,0,7.0,0.727608437890896,16.0,0.9423178739918808,0.29682892714925413,0.7031710728507459,0.3726382072864918,0.5,0.4181734941263939,0.346508249102239
ICEWS05-15,3424,7393,180,3796,6841,6841,1,1.0,1.9158420969517524,6.0,0.7884782461155736,0.5894046628922177,1.0,0.9953375520482484,0.7947023314461088,0.3697106471101258,0.7067650399319877
ICEWS05-15,3425,7393,6,2249,3510,1768,0,5248.0,0.021968278732760565,9.0,0.022316981445755505,5.47094547442839e-09,0.9999999945290545,0.9692307693537542,0.5,0.20150774388285675,0.3176816712056338
ICEWS05-15,3426,7393,202,67,6904,0,0,5244.5,0.0,0.0,0.0,0.0,0.0,0.0,0.0,0.13079885792039397,0.013540413295886884
ICEWS05-15,3427,6102,180,329,6262,0,0,5244.5,0.0,0.0,0.0,0.0,0.0,0.0,0.0,0.13079885792039397,0.013540413295886884
ICEWS05-15,3428,6102,172,2249,7914,6262,0,2.0,0.532941903062905,5.0,0.7001394896518027,5.905842481723766e-10,0.9999999994094158,0.6144576510715708,0.5,0.30998828465014205,0.33594958928755003
ICEWS05-15,3429,6102,172,1584,8772,7779,0,5258.5,0.3565838447559022,8.0,0.9238395952400507,0.32483616337015075,0.6751638366298492,0.1498217190831842,0.5,0.37179731890431494,0.248933363365759
ICEWS05-15,3430,6102,17,2608,1741,1741,1,1.0,9.215076787646626e-08,1.0,9.215076787871036e-08,0.0,1.0,0.9999891482875349,0.5,0.14864757417564917,0.2617807112921719
ICEWS05-15,3431,6102,171,3636,1741,1741,1,1.0,0.017248091536209847,11.0,0.01725139865115333,7.983062240146666e-07,0.999999201693776,0.9996150752035916,0.5,0.20701372349044847,0.3339310657403223
ICEWS05-15,3432,6102,168,3911,1741,1741,1,1.0,0.08511603563887865,41.0,0.14645927135455744,0.007836305041757585,0.9921636949582424,0.40509062233003684,0.5,0.2795401592946915,0.22754723659056184
ICEWS05-15,3433,6102,243,3740,10297,1741,0,1.0,1.0046683966411867,20.0,1.0,0.004646703983915534,1.0,0.9999999999990046,0.5023233519919578,0.44992790690195134,0.6102327620923799
ICEWS05-15,3434,6102,59,1325,1741,1741,1,1.0,1.9467441266828758,21.0,0.9238395952400507,0.5258919733974969,0.9999909275884684,0.9981127553785337,0.7629414504929827,0.46043449113606993,0.7580213559546078
ICEWS05-15,3435,6102,6,3785,1741,1741,1,1.0,0.47718890480674214,36.0,0.4267397988666503,0.10848684038806067,0.9999505211093739,0.9938344510978739,0.5542186807487173,0.3384200029864388,0.5245329571994309
ICEWS05-15,3436,6102,125,2061,1741,0,0,5244.5,0.0,0.0,0.0,0.0,0.0,0.0,0.0,0.13079885792039397,0.013540413295886884
ICEWS05-15,3437,5330,56,357,4665,10104,0,5244.0,1.0,1.0,1.0,0.0,1.0,0.9999999999989999,0.5,0.3305286386634707,0.5024767778727223
ICEWS05-15,3438,1860,172,119,4680,0,0,5244.5,0.0,0.0,0.0,0.0,0.0,0.0,0.0,0.13079885792039397,0.013540413295886884
ICEWS05-15,3439,9521,167,1294,1677,1677,1,1.0,3.4239173618996905,8.0,0.9803906099397734,0.3843368502081529,0.999986920025596,0.7808101411176861,0.6921618851168745,0.4660830474621059,0.616422373744824
ICEWS05-15,3440,9521,170,1362,1677,0,0,5244.5,0.0,0.0,0.0,0.0,0.0,0.0,0.0,0.13079885792039397,0.013540413295886884
ICEWS05-15,3441,2280,167,192,3799,0,0,5244.5,0.0,0.0,0.0,0.0,0.0,0.0,0.0,0.13079885792039397,0.013540413295886884
ICEWS05-15,3442,4804,172,462,4684,4680,0,3.0,1.8963990266051685,22.0,0.8534795977333005,0.600014597081137,0.5829257584960773,0.25508818548731726,0.5914701777886071,0.4452200883839178,0.35264702224316324
ICEWS05-15,3443,4804,137,795,1784,4684,0,5251.5,1.0782991805930115e-05,2.0,0.0012142537980419758,0.3117033031746841,0.6882966968253159,0.0030655245473475536,0.5,0.16014443511619814,0.07584045023642336
ICEWS05-15,3444,4804,167,1350,10120,4684,0,5249.5,1.1521701055910934e-07,12.0,3.77972664870795e-08,0.7058699587124486,0.8564190384777594,0.6722719299189687,0.7811444985951039,0.20688831885400327,0.41125351851033165
ICEWS05-15,3445,4804,167,159,4684,6241,0,5247.0,1.7095810844774633,2.0,0.9611657480580811,0.0,1.0,0.8151007751402255,0.5,0.35957652393828254,0.43858603946971847
ICEWS05-15,3446,4804,56,458,4684,7636,0,5253.0,0.4305592363913947,1.0,0.9611657480580811,0.0,1.0,0.2886226322981394,0.5,0.30910781301902795,0.2505416724540503
ICEWS05-15,3447,4804,174,258,4680,4680,1,1.0,0.09372995872818521,1.0,0.10053113500393618,0.0,1.0,0.8732688005112447,0.5,0.16226163464703347,0.24553166429685067
ICEWS05-15,3448,4804,95,276,10293,63,0,5245.0,1.0628598543630794,2.0,0.9803906099397734,0.0775918330951787,1.0,0.9999999999990591,0.5387959165475893,0.3474699458394823,0.5446614557989363
ICEWS05-15,3449,6497,0,1266,1674,0,0,5244.5,0.0,0.0,0.0,0.0,0.0,0.0,0.0,0.13079885792039397,0.013540413295886884
ICEWS05-15,3450,5119,180,3620,9731,9731,1,1.0,0.20563552883471214,1.0,0.22199074391114454,0.0,1.0,0.862760710134664,0.5,0.18000834549901634,0.266751027147085
ICEWS05-15,3451,5864,243,3343,3351,3351,1,1.0,10.294600633461906,41.0,0.9803906099397734,0.7198653610111017,0.9999999999999998,0.9999999999999029,0.8599326805055507,0.7205629665051231,0.8153866990620767
ICEWS05-15,3452,2243,245,3014,1778,1778,1,1.0,0.24224081822277233,26.0,0.12500000000000003,0.4914126084035284,0.9889437215513699,0.9716185646089598,0.7401781649774491,0.26033110682144694,0.5616279262904487
ICEWS05-15,3453,2243,179,3747,1778,1778,1,1.0,0.14944454989869416,5.0,0.14938869249630476,0.0003737667410906864,1.0,0.9999999999933085,0.5001868833705454,0.20516342684291428,0.3366609819597629
ICEWS05-15,3454,10151,171,3830,1779,1779,1,1.0,7.1198238681697935e-31,3.0,2.452166016746072e-31,0.0,1.0,7.119823868169794e-19,0.5,0.16845983831025096,0.08179661326779154
ICEWS05-15,3455,7379,56,119,5737,0,0,5244.5,0.0,0.0,0.0,0.0,0.0,0.0,0.0,0.13079885792039397,0.013540413295886884
ICEWS05-15,3456,7379,172,1844,4853,4853,1,1.0,8.28853336999269,27.0,0.9803906099397734,0.7122796563045353,0.8953203273607919,0.8002813462630716,0.8037999918326636,0.6548689904281408,0.7231776569820839
ICEWS05-15,3457,7379,172,1727,4853,4853,1,1.0,4.037708324347144,8.0,0.9423178739918808,0.4486962774624522,0.8979711183941022,0.7425005059566281,0.6733336979282771,0.4740148345839413,0.5740788955791846
ICEWS05-15,3458,7379,168,2045,4702,9734,0,5248.5,0.0480019302215271,1.0,0.7284274237469965,0.0,1.0,0.03407164057581297,0.5,0.25680754678045264,0.15173988292381135
ICEWS05-15,3459,10161,172,2459,5715,5715,1,1.0,0.9720643884926949,4.0,0.9803906099397734,0.0001277875324577904,0.9998722124675422,0.9829083973306184,0.5,0.37038516582568565,0.5329149051424921
ICEWS05-15,3460,10161,170,1197,1677,0,0,5244.5,0.0,0.0,0.0,0.0,0.0,0.0,0.0,0.13079885792039397,0.013540413295886884
ICEWS05-15,3461,3383,180,2487,10120,10392,0,5245.0,3.0687111389577064e-21,1.0,3.0687111389577064e-21,0.0,1.0,3.068711129540718e-09,0.5,0.148647562053741,0.072737876103065
ICEWS05-15,3462,5160,172,352,4853,4853,1,1.0,1.4871600748976657,2.0,0.7730166686334901,0.48020614479804213,1.0,0.9999999999993275,0.7401030723990211,0.3150683387801126,0.6358486417824845
ICEWS05-15,3463,2448,172,3541,3623,3952,0,2.0,0.013017728671472707,2.0,0.01307411536551412,3.0597746558669314e-13,0.999999999999694,0.9914113421885418,0.5,0.16182649775723937,0.2765603057962108
ICEWS05-15,3464,3950,137,1943,10253,7515,0,5247.5,0.0027896221351161347,1.0,0.0027896226807194373,0.0,1.0,0.9999996084752255,0.5,0.14901489497789103,0.2623483731344953
ICEWS05-15,3465,3950,56,3965,3936,5132,0,5253.5,0.015937141651360436,1.0,0.015937525147206245,0.0,1.0,0.9999518762022832,0.5,0.15075627296519759,0.2650060795010447
ICEWS05-15,3466,7941,243,1969,2213,10316,0,5245.0,1.5421309059417168e-07,1.0,1.5421309059417168e-07,0.0,1.0,0.9999935155082382,0.5,0.14864758233959433,0.2617819971113571
ICEWS05-15,3467,7966,41,615,2241,6600,0,3.0,0.39252036138633634,1.0,0.7730166686334901,0.0,1.0,0.3402825712353416,0.5,0.2722137080563711,0.22845779053980156
ICEWS05-15,3468,7966,41,1220,1776,1776,1,1.0,0.10639964037222405,24.0,0.26530325583334324,0.6037634685784231,0.3962365314215769,0.08631318631750949,0.5,0.2798571901235799,0.14934794435751836
ICEWS05-15,3469,7966,243,96,9568,9568,1,1.0,0.747905076010086,2.0,0.9803906099397734,0.23004510891934704,0.769954891080653,0.4158000640857289,0.5,0.33968801189389336,0.30154788424357964
ICEWS05-15,3470,7966,243,1381,1776,1776,1,1.0,0.21869759962171603,17.0,0.2871745887492588,0.5593071626772192,0.4406928373227808,0.20164094433488505,0.5,0.27229964180217914,0.16805051654979067
ICEWS05-15,3471,7966,249,2461,1776,0,0,5244.5,0.0,0.0,0.0,0.0,0.0,0.0,0.0,0.13079885792039397,0.013540413295886884
ICEWS05-15,3472,7966,161,143,1776,0,0,5244.5,0.0,0.0,0.0,0.0,0.0,0.0,0.0,0.13079885792039397,0.013540413295886884
ICEWS05-15,3473,7966,250,498,1776,1776,1,1.0,9.251199746767571e-05,2.0,0.000850147034468872,0.09813940601367188,0.9018605939863281,0.051601787359834575,0.5,0.16010010585077455,0.08292122219656552
ICEWS05-15,3474,9276,172,867,4680,1677,0,5.0,0.3522638277381631,21.0,0.597554769985219,0.29513840485854714,0.7048615951414529,0.04806354066012577,0.5,0.3459946235495391,0.1920171870459892
ICEWS05-15,3475,9276,172,53,4680,3627,0,2.0,0.7555372767744417,4.0,0.8705505632961241,0.3607822365518367,0.6392177634481633,0.1628786991801208,0.5,0.34154273949723307,0.22109087904277133
ICEWS05-15,3476,9276,172,961,3627,3627,1,1.0,4.9686480852703205,113.0,0.9803906099397734,0.8164756320689304,0.5687104822542938,0.354672079970748,0.6925930571616121,0.6405883947816227,0.5562636566347591
ICEWS05-15,3477,9276,172,226,3627,3627,1,1.0,1.4445412494162637,16.0,0.836743383392903,0.7402075997913302,0.46579916245063346,0.289076509494042,0.6030033811209818,0.41340586169558574,0.35412990104062
ICEWS05-15,3478,9276,56,298,6268,7837,0,5251.5,1.9890012695625037,13.0,0.8879629756445782,0.6876098671899444,0.7567998189514974,0.5381554506282584,0.7222048430707209,0.42940797514640344,0.5439694317292834
ICEWS05-15,3479,9276,137,73,7394,7394,1,1.0,1.164023362309796,3.0,0.9803906099397734,0.3245473357712867,0.6754526642287133,0.25701140492352986,0.5,0.36415068415548896,0.26041050352228856
ICEWS05-15,3480,9276,137,55,4680,4680,1,1.0,1.362520548469577,4.0,0.7429971445684742,0.4051888179648675,0.5948111820351325,0.3956519525362704,0.5,0.3299219298013593,0.2576799502512624
ICEWS05-15,3481,9276,119,534,1677,0,0,5244.5,0.0,0.0,0.0,0.0,0.0,0.0,0.0,0.13079885792039397,0.013540413295886884
ICEWS05-15,3482,7973,168,3364,859,10336,0,5248.0,0.5821336287931209,2.0,0.5630865404461788,0.032719443448806174,1.0,0.9999999999982727,0.5163597217244031,0.2552328449024378,0.4196781616445609
ICEWS05-15,3483,7973,6,3763,3970,10425,0,5245.5,3.357397856110266e-27,1.0,3.567505625914372e-27,0.0,1.0,3.3573978561102528e-15,0.5,0.148647562053741,0.07273787579081022
ICEWS05-15,3484,7973,54,528,2679,0,0,5244.5,0.0,0.0,0.0,0.0,0.0,0.0,0.0,0.13079885792039397,0.013540413295886884
ICEWS05-15,3485,1789,125,3640,3848,9124,0,5245.0,2.520249671625855e-10,1.0,2.520249671625855e-10,0.0,1.0,0.9960478208486144,0.5,0.14864756208689348,0.2606332264819792
ICEWS05-15,3486,1789,168,1396,6227,7702,0,5248.5,0.19325394827873268,1.0,0.19325416715837251,0.0,1.0,0.9999977347977004,0.5,0.17590098316429242,0.30270363274250617
ICEWS05-15,3487,1789,171,2889,8919,8919,1,1.0,0.00023935317560531798,1.0,0.0002393531762548276,0.0,1.0,0.9999999903948663,0.5,0.14867905035075737,0.261832268967567
ICEWS05-15,3488,5154,56,2454,9841,9841,1,1.0,0.4901953049698867,1.0,0.4901953049698867,0.0,1.0,0.9999999999979601,0.5,0.22518306775873853,0.37199517287057443
ICEWS05-15,3489,7288,152,374,6744,1513,0,5247.0,7.428631157047061e-05,2.0,0.03316290697916791,0.0,1.0,0.0005880599414937671,0.5,0.1641816380528563,0.08055261955340219
ICEWS05-15,3490,7288,172,2464,6350,1016,0,2.0,0.5512579366282602,2.0,0.5,0.09300500750789453,1.0,0.9999527534877786,0.5465025037539473,0.24361858973911166,0.4255362748274311
ICEWS05-15,3491,7288,41,1994,6188,1763,0,5246.0,7.440018192078844e-05,1.0,7.44026888552536e-05,0.0,1.0,0.9999326005555166,0.5,0.14865734953412277,0.2617792549843074
ICEWS05-15,3492,9945,59,1125,5119,0,0,5244.5,0.0,0.0,0.0,0.0,0.0,0.0,0.0,0.13079885792039397,0.013540413295886884
ICEWS05-15,3493,5728,56,2887,9221,8640,0,5247.0,0.0143966775491245,3.0,0.03519290877788617,0.04187882833427137,0.9581211716657286,0.24374024443667225,0.5,0.1733198333564949,0.11732234747987835
ICEWS05-15,3494,8834,56,1582,3096,1096,0,5250.0,0.544148116757871,1.0,0.8042490800314893,0.0,1.0,0.5112492080778482,0.5,0.2813520025640534,0.2832717233414655
ICEWS05-15,3495,8834,137,1532,6838,1136,0,5248.5,0.4799643750837846,1.0,0.5100008047105996,0.0,1.0,0.8887616345042879,0.5,0.22821516220683025,0.3384313931300919
ICEWS05-15,3496,7287,56,2991,3156,7665,0,5244.0,0.01912110881022655,1.0,1.0,0.0,1.0,0.00965284091584832,0.5,0.30719661995152847,0.18710062140877873
ICEWS05-15,3497,7287,172,3720,1071,3938,0,8.0,0.4216418608464716,1.0,0.5202016416109183,0.0,1.0,0.6814288118143307,0.5,0.22876092998497322,0.2746122533926508
ICEWS05-15,3498,202,172,1075,8798,8798,1,1.0,2.43551271418156,15.0,0.8042490800314893,0.6936167468462833,0.9348431225367526,0.8653625972601512,0.8142299346915179,0.42933778513753684,0.7099942516012092
ICEWS05-15,3499,2022,137,2678,2609,0,0,5244.5,0.0,0.0,0.0,0.0,0.0,0.0,0.0,0.13079885792039397,0.013540413295886884
ICEWS05-15,3500,3377,137,3793,1743,4680,0,2.0,0.00018872271608862104,3.0,0.000188724772615598,0.0,1.0,0.9999782010117438,0.5,0.16848731985282858,0.287130438389504
ICEWS05-15,3501,5464,172,2718,5437,6146,0,5245.5,0.8451888709885085,1.0,0.8534795977333005,0.0,1.0,0.980758848361822,0.5,0.2975473841492741,0.45702026366901394
ICEWS05-15,3502,6750,137,2883,5919,3425,0,2.0,0.8915757438255618,2.0,0.9423178739918808,0.29910134924787035,0.7008986507521296,0.4960614463410614,0.5,0.33529151752386177,0.3166268184361455
ICEWS05-15,3503,6750,167,3248,5919,3425,0,2.0,0.11894280456957175,13.0,0.03450279730230665,0.22158697325923205,0.9552905780437663,0.8591133078319546,0.5884387756514992,0.21707819063332393,0.35512115492166874
ICEWS05-15,3504,6750,202,1317,5919,0,0,5244.5,0.0,0.0,0.0,0.0,0.0,0.0,0.0,0.13079885792039397,0.013540413295886884
ICEWS05-15,3505,183,172,3354,4680,4680,1,1.0,1.8376051718358344,91.0,0.39423912305778674,0.5949116806179018,0.9999631285086634,0.9999236989146397,0.7974374045632826,0.4118899623701761,0.7211157233281125
ICEWS05-15,3506,8861,172,340,9734,0,0,5244.5,0.0,0.0,0.0,0.0,0.0,0.0,0.0,0.13079885792039397,0.013540413295886884
ICEWS05-15,3507,946,245,3997,6435,6435,1,1.0,0.968354647979344,45.0,0.9238395952400507,0.05331088469969514,0.9989144217207157,0.984727853103714,0.5261126532102054,0.4731298542247056,0.6364967242622311
ICEWS05-15,3508,1,172,696,7837,10032,0,5245.0,0.8042490800314893,1.0,0.8042490800314893,0.0,1.0,0.9999999999987567,0.5,0.2871494553476006,0.45141118481514697
ICEWS05-15,3509,1,167,1960,7394,4853,0,5247.5,0.031100714541510116,4.0,0.024639945191111665,0.322423266350792,0.677576733649208,0.2753925086393049,0.5,0.17910799251756618,0.12212263697545273
ICEWS05-15,3510,1,111,3009,843,3489,0,5245.5,4.749752624697015e-10,1.0,4.749752624990411e-10,0.0,1.0,0.9978990503553332,0.5,0.14864756211622132,0.2611717820894669
ICEWS05-15,3511,10150,0,709,7753,0,0,5244.5,0.0,0.0,0.0,0.0,0.0,0.0,0.0,0.13079885792039397,0.013540413295886884
ICEWS05-15,3512,6017,172,1570,338,3912,0,2.0,0.2950393324531273,4.0,0.8879629756445782,0.4883587939449725,0.5116412060550275,0.09289656093509792,0.5,0.33388041438369076,0.20527234455585847
ICEWS05-15,3513,6017,172,1828,338,338,1,1.0,0.9520024299331635,17.0,0.7429971445684742,0.615504129213108,0.5518574192361734,0.32683595638627316,0.5836807742246407,0.38254030671639533,0.33765266652685133
ICEWS05-15,3514,6017,12,1367,7753,0,0,5244.5,0.0,0.0,0.0,0.0,0.0,0.0,0.0,0.13079885792039397,0.013540413295886884
ICEWS05-15,3515,2160,168,3025,9782,5942,0,5251.0,0.018349197125145322,4.0,0.4711589369959404,0.000110549749313682,0.9998894502506863,0.019856872646972057,0.5,0.24813498521546662,0.1362094359394788
ICEWS05-15,3516,2160,172,1314,8299,5942,0,9.0,0.3368288496529136,4.0,0.836743383392903,0.00010213111085499715,0.999897868889145,0.25196108667172606,0.5,0.32437525160809344,0.24719862023875416
ICEWS05-15,3517,2160,105,2745,2881,0,0,5244.5,0.0,0.0,0.0,0.0,0.0,0.0,0.0,0.13079885792039397,0.013540413295886884
ICEWS05-15,3518,2160,41,2798,1588,6176,0,5252.5,1.4379850510673957,42.0,0.5306065116666864,0.6626162946363477,0.9473477060340271,0.8421908713555138,0.8049820003351874,0.3926318597910282,0.6770515571550285
ICEWS05-15,3519,2160,41,1083,6176,1784,0,2.0,0.04914451989405415,2.0,0.0824692444233059,0.0,1.0,0.17709857221351408,0.5,0.17133259545995674,0.10745933814804226
ICEWS05-15,3520,2160,202,2642,6176,6115,0,5.0,0.0013498802599261825,7.0,0.001367459940726177,0.0015076482632933041,0.9984923517367067,0.9717177092493504,0.5,0.190541278158042,0.3049698033221724
ICEWS05-15,3521,2160,170,1801,8299,3751,0,5245.0,3.4550615854793826e-06,1.0,3.4550615854793826e-06,0.0,1.0,0.9999997105696423,0.5,0.14864801654795215,0.26178447093422624
ICEWS05-15,3522,2160,56,39,9303,0,0,5244.5,0.0,0.0,0.0,0.0,0.0,0.0,0.0,0.13079885792039397,0.013540413295886884
ICEWS05-15,3523,6032,172,2674,5564,667,0,5249.0,0.6864095765463881,1.0,0.6864101813026526,0.0,1.0,0.9999982379159046,0.5,0.26274361267780655,0.42108857211109857
ICEWS05-15,3524,9498,41,390,6180,6180,1,1.0,0.080761350873226,3.0,0.836743383392903,0.07428251094498473,0.9257174890550153,0.04676364913615904,0.5,0.307964926011257,0.18716627869451682
ICEWS05-15,3525,9498,202,499,5460,0,0,5244.5,0.0,0.0,0.0,0.0,0.0,0.0,0.0,0.13079885792039397,0.013540413295886884
ICEWS05-15,3526,3711,172,2426,1677,4853,0,12.0,1.5825062806401895,59.0,1.0,0.3821069686631622,0.9956628469468585,0.9566017951275897,0.6888849078050103,0.52186356160146,0.7552459952057329
ICEWS05-15,3527,3711,56,2586,4853,10387,0,5.0,0.22643003502388223,1.0,0.22643091606597668,0.0,1.0,0.9999922180311626,0.5,0.18095600715679824,0.3100809207092204
ICEWS05-15,3528,4119,172,949,2230,2230,1,1.0,0.679734063901121,7.0,0.9803906099397734,0.004161421659794717,0.9958385783402053,0.527235886360684,0.5,0.38656226169952146,0.38573492862157416
ICEWS05-15,3529,1564,172,1522,1677,1677,1,1.0,4.630824900351298,25.0,0.9423178739918808,0.6684845838228909,0.9062225090472616,0.7228039621932306,0.7873535464350763,0.5469813739361055,0.6895306445401541
ICEWS05-15,3530,1564,56,1840,4440,3307,0,5246.0,0.024882101850358426,1.0,0.030036429626815044,0.0,1.0,0.7070635497983937,0.5,0.15256915323738673,0.19044194366600062
ICEWS05-15,3531,7163,172,1194,6326,6326,1,1.0,0.26183079640817697,6.0,0.7578582832551991,0.11813938598512752,0.8818606140148725,0.17971277880795478,0.5,0.32231747804479655,0.22152239000854854
ICEWS05-15,3532,8197,172,1919,2332,6102,0,5251.5,0.027389070643702898,1.0,0.04643732153552965,0.0,1.0,0.41824587658094514,0.5,0.15458735331299162,0.13406483231616434
ICEWS05-15,3533,9156,172,1550,8471,5120,0,5247.0,0.0001408019441158883,1.0,0.0001778387265007316,0.0,1.0,0.6552721815104378,0.5,0.14867044367200827,0.17413410873045337
ICEWS05-15,3534,5478,41,1375,6198,6198,1,1.0,0.007075966134631706,2.0,0.007075966127061776,1.0698086860827516e-09,1.0,0.9999999998586765,0.5000000005349043,0.16098343495411685,0.2778985268031674
ICEWS05-15,3535,5478,191,3819,5077,0,0,5244.5,0.0,0.0,0.0,0.0,0.0,0.0,0.0,0.13079885792039397,0.013540413295886884
ICEWS05-15,3536,8919,172,3611,3848,6227,0,5245.0,9.071989940874577e-20,1.0,9.071989940874577e-20,0.0,1.0,9.071989117864638e-08,0.5,0.148647562053741,0.0727378850219655
ICEWS05-15,3537,1299,172,2210,4680,5739,0,2.0,0.2679401873874879,5.0,0.820335356007638,0.1970750126041919,0.8029249873958081,0.15091589870596092,0.5,0.3279574881345758,0.21905270918585662
ICEWS05-15,3538,1299,172,2999,4680,4680,1,1.0,3.0368343675579137,81.0,0.9611657480580811,0.6845473101642385,0.9970889742992731,0.9933879499227131,0.8408181422317558,0.5689895026561556,0.8365319251906134
ICEWS05-15,3539,1299,137,3869,6563,4680,0,5247.5,1.8475808982675854,9.0,0.9423178739918808,0.48997206299574736,0.9999999999999998,0.999999999999458,0.7449860314978736,0.4203387928722861,0.7245656938332063
ICEWS05-15,3540,5481,161,1172,2176,1784,0,5246.5,1.4326431878369588,9.0,0.7141434062641757,0.5036970519709434,0.9999975379785548,0.9913047961673601,0.7518472949747491,0.3591579363913085,0.6767367729649616
ICEWS05-15,3541,5481,41,3001,1784,1784,1,1.0,0.8331133311948679,29.0,0.7284274237469965,0.17122165832818992,0.9761067606441185,0.9009350072394879,0.5736642094861542,0.4023238377575361,0.5720562521678436
ICEWS05-15,3542,5481,172,2706,7234,1690,0,13.0,0.0038274953575468257,1.0,0.09855978076444671,0.0,1.0,0.01980161645193489,0.5,0.16067983335570324,0.08234720173162438
ICEWS05-15,3543,5481,6,1567,2176,1784,0,5247.0,2.3015807232440433,32.0,1.0,0.5698554588526152,0.9941419531406973,0.9802223002943075,0.7819987059966562,0.5095155225891257,0.7893951607789605
ICEWS05-15,3544,5481,64,2153,1784,1784,1,1.0,0.06125526681692286,9.0,0.05889486712449256,0.0725045172663743,0.9995732371384948,0.9317471675198238,0.5360388772024345,0.20774372961206192,0.337496020094021
ICEWS05-15,3545,5481,27,667,2176,0,0,5244.5,0.0,0.0,0.0,0.0,0.0,0.0,0.0,0.13079885792039397,0.013540413295886884
ICEWS05-15,3546,2633,172,1816,7532,6213,0,4.0,0.5626299027156185,24.0,0.5306065116666864,0.5286499413347792,0.8736377171263812,0.3331530723095878,0.7011438292305802,0.343331637880885,0.3931502727456511
ICEWS05-15,3547,2633,180,2496,6979,3609,0,5246.0,0.03547060474708167,1.0,0.03661481783863936,0.0,1.0,0.9393939376175926,0.5,0.15351242477777974,0.251653780810294
ICEWS05-15,3548,10197,172,670,2024,2015,0,2.0,0.04044447704269416,1.0,0.21763764082403103,0.0,1.0,0.10243495839443391,0.5,0.17676262081362465,0.10337269216095317
ICEWS05-15,3549,5480,6,3163,7850,7850,1,1.0,0.4992459504290251,1.0,0.9611657480580811,0.0,1.0,0.3508193530190156,0.5,0.3107171962530195,0.26836021031951857
ICEWS05-15,3550,5480,172,2421,2120,9972,0,4.0,0.777654216652181,1.0,0.8705505632961241,0.0,1.0,0.807158348455079,0.5,0.29932185319588245,0.3976976268039139
ICEWS05-15,3551,5480,168,241,2120,7073,0,5245.5,0.65427650975414,1.0,0.6729500963161781,0.0,1.0,0.9460007312508435,0.5,0.2596489552974627,0.398056940733109
ICEWS05-15,3552,5151,167,2301,5554,5931,0,5244.0,1.0,1.0,1.0,0.0,1.0,0.9999999999989999,0.5,0.3305286386634707,0.5024767778727223
ICEWS05-15,3553,3837,172,1254,3629,4684,0,5245.0,6.946825253934836e-07,1.0,6.946825253934836e-07,0.0,1.0,0.9999985604955876,0.5,0.1486476534352867,0.2617835773031418
ICEWS05-15,3554,7655,59,3897,1223,1784,0,6.0,0.6872172113348911,20.0,0.7141434062641757,0.004336310783114805,0.9956636892168852,0.9196123946792976,0.5,0.37717462441138183,0.5052112721277083
ICEWS05-15,3555,7655,172,138,9832,9832,1,1.0,0.8843267990836979,3.0,0.5858370854182298,0.3375332670849177,1.0,0.9999999999988692,0.6687666335424589,0.277894403110685,0.5513910621055734
ICEWS05-15,3556,7655,170,1926,1784,1784,1,1.0,0.20106227000787266,2.0,0.20106227000787236,1.5543122344752192e-15,1.0,0.9999999999950264,0.5000000000000008,0.19011096120072316,0.32041205990419974
ICEWS05-15,3557,8445,172,3759,5329,4929,0,8.0,0.006483896801258806,1.0,0.008456554622959196,0.0,1.0,0.6217053142835597,0.5,0.14973589515523614,0.1681839810130526
ICEWS05-15,3558,8255,181,2222,7930,7930,1,1.0,6.63591004693378,45.0,0.9803906099397734,0.7450788190398392,0.9234163871772769,0.7719144309102132,0.8342476031085581,0.6378231604316031,0.7556408200083224
ICEWS05-15,3559,8255,181,2942,7930,7930,1,1.0,6.833672482029925,124.0,0.9803906099397734,0.7292166793188781,0.9691362889490163,0.9103524801875205,0.8491764841339472,0.6904030116475381,0.827525121169546
ICEWS05-15,3560,8255,181,2075,7930,7930,1,1.0,0.2677103394423368,32.0,0.11778973424898508,0.5600105154909182,1.0,0.9999999999962647,0.780005257745459,0.26793537197242484,0.6083362837705689
ICEWS05-15,3561,8255,91,3534,7930,7930,1,1.0,4.586057325253519,231.0,0.8705505632961241,0.6400629690510641,0.8806518340427528,0.7840459732765876,0.7603574015469085,0.6425063845414817,0.7562744397346555
ICEWS05-15,3562,8255,91,143,7930,7930,1,1.0,3.7418911207482815,9.0,0.8534795977333005,0.6930289551460165,0.8652317787475546,0.7315937825478451,0.7791303669467855,0.4510433206444745,0.6285368672766845
ICEWS05-15,3563,8255,91,2707,7930,7930,1,1.0,0.9623157998436456,108.0,0.9611657480580811,0.5318484165366305,0.666010519163167,0.30608981067796404,0.5989294678498988,0.5278452504724866,0.4789367069249704
ICEWS05-15,3564,8255,91,2559,7930,7930,1,1.0,4.8214647701591105,99.0,0.7284274237469965,0.7410680432162333,0.8136770864016566,0.580375618978767,0.7773725648089449,0.5742937780647687,0.6363695738679529
ICEWS05-15,3565,8255,172,2393,3035,3931,0,5246.5,0.003663212759457024,1.0,0.03885612153734319,0.0,1.0,0.049470097634136824,0.5,0.15333051304506665,0.08094867881808374
ICEWS05-15,3566,3794,56,1616,3389,1414,0,5248.5,0.8676652312699686,3.0,0.5412194958693883,0.426227638706982,1.0,0.5189651320072967,0.7131138193534909,0.26928656275202295,0.3933503214930489
ICEWS05-15,3567,3794,137,1577,10070,1414,0,5248.0,0.3774508704099391,2.0,0.7578582832551991,0.48515121371725567,0.5148487862827443,0.1470653217266326,0.5,0.2865492952977237,0.18171329915731096
ICEWS05-15,3568,9745,152,3245,10273,10273,1,1.0,1.6800554532793126,27.0,0.4805828740290406,0.7495670333364215,0.6909204603648452,0.33162155798243115,0.7202437468506333,0.36626602036184686,0.3895271924645169
ICEWS05-15,3569,9745,152,3773,1216,10196,0,17.0,0.7426903879602134,5.0,0.9423178739918808,0.0676091882723574,0.9323908117276426,0.5808606427641019,0.5,0.36540191230663466,0.38089669451940633
ICEWS05-15,3570,9745,41,2296,553,1776,0,10.0,0.33843698324202864,2.0,0.21336989943332518,0.0,1.0,0.6679573934571321,0.5,0.19422394052134206,0.22410944414606185
ICEWS05-15,3571,9745,92,61,9745,0,0,5244.5,0.0,0.0,0.0,0.0,0.0,0.0,0.0,0.13079885792039397,0.013540413295886884
ICEWS05-15,3572,7922,250,3313,1421,1421,1,1.0,0.6597470113581421,1.0,0.6597539553864471,0.0,1.0,0.9999789498625603,0.5,0.25741159269427155,0.4142958760546607
ICEWS05-15,3573,7922,176,593,1421,0,0,5244.5,0.0,0.0,0.0,0.0,0.0,0.0,0.0,0.13079885792039397,0.013540413295886884
ICEWS05-15,3574,1811,56,395,10192,8065,0,5244.0,1.0,1.0,1.0,0.0,1.0,0.9999999999989999,0.5,0.3305286386634707,0.5024767778727223
ICEWS05-15,3575,1773,138,3190,10392,0,0,5244.5,0.0,0.0,0.0,0.0,0.0,0.0,0.0,0.13079885792039397,0.013540413295886884
ICEWS05-15,3576,1773,245,3751,10392,10392,1,1.0,1.412844918730431,4.0,0.836743383392903,0.3095723554123452,0.6904276445876548,0.417099773249154,0.5,0.3507257578637316,0.2857496741045828
ICEWS05-15,3577,1773,181,2164,7960,0,0,5244.5,0.0,0.0,0.0,0.0,0.0,0.0,0.0,0.13079885792039397,0.013540413295886884
ICEWS05-15,3578,3374,56,1522,2253,2578,0,5249.0,0.001625891380082489,1.0,0.0017002940689377426,0.0,1.0,0.9161516591647396,0.5,0.14887033210227227,0.2384066181882896
ICEWS05-15,3579,3374,223,3117,5436,0,0,5244.5,0.0,0.0,0.0,0.0,0.0,0.0,0.0,0.13079885792039397,0.013540413295886884
ICEWS05-15,3580,5915,180,106,9281,1677,0,5245.0,0.14645927135455744,1.0,0.14645927135455744,0.0,1.0,0.9999999999931721,0.5,0.16896075981571868,0.29246758897933167
ICEWS05-15,3581,3751,168,1489,6036,3944,0,5245.5,5.982507702234583e-12,1.0,6.209881377677815e-12,0.0,1.0,0.8043972755410642,0.5,0.14864756205455473,0.20885933293297015
ICEWS05-15,3582,3751,56,3603,9302,3944,0,9.0,1.3012039791298138,14.0,0.7884782461155736,0.43912364228177303,0.9989509018607575,0.8615020821845586,0.7190372720712652,0.39237652286595626,0.6455743117007045
ICEWS05-15,3583,3751,172,3076,8382,2160,0,5253.0,0.6618724801836926,3.0,0.7141434062641757,3.575537955280428e-05,0.9999642446204472,0.8635386248343617,0.5,0.2973413415703424,0.4092292803471326
ICEWS05-15,3584,3259,56,448,9682,9682,1,1.0,0.9803906099397734,1.0,0.9803906099397734,0.0,1.0,0.99999999999898,0.5,0.3260339726748778,0.49734590524081324
ICEWS05-15,3585,5803,232,3021,8234,0,0,5244.5,0.0,0.0,0.0,0.0,0.0,0.0,0.0,0.13079885792039397,0.013540413295886884
ICEWS05-15,3586,2089,59,1873,3390,4853,0,5246.5,7.817423042560053e-08,1.0,8.182647005351233e-08,0.0,1.0,0.9145355162874262,0.5,0.14864757276690926,0.23764145298684436
ICEWS05-15,3587,2089,180,2339,1136,1136,1,1.0,3.2734072034142683,4.0,0.9803906099397734,0.42452488929865473,0.9999999999999999,0.9986841903584852,0.7122624446493273,0.43083768884564155,0.6809168890652508
ICEWS05-15,3588,2089,183,1265,4684,4684,1,1.0,6.720179297355154e-10,2.0,1.3839400272229192e-09,0.1368396024005426,0.8631603975994574,0.265026507389707,0.5,0.1599924690618899,0.11040714694571356
ICEWS05-15,3589,2089,171,1754,10120,6313,0,5246.0,3.866428993132681e-05,1.0,3.87044008827693e-05,0.0,1.0,0.9979294383380619,0.5,0.14865265291266233,0.26118844542071923
ICEWS05-15,3590,2089,174,2564,7321,0,0,5244.5,0.0,0.0,0.0,0.0,0.0,0.0,0.0,0.13079885792039397,0.013540413295886884
ICEWS05-15,3591,2089,137,3788,4680,860,0,5.0,0.022294622443246814,1.0,0.3865083343167451,0.0,1.0,0.029697572565449016,0.5,0.20046456673784055,0.1100345808990933
ICEWS05-15,3592,8068,111,711,7623,3389,0,5245.5,0.37756617686373556,2.0,0.4267397988666503,0.00024896183299583097,0.9997510381670042,0.7929964136880617,0.5,0.22791963934904091,0.3042287083535901
ICEWS05-15,3593,8068,19,42,8002,0,0,5244.5,0.0,0.0,0.0,0.0,0.0,0.0,0.0,0.13079885792039397,0.013540413295886884
ICEWS05-15,3594,6144,200,2546,1760,1760,1,1.0,0.9803906099397734,1.0,0.9803906099397734,0.0,1.0,0.99999999999898,0.5,0.3260339726748778,0.49734590524081324
ICEWS05-15,3595,6817,172,3841,5458,6817,0,5246.5,1.5457234603192767e-16,1.0,1.5546219637214837e-16,0.0,1.0,0.0001545481821073395,0.5,0.14864756205374105,0.07275360332698579
ICEWS05-15,3596,6539,41,2797,1748,1748,1,1.0,1.6017166000642686,12.0,0.8534795977333005,0.46714693616894853,1.0,0.9999999999993756,0.7335734680844743,0.4074160375662786,0.7089971154607979
ICEWS05-15,3597,6539,161,627,9595,9595,1,1.0,0.6201453453023313,1.0,0.646816582731497,0.0,1.0,0.9207966747690743,0.5,0.2542950744564544,0.38253082877449773
ICEWS05-15,3598,6539,59,2805,7505,1748,0,11.0,4.0259163928837225,84.0,0.8879629756445782,0.3569391310072937,0.9954779406021099,0.9824795687136875,0.6762085358047019,0.5807193786234822,0.7378243278719757
ICEWS05-15,3599,6539,59,315,1748,1748,1,1.0,0.3845743752616535,12.0,0.836743383392903,0.5096474492679985,0.4903525507320014,0.12699561505841983,0.5,0.37201821884897224,0.23413999288885792
ICEWS05-15,3600,6539,172,1327,9595,9595,1,1.0,0.5205557258973987,6.0,0.8705505632961241,0.00013049422479416428,0.9998695057752058,0.42641496983421184,0.5,0.35205816413855107,0.3195972520742176
ICEWS05-15,3601,6539,172,1902,3640,6326,0,12.0,0.527335083531353,7.0,0.8705505632961241,3.309780130589246e-05,0.9999669021986941,0.43444125854069093,0.5,0.35878946993645466,0.32758990227750373
ICEWS05-15,3602,6539,56,629,6640,3920,0,5249.5,1.0083048853942698,5.0,0.9423178739918808,0.0002497401691952117,0.9997502598308048,0.3700279636331202,0.5,0.3721758187061319,0.3099537853721937
ICEWS05-15,3603,6539,137,1026,7783,1748,0,5246.0,3.01816145942789e-06,3.0,0.007968762573603115,0.00037860567917447074,0.9996213943208255,0.00018933868192546534,0.5,0.16950045329912686,0.08245293500260696
ICEWS05-15,3604,6539,209,86,1748,0,0,5244.5,0.0,0.0,0.0,0.0,0.0,0.0,0.0,0.13079885792039397,0.013540413295886884
ICEWS05-15,3605,6062,172,3574,3270,5788,0,5249.0,0.11205304084825046,1.0,0.12750020117764987,0.0,1.0,0.7838762441371876,0.5,0.16597725148007555,0.22634084821585973
ICEWS05-15,3606,9998,172,996,4680,4680,1,1.0,0.1321668900999751,4.0,0.1326516279166716,0.004141063414882407,0.9958589365851176,0.9845598309082504,0.5,0.19609363886129805,0.32005965887916854
ICEWS05-15,3607,9998,137,433,1677,4853,0,3.0,0.055155820992604576,1.0,0.05549768597778612,0.0,1.0,0.9877554536245413,0.5,0.15609195350654334,0.2695120304475139
ICEWS05-15,3608,68,180,3742,6841,3623,0,5245.0,3.647184875398068e-05,1.0,3.647184875398068e-05,0.0,1.0,0.9999999725815935,0.5,0.14865235978124838,0.261791225479503
ICEWS05-15,3609,8402,113,2837,1269,0,0,5244.5,0.0,0.0,0.0,0.0,0.0,0.0,0.0,0.13079885792039397,0.013540413295886884
ICEWS05-15,3610,3607,172,3696,3425,530,0,6.0,0.001959480767867554,13.0,0.013874421494446528,0.5286621351050909,0.4713378648949091,0.034429388262946746,0.5,0.21168909421729387,0.10143799123620777
ICEWS05-15,3611,3607,180,339,10120,10120,1,1.0,0.8396189748282288,1.0,0.9803906099397734,0.0,1.0,0.7488826693312782,0.5,0.3226541961881048,0.4043719790589079
ICEWS05-15,3612,3607,225,766,1294,0,0,5244.5,0.0,0.0,0.0,0.0,0.0,0.0,0.0,0.13079885792039397,0.013540413295886884
ICEWS05-15,3613,7920,41,2301,1749,1749,1,1.0,1.0719475723608278,55.0,0.410167678003819,0.6758115980691302,0.8529267569157187,0.7349757140155982,0.7643691774924244,0.37011921978431234,0.5919403474103078
ICEWS05-15,3614,7920,41,3770,1749,1749,1,1.0,0.0979500171443875,83.0,0.08085207284143715,0.39274225587743916,0.8768689408497022,0.5818726435656104,0.6348055983635708,0.29782436500751513,0.3761307124977588
ICEWS05-15,3615,7920,161,2083,2937,1294,0,5246.0,0.11115432857135661,1.0,0.12014571850726015,0.0,1.0,0.8607466119579216,0.5,0.16501914540914556,0.24584142007161888
ICEWS05-15,3616,7930,243,2218,8255,8255,1,1.0,0.39455366859851304,10.0,0.9803906099397734,1.4695871897174584e-07,0.999999853041281,0.25191332874059946,0.5,0.3953859718588794,0.30633472379614074
ICEWS05-15,3617,7930,243,366,1776,8255,0,5245.5,0.3394281535684043,3.0,0.34320509065132626,0.0984012294135469,0.9015987705864531,0.8045277244735913,0.5,0.22439239060936614,0.298118773449649
ICEWS05-15,3618,7930,244,2544,8255,8255,1,1.0,9.953270634771679,92.0,0.9611657480580811,0.6535728710011701,0.9997050741047186,0.9993238464507548,0.8266389725529444,0.743164074056768,0.8198030436687872
ICEWS05-15,3619,7930,244,3226,8255,8255,1,1.0,7.023267908931824,170.0,0.9803906099397734,0.7272936738872984,0.9970831094983807,0.9923125330876729,0.8621883916928396,0.7088866397809607,0.8567631411697838
ICEWS05-15,3620,7930,244,2961,8255,8255,1,1.0,13.771608039993726,131.0,0.9803906099397734,0.73008126185845,0.9998698536199322,0.9996689363216713,0.8649755577391911,0.828324259214705,0.8397273133776639
ICEWS05-15,3621,7930,179,2371,8255,8255,1,1.0,0.15443216658047632,33.0,0.047366142703449944,0.3925911530218832,1.0,0.9999999999935246,0.6962955765109415,0.25414670902283026,0.5302467004436899
ICEWS05-15,3622,7930,41,4002,1416,9309,0,5260.5,0.07133101535551396,1.0,0.07618835338777971,0.0,1.0,0.8801333433622993,0.5,0.15887988588325408,0.2427357097682995
ICEWS05-15,3623,7930,172,487,8255,4684,0,5245.0,0.01725139865115333,1.0,0.01725139865115333,0.0,1.0,0.9999999999420338,0.5,0.1509312119600631,0.2652881609039782
ICEWS05-15,3624,7930,180,2699,2788,0,0,5244.5,0.0,0.0,0.0,0.0,0.0,0.0,0.0,0.13079885792039397,0.013540413295886884
ICEWS05-15,3625,7930,250,2591,8255,8255,1,1.0,0.2695359183924679,11.0,0.21336989943332518,0.20984051543384252,0.9999906798331845,0.9963180131170084,0.6049155976335134,0.24360584660946571,0.45619411066345356
ICEWS05-15,3626,6790,91,1179,1677,1677,1,1.0,1.641957843848874,2.0,0.8534795977333005,0.48020614479804213,1.0,0.9999999999993909,0.7401030723990211,0.3352024018769348,0.6548555306357253
ICEWS05-15,3627,7196,105,706,5287,7822,0,5244.0,1.0,1.0,1.0,0.0,1.0,0.9999999999989999,0.5,0.3305286386634707,0.5024767778727223
ICEWS05-15,3628,5785,172,1759,1677,9521,0,2.0,0.7726771950216114,6.0,0.7730166686334901,0.07354588608891166,0.9264541139110883,0.8622793359562337,0.5,0.33780777235884174,0.44673979999933433
ICEWS05-15,3629,5785,168,437,1677,1677,1,1.0,2.4291327217840926,16.0,0.836743383392903,0.543002026881957,0.9767645299209977,0.9289645629974869,0.7598832784014773,0.4397853032324518,0.7064942850856889
ICEWS05-15,3630,5785,170,718,1677,1677,1,1.0,0.0011496316822408852,4.0,0.0005498891996544718,0.05274408810626907,1.0,0.9999999991301562,0.5263720440531345,0.1753629922969976,0.3124389880497797
ICEWS05-15,3631,798,178,3363,10392,10392,1,1.0,0.9158581556771128,4.0,0.4805828740290406,0.47526495118260337,1.0,0.9999999999989082,0.7376324755913017,0.2686483092629941,0.5846666031783541
ICEWS05-15,3632,798,178,3550,10392,10392,1,1.0,0.3779513234973595,7.0,0.9423178739918808,0.3161457462806474,0.6838542537193526,0.15893989072128298,0.5,0.370458069915881,0.25126261380933995
ICEWS05-15,3633,798,245,3426,10392,10392,1,1.0,0.07608023829252063,18.0,0.06900559460461328,0.09298924198596459,0.999999999998596,0.9999999999571278,0.5464946209922803,0.23327877161403068,0.39849555258243424
ICEWS05-15,3634,798,59,1929,4274,409,0,5245.0,0.015937525147206245,1.0,0.015937525147206245,0.0,1.0,0.9999999999372551,0.5,0.15075627834433475,0.2650202198817178
ICEWS05-15,3635,359,172,666,326,326,1,1.0,0.18763098642096987,1.0,0.8879629756445782,0.0,1.0,0.11813359015239548,0.5,0.28926029902510425,0.19357964410895712
ICEWS05-15,3636,6534,172,1221,2930,6435,0,5248.5,0.3447160985180293,1.0,0.8879629756445782,0.0,1.0,0.2408564319553451,0.5,0.29281125962125165,0.22370439612924523
ICEWS05-15,3637,6534,184,1187,8527,0,0,5244.5,0.0,0.0,0.0,0.0,0.0,0.0,0.0,0.13079885792039397,0.013540413295886884
ICEWS05-15,3638,1662,245,2304,4775,7940,0,2.0,0.2619284770984053,10.0,0.15237670677555948,0.4366537388487137,0.9809446370093188,0.9386721252378364,0.7087991879290163,0.2298383948644858,0.4917114108194345
ICEWS05-15,3639,1662,181,2323,7940,4775,0,2.0,0.0031678531385794712,3.0,0.0026287113137350715,0.17019154654455493,1.0,0.999999999656587,0.5850957732722775,0.1688512352091479,0.34276614454196774
ICEWS05-15,3640,4274,172,558,7540,4243,0,5252.0,0.04458924488649352,1.0,0.7730166686334901,0.0,1.0,0.02969757256546872,0.5,0.26472779890864834,0.1570682961966295
ICEWS05-15,3641,4274,172,1993,7943,9734,0,30.0,0.10481090073720112,5.0,0.6216979445974911,0.040361839874659244,0.9596381601253408,0.08801119096834961,0.5,0.28495348203366805,0.17409882990394138
ICEWS05-15,3642,4274,172,1762,6817,3604,0,5266.0,0.7115046692562073,1.0,1.0,0.0,1.0,0.5521980967093875,0.5,0.3235725028110852,0.3404714693784471
ICEWS05-15,3643,4274,10,3311,9973,1677,0,5270.5,0.1689372480202851,4.0,0.9238395952400507,0.20967562903426373,0.7903243709657363,0.07788941251039237,0.5,0.33824154812095425,0.21336299126552752
ICEWS05-15,3644,4274,59,665,4539,3606,0,5253.0,0.2501318881268598,1.0,0.4183716916964515,0.0,1.0,0.4264012726395556,0.5,0.20935753663448575,0.1882240579173291
ICEWS05-15,3645,4274,59,3761,6138,1990,0,5281.0,0.4083040722982757,1.0,1.0,0.0,1.0,0.2565214028583814,0.5,0.31634497726536426,0.24926015487111736
ICEWS05-15,3646,4274,168,2400,3627,9962,0,7.0,0.018847895514676916,13.0,0.9611657480580811,2.231506501804148e-08,0.999999977684935,0.00990179010943651,0.5,0.3936387699023799,0.23998560192993865
ICEWS05-15,3647,4274,168,1803,1096,4853,0,5266.5,0.021651621832709356,1.0,0.19325416715837251,0.0,1.0,0.05934280798958134,0.5,0.17319226314509556,0.09527032309343854
ICEWS05-15,3648,4274,168,2755,3425,9962,0,8.0,0.07387385795801227,17.0,0.7429971445684742,0.2952470684632824,0.7047529315367176,0.036307744830422296,0.5,0.36008717462960477,0.20870918929441734
ICEWS05-15,3649,4274,19,1236,213,9962,0,5245.0,4.0538169597095107e-10,1.0,4.0538169597095107e-10,0.0,1.0,0.9975392592483509,0.5,0.14864756210706667,0.26106705614287695
ICEWS05-15,3650,4274,171,487,9419,0,0,5244.5,0.0,0.0,0.0,0.0,0.0,0.0,0.0,0.13079885792039397,0.013540413295886884
ICEWS05-15,3651,6598,172,170,9423,9423,1,1.0,0.5845987761912299,6.0,0.5100008047105996,0.2538515196907294,0.7461484803092706,0.2823339776318104,0.5,0.281251646323748,0.20011250509008166
ICEWS05-15,3652,6598,172,2159,1677,9423,0,5252.0,2.487967744494343,61.0,0.8879629756445782,0.658339523933875,0.9592287748731166,0.9180833415486451,0.8087841494034957,0.5223752218859612,0.7854873753768613
ICEWS05-15,3653,6598,137,3923,9423,9423,1,1.0,0.2425811275197267,14.0,0.25,0.0021947329257459014,0.9978052670742541,0.938350579411854,0.5,0.2584496169683983,0.37789993626945856
ICEWS05-15,3654,6598,201,1921,1317,0,0,5244.5,0.0,0.0,0.0,0.0,0.0,0.0,0.0,0.13079885792039397,0.013540413295886884
ICEWS05-15,3655,6613,172,923,10120,10120,1,1.0,0.5022325019204943,12.0,0.12254882624247168,0.2837437936483199,0.9991914178737236,0.9958081634997706,0.6414676057610218,0.23598776683206793,0.4620604930140631
ICEWS05-15,3656,6613,137,1189,9867,10120,0,5245.0,0.0001488471092760814,2.0,0.00014880537771050747,0.00028036530757558076,1.0,0.999999993281697,0.5001401826537878,0.1600132582746697,0.2765302716732142
ICEWS05-15,3657,325,167,839,1939,3425,0,5245.0,0.02614823073102822,1.0,0.02614823073102822,0.0,1.0,0.9999999999617566,0.5,0.15212016114119675,0.2671070588576023
ICEWS05-15,3658,5532,113,492,9419,0,0,5244.5,0.0,0.0,0.0,0.0,0.0,0.0,0.0,0.13079885792039397,0.013540413295886884
ICEWS05-15,3659,6463,222,2245,1776,0,0,5244.5,0.0,0.0,0.0,0.0,0.0,0.0,0.0,0.13079885792039397,0.013540413295886884
ICEWS05-15,3660,8477,56,1698,8416,7310,0,10.0,0.2288886804146696,1.0,0.4805828740290406,0.0,1.0,0.31257114353035603,0.5,0.2186963096905782,0.17265666981439085
ICEWS05-15,3661,8477,56,1517,4802,2609,0,4.0,0.7959186413667352,8.0,0.5743491774985175,0.5386207328003045,0.46137926719969546,0.19701540466655518,0.5,0.3097323882500111,0.19227749806932082
ICEWS05-15,3662,8477,167,108,1677,1677,1,1.0,2.865395953237905,3.0,0.9803906099397734,0.3224125427398993,1.0,0.999999999999651,0.6612062713699496,0.40830065648958286,0.639199033379954
ICEWS05-15,3663,8477,137,2746,10120,10120,1,1.0,1.0351151036014463,11.0,0.9803906099397734,0.4182883062286187,0.5817116937713813,0.12549549402740381,0.5,0.41680890555333905,0.2593712588573706
ICEWS05-15,3664,8477,172,3752,1096,1096,1,1.0,0.3443952811041763,7.0,0.23557946849797018,0.3159679473333771,0.9999999999999999,0.9999825331301703,0.6579839736666885,0.23305850793145488,0.48435545715491835
ICEWS05-15,3665,8477,133,3637,1096,4680,0,5246.0,0.026148230730991824,2.0,0.02614823073102822,5.551115123125783e-16,0.9999999999999994,0.9999999999589718,0.5,0.16367914523918098,0.28192192394810045
ICEWS05-15,3666,4782,56,305,3936,4049,0,5251.0,0.18481068565894743,1.0,0.9057236642639067,0.0,1.0,0.11361522345450606,0.5,0.29260353682211515,0.19547421587445074
ICEWS05-15,3667,4782,180,296,8065,8844,0,5245.5,0.027018035102244584,1.0,0.03187505029441248,0.0,1.0,0.7355435841575464,0.5,0.15282063169419993,0.197458556188401
ICEWS05-15,3668,4782,152,433,9832,7747,0,5246.0,0.4519515700863664,1.0,0.5412194958693883,0.0,1.0,0.7168288447391292,0.5,0.23281999656154814,0.28985545706893384
ICEWS05-15,3669,3963,167,813,8845,5289,0,5250.0,2.79039091202437,4.0,1.0,0.4735652271523938,0.7819354148463297,0.5895118358765901,0.6277503209993618,0.42235388678264096,0.47261590215533816
ICEWS05-15,3670,3963,172,1679,9423,9423,1,1.0,0.44161874433162873,21.0,0.43527528164806206,0.5084968749506708,0.8031814290930438,0.3321486281709705,0.6558391520218573,0.31479300886101935,0.3312410420198788
ICEWS05-15,3671,3963,168,591,4853,8913,0,5245.0,0.00044224788294136086,1.0,0.00044224788294136086,0.0,1.0,0.9999999977388246,0.5,0.14870574663603153,0.26187331626140953
ICEWS05-15,3672,3963,56,650,10253,1677,0,5246.5,0.3932330835733643,1.0,0.9238395952400507,0.0,1.0,0.2703662113747258,0.5,0.30088388008076794,0.23824333617155075
ICEWS05-15,3673,3963,137,170,10253,10253,1,1.0,0.4439814878222891,1.0,0.8879629756445782,0.0,1.0,0.33333333333308307,0.5,0.2950683063728003,0.24857387222390553
ICEWS05-15,3674,3963,137,317,10015,9423,0,5245.5,0.4363301759305931,2.0,0.9057236642639067,0.36941820241499024,0.6305817975850098,0.1790932034750795,0.5,0.3168571830445607,0.21631779802075682
ICEWS05-15,3675,3963,209,3968,4853,0,0,5244.5,0.0,0.0,0.0,0.0,0.0,0.0,0.0,0.13079885792039397,0.013540413295886884
ICEWS05-15,3676,3632,188,3660,3425,7963,0,5245.5,2.996061295388154e-09,1.0,2.9960612953882324e-09,0.0,1.0,0.9996663398237147,0.5,0.1486475624478558,0.26168658929334615
ICEWS05-15,3677,3632,133,1702,4466,5780,0,5246.0,0.09851902085096446,1.0,0.10053113500393618,0.0,1.0,0.960755794847631,0.5,0.16233296853369658,0.27077899014012874
ICEWS05-15,3678,3632,153,3308,9419,1768,0,5245.0,1.3092235208561954e-06,1.0,1.3092235208561954e-06,0.0,1.0,0.999999236189069,0.5,0.14864773427470734,0.26178389860235035
ICEWS05-15,3679,361,168,354,3607,0,0,5244.5,0.0,0.0,0.0,0.0,0.0,0.0,0.0,0.13079885792039397,0.013540413295886884
ICEWS05-15,3680,6838,169,2907,1096,0,0,5244.5,0.0,0.0,0.0,0.0,0.0,0.0,0.0,0.13079885792039397,0.013540413295886884
ICEWS05-15,3681,6838,182,3346,4393,4393,1,1.0,0.9803906099397734,1.0,0.9803906099397734,0.0,1.0,0.99999999999898,0.5,0.3260339726748778,0.49734590524081324
ICEWS05-15,3682,8624,56,2107,3604,1726,0,5247.5,0.0002913918507022827,2.0,0.0002917747900318455,1.9073449949447152e-06,0.999998092655005,0.9973747407995271,0.5,0.16003322755068178,0.2756843022352969
ICEWS05-15,3683,5013,59,317,946,530,0,5246.5,0.16380673359612624,1.0,0.19325416715837251,0.0,1.0,0.735543584174268,0.5,0.1754338057306955,0.22566208046459896
ICEWS05-15,3684,5013,175,3325,8798,0,0,5244.5,0.0,0.0,0.0,0.0,0.0,0.0,0.0,0.13079885792039397,0.013540413295886884
ICEWS05-15,3685,2971,0,1556,10301,3425,0,5244.0,1.0,1.0,1.0,0.0,1.0,0.9999999999989999,0.5,0.3305286386634707,0.5024767778727223
ICEWS05-15,3686,2161,172,3413,5522,4684,0,5247.5,0.2883833196768041,11.0,0.16823752407904452,0.41661839437101245,0.9999999999999282,0.9999999998851072,0.7083091971854703,0.23632856908579764,0.5230951263669364
ICEWS05-15,3687,7548,111,820,1677,1237,0,5245.5,0.11608393429218955,2.0,0.06765243698367357,0.0,1.0,0.791187511333866,0.5,0.17041958189970968,0.2301814495107751
ICEWS05-15,3688,2081,180,3060,7957,3278,0,5245.5,3.799619234923038e-09,1.0,3.799802099992337e-09,0.0,1.0,0.9996406904654579,0.5,0.14864756255358078,0.2616791131835012
ICEWS05-15,3689,1783,168,3972,3425,2871,0,5246.0,2.517622814821854e-20,1.0,3.7210370489225386e-20,0.0,1.0,2.517622690842751e-08,0.5,0.148647562053741,0.0727378783526037
ICEWS05-15,3690,8065,152,1046,243,537,0,5257.5,0.18695269277403925,2.0,1.0,0.44086543844079906,0.5591345615592009,0.05514822514473985,0.5,0.33006147860207785,0.20128114885909812
ICEWS05-15,3691,8065,152,787,4680,1226,0,5251.0,0.05759263089266069,1.0,0.13530487396734708,0.0,1.0,0.2703662113736423,0.5,0.16615603328194464,0.11976424639890831
ICEWS05-15,3692,8065,56,3474,8848,1432,0,5256.0,0.9022319683547844,5.0,0.5743491774985175,0.4070244529324448,0.9999999998382353,0.8717683434683318,0.7035122263853401,0.29386475226144493,0.544680562888465
ICEWS05-15,3693,8065,116,1543,81,81,1,1.0,0.414909079261686,35.0,0.39423912305778674,0.04981803788369121,1.0,0.9999999998705258,0.5249090189418456,0.3288777615564841,0.49520857489444103
ICEWS05-15,3694,8065,133,2320,8370,537,0,5248.5,0.029722038555284727,2.0,0.02720470510300388,0.09640047038136412,1.0,0.9747475613935741,0.5482002351906821,0.16386730974609,0.3042602798006263
ICEWS05-15,3695,8065,157,3107,3160,0,0,5244.5,0.0,0.0,0.0,0.0,0.0,0.0,0.0,0.13079885792039397,0.013540413295886884
ICEWS05-15,3696,8065,180,3973,7773,482,0,5248.0,0.0007195675373737266,1.0,0.0007255831489926504,0.0,1.0,0.9835548870922841,0.5,0.14874295022275397,0.2571627177187061
ICEWS05-15,3697,8065,224,2448,537,1432,0,3.0,0.0,1.0,0.00026426733196747477,0.0,0.0,0.0,0.0,0.14867866360367385,0.015353006130422465
ICEWS05-15,3698,4656,56,2975,8862,9962,0,5245.5,0.9801833467480221,3.0,1.0,0.0,1.0,0.9611368314308902,0.5,0.36370936337836546,0.5196834719830667
ICEWS05-15,3699,1431,105,1095,1299;2990,0,0,5244.0,0.0,0.0,0.0,0.0,0.0,0.0,0.0,0.13079885792039397,0.013540413295886884
ICEWS05-15,3700,5391,168,915,9156,2253,0,5245.0,0.9803906099397734,1.0,0.9803906099397734,0.0,1.0,0.99999999999898,0.5,0.3260339726748778,0.49734590524081324
ICEWS05-15,3701,5895,56,2022,2633,3716,0,5245.0,0.09473228540689989,1.0,0.09473228540689989,0.0,1.0,0.9999999999894439,0.5,0.1615448490616617,0.28139179124503516
ICEWS05-15,3702,6551,111,3259,1072,7500,0,5245.0,2.699266863655771e-08,1.0,2.699266863655771e-08,0.0,1.0,0.999962954275928,0.5,0.14864756560447262,0.2617730613145713
ICEWS05-15,3703,6551,56,3448,3396,3035,0,5255.5,0.010300662200098232,1.0,0.13530487396734708,0.0,1.0,0.03957089000942878,0.5,0.16543942638911788,0.0876940491826808
ICEWS05-15,3704,6551,180,3516,1072,7930,0,5246.5,0.5319337275427128,4.0,0.5202016416109183,0.03090422357033029,0.9999857530434682,0.9820657793867835,0.5154449883068992,0.26762380226905114,0.4243507952676152
ICEWS05-15,3705,1224,172,340,6130,5542,0,5248.5,0.13972749503125068,1.0,0.17160254532566316,0.0,1.0,0.6866971992899747,0.5,0.1721640174519584,0.20927756579350357
ICEWS05-15,3706,1224,167,165,1677,0,0,5244.5,0.0,0.0,0.0,0.0,0.0,0.0,0.0,0.13079885792039397,0.013540413295886884
ICEWS05-15,3707,10409,56,2138,10409,1726,0,5248.0,0.028853738304298493,1.0,0.7429971445684742,0.0,1.0,0.019801616452023708,0.5,0.25899903294616194,0.15100046538060968
ICEWS05-15,3708,7915,41,821,1751,4413,0,5248.0,0.03883425194191892,1.0,1.0,0.0,1.0,0.01980161645202719,0.5,0.3076564604589983,0.18939351653884356
ICEWS05-15,3709,2607,137,3743,10392,3124,0,5.0,0.0676524375115984,6.0,0.06765243698367357,7.836261750604478e-09,0.9999999999672242,0.9999999999196664,0.5000000039017429,0.19682863481963783,0.3238725509587467
ICEWS05-15,3710,2607,170,180,3106,3124,0,5243.5,0.0,1.0,1.0,0.0,0.0,0.0,0.0,0.3067509553104603,0.04314417424605095
ICEWS05-15,3711,2607,224,2002,3106,3106,1,1.0,1.3747077041866704,2.0,0.836743383392903,0.46047423385563946,1.0,0.7959787313175866,0.7302371169278197,0.3252846142730748,0.5718417045135742
ICEWS05-15,3712,2607,111,3275,3124,9568,0,5246.0,0.9999888850795937,1.0,1.0,0.0,1.0,0.9999777704052676,0.5,0.3305283692051648,0.5024684370040752
ICEWS05-15,3713,9462,172,3630,1513;10032,1096,0,2632.5,6.501645679322886e-07,1.0,7.629394531250002e-06,0.0,1.0,0.04450552642163736,0.5,0.1486484688942111,0.07739904198505582
ICEWS05-15,3714,9462,56,1510,2495,3969,0,5249.0,0.035711799598722,1.0,0.03589682359365735,0.0,1.0,0.9897442061426635,0.5,0.15342911721660898,0.26607735323584614
ICEWS05-15,3715,444,180,3943,8112,6841,0,5245.5,5.397243801341747e-26,1.0,6.302152882471031e-26,0.0,1.0,5.397243801341358e-14,0.5,0.148647562053741,0.07273787579081537
ICEWS05-15,3716,4218,172,2798,1677,1677,1,1.0,0.07884181736041374,47.0,0.5743491774985175,0.4676243016362527,0.5323756983637473,0.03792583690366269,0.5,0.3726421093664802,0.206038455462398
ICEWS05-15,3717,4218,137,1494,1051,3425,0,5245.5,1.80683153276355e-09,2.0,1.653959929281056e-09,0.0,1.0,0.3807750270257232,0.5,0.15999246911234422,0.13050360338896405
ICEWS05-15,3718,7198,56,1934,9742,9742,1,1.0,0.00015584628413045182,12.0,0.00012451191521254884,0.2010594547873492,1.0,0.9999999935834211,0.6005297273936746,0.20691011181133104,0.4034933075746718
ICEWS05-15,3719,7198,6,1923,1152,3937,0,5244.0,1.0000000000243525,2.0,1.0,2.4352520000547884e-11,1.0,0.9999999999989999,0.5000000000121763,0.3500473340858719,0.5210648099138806
ICEWS05-15,3720,6610,167,563,5724,4684,0,5245.0,0.0002540047078178315,1.0,0.0002540047078178315,0.0,1.0,0.9999999960630651,0.5,0.14868097802342797,0.26183523445384227
ICEWS05-15,3721,2145,172,3311,6117,7334,0,5248.0,1.9098264733689446e-10,3.0,1.9099920895128497e-10,3.5946447840551343e-06,0.999996405355216,0.9946124790615045,0.5,0.1684598383380617,0.28543598168818746
ICEWS05-15,3722,6459,41,82,6177,82,0,5245.5,0.7111812732610753,2.0,0.7001394896518027,0.4457528003935315,1.0,0.39177696153063973,0.7228764001967658,0.28306424826900245,0.38287759768272295
ICEWS05-15,3723,5051,167,2743,537,537,1,1.0,0.672950096316593,4.0,0.6729500963161781,1.240785252321075e-12,0.9999999999997834,0.9999999999972655,0.500000000000512,0.29959597027936274,0.4590285790462139
ICEWS05-15,3724,9973,167,2455,9745,9745,1,1.0,0.08607062803948544,2.0,0.04643732153552965,0.46047423385563957,1.0,0.9999999999883815,0.7302371169278198,0.16719028962979987,0.4446647993976223
ICEWS05-15,3725,9973,167,3430,3725,8370,0,5253.5,1.7166332446451469,5.0,0.7001394896518027,0.24338354889849212,0.7566164511015079,0.4252512510594393,0.5,0.3383868658828706,0.2664518978718716
ICEWS05-15,3726,9973,56,3778,4098,1414,0,5263.5,0.2281744677277051,1.0,0.9423178739918808,0.0,1.0,0.1377481444614848,0.5,0.3006944621918298,0.207473730381356
ICEWS05-15,3727,9973,172,289,3945,10273,0,2.0,0.10286722130540166,1.0,0.11099537195557226,0.0,1.0,0.8635340783616062,0.5,0.16372571735387417,0.24484438068670122
ICEWS05-15,3728,9973,168,3693,9424,1096,0,8.0,0.5018375360662208,1.0,0.5743491774985175,0.0,1.0,0.775804502883517,0.5,0.23936148742610486,0.3158957854247456
ICEWS05-15,3729,9973,64,3877,10318,889,0,5250.0,0.1866275844420186,1.0,0.26530325583334324,0.0,1.0,0.5425552836833557,0.5,0.18571497736758372,0.19031722150605926
ICEWS05-15,3730,9973,6,52,10273,0,0,5244.5,0.0,0.0,0.0,0.0,0.0,0.0,0.0,0.13079885792039397,0.013540413295886884
ICEWS05-15,3731,2926,172,1252,8841,7288,0,5246.5,0.48926588585980224,1.0,0.8534795977333005,0.0,1.0,0.4017973015039293,0.5,0.2894619423973441,0.26109721160393995
ICEWS05-15,3732,2926,172,1052,2856,9984,0,5245.5,0.023468312708838757,1.0,0.3865083343167451,0.0,1.0,0.03130993820919888,0.5,0.20048517729698342,0.1102712274310446
ICEWS05-15,3733,2926,168,1244,1768,3623,0,2.0,0.7211655797228134,3.0,0.7429971445684742,0.3927678343548281,0.6072321656451719,0.41782612716493206,0.5,0.30435102441668843,0.2584199138251308
ICEWS05-15,3734,2926,125,1839,1768,1768,1,1.0,2.741788513526546e-05,3.0,2.2674473406020335e-05,0.17300428920187028,1.0,0.9999999635274581,0.5865021446009351,0.16846321271313272,0.34310597846441493
ICEWS05-15,3735,1769,250,1293,9856,9856,1,1.0,1.8480415382557875,2.0,0.9423178739918808,0.0,1.0,0.9999999999994589,0.5,0.35903391057957135,0.5024695859416284
ICEWS05-15,3736,1769,137,3588,8869,9423,0,5251.0,0.4118446440716021,31.0,0.3298769776932236,0.19903068724703443,0.9999999999741577,0.9999875337903161,0.599515343610596,0.3103008959307016,0.5287554871331515
ICEWS05-15,3737,7,172,1404,6126,5974,0,5245.5,0.013069180546615107,1.0,0.01307411536551412,0.0,1.0,0.9992453856619471,0.5,0.1503755428476574,0.2642155120783745
ICEWS05-15,3738,10090,170,1396,3970,0,0,5244.5,0.0,0.0,0.0,0.0,0.0,0.0,0.0,0.13079885792039397,0.013540413295886884
ICEWS05-15,3739,5529,137,605,3404,9171,0,5245.0,0.0002889140271981079,2.0,0.00014588739501592276,0.0,1.0,0.9999999965387627,0.5,0.1600149561417643,0.2764449240371346
ICEWS05-15,3740,5529,56,4001,9171,9171,1,1.0,1.532805011559863,40.0,0.9611657480580811,0.6205133266590728,0.678703659961015,0.4338776146840438,0.6496084933100439,0.49107225727048165,0.518486717299704
ICEWS05-15,3741,5073,180,2299,9423,1096,0,6.0,0.33474621123265685,2.0,0.43527528164806206,4.743156400865978e-06,0.9999952568435991,0.6247497435221849,0.5,0.2284913200134289,0.2551541316662369
ICEWS05-15,3742,5073,137,2289,4853,1096,0,3.0,0.3738572701026066,6.0,0.5306065116666864,0.3558797601787994,0.6441202398212006,0.08359077064217892,0.5,0.28045843213315835,0.1581857625239106
ICEWS05-15,3743,5073,137,3020,1334,1677,0,5262.0,2.2630853351012514,18.0,0.9238395952400507,0.21913061944249013,0.7808693805575099,0.2483402550535028,0.5,0.4612331325188884,0.3023305048549288
ICEWS05-15,3744,5073,172,2004,3307,1263,0,5253.0,0.7476738043715438,1.0,0.9611657480580811,0.0,1.0,0.6365035615273174,0.5,0.3165761955633397,0.3598961205229638
ICEWS05-15,3745,5073,172,2166,7914,1096,0,20.0,0.525328496543934,3.0,0.646816582731497,0.4604855000090492,0.5395144999909508,0.2805576166091667,0.5,0.2813941199500614,0.2029346667570171
ICEWS05-15,3746,5073,172,2638,7779,6102,0,2.0,0.07750319982023474,13.0,0.40212454001574466,0.03359088705154467,0.9664091129484553,0.10269400477189683,0.5,0.27979762743866776,0.1664145485824724
ICEWS05-15,3747,5073,61,2886,1741,5073,0,2.0,5.451516190178805e-07,1.0,6.047562637932712e-07,0.0,1.0,0.8205642316134368,0.5,0.1486476407795919,0.21291825647643886
ICEWS05-15,3748,5073,64,2294,1741,9816,0,2.0,0.4592406962585549,1.0,0.9611657480580811,0.0,1.0,0.3138839341365114,0.5,0.30977928199640065,0.2576803593696098
ICEWS05-15,3749,5073,59,2001,1741,6102,0,2.0,0.0031343993277435705,1.0,0.0032044349844048367,0.0,1.0,0.9572232187630331,0.5,0.14906860739575736,0.2501339500534987
ICEWS05-15,3750,5073,168,1779,1774,1741,0,5246.5,0.004144489965156997,4.0,0.004145363372395987,0.0007847839754363539,0.9992152160245636,0.9980113518838469,0.5,0.1758945673590887,0.2958101159059859
ICEWS05-15,3751,5073,113,2118,5347,1741,0,5245.0,0.8076628561577464,3.0,0.5306065116666864,0.3430346491469054,0.9999999999999999,0.9999999999987619,0.6715173245734527,0.26606341052744426,0.5391914787208849
ICEWS05-15,3752,5073,248,2063,1741,575,0,5244.0,1.0,1.0,1.0,0.0,1.0,0.9999999999989999,0.5,0.3305286386634707,0.5024767778727223
ICEWS05-15,3753,5073,56,2287,1741,1096,0,5.0,0.46142547486102525,8.0,0.5520447568369061,0.14696622914279367,0.8530337708572063,0.21953694142549007,0.5,0.29759892455223064,0.2017202364080703
ICEWS05-15,3754,5073,56,2144,1096,1096,1,1.0,0.8361300712313475,5.0,0.9611657480580811,0.5256962653523422,0.47430373464765785,0.2599240547941445,0.5,0.3718635630180846,0.2683358905855863
ICEWS05-15,3755,5073,202,2147,1741,6262,0,4.0,0.09286960954784007,1.0,0.09287464307105926,0.0,1.0,0.9998916119456116,0.5,0.16128340429244625,0.28096578942979156
ICEWS05-15,3756,4971,137,1841,1133,1133,1,1.0,1.113032493712788e-09,1.0,1.113032493712788e-09,0.0,1.0,0.9991023601145893,0.5,0.1486475622001541,0.26152223198418806
ICEWS05-15,3757,7953,41,2000,1658,1658,1,1.0,0.41685787842697525,61.0,0.17160254532566316,0.5968516766014011,0.9843173972620934,0.9594975741734441,0.7905845369317472,0.3092803361598705,0.6410237791415647
ICEWS05-15,3758,7953,41,2013,1658,1658,1,1.0,0.32223808847524477,61.0,0.1326516279166716,0.5968516766014011,0.9843173972620933,0.9594975741727955,0.7905845369317472,0.29941763640566327,0.6317909086196998
ICEWS05-15,3759,7953,168,1206,1658,1784,0,5246.0,0.4352749056723359,1.0,0.43527528164806206,0.0,1.0,0.9999982724684022,0.5,0.2153792755580726,0.35866796958412556
ICEWS05-15,3760,7953,243,2362,1658,1658,1,1.0,0.0816572864793245,17.0,0.05773997470250316,0.29289868466272473,0.9999999995728809,0.9999999990836974,0.6464493421178028,0.22946222970541613,0.4667357006215238
ICEWS05-15,3761,7953,250,764,6869,6869,1,1.0,1.1887992273695853,2.0,0.7884782461155736,0.43598951003053676,1.0,0.7396843815838102,0.7179947550152683,0.3111304402525325,0.5297801569879625
ICEWS05-15,3762,7953,137,1185,1658,1658,1,1.0,0.033691441939874646,1.0,0.03382621849183678,0.0,1.0,0.9920628619812615,0.5,0.1531504808293481,0.26633718190491457
ICEWS05-15,3763,1641,181,1547,2140,0,0,5244.5,0.0,0.0,0.0,0.0,0.0,0.0,0.0,0.13079885792039397,0.013540413295886884
ICEWS05-15,3764,5436,6,3666,2253,2253,1,1.0,0.26624720367559773,1.0,0.9803906099397734,0.0,1.0,0.15712119150719714,0.5,0.3090812038896188,0.21906117611775797
ICEWS05-15,3765,5436,161,1746,6166,9524,0,5246.0,0.9970976674040294,1.0,1.0,0.0,1.0,0.9942121331217664,0.5,0.330458281377074,0.5003050851599772
ICEWS05-15,3766,5436,168,3896,7561,3265,0,5248.5,0.203961668294273,8.0,0.22643091606597668,0.06310526013252371,0.9368947398674763,0.7299909273406973,0.5,0.23330333420709704,0.28133241686468197
ICEWS05-15,3767,1560,172,3610,3627,3627,1,1.0,0.740662794992715,26.0,0.7141434062641757,0.2889130317788322,0.9277931491182847,0.5841494536596425,0.6083530904485585,0.39131197284840336,0.46955572957754765
ICEWS05-15,3768,6326,250,2159,2195,2195,1,1.0,0.9419827127705458,4.0,0.9423178739918808,4.3298697960381105e-15,0.9999999999999957,0.9992888980158793,0.5,0.36140663839461007,0.5291183579765277
ICEWS05-15,3769,6326,6,828,1748,0,0,5244.5,0.0,0.0,0.0,0.0,0.0,0.0,0.0,0.13079885792039397,0.013540413295886884
ICEWS05-15,3770,6326,184,3278,1748,1748,1,1.0,1.8435724254099305e-09,6.0,6.26733616288919e-10,9.31041672647126e-08,1.0,0.9994578689422955,0.5000000465520836,0.18594815666076103,0.30839021590519494
ICEWS05-15,3771,7842,172,810,6102,7914,0,9.0,0.331808149083233,2.0,0.8705505632961241,0.002837346183500955,0.997162653816499,0.23461822160032078,0.5,0.3073768983267157,0.2318611554237721
ICEWS05-15,3772,2153,64,109,6331,0,0,5244.5,0.0,0.0,0.0,0.0,0.0,0.0,0.0,0.13079885792039397,0.013540413295886884
ICEWS05-15,3773,6968,172,3454,6241,6568,0,3.0,9.255061122518554e-05,1.0,0.0006316568190737273,0.0,1.0,0.0790515322211988,0.5,0.14872319421854216,0.08125300573041112
ICEWS05-15,3774,6968,137,2586,1136,5737,0,1.0,0.01960939006022655,1.0,1.0,0.0,1.0,0.009901778952998064,0.5,0.3072080052695684,0.1871565957932933
ICEWS05-15,3775,3932,137,685,213,3124,0,5245.5,0.4999919035871633,1.0,0.5,0.0,1.0,0.99996761487106,0.5,0.22696606293309324,0.374384207067035
ICEWS05-15,3776,3932,172,3946,3124,3124,1,1.0,1.4598531360555118,52.0,0.6597539553864471,0.5488805850321019,0.998557110637217,0.9964115864174343,0.7737188478346595,0.43317043542090056,0.742677194574375
ICEWS05-15,3777,393,56,3838,1726,530,0,9.0,3.040865700884708,19.0,1.0,0.7813575005139892,0.6955065422075979,0.38008198039493,0.7384320213607936,0.5029137897244725,0.5368910531470977
ICEWS05-15,3778,393,56,4003,530,1136,0,5.0,0.266888488440298,3.0,0.6597539553864471,0.0,1.0,0.07383791122527479,0.5,0.2781131047875302,0.16656446081881873
ICEWS05-15,3779,393,64,3890,3156,5518,0,5247.0,0.1459918683130203,1.0,0.4901953049698867,0.0,1.0,0.17496654900056294,0.5,0.21867179783633903,0.14641298539710443
ICEWS05-15,3780,393,137,3919,1414,1755,0,5255.5,0.6211275173690596,14.0,0.4901953049698867,0.7142398030251844,0.5559405661365117,0.22106634126809974,0.6350901845808481,0.31233764755878285,0.27384912821064183
ICEWS05-15,3781,393,59,2805,10380,1755,0,5246.5,0.09287464301511206,1.0,0.09287464307105926,0.0,1.0,0.9999999987844431,0.5,0.1612834788886038,0.28099880949464473
ICEWS05-15,3782,393,172,3817,5518,3151,0,8.0,0.23383304759579548,4.0,1.0,0.1895175753732926,0.8104824246267074,0.10467794262751999,0.5,0.35589883041324366,0.23465775795282431
ICEWS05-15,3783,393,168,2747,1755,1755,1,1.0,0.5057546459678968,6.0,0.5,0.3694267052994279,0.9999865158105258,0.468246325010028,0.6847066105549768,0.27763982342097143,0.37036881593894
ICEWS05-15,3784,393,119,3923,10367,1755,0,5246.0,0.43727985242891365,1.0,0.46191979762002533,0.0,1.0,0.8987176988823539,0.5,0.2196334640559663,0.3305544242386893
ICEWS05-15,3785,393,167,2697,3425,5873,0,5245.0,6.495096443033391e-13,1.0,6.495096443033391e-13,0.0,1.0,0.3937592281114887,0.5,0.14864756205382645,0.12440877764120031
ICEWS05-15,3786,2319,172,3789,2253;8108,2253,1,1.0,0.5603047206323419,11.0,0.7001394896518027,0.3527538633644105,0.6472461366355895,0.34950530826917414,0.5,0.34332528484870395,0.27008662181403004
ICEWS05-15,3787,2319,95,3964,2253,5120,0,5245.5,1.2240890943142896e-12,1.0,1.2240890943142918e-12,0.0,1.0,0.5503777242753339,0.5,0.14864756205390203,0.1525107489209683
ICEWS05-15,3788,2319,133,3967,1677,1507,0,5244.5,0.999999999950321,1.0,1.0,0.0,1.0,0.9999999998996417,0.5,0.33052863866226634,0.5024767778354415
ICEWS05-15,3789,5980,172,1640,2319,646,0,5251.5,0.29674807177013773,3.0,0.646816582731497,1.9075920768552024e-06,0.9999980924079231,0.2976745655714317,0.5,0.27635800780752523,0.21641419305203954
ICEWS05-15,3790,7012,172,458,9568,9568,1,1.0,0.05315224621886012,1.0,0.10668494971666255,0.0,1.0,0.3317502481913123,0.5,0.16243526671358047,0.1264866335274939
ICEWS05-15,3791,1317,56,2826,1053,1053,1,1.0,0.10984004664364933,1.0,0.9803906099397734,0.0,1.0,0.05934280798971192,0.5,0.30543390496932327,0.19525297635746103
ICEWS05-15,3792,1317,168,3133,9423,3950,0,3.0,4.674829928762546e-12,1.0,4.7062100401053395e-12,0.0,1.0,0.8147723705191191,0.5,0.14864756205435964,0.2114574863624826
ICEWS05-15,3793,6306,245,3397,1768,1768,1,1.0,4.079522683311851,60.0,0.9238395952400507,0.5681317080819875,0.9921186458847788,0.9827058114890356,0.7801251769833832,0.5729267345594784,0.7897489935009584
ICEWS05-15,3794,6306,245,3604,1768,1768,1,1.0,0.6128165771884397,68.0,0.15237670677555948,0.7515914967748111,0.9991232305179562,0.9980611898830168,0.8753573636463836,0.314977217900171,0.7090241811290962
ICEWS05-15,3795,6306,41,1667,1768,0,0,5244.5,0.0,0.0,0.0,0.0,0.0,0.0,0.0,0.13079885792039397,0.013540413295886884
ICEWS05-15,3796,6306,219,597,8860,1768,0,5245.0,0.17896682675661915,4.0,0.05549768597778612,0.38588006405645825,1.0,0.9999999999944124,0.6929400320282291,0.18580407808283333,0.4421485400618792
ICEWS05-15,3797,6306,0,3418,1768,1768,1,1.0,3.7407688166061397,55.0,0.9803906099397734,0.6327311709152292,0.9999999999683751,0.9999569431267682,0.8163655854418022,0.5722244858964839,0.8188975270787215
ICEWS05-15,3798,6306,168,1111,3952,0,0,5244.5,0.0,0.0,0.0,0.0,0.0,0.0,0.0,0.13079885792039397,0.013540413295886884
ICEWS05-15,3799,5403,172,1973,4853,3752,0,5.0,0.35006982828903255,2.0,0.7001394896518027,1.1920927533992653e-07,0.9999998807907247,0.3333333863149182,0.5,0.27510479735095517,0.2262043088201536
ICEWS05-15,3800,5403,137,744,1677,4853,0,3.0,0.2978040274186008,3.0,0.3108489722987456,0.00010906000474186772,0.9998909399952581,0.9192568215289156,0.5,0.21841985972227806,0.33052581393754715
ICEWS05-15,3801,5403,56,3733,10422,7379,0,2.0,0.17395899933621403,1.0,0.17853585156604396,0.0,1.0,0.9500105439390266,0.5,0.17362227581118597,0.28389886876382425
ICEWS05-15,3802,5403,64,1507,9908,9296,0,5245.0,0.0007699982872222402,1.0,0.0007699982872222402,0.0,1.0,0.9999999987012959,0.5,0.1487488794214534,0.26193962849635305
ICEWS05-15,3803,6180,250,738,7942,6201,0,5245.0,0.6864101813026526,1.0,0.6864101813026526,0.0,1.0,0.9999999999985432,0.5,0.2627436255121986,0.4210892178634828
ICEWS05-15,3804,3270,137,3961,860,4680,0,7.0,0.28647570759913893,3.0,0.13530487396734708,0.31382113742319107,1.0,0.5792830382935853,0.6569105687115955,0.19164181209891545,0.2822527484548089
ICEWS05-15,3805,5406,56,1783,6950,6950,1,1.0,0.43527528092813417,1.0,0.43527528164806206,0.0,1.0,0.9999999966897827,0.5,0.21537928250568067,0.3586685665994863
ICEWS05-15,3806,3872,168,640,1789,1789,1,1.0,2.158467841945975,3.0,0.8879629756445782,0.5886142205185547,1.0,0.9999999999995367,0.7943071102592774,0.3694929974498713,0.7078124141864857
ICEWS05-15,3807,3598,111,548,8488,8488,1,1.0,0.00015481760353107724,1.0,0.00015481760353107724,0.0,1.0,0.9999999935407863,0.5,0.1486679285776372,0.261815169749897
ICEWS05-15,3808,8451,174,3713,5049,2313,0,5245.5,0.061274413121235605,1.0,0.06127441312123586,0.0,1.0,0.9999999999836716,0.5,0.15688951631199802,0.2743653260685325
ICEWS05-15,3809,8451,167,3848,3854,3425,0,5246.5,0.000884667620085791,2.0,0.0008844957658827218,0.009811114895043715,1.0,0.9809458259284519,0.5049055574475219,0.16011607158142094,0.27380742164297633
ICEWS05-15,3810,3752,172,899,5403,4853,0,5245.5,1.1404926827450583,10.0,0.4711589369959404,0.5869613094589149,0.9999940137177046,0.9996123811515722,0.7934776615883097,0.3064994235713689,0.6548495824100135
ICEWS05-15,3811,3752,180,2769,1265,10411,0,5245.5,0.40212454001574466,1.0,0.40212454001574466,0.0,1.0,0.9999999999975132,0.5,0.20961320362851946,0.3507272556550019
ICEWS05-15,3812,1430,137,569,537,0,0,5244.5,0.0,0.0,0.0,0.0,0.0,0.0,0.0,0.13079885792039397,0.013540413295886884
ICEWS05-15,3813,2195,245,1543,1748,1748,1,1.0,0.40263423933087966,62.0,0.13801118920922653,0.6572529220849899,0.999936423382126,0.9998626262248125,0.8285946727335579,0.3030430130980152,0.6735322527804526
ICEWS05-15,3814,2195,245,1680,1748,1748,1,1.0,0.4790556887767902,64.0,0.3714985722842371,0.2245219953682277,0.9999964556803586,0.9999923410793019,0.6122592255242931,0.3541939461145925,0.5809474657600922
ICEWS05-15,3815,2195,42,542,1748,0,0,5244.5,0.0,0.0,0.0,0.0,0.0,0.0,0.0,0.13079885792039397,0.013540413295886884
ICEWS05-15,3816,2195,0,945,1748,1748,1,1.0,0.5480208072928625,27.0,0.2815432702230894,0.5263867098966609,0.9483824804083756,0.8550861251719342,0.7373845951525182,0.2978872848590937,0.5565534281056053
ICEWS05-15,3817,2195,250,2156,6326,6326,1,1.0,0.9803685821082442,5.0,0.9803906099397734,6.594502721668505e-12,0.9999999999934055,0.9999550641482057,0.5,0.3797638242485036,0.5475828189463803
ICEWS05-15,3818,1513,41,3296,6176,6176,1,1.0,0.022658675479725082,3.0,0.02614823073102822,0.04969746015721899,0.950302539842781,0.6999314661608214,0.5,0.1722470898043291,0.20744152757869502
ICEWS05-15,3819,1513,167,360,6241,7288,0,5245.5,0.06317900639683416,2.0,0.043758718103237663,0.0,1.0,0.6098062862391924,0.5,0.16649542836756187,0.18160868162169966
ICEWS05-15,3820,6448,221,2268,3425,0,0,5244.5,0.0,0.0,0.0,0.0,0.0,0.0,0.0,0.13079885792039397,0.013540413295886884
ICEWS05-15,3821,6448,41,1197,2237,0,0,5244.5,0.0,0.0,0.0,0.0,0.0,0.0,0.0,0.13079885792039397,0.013540413295886884
ICEWS05-15,3822,3629,59,895,10474,10331,0,5245.5,2.4253322148380337e-06,1.0,3.814697265625001e-06,0.0,1.0,0.466045869808944,0.5,0.14864804459287698,0.13678341423461615
ICEWS05-15,3823,9929,152,885,46,3160,0,5245.5,0.10793970979243764,2.0,0.14645927135455744,0.0,1.0,0.2286115165942394,0.5,0.18089926908185566,0.12215385099322842
ICEWS05-15,3824,6021,172,1783,4560,9734,0,23.0,1.7675282679400321,42.0,1.0,0.501423147230855,0.9467747909310142,0.7877073895253699,0.7240989690809346,0.5090810166990222,0.7126550162471893
ICEWS05-15,3825,6021,172,1482,4098,1412,0,5262.5,0.2907427662360409,7.0,0.8534795977333005,0.34673768401534055,0.6532623159846594,0.12519960410523864,0.5,0.3492319755871795,0.22456621504333205
ICEWS05-15,3826,6021,172,1407,8280,7651,0,5.0,0.12783977775819966,10.0,0.35707170313208786,0.3950398587150301,0.6049601412849699,0.058446990035879234,0.5,0.2623926496576195,0.14043197844698993
ICEWS05-15,3827,6021,56,1475,73,3516,0,4.0,0.014723687563206108,1.0,0.014723716781123131,0.0,1.0,0.9999960311163989,0.5,0.1505948155598316,0.26477167368202154
ICEWS05-15,3828,6021,49,2895,3766,0,0,5244.5,0.0,0.0,0.0,0.0,0.0,0.0,0.0,0.13079885792039397,0.013540413295886884
ICEWS05-15,3829,2757,172,1570,6459,6352,0,2.5,0.6379632151778445,3.0,0.8705505632961241,0.45560953287062156,0.5443904671293784,0.24917569542420384,0.5,0.32801698455527123,0.23523987328874937
ICEWS05-15,3830,1158,152,2226,3389,3956,0,5248.0,0.0034658022871565503,2.0,0.003608748418906448,0.0,1.0,0.3200878185967372,0.5,0.16049513386339986,0.12086223352061895
ICEWS05-15,3831,7518,41,368,4366,1755,0,5246.0,0.4275315602872937,1.0,0.5100008047105996,0.0,1.0,0.7216087309587268,0.5,0.227204957441067,0.2846208507302458
ICEWS05-15,3832,7518,41,968,1749,1755,0,5246.0,0.15182476417891916,3.0,0.10254191950095473,0.3246060010898171,1.0,0.9999924930710499,0.6623030005449085,0.18473431569714246,0.4218683953587092
ICEWS05-15,3833,2230,53,2507,2804,2804,1,1.0,0.6058709051849828,16.0,0.22199074391114454,0.6336009602090833,0.9999993109414687,0.9999979637523404,0.816800135575276,0.26630683117524095,0.6305643495885985
ICEWS05-15,3834,8841,113,3925,1768,1768,1,1.0,2.930607000204567e-31,1.0,2.930607000204567e-31,0.0,1.0,2.930607000204567e-19,0.5,0.148647562053741,0.07273787579080988
ICEWS05-15,3835,8841,168,3866,6841,3623,0,5250.0,0.42505304035924474,27.0,0.820335356007638,0.004316763124640466,0.9956832368753595,0.15484522651426272,0.5,0.40858189373967335,0.27622336624350163
ICEWS05-15,3836,8841,172,3453,3952,3623,0,16.0,0.24793500761666437,22.0,0.43527528164806206,0.004856650273932006,0.995143349726068,0.39551632983825097,0.5,0.3122779117196374,0.2606522987306897
ICEWS05-15,3837,8841,172,3965,3623,6841,0,4.0,0.00275094654008351,3.0,0.15237670677555948,0.07344488567750262,0.9265551143224974,0.00843436647000421,0.5,0.18929670122517853,0.09518160434321155
ICEWS05-15,3838,8841,243,1986,1768,1768,1,1.0,0.9803906099397734,1.0,0.9803906099397734,0.0,1.0,0.99999999999898,0.5,0.3260339726748778,0.49734590524081324
ICEWS05-15,3839,2315,56,897,8477,5739,0,2.0,0.05980306489757059,3.0,0.8879629756445782,0.09727077562867859,0.9027292243713214,0.031351832882816795,0.5,0.3177095061363783,0.19159988300803468
ICEWS05-15,3840,2315,172,1642,3799,3799,1,1.0,0.2747083855622745,1.0,0.9611657480580811,0.0,1.0,0.16673011188205414,0.5,0.30547326941526126,0.21802718914041275
ICEWS05-15,3841,2315,137,846,1216,3160,0,5244.5,0.9207333869920884,1.0,1.0,0.0,1.0,0.853110228644204,0.5,0.3286098188893582,0.447576224303456
ICEWS05-15,3842,2315,6,1160,1939,1939,1,1.0,0.5822366064304816,1.0,0.9611657480580811,0.0,1.0,0.4344741636665824,0.5,0.3126678546152554,0.29358410251011247
ICEWS05-15,3843,4933,95,3932,1096,1096,1,1.0,0.7303906099397734,1.0,0.9803906099397734,0.0,1.0,0.5936249870883944,0.5,0.32004443048928877,0.34982326221808296
ICEWS05-15,3844,4309,180,3754,3623,3623,1,1.0,1.0854414459273174e-08,1.0,1.0854414459273174e-08,0.0,1.0,0.9999078800718525,0.5,0.14864756348157732,0.2617570017730724
ICEWS05-15,3845,10029,6,866,3926,0,0,5244.5,0.0,0.0,0.0,0.0,0.0,0.0,0.0,0.13079885792039397,0.013540413295886884
ICEWS05-15,3846,1134,56,850,7957,0,0,5244.5,0.0,0.0,0.0,0.0,0.0,0.0,0.0,0.13079885792039397,0.013540413295886884
ICEWS05-15,3847,6270,180,235,4782,4684,0,5245.0,0.3234082913657485,1.0,0.3234082913657485,0.0,1.0,0.999999999996908,0.5,0.1963791523498907,0.3322046927551166
ICEWS05-15,3848,6270,167,144,9423,4853,0,1.0,1.0,3.0,1.0,0.29906024251722974,0.7009397574827703,0.2175891087930761,0.5,0.3642119522732553,0.25406301136780396
ICEWS05-15,3849,3631,172,2486,8370,8370,1,1.0,1.4286370874043806e-15,3.0,1.4286333538953031e-15,2.6133362421854045e-06,1.0,0.0014265989951710255,0.500001306668121,0.1684598383102512,0.08195870093982571
ICEWS05-15,3850,4902,172,254,1939,1939,1,1.5,0.0,1.0,0.9611657480580811,0.0,0.0,0.0,0.0,0.2991256552767141,0.041473083187532636
ICEWS05-15,3851,2648,59,1037,7837,3447,0,5245.0,0.004184434021079156,2.0,0.0027896226807194373,0.33333333333333326,1.0,0.9999999997610189,0.6666666666666666,0.16040313438387724,0.38735862008943267
ICEWS05-15,3852,3938,169,966,1755,0,0,5244.5,0.0,0.0,0.0,0.0,0.0,0.0,0.0,0.13079885792039397,0.013540413295886884
ICEWS05-15,3853,3938,56,1997,5993,3518,0,5251.5,0.0038296939846047037,3.0,0.003984381286801561,3.27019589070332e-05,0.999967298041093,0.9251967665169762,0.5,0.16903841142824744,0.2653762123622332
ICEWS05-15,3854,3938,172,247,5518,7173,0,5245.5,0.07693046573010305,1.0,0.18574928614211858,0.0,1.0,0.2611635951691329,0.5,0.1730602026276469,0.12397996919422714
ICEWS05-15,3855,3938,168,3837,1755,1755,1,1.0,4.554131342510807,10.0,0.9611657480580811,0.20305251195003626,0.9996712346621188,0.9459725223082646,0.6013618733060775,0.503277496976218,0.6105081081951648
ICEWS05-15,3856,3938,205,3909,1755,0,0,5244.5,0.0,0.0,0.0,0.0,0.0,0.0,0.0,0.13079885792039397,0.013540413295886884
ICEWS05-15,3857,3958,172,2176,7263,2080,0,5249.0,0.0005858689422763851,1.0,0.0006071268990209868,0.0,1.0,0.9323409626577562,0.5,0.14872714897652187,0.24265908994966962
ICEWS05-15,3858,3961,180,3670,6461,0,0,5244.5,0.0,0.0,0.0,0.0,0.0,0.0,0.0,0.13079885792039397,0.013540413295886884
ICEWS05-15,3859,8423,56,3612,1513,871,0,5248.5,0.3605712816681288,1.0,0.7284274237469965,0.0,1.0,0.3289032992081482,0.5,0.2633975985799033,0.21736784539577572
ICEWS05-15,3860,1688,143,2165,1636,0,0,5244.5,0.0,0.0,0.0,0.0,0.0,0.0,0.0,0.13079885792039397,0.013540413295886884
ICEWS05-15,3861,3103,56,3965,2089,10367,0,5247.0,0.17396535664440269,8.0,0.02944743356224628,0.6338383221293513,0.9999999999999999,0.7925815094158131,0.8169191610646755,0.20161805017384282,0.4769086162564585
ICEWS05-15,3862,10380,172,2770,574,3151,0,5245.5,0.0,1.0,0.5858370854182298,0.0,0.0,0.0,0.0,0.2313896419127322,0.0282225000080672
ICEWS05-15,3863,9535,91,1629,3425,4680,0,5246.5,0.3694335950370088,3.0,0.4183716916964515,3.855536057084663e-08,0.9999999614446394,0.7905538868166183,0.5,0.23738571114709653,0.31284092515094036
ICEWS05-15,3864,9632,172,123,1677,1677,1,1.0,1.6152766319475669,5.0,0.6597539553864471,0.4973397335615968,1.0,0.9999999999993808,0.7486698667807984,0.327580204845034,0.6429159345135399
ICEWS05-15,3865,6191,245,2844,7957,2684,0,4.0,0.15977814697523895,1.0,0.6216979445974911,0.0,1.0,0.14744881035981655,0.5,0.2405568006102726,0.15908260466791113
ICEWS05-15,3866,6191,250,3759,7957,7957,1,1.0,0.8074728929454527,36.0,0.6864101813026526,0.18676248443212717,0.9967090570005738,0.9169369471275347,0.5917357707163504,0.40306948798419784,0.5903198820640295
ICEWS05-15,3867,6191,225,1260,2965,2081,0,5245.5,0.10456117233563567,1.0,0.10459292292411289,0.0,1.0,0.9993930573370324,0.5,0.16293749351790082,0.2832975275067678
ICEWS05-15,3868,3417,172,2265,4680,5042,0,3.0,0.0016600018945398941,1.0,0.002243551474603584,0.0,1.0,0.5871745869190684,0.5,0.14893482649416678,0.16014198306944988
ICEWS05-15,3869,47,172,799,6450,8438,0,5248.0,0.689503461073064,1.0,0.7141434062641757,0.0,1.0,0.9332958839880691,0.5,0.2678361203025288,0.40383081069727916
ICEWS05-15,3870,47,152,103,9281,4702,0,5245.0,0.836743383392903,1.0,0.836743383392903,0.0,1.0,0.999999999998805,0.5,0.2941126818377615,0.4598463537911714
ICEWS05-15,3871,2654,172,2015,3623,3623,1,1.0,0.9187475426581361,15.0,0.7141434062641757,0.3074011428716963,0.9498983437171629,0.8034759772181544,0.6286497432944296,0.3694641987893727,0.5433130655775347
ICEWS05-15,3872,169,56,416,4804,63,0,5245.0,0.3981818315367658,2.0,0.20106227000787236,0.0,1.0,0.9999999999974887,0.5,0.19345834762024347,0.3197461588371691
ICEWS05-15,3873,169,111,999,3253,0,0,5244.5,0.0,0.0,0.0,0.0,0.0,0.0,0.0,0.13079885792039397,0.013540413295886884
ICEWS05-15,3874,7527,15,3827,9962,1783,0,5245.0,3.814697265625001e-06,1.0,3.814697265625001e-06,0.0,1.0,0.9999997378560687,0.5,0.14864806385609947,0.2617845516309283
ICEWS05-15,3875,1990,250,3829,10392,7960,0,4.0,0.007885416957957914,1.0,0.40212454001574466,0.0,1.0,0.009901778952990627,0.5,0.20254706183183419,0.10876266921535675
ICEWS05-15,3876,6434,59,1187,10392,0,0,5244.5,0.0,0.0,0.0,0.0,0.0,0.0,0.0,0.13079885792039397,0.013540413295886884
ICEWS05-15,3877,8649,152,1657,2609,2609,1,1.0,1.5245544804223623,2.0,0.9611657480580811,0.0,1.0,0.667957393458158,0.5,0.3549218673142298,0.38555886228720526
ICEWS05-15,3878,8649,105,1593,4665,0,0,5244.5,0.0,0.0,0.0,0.0,0.0,0.0,0.0,0.13079885792039397,0.013540413295886884
ICEWS05-15,3879,2,137,1626,1414,8804,0,5247.0,0.9999998941465645,1.0,1.0,0.0,1.0,0.9999997882921513,0.5,0.33052863609727207,0.5024766984372186
ICEWS05-15,3880,403,137,3128,9298,3841,0,5245.5,0.4039417143608595,1.0,0.46191979762002533,0.0,1.0,0.7769635715325153,0.5,0.21900809309002447,0.29134798363108005
ICEWS05-15,3881,403,56,3328,391,1677,0,5250.5,0.542354513126521,1.0,0.7578582832551991,0.0,1.0,0.5571970997230448,0.5,0.2726735399726392,0.2873649078498584
ICEWS05-15,3882,403,180,3651,8631,860,0,5247.5,0.4886061594737896,2.0,0.5100008047105996,0.004467058796507106,0.9955329412034929,0.9116257640330485,0.5,0.24406769152964405,0.36307678663916915
ICEWS05-15,3883,6177,218,255,86,0,0,5244.5,0.0,0.0,0.0,0.0,0.0,0.0,0.0,0.13079885792039397,0.013540413295886884
ICEWS05-15,3884,1827,56,815,3425,3417,0,5246.5,0.0028686524391650426,1.0,0.003608748418906448,0.0,1.0,0.6596355664960859,0.5,0.14911261023454728,0.17560364033735107
ICEWS05-15,3885,5042,172,1663,1939,1939,1,1.0,0.9532911312870277,3.0,0.9803906099397734,0.0001073196298778667,0.9998926803701221,0.9460063699813641,0.5,0.3588218612257971,0.5088803629838747
ICEWS05-15,3886,5042,95,2098,8416,3417,0,5245.0,9.910730656484043e-18,1.0,9.910730656484043e-18,0.0,1.0,9.910632434875345e-06,0.5,0.148647562053741,0.07273888424847366
ICEWS05-15,3887,5124,170,367,4196,0,0,5244.5,0.0,0.0,0.0,0.0,0.0,0.0,0.0,0.13079885792039397,0.013540413295886884
ICEWS05-15,3888,5124,167,889,1677,1677,1,1.0,1.8952967843092685,5.0,0.9611657480580811,0.0001416763804165111,0.9998583236195835,0.9911552025204385,0.5,0.39934616583625066,0.5356880427923865
ICEWS05-15,3889,10297,245,2641,6102,7914,0,2.0,0.8979595582168447,35.0,0.820335356007638,0.39675872533353995,0.850671347572466,0.4928971212399885,0.623715036453003,0.43435159194299655,0.4852571411729329
ICEWS05-15,3890,10297,245,1299,7914,7914,1,1.0,0.4687438116697224,20.0,0.21336989943332518,0.5448048726962276,0.9999999995648289,0.9999999961784868,0.7724024361305282,0.2706829834249784,0.6065735922538071
ICEWS05-15,3891,10297,168,2096,7779,6032,0,5245.5,5.849535610085349e-12,1.0,7.680546904290648e-11,0.0,1.0,0.03932159493481367,0.5,0.14864756206286056,0.07684184130855416
ICEWS05-15,3892,9296,137,1040,4853,0,0,5244.5,0.0,0.0,0.0,0.0,0.0,0.0,0.0,0.13079885792039397,0.013540413295886884
ICEWS05-15,3893,6604,172,2779,9648,9648,1,1.0,1.275137871531563,16.0,0.9238395952400507,0.5868899075096872,0.8221697665098964,0.39879596164741543,0.7045298370097918,0.42862275035039266,0.5012883183085769
ICEWS05-15,3894,6604,168,2484,1778,5538,0,2.0,0.07117447595150414,1.0,0.20918584584822575,0.0,1.0,0.2049972543661878,0.5,0.1761098228806743,0.11763468394019079
ICEWS05-15,3895,7524,180,2553,8798,0,0,5244.5,0.0,0.0,0.0,0.0,0.0,0.0,0.0,0.13079885792039397,0.013540413295886884
ICEWS05-15,3896,7870,111,3886,4680,6968,0,5245.0,0.01160933038388241,1.0,0.01160933038388241,0.0,1.0,0.9999999999138623,0.5,0.15018118702148997,0.26413878673014923
ICEWS05-15,3897,7870,168,1666,1784,0,0,5244.5,0.0,0.0,0.0,0.0,0.0,0.0,0.0,0.13079885792039397,0.013540413295886884
ICEWS05-15,3898,9620,172,3701,731,286,0,11.0,0.4564792045554933,15.0,0.5630865404461788,0.6804145357677303,0.31958546423226974,0.10082925207734283,0.5,0.3261547961909595,0.1827961993551003
ICEWS05-15,3899,9620,172,3719,6312,6312,1,1.0,0.8615424832914034,6.0,0.9611657480580811,0.38886875178322644,0.6111312482167736,0.19801714504318224,0.5,0.38027430764127756,0.2586231832815643
ICEWS05-15,3900,9620,172,2814,791,791,1,1.0,1.2386458632374167,7.0,0.9423178739918808,0.5748946328900665,0.60651474596756,0.3877199547246704,0.5907046894288133,0.3927049474794721,0.378438855951622
ICEWS05-15,3901,8102,152,3767,6841,0,0,5244.5,0.0,0.0,0.0,0.0,0.0,0.0,0.0,0.13079885792039397,0.013540413295886884
ICEWS05-15,3902,7564,41,3643,1749,1749,1,1.0,0.003907080226424742,14.0,0.003906250000000001,0.0002124928019705541,1.0,0.9999999997440054,0.5001062464009853,0.21264881605997563,0.3401604037406651
ICEWS05-15,3903,2296,56,3618,7537,2802,0,14.0,0.11719379656306717,1.0,0.5,0.0,1.0,0.13275144205679187,0.5,0.21969218775521854,0.13993339916520997
ICEWS05-15,3904,2296,56,219,7537,3952,0,5245.0,0.09473228540689989,1.0,0.09473228540689989,0.0,1.0,0.9999999999894439,0.5,0.1615448490616617,0.28139179124503516
ICEWS05-15,3905,7410,172,2082,6213,6213,1,1.0,0.6470208652305791,6.0,0.6597539553864471,0.004833538634107071,0.9951664613658929,0.9530486933725063,0.5,0.3117033565185882,0.45326061178318966
ICEWS05-15,3906,7515,172,3290,7930,8255,0,4.0,0.0583868577088569,1.0,0.05889486712449256,0.0,1.0,0.9828961341364021,0.5,0.15655527163078378,0.2687698875157554
ICEWS05-15,3907,4448,172,1418,1677,1677,1,1.0,0.00035838186861277953,5.0,0.00034870283508992955,0.02700759823680665,1.0,0.9999999972096802,0.5135037991184033,0.18104926140561842,0.3112743698288549
ICEWS05-15,3908,5736,111,1585,63,0,0,5244.5,0.0,0.0,0.0,0.0,0.0,0.0,0.0,0.13079885792039397,0.013540413295886884
ICEWS05-15,3909,5460,41,1849,2214,6180,0,3.0,0.041050390534665554,14.0,0.03885612153734319,0.05370425759329278,0.9998633953623282,0.9994693749923911,0.5267838264778104,0.21883587255289977,0.36663987016005173
ICEWS05-15,3910,4144,172,3791,5452,5452,1,1.0,0.9803906099397734,1.0,0.9803906099397734,0.0,1.0,0.99999999999898,0.5,0.3260339726748778,0.49734590524081324
ICEWS05-15,3911,4934,167,1223,9419,8065,0,5246.5,0.027891091231728903,3.0,0.024156770894796557,0.005493653957699407,0.9945063460423006,0.40825913029948174,0.5,0.17206486660013218,0.14459287983015962
ICEWS05-15,3912,2200,245,1501,10303,1677,0,4.0,0.04245714715819432,5.0,0.34320509065132626,0.09428363466222978,0.9057163653377702,0.0593468231492066,0.5,0.23400698201225784,0.12999333936310795
ICEWS05-15,3913,2200,0,1542,10303,1769,0,5245.0,1.2785385945861295e-09,1.0,1.2785385945861295e-09,0.0,1.0,0.9992184682789318,0.5,0.1486475622219255,0.2615560632121633
ICEWS05-15,3914,3120,172,3698,4684,4680,0,4.0,2.905550260011841,11.0,1.0,0.6681381581219699,0.980746046949169,0.9309516054357102,0.8244421025355695,0.4718470102458204,0.7645913540795094
ICEWS05-15,3915,4243,172,1658,3623,0,0,5244.5,0.0,0.0,0.0,0.0,0.0,0.0,0.0,0.13079885792039397,0.013540413295886884
ICEWS05-15,3916,10273,172,2628,3945,9973,0,4.0,0.02666155125174785,3.0,0.35006974482590136,2.793488129704258e-07,0.999999720651187,0.039587849859386175,0.5,0.21957699240813716,0.12056963906085312
ICEWS05-15,3917,10273,59,499,9973,9973,1,1.0,0.0006316568190737273,1.0,0.0006316568190737273,0.0,1.0,0.9999999984168618,0.5,0.14873067207384913,0.26191163721648913
ICEWS05-15,3918,10273,137,3567,9745,9745,1,1.0,0.05624681361021456,7.0,0.054409410206007765,0.11240865081089302,0.9579477091744499,0.8476864655387848,0.5351781799926715,0.19922278002794208,0.29855011708290047
ICEWS05-15,3919,422,172,3161,4680,4680,1,1.0,0.9611657480580811,1.0,0.9611657480580811,0.0,1.0,0.9999999999989596,0.5,0.32165827452506307,0.4923161816292328
ICEWS05-15,3920,5607,64,3798,1677,1677,1,1.0,3.739893378983924e-06,3.0,3.7398933789816797e-06,6.000755448098971e-13,1.0,0.9999997326127696,0.5000000000003,0.16846038286836074,0.2870974592005468
ICEWS05-15,3921,59,111,491,3385,3414,0,5244.0,1.0,1.0,1.0,0.0,1.0,0.9999999999989999,0.5,0.3305286386634707,0.5024767778727223
ICEWS05-15,3922,1133,167,1543,537,537,1,1.0,5.230891938197391,9.0,0.9803906099397734,0.6546508070283437,0.9463348034048373,0.8859950827019863,0.8004928052165905,0.5211597945288454,0.7198948742255795
ICEWS05-15,3923,1133,56,977,3253,9298,0,5252.5,0.12603550278273834,2.0,0.35707170313208786,0.00010213109446721713,0.9998978689055328,0.2142801884607773,0.5,0.21207937422213552,0.14549233274283863
ICEWS05-15,3924,1133,172,1203,4971,4971,1,1.0,0.003944630661275962,3.0,0.0027896226807194373,0.2949983830184415,0.9999543361268668,0.9938164130167642,0.6474763595726541,0.16888418029838054,0.3839880603652873
ICEWS05-15,3925,1133,137,1587,6241,537,0,2.0,1.27871818086036,13.0,0.36421371187349827,0.5298430631615081,0.6832501892540378,0.39000551749904433,0.606546626207773,0.2996183286425475,0.2792040958810662
ICEWS05-15,3926,1133,152,1340,4516,4516,1,1.0,0.8737056602231109,1.0,0.9803906099397734,0.0,1.0,0.8037211879719168,0.5,0.3234708988364305,0.4243166509879819
ICEWS05-15,3927,10370,172,1748,1677,1677,1,1.0,0.6470017573727755,7.0,0.646816582731497,0.00028620423239489323,0.9999999999999251,0.9999999999983045,0.50014310211616,0.31527744224016463,0.47379053245088393
ICEWS05-15,3928,4231,168,3259,9500,1768,0,5245.5,0.2765783927500316,4.0,0.2987773849926094,0.09134807367770481,0.9086519263222952,0.7258334098428805,0.5,0.2243333804770821,0.27299788210967674
ICEWS05-15,3929,4421,167,1796,9734,4684,0,5245.5,2.7546794601689105e-13,1.0,2.8271549335726955e-13,0.0,1.0,0.21354716168295046,0.5,0.1486475620537781,0.09768596456372113
ICEWS05-15,3930,5475,161,2188,8798,8798,1,1.0,0.003653496876945263,4.0,0.005257422627470144,0.011846102882677179,0.9881538971173228,0.5228691735197398,0.5,0.1760367134266007,0.17019910365912594
ICEWS05-15,3931,883,161,298,1421,0,0,5244.5,0.0,0.0,0.0,0.0,0.0,0.0,0.0,0.13079885792039397,0.013540413295886884
ICEWS05-15,3932,7520,158,275,3799,0,0,5244.5,0.0,0.0,0.0,0.0,0.0,0.0,0.0,0.13079885792039397,0.013540413295886884
ICEWS05-15,3933,3924,111,2012,8921,3960,0,5245.0,6.477130269368727e-05,1.0,6.477130269368727e-05,0.0,1.0,0.9999999845610642,0.5,0.14865608255058999,0.26179695306120443
ICEWS05-15,3934,4242,168,3866,7532,7532,1,1.0,0.9803906099397734,2.0,0.9803906099397734,0.0,1.0,0.99999999999898,0.5,0.34542419406833913,0.5159409636534887
ICEWS05-15,3935,9583,111,1399,7334,2145,0,2.0,0.23690902124729069,1.0,0.2871745887492588,0.0,1.0,0.702077144221709,0.5,0.18965544427359812,0.23418369714627438
ICEWS05-15,3936,9803,137,3688,4853,9837,0,5246.0,0.00093863842503829,1.0,0.0009386384258379694,0.0,1.0,0.9999999972307135,0.5,0.1487710769145685,0.26197375232859427
ICEWS05-15,3937,9803,167,1041,3425,3425,1,1.0,0.7519799022098553,1.0,0.9611657480580811,0.0,1.0,0.6425247815481788,0.5,0.3166782740056447,0.36197601412399716
ICEWS05-15,3938,8024,167,1569,3425,0,0,5244.0,0.0,0.0,0.0,0.0,0.0,0.0,0.0,0.13079885792039397,0.013540413295886884
ICEWS05-15,3939,794,245,3492,6362,6362,1,1.0,6.849484075581118,15.0,0.9803906099397734,0.6322423329261275,0.9087724587917619,0.8217265735548422,0.7705073958589448,0.5897242685448535,0.69290284119257
ICEWS05-15,3940,794,249,3453,6362,6362,1,1.0,2.8918082717213407,4.0,0.9611657480580811,0.6676246632748063,1.0,0.9999999999996542,0.8338123316374031,0.41626657568193076,0.7522872137333838
ICEWS05-15,3941,6103,243,625,1742,1742,1,1.0,0.03963330650395579,1.0,0.03963330650395579,0.0,1.0,0.9999999999747687,0.5,0.15393691079969732,0.2698790568280155
ICEWS05-15,3942,3385,172,3784,3124,4355,0,2.0,0.6536592899830382,1.0,0.7884782461155736,0.0,1.0,0.707961952436068,0.5,0.28081298946482136,0.3429965062519102
ICEWS05-15,3943,4856,250,3242,7483,6352,0,5245.0,2.2266050915537377e-24,1.0,2.2266050915537377e-24,0.0,1.0,2.2266050915487796e-12,0.5,0.148647562053741,0.07273787579103644
ICEWS05-15,3944,4856,167,3291,6213,9424,0,5248.0,1.1337236695613118e-05,1.0,1.1337236703010167e-05,0.0,1.0,0.9999999104901809,0.5,0.148649053408716,0.26178612350319347
ICEWS05-15,3945,6988,16,3509,3869,0,0,5244.5,0.0,0.0,0.0,0.0,0.0,0.0,0.0,0.13079885792039397,0.013540413295886884
ICEWS05-15,3946,6731,172,3826,5166,4030,0,5245.0,4.262525802319805e-12,1.0,4.262525802319805e-12,0.0,1.0,0.8099771787229653,0.5,0.1486475620543017,0.2102537342541302
ICEWS05-15,3947,1924,224,1598,3627,3627,1,1.0,0.5992456342090375,4.0,0.21763764082403103,0.2807498033318906,1.0,0.9999999999983312,0.6403749016659452,0.21743275701635909,0.4440450223306758
ICEWS05-15,3948,8997,172,2570,1677,1677,1,1.0,0.3229774475620832,8.0,0.3789291416275995,0.00034174815347309817,0.9996582518465269,0.7422381446648891,0.5,0.2621342132772537,0.3203486089369108
ICEWS05-15,3949,1740,137,3412,9419,9568,0,6.0,3.903127820947816e-18,3.0,0.00013747229991361792,2.842170943040401e-14,0.9999999999999716,1.4196051892651383e-14,0.5,0.16847774631060142,0.08180758059156128
ICEWS05-15,3950,1740,168,309,6472,7752,0,5245.5,0.015531988593165087,1.0,0.018673586562038092,0.0,1.0,0.7119806192995987,0.5,0.15107660683268542,0.1897482506327076
ICEWS05-15,3951,2221,245,2679,6346,6346,1,1.0,0.6548971256090591,63.0,0.9803906099397734,0.22559229936923597,0.774407700630764,0.3488917574816928,0.5,0.49537276521331364,0.406758957343501
ICEWS05-15,3952,2221,225,65,6213,0,0,5244.5,0.0,0.0,0.0,0.0,0.0,0.0,0.0,0.13079885792039397,0.013540413295886884
ICEWS05-15,3953,2221,250,1812,6346,6346,1,1.0,0.0027996887816528556,7.0,0.002114138655739799,0.24491931608437978,0.9999932185634566,0.9998602496648,0.6224562673239182,0.19067290197324455,0.398372775777844
ICEWS05-15,3954,6942,180,1648,213,8921,0,5251.5,0.003851912783674971,1.0,0.04927989038222336,0.0,1.0,0.040671518277830325,0.5,0.1545957968331556,0.08078475847968997
ICEWS05-15,3955,6942,172,2797,5931,2719,0,5255.5,0.090615516220157,3.0,0.09105342796837457,3.196346520795146e-10,0.9999999996803653,0.9904272518274514,0.5,0.18212973719728562,0.30392786197045707
ICEWS05-15,3956,6942,168,2708,9424,9568,0,5253.5,0.17146063029972947,2.0,1.0,0.0,1.0,0.09376917617461038,0.5,0.3296862828705296,0.21925367902636428
ICEWS05-15,3957,6942,137,385,9568,1677,0,5246.5,0.08529344307287284,4.0,0.04643732153552965,0.22933612290449856,0.7706638770955014,0.3363784152095149,0.5,0.18299354590102948,0.13614871598983813
ICEWS05-15,3958,4211,56,32,63,8984,0,2.0,0.8857668592921579,2.0,0.9423178739918808,0.0,1.0,0.3111722811826137,0.5,0.335149695001767,0.266121786138143
ICEWS05-15,3959,6059,172,1121,6062,4680,0,5245.0,3.4550615854793826e-06,1.0,3.4550615854793826e-06,0.0,1.0,0.9999997105696423,0.5,0.14864801654795215,0.26178447093422624
ICEWS05-15,3960,1735,56,411,5999,9509,0,5246.0,0.2930256802447139,2.0,0.3298769776932236,0.030890416708222568,0.9691095832917774,0.7556922260811295,0.5,0.2109131643137364,0.2711984646758448
ICEWS05-15,3961,2075,168,1293,2633,6213,0,5245.5,0.0003774409867615209,1.0,0.00037744954523119637,0.0,1.0,0.9999546494322475,0.5,0.14869722011380795,0.2618469835891907
ICEWS05-15,3962,7989,56,2826,3465,3465,1,1.0,0.9603486158477365,1.0,0.9611657480580811,0.0,1.0,0.9983011502021413,0.5,0.3216387413489865,0.4916787708082983
ICEWS05-15,3963,3092,172,937,9568,9568,1,1.0,0.5007442617293163,3.0,0.2929185427091149,0.41662675841373153,0.9999853954560601,0.9945679583539142,0.7083060769348959,0.21937056197226065,0.5029450804766061
ICEWS05-15,3964,7962,6,207,9456,0,0,5244.5,0.0,0.0,0.0,0.0,0.0,0.0,0.0,0.13079885792039397,0.013540413295886884
ICEWS05-15,3965,8723,6,340,7515,7515,1,1.0,0.9803906099397734,1.0,0.9803906099397734,0.0,1.0,0.99999999999898,0.5,0.3260339726748778,0.49734590524081324
ICEWS05-15,3966,7400,56,1079,5737,5737,1,1.0,0.11943707841489029,5.0,0.12500000000000003,0.000245558933984924,0.9997544410660151,0.9143555546528118,0.5,0.20096144250543344,0.3029169473994682
ICEWS05-15,3967,7400,137,1571,1136,9568,0,5248.5,0.9603684739401745,4.0,0.4711589369959404,0.490059670902785,0.999981405180068,0.9977149076954827,0.7450205380414265,0.2678853301756565,0.5866219880043912
ICEWS05-15,3968,6205,137,518,4684,4684,1,1.0,0.09473228540689989,1.0,0.09473228540689989,0.0,1.0,0.9999999999894439,0.5,0.1615448490616617,0.28139179124503516
ICEWS05-15,3969,7628,172,600,3920,7477,0,4.0,0.12332364085647385,1.0,0.6864101813026526,0.0,1.0,0.09869865099267154,0.5,0.2509696295881084,0.15851522237070434
ICEWS05-15,3970,7628,55,541,6539,9595,0,5244.0,1.0,1.0,1.0,0.0,1.0,0.9999999999989999,0.5,0.3305286386634707,0.5024767778727223
ICEWS05-15,3971,9194,250,3904,6450,6450,1,1.0,0.31871184811844205,18.0,0.1971195615288934,0.3815642436142862,0.9999999999999948,0.9998299788799109,0.6907821218071405,0.26034535836273276,0.5384325295342347
ICEWS05-15,3972,6341,175,388,4684,4684,1,1.0,0.8917615260672138,4.0,0.5306065116666864,0.40499057634081703,1.0,0.9999999999988787,0.7024952881704085,0.2773560494879413,0.571958608607723
ICEWS05-15,3973,7271,172,3818,44,4684,0,5268.0,0.28705970042562035,1.0,0.5858370854182298,0.0,1.0,0.3245026054027552,0.5,0.23703010633294688,0.19185188355767005
ICEWS05-15,3974,7271,105,3630,1513,0,0,5244.5,0.0,0.0,0.0,0.0,0.0,0.0,0.0,0.13079885792039397,0.013540413295886884
ICEWS05-15,3975,10220,172,2698,10015,10015,1,1.0,2.933247366594416e-05,5.0,2.9332450807436556e-05,7.7929554920253e-07,0.9999999999978262,0.999999965897281,0.5000003896466877,0.18099988801633368,0.3025693183163702
ICEWS05-15,3976,246,180,3754,5066,0,0,5244.5,0.0,0.0,0.0,0.0,0.0,0.0,0.0,0.13079885792039397,0.013540413295886884
ICEWS05-15,3977,1795,56,2303,5073,6102,0,5248.0,0.36961193741514414,4.0,0.40212454001574466,2.036149027162537e-13,0.9999999999997964,0.8503919733809117,0.5,0.24336934594238127,0.3378457419569072
ICEWS05-15,3978,1795,172,538,6102,7914,0,2.0,0.7416863400020854,6.0,0.5520447568369061,0.25576740879138515,0.9999662498358056,0.999791306261531,0.6278668293135954,0.29277285338659087,0.5379374539949828
ICEWS05-15,3979,1795,168,3792,1741,1741,1,1.0,0.294919731874311,52.0,0.25,0.1604121612551821,0.992482540341367,0.9810690647778699,0.5764473507982746,0.31484096636973513,0.5064938057933356
ICEWS05-15,3980,1795,125,3705,1741,1741,1,1.0,3.370231310811871e-20,1.0,3.370231310811871e-20,0.0,1.0,3.370231197227284e-08,0.5,0.148647562053741,0.07273787922017108
ICEWS05-15,3981,9114,6,52,7410,0,0,5244.5,0.0,0.0,0.0,0.0,0.0,0.0,0.0,0.13079885792039397,0.013540413295886884
ICEWS05-15,3982,1163,56,1994,10367,0,0,5244.5,0.0,0.0,0.0,0.0,0.0,0.0,0.0,0.13079885792039397,0.013540413295886884
ICEWS05-15,3983,7747,172,1189,1715,1715,1,1.0,0.9372724651856653,10.0,0.7284274237469965,0.37404373358138443,0.9999994192191978,0.6742315954606236,0.6870215764002912,0.35444254830948196,0.5264626904082085
ICEWS05-15,3984,7747,133,538,1370,0,0,5244.5,0.0,0.0,0.0,0.0,0.0,0.0,0.0,0.13079885792039397,0.013540413295886884
ICEWS05-15,3985,10472,137,745,4680,3775,0,5251.5,0.07880930006752741,1.0,0.08751743620647534,0.0,1.0,0.819005781371762,0.5,0.1604031061802556,0.22828111579113392
ICEWS05-15,3986,10472,56,267,8042,8649,0,5247.0,0.6314689016931352,1.0,0.9423178739918808,0.0,1.0,0.5038985060622846,0.5,0.3100663905487232,0.31129201179834937
ICEWS05-15,3987,9266,137,1514,7655,8042,0,5245.5,0.006053976609858803,3.0,0.0034686053736116347,0.031186747693283667,0.9688132523067163,0.744952770076644,0.5,0.16900527432963294,0.215136626735504
ICEWS05-15,3988,7319,152,1009,10161,1930,0,5246.0,0.4016909643440432,1.0,0.40212454001574466,0.0,1.0,0.9978458977459196,0.5,0.20960533386945915,0.34998910929414484
ICEWS05-15,3989,4910,180,2525,6241,4775,0,5245.0,9.49950524998084e-10,1.0,9.49950524998084e-10,0.0,1.0,0.9989484205816048,0.5,0.1486475621787016,0.26147738194143877
ICEWS05-15,3990,10374,59,3628,1136,9950,0,2.0,0.8340862811609563,1.0,0.8879629756445782,0.0,1.0,0.8855926413107421,0.5,0.304035343718966,0.4306698690988658
ICEWS05-15,3991,5540,188,3052,1755,0,0,5244.5,0.0,0.0,0.0,0.0,0.0,0.0,0.0,0.13079885792039397,0.013540413295886884
ICEWS05-15,3992,5540,172,835,10120,0,0,5244.5,0.0,0.0,0.0,0.0,0.0,0.0,0.0,0.13079885792039397,0.013540413295886884
ICEWS05-15,3993,8863,56,1935,6855,1403,0,5246.5,0.06898028087100372,1.0,0.9057236642639067,0.0,1.0,0.03958771040389296,0.5,0.2899837743845525,0.178769194523882
ICEWS05-15,3994,9736,137,536,2056,1677,0,5245.5,0.0,1.0,0.09473228540689989,0.0,0.0,0.0,0.0,0.1601440094624408,0.01694598801013601
ICEWS05-15,3995,1378,168,166,1742,1742,1,1.0,0.27815394687960016,2.0,0.16493848884661177,0.40702445283652244,1.0,0.999999999996405,0.7035122264182612,0.18626950460057234,0.4551954288860104
ICEWS05-15,3996,5799,152,2664,213,213,1,1.0,0.4139759628765146,2.0,0.8042490800314893,0.40702445283652233,0.5929755471634777,0.18009825710032612,0.5,0.29628271405751033,0.19822601859155434
ICEWS05-15,3997,5799,180,2897,9648,8653,0,5245.5,8.208879740171408e-23,1.0,1.038028934747158e-22,0.0,1.0,8.208879739141055e-11,0.5,0.148647562053741,0.07273787579916277
ICEWS05-15,3998,5551,168,3324,1785,1785,1,1.0,0.9242563333248813,3.0,0.9238395952400507,0.00045089015871979665,1.0,0.9999999999989181,0.50022544507936,0.3460950025142285,0.5145104277088316
ICEWS05-15,3999,2623,59,2691,3806,1939,0,5245.0,5.1012454482669955e-16,1.0,5.1012454482669955e-16,0.0,1.0,0.0005098644504559874,0.5,0.14864756205374108,0.07278977383533942
ICEWS05-15,4000,6013,167,2597,5802,0,0,5244.5,0.0,0.0,0.0,0.0,0.0,0.0,0.0,0.13079885792039397,0.013540413295886884
ICEWS05-15,4001,1977,245,652,4775,4775,1,1.0,0.5954421975667248,5.0,0.4267397988666503,0.2842303304404963,1.0,0.9974708214518465,0.6421151652202481,0.25969399056616405,0.5080658056702947
ICEWS05-15,4002,6239,56,3936,326,0,0,5244.5,0.0,0.0,0.0,0.0,0.0,0.0,0.0,0.13079885792039397,0.013540413295886884
ICEWS05-15,4003,44,168,2222,3425,0,0,5244.5,0.0,0.0,0.0,0.0,0.0,0.0,0.0,0.13079885792039397,0.013540413295886884
ICEWS05-15,4004,3518,56,60,4770,1755,0,5245.5,0.07004704825229613,1.0,0.7429971445684742,0.0,1.0,0.0494700976347698,0.5,0.25986611399861953,0.15674414419529897
ICEWS05-15,4005,3518,56,571,6950,7602,0,5247.5,0.4920097645141648,2.0,0.7284274237469965,0.46539803861923645,0.5346019613807635,0.22032482420529245,0.5,0.28352977952232417,0.19386847497362839
ICEWS05-15,4006,3518,172,2368,5399,1392,0,2.0,0.1464697615746791,1.0,0.17160254532566316,0.0,1.0,0.7445015710262728,0.5,0.17226932075097273,0.22405618361726237
ICEWS05-15,4007,3518,6,1605,7173,7173,1,1.0,0.5009016038547913,8.0,0.5,0.0018094141530792252,0.999991745534677,0.9999810617912388,0.5009005798438781,0.2884694609520321,0.44158135242042745
ICEWS05-15,4008,3518,137,2474,545,3960,0,5254.0,0.015266717237969019,1.0,0.820335356007638,0.0,1.0,0.009392567808996485,0.5,0.27274304043766984,0.15974536234476502
ICEWS05-15,4009,3518,167,1866,3425,1677,0,2.0,0.0013191203652093775,1.0,0.004399113597235772,0.0,1.0,0.17637405042429888,0.5,0.14918433502344317,0.09324565120488493
ICEWS05-15,4010,3518,95,1905,530,910,0,5246.5,0.2711863750862929,2.0,0.15542448614937274,0.0,1.0,0.7873802802729302,0.5,0.18481721925464295,0.24560130626199467
ICEWS05-15,4011,4954,180,3385,1096,1096,1,1.0,0.980390607432839,1.0,0.9803906099397734,0.0,1.0,0.9999999948848257,0.5,0.32603397261452627,0.4973459033217202
ICEWS05-15,4012,685,245,1106,4684,4684,1,1.0,1.378158280614465,2.0,0.8879629756445782,0.35568868385083363,1.0,0.9999999999992744,0.6778443419254168,0.33590796494493474,0.6210547090864583
ICEWS05-15,4013,4864,172,2092,7111,7111,1,1.0,0.03171248207349597,25.0,0.30475341355111885,0.53014795740544,0.46985204259456004,0.02505887616999005,0.5,0.28735681716758793,0.14509943782086085
ICEWS05-15,4014,4864,202,1914,73,6021,0,5245.0,0.40212454001574466,1.0,0.40212454001574466,0.0,1.0,0.9999999999975132,0.5,0.20961320362851946,0.3507272556550019
ICEWS05-15,4015,2549,168,1867,5942,2263,0,5245.5,2.632354525307175e-07,1.0,2.632354530510453e-07,0.0,1.0,0.9999961971807397,0.5,0.14864759668086622,0.2617828010080675
ICEWS05-15,4016,4108,180,3098,9303,0,0,5244.5,0.0,0.0,0.0,0.0,0.0,0.0,0.0,0.13079885792039397,0.013540413295886884
ICEWS05-15,4017,3649,172,1354,9269,0,0,5244.5,0.0,0.0,0.0,0.0,0.0,0.0,0.0,0.13079885792039397,0.013540413295886884
ICEWS05-15,4018,2166,172,9,5802,0,0,5244.5,0.0,0.0,0.0,0.0,0.0,0.0,0.0,0.13079885792039397,0.013540413295886884
ICEWS05-15,4019,9089,41,3843,82,9791,0,3.0,0.6847759168819626,3.0,0.6864101813026526,9.992007221626409e-16,0.999999999999999,0.9952495382199613,0.5,0.29250057654111505,0.4505981748768595
ICEWS05-15,4020,9089,184,1523,1664,0,0,5244.5,0.0,0.0,0.0,0.0,0.0,0.0,0.0,0.13079885792039397,0.013540413295886884
ICEWS05-15,4021,4066,172,1263,1677,4668,0,2.0,0.24399952589350926,3.0,0.9803906099397734,1.6275613138327927e-06,0.9999983724386862,0.06775085248942835,0.5,0.341146351785752,0.21781609160356705
ICEWS05-15,4022,4066,56,887,3617,7842,0,5249.5,0.6571806638627989,1.0,0.8705505632961241,0.0,1.0,0.6062997115188029,0.5,0.29656103484256374,0.3282249682825727
ICEWS05-15,4023,4066,167,621,1677,1677,1,1.0,0.7343283580516133,5.0,0.9803906099397734,0.4400436898204466,0.5599563101795534,0.1210359982483472,0.5,0.37343548862037257,0.23488227226588373
ICEWS05-15,4024,4066,64,871,1677,4668,0,2.0,0.022066953572878523,1.0,0.4805828740290406,0.0,1.0,0.023498010755036415,0.5,0.2148492953591652,0.11922220230368238
ICEWS05-15,4025,5788,172,3356,1459,4680,0,2.0,5.705818512324978,12.0,0.9238395952400507,0.7344383450748431,0.9260602436782479,0.7553876014558528,0.8302492943765455,0.5350442009636084,0.6931230668273181
ICEWS05-15,4026,6081,167,2210,4680,4680,1,1.0,6.929290374298909e-14,1.0,6.929290374298909e-14,0.0,1.0,0.06480254708549348,0.5,0.14864756205375013,0.07961355481214756
ICEWS05-15,4027,2975,225,1300,4821,1778,0,5244.0,1.0,1.0,1.0,0.0,1.0,0.9999999999989999,0.5,0.3305286386634707,0.5024767778727223
ICEWS05-15,4028,1165,137,825,9423,9423,1,1.0,1.2133997748593939,2.0,0.9803906099397734,0.0,1.0,0.4545057096447521,0.5,0.35121879270185247,0.3180397518809186
ICEWS05-15,4029,616,168,1208,9962,3632,0,1.0,0.9998849709626475,1.0,1.0,0.0,1.0,0.9997699683846103,0.5,0.3305258500272417,0.5023904666276482
ICEWS05-15,4030,2758,172,3576,6241,1096,0,5245.5,0.3946886203447265,1.0,0.4183716916964515,0.0,1.0,0.8928500569075857,0.5,0.2119911124319533,0.3186193050478026
ICEWS05-15,4031,2758,169,3425,1939,0,0,5244.5,0.0,0.0,0.0,0.0,0.0,0.0,0.0,0.13079885792039397,0.013540413295886884
ICEWS05-15,4032,3918,167,3120,1677,5186,0,6.0,8.496882664444879e-13,1.0,2.598038577213366e-12,0.0,1.0,0.15892750868804922,0.5,0.14864756205405855,0.0906596531869675
ICEWS05-15,4033,774,245,2641,6345,6345,1,1.0,6.272370137593645,30.0,0.9803906099397734,0.7048029414598262,0.9536648467907765,0.9114251288772406,0.8292338941253014,0.6086055647605898,0.7791930721797643
ICEWS05-15,4034,7929,41,660,10306,1751,0,5246.5,3.5931099166352114,26.0,1.0,0.6021441709962965,0.9149125617574331,0.8141281231936018,0.7585283663768647,0.5340781702208944,0.7179544672018116
ICEWS05-15,4035,7929,41,908,1751,1751,1,1.0,1.0068688019018244,30.0,0.6729500963161781,0.398003700222327,0.9177256370669116,0.8193522240451793,0.6578646686446192,0.39620313511464733,0.5885728408527758
ICEWS05-15,4036,7929,180,396,3599,3599,1,1.0,0.341590382403999,4.0,0.2815432702230894,0.21616484407698755,0.9917891748260238,0.9065964186776955,0.6039770094515057,0.22278793377152295,0.40031919342078487
ICEWS05-15,4037,7929,243,1186,10306,1751,0,5245.5,0.43695575551768334,6.0,0.39423912305778674,0.09775963143645339,0.999999998352401,0.9999999941456837,0.5488798148944272,0.25691155879296695,0.4383277623278847
ICEWS05-15,4038,8860,172,2267,4853,0,0,5244.5,0.0,0.0,0.0,0.0,0.0,0.0,0.0,0.13079885792039397,0.013540413295886884
ICEWS05-15,4039,3936,167,1551,10120,10120,1,1.0,0.9385206548965576,3.0,0.9803906099397734,0.00022663514632226267,0.9997733648536777,0.9176845827110376,0.5,0.35844964353409065,0.4982532922911537
ICEWS05-15,4040,3936,172,3814,3607,3151,0,2.0,0.015746946194527933,2.0,0.06127441312123586,0.0,1.0,0.14744072096213684,0.5,0.1680403039586037,0.1012241165806414
ICEWS05-15,4041,3936,137,54,8370,10392,0,5243.5,0.8879629756445782,2.0,1.0,0.470328596005128,0.529671403994872,0.3074703460996005,0.5,0.34725986405107945,0.2666185147955232
ICEWS05-15,4042,6411,172,3841,4546,6450,0,5252.5,0.4541969238075887,6.0,0.7730166686334901,0.038855271788269086,0.9611447282117309,0.3934701517783953,0.5,0.33004734194099095,0.28653687647186854
ICEWS05-15,4043,6411,167,2362,1677,1677,1,1.0,0.9540919728992563,3.0,0.9611657480580811,2.2794853511420854e-06,0.9999977205146489,0.9853839180605356,0.5,0.3547394455410709,0.5186194310174213
ICEWS05-15,4044,3536,172,704,9535,4680,0,5247.5,5.117443309947272,42.0,0.9423178739918808,0.6603752991522003,0.9985243437879845,0.9960657122780722,0.8294498214700924,0.5865447873303403,0.8071986580352771
ICEWS05-15,4045,3536,172,1045,4680,4680,1,1.0,2.075980587487565,68.0,0.9803906099397734,0.6194107488673922,0.8165218643007225,0.6749003184908027,0.7179663065840574,0.5382539752746063,0.6826867111950216
ICEWS05-15,4046,1364,137,162,1677,0,0,5244.5,0.0,0.0,0.0,0.0,0.0,0.0,0.0,0.13079885792039397,0.013540413295886884
ICEWS05-15,4047,1318,57,1291,1677,1677,1,1.0,0.18985513032568357,22.0,0.07322963567727875,0.6220635079826575,0.9903628850696136,0.9604730018026506,0.8062131965261355,0.24369656327123532,0.5856512987396839
ICEWS05-15,4048,5114,172,351,4419,4560,0,5245.5,0.7323529143381795,2.0,0.8879629756445782,0.08971726663419499,0.910282733365805,0.600975021342051,0.5,0.32031235866880053,0.3446459511720616
ICEWS05-15,4049,3905,56,1143,4867,4867,1,1.0,2.1945027165249744,7.0,0.9803906099397734,0.5125220826981809,0.7488128614439918,0.41339876720189467,0.6306674720710863,0.4265770036642368,0.42662240769913323
ICEWS05-15,4050,3905,133,1249,10024,0,0,5244.5,0.0,0.0,0.0,0.0,0.0,0.0,0.0,0.13079885792039397,0.013540413295886884
ICEWS05-15,4051,4633,92,3154,48,7837,0,5245.0,2.3847642595667787e-22,1.0,2.3847642595667787e-22,0.0,1.0,2.3847642589980685e-10,0.5,0.148647562053741,0.07273787581507592
ICEWS05-15,4052,5965,95,2620,39,0,0,5244.5,0.0,0.0,0.0,0.0,0.0,0.0,0.0,0.13079885792039397,0.013540413295886884
ICEWS05-15,4053,1281,105,1008,3011,0,0,5244.5,0.0,0.0,0.0,0.0,0.0,0.0,0.0,0.13079885792039397,0.013540413295886884
ICEWS05-15,4054,4678,111,1228,9220,0,0,5244.5,0.0,0.0,0.0,0.0,0.0,0.0,0.0,0.13079885792039397,0.013540413295886884
ICEWS05-15,4055,9415,6,323,1779,0,0,5244.5,0.0,0.0,0.0,0.0,0.0,0.0,0.0,0.13079885792039397,0.013540413295886884
ICEWS05-15,4056,2379,75,891,7943,0,0,5244.5,0.0,0.0,0.0,0.0,0.0,0.0,0.0,0.13079885792039397,0.013540413295886884
ICEWS05-15,4057,2303,133,417,9419,10273,0,5245.0,0.5202016416109183,1.0,0.5202016416109183,0.0,1.0,0.9999999999980778,0.5,0.2306715944580622,0.37936093671095417
ICEWS05-15,4058,1602,172,3821,5908,4684,0,5245.0,2.5839266019423924e-18,4.0,2.5777891785333363e-18,0.002375231326014582,1.0,2.5839199252829604e-06,0.5011876156630073,0.17527085225661423,0.08520320239904583
ICEWS05-15,4059,78,172,1870,798,10392,0,5250.0,3.1579964042163646,45.0,0.7884782461155736,0.6137830292620023,0.999952278991421,0.9995112801429976,0.8068676541267117,0.5016091870489093,0.7770884469653013
ICEWS05-15,4060,78,137,1210,4680,3516,0,4.0,0.0012235812547326905,1.0,0.0012385408282486173,0.0,1.0,0.976131521006401,0.5,0.14881035114106708,0.2551311778343162
ICEWS05-15,4061,78,64,2204,10392,10392,1,1.0,0.9803906099397734,1.0,0.9803906099397734,0.0,1.0,0.99999999999898,0.5,0.3260339726748778,0.49734590524081324
ICEWS05-15,4062,7948,161,2841,6344,5718,0,5245.0,4.423551843492702e-19,1.0,4.423551843492702e-19,0.0,1.0,4.4235498867124765e-07,0.5,0.148647562053741,0.07273792080242329
ICEWS05-15,4063,6744,172,3162,3633,9568,0,5245.5,0.4999999999947,1.0,0.5,0.0,1.0,0.9999999999768001,0.5,0.22696621856411164,0.37439562125501447
ICEWS05-15,4064,5466,172,1315,7949,7949,1,1.0,1.4036892008734845,8.0,0.7001394896518027,0.6618859771969934,0.8967686713374489,0.5127161827854257,0.7793273242672212,0.3502790622765337,0.5134913874705312
ICEWS05-15,4065,5466,41,3077,7949,6185,0,5246.0,6.342981215430057e-10,2.0,8.107633919419007e-10,0.03600257858861411,0.9639974214113859,0.6047914914425457,0.5,0.15999246898970287,0.1732717919523853
ICEWS05-15,4066,4239,161,3537,7931,0,0,5244.5,0.0,0.0,0.0,0.0,0.0,0.0,0.0,0.13079885792039397,0.013540413295886884
ICEWS05-15,4067,1259,172,1962,3623,9984,0,2.0,0.69582177170467,4.0,0.9423178739918808,0.013344826018595768,0.9866551739814042,0.5730209350507616,0.5,0.35520598561271344,0.3718771208400656
ICEWS05-15,4068,1259,168,3281,1768,1768,1,1.0,0.2944083059781748,23.0,0.18210685593674916,0.4176600430955566,0.9590070978173826,0.8893889423272099,0.6883335704564696,0.2668445191444914,0.5006817308518704
ICEWS05-15,4069,7134,167,2489,9734,10120,0,5249.0,0.08335239907012756,11.0,0.13801118920922653,0.006041738025566734,0.9939582619744333,0.42888271179954246,0.5,0.22732379784646703,0.1938881194286734
ICEWS05-15,4070,7134,172,1417,1299,5513,0,5245.5,0.01960939006022655,1.0,1.0,0.0,1.0,0.009901778952998064,0.5,0.3072080052695684,0.1871565957932933
ICEWS05-15,4071,7134,41,1526,2237,2237,1,1.0,0.9803906587833249,8.0,0.9803906099397734,4.982049861546045e-08,1.0,0.99999999999898,0.5000000249102493,0.40045144412208283,0.5659579768277361
ICEWS05-15,4072,3265,168,1091,9156,3288,0,5245.0,2.8083261072393747e-08,1.0,2.8083261072393747e-08,0.0,1.0,0.999964392867684,0.5,0.1486475657479338,0.26177348094925124
ICEWS05-15,4073,3768,111,1954,2615,4098,0,5245.5,0.004855409262076396,3.0,0.004857015192167901,2.503546974697013e-05,0.999974964530253,0.9992889156077187,0.5,0.16916821680688945,0.2879177433114031
ICEWS05-15,4074,3768,56,2158,409,8648,0,6.0,0.09597038781523738,1.0,0.20918584584822575,0.0,1.0,0.2976736962896997,0.5,0.17650433397887647,0.13289621272477614
ICEWS05-15,4075,4806,137,3444,1726,1677,0,5248.0,0.016072301699168384,3.0,0.016913109245918396,0.004085944303877431,0.9959140556961226,0.3220997664324225,0.5,0.1709238375955546,0.12842109041111482
ICEWS05-15,4076,4992,167,999,1677,1677,1,1.0,2.3861108805808033,17.0,0.9803906099397734,0.19484170055561967,0.9999622130891114,0.9984289685726697,0.5974019568223655,0.4747937127577297,0.6595205126488923
ICEWS05-15,4077,4992,56,764,3096,5245,0,5247.0,1.299166869775543,5.0,0.8042490800314893,0.4544511398843152,0.9965379289560828,0.7877383137584008,0.7254945344201991,0.34991405872440584,0.5881057928858789
ICEWS05-15,4078,2838,172,3910,2808,2808,1,1.0,0.0300374462167215,12.0,0.030036429626815044,3.384408578288589e-05,1.0,0.9999999999667083,0.5000169220428914,0.2120582105311966,0.34034476900395016
ICEWS05-15,4079,2237,6,3444,338,0,0,5244.5,0.0,0.0,0.0,0.0,0.0,0.0,0.0,0.13079885792039397,0.013540413295886884
ICEWS05-15,4080,6123,56,3044,8638,0,0,5244.5,0.0,0.0,0.0,0.0,0.0,0.0,0.0,0.13079885792039397,0.013540413295886884
ICEWS05-15,4081,788,245,1046,3124,0,0,5244.5,0.0,0.0,0.0,0.0,0.0,0.0,0.0,0.13079885792039397,0.013540413295886884
ICEWS05-15,4082,8742,180,3630,7655,0,0,5244.5,0.0,0.0,0.0,0.0,0.0,0.0,0.0,0.13079885792039397,0.013540413295886884
ICEWS05-15,4083,9305,172,1208,1677,4680,0,3.0,0.08083348263833759,2.0,0.08085207284143715,0.0056586368553167565,0.9943413631446832,0.9882943853103893,0.5,0.17161218564864197,0.2898748093254975
ICEWS05-15,4084,5967,172,3271,6357,0,0,5244.5,0.0,0.0,0.0,0.0,0.0,0.0,0.0,0.13079885792039397,0.013540413295886884
ICEWS05-15,4085,1334,172,628,7394,0,0,5244.5,0.0,0.0,0.0,0.0,0.0,0.0,0.0,0.13079885792039397,0.013540413295886884
ICEWS05-15,4086,1334,137,529,9045,0,0,5244.5,0.0,0.0,0.0,0.0,0.0,0.0,0.0,0.13079885792039397,0.013540413295886884
ICEWS05-15,4087,1450,137,19,8108,0,0,5244.5,0.0,0.0,0.0,0.0,0.0,0.0,0.0,0.13079885792039397,0.013540413295886884
ICEWS05-15,4088,10208,172,1150,9962,9962,1,1.0,0.6324903163781537,2.0,0.7884782461155736,0.3159679473333771,0.6840320526666229,0.3780816165050855,0.5,0.29822014633872135,0.2481335879388748
ICEWS05-15,4089,8438,59,3509,1157,1157,1,1.0,0.6695416376410279,1.0,0.9803906099397734,0.0,1.0,0.5185262648777994,0.5,0.3185954385795189,0.3247187569520392
ICEWS05-15,4090,8438,137,118,6115,0,0,5244.5,0.0,0.0,0.0,0.0,0.0,0.0,0.0,0.13079885792039397,0.013540413295886884
ICEWS05-15,4091,2816,32,1907,1742,0,0,5244.5,0.0,0.0,0.0,0.0,0.0,0.0,0.0,0.13079885792039397,0.013540413295886884
ICEWS05-15,4092,345,172,1212,4680,4680,1,1.0,0.3689460431999502,37.0,0.34320509065132626,0.08309595398111214,0.9885018033963937,0.9717514548921808,0.5357988786887529,0.31991536912563967,0.48152872757564985
ICEWS05-15,4093,345,172,3797,4680,4680,1,1.0,4.253004167962011,231.0,0.836743383392903,0.5516239570085796,0.9039553343089438,0.7295082104070918,0.7277896456587617,0.6267579952445941,0.7158725358568867
ICEWS05-15,4094,345,172,864,4680,4680,1,1.0,4.1273084464039265,33.0,0.8879629756445782,0.4480928794859528,0.8948607569927112,0.7788869570877315,0.671476818239332,0.5350200663733782,0.630006404350844
ICEWS05-15,4095,345,168,2989,9962,1096,0,2.0,0.027233069543601555,1.0,0.030036429626815044,0.0,1.0,0.8292705216213951,0.5,0.152602457570176,0.22049067640911607
ICEWS05-15,4096,345,56,795,2626,5998,0,5245.0,0.36586709593670774,1.0,1.0,0.0,1.0,0.22389066092895543,0.5,0.3153403264524888,0.24028240085496186
ICEWS05-15,4097,3315,172,1984,9734,9423,0,5245.5,1.4842180536870396e-11,1.0,1.4842976953095053e-11,0.0,1.0,0.9367831886317671,0.5,0.1486475620556935,0.24377561802172798
ICEWS05-15,4098,7132,172,3474,9734,0,0,5244.5,0.0,0.0,0.0,0.0,0.0,0.0,0.0,0.13079885792039397,0.013540413295886884
ICEWS05-15,4099,10072,137,3061,1817,3425,0,5248.5,0.6410526225761688,2.0,0.5412194958693883,0.0,1.0,0.4386601176211656,0.5,0.2526035723214227,0.22369175977933686
ICEWS05-15,4100,10072,56,3665,403,9625,0,4.0,0.6341302856162505,1.0,0.6341329040632923,0.0,1.0,0.9999917416783991,0.5,0.252353950505995,0.40780888853210606
ICEWS05-15,4101,3762,172,1604,727,338,0,2.0,0.0837985722861816,2.0,0.26530325583334324,5.751121094665912e-05,0.9999424887890533,0.18753661637890864,0.5,0.19743567799055564,0.12925523383478502
ICEWS05-15,4102,3762,6,2664,5931,338,0,5245.0,0.1617041456828859,2.0,0.16170414568287425,7.205347429817266e-14,1.0,0.9999999999938158,0.500000000000036,0.18389167139937876,0.31150943813816495
ICEWS05-15,4103,1929,172,1130,6579,0,0,5244.5,0.0,0.0,0.0,0.0,0.0,0.0,0.0,0.13079885792039397,0.013540413295886884
ICEWS05-15,4104,6612,172,1771,1939,3425,0,5247.5,0.02674458895359378,1.0,0.02720470510300388,0.0,1.0,0.9667363728328215,0.5,0.15225534828100198,0.2576113950554953
ICEWS05-15,4105,6612,137,2033,2253,0,0,5244.5,0.0,0.0,0.0,0.0,0.0,0.0,0.0,0.13079885792039397,0.013540413295886884
ICEWS05-15,4106,3970,168,642,7973,0,0,5244.5,0.0,0.0,0.0,0.0,0.0,0.0,0.0,0.13079885792039397,0.013540413295886884
ICEWS05-15,4107,3970,56,3636,3270,530,0,5260.0,0.8353572156250229,6.0,0.9611657480580811,0.33477080221068567,0.6652291977893143,0.40662434806328146,0.5,0.37959846082362547,0.32477672232275717
ICEWS05-15,4108,3970,137,1224,10070,1049,0,5253.0,0.5023633743320451,1.0,0.5412194958693883,0.0,1.0,0.8660308402153319,0.5,0.23380794489547782,0.3380997028221906
ICEWS05-15,4109,3970,172,1490,3694,1226,0,5250.0,0.3369959667298534,2.0,0.3714985722842371,5.16146866358369e-07,0.9999994838531336,0.8300361348891561,0.5,0.21824743084396192,0.3037767012470863
ICEWS05-15,4110,3970,202,2690,530,6130,0,5245.0,8.96395984131655e-14,1.0,8.96395984131655e-14,0.0,1.0,0.0822653642027208,0.5,0.1486475620537528,0.08156552545070563
ICEWS05-15,4111,137,172,3553,791,791,1,1.0,0.5574374619641425,31.0,0.4901953049698867,0.5309713561720883,0.4690286438279117,0.22136181658210824,0.5,0.34667592093464594,0.2225966775139081
ICEWS05-15,4112,137,168,2551,2295,0,0,5244.5,0.0,0.0,0.0,0.0,0.0,0.0,0.0,0.13079885792039397,0.013540413295886884
ICEWS05-15,4113,5908,137,3538,4684,4684,1,1.0,0.02666142306173619,2.0,0.35006974482590136,3.3306690738754696e-16,0.9999999999999997,0.039587663480546424,0.5,0.2091866497669092,0.11508341743208814
ICEWS05-15,4114,5908,172,808,4684,4680,0,2.0,0.6942409529133778,1.0,0.7141434062641757,0.0,1.0,0.9457732699106562,0.5,0.2679379143669561,0.40835305616708756
ICEWS05-15,4115,5908,167,3514,1962,4684,0,5247.0,1.0374384498503242,6.0,0.39423912305778674,0.4637024189534771,0.7864769838953909,0.5535420477609198,0.625089701424434,0.26967039862543335,0.32610564150031557
ICEWS05-15,4116,585,41,366,1008,1008,1,1.0,0.0030799931488889585,1.0,0.0030799931488889585,0.0,1.0,0.9999999996753239,0.5,0.14905317348728186,0.26240730457789424
ICEWS05-15,4117,4539,245,2292,10294,6435,0,2.0,0.9916808129292141,12.0,0.9057236642639067,0.12258105626160454,0.9807698879463663,0.9243533804755584,0.5516754721039854,0.40301684697046686,0.572585892393667
ICEWS05-15,4118,2433,59,97,1749,0,0,5244.5,0.0,0.0,0.0,0.0,0.0,0.0,0.0,0.13079885792039397,0.013540413295886884
ICEWS05-15,4119,6834,167,802,4680,4680,1,1.0,0.942317348314945,2.0,0.9423178739918808,5.161468662473467e-07,0.9999994838531338,0.9999978519976682,0.5,0.3365316238187794,0.5059832936348101
ICEWS05-15,4120,9011,243,3904,1773,10392,0,3.0,1.2232184740875502,7.0,0.9238395952400507,0.5733899382204392,0.7080677374462827,0.39358939856320235,0.6407288378333609,0.38821318442125147,0.4146254827159676
ICEWS05-15,4121,9011,178,3971,10392,1773,0,5245.0,0.3364750481580891,1.0,0.3364750481580891,0.0,1.0,0.999999999997028,0.5,0.19853147409694358,0.3352455698247012
ICEWS05-15,4122,2385,125,1283,1768,0,0,5244.5,0.0,0.0,0.0,0.0,0.0,0.0,0.0,0.13079885792039397,0.013540413295886884
ICEWS05-15,4123,3447,86,702,8186,0,0,5244.5,0.0,0.0,0.0,0.0,0.0,0.0,0.0,0.13079885792039397,0.013540413295886884
ICEWS05-15,4124,3447,225,503,8186,8186,1,1.0,1.990834215072191,5.0,0.9803906099397734,0.5075478397360059,1.0,0.9999999999994976,0.7537739198680029,0.40616400024930405,0.7187195267355746
ICEWS05-15,4125,6522,56,3783,2758,3905,0,5250.5,1.823639963690351e-15,2.0,1.5160843207221321e-15,0.31170330317468353,1.0,0.0018189440284075613,0.6558516515873418,0.15999246887904003,0.11922933374088046
ICEWS05-15,4126,2617,113,539,58,0,0,5244.5,0.0,0.0,0.0,0.0,0.0,0.0,0.0,0.13079885792039397,0.013540413295886884
ICEWS05-15,4127,7473,250,3028,1785,1785,1,1.0,0.9803906099397734,1.0,0.9803906099397734,0.0,1.0,0.99999999999898,0.5,0.3260339726748778,0.49734590524081324
ICEWS05-15,4128,10266,167,824,5289,8370,0,5247.0,0.19575091996851068,1.0,1.0,0.0,1.0,0.10849439921287683,0.5,0.31133037192795243,0.2103886101911483
ICEWS05-15,4129,711,245,3782,7947,0,0,5244.5,0.0,0.0,0.0,0.0,0.0,0.0,0.0,0.13079885792039397,0.013540413295886884
ICEWS05-15,4130,209,172,3103,537,3124,0,1.0,0.9993674869707272,1.0,1.0,0.0,1.0,0.9987357735801381,0.5,0.33051330486739977,0.5020024211091626
ICEWS05-15,4131,1065,180,2805,1513,0,0,5244.5,0.0,0.0,0.0,0.0,0.0,0.0,0.0,0.13079885792039397,0.013540413295886884
ICEWS05-15,4132,9421,175,3357,9419,9419,1,1.0,7.834989174177023e-10,7.0,7.792780021139466e-10,0.005387263734412229,1.0,0.9987253009815594,0.5026936318672062,0.19032243986502195,0.3151477104271077
ICEWS05-15,4133,1715,6,1067,10184,0,0,5244.5,0.0,0.0,0.0,0.0,0.0,0.0,0.0,0.13079885792039397,0.013540413295886884
ICEWS05-15,4134,6130,172,1285,7973,1187,0,5247.5,0.21957016486250275,2.0,0.7001394896518027,1.9351825940927547e-05,0.9999806481740591,0.18596043574147222,0.5,0.27226278847720325,0.18997372508176094
ICEWS05-15,4135,476,111,3492,5371,0,0,5244.5,0.0,0.0,0.0,0.0,0.0,0.0,0.0,0.13079885792039397,0.013540413295886884
ICEWS05-15,4136,3235,243,3758,698,1768,0,5245.5,1.2507027656174228,46.0,0.5743491774985175,0.3614608465527678,0.8389937896440979,0.5409811082195521,0.6002273180984328,0.40202673421497465,0.43138794644224643
ICEWS05-15,4137,950,245,2178,1743;7626,0,0,5244.0,0.0,0.0,0.0,0.0,0.0,0.0,0.0,0.13079885792039397,0.013540413295886884
ICEWS05-15,4138,772,167,928,9424,9424,1,1.0,0.44536447868193246,2.0,0.4528618321319533,0.007905763421930723,0.9920942365780693,0.9524950568025436,0.5,0.2335493450947857,0.3633660572365135
ICEWS05-15,4139,5999,172,2274,4853,4853,1,1.0,1.7656219086302687,42.0,0.9238395952400507,0.3609344811728705,0.9917891152591073,0.5084293791231492,0.6763617982159889,0.49132537805589094,0.5665289899607432
ICEWS05-15,4140,5999,172,1829,4853,4853,1,1.0,0.21684518116834595,37.0,0.2987773849926094,0.5110701045235055,0.4889298954764944,0.21569693422342745,0.5,0.30743514617453394,0.19413068209884565
ICEWS05-15,4141,5999,56,549,4853,2395,0,5246.0,0.04379361521065074,1.0,0.10881882041201553,0.0,1.0,0.2519132599229694,0.5,0.16256577583138204,0.11400978426740457
ICEWS05-15,4142,10285,137,1337,7953,3447,0,5251.5,0.3525811908251749,4.0,0.39423912305778674,1.3707592832590265e-05,0.9999862924071674,0.808843382477396,0.5,0.24167953511808746,0.32219463477829674
ICEWS05-15,4143,10285,167,867,1677,5802,0,5247.0,0.0005749581334084514,2.0,0.0032685288413785265,0.009620575818519828,0.9903794241814802,0.09541922198781189,0.5,0.1604098527555736,0.08910267601043212
ICEWS05-15,4144,5899,172,3708,4680,0,0,5244.5,0.0,0.0,0.0,0.0,0.0,0.0,0.0,0.13079885792039397,0.013540413295886884
ICEWS05-15,4145,1119,172,3756,4680,4680,1,1.0,1.6137663716964121,22.0,0.9803906099397734,0.6220773773985636,0.6759063892376148,0.4514603122082025,0.6489918833180892,0.466810498381989,0.5028560706349638
ICEWS05-15,4146,5262,56,3965,7107,2462,0,5249.5,0.0,1.0,1.0,0.0,0.0,0.0,0.0,0.3067509553104603,0.04314417424605095
ICEWS05-15,4147,9889,167,2596,1677,1677,1,1.0,8.717570877248252e-05,2.0,8.717570877248252e-05,0.0,1.0,0.9999999885289148,0.5,0.16000464745271076,0.27643307461630684
ICEWS05-15,4148,7314,172,1265,1421,9734,0,4.0,3.333187479042084,18.0,0.6729500963161781,0.7847649385609475,0.757570994057496,0.5507663798196208,0.7711679663092217,0.4325531411008192,0.5372861331555137
ICEWS05-15,4149,7314,2,1304,1421,0,0,5244.5,0.0,0.0,0.0,0.0,0.0,0.0,0.0,0.13079885792039397,0.013540413295886884
ICEWS05-15,4150,9837,56,3880,7888,10367,0,5249.0,0.17879160958793416,2.0,0.4183716916964515,0.0016974079762231975,0.9983025920237768,0.27115336433237175,0.5,0.22275997977745962,0.16513738447870518
ICEWS05-15,4151,5329,56,332,3944,0,0,5244.5,0.0,0.0,0.0,0.0,0.0,0.0,0.0,0.13079885792039397,0.013540413295886884
ICEWS05-15,4152,1367,56,569,4421,5428,0,5245.0,0.020617311105826472,1.0,0.020617311105826472,0.0,1.0,0.9999999999514971,0.5,0.15138012257208383,0.2659753677647711
ICEWS05-15,4153,7269,180,1149,1677,0,0,5244.5,0.0,0.0,0.0,0.0,0.0,0.0,0.0,0.13079885792039397,0.013540413295886884
ICEWS05-15,4154,6977,167,173,6213,0,0,5244.5,0.0,0.0,0.0,0.0,0.0,0.0,0.0,0.13079885792039397,0.013540413295886884
ICEWS05-15,4155,6977,64,3679,7532,6213,0,5245.0,2.0529776354725357e-15,3.0,1.6088884256218465e-15,0.21631468466945714,1.0,0.002048771553293432,0.6081573423347286,0.16845983831025121,0.11007467397796694
ICEWS05-15,4156,5943,172,8,6942,0,0,5244.5,0.0,0.0,0.0,0.0,0.0,0.0,0.0,0.13079885792039397,0.013540413295886884
ICEWS05-15,4157,3500,167,3756,9745,1421,0,5245.0,0.01160933038388241,1.0,0.01160933038388241,0.0,1.0,0.9999999999138623,0.5,0.15018118702148997,0.26413878673014923
ICEWS05-15,4158,2615,168,3379,7509,1741,0,5250.0,1.89370895847104e-05,1.0,1.935220044138465e-05,0.0,1.0,0.9580002227500585,0.5,0.14865010198780035,0.24972856794906223
ICEWS05-15,4159,2615,180,3147,7537,4034,0,5246.0,0.08085207284143707,1.0,0.08085207284143715,0.0,1.0,0.9999999999876296,0.5,0.15960015701278285,0.2784635556344962
ICEWS05-15,4160,5260,172,706,9734,9734,1,1.0,0.8479919868829042,3.0,0.9611657480580811,0.14906087082159403,0.850939129178406,0.6009530798313536,0.5,0.35208321017022876,0.3727012905758863
ICEWS05-15,4161,6911,243,2389,1712,4417,0,5244.0,1.0,1.0,1.0,0.0,1.0,0.9999999999989999,0.5,0.3305286386634707,0.5024767778727223
ICEWS05-15,4162,2367,172,151,537,0,0,5244.5,0.0,0.0,0.0,0.0,0.0,0.0,0.0,0.13079885792039397,0.013540413295886884
ICEWS05-15,4163,6227,64,790,1789,1789,1,1.0,0.05549768597778612,1.0,0.05549768597778612,0.0,1.0,0.9999999999819813,0.5,0.15609688728981555,0.27316326456583556
ICEWS05-15,4164,6227,168,1381,1789,1789,1,1.0,0.09620405416296082,8.0,0.14645927135455744,7.066523592957896e-05,0.9999293347640704,0.4890027786582639,0.5,0.21824506774940874,0.20139763505558186
ICEWS05-15,4165,6227,172,1403,8921,8921,1,1.0,0.7500200258596481,2.0,0.9238395952400507,0.43598951003053676,0.5640104899694632,0.2969263921890944,0.5,0.3280452070741998,0.24924755159723844
ICEWS05-15,4166,623,61,996,1412,0,0,5244.5,0.0,0.0,0.0,0.0,0.0,0.0,0.0,0.13079885792039397,0.013540413295886884
ICEWS05-15,4167,643,245,3686,10294,1984,0,3.0,0.5934804709985696,1.0,0.6095068271022377,0.0,1.0,0.9487593734931657,0.5,0.24722822798897046,0.3832329594597052
ICEWS05-15,4168,5176,172,2224,8255,0,0,5244.5,0.0,0.0,0.0,0.0,0.0,0.0,0.0,0.13079885792039397,0.013540413295886884
ICEWS05-15,4169,5991,172,1787,5326,3447,0,5248.0,0.6864916474709821,2.0,0.6864101813026526,0.00011966226735560248,1.0,0.9999980158261913,0.5000598311336778,0.27993499182140263,0.43936831612852273
ICEWS05-15,4170,6590,172,3118,3390,7539,0,5249.0,0.16511859925931666,3.0,0.4439814878222891,0.0004420523862094239,0.9995579476137906,0.22830494274756427,0.5,0.23764469954325224,0.1673134075042362
ICEWS05-15,4171,3589,56,3075,4853,0,0,5244.5,0.0,0.0,0.0,0.0,0.0,0.0,0.0,0.13079885792039397,0.013540413295886884
ICEWS05-15,4172,9303,56,684,1677,3751,0,7.5,0.4326050153648896,5.0,0.5630865404461788,3.733374359293773e-05,0.9999626662564071,0.6237005607078393,0.5,0.2811808730965143,0.3075773970313302
ICEWS05-15,4173,9303,172,207,1514,6450,0,5246.0,1.3596419939822384,2.0,1.0,0.3927678343259411,1.0,0.7030238886460524,0.6963839171629705,0.35906387969747344,0.5550282730962235
ICEWS05-15,4174,207,243,1202,3821,4539,0,5247.0,0.003938489671304311,6.0,0.01759645438894309,0.23132419321934217,0.7686758067806578,0.09412018915157058,0.5,0.1885037599515299,0.10147060388512374
ICEWS05-15,4175,207,250,2505,1741,1741,1,1.0,0.8220309595587783,2.0,0.9057236642639067,0.041135880866202346,0.9588641191337977,0.7703204190014992,0.5,0.326073953013301,0.4099393673941871
ICEWS05-15,4176,5753,59,3908,5179,4943,0,5246.0,4.380542189005985e-10,1.0,5.456033026969344e-10,0.0,1.0,0.6696516407268432,0.5,0.1486475621240209,0.17724876401233552
ICEWS05-15,4177,9816,224,24,4853,0,0,5244.5,0.0,0.0,0.0,0.0,0.0,0.0,0.0,0.13079885792039397,0.013540413295886884
ICEWS05-15,4178,9816,137,1929,10444,10120,0,5245.5,1.7475085665637851e-15,1.0,2.0404981793068057e-15,0.0,1.0,0.0017434402699776244,0.5,0.14864756205374127,0.07291547813231712
ICEWS05-15,4179,5320,56,623,9832,9832,1,1.0,0.0009021871047266126,1.0,0.0009021871047266126,0.0,1.0,0.9999999988915825,0.5,0.14876627872710982,0.2619663766606216
ICEWS05-15,4180,10422,56,3733,5403,5491,0,11.0,0.023693746285770978,2.0,0.17853585156604396,0.0,1.0,0.034667972732608354,0.5,0.1839714605553139,0.09714068443111042
ICEWS05-15,4181,10422,172,3240,1677,1677,1,1.0,1.2147226875788122,12.0,0.9803906099397734,0.3840499086874112,0.8659489670509144,0.617042235178745,0.6249994378691628,0.4257916698503766,0.5279881287461341
ICEWS05-15,4182,8833,137,1500,10120,10120,1,1.0,0.5527017626420384,1.0,0.9803906099397734,0.0,1.0,0.3925217144535179,0.5,0.3158229698640564,0.28486544815710424
ICEWS05-15,4183,3419,137,2842,5739,0,0,5244.5,0.0,0.0,0.0,0.0,0.0,0.0,0.0,0.13079885792039397,0.013540413295886884
ICEWS05-15,4184,271,137,907,8627,530,0,5253.5,0.26164706755593736,3.0,0.5520447568369061,0.026689623613398994,0.973310376386601,0.299807038382991,0.5,0.25834791389116185,0.1999511941153179
ICEWS05-15,4185,1759,168,2698,530,2091,0,5250.5,0.017871002995063126,1.0,0.017948411796828663,0.0,1.0,0.9914113422090444,0.5,0.15102299505168856,0.2629119144346837
ICEWS05-15,4186,1759,137,2678,316,9423,0,5252.5,1.2449920489064943,7.0,0.46191979762002533,0.6169605897812067,0.999989825750935,0.5836935272617418,0.8084752077660708,0.2927675063903657,0.4970392045095768
ICEWS05-15,4187,1759,113,110,1133;4971,4971,1,2622.75,1.9634750879297753,3.0,0.7730166686334901,0.0,1.0,0.7771332651763172,0.5,0.3401460400295288,0.3881307001196268
ICEWS05-15,4188,1759,171,1868,4680,4684,0,2.0,1.63024438530263e-11,1.0,1.6387975205614345e-11,0.0,1.0,0.9329806698343344,0.5,0.14864756205589558,0.24271961874205628
ICEWS05-15,4189,3452,224,2932,8505,8505,1,1.0,2.037674100289015e-11,2.0,2.037674100289015e-11,4.256626218168691e-08,0.9999999574337378,0.9532201071511276,0.5,0.1599924688818864,0.2625241395175358
ICEWS05-15,4190,3917,169,1153,1742,1742,1,1.0,0.0015099864618775699,8.0,0.0016022174922024181,0.0036960880968346377,0.9963039119031654,0.8849289733097658,0.5,0.19450501251963842,0.28230346066226947
ICEWS05-15,4191,3917,139,2263,4853,0,0,5244.5,0.0,0.0,0.0,0.0,0.0,0.0,0.0,0.13079885792039397,0.013540413295886884
ICEWS05-15,4192,3917,219,1144,1742,0,0,5244.5,0.0,0.0,0.0,0.0,0.0,0.0,0.0,0.13079885792039397,0.013540413295886884
ICEWS05-15,4193,2388,56,494,8410,3629,0,5245.5,0.5269830347950676,1.0,0.5743491774985175,0.0,1.0,0.8476275518239228,0.5,0.23986342386195392,0.33967745647416697
ICEWS05-15,4194,304,172,560,4680,7707,0,5245.0,0.00013213366598373739,1.0,0.00013213366598373739,0.0,1.0,0.9999999924319061,0.5,0.1486649443223618,0.2618105809673818
ICEWS05-15,4195,751,245,2663,9031,9031,1,1.0,0.9611656234145841,1.0,0.9611657480580811,0.0,1.0,0.9999997406399863,0.5,0.3216582715454691,0.49231608431501256
ICEWS05-15,4196,2054,111,3349,505,0,0,5244.5,0.0,0.0,0.0,0.0,0.0,0.0,0.0,0.13079885792039397,0.013540413295886884
ICEWS05-15,4197,2008,161,2294,1743,7626,0,2.0,0.4528618321319533,1.0,0.4528618321319533,0.0,1.0,0.9999999999977919,0.5,0.21848457539457672,0.3629134576677383
ICEWS05-15,4198,4661,41,830,553,1778,0,3.0,0.03294805952684041,1.0,0.037347173124076184,0.0,1.0,0.789245274579854,0.5,0.15356501473542863,0.2115650785737212
ICEWS05-15,4199,4661,202,1480,6213,6213,1,1.0,0.9698757646848332,1.0,0.9803906099397734,0.0,1.0,0.9787772986811067,0.5,0.32578089089422496,0.48938383844717726
ICEWS05-15,4200,2907,167,2729,9568,4689,0,5249.5,0.6636219582045784,17.0,0.6597539553864471,0.0058459476322545445,0.9999992066840827,0.9999651500465419,0.5029225771581687,0.35714402385099914,0.5164079822657841
ICEWS05-15,4201,2907,125,560,1784,0,0,5244.5,0.0,0.0,0.0,0.0,0.0,0.0,0.0,0.13079885792039397,0.013540413295886884
ICEWS05-15,4202,3836,152,2117,537,537,1,1.0,5.223519051114912e-13,1.0,5.223675339025427e-13,0.0,1.0,0.3431146099824696,0.5,0.14864756205380972,0.11632185562503287
ICEWS05-15,4203,6801,243,1274,6352,6352,1,1.0,2.3579014803567317,11.0,0.9803906099397734,0.5588822538536915,0.9999643798316036,0.9990488357234132,0.7794233168426475,0.4524032609801724,0.756810768642509
ICEWS05-15,4204,6801,243,1329,6423,6352,0,5244.5,6.721106441990255,18.0,1.0,0.576277874199101,0.9999957935473868,0.9998876280923262,0.788136833873244,0.5996132369327143,0.7685528125178136
ICEWS05-15,4205,6801,7,3493,6352,6352,1,1.0,0.0009798269825283673,4.0,0.0007853994922182513,0.1984304308587328,1.0,0.9999999989794116,0.5992152154293664,0.17539197366277734,0.3613459851419238
ICEWS05-15,4206,6801,250,3683,6352,7957,0,2.0,0.9238395952400507,2.0,0.9238395952400507,1.1087797346931438e-12,0.9999999999988912,0.9999999999967001,0.5,0.33225662105761766,0.5011494443428582
ICEWS05-15,4207,4946,59,2006,9327,1206,0,5245.0,0.006039192723699144,1.0,0.006039192723699144,0.0,1.0,0.9999999998344149,0.5,0.14944373682636744,0.26300720219111073
ICEWS05-15,4208,7956,41,311,1785,1785,1,1.0,0.8018547583737294,1.0,0.9803906099397734,0.0,1.0,0.6918944255800068,0.5,0.32175064390912217,0.3839843335299201
ICEWS05-15,4209,2739,56,923,5739,0,0,5244.0,0.0,0.0,0.0,0.0,0.0,0.0,0.0,0.13079885792039397,0.013540413295886884
ICEWS05-15,4210,1743,91,2180,7626,3591,0,5245.5,3.072674458546998e-12,2.0,3.2950034956735505e-12,0.00017780710551151824,0.9998221928944885,0.6800202289267265,0.5,0.15999246887949686,0.19076065714911766
ICEWS05-15,4211,286,243,3827,9704,6312,0,5247.0,0.45157346824032707,4.0,0.4439814878222891,0.449900183137909,0.550099816862091,0.2935807115397936,0.5,0.2522981294658014,0.17937914634153637
ICEWS05-15,4212,7545,41,1464,2237,2237,1,1.0,0.9611672819917852,2.0,0.9611657480580811,1.5959588012259829e-06,1.0,0.9999999998955873,0.5000007979794006,0.340919935845791,0.5109149237758174
ICEWS05-15,4213,5988,110,1896,1939,0,0,5244.5,0.0,0.0,0.0,0.0,0.0,0.0,0.0,0.13079885792039397,0.013540413295886884
ICEWS05-15,4214,7167,172,4007,8919,7074,0,3.0,0.21941358002291622,1.0,0.22199074391114454,0.0,1.0,0.9770477989132867,0.5,0.18023126282219934,0.3017531344261519
ICEWS05-15,4215,8421,167,838,3425,6241,0,4.5,0.002014517837931243,1.0,0.005920767837931244,0.0,1.0,0.20499788144786102,0.5,0.14937370518669604,0.09710221241982331
ICEWS05-15,4216,5066,137,3012,5391,0,0,5244.5,0.0,0.0,0.0,0.0,0.0,0.0,0.0,0.13079885792039397,0.013540413295886884
ICEWS05-15,4217,6018,180,3279,4853,0,0,5244.5,0.0,0.0,0.0,0.0,0.0,0.0,0.0,0.13079885792039397,0.013540413295886884
ICEWS05-15,4218,4049,56,3974,5933,505,0,5256.0,0.038856121537343205,1.0,0.0777122430746864,0.0,1.0,0.3333333333304738,0.5,0.15859400078507946,0.12340755576578827
ICEWS05-15,4219,4049,137,3818,1216,1677,0,5255.0,0.18490712263363926,3.0,0.19325416715837251,1.1102230246251565e-16,0.9999999999999999,0.9171925162998278,0.5,0.1983533172785613,0.3032095845390875
ICEWS05-15,4220,8525,172,3701,9838,9625,0,5245.0,0.12367060197977348,2.0,0.12254882624247168,0.009070674188884964,1.0,0.9999999999919139,0.5045353370944425,0.17787996067064588,0.30567082120747385
ICEWS05-15,4221,728,250,1543,6195,6195,1,1.0,1.778209123088939,13.0,0.9803906099397734,0.49357255262691735,0.9978152288786482,0.8038615306328535,0.7456938907527828,0.44487178518948955,0.6849158795231446
ICEWS05-15,4222,4131,95,759,910,0,0,5244.5,0.0,0.0,0.0,0.0,0.0,0.0,0.0,0.13079885792039397,0.013540413295886884
ICEWS05-15,4223,3708,172,2991,7287,393,0,5251.0,1.0216858182037092,2.0,0.8705505632961241,0.19066314591998834,1.0,0.9044805299926185,0.5953315729599942,0.3236977957422738,0.5222184360804687
ICEWS05-15,4224,9302,172,1396,8445,5942,0,5248.0,0.03929001478756114,1.0,0.18574928614211858,0.0,1.0,0.1182691231180461,0.5,0.17247083758173987,0.10245281408242578
ICEWS05-15,4225,6976,56,1845,9809,0,0,5244.5,0.0,0.0,0.0,0.0,0.0,0.0,0.0,0.13079885792039397,0.013540413295886884
ICEWS05-15,4226,6646,56,710,7914,10253,0,5245.5,0.08540748555928424,1.0,0.2987773849926094,0.0,1.0,0.1667635232213535,0.5,0.18876431619200965,0.12155725634496052
ICEWS05-15,4227,5428,6,443,9832,9832,1,1.0,0.000683729970363034,2.0,0.9423178739918808,0.0007250570598079653,0.999274942940192,0.0003626600045020637,0.5,0.31389921083801137,0.18699777809646245
ICEWS05-15,4228,5428,202,69,9832,0,0,5244.5,0.0,0.0,0.0,0.0,0.0,0.0,0.0,0.13079885792039397,0.013540413295886884
ICEWS05-15,4229,3503,170,800,4680,0,0,5244.5,0.0,0.0,0.0,0.0,0.0,0.0,0.0,0.13079885792039397,0.013540413295886884
ICEWS05-15,4230,5276,56,2568,3970,3414,0,6.0,0.011373821296576377,1.0,0.01307411536551412,0.0,1.0,0.7698325504154758,0.5,0.15035181370978395,0.20257929262495333
ICEWS05-15,4231,7587,137,1924,9037,0,0,5244.5,0.0,0.0,0.0,0.0,0.0,0.0,0.0,0.13079885792039397,0.013540413295886884
ICEWS05-15,4232,2027,152,1642,346,346,1,1.0,0.09798809389722687,1.0,0.18210685593674916,0.0,1.0,0.3680641053318635,0.5,0.17290569154147412,0.14207172668120388
ICEWS05-15,4233,9958,125,2025,10015,0,0,5244.5,0.0,0.0,0.0,0.0,0.0,0.0,0.0,0.13079885792039397,0.013540413295886884
ICEWS05-15,4234,4541,245,2221,10392,7610,0,5247.5,0.008112739530424396,1.0,0.01415193225412354,0.0,1.0,0.4017973014843593,0.5,0.15043422584439892,0.12738344914248959
ICEWS05-15,4235,10126,168,3946,1757,1757,1,1.0,0.039477413577470186,14.0,0.03963330650395579,0.0005534147115472399,0.9994465852884528,0.9910708045800299,0.5,0.21892997074162457,0.345464218093876
ICEWS05-15,4236,10126,152,3807,19,3931,0,5245.5,0.8564127056253706,1.0,1.0,0.0,1.0,0.7488826693312914,0.5,0.3270569872731802,0.4093353276251294
ICEWS05-15,4237,10432,144,2435,6431,0,0,5244.5,0.0,0.0,0.0,0.0,0.0,0.0,0.0,0.13079885792039397,0.013540413295886884
ICEWS05-15,4238,7861,180,3713,3391,1677,0,5245.0,0.07180772661652553,2.0,0.03661481783863936,0.0,1.0,0.9999999999860738,0.5,0.16570622923049885,0.28403377557593906
ICEWS05-15,4239,9301,172,13,4680,0,0,5244.5,0.0,0.0,0.0,0.0,0.0,0.0,0.0,0.13079885792039397,0.013540413295886884
ICEWS05-15,4240,9964,180,3579,9734,3623,0,5248.5,0.00027096513470157,2.0,0.0002749445998272359,0.0,1.0,0.9714655986239793,0.5,0.16003082298447138,0.26794453024400966
ICEWS05-15,4241,9964,224,2251,1570,5363,0,5247.5,0.08799102938296846,1.0,0.13005041040272958,0.0,1.0,0.5112494103630577,0.5,0.16594060432370766,0.16283177431365778
ICEWS05-15,4242,1760,137,2852,6570,8863,0,2.0,4.52865239804898e-05,6.0,2.656709482715224e-05,0.41335543463602475,1.0,0.9999998537217042,0.7066777173180123,0.18595264718544968,0.45374469409641444
ICEWS05-15,4243,1760,170,3211,3386,5496,0,5245.5,4.211767248744923e-06,1.0,4.211767248816734e-06,0.0,1.0,0.9999997625359317,0.5,0.14864811608854328,0.26178463913929995
ICEWS05-15,4244,2462,180,292,3388,0,0,5244.5,0.0,0.0,0.0,0.0,0.0,0.0,0.0,0.13079885792039397,0.013540413295886884
ICEWS05-15,4245,9865,168,1886,1773,3623,0,5246.0,0.6587247255833405,2.0,0.6597539553864471,0.00028036530757558076,0.9997196346924244,0.9963268611946405,0.5,0.2743598486803666,0.43110162995814316
ICEWS05-15,4246,3047,172,2897,2468,2468,1,1.0,0.39056221979105177,3.0,0.36421371187349827,0.06746302274615756,1.0,0.9999999999974396,0.5337315113730787,0.2287977009469472,0.39476030579121624
ICEWS05-15,4247,2669,137,2202,9363,0,0,5244.5,0.0,0.0,0.0,0.0,0.0,0.0,0.0,0.13079885792039397,0.013540413295886884
ICEWS05-15,4248,7918,172,1394,4789,6538,0,5246.5,5.7502359601509776e-05,1.0,5.866490161487311e-05,0.0,1.0,0.9611368153666835,0.5,0.14865526313313818,0.25062396242205504
ICEWS05-15,4249,9555,56,65,3766,0,0,5244.5,0.0,0.0,0.0,0.0,0.0,0.0,0.0,0.13079885792039397,0.013540413295886884
ICEWS05-15,4250,3962,56,254,10070,0,0,5244.5,0.0,0.0,0.0,0.0,0.0,0.0,0.0,0.13079885792039397,0.013540413295886884
ICEWS05-15,4251,3470,180,2724,1677,0,0,5244.5,0.0,0.0,0.0,0.0,0.0,0.0,0.0,0.13079885792039397,0.013540413295886884
ICEWS05-15,4252,3968,180,984,9984,1677,0,5245.0,0.002243551474603584,1.0,0.002243551474603584,0.0,1.0,0.9999999995542781,0.5,0.14894293033309383,0.2622378985364087
ICEWS05-15,4253,1211,56,2801,4680,5739,0,5247.0,0.9433922709835059,1.0,1.0,0.0,1.0,0.8928500569087604,0.5,0.32915774606651854,0.4623547318123994
ICEWS05-15,4254,9281,172,324,8370,1677,0,2.0,0.026075925145298745,1.0,0.043758718103237663,0.0,1.0,0.4244024063618952,0.5,0.15424333927735728,0.13481695425694157
ICEWS05-15,4255,9281,111,2208,2253,4698,0,5247.5,0.009908406845267203,2.0,0.00990832662598894,8.09634728526909e-06,1.0,0.999999999369299,0.5000040481736426,0.16138148691161008,0.2784962352643442
ICEWS05-15,4256,10154,125,2192,1785,0,0,5244.5,0.0,0.0,0.0,0.0,0.0,0.0,0.0,0.13079885792039397,0.013540413295886884
ICEWS05-15,4257,10303,168,2884,10253,6711,0,5245.5,0.30475341355111885,1.0,0.30475341355111885,0.0,1.0,0.9999999999967187,0.5,0.1933370004334519,0.3278875315885553
ICEWS05-15,4258,8769,56,461,3315,10426,0,5245.0,0.04463396289151099,1.0,0.04463396289151099,0.0,1.0,0.9999999999775956,0.5,0.15461511161880445,0.2709115908238395
ICEWS05-15,4259,8862,110,2753,7953,0,0,5244.5,0.0,0.0,0.0,0.0,0.0,0.0,0.0,0.13079885792039397,0.013540413295886884
ICEWS05-15,4260,8862,54,3321,6431,0,0,5244.5,0.0,0.0,0.0,0.0,0.0,0.0,0.0,0.13079885792039397,0.013540413295886884
ICEWS05-15,4261,2212,0,1030,7940,0,0,5244.5,0.0,0.0,0.0,0.0,0.0,0.0,0.0,0.13079885792039397,0.013540413295886884
ICEWS05-15,4262,8969,243,3336,3351,0,0,5244.5,0.0,0.0,0.0,0.0,0.0,0.0,0.0,0.13079885792039397,0.013540413295886884
ICEWS05-15,4263,6950,56,3092,5406,1459,0,2.0,0.844367087783473,2.0,0.9803906099397734,4.607538184320248e-08,0.9999999539246182,0.7563206118401371,0.5,0.3420624578349721,0.42513423187505905
ICEWS05-15,4264,6950,111,3251,4680,3414,0,5248.0,0.005699816001404829,1.0,0.015318603280308962,0.0,1.0,0.22856505325375645,0.5,0.15053912228352467,0.1011632620433133
ICEWS05-15,4265,6950,167,3251,4680,4680,1,1.0,0.9238395946073272,5.0,0.9238395952400507,0.0,1.0,0.9999999986291486,0.5,0.3660197529501469,0.5328995860228166
ICEWS05-15,4266,3401,95,3191,8068,5220,0,5245.0,5.0685006579451116e-26,1.0,5.0685006579451116e-26,0.0,1.0,5.068500657944855e-14,0.5,0.148647562053741,0.07273787579081503
ICEWS05-15,4267,571,172,934,537,0,0,5244.5,0.0,0.0,0.0,0.0,0.0,0.0,0.0,0.13079885792039397,0.013540413295886884
ICEWS05-15,4268,2470,172,1893,9734,9734,1,1.0,1.3640585258511416e-05,19.0,1.3023065150959787e-05,0.0452709389462721,0.9999999091729405,0.9999996203287318,0.5226354240596063,0.22246181484517646,0.3667593500086986
ICEWS05-15,4269,4855,56,3772,5563,1539,0,5245.0,2.7787301015739296e-06,1.0,2.7787301015739296e-06,0.0,1.0,0.9999996401235084,0.5,0.1486479275802019,0.26178431359814625
ICEWS05-15,4270,500,167,3744,3425,3425,1,1.0,0.9611657480580811,1.0,0.9611657480580811,0.0,1.0,0.9999999999989596,0.5,0.32165827452506307,0.4923161816292328
ICEWS05-15,4271,8108,172,3753,5066,9156,0,5248.0,0.5216605085588675,4.0,0.4183716916964515,0.46995803258338187,0.9735510765730301,0.49354073415460487,0.721754554578206,0.24926639028214537,0.3698673964639599
ICEWS05-15,4272,8299,172,3561,7904,4108,0,5245.0,2.1539627916104112e-14,1.0,2.1539627916104112e-14,0.0,1.0,0.021085455059676936,0.5,0.14864756205374385,0.07491279224758676
ICEWS05-15,4273,6095,56,3471,10367,3932,0,5248.0,0.0006687511458752852,1.0,0.000850147034468872,0.0,1.0,0.64830181107887,0.5,0.1487569122218553,0.17272782550280077
ICEWS05-15,4274,2728,180,2299,4680,0,0,5244.5,0.0,0.0,0.0,0.0,0.0,0.0,0.0,0.13079885792039397,0.013540413295886884
ICEWS05-15,4275,4419,168,2008,7314,9734,0,5245.0,1.217621878303041e-11,1.0,1.217621878303041e-11,0.0,1.0,0.9241056925004998,0.5,0.14864756205534274,0.24026706078715981
ICEWS05-15,4276,7779,172,73,6102,2509,0,5245.0,0.4267397988666503,1.0,0.4267397988666503,0.0,1.0,0.9999999999976567,0.5,0.21388374098406263,0.3566162526923516
ICEWS05-15,4277,548,224,3958,7503,0,0,5244.5,0.0,0.0,0.0,0.0,0.0,0.0,0.0,0.13079885792039397,0.013540413295886884
ICEWS05-15,4278,7916,41,69,1744,1744,1,1.0,0.8705505632961241,1.0,0.8705505632961241,0.0,1.0,0.9999999999988514,0.5,0.3014607212793895,0.4686467468426493
ICEWS05-15,4279,7916,245,1172,1744,0,0,5244.5,0.0,0.0,0.0,0.0,0.0,0.0,0.0,0.13079885792039397,0.013540413295886884
ICEWS05-15,4280,860,56,3688,1414,530,0,2.0,0.11330244217309171,2.0,0.5630865404461788,0.0,1.0,0.05462771065893559,0.5,0.2455923913857032,0.1427988546357547
ICEWS05-15,4281,860,172,3405,6354,6354,1,1.0,0.8207082308293039,3.0,0.9423178739918808,0.5172889047406961,0.4827110952593039,0.2661556911853805,0.5,0.347417478914052,0.25220000563036665
ICEWS05-15,4282,860,170,3520,10090,6354,0,5246.0,0.03316290697916791,1.0,0.03316290697916791,0.0,1.0,0.9999999999698459,0.5,0.15306299383356292,0.26854673814227775
ICEWS05-15,4283,5518,116,3058,5399,0,0,5244.5,0.0,0.0,0.0,0.0,0.0,0.0,0.0,0.13079885792039397,0.013540413295886884
ICEWS05-15,4284,577,172,1556,9734,6328,0,2.0,1.0554420837941745,2.0,1.0,0.0,1.0,0.36814886519775775,0.5,0.35143053946915725,0.2952963697706298
ICEWS05-15,4285,387,56,711,1367,1367,1,1.0,0.5852079824371421,2.0,0.9423178739918808,0.0,1.0,0.18595109432689627,0.5,0.32785266153734,0.23171735510037714
ICEWS05-15,4286,5077,172,2165,8772,4684,0,5245.5,0.3164812866446392,1.0,0.4439814878222891,0.0,1.0,0.5537907735905064,0.5,0.2145491829698795,0.2238737629441928
ICEWS05-15,4287,3156,168,2914,1755,0,0,5244.5,0.0,0.0,0.0,0.0,0.0,0.0,0.0,0.13079885792039397,0.013540413295886884
ICEWS05-15,4288,3156,180,2991,7287,0,0,5244.5,0.0,0.0,0.0,0.0,0.0,0.0,0.0,0.13079885792039397,0.013540413295886884
ICEWS05-15,4289,5564,6,3568,6102,1741,0,5247.0,0.0004211150955911142,3.0,0.0003556774530014629,0.1566514003536894,0.9999999999995681,0.9970206893374144,0.5783257001766288,0.16851263856799092,0.33666131424960305
ICEWS05-15,4290,1555,172,503,9460,0,0,5244.5,0.0,0.0,0.0,0.0,0.0,0.0,0.0,0.13079885792039397,0.013540413295886884
ICEWS05-15,4291,6933,245,952,6352,6352,1,1.0,5.998135146267962e-05,2.0,5.638669404541322e-05,0.05992958360571443,1.0,0.9999999833281518,0.5299647918028572,0.1600003990267176,0.2947999652378344
ICEWS05-15,4292,8265,91,1801,1398,7938,0,5249.0,1.620003514150789,27.0,0.8879629756445782,0.4700314296564664,0.9913330077853385,0.93587784899229,0.7306822187209024,0.4561063177415331,0.7233705356504117
ICEWS05-15,4293,8265,181,441,7938,7938,1,1.0,3.021066150193489,10.0,0.9803906099397734,0.04600311064455287,0.9999999999999999,0.9987617933493996,0.5230015553222764,0.46581035639888574,0.5836554167921517
ICEWS05-15,4294,4837,167,311,5737,10392,0,5245.0,0.010411750403926764,2.0,0.005257422627470144,0.0,1.0,0.9999999999039546,0.5,0.16080447059436945,0.2775007029667166
ICEWS05-15,4295,1116,168,3820,1740,1740,1,1.0,0.0006071268990209868,1.0,0.0006071268990209868,0.0,1.0,0.9999999983528979,0.5,0.1487274438428076,0.2619066741598845
ICEWS05-15,4296,6350,175,2947,7288,7288,1,1.0,0.9668565873061045,2.0,0.9611657480580811,0.005885918679914504,1.0,0.9999999999989657,0.5029429593399573,0.34106000324803176,0.5131025637479102
ICEWS05-15,4297,9254,172,982,3124,3124,1,1.0,0.23260575608678835,15.0,0.17503487241295065,0.4243959007366196,0.8163433325890452,0.6193369326300824,0.6203696166628324,0.24768399674086106,0.3304730133046192
ICEWS05-15,4298,9254,111,108,9568,8845,0,5245.0,0.4528618321319533,1.0,0.4528618321319533,0.0,1.0,0.9999999999977919,0.5,0.21848457539457672,0.3629134576677383
ICEWS05-15,4299,322,168,390,4684,0,0,5244.5,0.0,0.0,0.0,0.0,0.0,0.0,0.0,0.13079885792039397,0.013540413295886884
ICEWS05-15,4300,423,172,1718,4684,4684,1,1.0,1.2912047067666503,49.0,0.7730166686334901,0.5815907078343596,0.7342406678422427,0.5371466469315234,0.6579156878383012,0.45150808739143183,0.5253141697841234
ICEWS05-15,4301,423,172,1438,4684,4684,1,1.0,4.730800425636174,39.0,0.9423178739918808,0.8010854866679136,0.9325279808110004,0.8253230211337579,0.8668067337394569,0.5724437714541748,0.7810659289960504
ICEWS05-15,4302,1016,172,2456,9419,5107,0,5247.5,0.7994616023752068,1.0,0.9611657480580811,0.0,1.0,0.7119806193316013,0.5,0.3178050234345448,0.38633365998765984
ICEWS05-15,4303,497,245,2664,1770,1770,1,1.0,4.124725213901712,28.0,0.9803906099397734,0.43388861877773266,0.8441866884537418,0.680239338607751,0.6390376536157372,0.547818126333116,0.5864262561932522
ICEWS05-15,4304,497,250,2402,5316,1770,0,2.0,0.8527898746767955,4.0,0.9611657480580811,0.0,1.0,0.132539169967083,0.5,0.3631982885784324,0.2369239332885911
ICEWS05-15,4305,2667,172,1404,1677,6366,0,5245.5,0.03574494939764975,1.0,0.037347173124076184,0.0,1.0,0.917727931293261,0.5,0.15360484851980608,0.24569156033789388
ICEWS05-15,4306,10318,168,3751,9973,9973,1,1.0,3.0841713484560097e-07,1.0,3.084261811883434e-07,0.0,1.0,0.9999380984340338,0.5,0.14864760262532445,0.261765871710166
ICEWS05-15,4307,4773,111,45,8370,0,0,5244.5,0.0,0.0,0.0,0.0,0.0,0.0,0.0,0.13079885792039397,0.013540413295886884
ICEWS05-15,4308,7921,180,1817,1799,0,0,5244.5,0.0,0.0,0.0,0.0,0.0,0.0,0.0,0.13079885792039397,0.013540413295886884
ICEWS05-15,4309,3594,168,1025,9962,0,0,5244.5,0.0,0.0,0.0,0.0,0.0,0.0,0.0,0.13079885792039397,0.013540413295886884
ICEWS05-15,4310,3716,172,1840,6977,9114,0,5248.5,0.3076849490046874,2.0,0.3234082913657485,8.390643291278366e-09,0.9999999916093567,0.9072729096327248,0.5,0.21018028875787906,0.3178916976006592
ICEWS05-15,4311,5243,172,3714,9423,0,0,5244.5,0.0,0.0,0.0,0.0,0.0,0.0,0.0,0.13079885792039397,0.013540413295886884
ICEWS05-15,4312,6729,245,1755,1782,7972,0,2.0,0.3609638869695227,8.0,0.5412194958693883,0.013306571236094467,0.9866934287639055,0.4903914890983609,0.5,0.29321288127705286,0.27651842986994357
ICEWS05-15,4313,2630,172,270,5931,0,0,5244.5,0.0,0.0,0.0,0.0,0.0,0.0,0.0,0.13079885792039397,0.013540413295886884
ICEWS05-15,4314,5035,180,447,6539,0,0,5244.5,0.0,0.0,0.0,0.0,0.0,0.0,0.0,0.13079885792039397,0.013540413295886884
ICEWS05-15,4315,8462,172,1670,6341,0,0,5244.5,0.0,0.0,0.0,0.0,0.0,0.0,0.0,0.13079885792039397,0.013540413295886884
ICEWS05-15,4316,10192,137,409,3905,3426,0,4.0,0.16726096157904452,1.0,0.16823752407904452,0.0,1.0,0.9884576689773632,0.5,0.17214796933707602,0.2935853098521535
ICEWS05-15,4317,8980,167,2657,4853,0,0,5244.5,0.0,0.0,0.0,0.0,0.0,0.0,0.0,0.13079885792039397,0.013540413295886884
ICEWS05-15,4318,7942,161,153,6180,0,0,5244.5,0.0,0.0,0.0,0.0,0.0,0.0,0.0,0.13079885792039397,0.013540413295886884
ICEWS05-15,4319,3388,180,2381,4680,4680,1,1.0,0.9635791724897643,2.0,0.9803906099397734,0.009433701896739533,0.9905662981032605,0.9485208034180637,0.5,0.3450078637768142,0.49632927032829904
ICEWS05-15,4320,3388,186,2195,9568,0,0,5244.5,0.0,0.0,0.0,0.0,0.0,0.0,0.0,0.13079885792039397,0.013540413295886884
ICEWS05-15,4321,1745,168,3698,1768,6841,0,4.0,0.42547648522850284,1.0,0.4267397988666503,0.0,1.0,0.9940967081699419,0.5,0.21386047064316172,0.3545799483662464
ICEWS05-15,4322,4719,167,573,9568,9568,1,1.0,0.7730166686334901,1.0,0.7730166686334901,0.0,1.0,0.9999999999987064,0.5,0.2805503014406317,0.4433297607917655
ICEWS05-15,4323,7641,64,380,8002,0,0,5244.5,0.0,0.0,0.0,0.0,0.0,0.0,0.0,0.13079885792039397,0.013540413295886884
ICEWS05-15,4324,3256,172,590,8658,6322,0,5245.0,0.17160254532566316,1.0,0.17160254532566316,0.0,1.0,0.9999999999941726,0.5,0.17266230361134266,0.2979426631182604
ICEWS05-15,4325,1376,137,2249,1741,1741,1,1.0,2.000981351127717e-11,2.0,1.997716554040826e-11,0.0016315979581972284,1.0,0.9524031948468632,0.5008157989790987,0.15999246888183102,0.26276036774788714
ICEWS05-15,4326,1376,168,3237,1741,1741,1,1.0,0.00011396393226449056,15.0,0.00014588739501592276,0.4646755102605815,0.5353244897394185,0.2643690635383871,0.5,0.21431611208967116,0.13976135354370578
ICEWS05-15,4327,7627,56,3722,1276,1276,1,1.0,2.1480046861502788e-06,1.0,2.1480046861502788e-06,0.0,1.0,0.9999995344518843,0.5,0.14864784461172303,0.26178415521648607
ICEWS05-15,4328,9237,59,1475,6213,6213,1,1.0,2.4190250551730852e-06,1.0,2.4190250551730852e-06,0.0,1.0,0.9999995866104883,0.5,0.14864788026296566,0.2617842252410249
ICEWS05-15,4329,3853,172,726,5737,6340,0,4.0,0.03888880511207912,1.0,0.20106227000787236,0.0,1.0,0.10706216755431795,0.5,0.17450631645754872,0.10239429179761801
ICEWS05-15,4330,3253,172,188,5737,8421,0,5246.0,0.02592278588581163,1.0,0.07618835338777971,0.0,1.0,0.20499788146710055,0.5,0.15821619104366133,0.10381077674199804
ICEWS05-15,4331,3253,180,2913,4680,4680,1,1.0,0.0011680147676718833,3.0,0.0006071268990209868,0.0,1.0,0.9999999991438464,0.5,0.1685568709110062,0.2872250311798142
ICEWS05-15,4332,7505,41,642,1748,1748,1,1.0,2.2872472474859133,9.0,0.8534795977333005,0.636825391751191,0.9989355697067624,0.9479407529359517,0.8178804807289768,0.411970818835391,0.7323337016610505
ICEWS05-15,4333,7505,161,1523,3348,1748,0,5245.5,1.3784793871177385,7.0,0.7141434062641757,0.48193416331350303,1.0,0.999999077994589,0.7409670816567515,0.3468726118766601,0.6635426292139937
ICEWS05-15,4334,6063,167,2328,9423,9423,1,1.0,0.4057236642639067,1.0,0.9057236642639067,0.0,1.0,0.28862263229812757,0.5,0.2976382189082079,0.23971774263649118
ICEWS05-15,4335,3926,167,2689,1677,1133,0,4.0,2.882142849313368e-10,1.0,2.8950066519784325e-10,0.0,1.0,0.987755588918188,0.5,0.14864756209180535,0.258229708701378
ICEWS05-15,4336,3926,19,1159,4867,0,0,5244.5,0.0,0.0,0.0,0.0,0.0,0.0,0.0,0.13079885792039397,0.013540413295886884
ICEWS05-15,4337,414,168,3642,3605,3605,1,1.0,8.69964735348978e-12,2.0,8.695566357131165e-12,0.0004690990557194574,1.0,0.8969034683884445,0.5002345495278597,0.1599924688802546,0.24654073142980346
ICEWS05-15,4338,3966,172,1195,1677,5715,0,5.0,0.08926756079399113,1.0,0.08926792578302195,0.0,1.0,0.999991822638752,0.5,0.1607769840784023,0.28023428264600364
ICEWS05-15,4339,2516,55,420,47,0,0,5244.5,0.0,0.0,0.0,0.0,0.0,0.0,0.0,0.13079885792039397,0.013540413295886884
ICEWS05-15,4340,2241,143,1334,1776,0,0,5244.5,0.0,0.0,0.0,0.0,0.0,0.0,0.0,0.13079885792039397,0.013540413295886884
ICEWS05-15,4341,5147,172,70,3917,6103,0,5245.0,0.9238395952400507,1.0,0.9238395952400507,0.0,1.0,0.9999999999989175,0.5,0.31325182707748045,0.4825560412038039
ICEWS05-15,4342,2515,168,1173,7654,0,0,5244.5,0.0,0.0,0.0,0.0,0.0,0.0,0.0,0.13079885792039397,0.013540413295886884
ICEWS05-15,4343,1720,172,2718,8039,3425,0,5245.5,0.004632639982463976,1.0,0.004668396640509522,0.0,1.0,0.9847978344800419,0.5,0.14926221314706475,0.258311005444719
ICEWS05-15,4344,8226,125,375,1782,0,0,5244.5,0.0,0.0,0.0,0.0,0.0,0.0,0.0,0.13079885792039397,0.013540413295886884
ICEWS05-15,4345,9938,168,2147,8833,4853,0,5246.0,0.9597145817600958,1.0,0.9611657480580811,0.0,1.0,0.9969849557454442,0.5,0.32162358548053704,0.4911849550066699
ICEWS05-15,4346,8674,225,2089,1776,0,0,5244.5,0.0,0.0,0.0,0.0,0.0,0.0,0.0,0.13079885792039397,0.013540413295886884
ICEWS05-15,4347,9220,224,1879,2609,2609,1,1.0,0.90799273112677,5.0,0.8879629756445782,0.02211781080227826,1.0,0.9998805067626825,0.5110589054011392,0.3579143178453196,0.5317050375570265
ICEWS05-15,4348,2664,172,941,6036,5437,0,3.0,0.15383962787630723,1.0,0.9423178739918808,0.0,1.0,0.08888373742521874,0.5,0.29898475290462956,0.1957948987159786
ICEWS05-15,4349,4154,137,115,1318,1318,1,1.0,0.9803906099397734,1.0,0.9803906099397734,0.0,1.0,0.99999999999898,0.5,0.3260339726748778,0.49734590524081324
ICEWS05-15,4350,8671,184,1399,10120,9423,0,5245.5,1.2009401899931303e-11,1.0,1.3443635474541952e-11,0.0,1.0,0.7563610622278211,0.5,0.14864756205548954,0.19713703354587772
ICEWS05-15,4351,4943,56,3017,5737,2296,0,5247.5,0.7379438900158843,1.0,0.7429971445684742,0.0,1.0,0.9864895345045721,0.5,0.2741852024043612,0.43060515921995335
ICEWS05-15,4352,2059,172,3884,4394,0,0,5244.5,0.0,0.0,0.0,0.0,0.0,0.0,0.0,0.13079885792039397,0.013540413295886884
ICEWS05-15,4353,9822,224,823,3425,1677,0,5245.0,0.0002749445998272359,1.0,0.0002749445998272359,0.0,1.0,0.9999999963629037,0.5,0.1486837330788862,0.26183947047413875
ICEWS05-15,4354,95,225,3623,1741,1426,0,5245.5,0.000408566105172316,1.0,0.000408566105172316,0.0,1.0,0.9999999975524156,0.5,0.14870131461351152,0.26186650217018914
ICEWS05-15,4355,5456,161,3441,530,1340,0,5252.5,1.3112935618623714e-08,2.0,1.3231679434248475e-08,0.0,1.0,0.98213766227119,0.5,0.15999247072571943,0.2710575471322893
ICEWS05-15,4356,9289,6,31,8002,0,0,5244.5,0.0,0.0,0.0,0.0,0.0,0.0,0.0,0.13079885792039397,0.013540413295886884
ICEWS05-15,4357,256,167,1262,4680,5739,0,1.0,1.0,2.0,1.0,0.0,1.0,0.3377486972983249,0.5,0.3500473340852649,0.286018482194804
ICEWS05-15,4358,502,180,3703,2252,0,0,5244.5,0.0,0.0,0.0,0.0,0.0,0.0,0.0,0.13079885792039397,0.013540413295886884
ICEWS05-15,4359,3312,56,2012,2,8804,0,5245.5,0.000416738084733684,1.0,0.00041673808483071336,0.0,1.0,0.9999999971347502,0.5,0.14870238991484228,0.261868155281098
ICEWS05-15,4360,6416,172,2641,774,6345,0,2.0,2.508370511300484e-09,4.0,0.9803906099397734,2.5588083873984147e-09,0.9999999974411916,1.2792709776380572e-09,0.5,0.3459109204142451,0.2081822210681427
ICEWS05-15,4361,5780,172,3955,6126,9419,0,5246.0,0.07771224672349789,2.0,0.0777122430746864,4.69969634320222e-08,1.0,0.9999999998989056,0.5000000234984817,0.17114899871050446,0.29297476083178886
ICEWS05-15,4362,516,167,2371,1414,10070,0,5245.0,8.536866751801201e-16,1.0,8.536866751801201e-16,0.0,1.0,0.0008529585158606484,0.5,0.1486475620537411,0.07282471587217655
ICEWS05-15,4363,7872,172,918,7914,5437,0,2.0,1.2012724463124065,35.0,0.9611657480580811,0.5598463277205472,0.6136794700495687,0.3794126036095609,0.586762898885058,0.475038133615327,0.44444081496344195
ICEWS05-15,4364,7872,172,968,5437,5437,1,1.0,1.0313315312979516,37.0,0.6729500963161781,0.6525911611305513,0.5811976504477357,0.36278992568588314,0.6168944057891435,0.40734235634191973,0.38819665860603475
ICEWS05-15,4365,727,245,908,6737,3124,0,5247.0,0.6849995520303733,2.0,0.7578582832551991,0.042726892363297964,0.957273107636702,0.7624920358918622,0.5,0.29348698364755166,0.37025249831944057
ICEWS05-15,4366,727,250,1469,4719,1361,0,5248.5,0.007997650846547032,1.0,0.026671237429165648,0.0,1.0,0.17637406298659844,0.5,0.15192650913450192,0.0952562154671206
ICEWS05-15,4367,4901,172,30,4684,4684,1,1.0,0.9423178739918808,1.0,0.9423178739918808,0.0,1.0,0.9999999999989388,0.5,0.3173985466276611,0.48738659091337816
ICEWS05-15,4368,4989,45,706,7551,7551,1,1.0,1.012614527497255,5.0,0.9803906099397734,0.03182340368183434,1.0,0.9999981164145009,0.5159117018409172,0.3805963047523387,0.5592953837031456
ICEWS05-15,4369,6251,167,2013,6213,0,0,5244.5,0.0,0.0,0.0,0.0,0.0,0.0,0.0,0.13079885792039397,0.013540413295886884
ICEWS05-15,4370,5958,95,3740,3952,3623,0,2.0,0.6208964984390055,1.0,0.6597539553864471,0.0,1.0,0.8887580240979094,0.5,0.25659882135911555,0.3743908569521278
ICEWS05-15,4371,7249,172,3976,3936,530,0,5254.5,0.06674515873946624,8.0,0.3714985722842371,1.7087442572005784e-11,0.9999999999829126,0.09869865100106508,0.5,0.2554245241391896,0.1509811138942326
ICEWS05-15,4372,9870,8,1441,1782,1321,0,5245.0,0.20508383900190946,1.0,0.20508383900190946,0.0,1.0,0.9999999999951239,0.5,0.17769057827932566,0.3053240795133765
ICEWS05-15,4373,5426,6,3275,3694,3970,0,5245.5,1.4511072499888892e-18,1.0,1.451518390539933e-18,0.0,1.0,1.4511051430864792e-06,0.5,0.148647562053741,0.07273802344739308
ICEWS05-15,4374,6362,243,3698,794,794,1,1.0,2.849450241344753,42.0,0.7730166686334901,0.688625933490869,0.6018536206271525,0.41367589441480285,0.6452397770590108,0.48595136138293915,0.45268043715249096
ICEWS05-15,4375,6362,172,570,10090,0,0,5244.5,0.0,0.0,0.0,0.0,0.0,0.0,0.0,0.13079885792039397,0.013540413295886884
ICEWS05-15,4376,6362,250,3433,4856,794,0,5245.0,0.6864101813026526,1.0,0.6864101813026526,0.0,1.0,0.9999999999985432,0.5,0.2627436255121986,0.4210892178634828
ICEWS05-15,4377,9554,56,1697,2842,0,0,5244.5,0.0,0.0,0.0,0.0,0.0,0.0,0.0,0.13079885792039397,0.013540413295886884
ICEWS05-15,4378,6771,167,3665,4680,4680,1,1.0,2.08765359954963,7.0,0.9803906099397734,0.5303863580858084,1.0,0.9999999999995209,0.7651931790429042,0.42371605793510675,0.735698628059965
ICEWS05-15,4379,182,172,2160,8341,6411,0,5245.0,1.84556965268943e-11,1.0,1.84556965268943e-11,0.0,1.0,0.948601171969471,0.5,0.14864756205616877,0.24707742500562968
ICEWS05-15,4380,9171,56,3884,3992,5529,0,5246.0,0.2973330735156942,34.0,0.3108489722987456,0.08866475260704487,0.9113352473929551,0.7725936850897552,0.5,0.3079474575094572,0.36840922576356555
ICEWS05-15,4381,1294,23,1417,3607,3607,1,1.0,2.182413210787738e-09,1.0,2.182413210787738e-09,0.0,1.0,0.9995420014887428,0.5,0.14864756234082502,0.26165034828941397
ICEWS05-15,4382,1294,224,481,3495,3495,1,1.0,0.04375470922199237,3.0,0.18946457081379975,0.4175661000507813,0.5824338999492187,0.07210239786080119,0.5,0.19535128545916997,0.10377246386051152
ICEWS05-15,4383,9003,59,3908,10015,8370,0,5244.0,1.0,1.0,1.0,0.0,1.0,0.9999999999989999,0.5,0.3305286386634707,0.5024767778727223
ICEWS05-15,4384,10117,172,375,1008,585,0,5245.0,0.9803906099397734,1.0,0.9803906099397734,0.0,1.0,0.99999999999898,0.5,0.3260339726748778,0.49734590524081324
ICEWS05-15,4385,7539,56,3686,5262,6590,0,5246.5,2.3748663100689367e-10,1.0,2.3748763124952095e-10,0.0,1.0,0.9957985398340149,0.5,0.14864756208498114,0.26056076116020477
ICEWS05-15,4386,6403,168,1892,7927,8826,0,5245.0,2.5807356637448735e-07,1.0,2.5807356637448735e-07,0.0,1.0,0.999996125150905,0.5,0.14864759600184935,0.26178277896358504
ICEWS05-15,4387,3951,6,3865,5981,0,0,5244.5,0.0,0.0,0.0,0.0,0.0,0.0,0.0,0.13079885792039397,0.013540413295886884
ICEWS05-15,4388,9954,56,167,7964,0,0,5244.5,0.0,0.0,0.0,0.0,0.0,0.0,0.0,0.13079885792039397,0.013540413295886884
ICEWS05-15,4389,5105,225,1823,480,0,0,5244.5,0.0,0.0,0.0,0.0,0.0,0.0,0.0,0.13079885792039397,0.013540413295886884
ICEWS05-15,4390,9300,180,1003,3945,0,0,5244.5,0.0,0.0,0.0,0.0,0.0,0.0,0.0,0.13079885792039397,0.013540413295886884
ICEWS05-15,4391,4566,95,1259,2940,7972,0,5247.5,5.249123500978629e-07,1.0,5.264709061020907e-07,0.0,1.0,0.9940948255219639,0.5,0.1486476312863891,0.26006595144619976
ICEWS05-15,4392,4401,152,1517,5739,0,0,5244.5,0.0,0.0,0.0,0.0,0.0,0.0,0.0,0.13079885792039397,0.013540413295886884
ICEWS05-15,4393,10426,56,327,6270,6268,0,3.5,0.06359011778457413,3.0,0.4901953049698867,0.5834294201223862,0.41657057987761387,0.027769943366305835,0.5,0.24346321621254413,0.12758396275892864
ICEWS05-15,4394,3802,167,367,6213,0,0,5244.5,0.0,0.0,0.0,0.0,0.0,0.0,0.0,0.13079885792039397,0.013540413295886884
ICEWS05-15,4395,3964,111,39,7837,9276,0,5244.0,1.0,1.0,1.0,0.0,1.0,0.9999999999989999,0.5,0.3305286386634707,0.5024767778727223
ICEWS05-15,4396,9511,172,857,1555,9460,0,3.0,0.050708773727301995,1.0,0.16170414568287425,0.0,1.0,0.1859510943262735,0.5,0.16947893923743004,0.10969393394920518
ICEWS05-15,4397,4316,172,1022,9962,10386,0,5252.0,0.6135697939473205,1.0,0.6216979445974911,0.0,1.0,0.9741892223520479,0.5,0.24975623804351027,0.3953576092051817
ICEWS05-15,4398,8962,172,671,6322,6322,1,1.0,0.02484310126999789,1.0,0.6341329040632923,0.0,1.0,0.01997961041967947,0.5,0.23996903067783126,0.13680609591541157
ICEWS05-15,4399,8962,56,353,6322,1237,0,5247.0,0.0019257737443468814,2.0,0.5100008047105996,0.38805466953545376,0.6119453304645462,0.0011566956057057307,0.5,0.23436497489505168,0.12224103768033787
ICEWS05-15,4400,8962,196,334,2931,0,0,5244.5,0.0,0.0,0.0,0.0,0.0,0.0,0.0,0.13079885792039397,0.013540413295886884
ICEWS05-15,4401,8979,172,3474,2195,1317,0,5246.0,1.5178238954974993e-12,3.0,1.5524703444194536e-12,1.8999013473575133e-09,0.9999999981000987,0.5866854932653576,0.5,0.1684598383104765,0.17754405435792056
ICEWS05-15,4402,5432,168,1129,2852,0,0,5244.5,0.0,0.0,0.0,0.0,0.0,0.0,0.0,0.13079885792039397,0.013540413295886884
ICEWS05-15,4403,8768,167,158,1677,4684,0,5245.5,0.7086520347467973,2.0,0.5,0.0,1.0,0.5572309030876945,0.5,0.2468101083523393,0.2478282872284558
ICEWS05-15,4404,4526,172,52,7972,0,0,5244.5,0.0,0.0,0.0,0.0,0.0,0.0,0.0,0.13079885792039397,0.013540413295886884
ICEWS05-15,4405,8928,105,769,1677,0,0,5244.5,0.0,0.0,0.0,0.0,0.0,0.0,0.0,0.13079885792039397,0.013540413295886884
ICEWS05-15,4406,8089,59,3993,1779,1779,1,1.0,0.0009574127050193098,1.0,0.0009574127050193098,0.0,1.0,0.9999999989555184,0.5,0.14877354827431766,0.2619775519765854
ICEWS05-15,4407,3610,152,3799,6838,0,0,5244.5,0.0,0.0,0.0,0.0,0.0,0.0,0.0,0.13079885792039397,0.013540413295886884
ICEWS05-15,4408,350,64,1749,1784,1784,1,1.0,1.1189441988920828e-10,1.0,1.1189441988920828e-10,0.0,1.0,0.9911421662737505,0.5,0.14864756206846008,0.25920956607434714
ICEWS05-15,4409,8842,56,1034,7837,9276,0,2.0,0.0017342670943537963,2.0,0.0017343026868058171,3.0679573540526306e-06,0.999996932042646,0.9999528194880373,0.5,0.16023489403162472,0.2767637093437453
ICEWS05-15,4410,856,167,241,1677,1677,1,1.0,2.6210582068892774,3.0,0.9423178739918808,0.6404818971531954,1.0,0.9999999999996184,0.8202409485765977,0.3933701826098017,0.7336636606405408
ICEWS05-15,4411,8831,111,1320,4684,0,0,5244.5,0.0,0.0,0.0,0.0,0.0,0.0,0.0,0.13079885792039397,0.013540413295886884
ICEWS05-15,4412,1300,168,383,4684,0,0,5244.5,0.0,0.0,0.0,0.0,0.0,0.0,0.0,0.13079885792039397,0.013540413295886884
ICEWS05-15,4413,141,167,395,9734,0,0,5244.5,0.0,0.0,0.0,0.0,0.0,0.0,0.0,0.13079885792039397,0.013540413295886884
ICEWS05-15,4414,4482,172,72,1300,0,0,5244.5,0.0,0.0,0.0,0.0,0.0,0.0,0.0,0.13079885792039397,0.013540413295886884
ICEWS05-15,4415,3884,172,55,3628,0,0,5244.5,0.0,0.0,0.0,0.0,0.0,0.0,0.0,0.13079885792039397,0.013540413295886884
ICEWS05-15,4416,2791,152,2823,5739,5739,1,1.0,3.0971033301512787e-19,1.0,3.0971033301512787e-19,0.0,1.0,3.097102370946672e-07,0.5,0.148647562053741,0.07273790730521941
ICEWS05-15,4417,3524,6,3708,2253,2253,1,1.0,3.2537069704251316,4.0,0.8879629756445782,0.23758029707650263,1.0,0.9999999999996926,0.6187901485382513,0.4093772151096408,0.5941471658641567
ICEWS05-15,4418,791,245,3299,1741,1942,0,5253.0,1.0199840877102155,3.0,0.9238395952400507,0.059885418113189925,0.9401145818868101,0.3694142007737801,0.5,0.3484723334731337,0.28859761423827607
ICEWS05-15,4419,791,168,3380,1096,0,0,5244.5,0.0,0.0,0.0,0.0,0.0,0.0,0.0,0.13079885792039397,0.013540413295886884
ICEWS05-15,4420,5977,172,1859,2107,8962,0,5247.0,0.000508003761222323,2.0,0.013602352551501933,0.0897172666341951,0.9102827333658049,0.017291984304160513,0.5,0.16170726128382254,0.08013053184180337
ICEWS05-15,4421,9920,172,153,9568,9568,1,1.0,0.597554769985219,1.0,0.597554769985219,0.0,1.0,0.9999999999983266,0.5,0.2452482424001741,0.39859998844958006
ICEWS05-15,4422,7053,180,1789,5262,6590,0,5245.0,2.120002824076794e-11,1.0,2.120002824076794e-11,0.0,1.0,0.9549550122569841,0.5,0.14864756205652976,0.24886498630975373
ICEWS05-15,4423,3403,105,3533,4680,4680,1,1.0,0.9803906099397734,1.0,0.9803906099397734,0.0,1.0,0.99999999999898,0.5,0.3260339726748778,0.49734590524081324
ICEWS05-15,4424,722,133,97,7540,0,0,5244.5,0.0,0.0,0.0,0.0,0.0,0.0,0.0,0.13079885792039397,0.013540413295886884
ICEWS05-15,4425,1858,168,1665,1778,8644,0,3.0,0.0006075607657175197,1.0,0.0007853994922182513,0.0,1.0,0.6307481921707496,0.5,0.14874843942953112,0.16896688941503046
ICEWS05-15,4426,709,245,2469,1760,1760,1,1.0,7.74088017655867e-05,3.0,7.740880176553862e-05,6.211697822777751e-13,1.0,0.9999999870815727,0.5000000000003106,0.16847110993130798,0.28711331904414067
ICEWS05-15,4427,10475,172,1125,4775,1977,0,1.0,0.9811524305560133,3.0,1.0,0.00021549811497945104,0.9997845018850205,0.9625948922827712,0.5,0.36373393432249107,0.5202226963378633
ICEWS05-15,4428,10475,111,25,5737,0,0,5244.5,0.0,0.0,0.0,0.0,0.0,0.0,0.0,0.13079885792039397,0.013540413295886884
ICEWS05-15,4429,1137,168,115,8521,7970,0,5245.5,0.49567879882582827,1.0,0.9611657480580811,0.0,1.0,0.3474418124095178,0.5,0.31063350185715605,0.26737176283504305
ICEWS05-15,4430,9591,96,258,1008,0,0,5244.5,0.0,0.0,0.0,0.0,0.0,0.0,0.0,0.13079885792039397,0.013540413295886884
ICEWS05-15,4431,3409,137,2589,1677,10120,0,4.0,0.04599507365228227,1.0,0.04643732153552965,0.0,1.0,0.9811325961726597,0.5,0.15485394447194745,0.2656955552670919
ICEWS05-15,4432,3409,167,3547,505,6213,0,5248.5,0.07661834177071807,1.0,0.09287464307105926,0.0,1.0,0.7020771442173561,0.5,0.16104270521378622,0.19961161828464835
ICEWS05-15,4433,1561,168,3878,1774,0,0,5244.5,0.0,0.0,0.0,0.0,0.0,0.0,0.0,0.13079885792039397,0.013540413295886884
ICEWS05-15,4434,3396,180,3902,3623,3632,0,5246.0,0.043702401654077294,1.0,0.04643732153552965,0.0,1.0,0.8887616344878592,0.5,0.15482107425839964,0.23941433747960986
ICEWS05-15,4435,694,250,3699,6172,6172,1,1.0,0.9803906099397734,1.0,0.9803906099397734,0.0,1.0,0.99999999999898,0.5,0.3260339726748778,0.49734590524081324
ICEWS05-15,4436,3395,59,566,3390,0,0,5244.5,0.0,0.0,0.0,0.0,0.0,0.0,0.0,0.13079885792039397,0.013540413295886884
ICEWS05-15,4437,6076,172,511,4680,4680,1,1.0,0.22303804665794025,3.0,0.21336989943332518,0.04334752464651248,1.0,0.9999999999955165,0.5216737623232562,0.20201706668471495,0.3495066435653315
ICEWS05-15,4438,6076,56,1122,4680,5739,0,5245.5,0.03187504393549395,1.0,0.03187505029441248,0.0,1.0,0.99999960097837,0.5,0.15288953668728594,0.26828193493589103
ICEWS05-15,4439,554,172,3190,2371,4684,0,5246.0,4.152278739921893e-05,1.0,7.58908623776234e-05,0.0,1.0,0.3765933902350954,0.5,0.14865706881053528,0.12162361910754248
ICEWS05-15,4440,5383,56,382,6115,0,0,5244.5,0.0,0.0,0.0,0.0,0.0,0.0,0.0,0.13079885792039397,0.013540413295886884
ICEWS05-15,4441,4617,168,131,1748,0,0,5244.5,0.0,0.0,0.0,0.0,0.0,0.0,0.0,0.13079885792039397,0.013540413295886884
ICEWS05-15,4442,5340,137,93,9423,9423,1,1.0,0.9803906099397734,1.0,0.9803906099397734,0.0,1.0,0.99999999999898,0.5,0.3260339726748778,0.49734590524081324
ICEWS05-15,4443,8185,64,506,8186,0,0,5244.5,0.0,0.0,0.0,0.0,0.0,0.0,0.0,0.13079885792039397,0.013540413295886884
ICEWS05-15,4444,82,243,315,6352,6352,1,1.0,0.5414036522284085,8.0,0.35006974482590136,0.36296726960632253,0.9892895648181098,0.9708490789083102,0.6761284172122162,0.2615725503737892,0.5217215739626087
ICEWS05-15,4445,82,219,3782,6352,7949,0,5246.0,0.2541430193668342,1.0,0.27602237841845306,0.0,1.0,0.8531102286421309,0.5,0.18835526774295644,0.275061475329991
ICEWS05-15,4446,4848,137,237,10293,0,0,5244.5,0.0,0.0,0.0,0.0,0.0,0.0,0.0,0.13079885792039397,0.013540413295886884
ICEWS05-15,4447,4930,56,2999,3932,3932,1,1.0,0.9774302260208079,1.0,0.9803906099397734,0.0,1.0,0.9939789883003102,0.5,0.32596270893673207,0.4950866169516785
ICEWS05-15,4448,2042,225,3250,9164,0,0,5244.5,0.0,0.0,0.0,0.0,0.0,0.0,0.0,0.13079885792039397,0.013540413295886884
ICEWS05-15,4449,4145,56,3119,1459,4668,0,5249.0,0.12476685868384825,4.0,0.09287464307105926,0.14073699071011547,0.8592630092898845,0.41131066213602213,0.5,0.19020331189671977,0.15764029287463963
ICEWS05-15,4450,9004,172,3002,851,851,1,1.0,2.4975808031626537e-11,3.0,1.6627446894165494e-10,0.19373788276163684,0.8062621172383632,0.06429080730447413,0.5,0.1684598383322933,0.0876185231582317
ICEWS05-15,4451,7960,161,1558,1773,1773,1,1.0,0.0010491691186508968,2.0,0.0005608878686508965,0.46539803861923645,1.0,0.9999999990468649,0.7326990193096182,0.16007803130439782,0.4348085700169026
ICEWS05-15,4452,7960,41,902,1773,1773,1,1.0,1.006525084682288,26.0,0.8042490800314893,0.5192419843828477,0.9161919271461638,0.4302806719641666,0.7177169557645058,0.41851204632660954,0.5162307915518265
ICEWS05-15,4453,5716,64,3306,10273,0,0,5244.5,0.0,0.0,0.0,0.0,0.0,0.0,0.0,0.13079885792039397,0.013540413295886884
ICEWS05-15,4454,3201,243,3854,1770,1661,0,1.0,0.9999993608814571,1.0,1.0,0.0,1.0,0.9999987217627312,0.5,0.33052862316935766,0.5024762982597929
ICEWS05-15,4455,205,111,3366,4684,0,0,5244.5,0.0,0.0,0.0,0.0,0.0,0.0,0.0,0.13079885792039397,0.013540413295886884
ICEWS05-15,4456,2933,240,216,1742,0,0,5244.5,0.0,0.0,0.0,0.0,0.0,0.0,0.0,0.13079885792039397,0.013540413295886884
ICEWS05-15,4457,1767,137,2125,3794,7161,0,5245.5,1.2898054315524696e-15,1.0,1.6088884256218465e-15,0.0,1.0,0.0012873235086199536,0.5,0.14864756205374124,0.07286897546639828
ICEWS05-15,4458,7310,167,2770,4680,4680,1,1.0,8.003283992017623,27.0,0.9611657480580811,0.678089171215495,1.0,0.999999999999875,0.8390445856077475,0.643682328498319,0.7963046773485776
ICEWS05-15,4459,7310,180,621,4680,4680,1,1.0,4.471317035711687,8.0,0.9803906099397734,0.14871242741805268,0.9999999999999998,0.9992978819948797,0.5743562137090262,0.49471883837735875,0.606742679951872
ICEWS05-15,4460,7310,137,2709,4680,5802,0,5245.0,1.0016288961873943e-19,1.0,1.0016288961873943e-19,0.0,1.0,1.0016287958613598e-07,0.5,0.148647562053741,0.07273788598283198
ICEWS05-15,4461,42,172,841,409,9309,0,5245.5,0.00039971425496220897,2.0,0.00044224788294136086,0.0004508901587199077,0.9995491098412801,0.8238464923926191,0.5,0.1600536328450988,0.22659158413779432
ICEWS05-15,4462,5793,152,1193,9137,0,0,5244.5,0.0,0.0,0.0,0.0,0.0,0.0,0.0,0.13079885792039397,0.013540413295886884
ICEWS05-15,4463,7910,243,1829,1782,1782,1,1.0,0.013600502268057252,3.0,0.013602352551501933,1.4455746761843358e-06,0.9999985544253238,0.9997250935161013,0.5,0.17044971221996325,0.28993395892121093
ICEWS05-15,4464,7098,56,2547,4274,5464,0,5250.0,0.29907242073031226,1.0,0.5412194958693883,0.0,1.0,0.381778380388278,0.5,0.22984174920595551,0.1979448104386224
ICEWS05-15,4465,7469,167,504,5370,0,0,5244.5,0.0,0.0,0.0,0.0,0.0,0.0,0.0,0.13079885792039397,0.013540413295886884
ICEWS05-15,4466,9738,172,1553,5114,0,0,5244.5,0.0,0.0,0.0,0.0,0.0,0.0,0.0,0.13079885792039397,0.013540413295886884
ICEWS05-15,4467,9235,91,400,7940,0,0,5244.5,0.0,0.0,0.0,0.0,0.0,0.0,0.0,0.13079885792039397,0.013540413295886884
ICEWS05-15,4468,9235,245,29,4775,7940,0,2.0,0.31433276813781297,1.0,0.9238395952400507,0.0,1.0,0.20499788146858802,0.5,0.29906869202889375,0.22102068167526648
ICEWS05-15,4469,7054,172,663,3067,1939,0,5245.5,0.008607820996553883,1.0,0.008625699325576656,0.0,1.0,0.9958632107594494,0.5,0.14978555223153267,0.26232283983305377
ICEWS05-15,4470,1070,64,3552,1677,0,0,5244.5,0.0,0.0,0.0,0.0,0.0,0.0,0.0,0.13079885792039397,0.013540413295886884
ICEWS05-15,4471,3945,2,3568,10273,0,0,5244.5,0.0,0.0,0.0,0.0,0.0,0.0,0.0,0.13079885792039397,0.013540413295886884
ICEWS05-15,4472,3945,56,1476,6942,4643,0,3.0,0.03604741096480585,2.0,0.21336989943332518,0.0,1.0,0.04455445727198642,0.5,0.18909164683684965,0.1017724472156289
ICEWS05-15,4473,2938,59,3209,1281,0,0,5244.5,0.0,0.0,0.0,0.0,0.0,0.0,0.0,0.13079885792039397,0.013540413295886884
ICEWS05-15,4474,4096,171,3953,9648,1214,0,5245.5,7.58908623692149e-05,1.0,7.58908623776234e-05,0.0,1.0,0.9999999866015887,0.5,0.14865754534036346,0.2617992028152599
ICEWS05-15,4475,8764,250,3338,7973,0,0,5244.5,0.0,0.0,0.0,0.0,0.0,0.0,0.0,0.13079885792039397,0.013540413295886884
ICEWS05-15,4476,10032,56,743,7837,4195,0,5245.0,0.3170664520316462,1.0,0.3170664520316462,0.0,1.0,0.9999999999968462,0.5,0.1953409148332828,0.3307338362394228
ICEWS05-15,4477,6576,172,803,1528,10392,0,5245.5,0.011156299754640834,1.0,0.01115849072287775,0.0,1.0,0.9996073772557343,0.5,0.15012135688551334,0.2639319986787138
ICEWS05-15,4478,9635,111,2125,4197,5737,0,5245.0,0.005804665191941205,1.0,0.005804665191941205,0.0,1.0,0.9999999998277247,0.5,0.1494127524810799,0.2629596259161987
ICEWS05-15,4479,777,245,931,6350,6350,1,1.0,0.6468210676815476,4.0,0.9803906099397734,0.4632243314829423,0.5367756685170577,0.16774734532812768,0.5,0.3621146195932886,0.24136900916329526
ICEWS05-15,4480,5486,96,1749,1789,1789,1,1.0,0.01115849072287775,1.0,0.01115849072287775,0.0,1.0,0.9999999999103821,0.5,0.1501213875107691,0.2640470817681264
ICEWS05-15,4481,5486,172,3798,2251,3478,0,3.0,5.134199736141912e-06,1.0,5.134201784638812e-06,0.0,1.0,0.9999990072476718,0.5,0.14864823742992897,0.26178460550782245
ICEWS05-15,4482,360,172,460,4853,4853,1,1.0,0.11929275732579636,2.0,0.07926661300791155,0.33774869729843904,1.0,0.9933402674598962,0.6688743486492195,0.17200194622956588,0.405548931340562
ICEWS05-15,4483,9509,172,690,7334,4853,0,4.0,0.04702087111559339,3.0,0.7730166686334901,0.05733990071964379,0.9426600992803562,0.029516177709548327,0.5,0.2947122479471722,0.1736753410710933
ICEWS05-15,4484,8711,137,952,9276,7837,0,5247.0,2.0124367078085585,4.0,1.0,0.5695751028113711,0.9779317024206384,0.7639839922266735,0.7737534026160048,0.4017090767555805,0.6517304037505716
ICEWS05-15,4485,8711,56,1245,3841,3627,0,5249.5,0.29875624187381583,1.0,0.3108489722987456,0.0,1.0,0.9251088953615915,0.5,0.19411973598969925,0.30487866875753195
ICEWS05-15,4486,9744,172,283,7837,7914,0,5245.5,0.15002788468856124,2.0,0.11099537195557226,0.0,1.0,0.5257997202801334,0.5,0.1767340377057346,0.1733374516461379
ICEWS05-15,4487,10397,56,3357,9299,10239,0,5247.0,0.013109351439735921,1.0,0.01759645438894309,0.0,1.0,0.5936249870619961,0.5,0.15091417777569713,0.16365080881639127
ICEWS05-15,4488,4972,180,3953,7650,1778,0,5245.5,0.31084897221883695,1.0,0.3108489722987456,0.0,1.0,0.9999999994826515,0.5,0.19432707678429417,0.32929502686524625
ICEWS05-15,4489,1762,171,3238,774,1783,0,5245.5,0.027741794652137393,1.0,0.02774884298889307,0.0,1.0,0.9994921195523697,0.5,0.15233477692999062,0.2672850691218827
ICEWS05-15,4490,1762,202,3073,6345,4792,0,5245.5,0.10947607044414369,1.0,0.15237670677555948,0.0,1.0,0.5606183938277508,0.5,0.16916456699449925,0.1766157844479341
ICEWS05-15,4491,731,245,2281,7969,0,0,5244.5,0.0,0.0,0.0,0.0,0.0,0.0,0.0,0.13079885792039397,0.013540413295886884
ICEWS05-15,4492,3888,56,3426,1803,4680,0,3.0,0.11241434928688716,1.0,0.11321545803298837,0.0,1.0,0.9859475027318381,0.5,0.16415203921587512,0.2810192649720905
ICEWS05-15,4493,9185,172,2152,4853,4853,1,1.0,4.801792515170838,20.0,0.9803906099397734,0.8531973141638103,0.7116475114895757,0.5441366257653529,0.782422412826693,0.5490439914190846,0.6201489045440576
ICEWS05-15,4494,8695,172,1562,10027,10027,1,1.0,0.0019921906434421863,2.0,0.00199219064340078,2.078426319940263e-11,1.0,0.99999999949804,0.5000000000103921,0.16027096823053488,0.2768320583240019
ICEWS05-15,4495,332,179,3264,7930,7930,1,1.0,0.9803906099397734,1.0,0.9803906099397734,0.0,1.0,0.99999999999898,0.5,0.3260339726748778,0.49734590524081324
ICEWS05-15,4496,3977,172,1374,5944,2200,0,5246.0,0.787061767438756,2.0,0.7884782461155736,2.503402159770296e-05,0.9999749659784023,0.996363702326516,0.5,0.3017763571782923,0.4644248383614109
ICEWS05-15,4497,10452,59,1727,1096,1096,1,1.0,0.11615473514260387,4.0,0.10459292292411289,0.12065671009403944,1.0,0.9541685457150746,0.5603283550470197,0.19174109907457276,0.34364535631880455
ICEWS05-15,4498,9634,172,4015,10015,3767,0,5244.5,0.999392873100979,1.0,1.0,0.0,1.0,0.9987864829597966,0.5,0.3305139202876964,0.502021448046288
ICEWS05-15,4499,7073,168,1462,1782,1782,1,1.0,0.4021245416808494,4.0,0.40212454001574466,4.140768727900479e-09,1.0,0.9999999999975132,0.5000000020703843,0.24402585767928806,0.38990616161157604
ICEWS05-15,4500,10260,120,1713,5124,0,0,5244.5,0.0,0.0,0.0,0.0,0.0,0.0,0.0,0.13079885792039397,0.013540413295886884
ICEWS05-15,4501,269,172,2434,1677,1677,1,1.0,1.0023907332455109,2.0,0.9423178739918808,0.05992958360571421,1.0,0.9999999999990022,0.5299647918028572,0.3380027107860575,0.5282392286443278
ICEWS05-15,4502,9838,111,1496,9410,2609,0,5245.5,0.012808063837398655,1.0,0.012817739937619348,0.0,1.0,0.9984913406267646,0.5,0.15034143214890863,0.2639422974195794
ICEWS05-15,4503,86,137,135,86,86,1,1.0,1.052184257127088,2.0,0.9803906099397734,0.06823296081557229,1.0,0.9999999999990495,0.5341164804077861,0.3472048049949891,0.5412120076553191
ICEWS05-15,4504,2251,245,1389,1789,1789,1,1.0,0.3883325826366889,11.0,0.3789291416275995,0.19795097231166936,0.9525189822616719,0.6977244698381383,0.5752349772866706,0.2756698700321075,0.3666250570781607
ICEWS05-15,4505,2251,179,1389,1789,1789,1,1.0,0.0016664395326093909,2.0,0.0031415979688730056,0.0015996544977846527,0.9984003455022153,0.3601692499595917,0.5,0.1604100612616804,0.12736392713734243
ICEWS05-15,4506,3935,172,2713,4096,3407,0,5247.0,0.0003556774511824735,1.0,0.0003556774530014629,0.0,1.0,0.9999999869601552,0.5,0.14869435547109075,0.26185579960316935
ICEWS05-15,4507,3558,172,3932,8798,393,0,5246.0,0.012958061579444855,1.0,0.013602352551501933,0.0,1.0,0.9095518924936361,0.5,0.15043675542467097,0.23886248309456384
ICEWS05-15,4508,6568,56,985,1301,9832,0,5247.0,0.7018573542369144,2.0,0.36421371187349827,0.0,1.0,0.9475423050759606,0.5,0.22396470669938986,0.33950469949774864
ICEWS05-15,4509,2369,172,2018,4516,4516,1,1.0,0.8884655851205067,1.0,0.9423178739918808,0.0,1.0,0.8918813454178662,0.5,0.3161216620867355,0.44701410747460324
ICEWS05-15,4510,8703,167,894,10120,10120,1,1.0,1.0123853403097562,2.0,0.9611657480580811,0.48020614479804224,1.0,0.37692983877931124,0.7401030723990212,0.3421818929706104,0.4562630226940263
ICEWS05-15,4511,9407,6,965,3629,0,0,5244.5,0.0,0.0,0.0,0.0,0.0,0.0,0.0,0.13079885792039397,0.013540413295886884
ICEWS05-15,4512,5995,172,481,6334,4399,0,5245.0,0.8705505632961241,1.0,0.8705505632961241,0.0,1.0,0.9999999999988514,0.5,0.3014607212793895,0.4686467468426493
ICEWS05-15,4513,9617,168,3065,1789,1789,1,1.0,8.369591709720773e-16,3.0,8.369464001772891e-16,1.5258563656583846e-05,1.0,0.0008362592561183587,0.5000076292818283,0.1684598383102511,0.0818931432664877
ICEWS05-15,4514,10071,6,31,1748,0,0,5244.5,0.0,0.0,0.0,0.0,0.0,0.0,0.0,0.13079885792039397,0.013540413295886884
ICEWS05-15,4515,3348,245,1451,1748,5445,0,2.0,0.05229527566733179,1.0,0.05229646146205644,0.0,1.0,0.9999546520623078,0.5,0.155659034981977,0.27248499007302684
ICEWS05-15,4516,6258,59,3734,5546,0,0,5244.5,0.0,0.0,0.0,0.0,0.0,0.0,0.0,0.13079885792039397,0.013540413295886884
ICEWS05-15,4517,704,245,2923,7938,7938,1,1.0,0.5761029129126304,10.0,0.4901953049698867,0.14911850999518983,0.9999999999763035,0.9999999998567842,0.5745592549857467,0.29719984099291724,0.5029842335029635
ICEWS05-15,4518,9533,147,459,3604,3604,1,1.0,0.7001394896518027,1.0,0.7001394896518027,0.0,1.0,0.9999999999985717,0.5,0.2655173913282178,0.42459601488816173
ICEWS05-15,4519,5921,168,2699,9648,3417,0,5246.5,2.2896088001287408e-08,1.0,2.3498482886420894e-08,0.0,1.0,0.9499711274907354,0.5,0.14864756513648036,0.24746211628433534
ICEWS05-15,4520,9654,56,1139,7837,7596,0,5247.0,0.956692696102149,1.0,1.0,0.0,1.0,0.9169807328358364,0.5,0.3294795877366308,0.47136433771102004
ICEWS05-15,4521,4949,172,2934,4680,3937,0,5247.0,0.08752370468754722,1.0,0.10254191950095473,0.0,1.0,0.7445015710237242,0.5,0.16242344246548093,0.21171463858904255
ICEWS05-15,4522,31,167,2945,2607,3124,0,5245.0,0.007361858390561565,1.0,0.007361858390561565,0.0,1.0,0.9999999998641647,0.5,0.1496185785106597,0.2632756218873252
ICEWS05-15,4523,10136,184,2796,3944,6176,0,5245.0,1.5241367752386733e-16,1.0,1.5241367752386733e-16,0.0,1.0,0.00015239045113479036,0.5,0.14864756205374105,0.07275338372475565
ICEWS05-15,4524,9607,152,1388,537,9419,0,5.0,0.13798491948528757,1.0,1.0,0.0,1.0,0.0741051567891011,0.5,0.30997509131420437,0.2020437608265609
ICEWS05-15,4525,9607,137,978,5799,5554,0,2.0,0.0717673106957567,1.0,0.9423178739918808,0.0,1.0,0.03958771040389384,0.5,0.29710357345629906,0.1845404013876978
ICEWS05-15,4526,5152,172,2002,9929,7730,0,5245.0,0.1716025465809107,3.0,0.17160254532566316,7.314853833761958e-09,1.0,0.9999999999941726,0.5000000036574269,0.19494243867760355,0.32521161849577024
ICEWS05-15,4527,1570,6,1726,3602,2153,0,5245.0,0.19575091996851068,1.0,1.0,0.0,1.0,0.10849439921287683,0.5,0.31133037192795243,0.2103886101911483
ICEWS05-15,4528,7819,19,3339,5426,0,0,5244.5,0.0,0.0,0.0,0.0,0.0,0.0,0.0,0.13079885792039397,0.013540413295886884
ICEWS05-15,4529,2063,243,161,1748,0,0,5244.5,0.0,0.0,0.0,0.0,0.0,0.0,0.0,0.13079885792039397,0.013540413295886884
ICEWS05-15,4530,7750,105,3735,9962,3633,0,5245.0,4.674866723727098e-07,1.0,4.674866723727098e-07,0.0,1.0,0.9999978609061606,0.5,0.1486476235489559,0.26178332738292187
ICEWS05-15,4531,4196,180,2121,7938,1298,0,5245.5,0.1025418977878685,1.0,0.10254191950095473,0.0,1.0,0.9999995764935601,0.5,0.16264740548262605,0.2830474298676763
ICEWS05-15,4532,1802,172,1861,1677,1677,1,1.0,1.1216940649782379,33.0,0.4267397988666503,0.627273075693525,0.9890464103817681,0.9602464910432035,0.8081597430376466,0.35026643332788304,0.6865665003436678
ICEWS05-15,4533,1802,170,3951,1677,1677,1,1.0,2.3224293941282267e-17,2.0,2.3224294248638934e-17,5.551115123125783e-16,0.9999999999999994,2.3223754585965067e-05,0.5,0.1599924688790398,0.07792088091141348
ICEWS05-15,4534,8269,181,1661,6340,6340,1,1.0,0.00015055649591053067,8.0,3.175058847722887e-05,0.6574295873465102,0.999921969280402,0.9997940902573514,0.8286757783134562,0.1942530020238274,0.5564992647735436
ICEWS05-15,4535,7494,172,3672,2204,3160,0,5245.0,1.1830885721985628e-28,1.0,1.1830885721985628e-28,0.0,1.0,1.1830885721985627e-16,0.5,0.148647562053741,0.07273787579080988
ICEWS05-15,4536,8521,56,136,3594,3594,1,1.0,0.9238395952400507,1.0,0.9238395952400507,0.0,1.0,0.9999999999989175,0.5,0.31325182707748045,0.4825560412038039
ICEWS05-15,4537,41,152,3493,8845,3935,0,5246.5,0.007182758783166432,1.0,0.07618835338777971,0.0,1.0,0.049470097634463944,0.5,0.1579429404483879,0.08394389828517096
ICEWS05-15,4538,7516,41,1714,2204,2204,1,1.0,0.21336990094594738,2.0,0.21336989943332518,1.7116938977324025e-08,1.0,0.999999979939838,0.5000000085584695,0.1920885279901142,0.32322343997683983
ICEWS05-15,4539,8848,167,907,1677,1677,1,1.0,0.7727676883405881,3.0,0.9423178739918808,0.0021732574801756055,0.9978267425198244,0.6924610554013294,0.5,0.34622764771875797,0.40495585127876127
ICEWS05-15,4540,8848,56,843,7837,9010,0,5246.0,0.0004135056265824256,1.0,0.0005285346639349501,0.0,1.0,0.6425247805503426,0.5,0.1487155057392224,0.1714380186423236
ICEWS05-15,4541,3972,172,3614,6213,1096,0,5246.5,0.027634530757114067,2.0,0.020617311105826472,0.2592975260482152,1.0,0.98571238959409,0.6296487630241077,0.16299853674042278,0.3606173712844728
ICEWS05-15,4542,3974,172,307,1281,0,0,5244.5,0.0,0.0,0.0,0.0,0.0,0.0,0.0,0.13079885792039397,0.013540413295886884
ICEWS05-15,4543,4071,56,3777,1395,7888,0,5244.5,0.998785746201958,1.0,1.0,0.0,1.0,0.9975744376512128,0.5,0.3304992022437727,0.5015666699455713
ICEWS05-15,4544,2924,167,3279,4680,4680,1,1.0,3.688123312021225,4.0,0.9803906099397734,0.21806458515367044,1.0,0.9999999999997289,0.6090322925768352,0.4420124148222101,0.6090292299747415
ICEWS05-15,4545,1774,113,3099,2084,6356,0,5246.0,1.318317894909897e-15,1.0,1.3198280594090715e-15,0.0,1.0,0.0013165782497437445,0.5,0.1486475620537412,0.07287195726712693
ICEWS05-15,4546,5800,172,3922,5799,8653,0,5245.0,2.564792111866543e-32,1.0,2.564792111866543e-32,0.0,1.0,2.564792111866543e-20,0.5,0.148647562053741,0.07273787579080988
ICEWS05-15,4547,8414,172,166,1450,1216,0,5245.5,0.08774562170725844,1.0,0.13801118920922653,0.0,1.0,0.46604595936071375,0.5,0.16696396398658653,0.15485165375438076
ICEWS05-15,4548,7597,152,60,9276,0,0,5244.5,0.0,0.0,0.0,0.0,0.0,0.0,0.0,0.13079885792039397,0.013540413295886884
ICEWS05-15,4549,8628,137,520,5330,1760,0,5244.0,1.006801176275751,2.0,1.0,0.006755232747054474,1.0,0.9999999999990067,0.5033776163735273,0.3502168791888467,0.5235716283495451
ICEWS05-15,4550,6000,172,945,6340,6340,1,1.0,0.8435379337227296,8.0,0.9057236642639067,0.4981374925402241,0.5018625074597759,0.30497647619389834,0.5,0.3803624318964457,0.2856506931710816
ICEWS05-15,4551,1344,110,3973,7943,0,0,5244.5,0.0,0.0,0.0,0.0,0.0,0.0,0.0,0.13079885792039397,0.013540413295886884
ICEWS05-15,4552,5856,152,1416,10120,2614,0,5245.0,1.0230314627051209e-08,2.0,5.216445696739864e-09,0.0,1.0,0.9999022608495144,0.5,0.15999246968158684,0.2763853384337957
ICEWS05-15,4553,3242,91,352,7964,7964,1,1.0,0.10770919854954097,1.0,0.6597539553864471,0.0,1.0,0.08888373742519676,0.5,0.24602134217290916,0.15287921927341103
ICEWS05-15,4554,3614,168,21,4643,0,0,5244.5,0.0,0.0,0.0,0.0,0.0,0.0,0.0,0.13079885792039397,0.013540413295886884
ICEWS05-15,4555,5385,167,677,1677,0,0,5244.5,0.0,0.0,0.0,0.0,0.0,0.0,0.0,0.13079885792039397,0.013540413295886884
ICEWS05-15,4556,5092,125,3564,8264,8264,1,1.0,0.16493848884661177,1.0,0.16493848884661177,0.0,1.0,0.9999999999939371,0.5,0.17167502781547817,0.29648579066446223
ICEWS05-15,4557,6457,154,2249,7394,0,0,5244.5,0.0,0.0,0.0,0.0,0.0,0.0,0.0,0.13079885792039397,0.013540413295886884
ICEWS05-15,4558,6106,59,346,1748,0,0,5244.5,0.0,0.0,0.0,0.0,0.0,0.0,0.0,0.13079885792039397,0.013540413295886884
ICEWS05-15,4559,4803,167,268,5799,5799,1,1.0,0.16658800646282818,2.0,0.08411876203952229,0.0,1.0,0.9999999999939971,0.5,0.17338686955823304,0.29409976185053005
ICEWS05-15,4560,2881,137,1630,3751,9137,0,5245.5,0.0033339047133024505,2.0,0.003333904678645705,1.0432891328626681e-08,1.0,0.9999999996247522,0.5000000052164457,0.16045875482292893,0.27711327911642225
ICEWS05-15,4561,8610,56,3494,9962,0,0,5244.5,0.0,0.0,0.0,0.0,0.0,0.0,0.0,0.13079885792039397,0.013540413295886884
ICEWS05-15,4562,6440,41,863,1742,1742,1,1.0,1.5481374940405672,15.0,0.6216979445974911,0.22434528520012553,0.7756547147998745,0.3441611873371695,0.5,0.36551045287648315,0.2623852503093059
ICEWS05-15,4563,1527,172,2278,5443,1421,0,5246.0,0.4033869269661497,3.0,0.3364750481580891,0.5452191632073162,0.7489406235386983,0.37477752622095273,0.6470798933730073,0.2245227676706732,0.252017012243611
ICEWS05-15,4564,6202,245,2594,6213,3938,0,5250.5,0.35283886974955386,2.0,0.2815432702230894,0.2031875064555615,1.0,0.997184858985044,0.6015937532277807,0.2045944925402744,0.4091173878860059
ICEWS05-15,4565,9545,168,169,8002,0,0,5244.5,0.0,0.0,0.0,0.0,0.0,0.0,0.0,0.13079885792039397,0.013540413295886884
ICEWS05-15,4566,2398,168,2809,1789,0,0,5244.5,0.0,0.0,0.0,0.0,0.0,0.0,0.0,0.13079885792039397,0.013540413295886884
ICEWS05-15,4567,7931,41,304,1930,1930,1,1.0,0.9611657480580811,1.0,0.9611657480580811,0.0,1.0,0.9999999999989596,0.5,0.32165827452506307,0.4923161816292328
ICEWS05-15,4568,156,222,3315,1672,1672,1,1.0,0.05773997470250316,1.0,0.05773997470250316,0.0,1.0,0.999999999982681,0.5,0.1564041651416798,0.27362946504911856
ICEWS05-15,4569,5421,202,2217,1096,0,0,5244.5,0.0,0.0,0.0,0.0,0.0,0.0,0.0,0.13079885792039397,0.013540413295886884
ICEWS05-15,4570,3373,56,3589,6950,0,0,5244.5,0.0,0.0,0.0,0.0,0.0,0.0,0.0,0.13079885792039397,0.013540413295886884
ICEWS05-15,4571,9323,180,332,10120,0,0,5244.5,0.0,0.0,0.0,0.0,0.0,0.0,0.0,0.13079885792039397,0.013540413295886884
ICEWS05-15,4572,1400,156,776,4680,0,0,5244.5,0.0,0.0,0.0,0.0,0.0,0.0,0.0,0.13079885792039397,0.013540413295886884
ICEWS05-15,4573,1400,56,2544,8627,10411,0,5250.0,0.05132701510693411,7.0,0.03589682359365735,0.3679787308818886,0.9727213576215507,0.8243091561052787,0.6703500442517196,0.19640558529311136,0.37728663343643265
ICEWS05-15,4574,7862,137,3152,3419,0,0,5244.5,0.0,0.0,0.0,0.0,0.0,0.0,0.0,0.13079885792039397,0.013540413295886884
ICEWS05-15,4575,6570,180,3035,3390,4853,0,5246.5,9.069789358657868e-05,1.0,9.069789362408135e-05,0.0,1.0,0.9999999881474058,0.5,0.14865949323934324,0.2618021983112316
ICEWS05-15,4576,9088,243,1819,9235,9235,1,1.0,0.9803906099397734,1.0,0.9803906099397734,0.0,1.0,0.99999999999898,0.5,0.3260339726748778,0.49734590524081324
ICEWS05-15,4577,6089,172,285,5737,5737,1,1.0,0.27602237841845306,1.0,0.27602237841845306,0.0,1.0,0.9999999999963772,0.5,0.18872199812760815,0.32129526699047567
ICEWS05-15,4578,1223,167,3257,1677,1677,1,1.0,1.2475674996676256,3.0,0.43527528164806206,0.34889918322177127,1.0,0.9999999999991984,0.6744495916108857,0.2582391274593708,0.5144504952287787
ICEWS05-15,4579,9031,196,1539,338,0,0,5244.5,0.0,0.0,0.0,0.0,0.0,0.0,0.0,0.13079885792039397,0.013540413295886884
ICEWS05-15,4580,7822,56,341,5715,5287,0,5245.5,0.563469471933338,6.0,0.13530487396734708,0.5356617833088158,0.9872427346506932,0.9539429584674668,0.7614522589797545,0.21602140357134633,0.5107763223634019
ICEWS05-15,4581,2751,172,452,1555,1677,0,5245.0,1.1374357179446963,2.0,0.5743491774985175,0.0,1.0,0.9999999999991207,0.5,0.26902311971056214,0.4085584022610806
ICEWS05-15,4582,259,235,3961,62,0,0,5244.5,0.0,0.0,0.0,0.0,0.0,0.0,0.0,0.13079885792039397,0.013540413295886884
ICEWS05-15,4583,7932,41,1792,1808,0,0,5244.5,0.0,0.0,0.0,0.0,0.0,0.0,0.0,0.13079885792039397,0.013540413295886884
ICEWS05-15,4584,6995,240,305,1777,0,0,5244.5,0.0,0.0,0.0,0.0,0.0,0.0,0.0,0.13079885792039397,0.013540413295886884
ICEWS05-15,4585,6308,245,2465,6459,6352,0,3.0,0.00829460286458891,12.0,0.008290726744791976,0.00363038331279697,0.999261412703349,0.9936908537761608,0.5014458980080729,0.208306012893531,0.334072193023607
ICEWS05-15,4586,10478,172,2875,3160,1216,0,2.0,0.007028075139357544,6.0,0.006408869968809673,0.08811325784530755,0.9999996986036257,0.9999808308703326,0.5440564782244666,0.18696897295908677,0.33900344911421104
ICEWS05-15,4587,6185,245,2363,7949,7949,1,1.0,0.11444742294072334,15.0,0.07322963567727875,0.3603945188077071,0.9997587188472744,0.9992236580768957,0.6800766188274907,0.22818008411101148,0.49024103768827876
ICEWS05-15,4588,9636,180,2271,9962,1677,0,5245.5,0.0,1.0,0.9423178739918808,0.0,0.0,0.0,0.0,0.29546420876918855,0.04068452269800662
ICEWS05-15,4589,9636,137,2285,913,0,0,5244.5,0.0,0.0,0.0,0.0,0.0,0.0,0.0,0.13079885792039397,0.013540413295886884
ICEWS05-15,4590,2606,168,2578,8020,1789,0,5245.0,0.05026788255715521,3.0,0.05026556750196808,4.605436054516687e-05,1.0,0.9999999999801066,0.5000230271802726,0.17590622635875441,0.29799828178454363
ICEWS05-15,4591,6285,245,3184,1768,1768,1,1.0,1.5028489228658668,15.0,0.4805828740290406,0.3739664485822932,0.9999354911101459,0.9773376301575826,0.6869509698462195,0.3345427218717286,0.588977981351972
ICEWS05-15,4592,6285,166,3796,1768,1768,1,1.0,0.6159498547451744,2.0,0.3234082913657485,0.4900991917739814,1.0,0.9438908979019538,0.7450495958869907,0.21584161782265837,0.505895635760996
ICEWS05-15,4593,6452,54,621,5931,0,0,5244.5,0.0,0.0,0.0,0.0,0.0,0.0,0.0,0.13079885792039397,0.013540413295886884
ICEWS05-15,4594,7773,56,2348,3959,3959,1,1.0,0.08841185655001255,2.0,0.3364750481580891,0.020200824424081,0.979799175575919,0.14774396043629318,0.5,0.2082161949649211,0.13074990970005396
ICEWS05-15,4595,3729,92,534,3518,0,0,5244.5,0.0,0.0,0.0,0.0,0.0,0.0,0.0,0.13079885792039397,0.013540413295886884
ICEWS05-15,4596,605,59,1525,1748,1748,1,1.0,1.0740023430751394e-06,1.0,1.0740023430751394e-06,0.0,1.0,0.9999990689042018,0.5,0.1486477033326766,0.26178380225338616
ICEWS05-15,4597,245,172,1783,6213,6213,1,1.0,0.40093208244372225,16.0,0.2815432702230894,0.29949103154532486,0.9986123442991539,0.9951333970207562,0.6490516879222394,0.27278923709899777,0.522319500786852
ICEWS05-15,4598,9280,167,3535,8845,5186,0,5248.0,0.06004466590660736,1.0,0.06007285925363007,0.0,1.0,0.9990618018719383,0.5,0.1567239726170249,0.2738335703534695
ICEWS05-15,4599,3690,56,983,5106,0,0,5244.5,0.0,0.0,0.0,0.0,0.0,0.0,0.0,0.13079885792039397,0.013540413295886884
ICEWS05-15,4600,10379,167,1175,9419,1677,0,3.0,1.826088464181298e-05,4.0,5.134201784638812e-06,0.26127921349377514,1.0,0.8679286192549721,0.6306396067468876,0.17527183157644663,0.3373487537150765
ICEWS05-15,4601,6394,19,3099,8029,0,0,5244.5,0.0,0.0,0.0,0.0,0.0,0.0,0.0,0.13079885792039397,0.013540413295886884
ICEWS05-15,4602,4936,56,1907,10126,0,0,5244.5,0.0,0.0,0.0,0.0,0.0,0.0,0.0,0.13079885792039397,0.013540413295886884
ICEWS05-15,4603,4303,191,3195,3425,0,0,5244.5,0.0,0.0,0.0,0.0,0.0,0.0,0.0,0.13079885792039397,0.013540413295886884
ICEWS05-15,4604,8322,59,915,1748,1748,1,1.0,0.6211779814366596,7.0,0.5202016416109183,0.1625562122987736,1.0,0.9999999999983902,0.5812781061493868,0.2898467401178326,0.5012173467179367
ICEWS05-15,4605,1326,133,176,10297,5459,0,5245.0,0.5100008047105996,1.0,0.5100008047105996,0.0,1.0,0.9999999999980392,0.5,0.2287952870390423,0.37685046487078183
ICEWS05-15,4606,1326,92,173,1741,0,0,5244.5,0.0,0.0,0.0,0.0,0.0,0.0,0.0,0.13079885792039397,0.013540413295886884
ICEWS05-15,4607,1326,14,196,1741,0,0,5244.5,0.0,0.0,0.0,0.0,0.0,0.0,0.0,0.13079885792039397,0.013540413295886884
ICEWS05-15,4608,6317,250,3858,6362,6362,1,1.0,0.6613873540249073,6.0,0.3865083343167451,0.4715457627401459,0.9361015771086434,0.8252889740568029,0.7038236699243947,0.26024728013856574,0.48383321575099547
ICEWS05-15,4609,7668,56,286,530,530,1,1.0,0.6095068271022377,1.0,0.6095068271022377,0.0,1.0,0.9999999999983593,0.5,0.2475551416422632,0.4016024668809999
ICEWS05-15,4610,6608,172,3256,218,9446,0,5249.0,0.01942505745468119,1.0,0.10053113500393618,0.0,1.0,0.10694426093378721,0.5,0.16115808695094055,0.09299902215193206
ICEWS05-15,4611,8459,180,1000,3945,3945,1,1.0,0.1269113735814631,2.0,0.9803906099397734,3.686029357297116e-07,0.9999996313970643,0.06920410618033515,0.5,0.3245981932265704,0.20961996121919318
ICEWS05-15,4612,4420,245,1399,7972,0,0,5244.5,0.0,0.0,0.0,0.0,0.0,0.0,0.0,0.13079885792039397,0.013540413295886884
ICEWS05-15,4613,648,0,590,3563,1748,0,1.0,1.0386753324154674,8.0,1.0,0.019155061557995734,0.9808449384420043,0.34628784058245,0.5,0.4063767394153713,0.3311278742717774
ICEWS05-15,4614,7146,172,372,6450,6450,1,1.0,0.14102044349107512,1.0,0.9803906099397734,0.0,1.0,0.07749394608387439,0.5,0.3061590836015152,0.19951440372827978
ICEWS05-15,4615,7877,137,3105,1779,0,0,5244.5,0.0,0.0,0.0,0.0,0.0,0.0,0.0,0.13079885792039397,0.013540413295886884
ICEWS05-15,4616,5718,56,1886,5799,213,0,2.0,0.048313417706317516,1.0,0.04831354178959312,0.0,1.0,0.999994863408795,0.5,0.15511570071954497,0.271671399638125
ICEWS05-15,4617,843,113,1304,1742,0,0,5244.5,0.0,0.0,0.0,0.0,0.0,0.0,0.0,0.13079885792039397,0.013540413295886884
ICEWS05-15,4618,9454,41,3244,7837,0,0,5244.5,0.0,0.0,0.0,0.0,0.0,0.0,0.0,0.13079885792039397,0.013540413295886884
ICEWS05-15,4619,7634,172,1252,1387,838,0,5246.0,0.04290370911140652,1.0,0.05026556750196808,0.0,1.0,0.7445015710171381,0.5,0.15527598303237736,0.20270817217518627
ICEWS05-15,4620,7031,167,3019,5802,5802,1,1.0,0.03589684406959708,4.0,0.03589682359365735,5.707000827470665e-07,0.9999999999992082,0.9999999993931415,0.5000002853496455,0.18073000514166737,0.30343180909046064
ICEWS05-15,4621,10131,95,685,218,218,1,1.0,0.0717936471873147,1.0,0.0717936471873147,0.0,1.0,0.9999999999860711,0.5,0.15834127828605207,0.27656267051473854
ICEWS05-15,4622,8162,172,472,4680,5383,0,5245.5,0.43676399098447616,1.0,0.4439814878222891,0.0,1.0,0.968007477482539,0.5,0.21677825288576194,0.3497384240675703
ICEWS05-15,4623,5440,8,2764,1216,0,0,5244.5,0.0,0.0,0.0,0.0,0.0,0.0,0.0,0.13079885792039397,0.013540413295886884
ICEWS05-15,4624,1567,172,1751,1677,1677,1,1.0,0.11526971058748162,20.0,0.05773997470250316,0.03431839760699085,0.9999998955786189,0.9665891440272887,0.5171591465928049,0.23602351445270678,0.3671338316311195
ICEWS05-15,4625,6486,249,1462,4775,0,0,5244.5,0.0,0.0,0.0,0.0,0.0,0.0,0.0,0.13079885792039397,0.013540413295886884
ICEWS05-15,4626,5742,180,2427,8370,0,0,5244.5,0.0,0.0,0.0,0.0,0.0,0.0,0.0,0.13079885792039397,0.013540413295886884
ICEWS05-15,4627,25,182,3725,3932,0,0,5244.5,0.0,0.0,0.0,0.0,0.0,0.0,0.0,0.13079885792039397,0.013540413295886884
ICEWS05-15,4628,575,172,2061,5073,6102,0,5246.5,1.6590287811991051,3.0,0.8705505632961241,0.47526495168541405,0.9999999990417711,0.9999999640719658,0.7376324753635926,0.3531316766845801,0.6690033877205903
ICEWS05-15,4629,5387,172,2167,3425,3604,0,3.0,7.470154807359879e-09,4.0,7.304479255823613e-09,0.2642495071316492,0.9271197999714293,0.6030784548620212,0.5956846535515392,0.17527085335676482,0.23361575747425564
ICEWS05-15,4630,6772,172,3820,4680,9655,0,5245.0,0.00022112394147068021,1.0,0.00022112394147068021,0.0,1.0,0.9999999954776494,0.5,0.14867665199565624,0.26182858291883887
ICEWS05-15,4631,9168,202,800,2089,0,0,5244.5,0.0,0.0,0.0,0.0,0.0,0.0,0.0,0.13079885792039397,0.013540413295886884
ICEWS05-15,4632,9836,172,510,7393,9832,0,5245.0,0.9423178739918808,1.0,0.9423178739918808,0.0,1.0,0.9999999999989388,0.5,0.3173985466276611,0.48738659091337816
ICEWS05-15,4633,449,224,3889,5186,0,0,5244.5,0.0,0.0,0.0,0.0,0.0,0.0,0.0,0.13079885792039397,0.013540413295886884
ICEWS05-15,4634,6848,111,3734,3931,1677,0,5247.0,0.002369883772113432,1.0,0.018307408919319677,0.0,1.0,0.06920392275950578,0.5,0.15084813628122054,0.08154329024936613
ICEWS05-15,4635,3534,172,262,4684,4684,1,1.0,0.01030865555291324,1.0,0.01030865555291324,0.0,1.0,0.9999999999029942,0.5,0.1500087184236771,0.26387427294624166
ICEWS05-15,4636,5851,167,1442,4680,0,0,5244.5,0.0,0.0,0.0,0.0,0.0,0.0,0.0,0.13079885792039397,0.013540413295886884
ICEWS05-15,4637,88,180,1594,5577,0,0,5244.5,0.0,0.0,0.0,0.0,0.0,0.0,0.0,0.13079885792039397,0.013540413295886884
ICEWS05-15,4638,5972,167,3033,1677,4853,0,5245.0,7.059817764545418e-25,1.0,7.059817764545418e-25,0.0,1.0,7.059817764540434e-13,0.5,0.148647562053741,0.07273787579088171
ICEWS05-15,4639,1984,245,2662,6435,6435,1,1.0,0.6964860180327618,13.0,0.6864101813026526,0.061869686072987706,0.9979362158052852,0.9082169740884237,0.5299029509391364,0.3513078513167539,0.4974485987463748
ICEWS05-15,4640,1959,218,3502,4684,0,0,5244.5,0.0,0.0,0.0,0.0,0.0,0.0,0.0,0.13079885792039397,0.013540413295886884
ICEWS05-15,4641,3606,111,667,8042,0,0,5244.5,0.0,0.0,0.0,0.0,0.0,0.0,0.0,0.13079885792039397,0.013540413295886884
ICEWS05-15,4642,7294,243,3154,6306,6306,1,1.0,1.148247397107287e-13,3.0,5.798037872302751e-14,8.67701972351309e-06,1.0,0.10299800897265392,0.5000043385098618,0.1684598383102603,0.09425265400791086
ICEWS05-15,4643,2897,56,1868,5056,0,0,5244.5,0.0,0.0,0.0,0.0,0.0,0.0,0.0,0.13079885792039397,0.013540413295886884
ICEWS05-15,4644,8291,243,310,7322,6201,0,5246.0,0.2395256647521152,6.0,0.34320509065132626,0.19679628369166513,0.8032037163083349,0.38943163689185323,0.5,0.24394533594273768,0.19950664400106372
ICEWS05-15,4645,9991,172,2147,4684,4684,1,1.0,5.422547972363994e-10,4.0,4.3880095425615203e-10,0.19078456015050438,1.0,0.9981592431303191,0.5953922800752522,0.1752708523241842,0.35787148866704926
ICEWS05-15,4646,6572,172,1000,2955,7523,0,2.0,0.016895581500023054,1.0,0.016913109245918396,0.0,1.0,0.9979294640357854,0.5,0.15088590897398327,0.2646109101893995
ICEWS05-15,4647,2167,172,1459,6213,3232,0,2.0,0.29174436240983664,1.0,0.39423912305778674,0.0,1.0,0.5873252700878314,0.5,0.2064130030014906,0.22355114581602978
ICEWS05-15,4648,3622,111,13,8991,2123,0,5244.0,1.0,1.0,1.0,0.0,1.0,0.9999999999989999,0.5,0.3305286386634707,0.5024767778727223
ICEWS05-15,4649,8217,172,1604,8796,3963,0,5246.0,0.32754123906525473,2.0,0.16823752407904452,0.0,1.0,0.9855544591320538,0.5,0.18755804215728558,0.3077839278966348
ICEWS05-15,4650,1144,56,1412,9832,8407,0,5245.5,0.12538606252191006,1.0,0.12750020117764987,0.0,1.0,0.9673780129738564,0.5,0.16617955858476363,0.2783913347013311
ICEWS05-15,4651,1749,6,3126,7920,7920,1,1.0,4.6879300770270574e-15,2.0,4.68783380388833e-15,2.0536385386682454e-05,1.0,0.004666055933077294,0.5000102681926933,0.15999246887904048,0.07842786543281771
ICEWS05-15,4652,7671,172,3000,7883,0,0,5244.5,0.0,0.0,0.0,0.0,0.0,0.0,0.0,0.13079885792039397,0.013540413295886884
ICEWS05-15,4653,3375,170,3526,4680,4680,1,1.0,1.4231563108426661,7.0,0.9611657480580811,0.3246239076598044,1.0,0.9999999998913605,0.6623119538299023,0.4017412681240814,0.6691563133676957
ICEWS05-15,4654,9231,172,3315,5186,1677,0,2.0,0.11636528872304812,2.0,0.05889486712449256,0.0,1.0,0.9953884863848871,0.5,0.16927568614286126,0.2873019714848677
ICEWS05-15,4655,1437,172,591,8477,0,0,5244.5,0.0,0.0,0.0,0.0,0.0,0.0,0.0,0.13079885792039397,0.013540413295886884
ICEWS05-15,4656,6883,56,3420,2296,2296,1,1.0,0.01699850160799652,1.0,0.024156770894796557,0.0,1.0,0.5428222831227111,0.5,0.15175238331517482,0.1543285107283471
ICEWS05-15,4657,6883,59,3208,1055,1768,0,5245.5,0.041234622211652944,1.0,0.04123462221165295,0.0,1.0,0.9999999999757482,0.5,0.15415381974037368,0.270209425872147
ICEWS05-15,4658,4583,41,1343,6176,6176,1,1.0,4.718119315389957e-05,2.0,0.000188724772615598,0.20000000000000018,0.7999999999999998,0.111111110849446,0.5,0.1600167505912079,0.08901460750683012
ICEWS05-15,4659,3914,180,257,6213,0,0,5244.5,0.0,0.0,0.0,0.0,0.0,0.0,0.0,0.13079885792039397,0.013540413295886884
ICEWS05-15,4660,702,166,511,6176,0,0,5244.5,0.0,0.0,0.0,0.0,0.0,0.0,0.0,0.13079885792039397,0.013540413295886884
ICEWS05-15,4661,2837,56,1180,2825,5934,0,5245.0,0.00018139578724816273,1.0,0.00018139578724816273,0.0,1.0,0.9999999944871929,0.5,0.14867142521536714,0.2618205462709973
ICEWS05-15,4662,528,56,1185,4214,359,0,5245.5,0.2050708159367585,1.0,0.20508383900190946,0.0,1.0,0.9998730057055027,0.5,0.17769036980293015,0.3052834872536184
ICEWS05-15,4663,4947,168,2383,409,409,1,1.0,0.9805938088267527,2.0,0.9611657480580811,0.019812546840283107,1.0,0.9999999999989803,0.5099062734201416,0.3413983200674191,0.518276920124775
ICEWS05-15,4664,6105,172,3988,3593,3593,1,1.0,2.7546977781687616,7.0,0.8534795977333005,0.6901730547368186,1.0,0.999999999999637,0.8450865273684093,0.41278338709458695,0.7537534552413873
ICEWS05-15,4665,5815,6,1025,5532,3632,0,5244.0,0.12500000000000003,1.0,0.12500000000000003,0.0,1.0,0.999999999992,0.5,0.16585180638028146,0.28784173152290904
ICEWS05-15,4666,8950,172,514,4853,0,0,5244.5,0.0,0.0,0.0,0.0,0.0,0.0,0.0,0.13079885792039397,0.013540413295886884
ICEWS05-15,4667,10255,56,2868,508,9305,0,5245.0,0.012817739937619348,1.0,0.012817739937619348,0.0,1.0,0.9999999999219831,0.5,0.15034156756424477,0.2643846891054288
ICEWS05-15,4668,558,59,786,9622,1748,0,5245.0,0.0636622506438207,3.0,0.05889486712449256,0.07488556359719079,1.0,0.999999999984292,0.5374427817985954,0.17728642412370654,0.324008835588579
ICEWS05-15,4669,6597,56,3917,2822,0,0,5244.5,0.0,0.0,0.0,0.0,0.0,0.0,0.0,0.13079885792039397,0.013540413295886884
ICEWS05-15,4670,1689,224,1474,6646,0,0,5244.5,0.0,0.0,0.0,0.0,0.0,0.0,0.0,0.13079885792039397,0.013540413295886884
ICEWS05-15,4671,6530,56,1155,9303,0,0,5244.5,0.0,0.0,0.0,0.0,0.0,0.0,0.0,0.13079885792039397,0.013540413295886884
ICEWS05-15,4672,9716,12,1757,4680,0,0,5244.5,0.0,0.0,0.0,0.0,0.0,0.0,0.0,0.13079885792039397,0.013540413295886884
ICEWS05-15,4673,7783,59,1205,1748,6106,0,2.0,0.3124706265201658,2.0,0.30475341355111885,0.08498197269000085,1.0,0.8835741274393678,0.5424909863450005,0.20740124810290292,0.333722928484956
ICEWS05-15,4674,2886,140,381,4665,0,0,5244.5,0.0,0.0,0.0,0.0,0.0,0.0,0.0,0.13079885792039397,0.013540413295886884
ICEWS05-15,4675,1596,172,280,5577,0,0,5244.5,0.0,0.0,0.0,0.0,0.0,0.0,0.0,0.13079885792039397,0.013540413295886884
ICEWS05-15,4676,6173,245,3968,3425,3425,1,1.0,0.7068539000541618,11.0,0.6216979445974911,0.12047179253177032,0.9999999999994554,0.9999999969716269,0.5602358962656129,0.33061668827310103,0.530585265122496
ICEWS05-15,4677,4746,243,3554,2189,0,0,5244.5,0.0,0.0,0.0,0.0,0.0,0.0,0.0,0.13079885792039397,0.013540413295886884
ICEWS05-15,4678,3399,172,438,8370,5919,0,5245.0,0.03382621849183678,1.0,0.03382621849183678,0.0,1.0,0.9999999999704372,0.5,0.15315239590257476,0.26868312883499484
ICEWS05-15,4679,10128,184,824,1742,1742,1,1.0,0.2492662070470562,5.0,0.24029143701452027,0.03600476028762978,1.0,0.9999999999959882,0.5180023801438149,0.22116961463260063,0.3705973618827048
ICEWS05-15,4680,6587,180,943,4853,0,0,5244.5,0.0,0.0,0.0,0.0,0.0,0.0,0.0,0.13079885792039397,0.013540413295886884
ICEWS05-15,4681,6046,172,1951,9984,3952,0,3.0,0.3991201893422307,2.0,1.0,0.04785986426416278,0.9521401357358372,0.23458188649819223,0.5,0.33522150771182235,0.2560653145990053
ICEWS05-15,4682,1403,56,671,8628,2043,0,5245.0,0.11099537195557226,1.0,0.11099537195557226,0.0,1.0,0.9999999999909905,0.5,0.16384768134809227,0.2848464570233441
ICEWS05-15,4683,4893,56,888,6268,5737,0,3.0,0.0054168947288235,2.0,0.005804665191941205,0.05064115055789964,0.9493588494421004,0.7952331872531602,0.5,0.16079929567610016,0.21910750073857524
ICEWS05-15,4684,3196,243,3854,6340,6340,1,1.0,0.008204601607730696,10.0,0.0037545537033518814,0.542384398065813,1.0,0.9999999998781172,0.7711921990329065,0.20177707517341067,0.5237685440581663
ICEWS05-15,4685,6578,224,989,1564,0,0,5244.5,0.0,0.0,0.0,0.0,0.0,0.0,0.0,0.13079885792039397,0.013540413295886884
ICEWS05-15,4686,1067,92,1,1779,0,0,5244.5,0.0,0.0,0.0,0.0,0.0,0.0,0.0,0.13079885792039397,0.013540413295886884
ICEWS05-15,4687,6515,60,2972,791,0,0,5244.5,0.0,0.0,0.0,0.0,0.0,0.0,0.0,0.13079885792039397,0.013540413295886884
ICEWS05-15,4688,2178,202,3511,1785,1785,1,1.0,3.638818140558222e-27,2.0,1.5464084471548096e-15,2.3531177006930193e-12,0.9999999999976469,3.627598642191863e-15,0.5,0.15999246887903998,0.07791836359128883
ICEWS05-15,4689,3999,172,3279,6612,0,0,5244.5,0.0,0.0,0.0,0.0,0.0,0.0,0.0,0.13079885792039397,0.013540413295886884
ICEWS05-15,4690,7429,91,1526,7949,0,0,5244.5,0.0,0.0,0.0,0.0,0.0,0.0,0.0,0.13079885792039397,0.013540413295886884
ICEWS05-15,4691,4679,8,1003,3606,3606,1,1.0,0.8879629756445782,1.0,0.8879629756445782,0.0,1.0,0.9999999999988739,0.5,0.3052857691237294,0.4731873657600502
ICEWS05-15,4692,7173,6,3913,393,393,1,1.0,2.068727993544152,7.0,0.7141434062641757,0.3988384480493301,0.9999999999999998,0.9999999999951228,0.6994192240246649,0.3641973523600961,0.6326305411512131
ICEWS05-15,4693,7780,180,3115,7625,3917,0,5245.0,1.8725383096176445e-10,1.0,1.8725383096176445e-10,0.0,1.0,0.9946880231074654,0.5,0.1486475620783732,0.2602380955117289
ICEWS05-15,4694,2295,95,1644,4508,4508,1,1.0,0.9694316157232263,1.0,0.9803906099397734,0.0,1.0,0.977890757869697,0.5,0.3257702029090587,0.4890513453327025
ICEWS05-15,4695,1366,6,835,7972,1782,0,5245.0,1.55639894015686e-05,1.0,1.55639894015686e-05,0.0,1.0,0.9999999357491252,0.5,0.14864960941937913,0.26178698579072934
ICEWS05-15,4696,9782,166,3936,6176,6176,1,1.0,0.5245432074477332,5.0,0.43527528164806206,0.17018221670245537,1.0,0.9999999999980936,0.5850911083512277,0.25972658812161015,0.46875021483756435
ICEWS05-15,4697,1825,172,1881,338,338,1,1.0,0.9422478305131399,1.0,0.9423178739918808,0.0,1.0,0.9998513489446493,0.5,0.3173968840442215,0.4873308325436903
ICEWS05-15,4698,3532,6,1451,9984,0,0,5244.5,0.0,0.0,0.0,0.0,0.0,0.0,0.0,0.13079885792039397,0.013540413295886884
ICEWS05-15,4699,5216,172,3947,8370,10392,0,4.0,0.03062753046039722,1.0,0.030637206560617913,0.0,1.0,0.9993685425804993,0.5,0.15272283048237048,0.2678409735968978
ICEWS05-15,4700,9597,167,535,5186,5802,0,5245.5,0.0019620980331899003,1.0,0.0020726816861979954,0.0,1.0,0.8986988420769264,0.5,0.14891888241433723,0.23372872684752222
ICEWS05-15,4701,5144,225,1332,1782,8017,0,5245.0,2.1170687094797567e-07,1.0,2.1170687094797567e-07,0.0,1.0,0.9999952765100536,0.5,0.1486475899025741,0.26178252216268727
ICEWS05-15,4702,1340,56,488,530,1224,0,5245.0,0.12014571850726015,1.0,0.12014571850726015,0.0,1.0,0.9999999999916768,0.5,0.16515492209096186,0.28680138649300596
ICEWS05-15,4703,5438,41,1485,1744,1744,1,1.0,1.3988041852700466,3.0,0.9803906099397734,0.2991223416469818,1.0,0.9999999835297236,0.649561170823491,0.37012706640643134,0.6363716277987261
ICEWS05-15,4704,6139,172,1283,5482,2158,0,2.0,1.946945890134195e-06,2.0,1.9454986751960744e-06,0.0008494248984104447,1.0,0.9997871529139895,0.5004247124492052,0.1599927406811646,0.2766063949921557
ICEWS05-15,4705,5993,172,2838,530,574,0,2.0,0.11339066961611761,1.0,0.12500000000000003,0.0,1.0,0.8300360546139222,0.5,0.16567592081278115,0.23828112075617872
ICEWS05-15,4706,3431,56,430,7943,0,0,5244.5,0.0,0.0,0.0,0.0,0.0,0.0,0.0,0.13079885792039397,0.013540413295886884
ICEWS05-15,4707,2869,172,411,5417,2392,0,5245.0,0.1971195615288934,1.0,0.1971195615288934,0.0,1.0,0.999999999994927,0.5,0.17648417875038347,0.3035589606295922
ICEWS05-15,4708,1401,169,379,9283,0,0,5244.5,0.0,0.0,0.0,0.0,0.0,0.0,0.0,0.13079885792039397,0.013540413295886884
ICEWS05-15,4709,9640,245,656,7131,6462,0,5245.0,0.1303561261244771,2.0,0.11778973424898508,0.09640047038136423,1.0,0.9999999999923287,0.5482002351906821,0.17734054313197736,0.3330678018058705
ICEWS05-15,4710,8615,224,2635,3425,0,0,5244.5,0.0,0.0,0.0,0.0,0.0,0.0,0.0,0.13079885792039397,0.013540413295886884
ICEWS05-15,4711,5867,243,263,1779,0,0,5244.5,0.0,0.0,0.0,0.0,0.0,0.0,0.0,0.13079885792039397,0.013540413295886884
ICEWS05-15,4712,8820,6,2579,1741,1741,1,1.0,7.214604185353269e-16,2.0,3.643020800615024e-16,0.4950491105234984,1.0,0.0007209402886529364,0.7475245552617492,0.15999246887903987,0.15112014754888123
ICEWS05-15,4713,2726,167,3086,4680,4680,1,1.0,3.441570681482742e-09,1.0,3.441570681482742e-09,0.0,1.0,0.9997095193991575,0.5,0.14864756250646,0.2616991756732129
ICEWS05-15,4714,9299,137,3715,5608,0,0,5244.5,0.0,0.0,0.0,0.0,0.0,0.0,0.0,0.13079885792039397,0.013540413295886884
ICEWS05-15,4715,5830,168,593,1785,0,0,5244.5,0.0,0.0,0.0,0.0,0.0,0.0,0.0,0.13079885792039397,0.013540413295886884
ICEWS05-15,4716,1770,6,2792,5316,0,0,5244.5,0.0,0.0,0.0,0.0,0.0,0.0,0.0,0.13079885792039397,0.013540413295886884
ICEWS05-15,4717,6702,56,552,3575,2280,0,5245.5,0.0054041108188906005,1.0,0.005804665191941205,0.0,1.0,0.8708975986133113,0.5,0.14940717541823254,0.22698629522240357
ICEWS05-15,4718,2888,172,1025,1857,1857,1,1.0,0.0014511662979853023,1.0,0.0014511662979853023,0.0,1.0,0.9999999993108991,0.5,0.14883855588813966,0.26207748033408945
ICEWS05-15,4719,9013,175,3783,10392,0,0,5244.5,0.0,0.0,0.0,0.0,0.0,0.0,0.0,0.13079885792039397,0.013540413295886884
ICEWS05-15,4720,1942,218,1104,4684,4684,1,1.0,0.9803906099397734,1.0,0.9803906099397734,0.0,1.0,0.99999999999898,0.5,0.3260339726748778,0.49734590524081324
ICEWS05-15,4721,7422,41,2501,1768,1768,1,1.0,2.2347911278466415e-06,1.0,2.2347911278466415e-06,0.0,1.0,0.999999552531089,0.5,0.1486478560280025,0.2617841780412644
ICEWS05-15,4722,6262,202,1788,1741,1741,1,1.0,2.202605252559644e-07,2.0,2.202605236148956e-07,7.450580596923828e-09,1.0,0.9999954599424532,0.5000000037252903,0.1599924996488106,0.2764135071798709
ICEWS05-15,4723,6262,56,2208,6102,1688,0,5246.5,0.19324951699031906,1.0,0.19325416715837251,0.0,1.0,0.9999518762598492,0.5,0.17590091278873934,0.3026890443409508
ICEWS05-15,4724,6309,235,3535,2810,1269,0,5245.0,4.052570273026706e-13,3.0,1.413577466786345e-13,0.3159255674010578,1.0,0.28838640862771114,0.6579627837005289,0.1684598383102756,0.18119359479535366
ICEWS05-15,4725,6141,188,3431,2039,1076,0,5244.0,1.0,1.0,1.0,0.0,1.0,0.9999999999989999,0.5,0.3305286386634707,0.5024767778727223
ICEWS05-15,4726,3786,59,2648,7168,6213,0,5245.0,1.11766667458733e-21,1.0,1.11766667458733e-21,0.0,1.0,1.1176666733381514e-09,0.5,0.148647562053741,0.07273787590453747
ICEWS05-15,4727,3928,167,512,1216,0,0,5244.5,0.0,0.0,0.0,0.0,0.0,0.0,0.0,0.13079885792039397,0.013540413295886884
ICEWS05-15,4728,3378,172,1606,537,10120,0,3.0,5.638498819654667e-05,1.0,6.103515625000003e-05,0.0,1.0,0.8584107323220069,0.5,0.14865552658307915,0.2226545984619127
ICEWS05-15,4729,4716,172,844,4680,4684,0,3.0,0.29582286545397984,1.0,0.4183716916964515,0.0,1.0,0.5468878617890311,0.5,0.21018733925051053,0.2174604150639379
ICEWS05-15,4730,8378,56,1217,7636,4684,0,5245.0,0.9803906099397734,1.0,0.9803906099397734,0.0,1.0,0.99999999999898,0.5,0.3260339726748778,0.49734590524081324
ICEWS05-15,4731,6957,172,1399,3621,3607,0,2.0,0.563078949800761,1.0,0.5630865404461788,0.0,1.0,0.9999730395132941,0.5,0.23867693378753316,0.38997489033946103
ICEWS05-15,4732,7596,127,1145,2433,2433,1,1.0,0.9803906099397734,1.0,0.9803906099397734,0.0,1.0,0.99999999999898,0.5,0.3260339726748778,0.49734590524081324
ICEWS05-15,4733,7596,172,993,1131,1131,1,1.0,1.2139383574048872,8.0,0.9611657480580811,0.03732971303062338,0.9626702869693766,0.26920069285816434,0.5,0.402303933023106,0.2962109740049348
ICEWS05-15,4734,6415,92,3535,9309,9309,1,1.0,0.9803906099397734,1.0,0.9803906099397734,0.0,1.0,0.99999999999898,0.5,0.3260339726748778,0.49734590524081324
ICEWS05-15,4735,8420,172,1328,10466,10466,1,1.0,0.04552671425698895,2.0,0.0455267139841873,5.992122464881788e-09,1.0,0.9999999999780349,0.5000000029960612,0.16645520148246937,0.2860459526218774
ICEWS05-15,4736,6735,232,38,9368,0,0,5244.5,0.0,0.0,0.0,0.0,0.0,0.0,0.0,0.13079885792039397,0.013540413295886884
ICEWS05-15,4737,6284,245,2724,1745,0,0,5244.5,0.0,0.0,0.0,0.0,0.0,0.0,0.0,0.13079885792039397,0.013540413295886884
ICEWS05-15,4738,7734,172,254,4419,9734,0,5245.0,0.7578582832551991,1.0,0.7578582832551991,0.0,1.0,0.9999999999986805,0.5,0.27738101920473274,0.43941802596027724
ICEWS05-15,4739,3854,56,3902,1726,3629,0,5247.5,0.0851956787707952,1.0,0.4183716916964515,0.0,1.0,0.11336030733208058,0.5,0.2063821577236941,0.12660649496572554
ICEWS05-15,4740,7506,172,90,4098,0,0,5244.5,0.0,0.0,0.0,0.0,0.0,0.0,0.0,0.13079885792039397,0.013540413295886884
ICEWS05-15,4741,5324,133,2693,1285,1285,1,1.0,1.560716057844392e-13,1.0,1.560716057844392e-13,0.0,1.0,0.13500167723480985,0.5,0.14864756205376156,0.08772753473186548
ICEWS05-15,4742,7385,172,704,1226,860,0,5245.0,0.3170664520316462,1.0,0.3170664520316462,0.0,1.0,0.9999999999968462,0.5,0.1953409148332828,0.3307338362394228
ICEWS05-15,4743,9641,243,655,7131,6462,0,3.0,0.8023301104196034,5.0,0.39423912305778674,0.006710360332554899,0.9932896396674451,0.5340075502232711,0.5,0.2582439700007377,0.2436780886891872
ICEWS05-15,4744,6489,186,382,6241,0,0,5244.5,0.0,0.0,0.0,0.0,0.0,0.0,0.0,0.13079885792039397,0.013540413295886884
ICEWS05-15,4745,8042,168,674,6490,3606,0,5245.0,0.0007853994922182513,1.0,0.0007853994922182513,0.0,1.0,0.9999999987267626,0.5,0.1487509065130963,0.26194274481215996
ICEWS05-15,4746,9264,56,1377,9280,0,0,5244.5,0.0,0.0,0.0,0.0,0.0,0.0,0.0,0.13079885792039397,0.013540413295886884
ICEWS05-15,4747,7301,172,3443,7287,0,0,5244.5,0.0,0.0,0.0,0.0,0.0,0.0,0.0,0.13079885792039397,0.013540413295886884
ICEWS05-15,4748,7082,56,1036,4684,7334,0,5245.5,0.042230313888737415,1.0,0.04290063633141579,0.0,1.0,0.9692307692085242,0.5,0.154370170739765,0.26149235530844417
ICEWS05-15,4749,24,172,2517,5119,5119,1,1.0,0.8404979370962549,2.0,0.836743383392903,0.004467058796507106,1.0,0.9999999999988103,0.5022335293982536,0.3125730462755555,0.4800346962166008
ICEWS05-15,4750,1153,167,2481,1677,4853,0,5244.0,1.0,1.0,1.0,0.0,1.0,0.9999999999989999,0.5,0.3305286386634707,0.5024767778727223
ICEWS05-15,4751,10184,125,1706,9469,0,0,5244.5,0.0,0.0,0.0,0.0,0.0,0.0,0.0,0.13079885792039397,0.013540413295886884
ICEWS05-15,4752,10138,59,889,6213,0,0,5244.5,0.0,0.0,0.0,0.0,0.0,0.0,0.0,0.13079885792039397,0.013540413295886884
ICEWS05-15,4753,2186,245,1095,6352,6352,1,1.0,0.1822008085708894,4.0,0.08926792578302195,0.5100574709842505,0.9999999943564275,0.9999999811056237,0.755028732670339,0.19065632665977494,0.4975015999791981
ICEWS05-15,4754,6031,168,2413,1768,0,0,5244.5,0.0,0.0,0.0,0.0,0.0,0.0,0.0,0.13079885792039397,0.013540413295886884
ICEWS05-15,4755,2292,172,2609,5507,7328,0,5245.0,2.876423663419884e-20,1.0,2.876423663419884e-20,0.0,1.0,2.8764235806817554e-08,0.5,0.148647562053741,0.0727378787176997
ICEWS05-15,4756,1365,56,146,63,7654,0,5245.5,0.2068921232544938,1.0,0.6597539553864471,0.0,1.0,0.18595109432678822,0.5,0.24804254034049295,0.1726025871863607
ICEWS05-15,4757,8698,224,1521,7902,0,0,5244.5,0.0,0.0,0.0,0.0,0.0,0.0,0.0,0.13079885792039397,0.013540413295886884
ICEWS05-15,4758,1301,172,2721,8834,7942,0,5245.5,6.135933532955095e-06,1.0,6.135933532955095e-06,0.0,1.0,0.9999998370256405,0.5,0.14864836920259558,0.2617850500464321
ICEWS05-15,4759,6355,243,3791,9548,9548,1,1.0,0.01714301413045328,6.0,0.007812500000000002,0.5442750082020194,0.9999999979710532,0.9999999932839998,0.7721375030865363,0.18733611506984135,0.5048049812381893
ICEWS05-15,4760,5143,243,1724,1768,0,0,5244.5,0.0,0.0,0.0,0.0,0.0,0.0,0.0,0.13079885792039397,0.013540413295886884
ICEWS05-15,4761,396,56,3506,1823,0,0,5244.5,0.0,0.0,0.0,0.0,0.0,0.0,0.0,0.13079885792039397,0.013540413295886884
ICEWS05-15,4762,8488,111,105,3598,0,0,5244.5,0.0,0.0,0.0,0.0,0.0,0.0,0.0,0.13079885792039397,0.013540413295886884
ICEWS05-15,4763,7971,180,2099,3969,3969,1,1.0,2.98023223876953e-08,1.0,2.98023223876953e-08,0.0,1.0,0.9999664466938621,0.5,0.14864756597406653,0.2617740800802585
ICEWS05-15,4764,10474,172,978,3629,1857,0,5245.0,0.00018502399493535113,1.0,0.00018502399493535113,0.0,1.0,0.9999999945952956,0.5,0.1486719025492577,0.2618212802232807
ICEWS05-15,4765,9856,137,1536,10392,9423,0,5245.0,0.0002695531039242707,1.0,0.0002695531039242707,0.0,1.0,0.9999999962901559,0.5,0.14868302371732178,0.26183837980244906
ICEWS05-15,4766,7283,133,2554,1741,7779,0,5245.0,1.4475033259892186e-10,1.0,1.4475033259892186e-10,0.0,1.0,0.9931389521919527,0.5,0.1486475620727821,0.25978843882205765
ICEWS05-15,4767,9690,59,1060,5737,0,0,5244.5,0.0,0.0,0.0,0.0,0.0,0.0,0.0,0.13079885792039397,0.013540413295886884
ICEWS05-15,4768,5399,133,1489,4680,0,0,5244.5,0.0,0.0,0.0,0.0,0.0,0.0,0.0,0.13079885792039397,0.013540413295886884
ICEWS05-15,4769,3593,172,1902,2936,5350,0,5246.5,0.7799093195869193,1.0,0.820335356007638,0.0,1.0,0.9060691225773433,0.5,0.2896721160542903,0.4208667839603687
ICEWS05-15,4770,5730,137,2945,6350,9568,0,5245.0,0.0032685288413785265,1.0,0.0032685288413785265,0.0,1.0,0.999999999694052,0.5,0.14907803181673612,0.26244549878466006
ICEWS05-15,4771,6520,172,207,4684,2440,0,5246.0,0.0710615697745638,1.0,0.43527528164806206,0.0,1.0,0.08888373742515887,0.5,0.20871270852543347,0.12454729224681187
ICEWS05-15,4772,1926,202,587,6326,6326,1,1.0,0.9803906099397734,1.0,0.9803906099397734,0.0,1.0,0.99999999999898,0.5,0.3260339726748778,0.49734590524081324
ICEWS05-15,4773,7844,168,1594,1768,3623,0,5245.5,0.08085155669430441,1.0,0.08085207284143715,0.0,1.0,0.9999872323783519,0.5,0.15960014942810752,0.27845968712133407
ICEWS05-15,4774,1244,180,1615,3102,0,0,5244.5,0.0,0.0,0.0,0.0,0.0,0.0,0.0,0.13079885792039397,0.013540413295886884
ICEWS05-15,4775,9304,172,3944,3944,5942,0,5246.5,0.11394670405021992,1.0,0.13005041040272958,0.0,1.0,0.77963390001709,0.5,0.16633455208625678,0.22568993596613135
ICEWS05-15,4776,2930,243,525,6313,6313,1,1.0,0.9803906099397734,1.0,0.9803906099397734,0.0,1.0,0.99999999999898,0.5,0.3260339726748778,0.49734590524081324
ICEWS05-15,4777,5934,172,1887,3292,2609,0,5248.0,0.007264966781703757,1.0,0.007509107406703757,0.0,1.0,0.9370223616037568,0.5,0.1496346501138284,0.24529486733354128
ICEWS05-15,4778,9791,250,2692,6191,7957,0,5247.5,0.12169984081230897,8.0,0.3364750481580891,0.008435360284195004,0.991564639715805,0.2185013938895088,0.5,0.25040851365997197,0.17006154927483963
ICEWS05-15,4779,2062,180,917,2253,2253,1,1.0,0.043758986603823435,2.0,0.043758718103237663,6.135895883607745e-06,1.0,0.9999999999771476,0.5000030679479418,0.1662003781361549,0.28567008025912377
ICEWS05-15,4780,7968,219,2130,6198,6198,1,1.0,3.1626612643402016e-08,1.0,3.1626612643402016e-08,0.0,1.0,0.9999683820587005,0.5,0.1486475662140415,0.2617746446965156
ICEWS05-15,4781,7968,250,3948,6198,6198,1,1.0,0.9803907222728178,6.0,0.9803906099397734,1.1457987281193738e-07,1.0,0.99999999999898,0.5000000572899364,0.3875823330292448,0.5545971712738629
ICEWS05-15,4782,6594,167,1726,4680,5919,0,2.0,0.03450279730228999,1.0,0.03450279730230665,0.0,1.0,0.9999999999700515,0.5,0.1532436302190047,0.26882229269667945
ICEWS05-15,4783,10447,250,414,2251,0,0,5244.5,0.0,0.0,0.0,0.0,0.0,0.0,0.0,0.13079885792039397,0.013540413295886884
ICEWS05-15,4784,10066,167,522,5186,0,0,5244.5,0.0,0.0,0.0,0.0,0.0,0.0,0.0,0.13079885792039397,0.013540413295886884
ICEWS05-15,4785,3597,113,3782,2942,1785,0,5245.0,7.450580596923824e-09,1.0,7.450580596923824e-09,0.0,1.0,0.999865800283981,0.5,0.14864756303382237,0.2617447336145187
ICEWS05-15,4786,8607,172,2844,9962,1677,0,2.0,0.03876279008228013,10.0,0.03589682359365735,0.25962544888472416,0.9407271217698431,0.6659521324136842,0.6001762853272836,0.20718339105188693,0.2898923338711832
ICEWS05-15,4787,1562,167,1974,537,3917,0,5245.5,1.5582732887345332e-09,1.0,1.5585560042278905e-09,0.0,1.0,0.998996414842815,0.5,0.14864756225875625,0.2614913645742463
ICEWS05-15,4788,6116,172,1813,7190,0,0,5244.5,0.0,0.0,0.0,0.0,0.0,0.0,0.0,0.13079885792039397,0.013540413295886884
ICEWS05-15,4789,6910,243,216,1776,1776,1,1.0,0.9803906099397734,1.0,0.9803906099397734,0.0,1.0,0.99999999999898,0.5,0.3260339726748778,0.49734590524081324
ICEWS05-15,4790,7280,168,3366,3124,1776,0,5245.0,3.9899033708233955e-07,1.0,3.9899033708233955e-07,0.0,1.0,0.9999974936799197,0.5,0.14864761453865094,0.2617832064630599
ICEWS05-15,4791,2401,56,390,5436,0,0,5244.5,0.0,0.0,0.0,0.0,0.0,0.0,0.0,0.13079885792039397,0.013540413295886884
ICEWS05-15,4792,4306,172,2427,3623,3623,1,1.0,1.0518808036787552,7.0,0.6729500963161781,0.36024110910412876,1.0,0.9999999999990492,0.6801205545520643,0.3302838479555729,0.6124301503596081
ICEWS05-15,4793,6514,245,2805,791,6199,0,5245.5,0.01307411536551412,1.0,0.01307411536551412,0.0,1.0,0.999999999923513,0.5,0.1503756119224714,0.2644368784548222
ICEWS05-15,4794,6226,172,3573,4689,4689,1,1.0,0.0004943038858327206,13.0,0.00058354958006369,0.06076980603582349,0.9392301939641765,0.660561550898066,0.5,0.2096073982727706,0.23183247142163468
ICEWS05-15,4795,725,245,3898,7960,1773,0,4.0,1.438064907927177,13.0,0.5858370854182298,0.6550177197042789,0.9171552381958209,0.7343560600908212,0.7860864789500499,0.34851528657898295,0.5914861182303126
ICEWS05-15,4796,8847,172,774,9419,0,0,5244.5,0.0,0.0,0.0,0.0,0.0,0.0,0.0,0.13079885792039397,0.013540413295886884
ICEWS05-15,4797,7521,172,3819,218,5460,0,5247.0,0.0319950134656258,1.0,0.07322963567727875,0.0,1.0,0.27951968636700597,0.5,0.15793856291678612,0.11441757624393387
ICEWS05-15,4798,8143,167,2104,3425,0,0,5244.5,0.0,0.0,0.0,0.0,0.0,0.0,0.0,0.13079885792039397,0.013540413295886884
ICEWS05-15,4799,7497,172,3664,6841,6841,1,1.0,0.7429971445684742,1.0,0.7429971445684742,0.0,1.0,0.9999999999986541,0.5,0.27429539172412587,0.43559028745219736
ICEWS05-15,4800,2142,54,765,9734,9734,1,1.0,0.9423178739918808,1.0,0.9423178739918808,0.0,1.0,0.9999999999989388,0.5,0.3173985466276611,0.48738659091337816
ICEWS05-15,4801,190,172,2882,4320;9221,5964,0,5245.5,1.4901158101030783e-08,1.0,1.4901161193847676e-08,0.0,1.0,0.9999324805703095,0.5,0.14864756401390372,0.26176417451727285
ICEWS05-15,4802,3535,172,466,4680,0,0,5244.5,0.0,0.0,0.0,0.0,0.0,0.0,0.0,0.13079885792039397,0.013540413295886884
ICEWS05-15,4803,467,64,3180,2037,0,0,5244.5,0.0,0.0,0.0,0.0,0.0,0.0,0.0,0.13079885792039397,0.013540413295886884
ICEWS05-15,4804,362,180,2686,2636,0,0,5244.5,0.0,0.0,0.0,0.0,0.0,0.0,0.0,0.13079885792039397,0.013540413295886884
ICEWS05-15,4805,3979,172,3759,6551,7930,0,6.0,0.44451653559264936,8.0,0.4528618321319533,0.00041933858718690153,0.9995806614128131,0.3335951819273054,0.5,0.2783140151353046,0.2155077104035205
ICEWS05-15,4806,5751,59,2411,5510,0,0,5244.5,0.0,0.0,0.0,0.0,0.0,0.0,0.0,0.13079885792039397,0.013540413295886884
ICEWS05-15,4807,9456,41,698,2054,0,0,5244.5,0.0,0.0,0.0,0.0,0.0,0.0,0.0,0.13079885792039397,0.013540413295886884
ICEWS05-15,4808,2397,56,3570,1990,409,0,5245.5,3.4946596700848818e-15,4.0,3.483047130500609e-15,0.0033229393949063546,0.9999999999999999,0.003482489554269181,0.5016614696974531,0.17527085225661476,0.08572486810737968
ICEWS05-15,4809,6265,152,2585,5737,0,0,5244.5,0.0,0.0,0.0,0.0,0.0,0.0,0.0,0.13079885792039397,0.013540413295886884
ICEWS05-15,4810,9536,170,11,4684,0,0,5244.5,0.0,0.0,0.0,0.0,0.0,0.0,0.0,0.13079885792039397,0.013540413295886884
ICEWS05-15,4811,6281,245,3516,1741,1741,1,1.0,4.447046875750749e-20,1.0,4.447046875750749e-20,0.0,1.0,4.447046677988499e-08,0.5,0.148647562053741,0.0727378803158791
ICEWS05-15,4812,2995,172,87,5289,0,0,5244.5,0.0,0.0,0.0,0.0,0.0,0.0,0.0,0.13079885792039397,0.013540413295886884
ICEWS05-15,4813,3407,59,200,213,0,0,5244.5,0.0,0.0,0.0,0.0,0.0,0.0,0.0,0.13079885792039397,0.013540413295886884
ICEWS05-15,4814,5094,172,2727,3377,7524,0,5245.5,0.009769553468128658,1.0,0.014723716781123131,0.0,1.0,0.49647387934600945,0.5,0.1505254003676415,0.1441947080919516
ICEWS05-15,4815,5388,180,3666,3566,0,0,5244.5,0.0,0.0,0.0,0.0,0.0,0.0,0.0,0.13079885792039397,0.013540413295886884
ICEWS05-15,4816,8470,55,1794,9423,0,0,5244.5,0.0,0.0,0.0,0.0,0.0,0.0,0.0,0.13079885792039397,0.013540413295886884
ICEWS05-15,4817,2825,172,3354,3425,9533,0,5245.5,0.043758718103237663,1.0,0.043758718103237663,0.0,1.0,0.9999999999771474,0.5,0.1544962328445329,0.27073069142721823
ICEWS05-15,4818,6097,137,3038,4680,4680,1,1.0,1.9227198784967205,7.0,0.9803906099397734,5.926274125434006e-06,1.0,0.9999999999994799,0.5000029631370627,0.4193099506066839,0.5570373852116847
ICEWS05-15,4819,5087,172,1020,6534,7977,0,5245.0,0.06010219170443751,2.0,0.06007285925363007,0.00048804294777948787,1.0,0.9999999999833616,0.5002440214738897,0.16856411756712317,0.2893159265596202
ICEWS05-15,4820,5109,172,638,5670,3410,0,5245.0,0.009336793281019053,1.0,0.009336793281019053,0.0,1.0,0.9999999998928968,0.5,0.14987995664275727,0.2636767396068315
ICEWS05-15,4821,5183,167,1642,4684,0,0,5244.5,0.0,0.0,0.0,0.0,0.0,0.0,0.0,0.13079885792039397,0.013540413295886884
ICEWS05-15,4822,2169,172,1475,8065,2235,0,5245.0,9.251199746767573e-05,1.0,9.251199746767573e-05,0.0,1.0,0.9999999891905914,0.5,0.14865973189032097,0.2618025655590089
ICEWS05-15,4823,2452,224,501,5324,0,0,5244.5,0.0,0.0,0.0,0.0,0.0,0.0,0.0,0.13079885792039397,0.013540413295886884
ICEWS05-15,4824,9309,56,1031,1677,8648,0,5246.5,0.00458315003973848,1.0,0.00557924536143887,0.0,1.0,0.6970209240707097,0.5,0.14936910998266806,0.18422901776908848
ICEWS05-15,4825,6963,172,2886,3621,8910,0,5245.5,1.2879930127052755e-07,2.0,1.2903678318724365e-07,4.428607902617898e-08,0.999999955713921,0.9963181261315851,0.5,0.15999248690161536,0.2753052452769869
ICEWS05-15,4826,6260,172,835,735,2509,0,5245.0,2.1170687094797567e-07,1.0,2.1170687094797567e-07,0.0,1.0,0.9999952765100536,0.5,0.1486475899025741,0.26178252216268727
ICEWS05-15,4827,10190,56,283,10184,0,0,5244.5,0.0,0.0,0.0,0.0,0.0,0.0,0.0,0.13079885792039397,0.013540413295886884
ICEWS05-15,4828,7541,161,2711,6594,0,0,5244.5,0.0,0.0,0.0,0.0,0.0,0.0,0.0,0.13079885792039397,0.013540413295886884
ICEWS05-15,4829,2499,240,3126,6190,0,0,5244.5,0.0,0.0,0.0,0.0,0.0,0.0,0.0,0.13079885792039397,0.013540413295886884
ICEWS05-15,4830,7626,168,440,1743,1743,1,1.0,0.7429971445684742,1.0,0.7429971445684742,0.0,1.0,0.9999999999986541,0.5,0.27429539172412587,0.43559028745219736
ICEWS05-15,4831,310,172,4001,1677,0,0,5244.5,0.0,0.0,0.0,0.0,0.0,0.0,0.0,0.13079885792039397,0.013540413295886884
ICEWS05-15,4832,2173,41,223,1777,1777,1,1.0,1.1053906099397734,2.0,0.9803906099397734,0.11308219816234055,1.0,0.9999999999990953,0.5565410990811703,0.348527184561854,0.5576928590421415
ICEWS05-15,4833,8935,250,936,2500,0,0,5244.5,0.0,0.0,0.0,0.0,0.0,0.0,0.0,0.13079885792039397,0.013540413295886884
ICEWS05-15,4834,9573,172,3597,5379,0,0,5244.5,0.0,0.0,0.0,0.0,0.0,0.0,0.0,0.13079885792039397,0.013540413295886884
ICEWS05-15,4835,8704,167,2551,1677,1677,1,1.0,1.0119933969279756e-06,2.0,1.012051604588865e-06,2.3869795029440866e-14,0.9999999999999761,0.9998839896576482,0.5,0.15999261025896275,0.27638003633912966
ICEWS05-15,4836,8812,56,3614,8370,0,0,5244.5,0.0,0.0,0.0,0.0,0.0,0.0,0.0,0.13079885792039397,0.013540413295886884
ICEWS05-15,4837,4858,172,38,6213,0,0,5244.5,0.0,0.0,0.0,0.0,0.0,0.0,0.0,0.13079885792039397,0.013540413295886884
ICEWS05-15,4838,5393,168,1640,3926,1939,0,5245.0,3.4734126269674173e-07,1.0,3.4734126269674173e-07,0.0,1.0,0.9999971209953197,0.5,0.14864760774450808,0.26178308735941697
ICEWS05-15,4839,9201,243,1342,9963,0,0,5244.5,0.0,0.0,0.0,0.0,0.0,0.0,0.0,0.13079885792039397,0.013540413295886884
ICEWS05-15,4840,6966,172,1726,9734,0,0,5244.5,0.0,0.0,0.0,0.0,0.0,0.0,0.0,0.13079885792039397,0.013540413295886884
ICEWS05-15,4841,6373,161,2643,1757,1757,1,1.5,0.0,1.0,0.0001402219671627241,0.0,0.0,0.0,0.0,0.1486640640698631,0.015351014487279324
ICEWS05-15,4842,3821,9,221,10294,0,0,5244.5,0.0,0.0,0.0,0.0,0.0,0.0,0.0,0.13079885792039397,0.013540413295886884
ICEWS05-15,4843,778,245,3814,1768,1768,1,1.0,0.9821681231959216,11.0,0.9803906099397734,0.0018097851214762262,1.0,0.9999999999989818,0.5009048925607381,0.4153995436293883,0.5795337963768926
ICEWS05-15,4844,2631,172,446,5611,0,0,5244.5,0.0,0.0,0.0,0.0,0.0,0.0,0.0,0.13079885792039397,0.013540413295886884
ICEWS05-15,4845,3971,168,2627,1783,0,0,5244.5,0.0,0.0,0.0,0.0,0.0,0.0,0.0,0.13079885792039397,0.013540413295886884
ICEWS05-15,4846,4682,224,896,3969,0,0,5244.5,0.0,0.0,0.0,0.0,0.0,0.0,0.0,0.13079885792039397,0.013540413295886884
ICEWS05-15,4847,6607,137,3706,7639,0,0,5244.5,0.0,0.0,0.0,0.0,0.0,0.0,0.0,0.13079885792039397,0.013540413295886884
ICEWS05-15,4848,12,59,3932,9302,9302,1,1.0,0.029378683932465066,1.0,0.02944743356224628,0.0,1.0,0.9953415636546494,0.5,0.15256203356001607,0.2664080143037474
ICEWS05-15,4849,4577,172,2513,338,3124,0,5245.0,5.141317442403234e-10,1.0,5.141317442403234e-10,0.0,1.0,0.9980587490264753,0.5,0.14864756212137215,0.26121827497312716
ICEWS05-15,4850,8661,172,1705,9220,9880,0,5245.0,0.053342474858331296,1.0,0.053342474858331296,0.0,1.0,0.9999999999812532,0.5,0.15580200625177876,0.27271563619704753
ICEWS05-15,4851,3040,180,3944,6568,2950,0,2.0,0.006531275682915329,1.0,0.006537057682757059,0.0,1.0,0.9982325715984683,0.5,0.14950944871099356,0.26259158558280404
ICEWS05-15,4852,10107,137,81,10120,0,0,5244.5,0.0,0.0,0.0,0.0,0.0,0.0,0.0,0.13079885792039397,0.013540413295886884
ICEWS05-15,4853,753,245,3226,1776,9568,0,2.0,0.06397290181794144,2.0,0.11547994940500633,0.0,1.0,0.38310109750998067,0.5,0.1759703281260492,0.14537571321401263
ICEWS05-15,4854,4505,172,583,6340,8370,0,5245.5,0.00030345209152077583,1.0,0.003984381286801561,0.0,1.0,0.03958771039875123,0.5,0.14912127123932792,0.0771708367027679
ICEWS05-15,4855,3432,225,815,5931,0,0,5244.5,0.0,0.0,0.0,0.0,0.0,0.0,0.0,0.13079885792039397,0.013540413295886884
ICEWS05-15,4856,3456,168,1991,7537,3623,0,5245.0,2.6463358868497e-08,1.0,2.6463358868497e-08,0.0,1.0,0.9999622133298233,0.5,0.1486475655348449,0.26177284518862076
ICEWS05-15,4857,5567,172,1375,5402,0,0,5244.5,0.0,0.0,0.0,0.0,0.0,0.0,0.0,0.13079885792039397,0.013540413295886884
ICEWS05-15,4858,3485,111,1325,6539,0,0,5244.5,0.0,0.0,0.0,0.0,0.0,0.0,0.0,0.13079885792039397,0.013540413295886884
ICEWS05-15,4859,8988,172,493,7542,2089,0,5245.0,0.03316290697916791,1.0,0.03316290697916791,0.0,1.0,0.9999999999698459,0.5,0.15306299383356292,0.26854673814227775
ICEWS05-15,4860,9455,41,117,1555,0,0,5244.5,0.0,0.0,0.0,0.0,0.0,0.0,0.0,0.13079885792039397,0.013540413295886884
ICEWS05-15,4861,419,56,1124,3960,5739,0,5246.0,0.013667832119319004,1.0,0.02102969050988057,0.0,1.0,0.48140494788661403,0.5,0.15133158213511644,0.14221971438773653
ICEWS05-15,4862,5721,6,1074,4642,0,0,5244.5,0.0,0.0,0.0,0.0,0.0,0.0,0.0,0.13079885792039397,0.013540413295886884
ICEWS05-15,4863,2965,167,1662,10392,6241,0,5246.5,0.20306124388041194,1.0,0.21336989943332518,0.0,1.0,0.9078261610371957,0.5,0.17878669169024433,0.2784229258333277
ICEWS05-15,4864,8869,19,1292,1782,0,0,5244.5,0.0,0.0,0.0,0.0,0.0,0.0,0.0,0.13079885792039397,0.013540413295886884
ICEWS05-15,4865,7895,167,3446,4680,4680,1,1.0,0.9803831702583101,2.0,0.9803906099397734,1.2767527774792953e-05,0.9999872324722252,0.9999592889917804,0.5,0.34542400977433846,0.5159252933173543
ICEWS05-15,4866,9656,56,454,6834,3969,0,5245.0,0.013602352551501933,1.0,0.013602352551501933,0.0,1.0,0.9999999999264833,0.5,0.15044577708858278,0.26454443044739934
ICEWS05-15,4867,6426,56,3716,1239,2667,0,5245.5,1.8403498523724813e-23,1.0,1.9281313362414962e-23,0.0,1.0,1.8403498523353815e-11,0.5,0.148647562053741,0.07273787579268252
ICEWS05-15,4868,7551,116,1126,1784,6822,0,5245.5,1.5269693340360706e-05,1.0,1.973927559605399e-05,0.0,1.0,0.630748166771133,0.5,0.14865009669110674,0.16885401173241338
ICEWS05-15,4869,3543,168,2847,1136,8208,0,5245.5,0.04374884846543964,1.0,0.043758718103237663,0.0,1.0,0.9995490081445536,0.5,0.15449609159770508,0.2705964090703612
ICEWS05-15,4870,5779,202,179,10190,0,0,5244.5,0.0,0.0,0.0,0.0,0.0,0.0,0.0,0.13079885792039397,0.013540413295886884
ICEWS05-15,4871,5191,64,3408,7537,7537,1,1.0,0.9803906099397734,1.0,0.9803906099397734,0.0,1.0,0.99999999999898,0.5,0.3260339726748778,0.49734590524081324
ICEWS05-15,4872,2893,168,2832,1294,0,0,5244.5,0.0,0.0,0.0,0.0,0.0,0.0,0.0,0.13079885792039397,0.013540413295886884
ICEWS05-15,4873,2820,6,689,1677,0,0,5244.5,0.0,0.0,0.0,0.0,0.0,0.0,0.0,0.13079885792039397,0.013540413295886884
ICEWS05-15,4874,1753,171,2971,3601,0,0,5244.5,0.0,0.0,0.0,0.0,0.0,0.0,0.0,0.13079885792039397,0.013540413295886884
ICEWS05-15,4875,10405,172,3317,1939,8477,0,5245.5,0.13384427049135658,3.0,0.13005041040272958,0.02834533054496391,0.9999999999999998,0.9999999999925278,0.5141726652724818,0.1883166734996159,0.3250039834070644
ICEWS05-15,4876,3763,172,54,9423,4853,0,5244.0,1.0,1.0,1.0,0.0,1.0,0.9999999999989999,0.5,0.3305286386634707,0.5024767778727223
ICEWS05-15,4877,2120,59,1010,4526,0,0,5244.5,0.0,0.0,0.0,0.0,0.0,0.0,0.0,0.13079885792039397,0.013540413295886884
ICEWS05-15,4878,1251,172,1672,6841,6841,1,1.0,0.05026556750196808,1.0,0.05026556750196808,0.0,1.0,0.9999999999801057,0.5,0.155381803954399,0.272077370449505
ICEWS05-15,4879,5855,56,3247,4928,0,0,5244.5,0.0,0.0,0.0,0.0,0.0,0.0,0.0,0.13079885792039397,0.013540413295886884
ICEWS05-15,4880,8774,167,526,5186,5186,1,1.0,0.9803906099397734,1.0,0.9803906099397734,0.0,1.0,0.99999999999898,0.5,0.3260339726748778,0.49734590524081324
ICEWS05-15,4881,4663,167,3584,1677,1269,0,5245.5,3.524168377838296e-06,1.0,3.524168377838331e-06,0.0,1.0,0.9999997162451736,0.5,0.14864802563857954,0.2617844865667423
ICEWS05-15,4882,9830,119,3759,5670,0,0,5244.5,0.0,0.0,0.0,0.0,0.0,0.0,0.0,0.13079885792039397,0.013540413295886884
ICEWS05-15,4883,550,178,3194,10392,10392,1,1.0,0.00312761962756148,2.0,0.0027349198814523544,0.12555866533402693,1.0,0.999999999680268,0.5627793326670134,0.160380692188983,0.3163171537147569
ICEWS05-15,4884,6015,172,2656,6596,9832,0,5246.5,5.196428106411122e-16,1.0,5.203278567284939e-16,0.0,1.0,0.000519372211017808,0.5,0.14864756205374108,0.07279074193456513
ICEWS05-15,4885,184,56,3887,2297,3489,0,5245.0,3.291241514464703e-23,1.0,3.291241514464703e-23,0.0,1.0,3.2912415143563804e-11,0.5,0.148647562053741,0.07273787579415884
ICEWS05-15,4886,1213,172,1460,6588,6460,0,5246.5,0.001379517235386203,1.0,0.004399113597235772,0.0,1.0,0.1859510943018904,0.5,0.1491851749055928,0.09447440260442665
ICEWS05-15,4887,2148,161,3458,4444,0,0,5244.5,0.0,0.0,0.0,0.0,0.0,0.0,0.0,0.13079885792039397,0.013540413295886884
ICEWS05-15,4888,1657,55,2823,1310,0,0,5244.5,0.0,0.0,0.0,0.0,0.0,0.0,0.0,0.13079885792039397,0.013540413295886884
ICEWS05-15,4889,4956,10,1198,1677,0,0,5244.5,0.0,0.0,0.0,0.0,0.0,0.0,0.0,0.13079885792039397,0.013540413295886884
ICEWS05-15,4890,3224,188,984,3160,0,0,5244.5,0.0,0.0,0.0,0.0,0.0,0.0,0.0,0.13079885792039397,0.013540413295886884
ICEWS05-15,4891,1298,202,332,6177,0,0,5244.5,0.0,0.0,0.0,0.0,0.0,0.0,0.0,0.13079885792039397,0.013540413295886884
ICEWS05-15,4892,9178,180,83,10120,0,0,5244.5,0.0,0.0,0.0,0.0,0.0,0.0,0.0,0.13079885792039397,0.013540413295886884
ICEWS05-15,4893,2864,6,1455,6352,6352,1,1.0,0.980390788201672,3.0,0.9803906099397734,1.8182739036642914e-07,1.0,0.99999999999898,0.5000000909136952,0.35950521777169203,0.5291107321031654
ICEWS05-15,4894,7855,167,3701,5186,0,0,5244.5,0.0,0.0,0.0,0.0,0.0,0.0,0.0,0.13079885792039397,0.013540413295886884
ICEWS05-15,4895,9166,172,937,2495,0,0,5244.5,0.0,0.0,0.0,0.0,0.0,0.0,0.0,0.13079885792039397,0.013540413295886884
ICEWS05-15,4896,2920,168,3191,1768,1768,1,1.0,0.0017205848506909567,6.0,0.0011670991601273812,0.32168462388896735,1.0,0.9999999994188022,0.6608423119444837,0.18614104811784477,0.42015326587271656
ICEWS05-15,4897,1701,172,1570,3425,0,0,5244.5,0.0,0.0,0.0,0.0,0.0,0.0,0.0,0.13079885792039397,0.013540413295886884
ICEWS05-15,4898,8993,244,2035,4231,0,0,5244.5,0.0,0.0,0.0,0.0,0.0,0.0,0.0,0.13079885792039397,0.013540413295886884
ICEWS05-15,4899,9612,180,3034,2881,0,0,5244.5,0.0,0.0,0.0,0.0,0.0,0.0,0.0,0.13079885792039397,0.013540413295886884
ICEWS05-15,4900,2811,168,3233,1778,6159,0,5245.0,2.952911444303079e-10,1.0,2.952911444303079e-10,0.0,1.0,0.9966249413160061,0.5,0.14864756209258487,0.26080104392352704
ICEWS05-15,4901,10180,172,1133,6354,6354,1,1.0,0.3403354887916903,2.0,0.836743383392903,0.29910134924787035,0.7008986507521296,0.16623668854726853,0.5,0.3009213757063969,0.2025409313045175
ICEWS05-15,4902,2991,152,2035,9185,0,0,5244.5,0.0,0.0,0.0,0.0,0.0,0.0,0.0,0.13079885792039397,0.013540413295886884
ICEWS05-15,4903,10024,56,278,6522,0,0,5244.5,0.0,0.0,0.0,0.0,0.0,0.0,0.0,0.13079885792039397,0.013540413295886884
ICEWS05-15,4904,1609,56,1327,8068,1677,0,5245.0,1.3041114241849705e-09,1.0,1.3041114241849705e-09,0.0,1.0,0.9992337818967261,0.5,0.14864756222528944,0.26156052545717295
ICEWS05-15,4905,8023,167,3763,6788,2779,0,5244.0,1.0,1.0,1.0,0.0,1.0,0.9999999999989999,0.5,0.3305286386634707,0.5024767778727223
ICEWS05-15,4906,5150,167,1896,5802,3425,0,5245.0,1.6387975205614345e-11,1.0,1.6387975205614345e-11,0.0,1.0,0.9424889909161411,0.5,0.14864756205589677,0.24536601047002515
ICEWS05-15,4907,3885,56,3523,3931,0,0,5244.5,0.0,0.0,0.0,0.0,0.0,0.0,0.0,0.13079885792039397,0.013540413295886884
ICEWS05-15,4908,4009,172,865,1236,0,0,5244.5,0.0,0.0,0.0,0.0,0.0,0.0,0.0,0.13079885792039397,0.013540413295886884
ICEWS05-15,4909,4355,180,2143,10392,0,0,5244.5,0.0,0.0,0.0,0.0,0.0,0.0,0.0,0.13079885792039397,0.013540413295886884
ICEWS05-15,4910,7703,180,53,2839,0,0,5244.5,0.0,0.0,0.0,0.0,0.0,0.0,0.0,0.13079885792039397,0.013540413295886884
ICEWS05-15,4911,5021,64,331,3945,0,0,5244.5,0.0,0.0,0.0,0.0,0.0,0.0,0.0,0.13079885792039397,0.013540413295886884
ICEWS05-15,4912,1902,180,1210,1272,0,0,5244.5,0.0,0.0,0.0,0.0,0.0,0.0,0.0,0.13079885792039397,0.013540413295886884
ICEWS05-15,4913,5023,172,3695,7943,0,0,5244.5,0.0,0.0,0.0,0.0,0.0,0.0,0.0,0.13079885792039397,0.013540413295886884
ICEWS05-15,4914,3416,172,1039,3972,7135,0,5245.5,2.454117705463121e-05,1.0,2.4543734131820383e-05,0.0,1.0,0.9997916119332896,0.5,0.1486507906354105,0.2617280685649184
ICEWS05-15,4915,941,104,3358,9568,9568,1,1.0,0.001422709812005853,1.0,0.001422709812005853,0.0,1.0,0.999999999297116,0.5,0.1488348086698888,0.26207172050060323
ICEWS05-15,4916,6182,168,2756,6143,0,0,5244.5,0.0,0.0,0.0,0.0,0.0,0.0,0.0,0.13079885792039397,0.013540413295886884
ICEWS05-15,4917,2049,180,1981,3124,0,0,5244.5,0.0,0.0,0.0,0.0,0.0,0.0,0.0,0.13079885792039397,0.013540413295886884
ICEWS05-15,4918,5533,6,140,3764,0,0,5244.5,0.0,0.0,0.0,0.0,0.0,0.0,0.0,0.13079885792039397,0.013540413295886884
ICEWS05-15,4919,2052,180,3341,5686,0,0,5244.5,0.0,0.0,0.0,0.0,0.0,0.0,0.0,0.13079885792039397,0.013540413295886884
ICEWS05-15,4920,8570,172,822,6539,0,0,5244.5,0.0,0.0,0.0,0.0,0.0,0.0,0.0,0.13079885792039397,0.013540413295886884
ICEWS05-15,4921,6573,170,2504,1677,0,0,5244.5,0.0,0.0,0.0,0.0,0.0,0.0,0.0,0.13079885792039397,0.013540413295886884
ICEWS05-15,4922,10173,56,3398,7973,860,0,5246.5,0.26436617590763395,3.0,0.2987773849926094,0.4526979023530868,0.5473020976469132,0.31949399727908245,0.5,0.21588882961840164,0.15788499741202044
ICEWS05-15,4923,5659,172,1771,2871,0,0,5244.5,0.0,0.0,0.0,0.0,0.0,0.0,0.0,0.13079885792039397,0.013540413295886884
ICEWS05-15,4924,7470,56,162,2774,0,0,5244.5,0.0,0.0,0.0,0.0,0.0,0.0,0.0,0.13079885792039397,0.013540413295886884
ICEWS05-15,4925,9014,56,3874,403,0,0,5244.5,0.0,0.0,0.0,0.0,0.0,0.0,0.0,0.13079885792039397,0.013540413295886884
ICEWS05-15,4926,2740,172,2615,2075,6213,0,5246.5,1.0116093331517773,7.0,1.0,0.0229135267181928,0.9999999972955275,0.9771242682263664,0.5114567620068602,0.3995857245788626,0.5656280619068254
ICEWS05-15,4927,2969,56,2776,7960,0,0,5244.5,0.0,0.0,0.0,0.0,0.0,0.0,0.0,0.13079885792039397,0.013540413295886884
ICEWS05-15,4928,7234,168,3852,7655,1784,0,5245.5,0.1649384888477532,3.0,0.16493848884661177,6.920242157093526e-12,1.0,0.9999999999939371,0.5000000000034601,0.19385761698092246,0.3236828804400159
ICEWS05-15,4929,6422,168,1145,360,0,0,5244.5,0.0,0.0,0.0,0.0,0.0,0.0,0.0,0.13079885792039397,0.013540413295886884
ICEWS05-15,4930,1302,126,408,4680,0,0,5244.5,0.0,0.0,0.0,0.0,0.0,0.0,0.0,0.13079885792039397,0.013540413295886884
ICEWS05-15,4931,3833,172,701,1008,1008,1,1.0,2.8193347022706658e-05,1.0,2.8193347022706658e-05,0.0,1.0,0.9999999645306404,0.5,0.1486512707658628,0.2617895486670901
ICEWS05-15,4932,7639,95,3433,5945,0,0,5244.5,0.0,0.0,0.0,0.0,0.0,0.0,0.0,0.13079885792039397,0.013540413295886884
ICEWS05-15,4933,1030,243,313,6177,0,0,5244.5,0.0,0.0,0.0,0.0,0.0,0.0,0.0,0.13079885792039397,0.013540413295886884
ICEWS05-15,4934,3650,168,3168,1677,0,0,5244.5,0.0,0.0,0.0,0.0,0.0,0.0,0.0,0.13079885792039397,0.013540413295886884
ICEWS05-15,4935,9665,172,3713,7938,0,0,5244.5,0.0,0.0,0.0,0.0,0.0,0.0,0.0,0.13079885792039397,0.013540413295886884
ICEWS05-15,4936,7069,41,1421,2965,0,0,5244.5,0.0,0.0,0.0,0.0,0.0,0.0,0.0,0.13079885792039397,0.013540413295886884
ICEWS05-15,4937,5451,172,1863,910,1626,0,5245.5,0.0010363408430988383,1.0,0.0010363408430989968,0.0,1.0,0.9999999990347606,0.5,0.14878393838189813,0.2619935242097535
ICEWS05-15,4938,6261,10,3341,1768,0,0,5244.5,0.0,0.0,0.0,0.0,0.0,0.0,0.0,0.13079885792039397,0.013540413295886884
ICEWS05-15,4939,3408,172,3589,6227,0,0,5244.5,0.0,0.0,0.0,0.0,0.0,0.0,0.0,0.13079885792039397,0.013540413295886884
ICEWS05-15,4940,7023,105,2216,10392,0,0,5244.5,0.0,0.0,0.0,0.0,0.0,0.0,0.0,0.13079885792039397,0.013540413295886884
ICEWS05-15,4941,3577,172,1353,4853,4680,0,5248.0,0.1924083482971283,5.0,0.30475341355111885,0.17061086890598476,0.8293891310940152,0.3546840890644721,0.5,0.23056036924662165,0.1813478261743207
ICEWS05-15,4942,6948,172,619,1677,1939,0,5245.0,0.00016429445710844205,1.0,0.00016429445710844205,0.0,1.0,0.9999999939133675,0.5,0.1486691753489434,0.26181708683191984
ICEWS05-15,4943,8971,172,1242,10081,0,0,5244.5,0.0,0.0,0.0,0.0,0.0,0.0,0.0,0.13079885792039397,0.013540413295886884
ICEWS05-15,4944,7388,64,1025,9984,0,0,5244.5,0.0,0.0,0.0,0.0,0.0,0.0,0.0,0.13079885792039397,0.013540413295886884
ICEWS05-15,4945,5020,243,3754,1768,0,0,5244.5,0.0,0.0,0.0,0.0,0.0,0.0,0.0,0.13079885792039397,0.013540413295886884
ICEWS05-15,4946,2625,172,2801,956,5882,0,5246.0,7.72134097727144e-12,1.0,7.721340977393062e-12,0.0,1.0,0.8853387337083322,0.5,0.14864756205475674,0.2297537925254395
ICEWS05-15,4947,8601,172,258,2204,0,0,5244.5,0.0,0.0,0.0,0.0,0.0,0.0,0.0,0.13079885792039397,0.013540413295886884
ICEWS05-15,4948,5418,172,3260,9568,9568,1,1.0,0.8536316691535616,6.0,0.8534795977333005,0.0002080544541880336,0.9999961860963991,0.9999401750489854,0.5001021202752935,0.35677538136001347,0.5216485772511219
ICEWS05-15,4949,7618,137,45,4853,0,0,5244.5,0.0,0.0,0.0,0.0,0.0,0.0,0.0,0.13079885792039397,0.013540413295886884
ICEWS05-15,4950,7535,41,3151,48,4414,0,5245.5,3.580621436454645e-09,1.0,3.58062143645466e-09,0.0,1.0,0.9997207968464084,0.5,0.14864756252475134,0.2617024629962301
ICEWS05-15,4951,10041,172,3919,10367,9537,0,5245.0,0.037347173124076184,1.0,0.037347173124076184,0.0,1.0,0.9999999999732242,0.5,0.15362767147438602,0.2694078438435801
ICEWS05-15,4952,9510,172,2131,7914,2664,0,2.5,1.5591141327033233e-06,6.0,1.5039029047309353e-06,0.03544031558541039,0.9999999999999999,0.9999404883679213,0.5177201577927051,0.18594839408703928,0.3200241425959723
ICEWS05-15,4953,5148,137,793,5802,0,0,5244.5,0.0,0.0,0.0,0.0,0.0,0.0,0.0,0.13079885792039397,0.013540413295886884
ICEWS05-15,4954,2509,137,1670,4689,0,0,5244.5,0.0,0.0,0.0,0.0,0.0,0.0,0.0,0.13079885792039397,0.013540413295886884
ICEWS05-15,4955,1423,172,1377,4853,0,0,5244.5,0.0,0.0,0.0,0.0,0.0,0.0,0.0,0.13079885792039397,0.013540413295886884
ICEWS05-15,4956,8250,91,2387,3591,0,0,5244.5,0.0,0.0,0.0,0.0,0.0,0.0,0.0,0.13079885792039397,0.013540413295886884
ICEWS05-15,4957,7468,172,1875,7809,0,0,5244.5,0.0,0.0,0.0,0.0,0.0,0.0,0.0,0.13079885792039397,0.013540413295886884
ICEWS05-15,4958,5783,64,1263,3778,0,0,5244.5,0.0,0.0,0.0,0.0,0.0,0.0,0.0,0.13079885792039397,0.013540413295886884
ICEWS05-15,4959,4044,149,3953,5486,0,0,5244.5,0.0,0.0,0.0,0.0,0.0,0.0,0.0,0.13079885792039397,0.013540413295886884
ICEWS05-15,4960,3728,172,209,6361,0,0,5244.5,0.0,0.0,0.0,0.0,0.0,0.0,0.0,0.13079885792039397,0.013540413295886884
ICEWS05-15,4961,9828,172,1649,2315,0,0,5244.5,0.0,0.0,0.0,0.0,0.0,0.0,0.0,0.13079885792039397,0.013540413295886884
ICEWS05-15,4962,4469,56,648,6060,0,0,5244.5,0.0,0.0,0.0,0.0,0.0,0.0,0.0,0.13079885792039397,0.013540413295886884
ICEWS05-15,4963,2361,170,3265,4197,0,0,5244.5,0.0,0.0,0.0,0.0,0.0,0.0,0.0,0.13079885792039397,0.013540413295886884
ICEWS05-15,4964,9895,202,1301,1764,0,0,5244.5,0.0,0.0,0.0,0.0,0.0,0.0,0.0,0.13079885792039397,0.013540413295886884
ICEWS05-15,4965,637,172,1214,5186,0,0,5244.5,0.0,0.0,0.0,0.0,0.0,0.0,0.0,0.13079885792039397,0.013540413295886884
ICEWS05-15,4966,2822,56,3917,6597,9047,0,5245.0,2.618447041712391e-06,1.0,2.618447041712391e-06,0.0,1.0,0.9999996180943888,0.5,0.1486479064958384,0.2617842747560579
ICEWS05-15,4967,391,56,3349,2609,403,0,5245.0,0.6597539553864471,1.0,0.6597539553864471,0.0,1.0,0.9999999999984843,0.5,0.2574117381169162,0.4143035560118809
ICEWS05-15,4968,5950,202,714,7947,0,0,5244.5,0.0,0.0,0.0,0.0,0.0,0.0,0.0,0.13079885792039397,0.013540413295886884
ICEWS05-15,4969,8455,111,3749,4680,0,0,5244.5,0.0,0.0,0.0,0.0,0.0,0.0,0.0,0.13079885792039397,0.013540413295886884
ICEWS05-15,4970,5195,167,783,10120,0,0,5244.5,0.0,0.0,0.0,0.0,0.0,0.0,0.0,0.13079885792039397,0.013540413295886884
ICEWS05-15,4971,4384,125,2471,7591,0,0,5244.5,0.0,0.0,0.0,0.0,0.0,0.0,0.0,0.13079885792039397,0.013540413295886884
ICEWS05-15,4972,6074,172,1731,8780,0,0,5244.5,0.0,0.0,0.0,0.0,0.0,0.0,0.0,0.13079885792039397,0.013540413295886884
ICEWS05-15,4973,3393,167,1700,63,0,0,5244.5,0.0,0.0,0.0,0.0,0.0,0.0,0.0,0.13079885792039397,0.013540413295886884
ICEWS05-15,4974,6468,172,2672,4252,0,0,5244.5,0.0,0.0,0.0,0.0,0.0,0.0,0.0,0.13079885792039397,0.013540413295886884
ICEWS05-15,4975,5180,64,3327,3753,0,0,5244.5,0.0,0.0,0.0,0.0,0.0,0.0,0.0,0.13079885792039397,0.013540413295886884
ICEWS05-15,4976,6688,172,990,10045,0,0,5244.5,0.0,0.0,0.0,0.0,0.0,0.0,0.0,0.13079885792039397,0.013540413295886884
ICEWS05-15,4977,7348,168,369,1779,0,0,5244.5,0.0,0.0,0.0,0.0,0.0,0.0,0.0,0.13079885792039397,0.013540413295886884
ICEWS05-15,4978,7988,180,2729,3598,0,0,5244.5,0.0,0.0,0.0,0.0,0.0,0.0,0.0,0.13079885792039397,0.013540413295886884
ICEWS05-15,4979,8216,59,1927,1774,0,0,5244.5,0.0,0.0,0.0,0.0,0.0,0.0,0.0,0.13079885792039397,0.013540413295886884
ICEWS05-15,4980,8504,143,1477,6327,0,0,5244.5,0.0,0.0,0.0,0.0,0.0,0.0,0.0,0.13079885792039397,0.013540413295886884
ICEWS05-15,4981,4069,137,741,1677,4668,0,5245.5,0.0947315907243745,1.0,0.09473228540689989,0.0,1.0,0.9999853338715887,0.5,0.16154483875297063,0.28138731931135386
ICEWS05-15,4982,331,172,2942,9542,5919,0,5248.5,1.619282605391792e-05,5.0,0.20106227000787236,8.052988781448445e-05,0.9999194701121855,4.0266565238114984e-05,0.5,0.210377783936307,0.10619866561310498
ICEWS05-15,4983,8983,6,3561,39,5717,0,5245.5,0.8707212866889378,2.0,0.4439814878222891,0.0,1.0,0.999999999998848,0.5,0.24048296965926746,0.3765406270350823
ICEWS05-15,4984,2619,172,2670,5507,3738,0,3.0,0.4409641064471601,1.0,0.9611657480580811,0.0,1.0,0.29767369629041973,0.5,0.30935131113299114,0.2530838609459384
ICEWS05-15,4985,5840,172,902,9832,6326,0,5245.0,0.24509765248494336,1.0,0.24509765248494336,0.0,1.0,0.9999999999959199,0.5,0.18384960903428504,0.31427845908279656
ICEWS05-15,4986,421,180,163,4853,0,0,5244.5,0.0,0.0,0.0,0.0,0.0,0.0,0.0,0.13079885792039397,0.013540413295886884
ICEWS05-15,4987,3161,59,2728,530,0,0,5244.5,0.0,0.0,0.0,0.0,0.0,0.0,0.0,0.13079885792039397,0.013540413295886884
ICEWS05-15,4988,5063,167,672,5799,0,0,5244.5,0.0,0.0,0.0,0.0,0.0,0.0,0.0,0.13079885792039397,0.013540413295886884
ICEWS05-15,4989,557,172,3040,1096,4046,0,5245.0,0.00012451191521254884,1.0,0.00012451191521254884,0.0,1.0,0.9999999919686402,0.5,0.14866394163055985,0.2618090391322337
ICEWS05-15,4990,7670,172,894,1149,7637,0,5245.0,0.00010839391792536344,1.0,0.00010839391792536344,0.0,1.0,0.9999999907743903,0.5,0.14866182121963128,0.26180577851335346
ICEWS05-15,4991,21,172,409,8421,8421,1,1.0,0.0005608878686508965,1.0,0.0005608878686508965,0.0,1.0,0.9999999982171125,0.5,0.1487213587672853,0.26189731893221346
ICEWS05-15,4992,2129,6,821,3633,0,0,5244.5,0.0,0.0,0.0,0.0,0.0,0.0,0.0,0.13079885792039397,0.013540413295886884
ICEWS05-15,4993,6327,243,3840,338,1269,0,5247.0,2.1160210141780505e-06,2.0,3.2557662877399464e-06,0.0,1.0,0.4814048383816556,0.5,0.15999290691915877,0.14871767758408244
ICEWS05-15,4994,5474,41,244,3959,0,0,5244.5,0.0,0.0,0.0,0.0,0.0,0.0,0.0,0.13079885792039397,0.013540413295886884
ICEWS05-15,4995,7106,56,899,7532,0,0,5244.5,0.0,0.0,0.0,0.0,0.0,0.0,0.0,0.13079885792039397,0.013540413295886884
ICEWS05-15,4996,4319,172,2275,4853,0,0,5244.5,0.0,0.0,0.0,0.0,0.0,0.0,0.0,0.13079885792039397,0.013540413295886884
ICEWS05-15,4997,8643,202,3173,1096,0,0,5244.5,0.0,0.0,0.0,0.0,0.0,0.0,0.0,0.13079885792039397,0.013540413295886884
ICEWS05-15,4998,1383,137,1803,1748,1748,1,1.0,0.0004250952260665719,3.0,0.00042507351723443555,5.1068162626011215e-05,1.0,0.999999997647586,0.500025534081313,0.1685217417031163,0.2872035181476481
ICEWS05-15,4999,5882,168,2723,5393,0,0,5244.5,0.0,0.0,0.0,0.0,0.0,0.0,0.0,0.13079885792039397,0.013540413295886884
